{"type": "FeatureCollection", "features": [{"type": "Feature", "geometry": {"type": "LineString", "coordinates": [[-58.153697211020074, -32.215185975517784], [-58.15364069346249, -32.2151864259572]]}, "properties": {"source": "Unifilar.dxf", "layer": "ELECTRICA ENERSA", "entity": "LINE"}}, {"type": "Feature", "geometry": {"type": "LineString", "coordinates": [[-58.15364069346249, -32.2151864259572], [-58.153523753128795, -32.21520881025798]]}, "properties": {"source": "Unifilar.dxf", "layer": "ELECTRICA ENERSA", "entity": "LINE"}}, {"type": "Feature", "geometry": {"type": "LineString", "coordinates": [[-58.153523753128795, -32.21520881025798], [-58.15337748098031, -32.215221347107864]]}, "properties": {"source": "Unifilar.dxf", "layer": "ELECTRICA ENERSA", "entity": "LINE"}}, {"type": "Feature", "geometry": {"type": "LineString", "coordinates": [[-58.15337748098031, -32.215221347107864], [-58.152921790982475, -32.215339922702725]]}, "properties": {"source": "Unifilar.dxf", "layer": "ELECTRICA ENERSA", "entity": "LINE"}}, {"type": "Feature", "geometry": {"type": "LineString", "coordinates": [[-58.152921790982475, -32.215339922702725], [-58.15278209457896, -32.2153676699722]]}, "properties": {"source": "Unifilar.dxf", "layer": "ELECTRICA ENERSA", "entity": "LINE"}}, {"type": "Feature", "geometry": {"type": "LineString", "coordinates": [[-58.15278209457896, -32.2153676699722], [-58.15268474987296, -32.21542027732563]]}, "properties": {"source": "Unifilar.dxf", "layer": "ELECTRICA ENERSA", "entity": "LINE"}}, {"type": "Feature", "geometry": {"type": "LineString", "coordinates": [[-58.1536798296617, -32.215153137582334], [-58.15363694676499, -32.21515362374503]]}, "properties": {"source": "Unifilar.dxf", "layer": "ELECTRICA ENERSA", "entity": "LINE"}}, {"type": "Feature", "geometry": {"type": "LineString", "coordinates": [[-58.15363694676499, -32.21515362374503], [-58.153518556784725, -32.215177056922]]}, "properties": {"source": "Unifilar.dxf", "layer": "ELECTRICA ENERSA", "entity": "LINE"}}, {"type": "Feature", "geometry": {"type": "LineString", "coordinates": [[-58.153518556784725, -32.215177056922], [-58.153453355174186, -32.21518205031722]]}, "properties": {"source": "Unifilar.dxf", "layer": "ELECTRICA ENERSA", "entity": "LINE"}}, {"type": "Feature", "geometry": {"type": "LineString", "coordinates": [[-58.154076559478646, -32.21819299584048], [-58.154027881583175, -32.21819934207229]]}, "properties": {"source": "Unifilar.dxf", "layer": "ELECTRICA ENERSA", "entity": "LINE"}}, {"type": "Feature", "geometry": {"type": "LineString", "coordinates": [[-58.154027881583175, -32.21819934207229], [-58.15391354010265, -32.21823760254871]]}, "properties": {"source": "Unifilar.dxf", "layer": "ELECTRICA ENERSA", "entity": "LINE"}}, {"type": "Feature", "geometry": {"type": "LineString", "coordinates": [[-58.15391354010265, -32.21823760254871], [-58.15382923702231, -32.21826523828808]]}, "properties": {"source": "Unifilar.dxf", "layer": "ELECTRICA ENERSA", "entity": "LINE"}}, {"type": "Feature", "geometry": {"type": "LineString", "coordinates": [[-58.15420250964047, -32.218210695097554], [-58.154035578115824, -32.21823149704858]]}, "properties": {"source": "Unifilar.dxf", "layer": "ELECTRICA ENERSA", "entity": "LINE"}}, {"type": "Feature", "geometry": {"type": "LineString", "coordinates": [[-58.154035578115824, -32.21823149704858], [-58.153923736142744, -32.218270159657656]]}, "properties": {"source": "Unifilar.dxf", "layer": "ELECTRICA ENERSA", "entity": "LINE"}}, {"type": "Feature", "geometry": {"type": "LineString", "coordinates": [[-58.153923736142744, -32.218270159657656], [-58.15380041837794, -32.21830828397179]]}, "properties": {"source": "Unifilar.dxf", "layer": "ELECTRICA ENERSA", "entity": "LINE"}}, {"type": "Feature", "geometry": {"type": "LineString", "coordinates": [[-58.15380041837794, -32.21830828397179], [-58.153751983919875, -32.21832107867625]]}, "properties": {"source": "Unifilar.dxf", "layer": "ELECTRICA ENERSA", "entity": "LINE"}}, {"type": "Feature", "geometry": {"type": "LineString", "coordinates": [[-58.15382923702231, -32.21826523828808], [-58.153791270040564, -32.21827717632062]]}, "properties": {"source": "Unifilar.dxf", "layer": "ELECTRICA ENERSA", "entity": "LINE"}}, {"type": "Feature", "geometry": {"type": "LineString", "coordinates": [[-58.153791270040564, -32.21827717632062], [-58.15367311723414, -32.21830710812623]]}, "properties": {"source": "Unifilar.dxf", "layer": "ELECTRICA ENERSA", "entity": "LINE"}}, {"type": "Feature", "geometry": {"type": "LineString", "coordinates": [[-58.15367311723414, -32.21830710812623], [-58.15354808354887, -32.2183398026851]]}, "properties": {"source": "Unifilar.dxf", "layer": "ELECTRICA ENERSA", "entity": "LINE"}}, {"type": "Feature", "geometry": {"type": "LineString", "coordinates": [[-58.15354808354887, -32.2183398026851], [-58.15342716446876, -32.218362853045484]]}, "properties": {"source": "Unifilar.dxf", "layer": "ELECTRICA ENERSA", "entity": "LINE"}}, {"type": "Feature", "geometry": {"type": "LineString", "coordinates": [[-58.15342716446876, -32.218362853045484], [-58.1533102246274, -32.218385238027395]]}, "properties": {"source": "Unifilar.dxf", "layer": "ELECTRICA ENERSA", "entity": "LINE"}}, {"type": "Feature", "geometry": {"type": "LineString", "coordinates": [[-58.1533102246274, -32.218385238027395], [-58.15318347600633, -32.21841250419328]]}, "properties": {"source": "Unifilar.dxf", "layer": "ELECTRICA ENERSA", "entity": "LINE"}}, {"type": "Feature", "geometry": {"type": "LineString", "coordinates": [[-58.15318347600633, -32.21841250419328], [-58.15305220966277, -32.218451912702825]]}, "properties": {"source": "Unifilar.dxf", "layer": "ELECTRICA ENERSA", "entity": "LINE"}}, {"type": "Feature", "geometry": {"type": "LineString", "coordinates": [[-58.15305220966277, -32.218451912702825], [-58.152931793538066, -32.218487939642166]]}, "properties": {"source": "Unifilar.dxf", "layer": "ELECTRICA ENERSA", "entity": "LINE"}}, {"type": "Feature", "geometry": {"type": "LineString", "coordinates": [[-58.152931793538066, -32.218487939642166], [-58.15280367325668, -32.218531700611855]]}, "properties": {"source": "Unifilar.dxf", "layer": "ELECTRICA ENERSA", "entity": "LINE"}}, {"type": "Feature", "geometry": {"type": "LineString", "coordinates": [[-58.15280367325668, -32.218531700611855], [-58.152670308176056, -32.21856820846599]]}, "properties": {"source": "Unifilar.dxf", "layer": "ELECTRICA ENERSA", "entity": "LINE"}}, {"type": "Feature", "geometry": {"type": "LineString", "coordinates": [[-58.152670308176056, -32.21856820846599], [-58.1525058558557, -32.21869374652178]]}, "properties": {"source": "Unifilar.dxf", "layer": "ELECTRICA ENERSA", "entity": "LINE"}}, {"type": "Feature", "geometry": {"type": "LineString", "coordinates": [[-58.1525058558557, -32.21869374652178], [-58.15170751011745, -32.218989024597796]]}, "properties": {"source": "Unifilar.dxf", "layer": "ELECTRICA ENERSA", "entity": "LINE"}}, {"type": "Feature", "geometry": {"type": "LineString", "coordinates": [[-58.15170751011745, -32.218989024597796], [-58.1513828791606, -32.219181496168275]]}, "properties": {"source": "Unifilar.dxf", "layer": "ELECTRICA ENERSA", "entity": "LINE"}}, {"type": "Feature", "geometry": {"type": "LineString", "coordinates": [[-58.15268474987296, -32.21542027732563], [-58.15266518797792, -32.215430000495054]]}, "properties": {"source": "Unifilar.dxf", "layer": "ELECTRICA ENERSA", "entity": "LINE"}}, {"type": "Feature", "geometry": {"type": "LineString", "coordinates": [[-58.15266518797792, -32.215430000495054], [-58.152540871585394, -32.21548214010275]]}, "properties": {"source": "Unifilar.dxf", "layer": "ELECTRICA ENERSA", "entity": "LINE"}}, {"type": "Feature", "geometry": {"type": "LineString", "coordinates": [[-58.152540871585394, -32.21548214010275], [-58.15243239436315, -32.21555613235802]]}, "properties": {"source": "Unifilar.dxf", "layer": "ELECTRICA ENERSA", "entity": "LINE"}}, {"type": "Feature", "geometry": {"type": "LineString", "coordinates": [[-58.15243239436315, -32.21555613235802], [-58.152309557209605, -32.21560720377345]]}, "properties": {"source": "Unifilar.dxf", "layer": "ELECTRICA ENERSA", "entity": "LINE"}}, {"type": "Feature", "geometry": {"type": "LineString", "coordinates": [[-58.152309557209605, -32.21560720377345], [-58.152202080562176, -32.21568263910818]]}, "properties": {"source": "Unifilar.dxf", "layer": "ELECTRICA ENERSA", "entity": "LINE"}}, {"type": "Feature", "geometry": {"type": "LineString", "coordinates": [[-58.152202080562176, -32.21568263910818], [-58.152103080725006, -32.21576974440825]]}, "properties": {"source": "Unifilar.dxf", "layer": "ELECTRICA ENERSA", "entity": "LINE"}}, {"type": "Feature", "geometry": {"type": "LineString", "coordinates": [[-58.152103080725006, -32.21576974440825], [-58.15200298526133, -32.21585539133648]]}, "properties": {"source": "Unifilar.dxf", "layer": "ELECTRICA ENERSA", "entity": "LINE"}}, {"type": "Feature", "geometry": {"type": "LineString", "coordinates": [[-58.15200298526133, -32.21585539133648], [-58.1518871261742, -32.215919172490594]]}, "properties": {"source": "Unifilar.dxf", "layer": "ELECTRICA ENERSA", "entity": "LINE"}}, {"type": "Feature", "geometry": {"type": "LineString", "coordinates": [[-58.1518871261742, -32.215919172490594], [-58.1517796981317, -32.21599461624704]]}, "properties": {"source": "Unifilar.dxf", "layer": "ELECTRICA ENERSA", "entity": "LINE"}}, {"type": "Feature", "geometry": {"type": "LineString", "coordinates": [[-58.1517796981317, -32.21599461624704], [-58.151481603674824, -32.216254473283065]]}, "properties": {"source": "Unifilar.dxf", "layer": "ELECTRICA ENERSA", "entity": "LINE"}}, {"type": "Feature", "geometry": {"type": "LineString", "coordinates": [[-58.151481603674824, -32.216254473283065], [-58.15137414653226, -32.216329937036726]]}, "properties": {"source": "Unifilar.dxf", "layer": "ELECTRICA ENERSA", "entity": "LINE"}}, {"type": "Feature", "geometry": {"type": "LineString", "coordinates": [[-58.15137414653226, -32.216329937036726], [-58.151258268432606, -32.216393690453046]]}, "properties": {"source": "Unifilar.dxf", "layer": "ELECTRICA ENERSA", "entity": "LINE"}}, {"type": "Feature", "geometry": {"type": "LineString", "coordinates": [[-58.151258268432606, -32.216393690453046], [-58.151150811290044, -32.2164691542067]]}, "properties": {"source": "Unifilar.dxf", "layer": "ELECTRICA ENERSA", "entity": "LINE"}}, {"type": "Feature", "geometry": {"type": "LineString", "coordinates": [[-58.151150811290044, -32.2164691542067], [-58.15102547481784, -32.216519822316]]}, "properties": {"source": "Unifilar.dxf", "layer": "ELECTRICA ENERSA", "entity": "LINE"}}, {"type": "Feature", "geometry": {"type": "LineString", "coordinates": [[-58.15102547481784, -32.216519822316], [-58.150918046283, -32.21659526539132]]}, "properties": {"source": "Unifilar.dxf", "layer": "ELECTRICA ENERSA", "entity": "LINE"}}, {"type": "Feature", "geometry": {"type": "LineString", "coordinates": [[-58.150918046283, -32.21659526539132], [-58.150819026071034, -32.21668234393828]]}, "properties": {"source": "Unifilar.dxf", "layer": "ELECTRICA ENERSA", "entity": "LINE"}}, {"type": "Feature", "geometry": {"type": "LineString", "coordinates": [[-58.153751983919875, -32.21832107867625], [-58.15368081308565, -32.218339263594864]]}, "properties": {"source": "Unifilar.dxf", "layer": "ELECTRICA ENERSA", "entity": "LINE"}}, {"type": "Feature", "geometry": {"type": "LineString", "coordinates": [[-58.15368081308565, -32.218339263594864], [-58.15355432926147, -32.218373006348784]]}, "properties": {"source": "Unifilar.dxf", "layer": "ELECTRICA ENERSA", "entity": "LINE"}}, {"type": "Feature", "geometry": {"type": "LineString", "coordinates": [[-58.15355432926147, -32.218373006348784], [-58.15343341116604, -32.21839605807144]]}, "properties": {"source": "Unifilar.dxf", "layer": "ELECTRICA ENERSA", "entity": "LINE"}}, {"type": "Feature", "geometry": {"type": "LineString", "coordinates": [[-58.15343341116604, -32.21839605807144], [-58.153316471021135, -32.218418441198736]]}, "properties": {"source": "Unifilar.dxf", "layer": "ELECTRICA ENERSA", "entity": "LINE"}}, {"type": "Feature", "geometry": {"type": "LineString", "coordinates": [[-58.153316471021135, -32.218418441198736], [-58.153191173220115, -32.21844465867723]]}, "properties": {"source": "Unifilar.dxf", "layer": "ELECTRICA ENERSA", "entity": "LINE"}}, {"type": "Feature", "geometry": {"type": "LineString", "coordinates": [[-58.153191173220115, -32.21844465867723], [-58.15306240502172, -32.21848447030411]]}, "properties": {"source": "Unifilar.dxf", "layer": "ELECTRICA ENERSA", "entity": "LINE"}}, {"type": "Feature", "geometry": {"type": "LineString", "coordinates": [[-58.15306240502172, -32.21848447030411], [-58.152942017504735, -32.21852047656511]]}, "properties": {"source": "Unifilar.dxf", "layer": "ELECTRICA ENERSA", "entity": "LINE"}}, {"type": "Feature", "geometry": {"type": "LineString", "coordinates": [[-58.152942017504735, -32.21852047656511], [-58.15281388830929, -32.21856428545859]]}, "properties": {"source": "Unifilar.dxf", "layer": "ELECTRICA ENERSA", "entity": "LINE"}}, {"type": "Feature", "geometry": {"type": "LineString", "coordinates": [[-58.15281388830929, -32.21856428545859], [-58.15268488460287, -32.218597599326756]]}, "properties": {"source": "Unifilar.dxf", "layer": "ELECTRICA ENERSA", "entity": "LINE"}}, {"type": "Feature", "geometry": {"type": "LineString", "coordinates": [[-58.15268488460287, -32.218597599326756], [-58.152517529280146, -32.21872523574201]]}, "properties": {"source": "Unifilar.dxf", "layer": "ELECTRICA ENERSA", "entity": "LINE"}}, {"type": "Feature", "geometry": {"type": "LineString", "coordinates": [[-58.152517529280146, -32.21872523574201], [-58.15172063572421, -32.21901946414595]]}, "properties": {"source": "Unifilar.dxf", "layer": "ELECTRICA ENERSA", "entity": "LINE"}}, {"type": "Feature", "geometry": {"type": "LineString", "coordinates": [[-58.15172063572421, -32.21901946414595], [-58.15140183529301, -32.2192077212732]]}, "properties": {"source": "Unifilar.dxf", "layer": "ELECTRICA ENERSA", "entity": "LINE"}}, {"type": "Feature", "geometry": {"type": "LineString", "coordinates": [[-58.1513828791606, -32.219181496168275], [-58.15138142834056, -32.21918254485567]]}, "properties": {"source": "Unifilar.dxf", "layer": "ELECTRICA ENERSA", "entity": "LINE"}}, {"type": "Feature", "geometry": {"type": "LineString", "coordinates": [[-58.15138142834056, -32.21918254485567], [-58.15117792278171, -32.21923866021834]]}, "properties": {"source": "Unifilar.dxf", "layer": "ELECTRICA ENERSA", "entity": "LINE"}}, {"type": "Feature", "geometry": {"type": "LineString", "coordinates": [[-58.15117792278171, -32.21923866021834], [-58.1508741454493, -32.21926964458816]]}, "properties": {"source": "Unifilar.dxf", "layer": "ELECTRICA ENERSA", "entity": "LINE"}}, {"type": "Feature", "geometry": {"type": "LineString", "coordinates": [[-58.1508741454493, -32.21926964458816], [-58.15060028231024, -32.21919469093644]]}, "properties": {"source": "Unifilar.dxf", "layer": "ELECTRICA ENERSA", "entity": "LINE"}}, {"type": "Feature", "geometry": {"type": "LineString", "coordinates": [[-58.15060028231024, -32.21919469093644], [-58.150473665407674, -32.2191730134253]]}, "properties": {"source": "Unifilar.dxf", "layer": "ELECTRICA ENERSA", "entity": "LINE"}}, {"type": "Feature", "geometry": {"type": "LineString", "coordinates": [[-58.150473665407674, -32.2191730134253], [-58.15035728077695, -32.219143983338114]]}, "properties": {"source": "Unifilar.dxf", "layer": "ELECTRICA ENERSA", "entity": "LINE"}}, {"type": "Feature", "geometry": {"type": "LineString", "coordinates": [[-58.15035728077695, -32.219143983338114], [-58.15025497841515, -32.21909147871489]]}, "properties": {"source": "Unifilar.dxf", "layer": "ELECTRICA ENERSA", "entity": "LINE"}}, {"type": "Feature", "geometry": {"type": "LineString", "coordinates": [[-58.15025497841515, -32.21909147871489], [-58.15015005701417, -32.219023069989426]]}, "properties": {"source": "Unifilar.dxf", "layer": "ELECTRICA ENERSA", "entity": "LINE"}}, {"type": "Feature", "geometry": {"type": "LineString", "coordinates": [[-58.15015005701417, -32.219023069989426], [-58.15002371253252, -32.21896798005968]]}, "properties": {"source": "Unifilar.dxf", "layer": "ELECTRICA ENERSA", "entity": "LINE"}}, {"type": "Feature", "geometry": {"type": "LineString", "coordinates": [[-58.15002371253252, -32.21896798005968], [-58.14990706329372, -32.21893247221098]]}, "properties": {"source": "Unifilar.dxf", "layer": "ELECTRICA ENERSA", "entity": "LINE"}}, {"type": "Feature", "geometry": {"type": "LineString", "coordinates": [[-58.14990706329372, -32.21893247221098], [-58.14978474829928, -32.2188921818429]]}, "properties": {"source": "Unifilar.dxf", "layer": "ELECTRICA ENERSA", "entity": "LINE"}}, {"type": "Feature", "geometry": {"type": "LineString", "coordinates": [[-58.14978474829928, -32.2188921818429], [-58.14966114725482, -32.2188439431996]]}, "properties": {"source": "Unifilar.dxf", "layer": "ELECTRICA ENERSA", "entity": "LINE"}}, {"type": "Feature", "geometry": {"type": "LineString", "coordinates": [[-58.14966114725482, -32.2188439431996], [-58.149527407209476, -32.218818580157844]]}, "properties": {"source": "Unifilar.dxf", "layer": "ELECTRICA ENERSA", "entity": "LINE"}}, {"type": "Feature", "geometry": {"type": "LineString", "coordinates": [[-58.149527407209476, -32.218818580157844], [-58.14940074556097, -32.218821402260026]]}, "properties": {"source": "Unifilar.dxf", "layer": "ELECTRICA ENERSA", "entity": "LINE"}}, {"type": "Feature", "geometry": {"type": "LineString", "coordinates": [[-58.14940074556097, -32.218821402260026], [-58.149269142509034, -32.218838839271406]]}, "properties": {"source": "Unifilar.dxf", "layer": "ELECTRICA ENERSA", "entity": "LINE"}}, {"type": "Feature", "geometry": {"type": "LineString", "coordinates": [[-58.149269142509034, -32.218838839271406], [-58.149140725891286, -32.218860684596095]]}, "properties": {"source": "Unifilar.dxf", "layer": "ELECTRICA ENERSA", "entity": "LINE"}}, {"type": "Feature", "geometry": {"type": "LineString", "coordinates": [[-58.149140725891286, -32.218860684596095], [-58.14902369220672, -32.218907560088475]]}, "properties": {"source": "Unifilar.dxf", "layer": "ELECTRICA ENERSA", "entity": "LINE"}}, {"type": "Feature", "geometry": {"type": "LineString", "coordinates": [[-58.14902369220672, -32.218907560088475], [-58.14891278139366, -32.21895667988662]]}, "properties": {"source": "Unifilar.dxf", "layer": "ELECTRICA ENERSA", "entity": "LINE"}}, {"type": "Feature", "geometry": {"type": "LineString", "coordinates": [[-58.14891278139366, -32.21895667988662], [-58.14880149262445, -32.219023784014794]]}, "properties": {"source": "Unifilar.dxf", "layer": "ELECTRICA ENERSA", "entity": "LINE"}}, {"type": "Feature", "geometry": {"type": "LineString", "coordinates": [[-58.14880149262445, -32.219023784014794], [-58.14870104177844, -32.21911193917573]]}, "properties": {"source": "Unifilar.dxf", "layer": "ELECTRICA ENERSA", "entity": "LINE"}}, {"type": "Feature", "geometry": {"type": "LineString", "coordinates": [[-58.14870104177844, -32.21911193917573], [-58.1486195861136, -32.21920186646383]]}, "properties": {"source": "Unifilar.dxf", "layer": "ELECTRICA ENERSA", "entity": "LINE"}}, {"type": "Feature", "geometry": {"type": "LineString", "coordinates": [[-58.1486195861136, -32.21920186646383], [-58.14854365867982, -32.21930555354025]]}, "properties": {"source": "Unifilar.dxf", "layer": "ELECTRICA ENERSA", "entity": "LINE"}}, {"type": "Feature", "geometry": {"type": "LineString", "coordinates": [[-58.14854365867982, -32.21930555354025], [-58.14847713151478, -32.21940690606805]]}, "properties": {"source": "Unifilar.dxf", "layer": "ELECTRICA ENERSA", "entity": "LINE"}}, {"type": "Feature", "geometry": {"type": "LineString", "coordinates": [[-58.14847713151478, -32.21940690606805], [-58.14841560200236, -32.21950906384584]]}, "properties": {"source": "Unifilar.dxf", "layer": "ELECTRICA ENERSA", "entity": "LINE"}}, {"type": "Feature", "geometry": {"type": "LineString", "coordinates": [[-58.14841560200236, -32.21950906384584], [-58.14836253047646, -32.2196228626777]]}, "properties": {"source": "Unifilar.dxf", "layer": "ELECTRICA ENERSA", "entity": "LINE"}}, {"type": "Feature", "geometry": {"type": "LineString", "coordinates": [[-58.14836253047646, -32.2196228626777], [-58.148302715899824, -32.21973044884847]]}, "properties": {"source": "Unifilar.dxf", "layer": "ELECTRICA ENERSA", "entity": "LINE"}}, {"type": "Feature", "geometry": {"type": "LineString", "coordinates": [[-58.148302715899824, -32.21973044884847], [-58.148266805918475, -32.219849597594724]]}, "properties": {"source": "Unifilar.dxf", "layer": "ELECTRICA ENERSA", "entity": "LINE"}}, {"type": "Feature", "geometry": {"type": "LineString", "coordinates": [[-58.148266805918475, -32.219849597594724], [-58.1482117750347, -32.21995151819867]]}, "properties": {"source": "Unifilar.dxf", "layer": "ELECTRICA ENERSA", "entity": "LINE"}}, {"type": "Feature", "geometry": {"type": "LineString", "coordinates": [[-58.1482117750347, -32.21995151819867], [-58.14815000815963, -32.220047178521284]]}, "properties": {"source": "Unifilar.dxf", "layer": "ELECTRICA ENERSA", "entity": "LINE"}}, {"type": "Feature", "geometry": {"type": "LineString", "coordinates": [[-58.15007448950366, -32.21737138768754], [-58.150029557509804, -32.21741053359576]]}, "properties": {"source": "Unifilar.dxf", "layer": "ELECTRICA ENERSA", "entity": "LINE"}}, {"type": "Feature", "geometry": {"type": "LineString", "coordinates": [[-58.150029557509804, -32.21741053359576], [-58.149921080779905, -32.21748452653216]]}, "properties": {"source": "Unifilar.dxf", "layer": "ELECTRICA ENERSA", "entity": "LINE"}}, {"type": "Feature", "geometry": {"type": "LineString", "coordinates": [[-58.149921080779905, -32.21748452653216], [-58.14972303367412, -32.21765872889937]]}, "properties": {"source": "Unifilar.dxf", "layer": "ELECTRICA ENERSA", "entity": "LINE"}}, {"type": "Feature", "geometry": {"type": "LineString", "coordinates": [[-58.14972303367412, -32.21765872889937], [-58.149615603777, -32.217734172959375]]}, "properties": {"source": "Unifilar.dxf", "layer": "ELECTRICA ENERSA", "entity": "LINE"}}, {"type": "Feature", "geometry": {"type": "LineString", "coordinates": [[-58.149615603777, -32.217734172959375], [-58.14952498706067, -32.217832931947726]]}, "properties": {"source": "Unifilar.dxf", "layer": "ELECTRICA ENERSA", "entity": "LINE"}}, {"type": "Feature", "geometry": {"type": "LineString", "coordinates": [[-58.14952498706067, -32.217832931947726], [-58.14944139497228, -32.21794441057349]]}, "properties": {"source": "Unifilar.dxf", "layer": "ELECTRICA ENERSA", "entity": "LINE"}}, {"type": "Feature", "geometry": {"type": "LineString", "coordinates": [[-58.14944139497228, -32.21794441057349], [-58.149356003207735, -32.21807490221948]]}, "properties": {"source": "Unifilar.dxf", "layer": "ELECTRICA ENERSA", "entity": "LINE"}}, {"type": "Feature", "geometry": {"type": "LineString", "coordinates": [[-58.149356003207735, -32.21807490221948], [-58.14929765231666, -32.21822135849069]]}, "properties": {"source": "Unifilar.dxf", "layer": "ELECTRICA ENERSA", "entity": "LINE"}}, {"type": "Feature", "geometry": {"type": "LineString", "coordinates": [[-58.14929765231666, -32.21822135849069], [-58.1492239417894, -32.21834344917679]]}, "properties": {"source": "Unifilar.dxf", "layer": "ELECTRICA ENERSA", "entity": "LINE"}}, {"type": "Feature", "geometry": {"type": "LineString", "coordinates": [[-58.1492239417894, -32.21834344917679], [-58.14915821020691, -32.21847969453564]]}, "properties": {"source": "Unifilar.dxf", "layer": "ELECTRICA ENERSA", "entity": "LINE"}}, {"type": "Feature", "geometry": {"type": "LineString", "coordinates": [[-58.14915821020691, -32.21847969453564], [-58.149067640429685, -32.21857846107578]]}, "properties": {"source": "Unifilar.dxf", "layer": "ELECTRICA ENERSA", "entity": "LINE"}}, {"type": "Feature", "geometry": {"type": "LineString", "coordinates": [[-58.149067640429685, -32.21857846107578], [-58.14900086015981, -32.21871325561458]]}, "properties": {"source": "Unifilar.dxf", "layer": "ELECTRICA ENERSA", "entity": "LINE"}}, {"type": "Feature", "geometry": {"type": "LineString", "coordinates": [[-58.14900086015981, -32.21871325561458], [-58.14891869164601, -32.21882370524661]]}, "properties": {"source": "Unifilar.dxf", "layer": "ELECTRICA ENERSA", "entity": "LINE"}}, {"type": "Feature", "geometry": {"type": "LineString", "coordinates": [[-58.14891869164601, -32.21882370524661], [-58.1488435101127, -32.218946816693524]]}, "properties": {"source": "Unifilar.dxf", "layer": "ELECTRICA ENERSA", "entity": "LINE"}}, {"type": "Feature", "geometry": {"type": "LineString", "coordinates": [[-58.1488435101127, -32.218946816693524], [-58.14880149262445, -32.219023784014794]]}, "properties": {"source": "Unifilar.dxf", "layer": "ELECTRICA ENERSA", "entity": "LINE"}}, {"type": "Feature", "geometry": {"type": "LineString", "coordinates": [[-58.150771234636956, -32.21933294531981], [-58.15058896317217, -32.21922504400438]]}, "properties": {"source": "Unifilar.dxf", "layer": "ELECTRICA ENERSA", "entity": "LINE"}}, {"type": "Feature", "geometry": {"type": "LineString", "coordinates": [[-58.15058896317217, -32.21922504400438], [-58.150467365962825, -32.21920419936626]]}, "properties": {"source": "Unifilar.dxf", "layer": "ELECTRICA ENERSA", "entity": "LINE"}}, {"type": "Feature", "geometry": {"type": "LineString", "coordinates": [[-58.150467365962825, -32.21920419936626], [-58.15034595507177, -32.21917438470743]]}, "properties": {"source": "Unifilar.dxf", "layer": "ELECTRICA ENERSA", "entity": "LINE"}}, {"type": "Feature", "geometry": {"type": "LineString", "coordinates": [[-58.15034595507177, -32.21917438470743], [-58.15023863350909, -32.21912104789231]]}, "properties": {"source": "Unifilar.dxf", "layer": "ELECTRICA ENERSA", "entity": "LINE"}}, {"type": "Feature", "geometry": {"type": "LineString", "coordinates": [[-58.15023863350909, -32.21912104789231], [-58.150133712108115, -32.219052639166854]]}, "properties": {"source": "Unifilar.dxf", "layer": "ELECTRICA ENERSA", "entity": "LINE"}}, {"type": "Feature", "geometry": {"type": "LineString", "coordinates": [[-58.150133712108115, -32.219052639166854], [-58.15001236664135, -32.218998353502414]]}, "properties": {"source": "Unifilar.dxf", "layer": "ELECTRICA ENERSA", "entity": "LINE"}}, {"type": "Feature", "geometry": {"type": "LineString", "coordinates": [[-58.15001236664135, -32.218998353502414], [-58.14989678627593, -32.218964324400346]]}, "properties": {"source": "Unifilar.dxf", "layer": "ELECTRICA ENERSA", "entity": "LINE"}}, {"type": "Feature", "geometry": {"type": "LineString", "coordinates": [[-58.14989678627593, -32.218964324400346], [-58.14977344983955, -32.218922563518554]]}, "properties": {"source": "Unifilar.dxf", "layer": "ELECTRICA ENERSA", "entity": "LINE"}}, {"type": "Feature", "geometry": {"type": "LineString", "coordinates": [[-58.14977344983955, -32.218922563518554], [-58.14965232105708, -32.218874746701566]]}, "properties": {"source": "Unifilar.dxf", "layer": "ELECTRICA ENERSA", "entity": "LINE"}}, {"type": "Feature", "geometry": {"type": "LineString", "coordinates": [[-58.14965232105708, -32.218874746701566], [-58.14952465595946, -32.21885161905151]]}, "properties": {"source": "Unifilar.dxf", "layer": "ELECTRICA ENERSA", "entity": "LINE"}}, {"type": "Feature", "geometry": {"type": "LineString", "coordinates": [[-58.14952465595946, -32.21885161905151], [-58.14940197188389, -32.21885377490529]]}, "properties": {"source": "Unifilar.dxf", "layer": "ELECTRICA ENERSA", "entity": "LINE"}}, {"type": "Feature", "geometry": {"type": "LineString", "coordinates": [[-58.14940197188389, -32.21885377490529], [-58.149274339345446, -32.218870593288514]]}, "properties": {"source": "Unifilar.dxf", "layer": "ELECTRICA ENERSA", "entity": "LINE"}}, {"type": "Feature", "geometry": {"type": "LineString", "coordinates": [[-58.149274339345446, -32.218870593288514], [-58.14914987392511, -32.21889179039265]]}, "properties": {"source": "Unifilar.dxf", "layer": "ELECTRICA ENERSA", "entity": "LINE"}}, {"type": "Feature", "geometry": {"type": "LineString", "coordinates": [[-58.14914987392511, -32.21889179039265], [-58.149035769618436, -32.21893654949772]]}, "properties": {"source": "Unifilar.dxf", "layer": "ELECTRICA ENERSA", "entity": "LINE"}}, {"type": "Feature", "geometry": {"type": "LineString", "coordinates": [[-58.149035769618436, -32.21893654949772], [-58.14892735782048, -32.21898607074738]]}, "properties": {"source": "Unifilar.dxf", "layer": "ELECTRICA ENERSA", "entity": "LINE"}}, {"type": "Feature", "geometry": {"type": "LineString", "coordinates": [[-58.14892735782048, -32.21898607074738], [-58.1488204492492, -32.21905000980085]]}, "properties": {"source": "Unifilar.dxf", "layer": "ELECTRICA ENERSA", "entity": "LINE"}}, {"type": "Feature", "geometry": {"type": "LineString", "coordinates": [[-58.1488204492492, -32.21905000980085], [-58.148724378978706, -32.21913499754013]]}, "properties": {"source": "Unifilar.dxf", "layer": "ELECTRICA ENERSA", "entity": "LINE"}}, {"type": "Feature", "geometry": {"type": "LineString", "coordinates": [[-58.148724378978706, -32.21913499754013], [-58.14864332593886, -32.21922242600192]]}, "properties": {"source": "Unifilar.dxf", "layer": "ELECTRICA ENERSA", "entity": "LINE"}}, {"type": "Feature", "geometry": {"type": "LineString", "coordinates": [[-58.14864332593886, -32.21922242600192], [-58.14857030014518, -32.21932401570356]]}, "properties": {"source": "Unifilar.dxf", "layer": "ELECTRICA ENERSA", "entity": "LINE"}}, {"type": "Feature", "geometry": {"type": "LineString", "coordinates": [[-58.14857030014518, -32.21932401570356], [-58.14850524968337, -32.21942430083499]]}, "properties": {"source": "Unifilar.dxf", "layer": "ELECTRICA ENERSA", "entity": "LINE"}}, {"type": "Feature", "geometry": {"type": "LineString", "coordinates": [[-58.14850524968337, -32.21942430083499], [-58.148444123173526, -32.21952395743951]]}, "properties": {"source": "Unifilar.dxf", "layer": "ELECTRICA ENERSA", "entity": "LINE"}}, {"type": "Feature", "geometry": {"type": "LineString", "coordinates": [[-58.148444123173526, -32.21952395743951], [-58.148391050285355, -32.21963775725606]]}, "properties": {"source": "Unifilar.dxf", "layer": "ELECTRICA ENERSA", "entity": "LINE"}}, {"type": "Feature", "geometry": {"type": "LineString", "coordinates": [[-58.148391050285355, -32.21963775725606], [-58.148332688383384, -32.21974429443589]]}, "properties": {"source": "Unifilar.dxf", "layer": "ELECTRICA ENERSA", "entity": "LINE"}}, {"type": "Feature", "geometry": {"type": "LineString", "coordinates": [[-58.148332688383384, -32.21974429443589], [-58.148296778402035, -32.21986344318214]]}, "properties": {"source": "Unifilar.dxf", "layer": "ELECTRICA ENERSA", "entity": "LINE"}}, {"type": "Feature", "geometry": {"type": "LineString", "coordinates": [[-58.148296778402035, -32.21986344318214], [-58.14823989271094, -32.219968912284465]]}, "properties": {"source": "Unifilar.dxf", "layer": "ELECTRICA ENERSA", "entity": "LINE"}}, {"type": "Feature", "geometry": {"type": "LineString", "coordinates": [[-58.14823989271094, -32.219968912284465], [-58.14817481636595, -32.22006921612487]]}, "properties": {"source": "Unifilar.dxf", "layer": "ELECTRICA ENERSA", "entity": "LINE"}}, {"type": "Feature", "geometry": {"type": "LineString", "coordinates": [[-58.15140183529301, -32.2192077212732], [-58.15139455394732, -32.219212984403825]]}, "properties": {"source": "Unifilar.dxf", "layer": "ELECTRICA ENERSA", "entity": "LINE"}}, {"type": "Feature", "geometry": {"type": "LineString", "coordinates": [[-58.15139455394732, -32.219212984403825], [-58.15118416917545, -32.21927186338968]]}, "properties": {"source": "Unifilar.dxf", "layer": "ELECTRICA ENERSA", "entity": "LINE"}}, {"type": "Feature", "geometry": {"type": "LineString", "coordinates": [[-58.15118416917545, -32.21927186338968], [-58.15087789233559, -32.219302445626845]]}, "properties": {"source": "Unifilar.dxf", "layer": "ELECTRICA ENERSA", "entity": "LINE"}}, {"type": "Feature", "geometry": {"type": "LineString", "coordinates": [[-58.14805627262657, -32.22014156535583], [-58.14799574075719, -32.22022970647778]]}, "properties": {"source": "Unifilar.dxf", "layer": "ELECTRICA ENERSA", "entity": "LINE"}}, {"type": "Feature", "geometry": {"type": "LineString", "coordinates": [[-58.14799574075719, -32.22022970647778], [-58.14795529731113, -32.220400937033865]]}, "properties": {"source": "Unifilar.dxf", "layer": "ELECTRICA ENERSA", "entity": "LINE"}}, {"type": "Feature", "geometry": {"type": "LineString", "coordinates": [[-58.14795529731113, -32.220400937033865], [-58.14791380703229, -32.22057071646636]]}, "properties": {"source": "Unifilar.dxf", "layer": "ELECTRICA ENERSA", "entity": "LINE"}}, {"type": "Feature", "geometry": {"type": "LineString", "coordinates": [[-58.14791380703229, -32.22057071646636], [-58.147881820210486, -32.220753589061204]]}, "properties": {"source": "Unifilar.dxf", "layer": "ELECTRICA ENERSA", "entity": "LINE"}}, {"type": "Feature", "geometry": {"type": "LineString", "coordinates": [[-58.147881820210486, -32.220753589061204], [-58.14779965305897, -32.22086403770855]]}, "properties": {"source": "Unifilar.dxf", "layer": "ELECTRICA ENERSA", "entity": "LINE"}}, {"type": "Feature", "geometry": {"type": "LineString", "coordinates": [[-58.14779965305897, -32.22086403770855], [-58.1477043797333, -32.2209839172942]]}, "properties": {"source": "Unifilar.dxf", "layer": "ELECTRICA ENERSA", "entity": "LINE"}}, {"type": "Feature", "geometry": {"type": "LineString", "coordinates": [[-58.1477043797333, -32.2209839172942], [-58.14740733396381, -32.22124522515028]]}, "properties": {"source": "Unifilar.dxf", "layer": "ELECTRICA ENERSA", "entity": "LINE"}}, {"type": "Feature", "geometry": {"type": "LineString", "coordinates": [[-58.14740733396381, -32.22124522515028], [-58.147298828133856, -32.221319238083886]]}, "properties": {"source": "Unifilar.dxf", "layer": "ELECTRICA ENERSA", "entity": "LINE"}}, {"type": "Feature", "geometry": {"type": "LineString", "coordinates": [[-58.147298828133856, -32.221319238083886], [-58.14717454084139, -32.22137135769437]]}, "properties": {"source": "Unifilar.dxf", "layer": "ELECTRICA ENERSA", "entity": "LINE"}}, {"type": "Feature", "geometry": {"type": "LineString", "coordinates": [[-58.14717454084139, -32.22137135769437], [-58.147092156326835, -32.22137097305982]]}, "properties": {"source": "Unifilar.dxf", "layer": "ELECTRICA ENERSA", "entity": "LINE"}}, {"type": "Feature", "geometry": {"type": "LineString", "coordinates": [[-58.14536804193673, -32.22198486406277], [-58.1453985100926, -32.221971717777656]]}, "properties": {"source": "Unifilar.dxf", "layer": "ELECTRICA ENERSA", "entity": "LINE"}}, {"type": "Feature", "geometry": {"type": "LineString", "coordinates": [[-58.1453985100926, -32.221971717777656], [-58.14550861577041, -32.221927598660216]]}, "properties": {"source": "Unifilar.dxf", "layer": "ELECTRICA ENERSA", "entity": "LINE"}}, {"type": "Feature", "geometry": {"type": "LineString", "coordinates": [[-58.14550861577041, -32.221927598660216], [-58.145610076255046, -32.22186534729709]]}, "properties": {"source": "Unifilar.dxf", "layer": "ELECTRICA ENERSA", "entity": "LINE"}}, {"type": "Feature", "geometry": {"type": "LineString", "coordinates": [[-58.145610076255046, -32.22186534729709], [-58.14568583842647, -32.221770656502144]]}, "properties": {"source": "Unifilar.dxf", "layer": "ELECTRICA ENERSA", "entity": "LINE"}}, {"type": "Feature", "geometry": {"type": "LineString", "coordinates": [[-58.14568583842647, -32.221770656502144], [-58.14578689677846, -32.22171090464646]]}, "properties": {"source": "Unifilar.dxf", "layer": "ELECTRICA ENERSA", "entity": "LINE"}}, {"type": "Feature", "geometry": {"type": "LineString", "coordinates": [[-58.14578689677846, -32.22171090464646], [-58.145886232150524, -32.22164577065576]]}, "properties": {"source": "Unifilar.dxf", "layer": "ELECTRICA ENERSA", "entity": "LINE"}}, {"type": "Feature", "geometry": {"type": "LineString", "coordinates": [[-58.145886232150524, -32.22164577065576], [-58.145993220373875, -32.221597278399834]]}, "properties": {"source": "Unifilar.dxf", "layer": "ELECTRICA ENERSA", "entity": "LINE"}}, {"type": "Feature", "geometry": {"type": "LineString", "coordinates": [[-58.145993220373875, -32.221597278399834], [-58.1461030816296, -32.221546709447466]]}, "properties": {"source": "Unifilar.dxf", "layer": "ELECTRICA ENERSA", "entity": "LINE"}}, {"type": "Feature", "geometry": {"type": "LineString", "coordinates": [[-58.1461030816296, -32.221546709447466], [-58.14620942329822, -32.221494266864056]]}, "properties": {"source": "Unifilar.dxf", "layer": "ELECTRICA ENERSA", "entity": "LINE"}}, {"type": "Feature", "geometry": {"type": "LineString", "coordinates": [[-58.14620942329822, -32.221494266864056], [-58.14631971529432, -32.2214411777259]]}, "properties": {"source": "Unifilar.dxf", "layer": "ELECTRICA ENERSA", "entity": "LINE"}}, {"type": "Feature", "geometry": {"type": "LineString", "coordinates": [[-58.14631971529432, -32.2214411777259], [-58.14642431428935, -32.22138332576203]]}, "properties": {"source": "Unifilar.dxf", "layer": "ELECTRICA ENERSA", "entity": "LINE"}}, {"type": "Feature", "geometry": {"type": "LineString", "coordinates": [[-58.14642431428935, -32.22138332576203], [-58.1465384982481, -32.221354013454494]]}, "properties": {"source": "Unifilar.dxf", "layer": "ELECTRICA ENERSA", "entity": "LINE"}}, {"type": "Feature", "geometry": {"type": "LineString", "coordinates": [[-58.1465384982481, -32.221354013454494], [-58.14665506832718, -32.22137407518679]]}, "properties": {"source": "Unifilar.dxf", "layer": "ELECTRICA ENERSA", "entity": "LINE"}}, {"type": "Feature", "geometry": {"type": "LineString", "coordinates": [[-58.14665506832718, -32.22137407518679], [-58.146748526312, -32.22137749879721]]}, "properties": {"source": "Unifilar.dxf", "layer": "ELECTRICA ENERSA", "entity": "LINE"}}, {"type": "Feature", "geometry": {"type": "LineString", "coordinates": [[-58.146860381339394, -32.22137875380249], [-58.14689130267227, -32.22137857548582]]}, "properties": {"source": "Unifilar.dxf", "layer": "ELECTRICA ENERSA", "entity": "LINE"}}, {"type": "Feature", "geometry": {"type": "LineString", "coordinates": [[-58.14689130267227, -32.22137857548582], [-58.1470125561138, -32.22137749624602]]}, "properties": {"source": "Unifilar.dxf", "layer": "ELECTRICA ENERSA", "entity": "LINE"}}, {"type": "Feature", "geometry": {"type": "LineString", "coordinates": [[-58.1470125561138, -32.22137749624602], [-58.147092156326835, -32.22137097305982]]}, "properties": {"source": "Unifilar.dxf", "layer": "ELECTRICA ENERSA", "entity": "LINE"}}, {"type": "Feature", "geometry": {"type": "LineString", "coordinates": [[-58.14223103857578, -32.2232072421961], [-58.142266492011096, -32.223154983054286]]}, "properties": {"source": "Unifilar.dxf", "layer": "ELECTRICA ENERSA", "entity": "LINE"}}, {"type": "Feature", "geometry": {"type": "LineString", "coordinates": [[-58.142266492011096, -32.223154983054286], [-58.14234580487646, -32.22298228930498]]}, "properties": {"source": "Unifilar.dxf", "layer": "ELECTRICA ENERSA", "entity": "LINE"}}, {"type": "Feature", "geometry": {"type": "LineString", "coordinates": [[-58.14234580487646, -32.22298228930498], [-58.1424615539479, -32.22278325755837]]}, "properties": {"source": "Unifilar.dxf", "layer": "ELECTRICA ENERSA", "entity": "LINE"}}, {"type": "Feature", "geometry": {"type": "LineString", "coordinates": [[-58.1424615539479, -32.22278325755837], [-58.142524460173334, -32.22274441394473]]}, "properties": {"source": "Unifilar.dxf", "layer": "ELECTRICA ENERSA", "entity": "LINE"}}, {"type": "Feature", "geometry": {"type": "LineString", "coordinates": [[-58.142524460173334, -32.22274441394473], [-58.14262244320115, -32.22269580435024]]}, "properties": {"source": "Unifilar.dxf", "layer": "ELECTRICA ENERSA", "entity": "LINE"}}, {"type": "Feature", "geometry": {"type": "LineString", "coordinates": [[-58.14262244320115, -32.22269580435024], [-58.142851760721356, -32.22258331327123]]}, "properties": {"source": "Unifilar.dxf", "layer": "ELECTRICA ENERSA", "entity": "LINE"}}, {"type": "Feature", "geometry": {"type": "LineString", "coordinates": [[-58.142851760721356, -32.22258331327123], [-58.14295531808844, -32.222523962867065]]}, "properties": {"source": "Unifilar.dxf", "layer": "ELECTRICA ENERSA", "entity": "LINE"}}, {"type": "Feature", "geometry": {"type": "LineString", "coordinates": [[-58.14295531808844, -32.222523962867065], [-58.143060109591275, -32.222457094928046]]}, "properties": {"source": "Unifilar.dxf", "layer": "ELECTRICA ENERSA", "entity": "LINE"}}, {"type": "Feature", "geometry": {"type": "LineString", "coordinates": [[-58.143060109591275, -32.222457094928046], [-58.14324359595038, -32.22241324212191]]}, "properties": {"source": "Unifilar.dxf", "layer": "ELECTRICA ENERSA", "entity": "LINE"}}, {"type": "Feature", "geometry": {"type": "LineString", "coordinates": [[-58.14324359595038, -32.22241324212191], [-58.14334573505659, -32.22239488643842]]}, "properties": {"source": "Unifilar.dxf", "layer": "ELECTRICA ENERSA", "entity": "LINE"}}, {"type": "Feature", "geometry": {"type": "LineString", "coordinates": [[-58.14334573505659, -32.22239488643842], [-58.14346080157045, -32.22237602289824]]}, "properties": {"source": "Unifilar.dxf", "layer": "ELECTRICA ENERSA", "entity": "LINE"}}, {"type": "Feature", "geometry": {"type": "LineString", "coordinates": [[-58.14346080157045, -32.22237602289824], [-58.143577742092944, -32.222353637423986]]}, "properties": {"source": "Unifilar.dxf", "layer": "ELECTRICA ENERSA", "entity": "LINE"}}, {"type": "Feature", "geometry": {"type": "LineString", "coordinates": [[-58.143577742092944, -32.222353637423986], [-58.14369728059867, -32.222347129791196]]}, "properties": {"source": "Unifilar.dxf", "layer": "ELECTRICA ENERSA", "entity": "LINE"}}, {"type": "Feature", "geometry": {"type": "LineString", "coordinates": [[-58.14369728059867, -32.222347129791196], [-58.143818111721544, -32.22234852213225]]}, "properties": {"source": "Unifilar.dxf", "layer": "ELECTRICA ENERSA", "entity": "LINE"}}, {"type": "Feature", "geometry": {"type": "LineString", "coordinates": [[-58.143818111721544, -32.22234852213225], [-58.14393667982968, -32.22235601146165]]}, "properties": {"source": "Unifilar.dxf", "layer": "ELECTRICA ENERSA", "entity": "LINE"}}, {"type": "Feature", "geometry": {"type": "LineString", "coordinates": [[-58.14393667982968, -32.22235601146165], [-58.1440444316404, -32.22240682740984]]}, "properties": {"source": "Unifilar.dxf", "layer": "ELECTRICA ENERSA", "entity": "LINE"}}, {"type": "Feature", "geometry": {"type": "LineString", "coordinates": [[-58.1440444316404, -32.22240682740984], [-58.14416550061825, -32.22241471788721]]}, "properties": {"source": "Unifilar.dxf", "layer": "ELECTRICA ENERSA", "entity": "LINE"}}, {"type": "Feature", "geometry": {"type": "LineString", "coordinates": [[-58.14416550061825, -32.22241471788721], [-58.14427329310691, -32.2223612266164]]}, "properties": {"source": "Unifilar.dxf", "layer": "ELECTRICA ENERSA", "entity": "LINE"}}, {"type": "Feature", "geometry": {"type": "LineString", "coordinates": [[-58.14427329310691, -32.2223612266164], [-58.14437805687196, -32.22229437768991]]}, "properties": {"source": "Unifilar.dxf", "layer": "ELECTRICA ENERSA", "entity": "LINE"}}, {"type": "Feature", "geometry": {"type": "LineString", "coordinates": [[-58.14437805687196, -32.22229437768991], [-58.14448244624214, -32.22223000925834]]}, "properties": {"source": "Unifilar.dxf", "layer": "ELECTRICA ENERSA", "entity": "LINE"}}, {"type": "Feature", "geometry": {"type": "LineString", "coordinates": [[-58.14448244624214, -32.22223000925834], [-58.14459688589491, -32.222207222636115]]}, "properties": {"source": "Unifilar.dxf", "layer": "ELECTRICA ENERSA", "entity": "LINE"}}, {"type": "Feature", "geometry": {"type": "LineString", "coordinates": [[-58.14459688589491, -32.222207222636115], [-58.14471697297193, -32.22218919030314]]}, "properties": {"source": "Unifilar.dxf", "layer": "ELECTRICA ENERSA", "entity": "LINE"}}, {"type": "Feature", "geometry": {"type": "LineString", "coordinates": [[-58.14471697297193, -32.22218919030314], [-58.14483684101769, -32.222164688745124]]}, "properties": {"source": "Unifilar.dxf", "layer": "ELECTRICA ENERSA", "entity": "LINE"}}, {"type": "Feature", "geometry": {"type": "LineString", "coordinates": [[-58.14483684101769, -32.222164688745124], [-58.144947350190435, -32.22211806913556]]}, "properties": {"source": "Unifilar.dxf", "layer": "ELECTRICA ENERSA", "entity": "LINE"}}, {"type": "Feature", "geometry": {"type": "LineString", "coordinates": [[-58.144947350190435, -32.22211806913556], [-58.145063887218, -32.22209818415343]]}, "properties": {"source": "Unifilar.dxf", "layer": "ELECTRICA ENERSA", "entity": "LINE"}}, {"type": "Feature", "geometry": {"type": "LineString", "coordinates": [[-58.145063887218, -32.22209818415343], [-58.14518059087019, -32.22206930190514]]}, "properties": {"source": "Unifilar.dxf", "layer": "ELECTRICA ENERSA", "entity": "LINE"}}, {"type": "Feature", "geometry": {"type": "LineString", "coordinates": [[-58.14518059087019, -32.22206930190514], [-58.145286503160705, -32.22201937852282]]}, "properties": {"source": "Unifilar.dxf", "layer": "ELECTRICA ENERSA", "entity": "LINE"}}, {"type": "Feature", "geometry": {"type": "LineString", "coordinates": [[-58.145286503160705, -32.22201937852282], [-58.14536804193673, -32.22198486406277]]}, "properties": {"source": "Unifilar.dxf", "layer": "ELECTRICA ENERSA", "entity": "LINE"}}, {"type": "Feature", "geometry": {"type": "LineString", "coordinates": [[-58.15077468269064, -32.2405893621497], [-58.15079743838287, -32.24058400152796]]}, "properties": {"source": "Unifilar.dxf", "layer": "ELECTRICA ENERSA", "entity": "LINE"}}, {"type": "Feature", "geometry": {"type": "LineString", "coordinates": [[-58.15079743838287, -32.24058400152796], [-58.150916494611536, -32.240564545923924]]}, "properties": {"source": "Unifilar.dxf", "layer": "ELECTRICA ENERSA", "entity": "LINE"}}, {"type": "Feature", "geometry": {"type": "LineString", "coordinates": [[-58.150916494611536, -32.240564545923924], [-58.15104372687194, -32.240550226744595]]}, "properties": {"source": "Unifilar.dxf", "layer": "ELECTRICA ENERSA", "entity": "LINE"}}, {"type": "Feature", "geometry": {"type": "LineString", "coordinates": [[-58.15104372687194, -32.240550226744595], [-58.15117098945931, -32.24057585624905]]}, "properties": {"source": "Unifilar.dxf", "layer": "ELECTRICA ENERSA", "entity": "LINE"}}, {"type": "Feature", "geometry": {"type": "LineString", "coordinates": [[-58.15117098945931, -32.24057585624905], [-58.15129027523779, -32.24060278828031]]}, "properties": {"source": "Unifilar.dxf", "layer": "ELECTRICA ENERSA", "entity": "LINE"}}, {"type": "Feature", "geometry": {"type": "LineString", "coordinates": [[-58.15129027523779, -32.24060278828031], [-58.1514018924102, -32.240597545149285]]}, "properties": {"source": "Unifilar.dxf", "layer": "ELECTRICA ENERSA", "entity": "LINE"}}, {"type": "Feature", "geometry": {"type": "LineString", "coordinates": [[-58.1514018924102, -32.240597545149285], [-58.15151711898158, -32.24056973264432]]}, "properties": {"source": "Unifilar.dxf", "layer": "ELECTRICA ENERSA", "entity": "LINE"}}, {"type": "Feature", "geometry": {"type": "LineString", "coordinates": [[-58.15151711898158, -32.24056973264432], [-58.15164249458006, -32.24055896226692]]}, "properties": {"source": "Unifilar.dxf", "layer": "ELECTRICA ENERSA", "entity": "LINE"}}, {"type": "Feature", "geometry": {"type": "LineString", "coordinates": [[-58.15164249458006, -32.24055896226692], [-58.151768267106355, -32.240545739698774]]}, "properties": {"source": "Unifilar.dxf", "layer": "ELECTRICA ENERSA", "entity": "LINE"}}, {"type": "Feature", "geometry": {"type": "LineString", "coordinates": [[-58.151768267106355, -32.240545739698774], [-58.15189248066936, -32.24055798059287]]}, "properties": {"source": "Unifilar.dxf", "layer": "ELECTRICA ENERSA", "entity": "LINE"}}, {"type": "Feature", "geometry": {"type": "LineString", "coordinates": [[-58.15189248066936, -32.24055798059287], [-58.152016195061904, -32.240581757144625]]}, "properties": {"source": "Unifilar.dxf", "layer": "ELECTRICA ENERSA", "entity": "LINE"}}, {"type": "Feature", "geometry": {"type": "LineString", "coordinates": [[-58.152016195061904, -32.240581757144625], [-58.152127593543256, -32.24064990175434]]}, "properties": {"source": "Unifilar.dxf", "layer": "ELECTRICA ENERSA", "entity": "LINE"}}, {"type": "Feature", "geometry": {"type": "LineString", "coordinates": [[-58.152127593543256, -32.24064990175434], [-58.152214170800626, -32.240735946257274]]}, "properties": {"source": "Unifilar.dxf", "layer": "ELECTRICA ENERSA", "entity": "LINE"}}, {"type": "Feature", "geometry": {"type": "LineString", "coordinates": [[-58.152214170800626, -32.240735946257274], [-58.15230093301402, -32.24081302172418]]}, "properties": {"source": "Unifilar.dxf", "layer": "ELECTRICA ENERSA", "entity": "LINE"}}, {"type": "Feature", "geometry": {"type": "LineString", "coordinates": [[-58.15230093301402, -32.24081302172418], [-58.152403900639534, -32.24086950255807]]}, "properties": {"source": "Unifilar.dxf", "layer": "ELECTRICA ENERSA", "entity": "LINE"}}, {"type": "Feature", "geometry": {"type": "LineString", "coordinates": [[-58.152403900639534, -32.24086950255807], [-58.15250874386547, -32.24092246652939]]}, "properties": {"source": "Unifilar.dxf", "layer": "ELECTRICA ENERSA", "entity": "LINE"}}, {"type": "Feature", "geometry": {"type": "LineString", "coordinates": [[-58.15250874386547, -32.24092246652939], [-58.1526207755437, -32.24095464199762]]}, "properties": {"source": "Unifilar.dxf", "layer": "ELECTRICA ENERSA", "entity": "LINE"}}, {"type": "Feature", "geometry": {"type": "LineString", "coordinates": [[-58.1526207755437, -32.24095464199762], [-58.15273601350358, -32.240966746237085]]}, "properties": {"source": "Unifilar.dxf", "layer": "ELECTRICA ENERSA", "entity": "LINE"}}, {"type": "Feature", "geometry": {"type": "LineString", "coordinates": [[-58.15273601350358, -32.240966746237085], [-58.15281577848662, -32.24095122608827]]}, "properties": {"source": "Unifilar.dxf", "layer": "ELECTRICA ENERSA", "entity": "LINE"}}, {"type": "Feature", "geometry": {"type": "LineString", "coordinates": [[-58.15281577848662, -32.24095122608827], [-58.153017382485444, -32.241003015425505]]}, "properties": {"source": "Unifilar.dxf", "layer": "ELECTRICA ENERSA", "entity": "LINE"}}, {"type": "Feature", "geometry": {"type": "LineString", "coordinates": [[-58.153017382485444, -32.241003015425505], [-58.15321109987067, -32.24099165192207]]}, "properties": {"source": "Unifilar.dxf", "layer": "ELECTRICA ENERSA", "entity": "LINE"}}, {"type": "Feature", "geometry": {"type": "LineString", "coordinates": [[-58.15321109987067, -32.24099165192207], [-58.15334078416803, -32.24100223645809]]}, "properties": {"source": "Unifilar.dxf", "layer": "ELECTRICA ENERSA", "entity": "LINE"}}, {"type": "Feature", "geometry": {"type": "LineString", "coordinates": [[-58.15334078416803, -32.24100223645809], [-58.15344808705913, -32.24097568807729]]}, "properties": {"source": "Unifilar.dxf", "layer": "ELECTRICA ENERSA", "entity": "LINE"}}, {"type": "Feature", "geometry": {"type": "LineString", "coordinates": [[-58.15344808705913, -32.24097568807729], [-58.15355926248027, -32.24093304604067]]}, "properties": {"source": "Unifilar.dxf", "layer": "ELECTRICA ENERSA", "entity": "LINE"}}, {"type": "Feature", "geometry": {"type": "LineString", "coordinates": [[-58.15355926248027, -32.24093304604067], [-58.15366979134667, -32.240886453676545]]}, "properties": {"source": "Unifilar.dxf", "layer": "ELECTRICA ENERSA", "entity": "LINE"}}, {"type": "Feature", "geometry": {"type": "LineString", "coordinates": [[-58.15366979134667, -32.240886453676545], [-58.15377901496172, -32.2408318864729]]}, "properties": {"source": "Unifilar.dxf", "layer": "ELECTRICA ENERSA", "entity": "LINE"}}, {"type": "Feature", "geometry": {"type": "LineString", "coordinates": [[-58.15377901496172, -32.2408318864729], [-58.15388218988981, -32.240775062821626]]}, "properties": {"source": "Unifilar.dxf", "layer": "ELECTRICA ENERSA", "entity": "LINE"}}, {"type": "Feature", "geometry": {"type": "LineString", "coordinates": [[-58.15388218988981, -32.240775062821626], [-58.15399248287059, -32.240721975045744]]}, "properties": {"source": "Unifilar.dxf", "layer": "ELECTRICA ENERSA", "entity": "LINE"}}, {"type": "Feature", "geometry": {"type": "LineString", "coordinates": [[-58.15399248287059, -32.240721975045744], [-58.15409101163039, -32.240661839692336]]}, "properties": {"source": "Unifilar.dxf", "layer": "ELECTRICA ENERSA", "entity": "LINE"}}, {"type": "Feature", "geometry": {"type": "LineString", "coordinates": [[-58.15409101163039, -32.240661839692336], [-58.15420080301804, -32.24059577435281]]}, "properties": {"source": "Unifilar.dxf", "layer": "ELECTRICA ENERSA", "entity": "LINE"}}, {"type": "Feature", "geometry": {"type": "LineString", "coordinates": [[-58.15420080301804, -32.24059577435281], [-58.15430606837622, -32.24054190298997]]}, "properties": {"source": "Unifilar.dxf", "layer": "ELECTRICA ENERSA", "entity": "LINE"}}, {"type": "Feature", "geometry": {"type": "LineString", "coordinates": [[-58.15430606837622, -32.24054190298997], [-58.154407997287734, -32.240452679447976]]}, "properties": {"source": "Unifilar.dxf", "layer": "ELECTRICA ENERSA", "entity": "LINE"}}, {"type": "Feature", "geometry": {"type": "LineString", "coordinates": [[-58.154407997287734, -32.240452679447976], [-58.154424886918655, -32.24043338913194]]}, "properties": {"source": "Unifilar.dxf", "layer": "ELECTRICA ENERSA", "entity": "LINE"}}, {"type": "Feature", "geometry": {"type": "LineString", "coordinates": [[-58.140710021805795, -32.22372755093575], [-58.140742758404876, -32.22374827641733]]}, "properties": {"source": "Unifilar.dxf", "layer": "ELECTRICA ENERSA", "entity": "LINE"}}, {"type": "Feature", "geometry": {"type": "LineString", "coordinates": [[-58.140742758404876, -32.22374827641733], [-58.140824376340625, -32.223729208073685]]}, "properties": {"source": "Unifilar.dxf", "layer": "ELECTRICA ENERSA", "entity": "LINE"}}, {"type": "Feature", "geometry": {"type": "LineString", "coordinates": [[-58.140824376340625, -32.223729208073685], [-58.14093028863114, -32.22367928469137]]}, "properties": {"source": "Unifilar.dxf", "layer": "ELECTRICA ENERSA", "entity": "LINE"}}, {"type": "Feature", "geometry": {"type": "LineString", "coordinates": [[-58.14093028863114, -32.22367928469137], [-58.141041893430376, -32.22363412345364]]}, "properties": {"source": "Unifilar.dxf", "layer": "ELECTRICA ENERSA", "entity": "LINE"}}, {"type": "Feature", "geometry": {"type": "LineString", "coordinates": [[-58.141041893430376, -32.22363412345364], [-58.14115192131074, -32.22357455723511]]}, "properties": {"source": "Unifilar.dxf", "layer": "ELECTRICA ENERSA", "entity": "LINE"}}, {"type": "Feature", "geometry": {"type": "LineString", "coordinates": [[-58.14115192131074, -32.22357455723511], [-58.141251184582515, -32.22349392950776]]}, "properties": {"source": "Unifilar.dxf", "layer": "ELECTRICA ENERSA", "entity": "LINE"}}, {"type": "Feature", "geometry": {"type": "LineString", "coordinates": [[-58.141251184582515, -32.22349392950776], [-58.14168357635421, -32.22347204956505]]}, "properties": {"source": "Unifilar.dxf", "layer": "ELECTRICA ENERSA", "entity": "LINE"}}, {"type": "Feature", "geometry": {"type": "LineString", "coordinates": [[-58.14168357635421, -32.22347204956505], [-58.141756382964495, -32.22344384692302]]}, "properties": {"source": "Unifilar.dxf", "layer": "ELECTRICA ENERSA", "entity": "LINE"}}, {"type": "Feature", "geometry": {"type": "LineString", "coordinates": [[-58.141756382964495, -32.22344384692302], [-58.14183664991827, -32.22344130199089]]}, "properties": {"source": "Unifilar.dxf", "layer": "ELECTRICA ENERSA", "entity": "LINE"}}, {"type": "Feature", "geometry": {"type": "LineString", "coordinates": [[-58.14183664991827, -32.22344130199089], [-58.1418936588315, -32.223431144810775]]}, "properties": {"source": "Unifilar.dxf", "layer": "ELECTRICA ENERSA", "entity": "LINE"}}, {"type": "Feature", "geometry": {"type": "LineString", "coordinates": [[-58.1418936588315, -32.223431144810775], [-58.141977560460326, -32.223406008086506]]}, "properties": {"source": "Unifilar.dxf", "layer": "ELECTRICA ENERSA", "entity": "LINE"}}, {"type": "Feature", "geometry": {"type": "LineString", "coordinates": [[-58.141977560460326, -32.223406008086506], [-58.14205553134785, -32.2233696134283]]}, "properties": {"source": "Unifilar.dxf", "layer": "ELECTRICA ENERSA", "entity": "LINE"}}, {"type": "Feature", "geometry": {"type": "LineString", "coordinates": [[-58.14205553134785, -32.2233696134283], [-58.14212240759443, -32.22333015050537]]}, "properties": {"source": "Unifilar.dxf", "layer": "ELECTRICA ENERSA", "entity": "LINE"}}, {"type": "Feature", "geometry": {"type": "LineString", "coordinates": [[-58.14212240759443, -32.22333015050537], [-58.1421874981672, -32.223269764468114]]}, "properties": {"source": "Unifilar.dxf", "layer": "ELECTRICA ENERSA", "entity": "LINE"}}, {"type": "Feature", "geometry": {"type": "LineString", "coordinates": [[-58.1421874981672, -32.223269764468114], [-58.14223103857578, -32.2232072421961]]}, "properties": {"source": "Unifilar.dxf", "layer": "ELECTRICA ENERSA", "entity": "LINE"}}, {"type": "Feature", "geometry": {"type": "LineString", "coordinates": [[-58.137863628512655, -32.222727398369365], [-58.13796413965563, -32.222679170229185]]}, "properties": {"source": "Unifilar.dxf", "layer": "ELECTRICA ENERSA", "entity": "LINE"}}, {"type": "Feature", "geometry": {"type": "LineString", "coordinates": [[-58.13796413965563, -32.222679170229185], [-58.13807376354872, -32.22262210382164]]}, "properties": {"source": "Unifilar.dxf", "layer": "ELECTRICA ENERSA", "entity": "LINE"}}, {"type": "Feature", "geometry": {"type": "LineString", "coordinates": [[-58.13807376354872, -32.22262210382164], [-58.138204728467635, -32.22260066787785]]}, "properties": {"source": "Unifilar.dxf", "layer": "ELECTRICA ENERSA", "entity": "LINE"}}, {"type": "Feature", "geometry": {"type": "LineString", "coordinates": [[-58.138204728467635, -32.22260066787785], [-58.1383172994255, -32.222621368916634]]}, "properties": {"source": "Unifilar.dxf", "layer": "ELECTRICA ENERSA", "entity": "LINE"}}, {"type": "Feature", "geometry": {"type": "LineString", "coordinates": [[-58.1383172994255, -32.222621368916634], [-58.13843788612629, -32.22261631142276]]}, "properties": {"source": "Unifilar.dxf", "layer": "ELECTRICA ENERSA", "entity": "LINE"}}, {"type": "Feature", "geometry": {"type": "LineString", "coordinates": [[-58.13843788612629, -32.22261631142276], [-58.13848656500644, -32.22260996655322]]}, "properties": {"source": "Unifilar.dxf", "layer": "ELECTRICA ENERSA", "entity": "LINE"}}, {"type": "Feature", "geometry": {"type": "LineString", "coordinates": [[-58.13848656500644, -32.22260996655322], [-58.13868094777013, -32.222602582288545]]}, "properties": {"source": "Unifilar.dxf", "layer": "ELECTRICA ENERSA", "entity": "LINE"}}, {"type": "Feature", "geometry": {"type": "LineString", "coordinates": [[-58.13868094777013, -32.222602582288545], [-58.1388029217213, -32.22262094680933]]}, "properties": {"source": "Unifilar.dxf", "layer": "ELECTRICA ENERSA", "entity": "LINE"}}, {"type": "Feature", "geometry": {"type": "LineString", "coordinates": [[-58.1388029217213, -32.22262094680933], [-58.13900047298082, -32.22288197087856]]}, "properties": {"source": "Unifilar.dxf", "layer": "ELECTRICA ENERSA", "entity": "LINE"}}, {"type": "Feature", "geometry": {"type": "LineString", "coordinates": [[-58.13900047298082, -32.22288197087856], [-58.13907728635417, -32.22297290559428]]}, "properties": {"source": "Unifilar.dxf", "layer": "ELECTRICA ENERSA", "entity": "LINE"}}, {"type": "Feature", "geometry": {"type": "LineString", "coordinates": [[-58.13907728635417, -32.22297290559428], [-58.13915144523407, -32.22307238555036]]}, "properties": {"source": "Unifilar.dxf", "layer": "ELECTRICA ENERSA", "entity": "LINE"}}, {"type": "Feature", "geometry": {"type": "LineString", "coordinates": [[-58.13915144523407, -32.22307238555036], [-58.13923470980463, -32.223163074859315]]}, "properties": {"source": "Unifilar.dxf", "layer": "ELECTRICA ENERSA", "entity": "LINE"}}, {"type": "Feature", "geometry": {"type": "LineString", "coordinates": [[-58.13923470980463, -32.223163074859315], [-58.13931523886739, -32.22324686359576]]}, "properties": {"source": "Unifilar.dxf", "layer": "ELECTRICA ENERSA", "entity": "LINE"}}, {"type": "Feature", "geometry": {"type": "LineString", "coordinates": [[-58.13931523886739, -32.22324686359576], [-58.139399528818785, -32.22332351723635]]}, "properties": {"source": "Unifilar.dxf", "layer": "ELECTRICA ENERSA", "entity": "LINE"}}, {"type": "Feature", "geometry": {"type": "LineString", "coordinates": [[-58.139399528818785, -32.22332351723635], [-58.13949720705291, -32.22337273778049]]}, "properties": {"source": "Unifilar.dxf", "layer": "ELECTRICA ENERSA", "entity": "LINE"}}, {"type": "Feature", "geometry": {"type": "LineString", "coordinates": [[-58.13949720705291, -32.22337273778049], [-58.14005820563746, -32.22350421619832]]}, "properties": {"source": "Unifilar.dxf", "layer": "ELECTRICA ENERSA", "entity": "LINE"}}, {"type": "Feature", "geometry": {"type": "LineString", "coordinates": [[-58.14005820563746, -32.22350421619832], [-58.14017403823779, -32.223504804955205]]}, "properties": {"source": "Unifilar.dxf", "layer": "ELECTRICA ENERSA", "entity": "LINE"}}, {"type": "Feature", "geometry": {"type": "LineString", "coordinates": [[-58.14017403823779, -32.223504804955205], [-58.1402984377415, -32.22350807817554]]}, "properties": {"source": "Unifilar.dxf", "layer": "ELECTRICA ENERSA", "entity": "LINE"}}, {"type": "Feature", "geometry": {"type": "LineString", "coordinates": [[-58.1402984377415, -32.22350807817554], [-58.14041742171773, -32.22355298511951]]}, "properties": {"source": "Unifilar.dxf", "layer": "ELECTRICA ENERSA", "entity": "LINE"}}, {"type": "Feature", "geometry": {"type": "LineString", "coordinates": [[-58.14041742171773, -32.22355298511951], [-58.140528720853354, -32.22360565568623]]}, "properties": {"source": "Unifilar.dxf", "layer": "ELECTRICA ENERSA", "entity": "LINE"}}, {"type": "Feature", "geometry": {"type": "LineString", "coordinates": [[-58.140528720853354, -32.22360565568623], [-58.140628595807996, -32.22367325191345]]}, "properties": {"source": "Unifilar.dxf", "layer": "ELECTRICA ENERSA", "entity": "LINE"}}, {"type": "Feature", "geometry": {"type": "LineString", "coordinates": [[-58.140628595807996, -32.22367325191345], [-58.140710021805795, -32.22372755093575]]}, "properties": {"source": "Unifilar.dxf", "layer": "ELECTRICA ENERSA", "entity": "LINE"}}, {"type": "Feature", "geometry": {"type": "LineString", "coordinates": [[-58.15074109670272, -32.24059813764328], [-58.15077468269064, -32.2405893621497]]}, "properties": {"source": "Unifilar.dxf", "layer": "ELECTRICA ENERSA", "entity": "LINE"}}, {"type": "Feature", "geometry": {"type": "LineString", "coordinates": [[-58.14781547206927, -32.241419242462754], [-58.14789365402143, -32.24145371399723]]}, "properties": {"source": "Unifilar.dxf", "layer": "ELECTRICA ENERSA", "entity": "LINE"}}, {"type": "Feature", "geometry": {"type": "LineString", "coordinates": [[-58.14789365402143, -32.24145371399723], [-58.14800283695853, -32.24150345401259]]}, "properties": {"source": "Unifilar.dxf", "layer": "ELECTRICA ENERSA", "entity": "LINE"}}, {"type": "Feature", "geometry": {"type": "LineString", "coordinates": [[-58.14800283695853, -32.24150345401259], [-58.148113888832775, -32.241549673685654]]}, "properties": {"source": "Unifilar.dxf", "layer": "ELECTRICA ENERSA", "entity": "LINE"}}, {"type": "Feature", "geometry": {"type": "LineString", "coordinates": [[-58.148113888832775, -32.241549673685654], [-58.148222691677844, -32.24160194083149]]}, "properties": {"source": "Unifilar.dxf", "layer": "ELECTRICA ENERSA", "entity": "LINE"}}, {"type": "Feature", "geometry": {"type": "LineString", "coordinates": [[-58.148222691677844, -32.24160194083149], [-58.1483300123706, -32.241655279312425]]}, "properties": {"source": "Unifilar.dxf", "layer": "ELECTRICA ENERSA", "entity": "LINE"}}, {"type": "Feature", "geometry": {"type": "LineString", "coordinates": [[-58.1483300123706, -32.241655279312425], [-58.148434188741035, -32.24170426200158]]}, "properties": {"source": "Unifilar.dxf", "layer": "ELECTRICA ENERSA", "entity": "LINE"}}, {"type": "Feature", "geometry": {"type": "LineString", "coordinates": [[-58.148434188741035, -32.24170426200158], [-58.14854275100657, -32.24175003298048]]}, "properties": {"source": "Unifilar.dxf", "layer": "ELECTRICA ENERSA", "entity": "LINE"}}, {"type": "Feature", "geometry": {"type": "LineString", "coordinates": [[-58.14854275100657, -32.24175003298048], [-58.14865159203048, -32.241777848814365]]}, "properties": {"source": "Unifilar.dxf", "layer": "ELECTRICA ENERSA", "entity": "LINE"}}, {"type": "Feature", "geometry": {"type": "LineString", "coordinates": [[-58.14865159203048, -32.241777848814365], [-58.14875168480626, -32.24177205896667]]}, "properties": {"source": "Unifilar.dxf", "layer": "ELECTRICA ENERSA", "entity": "LINE"}}, {"type": "Feature", "geometry": {"type": "LineString", "coordinates": [[-58.14875168480626, -32.24177205896667], [-58.14882595612418, -32.241702868474604]]}, "properties": {"source": "Unifilar.dxf", "layer": "ELECTRICA ENERSA", "entity": "LINE"}}, {"type": "Feature", "geometry": {"type": "LineString", "coordinates": [[-58.14882595612418, -32.241702868474604], [-58.1488891532557, -32.241606133884964]]}, "properties": {"source": "Unifilar.dxf", "layer": "ELECTRICA ENERSA", "entity": "LINE"}}, {"type": "Feature", "geometry": {"type": "LineString", "coordinates": [[-58.1488891532557, -32.241606133884964], [-58.14893915837149, -32.24150342939051]]}, "properties": {"source": "Unifilar.dxf", "layer": "ELECTRICA ENERSA", "entity": "LINE"}}, {"type": "Feature", "geometry": {"type": "LineString", "coordinates": [[-58.14893915837149, -32.24150342939051], [-58.14897345264803, -32.24139432326618]]}, "properties": {"source": "Unifilar.dxf", "layer": "ELECTRICA ENERSA", "entity": "LINE"}}, {"type": "Feature", "geometry": {"type": "LineString", "coordinates": [[-58.14897345264803, -32.24139432326618], [-58.1489932489023, -32.2412712770914]]}, "properties": {"source": "Unifilar.dxf", "layer": "ELECTRICA ENERSA", "entity": "LINE"}}, {"type": "Feature", "geometry": {"type": "LineString", "coordinates": [[-58.1489932489023, -32.2412712770914], [-58.14903452185235, -32.24117488441497]]}, "properties": {"source": "Unifilar.dxf", "layer": "ELECTRICA ENERSA", "entity": "LINE"}}, {"type": "Feature", "geometry": {"type": "LineString", "coordinates": [[-58.14903452185235, -32.24117488441497], [-58.14909608631129, -32.24078424601578]]}, "properties": {"source": "Unifilar.dxf", "layer": "ELECTRICA ENERSA", "entity": "LINE"}}, {"type": "Feature", "geometry": {"type": "LineString", "coordinates": [[-58.14909608631129, -32.24078424601578], [-58.14917109013444, -32.24077441973796]]}, "properties": {"source": "Unifilar.dxf", "layer": "ELECTRICA ENERSA", "entity": "LINE"}}, {"type": "Feature", "geometry": {"type": "LineString", "coordinates": [[-58.14917109013444, -32.24077441973796], [-58.14927856409397, -32.24077884148377]]}, "properties": {"source": "Unifilar.dxf", "layer": "ELECTRICA ENERSA", "entity": "LINE"}}, {"type": "Feature", "geometry": {"type": "LineString", "coordinates": [[-58.14927856409397, -32.24077884148377], [-58.14938941790445, -32.24075414408631]]}, "properties": {"source": "Unifilar.dxf", "layer": "ELECTRICA ENERSA", "entity": "LINE"}}, {"type": "Feature", "geometry": {"type": "LineString", "coordinates": [[-58.14938941790445, -32.24075414408631], [-58.1494979281782, -32.24072009854546]]}, "properties": {"source": "Unifilar.dxf", "layer": "ELECTRICA ENERSA", "entity": "LINE"}}, {"type": "Feature", "geometry": {"type": "LineString", "coordinates": [[-58.1494979281782, -32.24072009854546], [-58.14960228746364, -32.24065574874882]]}, "properties": {"source": "Unifilar.dxf", "layer": "ELECTRICA ENERSA", "entity": "LINE"}}, {"type": "Feature", "geometry": {"type": "LineString", "coordinates": [[-58.14960228746364, -32.24065574874882], [-58.149724909106375, -32.240598208674726]]}, "properties": {"source": "Unifilar.dxf", "layer": "ELECTRICA ENERSA", "entity": "LINE"}}, {"type": "Feature", "geometry": {"type": "LineString", "coordinates": [[-58.149724909106375, -32.240598208674726], [-58.14985699345069, -32.240593718272315]]}, "properties": {"source": "Unifilar.dxf", "layer": "ELECTRICA ENERSA", "entity": "LINE"}}, {"type": "Feature", "geometry": {"type": "LineString", "coordinates": [[-58.14985699345069, -32.240593718272315], [-58.14997823919414, -32.24063253224072]]}, "properties": {"source": "Unifilar.dxf", "layer": "ELECTRICA ENERSA", "entity": "LINE"}}, {"type": "Feature", "geometry": {"type": "LineString", "coordinates": [[-58.14997823919414, -32.24063253224072], [-58.15009245472738, -32.2406431646042]]}, "properties": {"source": "Unifilar.dxf", "layer": "ELECTRICA ENERSA", "entity": "LINE"}}, {"type": "Feature", "geometry": {"type": "LineString", "coordinates": [[-58.15009245472738, -32.2406431646042], [-58.150214494102826, -32.24063705811938]]}, "properties": {"source": "Unifilar.dxf", "layer": "ELECTRICA ENERSA", "entity": "LINE"}}, {"type": "Feature", "geometry": {"type": "LineString", "coordinates": [[-58.150214494102826, -32.24063705811938], [-58.150332258438, -32.24064954714479]]}, "properties": {"source": "Unifilar.dxf", "layer": "ELECTRICA ENERSA", "entity": "LINE"}}, {"type": "Feature", "geometry": {"type": "LineString", "coordinates": [[-58.150332258438, -32.24064954714479], [-58.15044758151581, -32.2406372076241]]}, "properties": {"source": "Unifilar.dxf", "layer": "ELECTRICA ENERSA", "entity": "LINE"}}, {"type": "Feature", "geometry": {"type": "LineString", "coordinates": [[-58.15044758151581, -32.2406372076241], [-58.15056526706884, -32.24063424818614]]}, "properties": {"source": "Unifilar.dxf", "layer": "ELECTRICA ENERSA", "entity": "LINE"}}, {"type": "Feature", "geometry": {"type": "LineString", "coordinates": [[-58.15056526706884, -32.24063424818614], [-58.15067968740555, -32.240611431971516]]}, "properties": {"source": "Unifilar.dxf", "layer": "ELECTRICA ENERSA", "entity": "LINE"}}, {"type": "Feature", "geometry": {"type": "LineString", "coordinates": [[-58.15067968740555, -32.240611431971516], [-58.15074109670272, -32.24059813764328]]}, "properties": {"source": "Unifilar.dxf", "layer": "ELECTRICA ENERSA", "entity": "LINE"}}, {"type": "Feature", "geometry": {"type": "LineString", "coordinates": [[-58.136403734942675, -32.22281967048536], [-58.13650184391718, -32.22286637084371]]}, "properties": {"source": "Unifilar.dxf", "layer": "ELECTRICA ENERSA", "entity": "LINE"}}, {"type": "Feature", "geometry": {"type": "LineString", "coordinates": [[-58.13650184391718, -32.22286637084371], [-58.136605445346675, -32.22288688624535]]}, "properties": {"source": "Unifilar.dxf", "layer": "ELECTRICA ENERSA", "entity": "LINE"}}, {"type": "Feature", "geometry": {"type": "LineString", "coordinates": [[-58.136605445346675, -32.22288688624535], [-58.13683448395637, -32.22287220659599]]}, "properties": {"source": "Unifilar.dxf", "layer": "ELECTRICA ENERSA", "entity": "LINE"}}, {"type": "Feature", "geometry": {"type": "LineString", "coordinates": [[-58.13683448395637, -32.22287220659599], [-58.13692088645491, -32.22284747101969]]}, "properties": {"source": "Unifilar.dxf", "layer": "ELECTRICA ENERSA", "entity": "LINE"}}, {"type": "Feature", "geometry": {"type": "LineString", "coordinates": [[-58.13692088645491, -32.22284747101969], [-58.13704373443056, -32.22283631986912]]}, "properties": {"source": "Unifilar.dxf", "layer": "ELECTRICA ENERSA", "entity": "LINE"}}, {"type": "Feature", "geometry": {"type": "LineString", "coordinates": [[-58.13704373443056, -32.22283631986912], [-58.137162627743834, -32.222825860924154]]}, "properties": {"source": "Unifilar.dxf", "layer": "ELECTRICA ENERSA", "entity": "LINE"}}, {"type": "Feature", "geometry": {"type": "LineString", "coordinates": [[-58.137162627743834, -32.222825860924154], [-58.13727964519385, -32.22281892421681]]}, "properties": {"source": "Unifilar.dxf", "layer": "ELECTRICA ENERSA", "entity": "LINE"}}, {"type": "Feature", "geometry": {"type": "LineString", "coordinates": [[-58.13727964519385, -32.22281892421681], [-58.13739457505307, -32.22280903627976]]}, "properties": {"source": "Unifilar.dxf", "layer": "ELECTRICA ENERSA", "entity": "LINE"}}, {"type": "Feature", "geometry": {"type": "LineString", "coordinates": [[-58.13739457505307, -32.22280903627976], [-58.13750963450748, -32.222790220359826]]}, "properties": {"source": "Unifilar.dxf", "layer": "ELECTRICA ENERSA", "entity": "LINE"}}, {"type": "Feature", "geometry": {"type": "LineString", "coordinates": [[-58.13750963450748, -32.222790220359826], [-58.1376427137703, -32.22277171527094]]}, "properties": {"source": "Unifilar.dxf", "layer": "ELECTRICA ENERSA", "entity": "LINE"}}, {"type": "Feature", "geometry": {"type": "LineString", "coordinates": [[-58.1376427137703, -32.22277171527094], [-58.137745474040415, -32.222757329305054]]}, "properties": {"source": "Unifilar.dxf", "layer": "ELECTRICA ENERSA", "entity": "LINE"}}, {"type": "Feature", "geometry": {"type": "LineString", "coordinates": [[-58.137745474040415, -32.222757329305054], [-58.1378581987574, -32.22272911428984]]}, "properties": {"source": "Unifilar.dxf", "layer": "ELECTRICA ENERSA", "entity": "LINE"}}, {"type": "Feature", "geometry": {"type": "LineString", "coordinates": [[-58.1378581987574, -32.22272911428984], [-58.137863628512655, -32.222727398369365]]}, "properties": {"source": "Unifilar.dxf", "layer": "ELECTRICA ENERSA", "entity": "LINE"}}, {"type": "Feature", "geometry": {"type": "LineString", "coordinates": [[-58.13668794582209, -32.22261423607136], [-58.136732177717754, -32.222635528266814]]}, "properties": {"source": "Unifilar.dxf", "layer": "ELECTRICA ENERSA", "entity": "LINE"}}, {"type": "Feature", "geometry": {"type": "LineString", "coordinates": [[-58.136732177717754, -32.222635528266814], [-58.13681056447338, -32.22263655122318]]}, "properties": {"source": "Unifilar.dxf", "layer": "ELECTRICA ENERSA", "entity": "LINE"}}, {"type": "Feature", "geometry": {"type": "LineString", "coordinates": [[-58.13681056447338, -32.22263655122318], [-58.13708934610532, -32.22269686400848]]}, "properties": {"source": "Unifilar.dxf", "layer": "ELECTRICA ENERSA", "entity": "LINE"}}, {"type": "Feature", "geometry": {"type": "LineString", "coordinates": [[-58.13617833589448, -32.22240347578083], [-58.13629538862821, -32.22243648313741]]}, "properties": {"source": "Unifilar.dxf", "layer": "ELECTRICA ENERSA", "entity": "LINE"}}, {"type": "Feature", "geometry": {"type": "LineString", "coordinates": [[-58.13629538862821, -32.22243648313741], [-58.136406689126105, -32.22248915271944]]}, "properties": {"source": "Unifilar.dxf", "layer": "ELECTRICA ENERSA", "entity": "LINE"}}, {"type": "Feature", "geometry": {"type": "LineString", "coordinates": [[-58.136406689126105, -32.22248915271944], [-58.13651693821206, -32.2225403734508]]}, "properties": {"source": "Unifilar.dxf", "layer": "ELECTRICA ENERSA", "entity": "LINE"}}, {"type": "Feature", "geometry": {"type": "LineString", "coordinates": [[-58.13651693821206, -32.2225403734508], [-58.13662800085498, -32.22258654489652]]}, "properties": {"source": "Unifilar.dxf", "layer": "ELECTRICA ENERSA", "entity": "LINE"}}, {"type": "Feature", "geometry": {"type": "LineString", "coordinates": [[-58.13662800085498, -32.22258654489652], [-58.13668794582209, -32.22261423607136]]}, "properties": {"source": "Unifilar.dxf", "layer": "ELECTRICA ENERSA", "entity": "LINE"}}, {"type": "Feature", "geometry": {"type": "LineString", "coordinates": [[-58.13379784495614, -32.22068490982757], [-58.1340135687611, -32.22097718662432]]}, "properties": {"source": "Unifilar.dxf", "layer": "ELECTRICA ENERSA", "entity": "LINE"}}, {"type": "Feature", "geometry": {"type": "LineString", "coordinates": [[-58.1340135687611, -32.22097718662432], [-58.13419059372283, -32.22130189605976]]}, "properties": {"source": "Unifilar.dxf", "layer": "ELECTRICA ENERSA", "entity": "LINE"}}, {"type": "Feature", "geometry": {"type": "LineString", "coordinates": [[-58.13419059372283, -32.22130189605976], [-58.13444997552111, -32.22152264572952]]}, "properties": {"source": "Unifilar.dxf", "layer": "ELECTRICA ENERSA", "entity": "LINE"}}, {"type": "Feature", "geometry": {"type": "LineString", "coordinates": [[-58.13444997552111, -32.22152264572952], [-58.13469033776945, -32.221661784711785]]}, "properties": {"source": "Unifilar.dxf", "layer": "ELECTRICA ENERSA", "entity": "LINE"}}, {"type": "Feature", "geometry": {"type": "LineString", "coordinates": [[-58.13469033776945, -32.221661784711785], [-58.134889711675434, -32.22179945830526]]}, "properties": {"source": "Unifilar.dxf", "layer": "ELECTRICA ENERSA", "entity": "LINE"}}, {"type": "Feature", "geometry": {"type": "LineString", "coordinates": [[-58.134889711675434, -32.22179945830526], [-58.13518343641255, -32.22191111178646]]}, "properties": {"source": "Unifilar.dxf", "layer": "ELECTRICA ENERSA", "entity": "LINE"}}, {"type": "Feature", "geometry": {"type": "LineString", "coordinates": [[-58.13518343641255, -32.22191111178646], [-58.13560765955214, -32.2219639047646]]}, "properties": {"source": "Unifilar.dxf", "layer": "ELECTRICA ENERSA", "entity": "LINE"}}, {"type": "Feature", "geometry": {"type": "LineString", "coordinates": [[-58.13560765955214, -32.2219639047646], [-58.135918810441886, -32.222087385921704]]}, "properties": {"source": "Unifilar.dxf", "layer": "ELECTRICA ENERSA", "entity": "LINE"}}, {"type": "Feature", "geometry": {"type": "LineString", "coordinates": [[-58.135918810441886, -32.222087385921704], [-58.13601168915087, -32.22206238789548]]}, "properties": {"source": "Unifilar.dxf", "layer": "ELECTRICA ENERSA", "entity": "LINE"}}, {"type": "Feature", "geometry": {"type": "LineString", "coordinates": [[-58.13597723473631, -32.22236465999446], [-58.13573379733533, -32.222380870608276]]}, "properties": {"source": "Unifilar.dxf", "layer": "ELECTRICA ENERSA", "entity": "LINE"}}, {"type": "Feature", "geometry": {"type": "LineString", "coordinates": [[-58.13573379733533, -32.222380870608276], [-58.13560802537601, -32.22224988686324]]}, "properties": {"source": "Unifilar.dxf", "layer": "ELECTRICA ENERSA", "entity": "LINE"}}, {"type": "Feature", "geometry": {"type": "LineString", "coordinates": [[-58.13560802537601, -32.22224988686324], [-58.13549556534175, -32.22214037264565]]}, "properties": {"source": "Unifilar.dxf", "layer": "ELECTRICA ENERSA", "entity": "LINE"}}, {"type": "Feature", "geometry": {"type": "LineString", "coordinates": [[-58.13549556534175, -32.22214037264565], [-58.135359836181415, -32.222127534083]]}, "properties": {"source": "Unifilar.dxf", "layer": "ELECTRICA ENERSA", "entity": "LINE"}}, {"type": "Feature", "geometry": {"type": "LineString", "coordinates": [[-58.135359836181415, -32.222127534083], [-58.135022960302855, -32.22203598457853]]}, "properties": {"source": "Unifilar.dxf", "layer": "ELECTRICA ENERSA", "entity": "LINE"}}, {"type": "Feature", "geometry": {"type": "LineString", "coordinates": [[-58.135022960302855, -32.22203598457853], [-58.13476168311335, -32.22200294725137]]}, "properties": {"source": "Unifilar.dxf", "layer": "ELECTRICA ENERSA", "entity": "LINE"}}, {"type": "Feature", "geometry": {"type": "LineString", "coordinates": [[-58.13476168311335, -32.22200294725137], [-58.134420250386015, -32.22188364235866]]}, "properties": {"source": "Unifilar.dxf", "layer": "ELECTRICA ENERSA", "entity": "LINE"}}, {"type": "Feature", "geometry": {"type": "LineString", "coordinates": [[-58.134420250386015, -32.22188364235866], [-58.134190679499355, -32.221765544510426]]}, "properties": {"source": "Unifilar.dxf", "layer": "ELECTRICA ENERSA", "entity": "LINE"}}, {"type": "Feature", "geometry": {"type": "LineString", "coordinates": [[-58.134190679499355, -32.221765544510426], [-58.13398210250167, -32.22174101082089]]}, "properties": {"source": "Unifilar.dxf", "layer": "ELECTRICA ENERSA", "entity": "LINE"}}, {"type": "Feature", "geometry": {"type": "LineString", "coordinates": [[-58.13398210250167, -32.22174101082089], [-58.13379111481818, -32.22171930848876]]}, "properties": {"source": "Unifilar.dxf", "layer": "ELECTRICA ENERSA", "entity": "LINE"}}, {"type": "Feature", "geometry": {"type": "LineString", "coordinates": [[-58.13379111481818, -32.22171930848876], [-58.133712413148636, -32.221696341316694]]}, "properties": {"source": "Unifilar.dxf", "layer": "ELECTRICA ENERSA", "entity": "LINE"}}, {"type": "Feature", "geometry": {"type": "LineString", "coordinates": [[-58.133712413148636, -32.221696341316694], [-58.13369309417851, -32.221648163082016]]}, "properties": {"source": "Unifilar.dxf", "layer": "ELECTRICA ENERSA", "entity": "LINE"}}, {"type": "Feature", "geometry": {"type": "LineString", "coordinates": [[-58.13369309417851, -32.221648163082016], [-58.13374274097789, -32.22162782356023]]}, "properties": {"source": "Unifilar.dxf", "layer": "ELECTRICA ENERSA", "entity": "LINE"}}, {"type": "Feature", "geometry": {"type": "LineString", "coordinates": [[-58.13374274097789, -32.22162782356023], [-58.13386834429038, -32.221583630561945]]}, "properties": {"source": "Unifilar.dxf", "layer": "ELECTRICA ENERSA", "entity": "LINE"}}, {"type": "Feature", "geometry": {"type": "LineString", "coordinates": [[-58.13386834429038, -32.221583630561945], [-58.13392082174566, -32.22154569860347]]}, "properties": {"source": "Unifilar.dxf", "layer": "ELECTRICA ENERSA", "entity": "LINE"}}, {"type": "Feature", "geometry": {"type": "LineString", "coordinates": [[-58.13392082174566, -32.22154569860347], [-58.1339512051044, -32.22141278942477]]}, "properties": {"source": "Unifilar.dxf", "layer": "ELECTRICA ENERSA", "entity": "LINE"}}, {"type": "Feature", "geometry": {"type": "LineString", "coordinates": [[-58.1339512051044, -32.22141278942477], [-58.13388812219388, -32.22123649253751]]}, "properties": {"source": "Unifilar.dxf", "layer": "ELECTRICA ENERSA", "entity": "LINE"}}, {"type": "Feature", "geometry": {"type": "LineString", "coordinates": [[-58.13388812219388, -32.22123649253751], [-58.13378560407748, -32.221073153988264]]}, "properties": {"source": "Unifilar.dxf", "layer": "ELECTRICA ENERSA", "entity": "LINE"}}, {"type": "Feature", "geometry": {"type": "LineString", "coordinates": [[-58.13378560407748, -32.221073153988264], [-58.13370522852767, -32.22094044885725]]}, "properties": {"source": "Unifilar.dxf", "layer": "ELECTRICA ENERSA", "entity": "LINE"}}, {"type": "Feature", "geometry": {"type": "LineString", "coordinates": [[-58.13370522852767, -32.22094044885725], [-58.13360547847825, -32.220823956913804]]}, "properties": {"source": "Unifilar.dxf", "layer": "ELECTRICA ENERSA", "entity": "LINE"}}, {"type": "Feature", "geometry": {"type": "LineString", "coordinates": [[-58.13621063407707, -32.22212272474598], [-58.13625486646507, -32.222144017622576]]}, "properties": {"source": "Unifilar.dxf", "layer": "ELECTRICA ENERSA", "entity": "LINE"}}, {"type": "Feature", "geometry": {"type": "LineString", "coordinates": [[-58.13625486646507, -32.222144017622576], [-58.13636509103013, -32.22219525607822]]}, "properties": {"source": "Unifilar.dxf", "layer": "ELECTRICA ENERSA", "entity": "LINE"}}, {"type": "Feature", "geometry": {"type": "LineString", "coordinates": [[-58.13636509103013, -32.22219525607822], [-58.13647722303878, -32.22224290695172]]}, "properties": {"source": "Unifilar.dxf", "layer": "ELECTRICA ENERSA", "entity": "LINE"}}, {"type": "Feature", "geometry": {"type": "LineString", "coordinates": [[-58.13647722303878, -32.22224290695172], [-58.136580328303616, -32.22229041354475]]}, "properties": {"source": "Unifilar.dxf", "layer": "ELECTRICA ENERSA", "entity": "LINE"}}, {"type": "Feature", "geometry": {"type": "LineString", "coordinates": [[-58.136580328303616, -32.22229041354475], [-58.13665874181235, -32.22229141612632]]}, "properties": {"source": "Unifilar.dxf", "layer": "ELECTRICA ENERSA", "entity": "LINE"}}, {"type": "Feature", "geometry": {"type": "LineString", "coordinates": [[-58.13665874181235, -32.22229141612632], [-58.136941521921, -32.22243094520863]]}, "properties": {"source": "Unifilar.dxf", "layer": "ELECTRICA ENERSA", "entity": "LINE"}}, {"type": "Feature", "geometry": {"type": "LineString", "coordinates": [[-58.132007627896954, -32.21870431605062], [-58.132036085787234, -32.218698830493935]]}, "properties": {"source": "Unifilar.dxf", "layer": "ELECTRICA ENERSA", "entity": "LINE"}}, {"type": "Feature", "geometry": {"type": "LineString", "coordinates": [[-58.132036085787234, -32.218698830493935], [-58.132380282765894, -32.218864976713625]]}, "properties": {"source": "Unifilar.dxf", "layer": "ELECTRICA ENERSA", "entity": "LINE"}}, {"type": "Feature", "geometry": {"type": "LineString", "coordinates": [[-58.132380282765894, -32.218864976713625], [-58.132578874561936, -32.219007679973124]]}, "properties": {"source": "Unifilar.dxf", "layer": "ELECTRICA ENERSA", "entity": "LINE"}}, {"type": "Feature", "geometry": {"type": "LineString", "coordinates": [[-58.132578874561936, -32.219007679973124], [-58.13274492432207, -32.219320315985314]]}, "properties": {"source": "Unifilar.dxf", "layer": "ELECTRICA ENERSA", "entity": "LINE"}}, {"type": "Feature", "geometry": {"type": "LineString", "coordinates": [[-58.13274492432207, -32.219320315985314], [-58.13294309578154, -32.21950545481275]]}, "properties": {"source": "Unifilar.dxf", "layer": "ELECTRICA ENERSA", "entity": "LINE"}}, {"type": "Feature", "geometry": {"type": "LineString", "coordinates": [[-58.13294309578154, -32.21950545481275], [-58.133135164973204, -32.21983258493646]]}, "properties": {"source": "Unifilar.dxf", "layer": "ELECTRICA ENERSA", "entity": "LINE"}}, {"type": "Feature", "geometry": {"type": "LineString", "coordinates": [[-58.133135164973204, -32.21983258493646], [-58.133372751528135, -32.220069131246355]]}, "properties": {"source": "Unifilar.dxf", "layer": "ELECTRICA ENERSA", "entity": "LINE"}}, {"type": "Feature", "geometry": {"type": "LineString", "coordinates": [[-58.133372751528135, -32.220069131246355], [-58.13360467179377, -32.220420720646615]]}, "properties": {"source": "Unifilar.dxf", "layer": "ELECTRICA ENERSA", "entity": "LINE"}}, {"type": "Feature", "geometry": {"type": "LineString", "coordinates": [[-58.13360467179377, -32.220420720646615], [-58.13379784495614, -32.22068490982757]]}, "properties": {"source": "Unifilar.dxf", "layer": "ELECTRICA ENERSA", "entity": "LINE"}}, {"type": "Feature", "geometry": {"type": "LineString", "coordinates": [[-58.13360547847825, -32.220823956913804], [-58.13341691593355, -32.22060298862762]]}, "properties": {"source": "Unifilar.dxf", "layer": "ELECTRICA ENERSA", "entity": "LINE"}}, {"type": "Feature", "geometry": {"type": "LineString", "coordinates": [[-58.13341691593355, -32.22060298862762], [-58.13325436823931, -32.22039655976326]]}, "properties": {"source": "Unifilar.dxf", "layer": "ELECTRICA ENERSA", "entity": "LINE"}}, {"type": "Feature", "geometry": {"type": "LineString", "coordinates": [[-58.13325436823931, -32.22039655976326], [-58.13309922116144, -32.220240212978865]]}, "properties": {"source": "Unifilar.dxf", "layer": "ELECTRICA ENERSA", "entity": "LINE"}}, {"type": "Feature", "geometry": {"type": "LineString", "coordinates": [[-58.13309922116144, -32.220240212978865], [-58.13299776718712, -32.22015821173381]]}, "properties": {"source": "Unifilar.dxf", "layer": "ELECTRICA ENERSA", "entity": "LINE"}}, {"type": "Feature", "geometry": {"type": "LineString", "coordinates": [[-58.13299776718712, -32.22015821173381], [-58.13287029578805, -32.219981859789044]]}, "properties": {"source": "Unifilar.dxf", "layer": "ELECTRICA ENERSA", "entity": "LINE"}}, {"type": "Feature", "geometry": {"type": "LineString", "coordinates": [[-58.13287029578805, -32.219981859789044], [-58.13276315715918, -32.21973537992841]]}, "properties": {"source": "Unifilar.dxf", "layer": "ELECTRICA ENERSA", "entity": "LINE"}}, {"type": "Feature", "geometry": {"type": "LineString", "coordinates": [[-58.13276315715918, -32.21973537992841], [-58.132633172517224, -32.21951870872897]]}, "properties": {"source": "Unifilar.dxf", "layer": "ELECTRICA ENERSA", "entity": "LINE"}}, {"type": "Feature", "geometry": {"type": "LineString", "coordinates": [[-58.132633172517224, -32.21951870872897], [-58.132493057049935, -32.21932486418558]]}, "properties": {"source": "Unifilar.dxf", "layer": "ELECTRICA ENERSA", "entity": "LINE"}}, {"type": "Feature", "geometry": {"type": "LineString", "coordinates": [[-58.132493057049935, -32.21932486418558], [-58.13239054449343, -32.21920149170385]]}, "properties": {"source": "Unifilar.dxf", "layer": "ELECTRICA ENERSA", "entity": "LINE"}}, {"type": "Feature", "geometry": {"type": "LineString", "coordinates": [[-58.13239054449343, -32.21920149170385], [-58.132304172719586, -32.21912190055252]]}, "properties": {"source": "Unifilar.dxf", "layer": "ELECTRICA ENERSA", "entity": "LINE"}}, {"type": "Feature", "geometry": {"type": "LineString", "coordinates": [[-58.132304172719586, -32.21912190055252], [-58.13221752087116, -32.21910021536218]]}, "properties": {"source": "Unifilar.dxf", "layer": "ELECTRICA ENERSA", "entity": "LINE"}}, {"type": "Feature", "geometry": {"type": "LineString", "coordinates": [[-58.13221752087116, -32.21910021536218], [-58.132229561034656, -32.219233522474]]}, "properties": {"source": "Unifilar.dxf", "layer": "ELECTRICA ENERSA", "entity": "LINE"}}, {"type": "Feature", "geometry": {"type": "LineString", "coordinates": [[-58.132229561034656, -32.219233522474], [-58.13210374938695, -32.21935111180128]]}, "properties": {"source": "Unifilar.dxf", "layer": "ELECTRICA ENERSA", "entity": "LINE"}}, {"type": "Feature", "geometry": {"type": "LineString", "coordinates": [[-58.13210374938695, -32.21935111180128], [-58.13198277687813, -32.21943855362092]]}, "properties": {"source": "Unifilar.dxf", "layer": "ELECTRICA ENERSA", "entity": "LINE"}}, {"type": "Feature", "geometry": {"type": "LineString", "coordinates": [[-58.13198277687813, -32.21943855362092], [-58.13184236264834, -32.21934254756008]]}, "properties": {"source": "Unifilar.dxf", "layer": "ELECTRICA ENERSA", "entity": "LINE"}}, {"type": "Feature", "geometry": {"type": "LineString", "coordinates": [[-58.13184236264834, -32.21934254756008], [-58.13173820667032, -32.21924845124708]]}, "properties": {"source": "Unifilar.dxf", "layer": "ELECTRICA ENERSA", "entity": "LINE"}}, {"type": "Feature", "geometry": {"type": "LineString", "coordinates": [[-58.145107799678996, -32.24103094975924], [-58.145119904909144, -32.24102676500596]]}, "properties": {"source": "Unifilar.dxf", "layer": "ELECTRICA ENERSA", "entity": "LINE"}}, {"type": "Feature", "geometry": {"type": "LineString", "coordinates": [[-58.145119904909144, -32.24102676500596], [-58.145235678197196, -32.24098742810436]]}, "properties": {"source": "Unifilar.dxf", "layer": "ELECTRICA ENERSA", "entity": "LINE"}}, {"type": "Feature", "geometry": {"type": "LineString", "coordinates": [[-58.145235678197196, -32.24098742810436], [-58.14535294863731, -32.24094704635792]]}, "properties": {"source": "Unifilar.dxf", "layer": "ELECTRICA ENERSA", "entity": "LINE"}}, {"type": "Feature", "geometry": {"type": "LineString", "coordinates": [[-58.14535294863731, -32.24094704635792], [-58.14546923988052, -32.24092071252554]]}, "properties": {"source": "Unifilar.dxf", "layer": "ELECTRICA ENERSA", "entity": "LINE"}}, {"type": "Feature", "geometry": {"type": "LineString", "coordinates": [[-58.14546923988052, -32.24092071252554], [-58.14558949271223, -32.24089368459222]]}, "properties": {"source": "Unifilar.dxf", "layer": "ELECTRICA ENERSA", "entity": "LINE"}}, {"type": "Feature", "geometry": {"type": "LineString", "coordinates": [[-58.14558949271223, -32.24089368459222], [-58.14570774467559, -32.24087922800308]]}, "properties": {"source": "Unifilar.dxf", "layer": "ELECTRICA ENERSA", "entity": "LINE"}}, {"type": "Feature", "geometry": {"type": "LineString", "coordinates": [[-58.14570774467559, -32.24087922800308], [-58.14581988328859, -32.24086248289362]]}, "properties": {"source": "Unifilar.dxf", "layer": "ELECTRICA ENERSA", "entity": "LINE"}}, {"type": "Feature", "geometry": {"type": "LineString", "coordinates": [[-58.14581988328859, -32.24086248289362], [-58.14600197070469, -32.24089949226652]]}, "properties": {"source": "Unifilar.dxf", "layer": "ELECTRICA ENERSA", "entity": "LINE"}}, {"type": "Feature", "geometry": {"type": "LineString", "coordinates": [[-58.12680476987897, -32.23377859925237], [-58.12680641930327, -32.23389723275157]]}, "properties": {"source": "Unifilar.dxf", "layer": "ELECTRICA ENERSA", "entity": "LINE"}}, {"type": "Feature", "geometry": {"type": "LineString", "coordinates": [[-58.12680641930327, -32.23389723275157], [-58.12690365860361, -32.234237433728104]]}, "properties": {"source": "Unifilar.dxf", "layer": "ELECTRICA ENERSA", "entity": "LINE"}}, {"type": "Feature", "geometry": {"type": "LineString", "coordinates": [[-58.12690365860361, -32.234237433728104], [-58.12690467156177, -32.23443863273476]]}, "properties": {"source": "Unifilar.dxf", "layer": "ELECTRICA ENERSA", "entity": "LINE"}}, {"type": "Feature", "geometry": {"type": "LineString", "coordinates": [[-58.12690467156177, -32.23443863273476], [-58.126953257270145, -32.23460986269364]]}, "properties": {"source": "Unifilar.dxf", "layer": "ELECTRICA ENERSA", "entity": "LINE"}}, {"type": "Feature", "geometry": {"type": "LineString", "coordinates": [[-58.126953257270145, -32.23460986269364], [-58.12700051589523, -32.234779842026676]]}, "properties": {"source": "Unifilar.dxf", "layer": "ELECTRICA ENERSA", "entity": "LINE"}}, {"type": "Feature", "geometry": {"type": "LineString", "coordinates": [[-58.12700051589523, -32.234779842026676], [-58.12704910160361, -32.23495107198556]]}, "properties": {"source": "Unifilar.dxf", "layer": "ELECTRICA ENERSA", "entity": "LINE"}}, {"type": "Feature", "geometry": {"type": "LineString", "coordinates": [[-58.12704910160361, -32.23495107198556], [-58.127129009855224, -32.23516622086389]]}, "properties": {"source": "Unifilar.dxf", "layer": "ELECTRICA ENERSA", "entity": "LINE"}}, {"type": "Feature", "geometry": {"type": "LineString", "coordinates": [[-58.127129009855224, -32.23516622086389], [-58.127177314935494, -32.23533765366747]]}, "properties": {"source": "Unifilar.dxf", "layer": "ELECTRICA ENERSA", "entity": "LINE"}}, {"type": "Feature", "geometry": {"type": "LineString", "coordinates": [[-58.127177314935494, -32.23533765366747], [-58.12722485418868, -32.235507430155806]]}, "properties": {"source": "Unifilar.dxf", "layer": "ELECTRICA ENERSA", "entity": "LINE"}}, {"type": "Feature", "geometry": {"type": "LineString", "coordinates": [[-58.12722485418868, -32.235507430155806], [-58.12727455423584, -32.235677854643995]]}, "properties": {"source": "Unifilar.dxf", "layer": "ELECTRICA ENERSA", "entity": "LINE"}}, {"type": "Feature", "geometry": {"type": "LineString", "coordinates": [[-58.12727455423584, -32.235677854643995], [-58.12732209398137, -32.23584763181347]]}, "properties": {"source": "Unifilar.dxf", "layer": "ELECTRICA ENERSA", "entity": "LINE"}}, {"type": "Feature", "geometry": {"type": "LineString", "coordinates": [[-58.12732209398137, -32.23584763181347], [-58.127370418755305, -32.2360190918625]]}, "properties": {"source": "Unifilar.dxf", "layer": "ELECTRICA ENERSA", "entity": "LINE"}}, {"type": "Feature", "geometry": {"type": "LineString", "coordinates": [[-58.127370418755305, -32.2360190918625], [-58.12739745847937, -32.236059438516406]]}, "properties": {"source": "Unifilar.dxf", "layer": "ELECTRICA ENERSA", "entity": "LINE"}}, {"type": "Feature", "geometry": {"type": "LineString", "coordinates": [[-58.12680435765772, -32.233694582924876], [-58.12680476987897, -32.23377859925237]]}, "properties": {"source": "Unifilar.dxf", "layer": "ELECTRICA ENERSA", "entity": "LINE"}}, {"type": "Feature", "geometry": {"type": "LineString", "coordinates": [[-58.12664354918435, -32.231543894234], [-58.1266437630683, -32.23156962894583]]}, "properties": {"source": "Unifilar.dxf", "layer": "ELECTRICA ENERSA", "entity": "LINE"}}, {"type": "Feature", "geometry": {"type": "LineString", "coordinates": [[-58.1266437630683, -32.23156962894583], [-58.12664503374401, -32.231770599150565]]}, "properties": {"source": "Unifilar.dxf", "layer": "ELECTRICA ENERSA", "entity": "LINE"}}, {"type": "Feature", "geometry": {"type": "LineString", "coordinates": [[-58.12664503374401, -32.231770599150565], [-58.126651845095914, -32.23237588596938]]}, "properties": {"source": "Unifilar.dxf", "layer": "ELECTRICA ENERSA", "entity": "LINE"}}, {"type": "Feature", "geometry": {"type": "LineString", "coordinates": [[-58.126651845095914, -32.23237588596938], [-58.12670043080429, -32.23254711592827]]}, "properties": {"source": "Unifilar.dxf", "layer": "ELECTRICA ENERSA", "entity": "LINE"}}, {"type": "Feature", "geometry": {"type": "LineString", "coordinates": [[-58.12670043080429, -32.23254711592827], [-58.12674768992172, -32.23271709594244]]}, "properties": {"source": "Unifilar.dxf", "layer": "ELECTRICA ENERSA", "entity": "LINE"}}, {"type": "Feature", "geometry": {"type": "LineString", "coordinates": [[-58.12674768992172, -32.23271709594244], [-58.12670378331156, -32.232950763886286]]}, "properties": {"source": "Unifilar.dxf", "layer": "ELECTRICA ENERSA", "entity": "LINE"}}, {"type": "Feature", "geometry": {"type": "LineString", "coordinates": [[-58.12670378331156, -32.232950763886286], [-58.12675104193665, -32.23312074321932]]}, "properties": {"source": "Unifilar.dxf", "layer": "ELECTRICA ENERSA", "entity": "LINE"}}, {"type": "Feature", "geometry": {"type": "LineString", "coordinates": [[-58.12675104193665, -32.23312074321932], [-58.126753083396196, -32.23332336511943]]}, "properties": {"source": "Unifilar.dxf", "layer": "ELECTRICA ENERSA", "entity": "LINE"}}, {"type": "Feature", "geometry": {"type": "LineString", "coordinates": [[-58.126753083396196, -32.23332336511943], [-58.12675681791219, -32.23352480575541]]}, "properties": {"source": "Unifilar.dxf", "layer": "ELECTRICA ENERSA", "entity": "LINE"}}, {"type": "Feature", "geometry": {"type": "LineString", "coordinates": [[-58.12675681791219, -32.23352480575541], [-58.12680435765772, -32.233694582924876]]}, "properties": {"source": "Unifilar.dxf", "layer": "ELECTRICA ENERSA", "entity": "LINE"}}, {"type": "Feature", "geometry": {"type": "LineString", "coordinates": [[-58.12680435765772, -32.233694582924876], [-58.12680476987897, -32.23377859925237]]}, "properties": {"source": "Unifilar.dxf", "layer": "ELECTRICA ENERSA", "entity": "LINE"}}, {"type": "Feature", "geometry": {"type": "LineString", "coordinates": [[-58.12739745847937, -32.236059438516406], [-58.12749685106974, -32.23620282087301]]}, "properties": {"source": "Unifilar.dxf", "layer": "ELECTRICA ENERSA", "entity": "LINE"}}, {"type": "Feature", "geometry": {"type": "LineString", "coordinates": [[-58.12749685106974, -32.23620282087301], [-58.127534656273866, -32.23633698092656]]}, "properties": {"source": "Unifilar.dxf", "layer": "ELECTRICA ENERSA", "entity": "LINE"}}, {"type": "Feature", "geometry": {"type": "LineString", "coordinates": [[-58.14922349812883, -32.22175637847314], [-58.14919491153338, -32.22176595588507]]}, "properties": {"source": "Unifilar.dxf", "layer": "ELECTRICA ENERSA", "entity": "LINE"}}, {"type": "Feature", "geometry": {"type": "LineString", "coordinates": [[-58.163718614952366, -32.220742408921595], [-58.16386250264969, -32.22070317807798]]}, "properties": {"source": "Unifilar.dxf", "layer": "ELECTRICA ENERSA", "entity": "LINE"}}, {"type": "Feature", "geometry": {"type": "LineString", "coordinates": [[-58.16372057431024, -32.22075428714951], [-58.16388180409598, -32.2207103285512]]}, "properties": {"source": "Unifilar.dxf", "layer": "ELECTRICA ENERSA", "entity": "LINE"}}, {"type": "Feature", "geometry": {"type": "LineString", "coordinates": [[-58.16327656573848, -32.22086446061101], [-58.163718614952366, -32.220742408921595]]}, "properties": {"source": "Unifilar.dxf", "layer": "ELECTRICA ENERSA", "entity": "LINE"}}, {"type": "Feature", "geometry": {"type": "LineString", "coordinates": [[-58.1632809976619, -32.22087676251985], [-58.16372057431024, -32.22075428714951]]}, "properties": {"source": "Unifilar.dxf", "layer": "ELECTRICA ENERSA", "entity": "LINE"}}, {"type": "Feature", "geometry": {"type": "LineString", "coordinates": [[-58.16283444097777, -32.22098652542698], [-58.16327656573848, -32.22086446061101]]}, "properties": {"source": "Unifilar.dxf", "layer": "ELECTRICA ENERSA", "entity": "LINE"}}, {"type": "Feature", "geometry": {"type": "LineString", "coordinates": [[-58.16283642169512, -32.22099843177027], [-58.1632809976619, -32.22087676251985]]}, "properties": {"source": "Unifilar.dxf", "layer": "ELECTRICA ENERSA", "entity": "LINE"}}, {"type": "Feature", "geometry": {"type": "LineString", "coordinates": [[-58.162431428792495, -32.221098118019285], [-58.16283444097777, -32.22098652542698]]}, "properties": {"source": "Unifilar.dxf", "layer": "ELECTRICA ENERSA", "entity": "LINE"}}, {"type": "Feature", "geometry": {"type": "LineString", "coordinates": [[-58.16244214069091, -32.22110371118229], [-58.16283642169512, -32.22099843177027]]}, "properties": {"source": "Unifilar.dxf", "layer": "ELECTRICA ENERSA", "entity": "LINE"}}, {"type": "Feature", "geometry": {"type": "LineString", "coordinates": [[-58.1625224912482, -32.22115657975933], [-58.16251331596892, -32.22112549365644]]}, "properties": {"source": "Unifilar.dxf", "layer": "ELECTRICA ENERSA", "entity": "LINE"}}, {"type": "Feature", "geometry": {"type": "LineString", "coordinates": [[-58.16251331596892, -32.22112549365644], [-58.16244317382488, -32.22114510029503]]}, "properties": {"source": "Unifilar.dxf", "layer": "ELECTRICA ENERSA", "entity": "LINE"}}, {"type": "Feature", "geometry": {"type": "LineString", "coordinates": [[-58.16252353993559, -32.221158030579375], [-58.1625224912482, -32.22115657975933]]}, "properties": {"source": "Unifilar.dxf", "layer": "ELECTRICA ENERSA", "entity": "LINE"}}, {"type": "Feature", "geometry": {"type": "LineString", "coordinates": [[-58.162524588622986, -32.221159481399425], [-58.16252353993559, -32.221158030579375]]}, "properties": {"source": "Unifilar.dxf", "layer": "ELECTRICA ENERSA", "entity": "LINE"}}, {"type": "Feature", "geometry": {"type": "LineString", "coordinates": [[-58.1625314017306, -32.22118118927418], [-58.162524588622986, -32.221159481399425]]}, "properties": {"source": "Unifilar.dxf", "layer": "ELECTRICA ENERSA", "entity": "LINE"}}, {"type": "Feature", "geometry": {"type": "LineString", "coordinates": [[-58.162507663759946, -32.221160629432546], [-58.16249615393203, -32.22112014306091]]}, "properties": {"source": "Unifilar.dxf", "layer": "ELECTRICA ENERSA", "entity": "LINE"}}, {"type": "Feature", "geometry": {"type": "LineString", "coordinates": [[-58.16249615393203, -32.22112014306091], [-58.16245021898141, -32.221133339898024]]}, "properties": {"source": "Unifilar.dxf", "layer": "ELECTRICA ENERSA", "entity": "LINE"}}, {"type": "Feature", "geometry": {"type": "LineString", "coordinates": [[-58.162645083275976, -32.221587151704476], [-58.1625314017306, -32.22118118927418]]}, "properties": {"source": "Unifilar.dxf", "layer": "ELECTRICA ENERSA", "entity": "LINE"}}, {"type": "Feature", "geometry": {"type": "LineString", "coordinates": [[-58.16250726162729, -32.22116312893999], [-58.162507663759946, -32.221160629432546]]}, "properties": {"source": "Unifilar.dxf", "layer": "ELECTRICA ENERSA", "entity": "LINE"}}, {"type": "Feature", "geometry": {"type": "LineString", "coordinates": [[-58.162508310314685, -32.221164579760035], [-58.16250726162729, -32.22116312893999]]}, "properties": {"source": "Unifilar.dxf", "layer": "ELECTRICA ENERSA", "entity": "LINE"}}, {"type": "Feature", "geometry": {"type": "LineString", "coordinates": [[-58.1625140747349, -32.22118483681475], [-58.162508310314685, -32.221164579760035]]}, "properties": {"source": "Unifilar.dxf", "layer": "ELECTRICA ENERSA", "entity": "LINE"}}, {"type": "Feature", "geometry": {"type": "LineString", "coordinates": [[-58.16263028303317, -32.22159118168403], [-58.1625140747349, -32.22118483681475]]}, "properties": {"source": "Unifilar.dxf", "layer": "ELECTRICA ENERSA", "entity": "LINE"}}, {"type": "Feature", "geometry": {"type": "LineString", "coordinates": [[-58.16244171063167, -32.221106230875726], [-58.16244214069091, -32.22110371118229]]}, "properties": {"source": "Unifilar.dxf", "layer": "ELECTRICA ENERSA", "entity": "LINE"}}, {"type": "Feature", "geometry": {"type": "LineString", "coordinates": [[-58.16244616949699, -32.2211185112363], [-58.16244171063167, -32.221106230875726]]}, "properties": {"source": "Unifilar.dxf", "layer": "ELECTRICA ENERSA", "entity": "LINE"}}, {"type": "Feature", "geometry": {"type": "LineString", "coordinates": [[-58.16245021898141, -32.221133339898024], [-58.16244616949699, -32.2211185112363]]}, "properties": {"source": "Unifilar.dxf", "layer": "ELECTRICA ENERSA", "entity": "LINE"}}, {"type": "Feature", "geometry": {"type": "LineString", "coordinates": [[-58.16243271366905, -32.22110606610571], [-58.162431428792495, -32.221098118019285]]}, "properties": {"source": "Unifilar.dxf", "layer": "ELECTRICA ENERSA", "entity": "LINE"}}, {"type": "Feature", "geometry": {"type": "LineString", "coordinates": [[-58.16243888747016, -32.221123774859265], [-58.16243271366905, -32.22110606610571]]}, "properties": {"source": "Unifilar.dxf", "layer": "ELECTRICA ENERSA", "entity": "LINE"}}, {"type": "Feature", "geometry": {"type": "LineString", "coordinates": [[-58.16244317382488, -32.22114510029503], [-58.16243888747016, -32.221123774859265]]}, "properties": {"source": "Unifilar.dxf", "layer": "ELECTRICA ENERSA", "entity": "LINE"}}, {"type": "Feature", "geometry": {"type": "LineString", "coordinates": [[-58.16275905716722, -32.22199957288376], [-58.162645083275976, -32.221587151704476]]}, "properties": {"source": "Unifilar.dxf", "layer": "ELECTRICA ENERSA", "entity": "LINE"}}, {"type": "Feature", "geometry": {"type": "LineString", "coordinates": [[-58.162746748880075, -32.22200405193508], [-58.16263028303317, -32.22159118168403]]}, "properties": {"source": "Unifilar.dxf", "layer": "ELECTRICA ENERSA", "entity": "LINE"}}, {"type": "Feature", "geometry": {"type": "LineString", "coordinates": [[-58.16286800381346, -32.22241120812912], [-58.16275905716722, -32.22199957288376]]}, "properties": {"source": "Unifilar.dxf", "layer": "ELECTRICA ENERSA", "entity": "LINE"}}, {"type": "Feature", "geometry": {"type": "LineString", "coordinates": [[-58.16285964517266, -32.22241504111804], [-58.162746748880075, -32.22200405193508]]}, "properties": {"source": "Unifilar.dxf", "layer": "ELECTRICA ENERSA", "entity": "LINE"}}, {"type": "Feature", "geometry": {"type": "LineString", "coordinates": [[-58.1629434361932, -32.222682225700844], [-58.16286800381346, -32.22241120812912]]}, "properties": {"source": "Unifilar.dxf", "layer": "ELECTRICA ENERSA", "entity": "LINE"}}, {"type": "Feature", "geometry": {"type": "LineString", "coordinates": [[-58.16293728619632, -32.222694407535215], [-58.16285964517266, -32.22241504111804]]}, "properties": {"source": "Unifilar.dxf", "layer": "ELECTRICA ENERSA", "entity": "LINE"}}, {"type": "Feature", "geometry": {"type": "LineString", "coordinates": [[-58.1566716887228, -32.21957003127213], [-58.157959712623274, -32.21915952297156]]}, "properties": {"source": "Unifilar.dxf", "layer": "ELECTRICA ENERSA", "entity": "LINE"}}, {"type": "Feature", "geometry": {"type": "LineString", "coordinates": [[-58.15667695283811, -32.21957731398008], [-58.157965121090854, -32.219166992646656]]}, "properties": {"source": "Unifilar.dxf", "layer": "ELECTRICA ENERSA", "entity": "LINE"}}, {"type": "Feature", "geometry": {"type": "LineString", "coordinates": [[-58.16163094639918, -32.225064952191296], [-58.161843477423005, -32.22500369894201]]}, "properties": {"source": "Unifilar.dxf", "layer": "ELECTRICA ENERSA", "entity": "LINE"}}, {"type": "Feature", "geometry": {"type": "LineString", "coordinates": [[-58.15758718847564, -32.21913901728227], [-58.157849696008, -32.21905288730957]]}, "properties": {"source": "Unifilar.dxf", "layer": "ELECTRICA ENERSA", "entity": "LINE"}}, {"type": "Feature", "geometry": {"type": "LineString", "coordinates": [[-58.161193151473185, -32.22516838396433], [-58.16185399502508, -32.22498144076087]]}, "properties": {"source": "Unifilar.dxf", "layer": "ELECTRICA ENERSA", "entity": "LINE"}}, {"type": "Feature", "geometry": {"type": "LineString", "coordinates": [[-58.15717591650296, -32.21926991622535], [-58.15758718847564, -32.21913901728227]]}, "properties": {"source": "Unifilar.dxf", "layer": "ELECTRICA ENERSA", "entity": "LINE"}}, {"type": "Feature", "geometry": {"type": "LineString", "coordinates": [[-58.1608655941299, -32.225283116696204], [-58.16163094639918, -32.225064952191296]]}, "properties": {"source": "Unifilar.dxf", "layer": "ELECTRICA ENERSA", "entity": "LINE"}}, {"type": "Feature", "geometry": {"type": "LineString", "coordinates": [[-58.156804678309726, -32.219391796729795], [-58.15717591650296, -32.21926991622535]]}, "properties": {"source": "Unifilar.dxf", "layer": "ELECTRICA ENERSA", "entity": "LINE"}}, {"type": "Feature", "geometry": {"type": "LineString", "coordinates": [[-58.16036560563864, -32.22540487091242], [-58.161193151473185, -32.22516838396433]]}, "properties": {"source": "Unifilar.dxf", "layer": "ELECTRICA ENERSA", "entity": "LINE"}}, {"type": "Feature", "geometry": {"type": "LineString", "coordinates": [[-58.15642723636947, -32.21952037236119], [-58.156804678309726, -32.219391796729795]]}, "properties": {"source": "Unifilar.dxf", "layer": "ELECTRICA ENERSA", "entity": "LINE"}}, {"type": "Feature", "geometry": {"type": "LineString", "coordinates": [[-58.151845098667664, -32.21342673009358], [-58.15222194114482, -32.213318473972826]]}, "properties": {"source": "Unifilar.dxf", "layer": "ELECTRICA ENERSA", "entity": "LINE"}}, {"type": "Feature", "geometry": {"type": "LineString", "coordinates": [[-58.1608577323349, -32.225259958001395], [-58.1608655941299, -32.225283116696204]]}, "properties": {"source": "Unifilar.dxf", "layer": "ELECTRICA ENERSA", "entity": "LINE"}}, {"type": "Feature", "geometry": {"type": "LineString", "coordinates": [[-58.16002483658596, -32.225513606494026], [-58.1608655941299, -32.225283116696204]]}, "properties": {"source": "Unifilar.dxf", "layer": "ELECTRICA ENERSA", "entity": "LINE"}}, {"type": "Feature", "geometry": {"type": "LineString", "coordinates": [[-58.15665436104597, -32.21957367930503], [-58.1566716887228, -32.21957003127213]]}, "properties": {"source": "Unifilar.dxf", "layer": "ELECTRICA ENERSA", "entity": "LINE"}}, {"type": "Feature", "geometry": {"type": "LineString", "coordinates": [[-58.15665712535029, -32.21958055802572], [-58.15667695283811, -32.21957731398008]]}, "properties": {"source": "Unifilar.dxf", "layer": "ELECTRICA ENERSA", "entity": "LINE"}}, {"type": "Feature", "geometry": {"type": "LineString", "coordinates": [[-58.153544733396814, -32.22056996326763], [-58.15665436104597, -32.21957367930503]]}, "properties": {"source": "Unifilar.dxf", "layer": "ELECTRICA ENERSA", "entity": "LINE"}}, {"type": "Feature", "geometry": {"type": "LineString", "coordinates": [[-58.1535449778189, -32.220576413102556], [-58.15665712535029, -32.21958055802572]]}, "properties": {"source": "Unifilar.dxf", "layer": "ELECTRICA ENERSA", "entity": "LINE"}}, {"type": "Feature", "geometry": {"type": "LineString", "coordinates": [[-58.15604017159019, -32.21964486150279], [-58.15642723636947, -32.21952037236119]]}, "properties": {"source": "Unifilar.dxf", "layer": "ELECTRICA ENERSA", "entity": "LINE"}}, {"type": "Feature", "geometry": {"type": "LineString", "coordinates": [[-58.1513685840313, -32.21356256707106], [-58.151845098667664, -32.21342673009358]]}, "properties": {"source": "Unifilar.dxf", "layer": "ELECTRICA ENERSA", "entity": "LINE"}}, {"type": "Feature", "geometry": {"type": "LineString", "coordinates": [[-58.159536364561966, -32.22563595671297], [-58.16036560563864, -32.22540487091242]]}, "properties": {"source": "Unifilar.dxf", "layer": "ELECTRICA ENERSA", "entity": "LINE"}}, {"type": "Feature", "geometry": {"type": "LineString", "coordinates": [[-58.14909876831408, -32.21070783591532], [-58.149550063992926, -32.21058262440502]]}, "properties": {"source": "Unifilar.dxf", "layer": "ELECTRICA ENERSA", "entity": "LINE"}}, {"type": "Feature", "geometry": {"type": "LineString", "coordinates": [[-58.15561778460177, -32.219772665428046], [-58.15604017159019, -32.21964486150279]]}, "properties": {"source": "Unifilar.dxf", "layer": "ELECTRICA ENERSA", "entity": "LINE"}}, {"type": "Feature", "geometry": {"type": "LineString", "coordinates": [[-58.15918554985928, -32.22574307670451], [-58.16002483658596, -32.225513606494026]]}, "properties": {"source": "Unifilar.dxf", "layer": "ELECTRICA ENERSA", "entity": "LINE"}}, {"type": "Feature", "geometry": {"type": "LineString", "coordinates": [[-58.150917128662705, -32.21368700111814], [-58.1513685840313, -32.21356256707106]]}, "properties": {"source": "Unifilar.dxf", "layer": "ELECTRICA ENERSA", "entity": "LINE"}}, {"type": "Feature", "geometry": {"type": "LineString", "coordinates": [[-58.148669667128814, -32.21082940684172], [-58.14909876831408, -32.21070783591532]]}, "properties": {"source": "Unifilar.dxf", "layer": "ELECTRICA ENERSA", "entity": "LINE"}}, {"type": "Feature", "geometry": {"type": "LineString", "coordinates": [[-58.15526113937345, -32.21988399986282], [-58.15561778460177, -32.219772665428046]]}, "properties": {"source": "Unifilar.dxf", "layer": "ELECTRICA ENERSA", "entity": "LINE"}}, {"type": "Feature", "geometry": {"type": "LineString", "coordinates": [[-58.15044775803626, -32.21382655106047], [-58.150917128662705, -32.21368700111814]]}, "properties": {"source": "Unifilar.dxf", "layer": "ELECTRICA ENERSA", "entity": "LINE"}}, {"type": "Feature", "geometry": {"type": "LineString", "coordinates": [[-58.158709200862866, -32.22586991505356], [-58.159536364561966, -32.22563595671297]]}, "properties": {"source": "Unifilar.dxf", "layer": "ELECTRICA ENERSA", "entity": "LINE"}}, {"type": "Feature", "geometry": {"type": "LineString", "coordinates": [[-58.1548669286149, -32.22000477331504], [-58.15526113937345, -32.21988399986282]]}, "properties": {"source": "Unifilar.dxf", "layer": "ELECTRICA ENERSA", "entity": "LINE"}}, {"type": "Feature", "geometry": {"type": "LineString", "coordinates": [[-58.148226139660636, -32.21095252808566], [-58.148669667128814, -32.21082940684172]]}, "properties": {"source": "Unifilar.dxf", "layer": "ELECTRICA ENERSA", "entity": "LINE"}}, {"type": "Feature", "geometry": {"type": "LineString", "coordinates": [[-58.154554054302515, -32.219163631136546], [-58.15465356155373, -32.21953770319863]]}, "properties": {"source": "Unifilar.dxf", "layer": "ELECTRICA ENERSA", "entity": "LINE"}}, {"type": "Feature", "geometry": {"type": "LineString", "coordinates": [[-58.1583462900745, -32.22597252536673], [-58.15918554985928, -32.22574307670451]]}, "properties": {"source": "Unifilar.dxf", "layer": "ELECTRICA ENERSA", "entity": "LINE"}}, {"type": "Feature", "geometry": {"type": "LineString", "coordinates": [[-58.15465356155373, -32.21953770319863], [-58.154710829507465, -32.21994230683412]]}, "properties": {"source": "Unifilar.dxf", "layer": "ELECTRICA ENERSA", "entity": "LINE"}}, {"type": "Feature", "geometry": {"type": "LineString", "coordinates": [[-58.1500587277895, -32.21389919371147], [-58.15044775803626, -32.21382655106047]]}, "properties": {"source": "Unifilar.dxf", "layer": "ELECTRICA ENERSA", "entity": "LINE"}}, {"type": "Feature", "geometry": {"type": "LineString", "coordinates": [[-58.15441829682789, -32.22015150612725], [-58.1548669286149, -32.22000477331504]]}, "properties": {"source": "Unifilar.dxf", "layer": "ELECTRICA ENERSA", "entity": "LINE"}}, {"type": "Feature", "geometry": {"type": "LineString", "coordinates": [[-58.14778972852196, -32.211079382821026], [-58.148226139660636, -32.21095252808566]]}, "properties": {"source": "Unifilar.dxf", "layer": "ELECTRICA ENERSA", "entity": "LINE"}}, {"type": "Feature", "geometry": {"type": "LineString", "coordinates": [[-58.154710829507465, -32.21994230683412], [-58.15475486795076, -32.22011682366485]]}, "properties": {"source": "Unifilar.dxf", "layer": "ELECTRICA ENERSA", "entity": "LINE"}}, {"type": "Feature", "geometry": {"type": "LineString", "coordinates": [[-58.15475486795076, -32.22011682366485], [-58.154908238659516, -32.22062059258866]]}, "properties": {"source": "Unifilar.dxf", "layer": "ELECTRICA ENERSA", "entity": "LINE"}}, {"type": "Feature", "geometry": {"type": "LineString", "coordinates": [[-58.14963752750538, -32.21401947186895], [-58.1500587277895, -32.21389919371147]]}, "properties": {"source": "Unifilar.dxf", "layer": "ELECTRICA ENERSA", "entity": "LINE"}}, {"type": "Feature", "geometry": {"type": "LineString", "coordinates": [[-58.1578872022719, -32.22612018952777], [-58.158709200862866, -32.22586991505356]]}, "properties": {"source": "Unifilar.dxf", "layer": "ELECTRICA ENERSA", "entity": "LINE"}}, {"type": "Feature", "geometry": {"type": "LineString", "coordinates": [[-58.154908238659516, -32.22062059258866], [-58.15501009502809, -32.22096412526452]]}, "properties": {"source": "Unifilar.dxf", "layer": "ELECTRICA ENERSA", "entity": "LINE"}}, {"type": "Feature", "geometry": {"type": "LineString", "coordinates": [[-58.15501009502809, -32.22096412526452], [-58.155096555832266, -32.22132320389487]]}, "properties": {"source": "Unifilar.dxf", "layer": "ELECTRICA ENERSA", "entity": "LINE"}}, {"type": "Feature", "geometry": {"type": "LineString", "coordinates": [[-58.154011923350886, -32.22026773510386], [-58.15441829682789, -32.22015150612725]]}, "properties": {"source": "Unifilar.dxf", "layer": "ELECTRICA ENERSA", "entity": "LINE"}}, {"type": "Feature", "geometry": {"type": "LineString", "coordinates": [[-58.14735329744345, -32.21120620997038], [-58.14778972852196, -32.211079382821026]]}, "properties": {"source": "Unifilar.dxf", "layer": "ELECTRICA ENERSA", "entity": "LINE"}}, {"type": "Feature", "geometry": {"type": "LineString", "coordinates": [[-58.155096555832266, -32.22132320389487], [-58.15525731368539, -32.221692929608814]]}, "properties": {"source": "Unifilar.dxf", "layer": "ELECTRICA ENERSA", "entity": "LINE"}}, {"type": "Feature", "geometry": {"type": "LineString", "coordinates": [[-58.15525731368539, -32.221692929608814], [-58.15537011180573, -32.22208844493758]]}, "properties": {"source": "Unifilar.dxf", "layer": "ELECTRICA ENERSA", "entity": "LINE"}}, {"type": "Feature", "geometry": {"type": "LineString", "coordinates": [[-58.157512483655076, -32.226215746451494], [-58.1583462900745, -32.22597252536673]]}, "properties": {"source": "Unifilar.dxf", "layer": "ELECTRICA ENERSA", "entity": "LINE"}}, {"type": "Feature", "geometry": {"type": "LineString", "coordinates": [[-58.15537011180573, -32.22208844493758], [-58.15548155894409, -32.22250048367787]]}, "properties": {"source": "Unifilar.dxf", "layer": "ELECTRICA ENERSA", "entity": "LINE"}}, {"type": "Feature", "geometry": {"type": "LineString", "coordinates": [[-58.15360143428404, -32.22039360691668], [-58.154011923350886, -32.22026773510386]]}, "properties": {"source": "Unifilar.dxf", "layer": "ELECTRICA ENERSA", "entity": "LINE"}}, {"type": "Feature", "geometry": {"type": "LineString", "coordinates": [[-58.14691041764612, -32.211333280216564], [-58.14735329744345, -32.21120620997038]]}, "properties": {"source": "Unifilar.dxf", "layer": "ELECTRICA ENERSA", "entity": "LINE"}}, {"type": "Feature", "geometry": {"type": "LineString", "coordinates": [[-58.15548155894409, -32.22250048367787], [-58.15559819798273, -32.22290430836137]]}, "properties": {"source": "Unifilar.dxf", "layer": "ELECTRICA ENERSA", "entity": "LINE"}}, {"type": "Feature", "geometry": {"type": "LineString", "coordinates": [[-58.15966261647135, -32.22908600895574], [-58.16003126070139, -32.22898773179846]]}, "properties": {"source": "Unifilar.dxf", "layer": "ELECTRICA ENERSA", "entity": "LINE"}}, {"type": "Feature", "geometry": {"type": "LineString", "coordinates": [[-58.15574782920272, -32.22308681346413], [-58.15565602691891, -32.223113243297874]]}, "properties": {"source": "Unifilar.dxf", "layer": "ELECTRICA ENERSA", "entity": "LINE"}}, {"type": "Feature", "geometry": {"type": "LineString", "coordinates": [[-58.15559819798273, -32.22290430836137], [-58.15565602691891, -32.223113243297874]]}, "properties": {"source": "Unifilar.dxf", "layer": "ELECTRICA ENERSA", "entity": "LINE"}}, {"type": "Feature", "geometry": {"type": "LineString", "coordinates": [[-58.15706508551148, -32.226354961047726], [-58.1578872022719, -32.22612018952777]]}, "properties": {"source": "Unifilar.dxf", "layer": "ELECTRICA ENERSA", "entity": "LINE"}}, {"type": "Feature", "geometry": {"type": "LineString", "coordinates": [[-58.15565602691891, -32.223113243297874], [-58.155677996902654, -32.22319276385884]]}, "properties": {"source": "Unifilar.dxf", "layer": "ELECTRICA ENERSA", "entity": "LINE"}}, {"type": "Feature", "geometry": {"type": "LineString", "coordinates": [[-58.15523694370324, -32.223236450340906], [-58.15565602691891, -32.223113243297874]]}, "properties": {"source": "Unifilar.dxf", "layer": "ELECTRICA ENERSA", "entity": "LINE"}}, {"type": "Feature", "geometry": {"type": "LineString", "coordinates": [[-58.155677996902654, -32.22319276385884], [-58.15578271673249, -32.22355865047186]]}, "properties": {"source": "Unifilar.dxf", "layer": "ELECTRICA ENERSA", "entity": "LINE"}}, {"type": "Feature", "geometry": {"type": "LineString", "coordinates": [[-58.15318989751448, -32.22051802927173], [-58.15360143428404, -32.22039360691668]]}, "properties": {"source": "Unifilar.dxf", "layer": "ELECTRICA ENERSA", "entity": "LINE"}}, {"type": "Feature", "geometry": {"type": "LineString", "coordinates": [[-58.15578271673249, -32.22355865047186], [-58.15589261321273, -32.22395626317541]]}, "properties": {"source": "Unifilar.dxf", "layer": "ELECTRICA ENERSA", "entity": "LINE"}}, {"type": "Feature", "geometry": {"type": "LineString", "coordinates": [[-58.14646146178496, -32.2114581163963], [-58.14691041764612, -32.211333280216564]]}, "properties": {"source": "Unifilar.dxf", "layer": "ELECTRICA ENERSA", "entity": "LINE"}}, {"type": "Feature", "geometry": {"type": "LineString", "coordinates": [[-58.153533070983265, -32.22057839313877], [-58.153544733396814, -32.22056996326763]]}, "properties": {"source": "Unifilar.dxf", "layer": "ELECTRICA ENERSA", "entity": "LINE"}}, {"type": "Feature", "geometry": {"type": "LineString", "coordinates": [[-58.15353581491279, -32.22058524510636], [-58.1535449778189, -32.220576413102556]]}, "properties": {"source": "Unifilar.dxf", "layer": "ELECTRICA ENERSA", "entity": "LINE"}}, {"type": "Feature", "geometry": {"type": "LineString", "coordinates": [[-58.15352262388174, -32.22057927656381], [-58.153533070983265, -32.22057839313877]]}, "properties": {"source": "Unifilar.dxf", "layer": "ELECTRICA ENERSA", "entity": "LINE"}}, {"type": "Feature", "geometry": {"type": "LineString", "coordinates": [[-58.15351600878446, -32.22058851726738], [-58.15353581491279, -32.22058524510636]]}, "properties": {"source": "Unifilar.dxf", "layer": "ELECTRICA ENERSA", "entity": "LINE"}}, {"type": "Feature", "geometry": {"type": "LineString", "coordinates": [[-58.15352117306169, -32.220580325251206], [-58.15352262388174, -32.22057927656381]]}, "properties": {"source": "Unifilar.dxf", "layer": "ELECTRICA ENERSA", "entity": "LINE"}}, {"type": "Feature", "geometry": {"type": "LineString", "coordinates": [[-58.15143254534985, -32.22124242490491], [-58.15352117306169, -32.220580325251206]]}, "properties": {"source": "Unifilar.dxf", "layer": "ELECTRICA ENERSA", "entity": "LINE"}}, {"type": "Feature", "geometry": {"type": "LineString", "coordinates": [[-58.15922968254333, -32.2291992215819], [-58.15966261647135, -32.22908600895574]]}, "properties": {"source": "Unifilar.dxf", "layer": "ELECTRICA ENERSA", "entity": "LINE"}}, {"type": "Feature", "geometry": {"type": "LineString", "coordinates": [[-58.15351452935669, -32.22058958663311], [-58.15351600878446, -32.22058851726738]]}, "properties": {"source": "Unifilar.dxf", "layer": "ELECTRICA ENERSA", "entity": "LINE"}}, {"type": "Feature", "geometry": {"type": "LineString", "coordinates": [[-58.15143528271227, -32.22124932517387], [-58.15351452935669, -32.22058958663311]]}, "properties": {"source": "Unifilar.dxf", "layer": "ELECTRICA ENERSA", "entity": "LINE"}}, {"type": "Feature", "geometry": {"type": "LineString", "coordinates": [[-58.15589261321273, -32.22395626317541], [-58.156008174956256, -32.22435865771721]]}, "properties": {"source": "Unifilar.dxf", "layer": "ELECTRICA ENERSA", "entity": "LINE"}}, {"type": "Feature", "geometry": {"type": "LineString", "coordinates": [[-58.1571046607203, -32.22633302313081], [-58.157512483655076, -32.226215746451494]]}, "properties": {"source": "Unifilar.dxf", "layer": "ELECTRICA ENERSA", "entity": "LINE"}}, {"type": "Feature", "geometry": {"type": "LineString", "coordinates": [[-58.15459834005503, -32.22342734867993], [-58.15523694370324, -32.223236450340906]]}, "properties": {"source": "Unifilar.dxf", "layer": "ELECTRICA ENERSA", "entity": "LINE"}}, {"type": "Feature", "geometry": {"type": "LineString", "coordinates": [[-58.156008174956256, -32.22435865771721], [-58.15612373768446, -32.22476105362128]]}, "properties": {"source": "Unifilar.dxf", "layer": "ELECTRICA ENERSA", "entity": "LINE"}}, {"type": "Feature", "geometry": {"type": "LineString", "coordinates": [[-58.15270263181619, -32.22067272303589], [-58.15318989751448, -32.22051802927173]]}, "properties": {"source": "Unifilar.dxf", "layer": "ELECTRICA ENERSA", "entity": "LINE"}}, {"type": "Feature", "geometry": {"type": "LineString", "coordinates": [[-58.15115858815883, -32.21788584203306], [-58.150869003742464, -32.21758035133136]]}, "properties": {"source": "Unifilar.dxf", "layer": "ELECTRICA ENERSA", "entity": "LINE"}}, {"type": "Feature", "geometry": {"type": "LineString", "coordinates": [[-58.15612373768446, -32.22476105362128], [-58.156229418736785, -32.22515283443692]]}, "properties": {"source": "Unifilar.dxf", "layer": "ELECTRICA ENERSA", "entity": "LINE"}}, {"type": "Feature", "geometry": {"type": "LineString", "coordinates": [[-58.14601648349674, -32.21158228632764], [-58.14646146178496, -32.2114581163963]]}, "properties": {"source": "Unifilar.dxf", "layer": "ELECTRICA ENERSA", "entity": "LINE"}}, {"type": "Feature", "geometry": {"type": "LineString", "coordinates": [[-58.150869003742464, -32.21758035133136], [-58.15058638946315, -32.217287619654385]]}, "properties": {"source": "Unifilar.dxf", "layer": "ELECTRICA ENERSA", "entity": "LINE"}}, {"type": "Feature", "geometry": {"type": "LineString", "coordinates": [[-58.15880469719407, -32.22931115001265], [-58.15922968254333, -32.2291992215819]]}, "properties": {"source": "Unifilar.dxf", "layer": "ELECTRICA ENERSA", "entity": "LINE"}}, {"type": "Feature", "geometry": {"type": "LineString", "coordinates": [[-58.15058638946315, -32.217287619654385], [-58.15029804005247, -32.216974609752015]]}, "properties": {"source": "Unifilar.dxf", "layer": "ELECTRICA ENERSA", "entity": "LINE"}}, {"type": "Feature", "geometry": {"type": "LineString", "coordinates": [[-58.15709671176394, -32.226334309673184], [-58.1571046607203, -32.22633302313081]]}, "properties": {"source": "Unifilar.dxf", "layer": "ELECTRICA ENERSA", "entity": "LINE"}}, {"type": "Feature", "geometry": {"type": "LineString", "coordinates": [[-58.15708588222342, -32.22633771985111], [-58.15709671176394, -32.226334309673184]]}, "properties": {"source": "Unifilar.dxf", "layer": "ELECTRICA ENERSA", "entity": "LINE"}}, {"type": "Feature", "geometry": {"type": "LineString", "coordinates": [[-58.156229418736785, -32.22515283443692], [-58.1563433138459, -32.22554980715283]]}, "properties": {"source": "Unifilar.dxf", "layer": "ELECTRICA ENERSA", "entity": "LINE"}}, {"type": "Feature", "geometry": {"type": "LineString", "coordinates": [[-58.157061674348874, -32.22634413014493], [-58.15708588222342, -32.22633771985111]]}, "properties": {"source": "Unifilar.dxf", "layer": "ELECTRICA ENERSA", "entity": "LINE"}}, {"type": "Feature", "geometry": {"type": "LineString", "coordinates": [[-58.15029804005247, -32.216974609752015], [-58.14986574425747, -32.217091821310596]]}, "properties": {"source": "Unifilar.dxf", "layer": "ELECTRICA ENERSA", "entity": "LINE"}}, {"type": "Feature", "geometry": {"type": "LineString", "coordinates": [[-58.15704862790184, -32.22632913671319], [-58.157061674348874, -32.22634413014493]]}, "properties": {"source": "Unifilar.dxf", "layer": "ELECTRICA ENERSA", "entity": "LINE"}}, {"type": "Feature", "geometry": {"type": "LineString", "coordinates": [[-58.15667782143366, -32.22644849839412], [-58.157061674348874, -32.22634413014493]]}, "properties": {"source": "Unifilar.dxf", "layer": "ELECTRICA ENERSA", "entity": "LINE"}}, {"type": "Feature", "geometry": {"type": "LineString", "coordinates": [[-58.157033986050735, -32.22632421685803], [-58.15704862790184, -32.22632913671319]]}, "properties": {"source": "Unifilar.dxf", "layer": "ELECTRICA ENERSA", "entity": "LINE"}}, {"type": "Feature", "geometry": {"type": "LineString", "coordinates": [[-58.1562428613612, -32.22657430478266], [-58.15706508551148, -32.226354961047726]]}, "properties": {"source": "Unifilar.dxf", "layer": "ELECTRICA ENERSA", "entity": "LINE"}}, {"type": "Feature", "geometry": {"type": "LineString", "coordinates": [[-58.157009732221766, -32.22633062096234], [-58.157033986050735, -32.22632421685803]]}, "properties": {"source": "Unifilar.dxf", "layer": "ELECTRICA ENERSA", "entity": "LINE"}}, {"type": "Feature", "geometry": {"type": "LineString", "coordinates": [[-58.15663465841139, -32.22642868494529], [-58.157009732221766, -32.22633062096234]]}, "properties": {"source": "Unifilar.dxf", "layer": "ELECTRICA ENERSA", "entity": "LINE"}}, {"type": "Feature", "geometry": {"type": "LineString", "coordinates": [[-58.1563433138459, -32.22554980715283], [-58.156456348458946, -32.22595182160259]]}, "properties": {"source": "Unifilar.dxf", "layer": "ELECTRICA ENERSA", "entity": "LINE"}}, {"type": "Feature", "geometry": {"type": "LineString", "coordinates": [[-58.15204508577102, -32.220877313392], [-58.15270263181619, -32.22067272303589]]}, "properties": {"source": "Unifilar.dxf", "layer": "ELECTRICA ENERSA", "entity": "LINE"}}, {"type": "Feature", "geometry": {"type": "LineString", "coordinates": [[-58.156456348458946, -32.22595182160259], [-58.15657322300561, -32.22636214404481]]}, "properties": {"source": "Unifilar.dxf", "layer": "ELECTRICA ENERSA", "entity": "LINE"}}, {"type": "Feature", "geometry": {"type": "LineString", "coordinates": [[-58.15413560558181, -32.223557684179454], [-58.15459834005503, -32.22342734867993]]}, "properties": {"source": "Unifilar.dxf", "layer": "ELECTRICA ENERSA", "entity": "LINE"}}, {"type": "Feature", "geometry": {"type": "LineString", "coordinates": [[-58.14558418770173, -32.211699497886215], [-58.14601648349674, -32.21158228632764]]}, "properties": {"source": "Unifilar.dxf", "layer": "ELECTRICA ENERSA", "entity": "LINE"}}, {"type": "Feature", "geometry": {"type": "LineString", "coordinates": [[-58.15837930216038, -32.22942562488994], [-58.15880469719407, -32.22931115001265]]}, "properties": {"source": "Unifilar.dxf", "layer": "ELECTRICA ENERSA", "entity": "LINE"}}, {"type": "Feature", "geometry": {"type": "LineString", "coordinates": [[-58.15660265333284, -32.226467322315685], [-58.15667782143366, -32.22644849839412]]}, "properties": {"source": "Unifilar.dxf", "layer": "ELECTRICA ENERSA", "entity": "LINE"}}, {"type": "Feature", "geometry": {"type": "LineString", "coordinates": [[-58.15659648104615, -32.2263697562928], [-58.15661140037085, -32.226421072697306]]}, "properties": {"source": "Unifilar.dxf", "layer": "ELECTRICA ENERSA", "entity": "LINE"}}, {"type": "Feature", "geometry": {"type": "LineString", "coordinates": [[-58.15657322300561, -32.22636214404481], [-58.15659396184505, -32.2263693269147]]}, "properties": {"source": "Unifilar.dxf", "layer": "ELECTRICA ENERSA", "entity": "LINE"}}, {"type": "Feature", "geometry": {"type": "LineString", "coordinates": [[-58.15661140037085, -32.226421072697306], [-58.15663465841139, -32.22642868494529]]}, "properties": {"source": "Unifilar.dxf", "layer": "ELECTRICA ENERSA", "entity": "LINE"}}, {"type": "Feature", "geometry": {"type": "LineString", "coordinates": [[-58.14986574425747, -32.217091821310596], [-58.149441827289266, -32.217205227806836]]}, "properties": {"source": "Unifilar.dxf", "layer": "ELECTRICA ENERSA", "entity": "LINE"}}, {"type": "Feature", "geometry": {"type": "LineString", "coordinates": [[-58.156240528478385, -32.226564905383846], [-58.15660265333284, -32.226467322315685]]}, "properties": {"source": "Unifilar.dxf", "layer": "ELECTRICA ENERSA", "entity": "LINE"}}, {"type": "Feature", "geometry": {"type": "LineString", "coordinates": [[-58.14522754315455, -32.21181083182865], [-58.14558418770173, -32.211699497886215]]}, "properties": {"source": "Unifilar.dxf", "layer": "ELECTRICA ENERSA", "entity": "LINE"}}, {"type": "Feature", "geometry": {"type": "LineString", "coordinates": [[-58.15795136588496, -32.22953964276609], [-58.15837930216038, -32.22942562488994]]}, "properties": {"source": "Unifilar.dxf", "layer": "ELECTRICA ENERSA", "entity": "LINE"}}, {"type": "Feature", "geometry": {"type": "LineString", "coordinates": [[-58.153655404052564, -32.22370064528439], [-58.15413560558181, -32.223557684179454]]}, "properties": {"source": "Unifilar.dxf", "layer": "ELECTRICA ENERSA", "entity": "LINE"}}, {"type": "Feature", "geometry": {"type": "LineString", "coordinates": [[-58.15583032201246, -32.22667277571965], [-58.156240528478385, -32.226564905383846]]}, "properties": {"source": "Unifilar.dxf", "layer": "ELECTRICA ENERSA", "entity": "LINE"}}, {"type": "Feature", "geometry": {"type": "LineString", "coordinates": [[-58.15539750723858, -32.22680149266235], [-58.1562428613612, -32.22657430478266]]}, "properties": {"source": "Unifilar.dxf", "layer": "ELECTRICA ENERSA", "entity": "LINE"}}, {"type": "Feature", "geometry": {"type": "LineString", "coordinates": [[-58.149441827289266, -32.217205227806836], [-58.14901855638346, -32.217322583949425]]}, "properties": {"source": "Unifilar.dxf", "layer": "ELECTRICA ENERSA", "entity": "LINE"}}, {"type": "Feature", "geometry": {"type": "LineString", "coordinates": [[-58.151516757884366, -32.22105506137792], [-58.15204508577102, -32.220877313392]]}, "properties": {"source": "Unifilar.dxf", "layer": "ELECTRICA ENERSA", "entity": "LINE"}}, {"type": "Feature", "geometry": {"type": "LineString", "coordinates": [[-58.14521621188947, -32.21180126713046], [-58.14522754315455, -32.21181083182865]]}, "properties": {"source": "Unifilar.dxf", "layer": "ELECTRICA ENERSA", "entity": "LINE"}}, {"type": "Feature", "geometry": {"type": "LineString", "coordinates": [[-58.14522254413966, -32.211810027563345], [-58.14522754315455, -32.21181083182865]]}, "properties": {"source": "Unifilar.dxf", "layer": "ELECTRICA ENERSA", "entity": "LINE"}}, {"type": "Feature", "geometry": {"type": "LineString", "coordinates": [[-58.14499601765675, -32.211865027792626], [-58.14521621188947, -32.21180126713046]]}, "properties": {"source": "Unifilar.dxf", "layer": "ELECTRICA ENERSA", "entity": "LINE"}}, {"type": "Feature", "geometry": {"type": "LineString", "coordinates": [[-58.14520849980341, -32.211809050446874], [-58.14522254413966, -32.211810027563345]]}, "properties": {"source": "Unifilar.dxf", "layer": "ELECTRICA ENERSA", "entity": "LINE"}}, {"type": "Feature", "geometry": {"type": "LineString", "coordinates": [[-58.145204147343264, -32.21181219650905], [-58.14520849980341, -32.211809050446874]]}, "properties": {"source": "Unifilar.dxf", "layer": "ELECTRICA ENERSA", "entity": "LINE"}}, {"type": "Feature", "geometry": {"type": "LineString", "coordinates": [[-58.145009638312075, -32.21186847747464], [-58.145204147343264, -32.21181219650905]]}, "properties": {"source": "Unifilar.dxf", "layer": "ELECTRICA ENERSA", "entity": "LINE"}}, {"type": "Feature", "geometry": {"type": "LineString", "coordinates": [[-58.157527858978796, -32.22965050046883], [-58.15795136588496, -32.22953964276609]]}, "properties": {"source": "Unifilar.dxf", "layer": "ELECTRICA ENERSA", "entity": "LINE"}}, {"type": "Feature", "geometry": {"type": "LineString", "coordinates": [[-58.15539490925534, -32.226785614820876], [-58.15583032201246, -32.22667277571965]]}, "properties": {"source": "Unifilar.dxf", "layer": "ELECTRICA ENERSA", "entity": "LINE"}}, {"type": "Feature", "geometry": {"type": "LineString", "coordinates": [[-58.15322904047589, -32.22382911682032], [-58.153655404052564, -32.22370064528439]]}, "properties": {"source": "Unifilar.dxf", "layer": "ELECTRICA ENERSA", "entity": "LINE"}}, {"type": "Feature", "geometry": {"type": "LineString", "coordinates": [[-58.14901855638346, -32.217322583949425], [-58.14859207229037, -32.2174355521535]]}, "properties": {"source": "Unifilar.dxf", "layer": "ELECTRICA ENERSA", "entity": "LINE"}}, {"type": "Feature", "geometry": {"type": "LineString", "coordinates": [[-58.14500128103355, -32.21187230947888], [-58.145009638312075, -32.21186847747464]]}, "properties": {"source": "Unifilar.dxf", "layer": "ELECTRICA ENERSA", "entity": "LINE"}}, {"type": "Feature", "geometry": {"type": "LineString", "coordinates": [[-58.14500632747988, -32.21187312197711], [-58.14500128103355, -32.21187230947888]]}, "properties": {"source": "Unifilar.dxf", "layer": "ELECTRICA ENERSA", "entity": "LINE"}}, {"type": "Feature", "geometry": {"type": "LineString", "coordinates": [[-58.144988999310705, -32.21187676932888], [-58.14500632747988, -32.21187312197711]]}, "properties": {"source": "Unifilar.dxf", "layer": "ELECTRICA ENERSA", "entity": "LINE"}}, {"type": "Feature", "geometry": {"type": "LineString", "coordinates": [[-58.15744131563042, -32.22909180269727], [-58.15733044250386, -32.229116470502326]]}, "properties": {"source": "Unifilar.dxf", "layer": "ELECTRICA ENERSA", "entity": "LINE"}}, {"type": "Feature", "geometry": {"type": "LineString", "coordinates": [[-58.14461306723647, -32.211979872395176], [-58.144988999310705, -32.21187676932888]]}, "properties": {"source": "Unifilar.dxf", "layer": "ELECTRICA ENERSA", "entity": "LINE"}}, {"type": "Feature", "geometry": {"type": "LineString", "coordinates": [[-58.157318254735515, -32.22903208795871], [-58.15733044250386, -32.229116470502326]]}, "properties": {"source": "Unifilar.dxf", "layer": "ELECTRICA ENERSA", "entity": "LINE"}}, {"type": "Feature", "geometry": {"type": "LineString", "coordinates": [[-58.1511119636732, -32.22118569571291], [-58.151516757884366, -32.22105506137792]]}, "properties": {"source": "Unifilar.dxf", "layer": "ELECTRICA ENERSA", "entity": "LINE"}}, {"type": "Feature", "geometry": {"type": "LineString", "coordinates": [[-58.15733044250386, -32.229116470502326], [-58.15741262682499, -32.22967836263745]]}, "properties": {"source": "Unifilar.dxf", "layer": "ELECTRICA ENERSA", "entity": "LINE"}}, {"type": "Feature", "geometry": {"type": "LineString", "coordinates": [[-58.15700190325975, -32.22920528042386], [-58.15733044250386, -32.229116470502326]]}, "properties": {"source": "Unifilar.dxf", "layer": "ELECTRICA ENERSA", "entity": "LINE"}}, {"type": "Feature", "geometry": {"type": "LineString", "coordinates": [[-58.15548189015979, -32.22678930254705], [-58.15547977309134, -32.226786373661504]]}, "properties": {"source": "Unifilar.dxf", "layer": "ELECTRICA ENERSA", "entity": "LINE"}}, {"type": "Feature", "geometry": {"type": "LineString", "coordinates": [[-58.15547977309134, -32.226786373661504], [-58.15543675947447, -32.22679750036928]]}, "properties": {"source": "Unifilar.dxf", "layer": "ELECTRICA ENERSA", "entity": "LINE"}}, {"type": "Feature", "geometry": {"type": "LineString", "coordinates": [[-58.15549771358787, -32.226851094660795], [-58.15548189015979, -32.22678930254705]]}, "properties": {"source": "Unifilar.dxf", "layer": "ELECTRICA ENERSA", "entity": "LINE"}}, {"type": "Feature", "geometry": {"type": "LineString", "coordinates": [[-58.15741262682499, -32.22967836263745], [-58.157527858978796, -32.22965050046883]]}, "properties": {"source": "Unifilar.dxf", "layer": "ELECTRICA ENERSA", "entity": "LINE"}}, {"type": "Feature", "geometry": {"type": "LineString", "coordinates": [[-58.155500879343705, -32.22685547436638], [-58.15549771358787, -32.226851094660795]]}, "properties": {"source": "Unifilar.dxf", "layer": "ELECTRICA ENERSA", "entity": "LINE"}}, {"type": "Feature", "geometry": {"type": "LineString", "coordinates": [[-58.15550385878126, -32.22686882409269], [-58.155500879343705, -32.22685547436638]]}, "properties": {"source": "Unifilar.dxf", "layer": "ELECTRICA ENERSA", "entity": "LINE"}}, {"type": "Feature", "geometry": {"type": "LineString", "coordinates": [[-58.15549050248785, -32.22687185183162], [-58.15550385878126, -32.22686882409269]]}, "properties": {"source": "Unifilar.dxf", "layer": "ELECTRICA ENERSA", "entity": "LINE"}}, {"type": "Feature", "geometry": {"type": "LineString", "coordinates": [[-58.151353526759614, -32.22127737010534], [-58.15143254534985, -32.22124242490491]]}, "properties": {"source": "Unifilar.dxf", "layer": "ELECTRICA ENERSA", "entity": "LINE"}}, {"type": "Feature", "geometry": {"type": "LineString", "coordinates": [[-58.151360642842945, -32.22128110325619], [-58.15143528271227, -32.22124932517387]]}, "properties": {"source": "Unifilar.dxf", "layer": "ELECTRICA ENERSA", "entity": "LINE"}}, {"type": "Feature", "geometry": {"type": "LineString", "coordinates": [[-58.15543675947447, -32.22679750036928], [-58.155420400340624, -32.22678715174356]]}, "properties": {"source": "Unifilar.dxf", "layer": "ELECTRICA ENERSA", "entity": "LINE"}}, {"type": "Feature", "geometry": {"type": "LineString", "coordinates": [[-58.155420400340624, -32.22678715174356], [-58.155404122713456, -32.226792249611826]]}, "properties": {"source": "Unifilar.dxf", "layer": "ELECTRICA ENERSA", "entity": "LINE"}}, {"type": "Feature", "geometry": {"type": "LineString", "coordinates": [[-58.155404122713456, -32.226792249611826], [-58.15539490925534, -32.226785614820876]]}, "properties": {"source": "Unifilar.dxf", "layer": "ELECTRICA ENERSA", "entity": "LINE"}}, {"type": "Feature", "geometry": {"type": "LineString", "coordinates": [[-58.15499015322301, -32.22689179784393], [-58.15539490925534, -32.226785614820876]]}, "properties": {"source": "Unifilar.dxf", "layer": "ELECTRICA ENERSA", "entity": "LINE"}}, {"type": "Feature", "geometry": {"type": "LineString", "coordinates": [[-58.154560550313185, -32.22700039389421], [-58.15539750723858, -32.22680149266235]]}, "properties": {"source": "Unifilar.dxf", "layer": "ELECTRICA ENERSA", "entity": "LINE"}}, {"type": "Feature", "geometry": {"type": "LineString", "coordinates": [[-58.152802438059545, -32.22395108885766], [-58.15322904047589, -32.22382911682032]]}, "properties": {"source": "Unifilar.dxf", "layer": "ELECTRICA ENERSA", "entity": "LINE"}}, {"type": "Feature", "geometry": {"type": "LineString", "coordinates": [[-58.14859207229037, -32.2174355521535], [-58.14815939591099, -32.21755529016143]]}, "properties": {"source": "Unifilar.dxf", "layer": "ELECTRICA ENERSA", "entity": "LINE"}}, {"type": "Feature", "geometry": {"type": "LineString", "coordinates": [[-58.15139236787415, -32.221420132237824], [-58.151360642842945, -32.22128110325619]]}, "properties": {"source": "Unifilar.dxf", "layer": "ELECTRICA ENERSA", "entity": "LINE"}}, {"type": "Feature", "geometry": {"type": "LineString", "coordinates": [[-58.15138548828353, -32.22142289820797], [-58.151353526759614, -32.22127737010534]]}, "properties": {"source": "Unifilar.dxf", "layer": "ELECTRICA ENERSA", "entity": "LINE"}}, {"type": "Feature", "geometry": {"type": "LineString", "coordinates": [[-58.157428943918624, -32.22979301946686], [-58.15741262682499, -32.22967836263745]]}, "properties": {"source": "Unifilar.dxf", "layer": "ELECTRICA ENERSA", "entity": "LINE"}}, {"type": "Feature", "geometry": {"type": "LineString", "coordinates": [[-58.15724998958444, -32.22972044073818], [-58.15741262682499, -32.22967836263745]]}, "properties": {"source": "Unifilar.dxf", "layer": "ELECTRICA ENERSA", "entity": "LINE"}}, {"type": "Feature", "geometry": {"type": "LineString", "coordinates": [[-58.14422947868317, -32.212090718065305], [-58.14461306723647, -32.211979872395176]]}, "properties": {"source": "Unifilar.dxf", "layer": "ELECTRICA ENERSA", "entity": "LINE"}}, {"type": "Feature", "geometry": {"type": "LineString", "coordinates": [[-58.151578483012656, -32.222064402133995], [-58.15139236787415, -32.221420132237824]]}, "properties": {"source": "Unifilar.dxf", "layer": "ELECTRICA ENERSA", "entity": "LINE"}}, {"type": "Feature", "geometry": {"type": "LineString", "coordinates": [[-58.151570125734125, -32.22206823413824], [-58.15138548828353, -32.22142289820797]]}, "properties": {"source": "Unifilar.dxf", "layer": "ELECTRICA ENERSA", "entity": "LINE"}}, {"type": "Feature", "geometry": {"type": "LineString", "coordinates": [[-58.156553493622916, -32.229318591525825], [-58.15700190325975, -32.22920528042386]]}, "properties": {"source": "Unifilar.dxf", "layer": "ELECTRICA ENERSA", "entity": "LINE"}}, {"type": "Feature", "geometry": {"type": "LineString", "coordinates": [[-58.1507296318237, -32.221304509314905], [-58.1511119636732, -32.22118569571291]]}, "properties": {"source": "Unifilar.dxf", "layer": "ELECTRICA ENERSA", "entity": "LINE"}}, {"type": "Feature", "geometry": {"type": "LineString", "coordinates": [[-58.15158108235817, -32.22208027899078], [-58.151578483012656, -32.222064402133995]]}, "properties": {"source": "Unifilar.dxf", "layer": "ELECTRICA ENERSA", "entity": "LINE"}}, {"type": "Feature", "geometry": {"type": "LineString", "coordinates": [[-58.15157315445774, -32.222081591793916], [-58.151570125734125, -32.22206823413824]]}, "properties": {"source": "Unifilar.dxf", "layer": "ELECTRICA ENERSA", "entity": "LINE"}}, {"type": "Feature", "geometry": {"type": "LineString", "coordinates": [[-58.15212718801056, -32.22409745733548], [-58.15157960429267, -32.222081347371834]]}, "properties": {"source": "Unifilar.dxf", "layer": "ELECTRICA ENERSA", "entity": "LINE"}}, {"type": "Feature", "geometry": {"type": "LineString", "coordinates": [[-58.15211754282738, -32.22409334136805], [-58.15157315445774, -32.222081591793916]]}, "properties": {"source": "Unifilar.dxf", "layer": "ELECTRICA ENERSA", "entity": "LINE"}}, {"type": "Feature", "geometry": {"type": "LineString", "coordinates": [[-58.154561834508606, -32.22700834247298], [-58.15499015322301, -32.22689179784393]]}, "properties": {"source": "Unifilar.dxf", "layer": "ELECTRICA ENERSA", "entity": "LINE"}}, {"type": "Feature", "geometry": {"type": "LineString", "coordinates": [[-58.143716850756284, -32.21223494590219], [-58.14422947868317, -32.212090718065305]]}, "properties": {"source": "Unifilar.dxf", "layer": "ELECTRICA ENERSA", "entity": "LINE"}}, {"type": "Feature", "geometry": {"type": "LineString", "coordinates": [[-58.152386264035755, -32.224072151586796], [-58.152802438059545, -32.22395108885766]]}, "properties": {"source": "Unifilar.dxf", "layer": "ELECTRICA ENERSA", "entity": "LINE"}}, {"type": "Feature", "geometry": {"type": "LineString", "coordinates": [[-58.14815939591099, -32.21755529016143], [-58.1477281774111, -32.21767393186171]]}, "properties": {"source": "Unifilar.dxf", "layer": "ELECTRICA ENERSA", "entity": "LINE"}}, {"type": "Feature", "geometry": {"type": "LineString", "coordinates": [[-58.156092942627104, -32.22942738626756], [-58.156553493622916, -32.229318591525825]]}, "properties": {"source": "Unifilar.dxf", "layer": "ELECTRICA ENERSA", "entity": "LINE"}}, {"type": "Feature", "geometry": {"type": "LineString", "coordinates": [[-58.150344828696895, -32.22142290245286], [-58.1507296318237, -32.221304509314905]]}, "properties": {"source": "Unifilar.dxf", "layer": "ELECTRICA ENERSA", "entity": "LINE"}}, {"type": "Feature", "geometry": {"type": "LineString", "coordinates": [[-58.15373275937542, -32.227230431499706], [-58.154560550313185, -32.22700039389421]]}, "properties": {"source": "Unifilar.dxf", "layer": "ELECTRICA ENERSA", "entity": "LINE"}}, {"type": "Feature", "geometry": {"type": "LineString", "coordinates": [[-58.15455893286851, -32.22701043984776], [-58.154561834508606, -32.22700834247298]]}, "properties": {"source": "Unifilar.dxf", "layer": "ELECTRICA ENERSA", "entity": "LINE"}}, {"type": "Feature", "geometry": {"type": "LineString", "coordinates": [[-58.15454555688144, -32.227013440341246], [-58.15455893286851, -32.22701043984776]]}, "properties": {"source": "Unifilar.dxf", "layer": "ELECTRICA ENERSA", "entity": "LINE"}}, {"type": "Feature", "geometry": {"type": "LineString", "coordinates": [[-58.154150892757094, -32.227121246998486], [-58.15454555688144, -32.227013440341246]]}, "properties": {"source": "Unifilar.dxf", "layer": "ELECTRICA ENERSA", "entity": "LINE"}}, {"type": "Feature", "geometry": {"type": "LineString", "coordinates": [[-58.152017475782635, -32.22417896879141], [-58.152386264035755, -32.224072151586796]]}, "properties": {"source": "Unifilar.dxf", "layer": "ELECTRICA ENERSA", "entity": "LINE"}}, {"type": "Feature", "geometry": {"type": "LineString", "coordinates": [[-58.1477281774111, -32.21767393186171], [-58.147305309130296, -32.217788789177995]]}, "properties": {"source": "Unifilar.dxf", "layer": "ELECTRICA ENERSA", "entity": "LINE"}}, {"type": "Feature", "geometry": {"type": "LineString", "coordinates": [[-58.14320927745128, -32.21237993729181], [-58.143716850756284, -32.21223494590219]]}, "properties": {"source": "Unifilar.dxf", "layer": "ELECTRICA ENERSA", "entity": "LINE"}}, {"type": "Feature", "geometry": {"type": "LineString", "coordinates": [[-58.149950864026245, -32.22155012660993], [-58.150344828696895, -32.22142290245286]]}, "properties": {"source": "Unifilar.dxf", "layer": "ELECTRICA ENERSA", "entity": "LINE"}}, {"type": "Feature", "geometry": {"type": "LineString", "coordinates": [[-58.1556398509901, -32.22956183735693], [-58.156092942627104, -32.22942738626756]]}, "properties": {"source": "Unifilar.dxf", "layer": "ELECTRICA ENERSA", "entity": "LINE"}}, {"type": "Feature", "geometry": {"type": "LineString", "coordinates": [[-58.150989167406344, -32.224438579639944], [-58.15212718801056, -32.22409745733548]]}, "properties": {"source": "Unifilar.dxf", "layer": "ELECTRICA ENERSA", "entity": "LINE"}}, {"type": "Feature", "geometry": {"type": "LineString", "coordinates": [[-58.150985763795525, -32.22442770179805], [-58.15211754282738, -32.22409334136805]]}, "properties": {"source": "Unifilar.dxf", "layer": "ELECTRICA ENERSA", "entity": "LINE"}}, {"type": "Feature", "geometry": {"type": "LineString", "coordinates": [[-58.153311558106616, -32.22735070829492], [-58.154150892757094, -32.227121246998486]]}, "properties": {"source": "Unifilar.dxf", "layer": "ELECTRICA ENERSA", "entity": "LINE"}}, {"type": "Feature", "geometry": {"type": "LineString", "coordinates": [[-58.147305309130296, -32.217788789177995], [-58.146904365408545, -32.21790330223413]]}, "properties": {"source": "Unifilar.dxf", "layer": "ELECTRICA ENERSA", "entity": "LINE"}}, {"type": "Feature", "geometry": {"type": "LineString", "coordinates": [[-58.14962361033982, -32.22164688412555], [-58.149950864026245, -32.22155012660993]]}, "properties": {"source": "Unifilar.dxf", "layer": "ELECTRICA ENERSA", "entity": "LINE"}}, {"type": "Feature", "geometry": {"type": "LineString", "coordinates": [[-58.15518175240883, -32.22969553346706], [-58.1556398509901, -32.22956183735693]]}, "properties": {"source": "Unifilar.dxf", "layer": "ELECTRICA ENERSA", "entity": "LINE"}}, {"type": "Feature", "geometry": {"type": "LineString", "coordinates": [[-58.14277579519814, -32.21250467495872], [-58.14320927745128, -32.21237993729181]]}, "properties": {"source": "Unifilar.dxf", "layer": "ELECTRICA ENERSA", "entity": "LINE"}}, {"type": "Feature", "geometry": {"type": "LineString", "coordinates": [[-58.15290156618911, -32.227449590278624], [-58.15373275937542, -32.227230431499706]]}, "properties": {"source": "Unifilar.dxf", "layer": "ELECTRICA ENERSA", "entity": "LINE"}}, {"type": "Feature", "geometry": {"type": "LineString", "coordinates": [[-58.149220912141175, -32.22178042108533], [-58.14962361033982, -32.22164688412555]]}, "properties": {"source": "Unifilar.dxf", "layer": "ELECTRICA ENERSA", "entity": "LINE"}}, {"type": "Feature", "geometry": {"type": "LineString", "coordinates": [[-58.146904365408545, -32.21790330223413], [-58.14687615890513, -32.21791035251558]]}, "properties": {"source": "Unifilar.dxf", "layer": "ELECTRICA ENERSA", "entity": "LINE"}}, {"type": "Feature", "geometry": {"type": "LineString", "coordinates": [[-58.14687365939769, -32.21790995038293], [-58.14679510787205, -32.21791792438918]]}, "properties": {"source": "Unifilar.dxf", "layer": "ELECTRICA ENERSA", "entity": "LINE"}}, {"type": "Feature", "geometry": {"type": "LineString", "coordinates": [[-58.14675916926754, -32.217773063216086], [-58.14679510787205, -32.21791792438918]]}, "properties": {"source": "Unifilar.dxf", "layer": "ELECTRICA ENERSA", "entity": "LINE"}}, {"type": "Feature", "geometry": {"type": "LineString", "coordinates": [[-58.14685373560767, -32.21816175086851], [-58.14679510787205, -32.21791792438918]]}, "properties": {"source": "Unifilar.dxf", "layer": "ELECTRICA ENERSA", "entity": "LINE"}}, {"type": "Feature", "geometry": {"type": "LineString", "coordinates": [[-58.14679510787205, -32.21791792438918], [-58.14647916751763, -32.21794436242878]]}, "properties": {"source": "Unifilar.dxf", "layer": "ELECTRICA ENERSA", "entity": "LINE"}}, {"type": "Feature", "geometry": {"type": "LineString", "coordinates": [[-58.14234546036946, -32.212633764101106], [-58.14277579519814, -32.21250467495872]]}, "properties": {"source": "Unifilar.dxf", "layer": "ELECTRICA ENERSA", "entity": "LINE"}}, {"type": "Feature", "geometry": {"type": "LineString", "coordinates": [[-58.14696368088163, -32.2185593708203], [-58.14685373560767, -32.21816175086851]]}, "properties": {"source": "Unifilar.dxf", "layer": "ELECTRICA ENERSA", "entity": "LINE"}}, {"type": "Feature", "geometry": {"type": "LineString", "coordinates": [[-58.15472640667115, -32.229836033620984], [-58.15518175240883, -32.22969553346706]]}, "properties": {"source": "Unifilar.dxf", "layer": "ELECTRICA ENERSA", "entity": "LINE"}}, {"type": "Feature", "geometry": {"type": "LineString", "coordinates": [[-58.14705888622471, -32.21895205573932], [-58.14696368088163, -32.2185593708203]]}, "properties": {"source": "Unifilar.dxf", "layer": "ELECTRICA ENERSA", "entity": "LINE"}}, {"type": "Feature", "geometry": {"type": "LineString", "coordinates": [[-58.15247229998765, -32.22758015782706], [-58.153311558106616, -32.22735070829492]]}, "properties": {"source": "Unifilar.dxf", "layer": "ELECTRICA ENERSA", "entity": "LINE"}}, {"type": "Feature", "geometry": {"type": "LineString", "coordinates": [[-58.14647916751763, -32.21794436242878], [-58.14602309557314, -32.21806546545767]]}, "properties": {"source": "Unifilar.dxf", "layer": "ELECTRICA ENERSA", "entity": "LINE"}}, {"type": "Feature", "geometry": {"type": "LineString", "coordinates": [[-58.148819019570105, -32.22190895804554], [-58.149220912141175, -32.22178042108533]]}, "properties": {"source": "Unifilar.dxf", "layer": "ELECTRICA ENERSA", "entity": "LINE"}}, {"type": "Feature", "geometry": {"type": "LineString", "coordinates": [[-58.144661262024286, -32.21549076438156], [-58.14428202481503, -32.21559846531476]]}, "properties": {"source": "Unifilar.dxf", "layer": "ELECTRICA ENERSA", "entity": "LINE"}}, {"type": "Feature", "geometry": {"type": "LineString", "coordinates": [[-58.14717080178994, -32.21933712230074], [-58.14705888622471, -32.21895205573932]]}, "properties": {"source": "Unifilar.dxf", "layer": "ELECTRICA ENERSA", "entity": "LINE"}}, {"type": "Feature", "geometry": {"type": "LineString", "coordinates": [[-58.150088175655014, -32.224699270108864], [-58.15096655592054, -32.22443491771945]]}, "properties": {"source": "Unifilar.dxf", "layer": "ELECTRICA ENERSA", "entity": "LINE"}}, {"type": "Feature", "geometry": {"type": "LineString", "coordinates": [[-58.15009636110408, -32.22470448268748], [-58.15096893808942, -32.22444432504764]]}, "properties": {"source": "Unifilar.dxf", "layer": "ELECTRICA ENERSA", "entity": "LINE"}}, {"type": "Feature", "geometry": {"type": "LineString", "coordinates": [[-58.14106532774926, -32.210944735947045], [-58.1410943112856, -32.21104411472394]]}, "properties": {"source": "Unifilar.dxf", "layer": "ELECTRICA ENERSA", "entity": "LINE"}}, {"type": "Feature", "geometry": {"type": "LineString", "coordinates": [[-58.1419140479995, -32.21276142276121], [-58.14234546036946, -32.212633764101106]]}, "properties": {"source": "Unifilar.dxf", "layer": "ELECTRICA ENERSA", "entity": "LINE"}}, {"type": "Feature", "geometry": {"type": "LineString", "coordinates": [[-58.14727315095414, -32.21973352135809], [-58.14717080178994, -32.21933712230074]]}, "properties": {"source": "Unifilar.dxf", "layer": "ELECTRICA ENERSA", "entity": "LINE"}}, {"type": "Feature", "geometry": {"type": "LineString", "coordinates": [[-58.15471302833713, -32.22983903373688], [-58.15472640667115, -32.229836033620984]]}, "properties": {"source": "Unifilar.dxf", "layer": "ELECTRICA ENERSA", "entity": "LINE"}}, {"type": "Feature", "geometry": {"type": "LineString", "coordinates": [[-58.15395538815391, -32.230049414925375], [-58.15471302833713, -32.22983903373688]]}, "properties": {"source": "Unifilar.dxf", "layer": "ELECTRICA ENERSA", "entity": "LINE"}}, {"type": "Feature", "geometry": {"type": "LineString", "coordinates": [[-58.1410943112856, -32.21104411472394], [-58.141213725139856, -32.21145483697413]]}, "properties": {"source": "Unifilar.dxf", "layer": "ELECTRICA ENERSA", "entity": "LINE"}}, {"type": "Feature", "geometry": {"type": "LineString", "coordinates": [[-58.152071823822844, -32.22766770037015], [-58.15290156618911, -32.227449590278624]]}, "properties": {"source": "Unifilar.dxf", "layer": "ELECTRICA ENERSA", "entity": "LINE"}}, {"type": "Feature", "geometry": {"type": "LineString", "coordinates": [[-58.14737885268481, -32.22012533078145], [-58.14727315095414, -32.21973352135809]]}, "properties": {"source": "Unifilar.dxf", "layer": "ELECTRICA ENERSA", "entity": "LINE"}}, {"type": "Feature", "geometry": {"type": "LineString", "coordinates": [[-58.14428202481503, -32.21559846531476], [-58.14389445893496, -32.215709977573866]]}, "properties": {"source": "Unifilar.dxf", "layer": "ELECTRICA ENERSA", "entity": "LINE"}}, {"type": "Feature", "geometry": {"type": "LineString", "coordinates": [[-58.148417909223724, -32.22203246836783], [-58.148819019570105, -32.22190895804554]]}, "properties": {"source": "Unifilar.dxf", "layer": "ELECTRICA ENERSA", "entity": "LINE"}}, {"type": "Feature", "geometry": {"type": "LineString", "coordinates": [[-58.14602309557314, -32.21806546545767], [-58.145558479539496, -32.21819936983037]]}, "properties": {"source": "Unifilar.dxf", "layer": "ELECTRICA ENERSA", "entity": "LINE"}}, {"type": "Feature", "geometry": {"type": "LineString", "coordinates": [[-58.141213725139856, -32.21145483697413], [-58.1413250703477, -32.211851398095455]]}, "properties": {"source": "Unifilar.dxf", "layer": "ELECTRICA ENERSA", "entity": "LINE"}}, {"type": "Feature", "geometry": {"type": "LineString", "coordinates": [[-58.1413250703477, -32.211851398095455], [-58.14144866967655, -32.21226796818097]]}, "properties": {"source": "Unifilar.dxf", "layer": "ELECTRICA ENERSA", "entity": "LINE"}}, {"type": "Feature", "geometry": {"type": "LineString", "coordinates": [[-58.14162349450348, -32.21283832204743], [-58.1419140479995, -32.21276142276121]]}, "properties": {"source": "Unifilar.dxf", "layer": "ELECTRICA ENERSA", "entity": "LINE"}}, {"type": "Feature", "geometry": {"type": "LineString", "coordinates": [[-58.14144866967655, -32.21226796818097], [-58.14156931149942, -32.21264671475073]]}, "properties": {"source": "Unifilar.dxf", "layer": "ELECTRICA ENERSA", "entity": "LINE"}}, {"type": "Feature", "geometry": {"type": "LineString", "coordinates": [[-58.14389445893496, -32.215709977573866], [-58.143504392185186, -32.21582108868499]]}, "properties": {"source": "Unifilar.dxf", "layer": "ELECTRICA ENERSA", "entity": "LINE"}}, {"type": "Feature", "geometry": {"type": "LineString", "coordinates": [[-58.15163687167976, -32.22779345747262], [-58.15247229998765, -32.22758015782706]]}, "properties": {"source": "Unifilar.dxf", "layer": "ELECTRICA ENERSA", "entity": "LINE"}}, {"type": "Feature", "geometry": {"type": "LineString", "coordinates": [[-58.148016800239624, -32.22215597770544], [-58.148417909223724, -32.22203246836783]]}, "properties": {"source": "Unifilar.dxf", "layer": "ELECTRICA ENERSA", "entity": "LINE"}}, {"type": "Feature", "geometry": {"type": "LineString", "coordinates": [[-58.14156931149942, -32.21264671475073], [-58.14157231273141, -32.2126600917595]]}, "properties": {"source": "Unifilar.dxf", "layer": "ELECTRICA ENERSA", "entity": "LINE"}}, {"type": "Feature", "geometry": {"type": "LineString", "coordinates": [[-58.14157231273141, -32.2126600917595], [-58.14157677159673, -32.212672372120075]]}, "properties": {"source": "Unifilar.dxf", "layer": "ELECTRICA ENERSA", "entity": "LINE"}}, {"type": "Feature", "geometry": {"type": "LineString", "coordinates": [[-58.14157677159673, -32.212672372120075], [-58.14162349450348, -32.21283832204743]]}, "properties": {"source": "Unifilar.dxf", "layer": "ELECTRICA ENERSA", "entity": "LINE"}}, {"type": "Feature", "geometry": {"type": "LineString", "coordinates": [[-58.145558479539496, -32.21819936983037], [-58.14511893100653, -32.21832182384124]]}, "properties": {"source": "Unifilar.dxf", "layer": "ELECTRICA ENERSA", "entity": "LINE"}}, {"type": "Feature", "geometry": {"type": "LineString", "coordinates": [[-58.14170864426511, -32.21310961584859], [-58.14162349450348, -32.21283832204743]]}, "properties": {"source": "Unifilar.dxf", "layer": "ELECTRICA ENERSA", "entity": "LINE"}}, {"type": "Feature", "geometry": {"type": "LineString", "coordinates": [[-58.14147570474839, -32.212876379575], [-58.14162349450348, -32.21283832204743]]}, "properties": {"source": "Unifilar.dxf", "layer": "ELECTRICA ENERSA", "entity": "LINE"}}, {"type": "Feature", "geometry": {"type": "LineString", "coordinates": [[-58.15010230384097, -32.22475566107508], [-58.15009636110408, -32.22470448268748]]}, "properties": {"source": "Unifilar.dxf", "layer": "ELECTRICA ENERSA", "entity": "LINE"}}, {"type": "Feature", "geometry": {"type": "LineString", "coordinates": [[-58.15372687626128, -32.23015690600482], [-58.15395538815391, -32.230049414925375]]}, "properties": {"source": "Unifilar.dxf", "layer": "ELECTRICA ENERSA", "entity": "LINE"}}, {"type": "Feature", "geometry": {"type": "LineString", "coordinates": [[-58.150093709692136, -32.22475299630528], [-58.150088175655014, -32.224699270108864]]}, "properties": {"source": "Unifilar.dxf", "layer": "ELECTRICA ENERSA", "entity": "LINE"}}, {"type": "Feature", "geometry": {"type": "LineString", "coordinates": [[-58.14185095412534, -32.213545899317005], [-58.14171650674125, -32.213132774051054]]}, "properties": {"source": "Unifilar.dxf", "layer": "ELECTRICA ENERSA", "entity": "LINE"}}, {"type": "Feature", "geometry": {"type": "LineString", "coordinates": [[-58.14881326886864, -32.22515488390575], [-58.15010230384097, -32.22475566107508]]}, "properties": {"source": "Unifilar.dxf", "layer": "ELECTRICA ENERSA", "entity": "LINE"}}, {"type": "Feature", "geometry": {"type": "LineString", "coordinates": [[-58.1488119560655, -32.225146956005325], [-58.150093709692136, -32.22475299630528]]}, "properties": {"source": "Unifilar.dxf", "layer": "ELECTRICA ENERSA", "entity": "LINE"}}, {"type": "Feature", "geometry": {"type": "LineString", "coordinates": [[-58.141018563684334, -32.212996003516686], [-58.14147570474839, -32.212876379575]]}, "properties": {"source": "Unifilar.dxf", "layer": "ELECTRICA ENERSA", "entity": "LINE"}}, {"type": "Feature", "geometry": {"type": "LineString", "coordinates": [[-58.151239581949135, -32.227885408329016], [-58.152071823822844, -32.22766770037015]]}, "properties": {"source": "Unifilar.dxf", "layer": "ELECTRICA ENERSA", "entity": "LINE"}}, {"type": "Feature", "geometry": {"type": "LineString", "coordinates": [[-58.143504392185186, -32.21582108868499], [-58.14311468013661, -32.21592969205575]]}, "properties": {"source": "Unifilar.dxf", "layer": "ELECTRICA ENERSA", "entity": "LINE"}}, {"type": "Feature", "geometry": {"type": "LineString", "coordinates": [[-58.14188102233942, -32.21365507617972], [-58.14185095412534, -32.213545899317005]]}, "properties": {"source": "Unifilar.dxf", "layer": "ELECTRICA ENERSA", "entity": "LINE"}}, {"type": "Feature", "geometry": {"type": "LineString", "coordinates": [[-58.14204228715619, -32.214221949491055], [-58.14188102233942, -32.21365507617972]]}, "properties": {"source": "Unifilar.dxf", "layer": "ELECTRICA ENERSA", "entity": "LINE"}}, {"type": "Feature", "geometry": {"type": "LineString", "coordinates": [[-58.14761362211086, -32.22227656707157], [-58.148016800239624, -32.22215597770544]]}, "properties": {"source": "Unifilar.dxf", "layer": "ELECTRICA ENERSA", "entity": "LINE"}}, {"type": "Feature", "geometry": {"type": "LineString", "coordinates": [[-58.153721446506026, -32.2301586219253], [-58.15372687626128, -32.23015690600482]]}, "properties": {"source": "Unifilar.dxf", "layer": "ELECTRICA ENERSA", "entity": "LINE"}}, {"type": "Feature", "geometry": {"type": "LineString", "coordinates": [[-58.15337610630215, -32.23034389130982], [-58.153721446506026, -32.2301586219253]]}, "properties": {"source": "Unifilar.dxf", "layer": "ELECTRICA ENERSA", "entity": "LINE"}}, {"type": "Feature", "geometry": {"type": "LineString", "coordinates": [[-58.14511893100653, -32.21832182384124], [-58.144646414317904, -32.218457021323424]]}, "properties": {"source": "Unifilar.dxf", "layer": "ELECTRICA ENERSA", "entity": "LINE"}}, {"type": "Feature", "geometry": {"type": "LineString", "coordinates": [[-58.14215664806164, -32.21467180862268], [-58.14204228715619, -32.214221949491055]]}, "properties": {"source": "Unifilar.dxf", "layer": "ELECTRICA ENERSA", "entity": "LINE"}}, {"type": "Feature", "geometry": {"type": "LineString", "coordinates": [[-58.140559816877044, -32.21312568673111], [-58.141018563684334, -32.212996003516686]]}, "properties": {"source": "Unifilar.dxf", "layer": "ELECTRICA ENERSA", "entity": "LINE"}}, {"type": "Feature", "geometry": {"type": "LineString", "coordinates": [[-58.14311468013661, -32.21592969205575], [-58.14273124954005, -32.216031588724086]]}, "properties": {"source": "Unifilar.dxf", "layer": "ELECTRICA ENERSA", "entity": "LINE"}}, {"type": "Feature", "geometry": {"type": "LineString", "coordinates": [[-58.142289814955596, -32.21511695168092], [-58.14215664806164, -32.21467180862268]]}, "properties": {"source": "Unifilar.dxf", "layer": "ELECTRICA ENERSA", "entity": "LINE"}}, {"type": "Feature", "geometry": {"type": "LineString", "coordinates": [[-58.15160210992093, -32.22778532711569], [-58.15163687167976, -32.22779345747262]]}, "properties": {"source": "Unifilar.dxf", "layer": "ELECTRICA ENERSA", "entity": "LINE"}}, {"type": "Feature", "geometry": {"type": "LineString", "coordinates": [[-58.150874988445594, -32.22799802881383], [-58.15163687167976, -32.22779345747262]]}, "properties": {"source": "Unifilar.dxf", "layer": "ELECTRICA ENERSA", "entity": "LINE"}}, {"type": "Feature", "geometry": {"type": "LineString", "coordinates": [[-58.14720377959875, -32.222406389211876], [-58.14761362211086, -32.22227656707157]]}, "properties": {"source": "Unifilar.dxf", "layer": "ELECTRICA ENERSA", "entity": "LINE"}}, {"type": "Feature", "geometry": {"type": "LineString", "coordinates": [[-58.1529423195015, -32.23056645945594], [-58.15337610630215, -32.23034389130982]]}, "properties": {"source": "Unifilar.dxf", "layer": "ELECTRICA ENERSA", "entity": "LINE"}}, {"type": "Feature", "geometry": {"type": "LineString", "coordinates": [[-58.14245233165478, -32.215651827878304], [-58.142289814955596, -32.21511695168092]]}, "properties": {"source": "Unifilar.dxf", "layer": "ELECTRICA ENERSA", "entity": "LINE"}}, {"type": "Feature", "geometry": {"type": "LineString", "coordinates": [[-58.144646414317904, -32.218457021323424], [-58.144184345223145, -32.218591336061706]]}, "properties": {"source": "Unifilar.dxf", "layer": "ELECTRICA ENERSA", "entity": "LINE"}}, {"type": "Feature", "geometry": {"type": "LineString", "coordinates": [[-58.14273124954005, -32.216031588724086], [-58.142569923986535, -32.216081596050486]]}, "properties": {"source": "Unifilar.dxf", "layer": "ELECTRICA ENERSA", "entity": "LINE"}}, {"type": "Feature", "geometry": {"type": "LineString", "coordinates": [[-58.142569923986535, -32.216081596050486], [-58.14245233165478, -32.215651827878304]]}, "properties": {"source": "Unifilar.dxf", "layer": "ELECTRICA ENERSA", "entity": "LINE"}}, {"type": "Feature", "geometry": {"type": "LineString", "coordinates": [[-58.15023387291677, -32.22814860691349], [-58.151239581949135, -32.227885408329016]]}, "properties": {"source": "Unifilar.dxf", "layer": "ELECTRICA ENERSA", "entity": "LINE"}}, {"type": "Feature", "geometry": {"type": "LineString", "coordinates": [[-58.14009958264144, -32.2132564282428], [-58.140559816877044, -32.21312568673111]]}, "properties": {"source": "Unifilar.dxf", "layer": "ELECTRICA ENERSA", "entity": "LINE"}}, {"type": "Feature", "geometry": {"type": "LineString", "coordinates": [[-58.146812881830556, -32.22252251971269], [-58.14720377959875, -32.222406389211876]]}, "properties": {"source": "Unifilar.dxf", "layer": "ELECTRICA ENERSA", "entity": "LINE"}}, {"type": "Feature", "geometry": {"type": "LineString", "coordinates": [[-58.14261023264801, -32.21618337139167], [-58.142569923986535, -32.216081596050486]]}, "properties": {"source": "Unifilar.dxf", "layer": "ELECTRICA ENERSA", "entity": "LINE"}}, {"type": "Feature", "geometry": {"type": "LineString", "coordinates": [[-58.14246141420513, -32.21611564227247], [-58.142569923986535, -32.216081596050486]]}, "properties": {"source": "Unifilar.dxf", "layer": "ELECTRICA ENERSA", "entity": "LINE"}}, {"type": "Feature", "geometry": {"type": "LineString", "coordinates": [[-58.14273389262187, -32.21661542223523], [-58.14261023264801, -32.21618337139167]]}, "properties": {"source": "Unifilar.dxf", "layer": "ELECTRICA ENERSA", "entity": "LINE"}}, {"type": "Feature", "geometry": {"type": "LineString", "coordinates": [[-58.152483758415976, -32.23080693504707], [-58.1529423195015, -32.23056645945594]]}, "properties": {"source": "Unifilar.dxf", "layer": "ELECTRICA ENERSA", "entity": "LINE"}}, {"type": "Feature", "geometry": {"type": "LineString", "coordinates": [[-58.14236442064481, -32.21615028415662], [-58.14246141420513, -32.21611564227247]]}, "properties": {"source": "Unifilar.dxf", "layer": "ELECTRICA ENERSA", "entity": "LINE"}}, {"type": "Feature", "geometry": {"type": "LineString", "coordinates": [[-58.144184345223145, -32.218591336061706], [-58.14372663701025, -32.21872245613288]]}, "properties": {"source": "Unifilar.dxf", "layer": "ELECTRICA ENERSA", "entity": "LINE"}}, {"type": "Feature", "geometry": {"type": "LineString", "coordinates": [[-58.14286351181333, -32.2170587130219], [-58.14273389262187, -32.21661542223523]]}, "properties": {"source": "Unifilar.dxf", "layer": "ELECTRICA ENERSA", "entity": "LINE"}}, {"type": "Feature", "geometry": {"type": "LineString", "coordinates": [[-58.1419764237782, -32.21626431626093], [-58.14236442064481, -32.21615028415662]]}, "properties": {"source": "Unifilar.dxf", "layer": "ELECTRICA ENERSA", "entity": "LINE"}}, {"type": "Feature", "geometry": {"type": "LineString", "coordinates": [[-58.15011603447456, -32.22820048073962], [-58.150874988445594, -32.22799802881383]]}, "properties": {"source": "Unifilar.dxf", "layer": "ELECTRICA ENERSA", "entity": "LINE"}}, {"type": "Feature", "geometry": {"type": "LineString", "coordinates": [[-58.14869946685654, -32.22518166877926], [-58.1488119560655, -32.225146956005325]]}, "properties": {"source": "Unifilar.dxf", "layer": "ELECTRICA ENERSA", "entity": "LINE"}}, {"type": "Feature", "geometry": {"type": "LineString", "coordinates": [[-58.14870116346095, -32.225187068942105], [-58.14881326886864, -32.22515488390575]]}, "properties": {"source": "Unifilar.dxf", "layer": "ELECTRICA ENERSA", "entity": "LINE"}}, {"type": "Feature", "geometry": {"type": "LineString", "coordinates": [[-58.1464305772265, -32.22264131362102], [-58.146812881830556, -32.22252251971269]]}, "properties": {"source": "Unifilar.dxf", "layer": "ELECTRICA ENERSA", "entity": "LINE"}}, {"type": "Feature", "geometry": {"type": "LineString", "coordinates": [[-58.14299651208266, -32.2175128533463], [-58.14286351181333, -32.2170587130219]]}, "properties": {"source": "Unifilar.dxf", "layer": "ELECTRICA ENERSA", "entity": "LINE"}}, {"type": "Feature", "geometry": {"type": "LineString", "coordinates": [[-58.13971346818852, -32.213366895523734], [-58.14009958264144, -32.2132564282428]]}, "properties": {"source": "Unifilar.dxf", "layer": "ELECTRICA ENERSA", "entity": "LINE"}}, {"type": "Feature", "geometry": {"type": "LineString", "coordinates": [[-58.1478909446221, -32.22541990834963], [-58.14869946685654, -32.22518166877926]]}, "properties": {"source": "Unifilar.dxf", "layer": "ELECTRICA ENERSA", "entity": "LINE"}}, {"type": "Feature", "geometry": {"type": "LineString", "coordinates": [[-58.14789370922997, -32.225426788924935], [-58.14870116346095, -32.225187068942105]]}, "properties": {"source": "Unifilar.dxf", "layer": "ELECTRICA ENERSA", "entity": "LINE"}}, {"type": "Feature", "geometry": {"type": "LineString", "coordinates": [[-58.14312296502594, -32.21795176374625], [-58.14299651208266, -32.2175128533463]]}, "properties": {"source": "Unifilar.dxf", "layer": "ELECTRICA ENERSA", "entity": "LINE"}}, {"type": "Feature", "geometry": {"type": "LineString", "coordinates": [[-58.14159840138862, -32.216364470066885], [-58.1419764237782, -32.21626431626093]]}, "properties": {"source": "Unifilar.dxf", "layer": "ELECTRICA ENERSA", "entity": "LINE"}}, {"type": "Feature", "geometry": {"type": "LineString", "coordinates": [[-58.15199967665277, -32.23104589303159], [-58.152483758415976, -32.23080693504707]]}, "properties": {"source": "Unifilar.dxf", "layer": "ELECTRICA ENERSA", "entity": "LINE"}}, {"type": "Feature", "geometry": {"type": "LineString", "coordinates": [[-58.14901793618654, -32.22601209875579], [-58.14908061359537, -32.22627075272337]]}, "properties": {"source": "Unifilar.dxf", "layer": "ELECTRICA ENERSA", "entity": "LINE"}}, {"type": "Feature", "geometry": {"type": "LineString", "coordinates": [[-58.14372663701025, -32.21872245613288], [-58.14337474569359, -32.21882814549038]]}, "properties": {"source": "Unifilar.dxf", "layer": "ELECTRICA ENERSA", "entity": "LINE"}}, {"type": "Feature", "geometry": {"type": "LineString", "coordinates": [[-58.14325448772211, -32.218406973132836], [-58.14312296502594, -32.21795176374625]]}, "properties": {"source": "Unifilar.dxf", "layer": "ELECTRICA ENERSA", "entity": "LINE"}}, {"type": "Feature", "geometry": {"type": "LineString", "coordinates": [[-58.14908061359537, -32.22627075272337], [-58.149170321814225, -32.22656980126866]]}, "properties": {"source": "Unifilar.dxf", "layer": "ELECTRICA ENERSA", "entity": "LINE"}}, {"type": "Feature", "geometry": {"type": "LineString", "coordinates": [[-58.14601863832429, -32.22276823548351], [-58.1464305772265, -32.22264131362102]]}, "properties": {"source": "Unifilar.dxf", "layer": "ELECTRICA ENERSA", "entity": "LINE"}}, {"type": "Feature", "geometry": {"type": "LineString", "coordinates": [[-58.13928726261216, -32.21348636073142], [-58.13971346818852, -32.213366895523734]]}, "properties": {"source": "Unifilar.dxf", "layer": "ELECTRICA ENERSA", "entity": "LINE"}}, {"type": "Feature", "geometry": {"type": "LineString", "coordinates": [[-58.149170321814225, -32.22656980126866], [-58.14928241452264, -32.22698578897416]]}, "properties": {"source": "Unifilar.dxf", "layer": "ELECTRICA ENERSA", "entity": "LINE"}}, {"type": "Feature", "geometry": {"type": "LineString", "coordinates": [[-58.14326106414822, -32.218422183060085], [-58.14325448772211, -32.218406973132836]]}, "properties": {"source": "Unifilar.dxf", "layer": "ELECTRICA ENERSA", "entity": "LINE"}}, {"type": "Feature", "geometry": {"type": "LineString", "coordinates": [[-58.14326549576809, -32.218434483114315], [-58.14326106414822, -32.218422183060085]]}, "properties": {"source": "Unifilar.dxf", "layer": "ELECTRICA ENERSA", "entity": "LINE"}}, {"type": "Feature", "geometry": {"type": "LineString", "coordinates": [[-58.14337474569359, -32.21882814549038], [-58.14326549576809, -32.218434483114315]]}, "properties": {"source": "Unifilar.dxf", "layer": "ELECTRICA ENERSA", "entity": "LINE"}}, {"type": "Feature", "geometry": {"type": "LineString", "coordinates": [[-58.15022049594502, -32.228151606044705], [-58.15023387291677, -32.22814860691349]]}, "properties": {"source": "Unifilar.dxf", "layer": "ELECTRICA ENERSA", "entity": "LINE"}}, {"type": "Feature", "geometry": {"type": "LineString", "coordinates": [[-58.15017458167274, -32.22816483148954], [-58.15022049594502, -32.228151606044705]]}, "properties": {"source": "Unifilar.dxf", "layer": "ELECTRICA ENERSA", "entity": "LINE"}}, {"type": "Feature", "geometry": {"type": "LineString", "coordinates": [[-58.15014785459709, -32.22817081240527], [-58.15017458167274, -32.22816483148954]]}, "properties": {"source": "Unifilar.dxf", "layer": "ELECTRICA ENERSA", "entity": "LINE"}}, {"type": "Feature", "geometry": {"type": "LineString", "coordinates": [[-58.15011926800164, -32.2281803898172], [-58.15014785459709, -32.22817081240527]]}, "properties": {"source": "Unifilar.dxf", "layer": "ELECTRICA ENERSA", "entity": "LINE"}}, {"type": "Feature", "geometry": {"type": "LineString", "coordinates": [[-58.14928241452264, -32.22698578897416], [-58.14940083934983, -32.227410539800076]]}, "properties": {"source": "Unifilar.dxf", "layer": "ELECTRICA ENERSA", "entity": "LINE"}}, {"type": "Feature", "geometry": {"type": "LineString", "coordinates": [[-58.14117918064838, -32.216496654378865], [-58.14159840138862, -32.216364470066885]]}, "properties": {"source": "Unifilar.dxf", "layer": "ELECTRICA ENERSA", "entity": "LINE"}}, {"type": "Feature", "geometry": {"type": "LineString", "coordinates": [[-58.14339950703831, -32.218914526251844], [-58.14337474569359, -32.21882814549038]]}, "properties": {"source": "Unifilar.dxf", "layer": "ELECTRICA ENERSA", "entity": "LINE"}}, {"type": "Feature", "geometry": {"type": "LineString", "coordinates": [[-58.14326956693038, -32.218857575136475], [-58.14337474569359, -32.21882814549038]]}, "properties": {"source": "Unifilar.dxf", "layer": "ELECTRICA ENERSA", "entity": "LINE"}}, {"type": "Feature", "geometry": {"type": "LineString", "coordinates": [[-58.1495775780155, -32.228321199133966], [-58.15011926800164, -32.2281803898172]]}, "properties": {"source": "Unifilar.dxf", "layer": "ELECTRICA ENERSA", "entity": "LINE"}}, {"type": "Feature", "geometry": {"type": "LineString", "coordinates": [[-58.1501038921309, -32.22819596301713], [-58.15011603447456, -32.22820048073962]]}, "properties": {"source": "Unifilar.dxf", "layer": "ELECTRICA ENERSA", "entity": "LINE"}}, {"type": "Feature", "geometry": {"type": "LineString", "coordinates": [[-58.149357081488205, -32.2284029340277], [-58.15011603447456, -32.22820048073962]]}, "properties": {"source": "Unifilar.dxf", "layer": "ELECTRICA ENERSA", "entity": "LINE"}}, {"type": "Feature", "geometry": {"type": "LineString", "coordinates": [[-58.15009846237564, -32.228197678937605], [-58.1501038921309, -32.22819596301713]]}, "properties": {"source": "Unifilar.dxf", "layer": "ELECTRICA ENERSA", "entity": "LINE"}}, {"type": "Feature", "geometry": {"type": "LineString", "coordinates": [[-58.15009051478155, -32.22819896449529], [-58.15009846237564, -32.228197678937605]]}, "properties": {"source": "Unifilar.dxf", "layer": "ELECTRICA ENERSA", "entity": "LINE"}}, {"type": "Feature", "geometry": {"type": "LineString", "coordinates": [[-58.14969078402488, -32.22830593072772], [-58.15009051478155, -32.22819896449529]]}, "properties": {"source": "Unifilar.dxf", "layer": "ELECTRICA ENERSA", "entity": "LINE"}}, {"type": "Feature", "geometry": {"type": "LineString", "coordinates": [[-58.14324667284365, -32.21887191469299], [-58.14326956693038, -32.218857575136475]]}, "properties": {"source": "Unifilar.dxf", "layer": "ELECTRICA ENERSA", "entity": "LINE"}}, {"type": "Feature", "geometry": {"type": "LineString", "coordinates": [[-58.14323541256276, -32.2188778450567], [-58.14324667284365, -32.21887191469299]]}, "properties": {"source": "Unifilar.dxf", "layer": "ELECTRICA ENERSA", "entity": "LINE"}}, {"type": "Feature", "geometry": {"type": "LineString", "coordinates": [[-58.14288063383379, -32.21902554959214], [-58.14323541256276, -32.2188778450567]]}, "properties": {"source": "Unifilar.dxf", "layer": "ELECTRICA ENERSA", "entity": "LINE"}}, {"type": "Feature", "geometry": {"type": "LineString", "coordinates": [[-58.14940083934983, -32.227410539800076], [-58.14951576691179, -32.22784890212108]]}, "properties": {"source": "Unifilar.dxf", "layer": "ELECTRICA ENERSA", "entity": "LINE"}}, {"type": "Feature", "geometry": {"type": "LineString", "coordinates": [[-58.1456109142429, -32.22290098552468], [-58.14601863832429, -32.22276823548351]]}, "properties": {"source": "Unifilar.dxf", "layer": "ELECTRICA ENERSA", "entity": "LINE"}}, {"type": "Feature", "geometry": {"type": "LineString", "coordinates": [[-58.15198884711225, -32.23104930320952], [-58.15199967665277, -32.23104589303159]]}, "properties": {"source": "Unifilar.dxf", "layer": "ELECTRICA ENERSA", "entity": "LINE"}}, {"type": "Feature", "geometry": {"type": "LineString", "coordinates": [[-58.15197653814396, -32.23105378275318], [-58.15198884711225, -32.23104930320952]]}, "properties": {"source": "Unifilar.dxf", "layer": "ELECTRICA ENERSA", "entity": "LINE"}}, {"type": "Feature", "geometry": {"type": "LineString", "coordinates": [[-58.13888885500612, -32.213601266310334], [-58.13928726261216, -32.21348636073142]]}, "properties": {"source": "Unifilar.dxf", "layer": "ELECTRICA ENERSA", "entity": "LINE"}}, {"type": "Feature", "geometry": {"type": "LineString", "coordinates": [[-58.151555746559595, -32.23117151310184], [-58.15197653814396, -32.23105378275318]]}, "properties": {"source": "Unifilar.dxf", "layer": "ELECTRICA ENERSA", "entity": "LINE"}}, {"type": "Feature", "geometry": {"type": "LineString", "coordinates": [[-58.14787213887978, -32.22542462476359], [-58.1478909446221, -32.22541990834963]]}, "properties": {"source": "Unifilar.dxf", "layer": "ELECTRICA ENERSA", "entity": "LINE"}}, {"type": "Feature", "geometry": {"type": "LineString", "coordinates": [[-58.14787345168291, -32.22543255266402], [-58.14789370922997, -32.225426788924935]]}, "properties": {"source": "Unifilar.dxf", "layer": "ELECTRICA ENERSA", "entity": "LINE"}}, {"type": "Feature", "geometry": {"type": "LineString", "coordinates": [[-58.14738108056457, -32.225571015740115], [-58.14787213887978, -32.22542462476359]]}, "properties": {"source": "Unifilar.dxf", "layer": "ELECTRICA ENERSA", "entity": "LINE"}}, {"type": "Feature", "geometry": {"type": "LineString", "coordinates": [[-58.14787200086286, -32.22543360135141], [-58.14787345168291, -32.22543255266402]]}, "properties": {"source": "Unifilar.dxf", "layer": "ELECTRICA ENERSA", "entity": "LINE"}}, {"type": "Feature", "geometry": {"type": "LineString", "coordinates": [[-58.147383443039786, -32.22558039582286], [-58.14787200086286, -32.22543360135141]]}, "properties": {"source": "Unifilar.dxf", "layer": "ELECTRICA ENERSA", "entity": "LINE"}}, {"type": "Feature", "geometry": {"type": "LineString", "coordinates": [[-58.14951576691179, -32.22784890212108], [-58.14962784724704, -32.22822497171988]]}, "properties": {"source": "Unifilar.dxf", "layer": "ELECTRICA ENERSA", "entity": "LINE"}}, {"type": "Feature", "geometry": {"type": "LineString", "coordinates": [[-58.14084585956602, -32.21659112956368], [-58.14117918064838, -32.216496654378865]]}, "properties": {"source": "Unifilar.dxf", "layer": "ELECTRICA ENERSA", "entity": "LINE"}}, {"type": "Feature", "geometry": {"type": "LineString", "coordinates": [[-58.14964512149516, -32.228285715146235], [-58.14969078402488, -32.22830593072772]]}, "properties": {"source": "Unifilar.dxf", "layer": "ELECTRICA ENERSA", "entity": "LINE"}}, {"type": "Feature", "geometry": {"type": "LineString", "coordinates": [[-58.14962784724704, -32.22822497171988], [-58.14963766115168, -32.22826005743633]]}, "properties": {"source": "Unifilar.dxf", "layer": "ELECTRICA ENERSA", "entity": "LINE"}}, {"type": "Feature", "geometry": {"type": "LineString", "coordinates": [[-58.14963830770642, -32.22826400776382], [-58.14964512149516, -32.228285715146235]]}, "properties": {"source": "Unifilar.dxf", "layer": "ELECTRICA ENERSA", "entity": "LINE"}}, {"type": "Feature", "geometry": {"type": "LineString", "coordinates": [[-58.142486033619306, -32.219188742513104], [-58.14288063383379, -32.21902554959214]]}, "properties": {"source": "Unifilar.dxf", "layer": "ELECTRICA ENERSA", "entity": "LINE"}}, {"type": "Feature", "geometry": {"type": "LineString", "coordinates": [[-58.14874388532175, -32.22853995578023], [-58.1495775780155, -32.228321199133966]]}, "properties": {"source": "Unifilar.dxf", "layer": "ELECTRICA ENERSA", "entity": "LINE"}}, {"type": "Feature", "geometry": {"type": "LineString", "coordinates": [[-58.145188743068836, -32.22303525996321], [-58.1456109142429, -32.22290098552468]]}, "properties": {"source": "Unifilar.dxf", "layer": "ELECTRICA ENERSA", "entity": "LINE"}}, {"type": "Feature", "geometry": {"type": "LineString", "coordinates": [[-58.13842984247464, -32.21372447308849], [-58.13888885500612, -32.213601266310334]]}, "properties": {"source": "Unifilar.dxf", "layer": "ELECTRICA ENERSA", "entity": "LINE"}}, {"type": "Feature", "geometry": {"type": "LineString", "coordinates": [[-58.151057974293714, -32.23131167142007], [-58.151555746559595, -32.23117151310184]]}, "properties": {"source": "Unifilar.dxf", "layer": "ELECTRICA ENERSA", "entity": "LINE"}}, {"type": "Feature", "geometry": {"type": "LineString", "coordinates": [[-58.14737317990959, -32.22557230884959], [-58.14738108056457, -32.225571015740115]]}, "properties": {"source": "Unifilar.dxf", "layer": "ELECTRICA ENERSA", "entity": "LINE"}}, {"type": "Feature", "geometry": {"type": "LineString", "coordinates": [[-58.14737551513936, -32.225581708625995], [-58.147383443039786, -32.22558039582286]]}, "properties": {"source": "Unifilar.dxf", "layer": "ELECTRICA ENERSA", "entity": "LINE"}}, {"type": "Feature", "geometry": {"type": "LineString", "coordinates": [[-58.145950899542164, -32.22599903471645], [-58.14737317990959, -32.22557230884959]]}, "properties": {"source": "Unifilar.dxf", "layer": "ELECTRICA ENERSA", "entity": "LINE"}}, {"type": "Feature", "geometry": {"type": "LineString", "coordinates": [[-58.145954711852745, -32.22600736474953], [-58.14737551513936, -32.225581708625995]]}, "properties": {"source": "Unifilar.dxf", "layer": "ELECTRICA ENERSA", "entity": "LINE"}}, {"type": "Feature", "geometry": {"type": "LineString", "coordinates": [[-58.14047528885204, -32.21671698934391], [-58.14084585956602, -32.21659112956368]]}, "properties": {"source": "Unifilar.dxf", "layer": "ELECTRICA ENERSA", "entity": "LINE"}}, {"type": "Feature", "geometry": {"type": "LineString", "coordinates": [[-58.148598126154894, -32.22860538693818], [-58.149357081488205, -32.2284029340277]]}, "properties": {"source": "Unifilar.dxf", "layer": "ELECTRICA ENERSA", "entity": "LINE"}}, {"type": "Feature", "geometry": {"type": "LineString", "coordinates": [[-58.14209314970289, -32.21935736284237], [-58.142486033619306, -32.219188742513104]]}, "properties": {"source": "Unifilar.dxf", "layer": "ELECTRICA ENERSA", "entity": "LINE"}}, {"type": "Feature", "geometry": {"type": "LineString", "coordinates": [[-58.15577804178744, -32.237804921677316], [-58.15580242603626, -32.23779805299903]]}, "properties": {"source": "Unifilar.dxf", "layer": "ELECTRICA ENERSA", "entity": "LINE"}}, {"type": "Feature", "geometry": {"type": "LineString", "coordinates": [[-58.14468642496508, -32.22318758198458], [-58.145188743068836, -32.22303525996321]]}, "properties": {"source": "Unifilar.dxf", "layer": "ELECTRICA ENERSA", "entity": "LINE"}}, {"type": "Feature", "geometry": {"type": "LineString", "coordinates": [[-58.13813382582209, -32.213807880496056], [-58.13842984247464, -32.21372447308849]]}, "properties": {"source": "Unifilar.dxf", "layer": "ELECTRICA ENERSA", "entity": "LINE"}}, {"type": "Feature", "geometry": {"type": "LineString", "coordinates": [[-58.155343754530485, -32.23793465733741], [-58.15577804178744, -32.237804921677316]]}, "properties": {"source": "Unifilar.dxf", "layer": "ELECTRICA ENERSA", "entity": "LINE"}}, {"type": "Feature", "geometry": {"type": "LineString", "coordinates": [[-58.15061401793978, -32.231437312546255], [-58.151057974293714, -32.23131167142007]]}, "properties": {"source": "Unifilar.dxf", "layer": "ELECTRICA ENERSA", "entity": "LINE"}}, {"type": "Feature", "geometry": {"type": "LineString", "coordinates": [[-58.140002535046946, -32.216845689711484], [-58.14047528885204, -32.21671698934391]]}, "properties": {"source": "Unifilar.dxf", "layer": "ELECTRICA ENERSA", "entity": "LINE"}}, {"type": "Feature", "geometry": {"type": "LineString", "coordinates": [[-58.14666808198142, -32.229106263581606], [-58.14874388532175, -32.22853995578023]]}, "properties": {"source": "Unifilar.dxf", "layer": "ELECTRICA ENERSA", "entity": "LINE"}}, {"type": "Feature", "geometry": {"type": "LineString", "coordinates": [[-58.141697100030626, -32.21952160346605], [-58.14209314970289, -32.21935736284237]]}, "properties": {"source": "Unifilar.dxf", "layer": "ELECTRICA ENERSA", "entity": "LINE"}}, {"type": "Feature", "geometry": {"type": "LineString", "coordinates": [[-58.150274949074884, -32.230734929121645], [-58.15038220803078, -32.23114111628036]]}, "properties": {"source": "Unifilar.dxf", "layer": "ELECTRICA ENERSA", "entity": "LINE"}}, {"type": "Feature", "geometry": {"type": "LineString", "coordinates": [[-58.144685771089854, -32.223223522518346], [-58.14468642496508, -32.22318758198458]]}, "properties": {"source": "Unifilar.dxf", "layer": "ELECTRICA ENERSA", "entity": "LINE"}}, {"type": "Feature", "geometry": {"type": "LineString", "coordinates": [[-58.155344804202564, -32.23793610951974], [-58.155343754530485, -32.23793465733741]]}, "properties": {"source": "Unifilar.dxf", "layer": "ELECTRICA ENERSA", "entity": "LINE"}}, {"type": "Feature", "geometry": {"type": "LineString", "coordinates": [[-58.15490654171963, -32.23806651180582], [-58.155343754530485, -32.23793465733741]]}, "properties": {"source": "Unifilar.dxf", "layer": "ELECTRICA ENERSA", "entity": "LINE"}}, {"type": "Feature", "geometry": {"type": "LineString", "coordinates": [[-58.148640880402766, -32.22877195519015], [-58.148598126154894, -32.22860538693818]]}, "properties": {"source": "Unifilar.dxf", "layer": "ELECTRICA ENERSA", "entity": "LINE"}}, {"type": "Feature", "geometry": {"type": "LineString", "coordinates": [[-58.14801102522948, -32.22877239593179], [-58.148598126154894, -32.22860538693818]]}, "properties": {"source": "Unifilar.dxf", "layer": "ELECTRICA ENERSA", "entity": "LINE"}}, {"type": "Feature", "geometry": {"type": "LineString", "coordinates": [[-58.14468482174819, -32.223237545741284], [-58.144685771089854, -32.223223522518346]]}, "properties": {"source": "Unifilar.dxf", "layer": "ELECTRICA ENERSA", "entity": "LINE"}}, {"type": "Feature", "geometry": {"type": "LineString", "coordinates": [[-58.150472304494684, -32.23147760448084], [-58.15061401793978, -32.231437312546255]]}, "properties": {"source": "Unifilar.dxf", "layer": "ELECTRICA ENERSA", "entity": "LINE"}}, {"type": "Feature", "geometry": {"type": "LineString", "coordinates": [[-58.14476536706093, -32.22354542629038], [-58.14468482174819, -32.223237545741284]]}, "properties": {"source": "Unifilar.dxf", "layer": "ELECTRICA ENERSA", "entity": "LINE"}}, {"type": "Feature", "geometry": {"type": "LineString", "coordinates": [[-58.15038220803078, -32.23114111628036], [-58.150472304494684, -32.23147760448084]]}, "properties": {"source": "Unifilar.dxf", "layer": "ELECTRICA ENERSA", "entity": "LINE"}}, {"type": "Feature", "geometry": {"type": "LineString", "coordinates": [[-58.14874808350549, -32.229178182720865], [-58.148640880402766, -32.22877195519015]]}, "properties": {"source": "Unifilar.dxf", "layer": "ELECTRICA ENERSA", "entity": "LINE"}}, {"type": "Feature", "geometry": {"type": "LineString", "coordinates": [[-58.13960078000044, -32.21696524940274], [-58.140002535046946, -32.216845689711484]]}, "properties": {"source": "Unifilar.dxf", "layer": "ELECTRICA ENERSA", "entity": "LINE"}}, {"type": "Feature", "geometry": {"type": "LineString", "coordinates": [[-58.144862277313585, -32.22390362187327], [-58.14476536706093, -32.22354542629038]]}, "properties": {"source": "Unifilar.dxf", "layer": "ELECTRICA ENERSA", "entity": "LINE"}}, {"type": "Feature", "geometry": {"type": "LineString", "coordinates": [[-58.150498686250856, -32.2315939046381], [-58.150472304494684, -32.23147760448084]]}, "properties": {"source": "Unifilar.dxf", "layer": "ELECTRICA ENERSA", "entity": "LINE"}}, {"type": "Feature", "geometry": {"type": "LineString", "coordinates": [[-58.150135189433136, -32.2315637778627], [-58.150472304494684, -32.23147760448084]]}, "properties": {"source": "Unifilar.dxf", "layer": "ELECTRICA ENERSA", "entity": "LINE"}}, {"type": "Feature", "geometry": {"type": "LineString", "coordinates": [[-58.14882133509937, -32.22945140829388], [-58.14874808350549, -32.229178182720865]]}, "properties": {"source": "Unifilar.dxf", "layer": "ELECTRICA ENERSA", "entity": "LINE"}}, {"type": "Feature", "geometry": {"type": "LineString", "coordinates": [[-58.14128872120408, -32.219690295706805], [-58.141697100030626, -32.21952160346605]]}, "properties": {"source": "Unifilar.dxf", "layer": "ELECTRICA ENERSA", "entity": "LINE"}}, {"type": "Feature", "geometry": {"type": "LineString", "coordinates": [[-58.1449573608743, -32.22426534459507], [-58.144862277313585, -32.22390362187327]]}, "properties": {"source": "Unifilar.dxf", "layer": "ELECTRICA ENERSA", "entity": "LINE"}}, {"type": "Feature", "geometry": {"type": "LineString", "coordinates": [[-58.14506209171503, -32.22467115029947], [-58.1449573608743, -32.22426534459507]]}, "properties": {"source": "Unifilar.dxf", "layer": "ELECTRICA ENERSA", "entity": "LINE"}}, {"type": "Feature", "geometry": {"type": "LineString", "coordinates": [[-58.15445118608321, -32.238207058521255], [-58.15490654171963, -32.23806651180582]]}, "properties": {"source": "Unifilar.dxf", "layer": "ELECTRICA ENERSA", "entity": "LINE"}}, {"type": "Feature", "geometry": {"type": "LineString", "coordinates": [[-58.13917799087937, -32.21709555283544], [-58.13960078000044, -32.21696524940274]]}, "properties": {"source": "Unifilar.dxf", "layer": "ELECTRICA ENERSA", "entity": "LINE"}}, {"type": "Feature", "geometry": {"type": "LineString", "coordinates": [[-58.14968094927066, -32.2316813034079], [-58.150135189433136, -32.2315637778627]]}, "properties": {"source": "Unifilar.dxf", "layer": "ELECTRICA ENERSA", "entity": "LINE"}}, {"type": "Feature", "geometry": {"type": "LineString", "coordinates": [[-58.14516733200077, -32.22502553357179], [-58.14506209171503, -32.22467115029947]]}, "properties": {"source": "Unifilar.dxf", "layer": "ELECTRICA ENERSA", "entity": "LINE"}}, {"type": "Feature", "geometry": {"type": "LineString", "coordinates": [[-58.14766408894279, -32.22886337445846], [-58.14801102522948, -32.22877239593179]]}, "properties": {"source": "Unifilar.dxf", "layer": "ELECTRICA ENERSA", "entity": "LINE"}}, {"type": "Feature", "geometry": {"type": "LineString", "coordinates": [[-58.145946949214675, -32.22599968127119], [-58.145950899542164, -32.22599903471645]]}, "properties": {"source": "Unifilar.dxf", "layer": "ELECTRICA ENERSA", "entity": "LINE"}}, {"type": "Feature", "geometry": {"type": "LineString", "coordinates": [[-58.14595178160493, -32.22600948280266], [-58.145954711852745, -32.22600736474953]]}, "properties": {"source": "Unifilar.dxf", "layer": "ELECTRICA ENERSA", "entity": "LINE"}}, {"type": "Feature", "geometry": {"type": "LineString", "coordinates": [[-58.14547609916046, -32.22614030057925], [-58.145946949214675, -32.22599968127119]]}, "properties": {"source": "Unifilar.dxf", "layer": "ELECTRICA ENERSA", "entity": "LINE"}}, {"type": "Feature", "geometry": {"type": "LineString", "coordinates": [[-58.14595033214715, -32.22601053050537], [-58.14595178160493, -32.22600948280266]]}, "properties": {"source": "Unifilar.dxf", "layer": "ELECTRICA ENERSA", "entity": "LINE"}}, {"type": "Feature", "geometry": {"type": "LineString", "coordinates": [[-58.145485333296925, -32.22614696397792], [-58.14595033214715, -32.22601053050537]]}, "properties": {"source": "Unifilar.dxf", "layer": "ELECTRICA ENERSA", "entity": "LINE"}}, {"type": "Feature", "geometry": {"type": "LineString", "coordinates": [[-58.145270249429906, -32.225410435174396], [-58.14516733200077, -32.22502553357179]]}, "properties": {"source": "Unifilar.dxf", "layer": "ELECTRICA ENERSA", "entity": "LINE"}}, {"type": "Feature", "geometry": {"type": "LineString", "coordinates": [[-58.14495295011445, -32.22500519527594], [-58.14516733200077, -32.22502553357179]]}, "properties": {"source": "Unifilar.dxf", "layer": "ELECTRICA ENERSA", "entity": "LINE"}}, {"type": "Feature", "geometry": {"type": "LineString", "coordinates": [[-58.1412655630016, -32.21969815818294], [-58.14128872120408, -32.219690295706805]]}, "properties": {"source": "Unifilar.dxf", "layer": "ELECTRICA ENERSA", "entity": "LINE"}}, {"type": "Feature", "geometry": {"type": "LineString", "coordinates": [[-58.14090481573009, -32.21985905374943], [-58.1412655630016, -32.21969815818294]]}, "properties": {"source": "Unifilar.dxf", "layer": "ELECTRICA ENERSA", "entity": "LINE"}}, {"type": "Feature", "geometry": {"type": "LineString", "coordinates": [[-58.1453820261083, -32.22580447998945], [-58.145270249429906, -32.225410435174396]]}, "properties": {"source": "Unifilar.dxf", "layer": "ELECTRICA ENERSA", "entity": "LINE"}}, {"type": "Feature", "geometry": {"type": "LineString", "coordinates": [[-58.14448643065073, -32.22498297405441], [-58.14495295011445, -32.22500519527594]]}, "properties": {"source": "Unifilar.dxf", "layer": "ELECTRICA ENERSA", "entity": "LINE"}}, {"type": "Feature", "geometry": {"type": "LineString", "coordinates": [[-58.15402920221212, -32.23833236430134], [-58.15445118608321, -32.238207058521255]]}, "properties": {"source": "Unifilar.dxf", "layer": "ELECTRICA ENERSA", "entity": "LINE"}}, {"type": "Feature", "geometry": {"type": "LineString", "coordinates": [[-58.13871775479748, -32.21722629179287], [-58.13917799087937, -32.21709555283544]]}, "properties": {"source": "Unifilar.dxf", "layer": "ELECTRICA ENERSA", "entity": "LINE"}}, {"type": "Feature", "geometry": {"type": "LineString", "coordinates": [[-58.147067725273196, -32.22902374073175], [-58.14766408894279, -32.22886337445846]]}, "properties": {"source": "Unifilar.dxf", "layer": "ELECTRICA ENERSA", "entity": "LINE"}}, {"type": "Feature", "geometry": {"type": "LineString", "coordinates": [[-58.149310638967144, -32.23177367389744], [-58.14968094927066, -32.2316813034079]]}, "properties": {"source": "Unifilar.dxf", "layer": "ELECTRICA ENERSA", "entity": "LINE"}}, {"type": "Feature", "geometry": {"type": "LineString", "coordinates": [[-58.145473282486165, -32.22619781047853], [-58.1453820261083, -32.22580447998945]]}, "properties": {"source": "Unifilar.dxf", "layer": "ELECTRICA ENERSA", "entity": "LINE"}}, {"type": "Feature", "geometry": {"type": "LineString", "coordinates": [[-58.14557252713605, -32.22648554819091], [-58.145485333296925, -32.22614696397792]]}, "properties": {"source": "Unifilar.dxf", "layer": "ELECTRICA ENERSA", "entity": "LINE"}}, {"type": "Feature", "geometry": {"type": "LineString", "coordinates": [[-58.14556331367794, -32.226478913399966], [-58.14547609916046, -32.22614030057925]]}, "properties": {"source": "Unifilar.dxf", "layer": "ELECTRICA ENERSA", "entity": "LINE"}}, {"type": "Feature", "geometry": {"type": "LineString", "coordinates": [[-58.140551506152555, -32.220005737827606], [-58.14090481573009, -32.21985905374943]]}, "properties": {"source": "Unifilar.dxf", "layer": "ELECTRICA ENERSA", "entity": "LINE"}}, {"type": "Feature", "geometry": {"type": "LineString", "coordinates": [[-58.14554453654333, -32.22648360913558], [-58.145473282486165, -32.22619781047853]]}, "properties": {"source": "Unifilar.dxf", "layer": "ELECTRICA ENERSA", "entity": "LINE"}}, {"type": "Feature", "geometry": {"type": "LineString", "coordinates": [[-58.15156393244632, -32.234627054259995], [-58.15132284166359, -32.23469258139465]]}, "properties": {"source": "Unifilar.dxf", "layer": "ELECTRICA ENERSA", "entity": "LINE"}}, {"type": "Feature", "geometry": {"type": "LineString", "coordinates": [[-58.144031845268096, -32.224958753103], [-58.14448643065073, -32.22498297405441]]}, "properties": {"source": "Unifilar.dxf", "layer": "ELECTRICA ENERSA", "entity": "LINE"}}, {"type": "Feature", "geometry": {"type": "LineString", "coordinates": [[-58.14528306362913, -32.22645958907179], [-58.14557252713605, -32.22648554819091]]}, "properties": {"source": "Unifilar.dxf", "layer": "ELECTRICA ENERSA", "entity": "LINE"}}, {"type": "Feature", "geometry": {"type": "LineString", "coordinates": [[-58.14528427757888, -32.22645204361035], [-58.14556331367794, -32.226478913399966]]}, "properties": {"source": "Unifilar.dxf", "layer": "ELECTRICA ENERSA", "entity": "LINE"}}, {"type": "Feature", "geometry": {"type": "LineString", "coordinates": [[-58.145722623943335, -32.22711371711076], [-58.14554453654333, -32.22648360913558]]}, "properties": {"source": "Unifilar.dxf", "layer": "ELECTRICA ENERSA", "entity": "LINE"}}, {"type": "Feature", "geometry": {"type": "LineString", "coordinates": [[-58.149255699805664, -32.23178675475827], [-58.149310638967144, -32.23177367389744]]}, "properties": {"source": "Unifilar.dxf", "layer": "ELECTRICA ENERSA", "entity": "LINE"}}, {"type": "Feature", "geometry": {"type": "LineString", "coordinates": [[-58.15396993722885, -32.23834856782146], [-58.15402920221212, -32.23833236430134]]}, "properties": {"source": "Unifilar.dxf", "layer": "ELECTRICA ENERSA", "entity": "LINE"}}, {"type": "Feature", "geometry": {"type": "LineString", "coordinates": [[-58.148824665769446, -32.231896426741386], [-58.149255699805664, -32.23178675475827]]}, "properties": {"source": "Unifilar.dxf", "layer": "ELECTRICA ENERSA", "entity": "LINE"}}, {"type": "Feature", "geometry": {"type": "LineString", "coordinates": [[-58.15130873415599, -32.234636219036155], [-58.15132284166359, -32.23469258139465]]}, "properties": {"source": "Unifilar.dxf", "layer": "ELECTRICA ENERSA", "entity": "LINE"}}, {"type": "Feature", "geometry": {"type": "LineString", "coordinates": [[-58.1382640157358, -32.21735679422057], [-58.13871775479748, -32.21722629179287]]}, "properties": {"source": "Unifilar.dxf", "layer": "ELECTRICA ENERSA", "entity": "LINE"}}, {"type": "Feature", "geometry": {"type": "LineString", "coordinates": [[-58.1535799225081, -32.23847514777075], [-58.15396993722885, -32.23834856782146]]}, "properties": {"source": "Unifilar.dxf", "layer": "ELECTRICA ENERSA", "entity": "LINE"}}, {"type": "Feature", "geometry": {"type": "LineString", "coordinates": [[-58.15127191251947, -32.234744939012266], [-58.15132284166359, -32.23469258139465]]}, "properties": {"source": "Unifilar.dxf", "layer": "ELECTRICA ENERSA", "entity": "LINE"}}, {"type": "Feature", "geometry": {"type": "LineString", "coordinates": [[-58.15132284166359, -32.23469258139465], [-58.15142983650374, -32.23509229147299]]}, "properties": {"source": "Unifilar.dxf", "layer": "ELECTRICA ENERSA", "entity": "LINE"}}, {"type": "Feature", "geometry": {"type": "LineString", "coordinates": [[-58.14527406734765, -32.22645942380943], [-58.14528427757888, -32.22645204361035]]}, "properties": {"source": "Unifilar.dxf", "layer": "ELECTRICA ENERSA", "entity": "LINE"}}, {"type": "Feature", "geometry": {"type": "LineString", "coordinates": [[-58.14527288064335, -32.2264669495772], [-58.14528306362913, -32.22645958907179]]}, "properties": {"source": "Unifilar.dxf", "layer": "ELECTRICA ENERSA", "entity": "LINE"}}, {"type": "Feature", "geometry": {"type": "LineString", "coordinates": [[-58.15079714173017, -32.234886185559], [-58.15127191251947, -32.234744939012266]]}, "properties": {"source": "Unifilar.dxf", "layer": "ELECTRICA ENERSA", "entity": "LINE"}}, {"type": "Feature", "geometry": {"type": "LineString", "coordinates": [[-58.14501776981792, -32.22645167097079], [-58.14527406734765, -32.22645942380943]]}, "properties": {"source": "Unifilar.dxf", "layer": "ELECTRICA ENERSA", "entity": "LINE"}}, {"type": "Feature", "geometry": {"type": "LineString", "coordinates": [[-58.14502050483338, -32.226458570862164], [-58.14527288064335, -32.2264669495772]]}, "properties": {"source": "Unifilar.dxf", "layer": "ELECTRICA ENERSA", "entity": "LINE"}}, {"type": "Feature", "geometry": {"type": "LineString", "coordinates": [[-58.14019846960482, -32.220158851062365], [-58.140551506152555, -32.220005737827606]]}, "properties": {"source": "Unifilar.dxf", "layer": "ELECTRICA ENERSA", "entity": "LINE"}}, {"type": "Feature", "geometry": {"type": "LineString", "coordinates": [[-58.14637907938969, -32.229197589245125], [-58.147067725273196, -32.22902374073175]]}, "properties": {"source": "Unifilar.dxf", "layer": "ELECTRICA ENERSA", "entity": "LINE"}}, {"type": "Feature", "geometry": {"type": "LineString", "coordinates": [[-58.15142983650374, -32.23509229147299], [-58.15143178830983, -32.23510421664]]}, "properties": {"source": "Unifilar.dxf", "layer": "ELECTRICA ENERSA", "entity": "LINE"}}, {"type": "Feature", "geometry": {"type": "LineString", "coordinates": [[-58.15143178830983, -32.23510421664], [-58.15143331927429, -32.2351186154313]]}, "properties": {"source": "Unifilar.dxf", "layer": "ELECTRICA ENERSA", "entity": "LINE"}}, {"type": "Feature", "geometry": {"type": "LineString", "coordinates": [[-58.15143331927429, -32.2351186154313], [-58.15153002237653, -32.235510259214706]]}, "properties": {"source": "Unifilar.dxf", "layer": "ELECTRICA ENERSA", "entity": "LINE"}}, {"type": "Feature", "geometry": {"type": "LineString", "coordinates": [[-58.144018870051404, -32.22495925507373], [-58.144031845268096, -32.224958753103]]}, "properties": {"source": "Unifilar.dxf", "layer": "ELECTRICA ENERSA", "entity": "LINE"}}, {"type": "Feature", "geometry": {"type": "LineString", "coordinates": [[-58.144006324590414, -32.2249572354964], [-58.144018870051404, -32.22495925507373]]}, "properties": {"source": "Unifilar.dxf", "layer": "ELECTRICA ENERSA", "entity": "LINE"}}, {"type": "Feature", "geometry": {"type": "LineString", "coordinates": [[-58.14396624084377, -32.224966246498], [-58.144006324590414, -32.2249572354964]]}, "properties": {"source": "Unifilar.dxf", "layer": "ELECTRICA ENERSA", "entity": "LINE"}}, {"type": "Feature", "geometry": {"type": "LineString", "coordinates": [[-58.143483685828016, -32.224955572602084], [-58.14396624084377, -32.224966246498]]}, "properties": {"source": "Unifilar.dxf", "layer": "ELECTRICA ENERSA", "entity": "LINE"}}, {"type": "Feature", "geometry": {"type": "LineString", "coordinates": [[-58.14498723043169, -32.22644932185342], [-58.14501776981792, -32.22645167097079]]}, "properties": {"source": "Unifilar.dxf", "layer": "ELECTRICA ENERSA", "entity": "LINE"}}, {"type": "Feature", "geometry": {"type": "LineString", "coordinates": [[-58.144987465939714, -32.22645581961215], [-58.14502050483338, -32.226458570862164]]}, "properties": {"source": "Unifilar.dxf", "layer": "ELECTRICA ENERSA", "entity": "LINE"}}, {"type": "Feature", "geometry": {"type": "LineString", "coordinates": [[-58.14266559903465, -32.22631020031203], [-58.14498723043169, -32.22644932185342]]}, "properties": {"source": "Unifilar.dxf", "layer": "ELECTRICA ENERSA", "entity": "LINE"}}, {"type": "Feature", "geometry": {"type": "LineString", "coordinates": [[-58.14267336167271, -32.226317883790365], [-58.144987465939714, -32.22645581961215]]}, "properties": {"source": "Unifilar.dxf", "layer": "ELECTRICA ENERSA", "entity": "LINE"}}, {"type": "Feature", "geometry": {"type": "LineString", "coordinates": [[-58.15153002237653, -32.235510259214706], [-58.15164138341226, -32.23594674035288]]}, "properties": {"source": "Unifilar.dxf", "layer": "ELECTRICA ENERSA", "entity": "LINE"}}, {"type": "Feature", "geometry": {"type": "LineString", "coordinates": [[-58.1364513927697, -32.215318739158114], [-58.136481392040785, -32.21483991515232]]}, "properties": {"source": "Unifilar.dxf", "layer": "ELECTRICA ENERSA", "entity": "LINE"}}, {"type": "Feature", "geometry": {"type": "LineString", "coordinates": [[-58.15318530931335, -32.23859841887579], [-58.1535799225081, -32.23847514777075]]}, "properties": {"source": "Unifilar.dxf", "layer": "ELECTRICA ENERSA", "entity": "LINE"}}, {"type": "Feature", "geometry": {"type": "LineString", "coordinates": [[-58.14847958379774, -32.23198385608854], [-58.148792510300815, -32.231904122592894]]}, "properties": {"source": "Unifilar.dxf", "layer": "ELECTRICA ENERSA", "entity": "LINE"}}, {"type": "Feature", "geometry": {"type": "LineString", "coordinates": [[-58.13791631691809, -32.21745282663061], [-58.1382640157358, -32.21735679422057]]}, "properties": {"source": "Unifilar.dxf", "layer": "ELECTRICA ENERSA", "entity": "LINE"}}, {"type": "Feature", "geometry": {"type": "LineString", "coordinates": [[-58.15164138341226, -32.23594674035288], [-58.15175657607464, -32.236391581116536]]}, "properties": {"source": "Unifilar.dxf", "layer": "ELECTRICA ENERSA", "entity": "LINE"}}, {"type": "Feature", "geometry": {"type": "LineString", "coordinates": [[-58.14637459984603, -32.22918528027684], [-58.14666808198142, -32.229106263581606]]}, "properties": {"source": "Unifilar.dxf", "layer": "ELECTRICA ENERSA", "entity": "LINE"}}, {"type": "Feature", "geometry": {"type": "LineString", "coordinates": [[-58.139775018186796, -32.22032514363375], [-58.14019846960482, -32.220158851062365]]}, "properties": {"source": "Unifilar.dxf", "layer": "ELECTRICA ENERSA", "entity": "LINE"}}, {"type": "Feature", "geometry": {"type": "LineString", "coordinates": [[-58.15032742684357, -32.23500381094227], [-58.15079714173017, -32.234886185559]]}, "properties": {"source": "Unifilar.dxf", "layer": "ELECTRICA ENERSA", "entity": "LINE"}}, {"type": "Feature", "geometry": {"type": "LineString", "coordinates": [[-58.14839313635142, -32.23166469692717], [-58.14846574139057, -32.2319339721727]]}, "properties": {"source": "Unifilar.dxf", "layer": "ELECTRICA ENERSA", "entity": "LINE"}}, {"type": "Feature", "geometry": {"type": "LineString", "coordinates": [[-58.15175657607464, -32.236391581116536], [-58.15186820084853, -32.23683454168204]]}, "properties": {"source": "Unifilar.dxf", "layer": "ELECTRICA ENERSA", "entity": "LINE"}}, {"type": "Feature", "geometry": {"type": "LineString", "coordinates": [[-58.14306570821222, -32.22493598446111], [-58.143483685828016, -32.224955572602084]]}, "properties": {"source": "Unifilar.dxf", "layer": "ELECTRICA ENERSA", "entity": "LINE"}}, {"type": "Feature", "geometry": {"type": "LineString", "coordinates": [[-58.14846574139057, -32.2319339721727], [-58.14847958379774, -32.23198385608854]]}, "properties": {"source": "Unifilar.dxf", "layer": "ELECTRICA ENERSA", "entity": "LINE"}}, {"type": "Feature", "geometry": {"type": "LineString", "coordinates": [[-58.13642083581577, -32.215868922412085], [-58.1364513927697, -32.215318739158114]]}, "properties": {"source": "Unifilar.dxf", "layer": "ELECTRICA ENERSA", "entity": "LINE"}}, {"type": "Feature", "geometry": {"type": "LineString", "coordinates": [[-58.14855722090328, -32.2322938823138], [-58.14847958379774, -32.23198385608854]]}, "properties": {"source": "Unifilar.dxf", "layer": "ELECTRICA ENERSA", "entity": "LINE"}}, {"type": "Feature", "geometry": {"type": "LineString", "coordinates": [[-58.148322560890875, -32.23201525157972], [-58.14847958379774, -32.23198385608854]]}, "properties": {"source": "Unifilar.dxf", "layer": "ELECTRICA ENERSA", "entity": "LINE"}}, {"type": "Feature", "geometry": {"type": "LineString", "coordinates": [[-58.13760110672193, -32.21753862850688], [-58.13791631691809, -32.21745282663061]]}, "properties": {"source": "Unifilar.dxf", "layer": "ELECTRICA ENERSA", "entity": "LINE"}}, {"type": "Feature", "geometry": {"type": "LineString", "coordinates": [[-58.15277894475041, -32.238714599928606], [-58.15318530931335, -32.23859841887579]]}, "properties": {"source": "Unifilar.dxf", "layer": "ELECTRICA ENERSA", "entity": "LINE"}}, {"type": "Feature", "geometry": {"type": "LineString", "coordinates": [[-58.14637064951854, -32.229185926831576], [-58.14637459984603, -32.22918528027684]]}, "properties": {"source": "Unifilar.dxf", "layer": "ELECTRICA ENERSA", "entity": "LINE"}}, {"type": "Feature", "geometry": {"type": "LineString", "coordinates": [[-58.14637469832183, -32.22920075598565], [-58.14637907938969, -32.229197589245125]]}, "properties": {"source": "Unifilar.dxf", "layer": "ELECTRICA ENERSA", "entity": "LINE"}}, {"type": "Feature", "geometry": {"type": "LineString", "coordinates": [[-58.14634349306479, -32.229194426948396], [-58.14637064951854, -32.229185926831576]]}, "properties": {"source": "Unifilar.dxf", "layer": "ELECTRICA ENERSA", "entity": "LINE"}}, {"type": "Feature", "geometry": {"type": "LineString", "coordinates": [[-58.1463465217884, -32.22920778460408], [-58.14637469832183, -32.22920075598565]]}, "properties": {"source": "Unifilar.dxf", "layer": "ELECTRICA ENERSA", "entity": "LINE"}}, {"type": "Feature", "geometry": {"type": "LineString", "coordinates": [[-58.15186820084853, -32.23683454168204], [-58.151978510849915, -32.23726957162258]]}, "properties": {"source": "Unifilar.dxf", "layer": "ELECTRICA ENERSA", "entity": "LINE"}}, {"type": "Feature", "geometry": {"type": "LineString", "coordinates": [[-58.146323665880516, -32.22919767284865], [-58.14634349306479, -32.229194426948396]]}, "properties": {"source": "Unifilar.dxf", "layer": "ELECTRICA ENERSA", "entity": "LINE"}}, {"type": "Feature", "geometry": {"type": "LineString", "coordinates": [[-58.146325216538635, -32.229212098885384], [-58.1463465217884, -32.22920778460408]]}, "properties": {"source": "Unifilar.dxf", "layer": "ELECTRICA ENERSA", "entity": "LINE"}}, {"type": "Feature", "geometry": {"type": "LineString", "coordinates": [[-58.146277281704336, -32.229237868428946], [-58.146323665880516, -32.22919767284865]]}, "properties": {"source": "Unifilar.dxf", "layer": "ELECTRICA ENERSA", "entity": "LINE"}}, {"type": "Feature", "geometry": {"type": "LineString", "coordinates": [[-58.14810224545821, -32.232167874329164], [-58.14855722090328, -32.2322938823138]]}, "properties": {"source": "Unifilar.dxf", "layer": "ELECTRICA ENERSA", "entity": "LINE"}}, {"type": "Feature", "geometry": {"type": "LineString", "coordinates": [[-58.146287946967185, -32.229243455894775], [-58.146325216538635, -32.229212098885384]]}, "properties": {"source": "Unifilar.dxf", "layer": "ELECTRICA ENERSA", "entity": "LINE"}}, {"type": "Feature", "geometry": {"type": "LineString", "coordinates": [[-58.147930765355106, -32.23208101414775], [-58.148310654055244, -32.232017231615934]]}, "properties": {"source": "Unifilar.dxf", "layer": "ELECTRICA ENERSA", "entity": "LINE"}}, {"type": "Feature", "geometry": {"type": "LineString", "coordinates": [[-58.14634159143013, -32.22944653864262], [-58.146287946967185, -32.229243455894775]]}, "properties": {"source": "Unifilar.dxf", "layer": "ELECTRICA ENERSA", "entity": "LINE"}}, {"type": "Feature", "geometry": {"type": "LineString", "coordinates": [[-58.14632958475642, -32.229433043954714], [-58.146277281704336, -32.229237868428946]]}, "properties": {"source": "Unifilar.dxf", "layer": "ELECTRICA ENERSA", "entity": "LINE"}}, {"type": "Feature", "geometry": {"type": "LineString", "coordinates": [[-58.139344516979655, -32.22046323038286], [-58.139775018186796, -32.22032514363375]]}, "properties": {"source": "Unifilar.dxf", "layer": "ELECTRICA ENERSA", "entity": "LINE"}}, {"type": "Feature", "geometry": {"type": "LineString", "coordinates": [[-58.14632466490127, -32.22944768580581], [-58.14634159143013, -32.22944653864262]]}, "properties": {"source": "Unifilar.dxf", "layer": "ELECTRICA ENERSA", "entity": "LINE"}}, {"type": "Feature", "geometry": {"type": "LineString", "coordinates": [[-58.146323134921495, -32.229433288376796], [-58.14632958475642, -32.229433043954714]]}, "properties": {"source": "Unifilar.dxf", "layer": "ELECTRICA ENERSA", "entity": "LINE"}}, {"type": "Feature", "geometry": {"type": "LineString", "coordinates": [[-58.14632058847494, -32.22943287869236], [-58.146323134921495, -32.229433288376796]]}, "properties": {"source": "Unifilar.dxf", "layer": "ELECTRICA ENERSA", "entity": "LINE"}}, {"type": "Feature", "geometry": {"type": "LineString", "coordinates": [[-58.146302614243375, -32.22943257639777], [-58.14632058847494, -32.22943287869236]]}, "properties": {"source": "Unifilar.dxf", "layer": "ELECTRICA ENERSA", "entity": "LINE"}}, {"type": "Feature", "geometry": {"type": "LineString", "coordinates": [[-58.142721715605845, -32.224920557409305], [-58.14306570821222, -32.22493598446111]]}, "properties": {"source": "Unifilar.dxf", "layer": "ELECTRICA ENERSA", "entity": "LINE"}}, {"type": "Feature", "geometry": {"type": "LineString", "coordinates": [[-58.14632213814838, -32.22944730336682], [-58.14632466490127, -32.22944768580581]]}, "properties": {"source": "Unifilar.dxf", "layer": "ELECTRICA ENERSA", "entity": "LINE"}}, {"type": "Feature", "geometry": {"type": "LineString", "coordinates": [[-58.151978510849915, -32.23726957162258], [-58.15209012807202, -32.2377125791272]]}, "properties": {"source": "Unifilar.dxf", "layer": "ELECTRICA ENERSA", "entity": "LINE"}}, {"type": "Feature", "geometry": {"type": "LineString", "coordinates": [[-58.14630416391681, -32.22944700107224], [-58.14632213814838, -32.22944730336682]]}, "properties": {"source": "Unifilar.dxf", "layer": "ELECTRICA ENERSA", "entity": "LINE"}}, {"type": "Feature", "geometry": {"type": "LineString", "coordinates": [[-58.14594502748861, -32.22941367894859], [-58.146302614243375, -32.22943257639777]]}, "properties": {"source": "Unifilar.dxf", "layer": "ELECTRICA ENERSA", "entity": "LINE"}}, {"type": "Feature", "geometry": {"type": "LineString", "coordinates": [[-58.149856283177535, -32.23512251263596], [-58.15032742684357, -32.23500381094227]]}, "properties": {"source": "Unifilar.dxf", "layer": "ELECTRICA ENERSA", "entity": "LINE"}}, {"type": "Feature", "geometry": {"type": "LineString", "coordinates": [[-58.14594405659867, -32.22942767522964], [-58.14630416391681, -32.22944700107224]]}, "properties": {"source": "Unifilar.dxf", "layer": "ELECTRICA ENERSA", "entity": "LINE"}}, {"type": "Feature", "geometry": {"type": "LineString", "coordinates": [[-58.13637809712739, -32.21655880080151], [-58.13642083581577, -32.215868922412085]]}, "properties": {"source": "Unifilar.dxf", "layer": "ELECTRICA ENERSA", "entity": "LINE"}}, {"type": "Feature", "geometry": {"type": "LineString", "coordinates": [[-58.13728594507333, -32.217624437290816], [-58.13760110672193, -32.21753862850688]]}, "properties": {"source": "Unifilar.dxf", "layer": "ELECTRICA ENERSA", "entity": "LINE"}}, {"type": "Feature", "geometry": {"type": "LineString", "coordinates": [[-58.15209012807202, -32.2377125791272], [-58.152186979089905, -32.238095199761275]]}, "properties": {"source": "Unifilar.dxf", "layer": "ELECTRICA ENERSA", "entity": "LINE"}}, {"type": "Feature", "geometry": {"type": "LineString", "coordinates": [[-58.15237468834185, -32.23883375779076], [-58.15277894475041, -32.238714599928606]]}, "properties": {"source": "Unifilar.dxf", "layer": "ELECTRICA ENERSA", "entity": "LINE"}}, {"type": "Feature", "geometry": {"type": "LineString", "coordinates": [[-58.142821373876195, -32.22498168478908], [-58.142718495436625, -32.224980567800706]]}, "properties": {"source": "Unifilar.dxf", "layer": "ELECTRICA ENERSA", "entity": "LINE"}}, {"type": "Feature", "geometry": {"type": "LineString", "coordinates": [[-58.14749925750079, -32.232113341873124], [-58.147930765355106, -32.23208101414775]]}, "properties": {"source": "Unifilar.dxf", "layer": "ELECTRICA ENERSA", "entity": "LINE"}}, {"type": "Feature", "geometry": {"type": "LineString", "coordinates": [[-58.142718495436625, -32.224980567800706], [-58.142721715605845, -32.224920557409305]]}, "properties": {"source": "Unifilar.dxf", "layer": "ELECTRICA ENERSA", "entity": "LINE"}}, {"type": "Feature", "geometry": {"type": "LineString", "coordinates": [[-58.14549729271128, -32.229386715052335], [-58.14594502748861, -32.22941367894859]]}, "properties": {"source": "Unifilar.dxf", "layer": "ELECTRICA ENERSA", "entity": "LINE"}}, {"type": "Feature", "geometry": {"type": "LineString", "coordinates": [[-58.145497794682015, -32.22939969026903], [-58.14594405659867, -32.22942767522964]]}, "properties": {"source": "Unifilar.dxf", "layer": "ELECTRICA ENERSA", "entity": "LINE"}}, {"type": "Feature", "geometry": {"type": "LineString", "coordinates": [[-58.14259847700078, -32.22497412783984], [-58.142718495436625, -32.224980567800706]]}, "properties": {"source": "Unifilar.dxf", "layer": "ELECTRICA ENERSA", "entity": "LINE"}}, {"type": "Feature", "geometry": {"type": "LineString", "coordinates": [[-58.14270532152548, -32.225198689404984], [-58.142718495436625, -32.224980567800706]]}, "properties": {"source": "Unifilar.dxf", "layer": "ELECTRICA ENERSA", "entity": "LINE"}}, {"type": "Feature", "geometry": {"type": "LineString", "coordinates": [[-58.152186979089905, -32.238095199761275], [-58.152283584701024, -32.23847136919815]]}, "properties": {"source": "Unifilar.dxf", "layer": "ELECTRICA ENERSA", "entity": "LINE"}}, {"type": "Feature", "geometry": {"type": "LineString", "coordinates": [[-58.138976403396654, -32.22057397655549], [-58.139344516979655, -32.22046323038286]]}, "properties": {"source": "Unifilar.dxf", "layer": "ELECTRICA ENERSA", "entity": "LINE"}}, {"type": "Feature", "geometry": {"type": "LineString", "coordinates": [[-58.1369722328825, -32.217709198372035], [-58.13728594507333, -32.217624437290816]]}, "properties": {"source": "Unifilar.dxf", "layer": "ELECTRICA ENERSA", "entity": "LINE"}}, {"type": "Feature", "geometry": {"type": "LineString", "coordinates": [[-58.14210353385701, -32.224952487371176], [-58.14259847700078, -32.22497412783984]]}, "properties": {"source": "Unifilar.dxf", "layer": "ELECTRICA ENERSA", "entity": "LINE"}}, {"type": "Feature", "geometry": {"type": "LineString", "coordinates": [[-58.142672401459855, -32.22569953332006], [-58.14270532152548, -32.225198689404984]]}, "properties": {"source": "Unifilar.dxf", "layer": "ELECTRICA ENERSA", "entity": "LINE"}}, {"type": "Feature", "geometry": {"type": "LineString", "coordinates": [[-58.152283584701024, -32.23847136919815], [-58.15237468834185, -32.23883375779076]]}, "properties": {"source": "Unifilar.dxf", "layer": "ELECTRICA ENERSA", "entity": "LINE"}}, {"type": "Feature", "geometry": {"type": "LineString", "coordinates": [[-58.14938407633528, -32.23523968894747], [-58.149856283177535, -32.23512251263596]]}, "properties": {"source": "Unifilar.dxf", "layer": "ELECTRICA ENERSA", "entity": "LINE"}}, {"type": "Feature", "geometry": {"type": "LineString", "coordinates": [[-58.136362579599584, -32.217255665451525], [-58.13637809712739, -32.21655880080151]]}, "properties": {"source": "Unifilar.dxf", "layer": "ELECTRICA ENERSA", "entity": "LINE"}}, {"type": "Feature", "geometry": {"type": "LineString", "coordinates": [[-58.152092683663994, -32.238913313650876], [-58.15237468834185, -32.23883375779076]]}, "properties": {"source": "Unifilar.dxf", "layer": "ELECTRICA ENERSA", "entity": "LINE"}}, {"type": "Feature", "geometry": {"type": "LineString", "coordinates": [[-58.14710516824573, -32.23214525509267], [-58.14749925750079, -32.232113341873124]]}, "properties": {"source": "Unifilar.dxf", "layer": "ELECTRICA ENERSA", "entity": "LINE"}}, {"type": "Feature", "geometry": {"type": "LineString", "coordinates": [[-58.14507203374981, -32.229372390041995], [-58.14549729271128, -32.229386715052335]]}, "properties": {"source": "Unifilar.dxf", "layer": "ELECTRICA ENERSA", "entity": "LINE"}}, {"type": "Feature", "geometry": {"type": "LineString", "coordinates": [[-58.145070014172475, -32.229384935502985], [-58.145497794682015, -32.22939969026903]]}, "properties": {"source": "Unifilar.dxf", "layer": "ELECTRICA ENERSA", "entity": "LINE"}}, {"type": "Feature", "geometry": {"type": "LineString", "coordinates": [[-58.146494477542, -32.230873702556416], [-58.14649554690774, -32.23087518198418]]}, "properties": {"source": "Unifilar.dxf", "layer": "ELECTRICA ENERSA", "entity": "LINE"}}, {"type": "Feature", "geometry": {"type": "LineString", "coordinates": [[-58.14649554690774, -32.23087518198418], [-58.14658712045246, -32.23121060044133]]}, "properties": {"source": "Unifilar.dxf", "layer": "ELECTRICA ENERSA", "entity": "LINE"}}, {"type": "Feature", "geometry": {"type": "LineString", "coordinates": [[-58.13665704287235, -32.21779502817488], [-58.1369722328825, -32.217709198372035]]}, "properties": {"source": "Unifilar.dxf", "layer": "ELECTRICA ENERSA", "entity": "LINE"}}, {"type": "Feature", "geometry": {"type": "LineString", "coordinates": [[-58.146839716823536, -32.231409621709766], [-58.146647794518515, -32.23144186108487]]}, "properties": {"source": "Unifilar.dxf", "layer": "ELECTRICA ENERSA", "entity": "LINE"}}, {"type": "Feature", "geometry": {"type": "LineString", "coordinates": [[-58.13852040219018, -32.22071057430571], [-58.138976403396654, -32.22057397655549]]}, "properties": {"source": "Unifilar.dxf", "layer": "ELECTRICA ENERSA", "entity": "LINE"}}, {"type": "Feature", "geometry": {"type": "LineString", "coordinates": [[-58.14265317310837, -32.22607511498474], [-58.142672401459855, -32.22569953332006]]}, "properties": {"source": "Unifilar.dxf", "layer": "ELECTRICA ENERSA", "entity": "LINE"}}, {"type": "Feature", "geometry": {"type": "LineString", "coordinates": [[-58.14177123090963, -32.22492861075457], [-58.14210353385701, -32.224952487371176]]}, "properties": {"source": "Unifilar.dxf", "layer": "ELECTRICA ENERSA", "entity": "LINE"}}, {"type": "Feature", "geometry": {"type": "LineString", "coordinates": [[-58.14658712045246, -32.23121060044133], [-58.146647794518515, -32.23144186108487]]}, "properties": {"source": "Unifilar.dxf", "layer": "ELECTRICA ENERSA", "entity": "LINE"}}, {"type": "Feature", "geometry": {"type": "LineString", "coordinates": [[-58.15207747305561, -32.23891989056932], [-58.152092683663994, -32.238913313650876]]}, "properties": {"source": "Unifilar.dxf", "layer": "ELECTRICA ENERSA", "entity": "LINE"}}, {"type": "Feature", "geometry": {"type": "LineString", "coordinates": [[-58.15206519269504, -32.23892434943464], [-58.15207747305561, -32.23891989056932]]}, "properties": {"source": "Unifilar.dxf", "layer": "ELECTRICA ENERSA", "entity": "LINE"}}, {"type": "Feature", "geometry": {"type": "LineString", "coordinates": [[-58.151684644537255, -32.239024122163876], [-58.15206519269504, -32.23892434943464]]}, "properties": {"source": "Unifilar.dxf", "layer": "ELECTRICA ENERSA", "entity": "LINE"}}, {"type": "Feature", "geometry": {"type": "LineString", "coordinates": [[-58.146647794518515, -32.23144186108487], [-58.146696185421945, -32.23161323185342]]}, "properties": {"source": "Unifilar.dxf", "layer": "ELECTRICA ENERSA", "entity": "LINE"}}, {"type": "Feature", "geometry": {"type": "LineString", "coordinates": [[-58.14656086416608, -32.231453640153454], [-58.146647794518515, -32.23144186108487]]}, "properties": {"source": "Unifilar.dxf", "layer": "ELECTRICA ENERSA", "entity": "LINE"}}, {"type": "Feature", "geometry": {"type": "LineString", "coordinates": [[-58.148878895640195, -32.23536965536586], [-58.14938407633528, -32.23523968894747]]}, "properties": {"source": "Unifilar.dxf", "layer": "ELECTRICA ENERSA", "entity": "LINE"}}, {"type": "Feature", "geometry": {"type": "LineString", "coordinates": [[-58.13633492266458, -32.21776379071229], [-58.136362579599584, -32.217255665451525]]}, "properties": {"source": "Unifilar.dxf", "layer": "ELECTRICA ENERSA", "entity": "LINE"}}, {"type": "Feature", "geometry": {"type": "LineString", "coordinates": [[-58.14683863844415, -32.23214485483007], [-58.14710516824573, -32.23214525509267]]}, "properties": {"source": "Unifilar.dxf", "layer": "ELECTRICA ENERSA", "entity": "LINE"}}, {"type": "Feature", "geometry": {"type": "LineString", "coordinates": [[-58.146696185421945, -32.23161323185342], [-58.146797836987055, -32.231990213107395]]}, "properties": {"source": "Unifilar.dxf", "layer": "ELECTRICA ENERSA", "entity": "LINE"}}, {"type": "Feature", "geometry": {"type": "LineString", "coordinates": [[-58.144629082173005, -32.229339759897776], [-58.14507203374981, -32.229372390041995]]}, "properties": {"source": "Unifilar.dxf", "layer": "ELECTRICA ENERSA", "entity": "LINE"}}, {"type": "Feature", "geometry": {"type": "LineString", "coordinates": [[-58.144627062595674, -32.229352305358766], [-58.145070014172475, -32.229384935502985]]}, "properties": {"source": "Unifilar.dxf", "layer": "ELECTRICA ENERSA", "entity": "LINE"}}, {"type": "Feature", "geometry": {"type": "LineString", "coordinates": [[-58.14612579574375, -32.231444196819425], [-58.14656086416608, -32.231453640153454]]}, "properties": {"source": "Unifilar.dxf", "layer": "ELECTRICA ENERSA", "entity": "LINE"}}, {"type": "Feature", "geometry": {"type": "LineString", "coordinates": [[-58.14265220358071, -32.2260891102811], [-58.14265018635033, -32.22610165611968]]}, "properties": {"source": "Unifilar.dxf", "layer": "ELECTRICA ENERSA", "entity": "LINE"}}, {"type": "Feature", "geometry": {"type": "LineString", "coordinates": [[-58.136469796363116, -32.21784601709858], [-58.13665307235886, -32.21779564680304]]}, "properties": {"source": "Unifilar.dxf", "layer": "ELECTRICA ENERSA", "entity": "LINE"}}, {"type": "Feature", "geometry": {"type": "LineString", "coordinates": [[-58.14265018635033, -32.22610165611968], [-58.14263945753325, -32.2263845699536]]}, "properties": {"source": "Unifilar.dxf", "layer": "ELECTRICA ENERSA", "entity": "LINE"}}, {"type": "Feature", "geometry": {"type": "LineString", "coordinates": [[-58.14137769569173, -32.22490910871622], [-58.14177123090963, -32.22492861075457]]}, "properties": {"source": "Unifilar.dxf", "layer": "ELECTRICA ENERSA", "entity": "LINE"}}, {"type": "Feature", "geometry": {"type": "LineString", "coordinates": [[-58.146797836987055, -32.231990213107395], [-58.14683863844415, -32.23214485483007]]}, "properties": {"source": "Unifilar.dxf", "layer": "ELECTRICA ENERSA", "entity": "LINE"}}, {"type": "Feature", "geometry": {"type": "LineString", "coordinates": [[-58.1364769023262, -32.217729975895104], [-58.136469796363116, -32.21784601709858]]}, "properties": {"source": "Unifilar.dxf", "layer": "ELECTRICA ENERSA", "entity": "LINE"}}, {"type": "Feature", "geometry": {"type": "LineString", "coordinates": [[-58.13636269818145, -32.21775926027605], [-58.1364769023262, -32.217729975895104]]}, "properties": {"source": "Unifilar.dxf", "layer": "ELECTRICA ENERSA", "entity": "LINE"}}, {"type": "Feature", "geometry": {"type": "LineString", "coordinates": [[-58.1426848164061, -32.22642276075134], [-58.14267336167271, -32.226317883790365]]}, "properties": {"source": "Unifilar.dxf", "layer": "ELECTRICA ENERSA", "entity": "LINE"}}, {"type": "Feature", "geometry": {"type": "LineString", "coordinates": [[-58.14267702652259, -32.22641509696666], [-58.14266559903465, -32.22631020031203]]}, "properties": {"source": "Unifilar.dxf", "layer": "ELECTRICA ENERSA", "entity": "LINE"}}, {"type": "Feature", "geometry": {"type": "LineString", "coordinates": [[-58.14673618417785, -32.23214126595729], [-58.14683863844415, -32.23214485483007]]}, "properties": {"source": "Unifilar.dxf", "layer": "ELECTRICA ENERSA", "entity": "LINE"}}, {"type": "Feature", "geometry": {"type": "LineString", "coordinates": [[-58.14692403818776, -32.23246256453366], [-58.14683863844415, -32.23214485483007]]}, "properties": {"source": "Unifilar.dxf", "layer": "ELECTRICA ENERSA", "entity": "LINE"}}, {"type": "Feature", "geometry": {"type": "LineString", "coordinates": [[-58.14198210919785, -32.2263715393139], [-58.1426848164061, -32.22642276075134]]}, "properties": {"source": "Unifilar.dxf", "layer": "ELECTRICA ENERSA", "entity": "LINE"}}, {"type": "Feature", "geometry": {"type": "LineString", "coordinates": [[-58.14190824152699, -32.22635837302919], [-58.14267702652259, -32.22641509696666]]}, "properties": {"source": "Unifilar.dxf", "layer": "ELECTRICA ENERSA", "entity": "LINE"}}, {"type": "Feature", "geometry": {"type": "LineString", "coordinates": [[-58.14263945753325, -32.2263845699536], [-58.1426282219987, -32.22647033653071]]}, "properties": {"source": "Unifilar.dxf", "layer": "ELECTRICA ENERSA", "entity": "LINE"}}, {"type": "Feature", "geometry": {"type": "LineString", "coordinates": [[-58.138098661756494, -32.220842328558454], [-58.13852040219018, -32.22071057430571]]}, "properties": {"source": "Unifilar.dxf", "layer": "ELECTRICA ENERSA", "entity": "LINE"}}, {"type": "Feature", "geometry": {"type": "LineString", "coordinates": [[-58.13634934894749, -32.217762240394734], [-58.13633492266458, -32.21776379071229]]}, "properties": {"source": "Unifilar.dxf", "layer": "ELECTRICA ENERSA", "entity": "LINE"}}, {"type": "Feature", "geometry": {"type": "LineString", "coordinates": [[-58.1426282219987, -32.22647033653071], [-58.14260585786137, -32.226841516826774]]}, "properties": {"source": "Unifilar.dxf", "layer": "ELECTRICA ENERSA", "entity": "LINE"}}, {"type": "Feature", "geometry": {"type": "LineString", "coordinates": [[-58.13629615945397, -32.21822893062333], [-58.13633492266458, -32.21776379071229]]}, "properties": {"source": "Unifilar.dxf", "layer": "ELECTRICA ENERSA", "entity": "LINE"}}, {"type": "Feature", "geometry": {"type": "LineString", "coordinates": [[-58.15126134453139, -32.239141498303674], [-58.151684644537255, -32.239024122163876]]}, "properties": {"source": "Unifilar.dxf", "layer": "ELECTRICA ENERSA", "entity": "LINE"}}, {"type": "Feature", "geometry": {"type": "LineString", "coordinates": [[-58.1469413114512, -32.23252330659775], [-58.14692403818776, -32.23246256453366]]}, "properties": {"source": "Unifilar.dxf", "layer": "ELECTRICA ENERSA", "entity": "LINE"}}, {"type": "Feature", "geometry": {"type": "LineString", "coordinates": [[-58.14694090931855, -32.23252580610519], [-58.1469413114512, -32.23252330659775]]}, "properties": {"source": "Unifilar.dxf", "layer": "ELECTRICA ENERSA", "entity": "LINE"}}, {"type": "Feature", "geometry": {"type": "LineString", "coordinates": [[-58.146948369662034, -32.2325514638151], [-58.14694090931855, -32.23252580610519]]}, "properties": {"source": "Unifilar.dxf", "layer": "ELECTRICA ENERSA", "entity": "LINE"}}, {"type": "Feature", "geometry": {"type": "LineString", "coordinates": [[-58.144000908506406, -32.229305684664936], [-58.144629082173005, -32.229339759897776]]}, "properties": {"source": "Unifilar.dxf", "layer": "ELECTRICA ENERSA", "entity": "LINE"}}, {"type": "Feature", "geometry": {"type": "LineString", "coordinates": [[-58.14695136977793, -32.232564842149124], [-58.146948369662034, -32.2325514638151]]}, "properties": {"source": "Unifilar.dxf", "layer": "ELECTRICA ENERSA", "entity": "LINE"}}, {"type": "Feature", "geometry": {"type": "LineString", "coordinates": [[-58.14706835653584, -32.23303055742217], [-58.14695136977793, -32.232564842149124]]}, "properties": {"source": "Unifilar.dxf", "layer": "ELECTRICA ENERSA", "entity": "LINE"}}, {"type": "Feature", "geometry": {"type": "LineString", "coordinates": [[-58.144000771851765, -32.22931466026807], [-58.144627062595674, -32.229352305358766]]}, "properties": {"source": "Unifilar.dxf", "layer": "ELECTRICA ENERSA", "entity": "LINE"}}, {"type": "Feature", "geometry": {"type": "LineString", "coordinates": [[-58.145824208833446, -32.23145358978312], [-58.14612579574375, -32.231444196819425]]}, "properties": {"source": "Unifilar.dxf", "layer": "ELECTRICA ENERSA", "entity": "LINE"}}, {"type": "Feature", "geometry": {"type": "LineString", "coordinates": [[-58.14099061873047, -32.22488931365086], [-58.14137769569173, -32.22490910871622]]}, "properties": {"source": "Unifilar.dxf", "layer": "ELECTRICA ENERSA", "entity": "LINE"}}, {"type": "Feature", "geometry": {"type": "LineString", "coordinates": [[-58.14870302207111, -32.235838501448235], [-58.148878895640195, -32.23536965536586]]}, "properties": {"source": "Unifilar.dxf", "layer": "ELECTRICA ENERSA", "entity": "LINE"}}, {"type": "Feature", "geometry": {"type": "LineString", "coordinates": [[-58.14826056191222, -32.2355947080725], [-58.148878895640195, -32.23536965536586]]}, "properties": {"source": "Unifilar.dxf", "layer": "ELECTRICA ENERSA", "entity": "LINE"}}, {"type": "Feature", "geometry": {"type": "LineString", "coordinates": [[-58.14260585786137, -32.226841516826774], [-58.14259760244311, -32.22704499756463]]}, "properties": {"source": "Unifilar.dxf", "layer": "ELECTRICA ENERSA", "entity": "LINE"}}, {"type": "Feature", "geometry": {"type": "LineString", "coordinates": [[-58.1470767209827, -32.233066690841326], [-58.14706835653584, -32.23303055742217]]}, "properties": {"source": "Unifilar.dxf", "layer": "ELECTRICA ENERSA", "entity": "LINE"}}, {"type": "Feature", "geometry": {"type": "LineString", "coordinates": [[-58.14720545375768, -32.23357938975239], [-58.1470767209827, -32.233066690841326]]}, "properties": {"source": "Unifilar.dxf", "layer": "ELECTRICA ENERSA", "entity": "LINE"}}, {"type": "Feature", "geometry": {"type": "LineString", "coordinates": [[-58.14178505597304, -32.22634755434742], [-58.14223147560027, -32.22636658996566]]}, "properties": {"source": "Unifilar.dxf", "layer": "ELECTRICA ENERSA", "entity": "LINE"}}, {"type": "Feature", "geometry": {"type": "LineString", "coordinates": [[-58.147477949680216, -32.23371080560067], [-58.14747299020644, -32.23368554903874]]}, "properties": {"source": "Unifilar.dxf", "layer": "ELECTRICA ENERSA", "entity": "LINE"}}, {"type": "Feature", "geometry": {"type": "LineString", "coordinates": [[-58.14747299020644, -32.23368554903874], [-58.14741056045201, -32.23369737421554]]}, "properties": {"source": "Unifilar.dxf", "layer": "ELECTRICA ENERSA", "entity": "LINE"}}, {"type": "Feature", "geometry": {"type": "LineString", "coordinates": [[-58.136263127177095, -32.21867438170758], [-58.13629615945397, -32.21822893062333]]}, "properties": {"source": "Unifilar.dxf", "layer": "ELECTRICA ENERSA", "entity": "LINE"}}, {"type": "Feature", "geometry": {"type": "LineString", "coordinates": [[-58.147482217022414, -32.23373210329866], [-58.147477949680216, -32.23371080560067]]}, "properties": {"source": "Unifilar.dxf", "layer": "ELECTRICA ENERSA", "entity": "LINE"}}, {"type": "Feature", "geometry": {"type": "LineString", "coordinates": [[-58.14735638164557, -32.233545733971035], [-58.14735071539761, -32.23354095077051]]}, "properties": {"source": "Unifilar.dxf", "layer": "ELECTRICA ENERSA", "entity": "LINE"}}, {"type": "Feature", "geometry": {"type": "LineString", "coordinates": [[-58.1473886086475, -32.233697738169354], [-58.14735638164557, -32.233545733971035]]}, "properties": {"source": "Unifilar.dxf", "layer": "ELECTRICA ENERSA", "entity": "LINE"}}, {"type": "Feature", "geometry": {"type": "LineString", "coordinates": [[-58.14735071539761, -32.23354095077051], [-58.14722966026996, -32.233572980443256]]}, "properties": {"source": "Unifilar.dxf", "layer": "ELECTRICA ENERSA", "entity": "LINE"}}, {"type": "Feature", "geometry": {"type": "LineString", "coordinates": [[-58.14747931538232, -32.23373420067344], [-58.147482217022414, -32.23373210329866]]}, "properties": {"source": "Unifilar.dxf", "layer": "ELECTRICA ENERSA", "entity": "LINE"}}, {"type": "Feature", "geometry": {"type": "LineString", "coordinates": [[-58.147476815874874, -32.23373379854079], [-58.14737827141027, -32.233754014047626]]}, "properties": {"source": "Unifilar.dxf", "layer": "ELECTRICA ENERSA", "entity": "LINE"}}, {"type": "Feature", "geometry": {"type": "LineString", "coordinates": [[-58.14540805556263, -32.23143047412565], [-58.145824208833446, -32.23145358978312]]}, "properties": {"source": "Unifilar.dxf", "layer": "ELECTRICA ENERSA", "entity": "LINE"}}, {"type": "Feature", "geometry": {"type": "LineString", "coordinates": [[-58.14741056045201, -32.23369737421554], [-58.147406581516805, -32.23369804144862]]}, "properties": {"source": "Unifilar.dxf", "layer": "ELECTRICA ENERSA", "entity": "LINE"}}, {"type": "Feature", "geometry": {"type": "LineString", "coordinates": [[-58.14259760244311, -32.22704499756463], [-58.14253022745813, -32.22733551458033]]}, "properties": {"source": "Unifilar.dxf", "layer": "ELECTRICA ENERSA", "entity": "LINE"}}, {"type": "Feature", "geometry": {"type": "LineString", "coordinates": [[-58.147406581516805, -32.23369804144862], [-58.14739468359523, -32.23369997356105]]}, "properties": {"source": "Unifilar.dxf", "layer": "ELECTRICA ENERSA", "entity": "LINE"}}, {"type": "Feature", "geometry": {"type": "LineString", "coordinates": [[-58.14739468359523, -32.23369997356105], [-58.1473886086475, -32.233697738169354]]}, "properties": {"source": "Unifilar.dxf", "layer": "ELECTRICA ENERSA", "entity": "LINE"}}, {"type": "Feature", "geometry": {"type": "LineString", "coordinates": [[-58.13766160430925, -32.2209652333069], [-58.138098661756494, -32.220842328558454]]}, "properties": {"source": "Unifilar.dxf", "layer": "ELECTRICA ENERSA", "entity": "LINE"}}, {"type": "Feature", "geometry": {"type": "LineString", "coordinates": [[-58.140550687455566, -32.22487008976725], [-58.14099061873047, -32.22488931365086]]}, "properties": {"source": "Unifilar.dxf", "layer": "ELECTRICA ENERSA", "entity": "LINE"}}, {"type": "Feature", "geometry": {"type": "LineString", "coordinates": [[-58.14737827141027, -32.233754014047626], [-58.14736489406093, -32.233757015525796]]}, "properties": {"source": "Unifilar.dxf", "layer": "ELECTRICA ENERSA", "entity": "LINE"}}, {"type": "Feature", "geometry": {"type": "LineString", "coordinates": [[-58.1508718263529, -32.239241084714614], [-58.15126134453139, -32.239141498303674]]}, "properties": {"source": "Unifilar.dxf", "layer": "ELECTRICA ENERSA", "entity": "LINE"}}, {"type": "Feature", "geometry": {"type": "LineString", "coordinates": [[-58.14736489406093, -32.233757015525796], [-58.147368276993404, -32.233767864759976]]}, "properties": {"source": "Unifilar.dxf", "layer": "ELECTRICA ENERSA", "entity": "LINE"}}, {"type": "Feature", "geometry": {"type": "LineString", "coordinates": [[-58.14722966026996, -32.233572980443256], [-58.14722711283872, -32.23357256939654]]}, "properties": {"source": "Unifilar.dxf", "layer": "ELECTRICA ENERSA", "entity": "LINE"}}, {"type": "Feature", "geometry": {"type": "LineString", "coordinates": [[-58.14722711283872, -32.23357256939654], [-58.1472162832982, -32.23357597957447]]}, "properties": {"source": "Unifilar.dxf", "layer": "ELECTRICA ENERSA", "entity": "LINE"}}, {"type": "Feature", "geometry": {"type": "LineString", "coordinates": [[-58.147368276993404, -32.233767864759976], [-58.1473735019452, -32.23379959741761]]}, "properties": {"source": "Unifilar.dxf", "layer": "ELECTRICA ENERSA", "entity": "LINE"}}, {"type": "Feature", "geometry": {"type": "LineString", "coordinates": [[-58.1472162832982, -32.23357597957447], [-58.14720545375768, -32.23357938975239]]}, "properties": {"source": "Unifilar.dxf", "layer": "ELECTRICA ENERSA", "entity": "LINE"}}, {"type": "Feature", "geometry": {"type": "LineString", "coordinates": [[-58.1473735019452, -32.23379959741761], [-58.14762498807189, -32.2350623008052]]}, "properties": {"source": "Unifilar.dxf", "layer": "ELECTRICA ENERSA", "entity": "LINE"}}, {"type": "Feature", "geometry": {"type": "LineString", "coordinates": [[-58.14733375579229, -32.23409460884925], [-58.14720545375768, -32.23357938975239]]}, "properties": {"source": "Unifilar.dxf", "layer": "ELECTRICA ENERSA", "entity": "LINE"}}, {"type": "Feature", "geometry": {"type": "LineString", "coordinates": [[-58.14195766543769, -32.226371454195956], [-58.14198210919785, -32.2263715393139]]}, "properties": {"source": "Unifilar.dxf", "layer": "ELECTRICA ENERSA", "entity": "LINE"}}, {"type": "Feature", "geometry": {"type": "LineString", "coordinates": [[-58.14195661675029, -32.226370003375905], [-58.14195766543769, -32.226371454195956]]}, "properties": {"source": "Unifilar.dxf", "layer": "ELECTRICA ENERSA", "entity": "LINE"}}, {"type": "Feature", "geometry": {"type": "LineString", "coordinates": [[-58.13869682837154, -32.2261701338377], [-58.14195661675029, -32.226370003375905]]}, "properties": {"source": "Unifilar.dxf", "layer": "ELECTRICA ENERSA", "entity": "LINE"}}, {"type": "Feature", "geometry": {"type": "LineString", "coordinates": [[-58.14189026729542, -32.226358070734605], [-58.14190824152699, -32.22635837302919]]}, "properties": {"source": "Unifilar.dxf", "layer": "ELECTRICA ENERSA", "entity": "LINE"}}, {"type": "Feature", "geometry": {"type": "LineString", "coordinates": [[-58.138698043191226, -32.22616258671045], [-58.14189026729542, -32.226358070734605]]}, "properties": {"source": "Unifilar.dxf", "layer": "ELECTRICA ENERSA", "entity": "LINE"}}, {"type": "Feature", "geometry": {"type": "LineString", "coordinates": [[-58.14366607744387, -32.22928142659401], [-58.144000908506406, -32.229305684664936]]}, "properties": {"source": "Unifilar.dxf", "layer": "ELECTRICA ENERSA", "entity": "LINE"}}, {"type": "Feature", "geometry": {"type": "LineString", "coordinates": [[-58.14366406059108, -32.22929397008564], [-58.144000771851765, -32.22931466026807]]}, "properties": {"source": "Unifilar.dxf", "layer": "ELECTRICA ENERSA", "entity": "LINE"}}, {"type": "Feature", "geometry": {"type": "LineString", "coordinates": [[-58.148546711722695, -32.236217768265334], [-58.14870302207111, -32.235838501448235]]}, "properties": {"source": "Unifilar.dxf", "layer": "ELECTRICA ENERSA", "entity": "LINE"}}, {"type": "Feature", "geometry": {"type": "LineString", "coordinates": [[-58.14253022745813, -32.22733551458033], [-58.14249943547185, -32.22787920647234]]}, "properties": {"source": "Unifilar.dxf", "layer": "ELECTRICA ENERSA", "entity": "LINE"}}, {"type": "Feature", "geometry": {"type": "LineString", "coordinates": [[-58.13623388520445, -32.21931235523983], [-58.136263127177095, -32.21867438170758]]}, "properties": {"source": "Unifilar.dxf", "layer": "ELECTRICA ENERSA", "entity": "LINE"}}, {"type": "Feature", "geometry": {"type": "LineString", "coordinates": [[-58.14132979542794, -32.226319403746864], [-58.14178505597304, -32.22634755434742]]}, "properties": {"source": "Unifilar.dxf", "layer": "ELECTRICA ENERSA", "entity": "LINE"}}, {"type": "Feature", "geometry": {"type": "LineString", "coordinates": [[-58.14499988642301, -32.23140600294609], [-58.14540805556263, -32.23143047412565]]}, "properties": {"source": "Unifilar.dxf", "layer": "ELECTRICA ENERSA", "entity": "LINE"}}, {"type": "Feature", "geometry": {"type": "LineString", "coordinates": [[-58.147416959610666, -32.234538148198254], [-58.14733375579229, -32.23409460884925]]}, "properties": {"source": "Unifilar.dxf", "layer": "ELECTRICA ENERSA", "entity": "LINE"}}, {"type": "Feature", "geometry": {"type": "LineString", "coordinates": [[-58.147550119887825, -32.23453508892223], [-58.147416959610666, -32.234538148198254]]}, "properties": {"source": "Unifilar.dxf", "layer": "ELECTRICA ENERSA", "entity": "LINE"}}, {"type": "Feature", "geometry": {"type": "LineString", "coordinates": [[-58.14012159365055, -32.224847406419656], [-58.140550687455566, -32.22487008976725]]}, "properties": {"source": "Unifilar.dxf", "layer": "ELECTRICA ENERSA", "entity": "LINE"}}, {"type": "Feature", "geometry": {"type": "LineString", "coordinates": [[-58.14775261623167, -32.23571779626254], [-58.148251154584024, -32.23559709024138]]}, "properties": {"source": "Unifilar.dxf", "layer": "ELECTRICA ENERSA", "entity": "LINE"}}, {"type": "Feature", "geometry": {"type": "LineString", "coordinates": [[-58.13722412405101, -32.221090608955066], [-58.13766160430925, -32.2209652333069]]}, "properties": {"source": "Unifilar.dxf", "layer": "ELECTRICA ENERSA", "entity": "LINE"}}, {"type": "Feature", "geometry": {"type": "LineString", "coordinates": [[-58.14322258707977, -32.22926027156037], [-58.14366607744387, -32.22928142659401]]}, "properties": {"source": "Unifilar.dxf", "layer": "ELECTRICA ENERSA", "entity": "LINE"}}, {"type": "Feature", "geometry": {"type": "LineString", "coordinates": [[-58.14322160962273, -32.22927431614279], [-58.14366406059108, -32.22929397008564]]}, "properties": {"source": "Unifilar.dxf", "layer": "ELECTRICA ENERSA", "entity": "LINE"}}, {"type": "Feature", "geometry": {"type": "LineString", "coordinates": [[-58.14744096018264, -32.2346450423896], [-58.147416959610666, -32.234538148198254]]}, "properties": {"source": "Unifilar.dxf", "layer": "ELECTRICA ENERSA", "entity": "LINE"}}, {"type": "Feature", "geometry": {"type": "LineString", "coordinates": [[-58.1470884610445, -32.234522650900786], [-58.147416959610666, -32.234538148198254]]}, "properties": {"source": "Unifilar.dxf", "layer": "ELECTRICA ENERSA", "entity": "LINE"}}, {"type": "Feature", "geometry": {"type": "LineString", "coordinates": [[-58.14837033754515, -32.236673638146335], [-58.148546711722695, -32.236217768265334]]}, "properties": {"source": "Unifilar.dxf", "layer": "ELECTRICA ENERSA", "entity": "LINE"}}, {"type": "Feature", "geometry": {"type": "LineString", "coordinates": [[-58.14249943547185, -32.22787920647234], [-58.14246776520667, -32.22826824267671]]}, "properties": {"source": "Unifilar.dxf", "layer": "ELECTRICA ENERSA", "entity": "LINE"}}, {"type": "Feature", "geometry": {"type": "LineString", "coordinates": [[-58.145054242562026, -32.23144436036846], [-58.14504011881987, -32.23142793679501]]}, "properties": {"source": "Unifilar.dxf", "layer": "ELECTRICA ENERSA", "entity": "LINE"}}, {"type": "Feature", "geometry": {"type": "LineString", "coordinates": [[-58.14503826811481, -32.23169551293702], [-58.145054242562026, -32.23144436036846]]}, "properties": {"source": "Unifilar.dxf", "layer": "ELECTRICA ENERSA", "entity": "LINE"}}, {"type": "Feature", "geometry": {"type": "LineString", "coordinates": [[-58.14504011881987, -32.23142793679501], [-58.14501672548697, -32.23142929916547]]}, "properties": {"source": "Unifilar.dxf", "layer": "ELECTRICA ENERSA", "entity": "LINE"}}, {"type": "Feature", "geometry": {"type": "LineString", "coordinates": [[-58.140856023226256, -32.22630242497762], [-58.14132979542794, -32.226319403746864]]}, "properties": {"source": "Unifilar.dxf", "layer": "ELECTRICA ENERSA", "entity": "LINE"}}, {"type": "Feature", "geometry": {"type": "LineString", "coordinates": [[-58.14500303248519, -32.23141035540623], [-58.14499988642301, -32.23140600294609]]}, "properties": {"source": "Unifilar.dxf", "layer": "ELECTRICA ENERSA", "entity": "LINE"}}, {"type": "Feature", "geometry": {"type": "LineString", "coordinates": [[-58.14461111334969, -32.23138080839902], [-58.14499988642301, -32.23140600294609]]}, "properties": {"source": "Unifilar.dxf", "layer": "ELECTRICA ENERSA", "entity": "LINE"}}, {"type": "Feature", "geometry": {"type": "LineString", "coordinates": [[-58.14501672548697, -32.23142929916547], [-58.14500303248519, -32.23141035540623]]}, "properties": {"source": "Unifilar.dxf", "layer": "ELECTRICA ENERSA", "entity": "LINE"}}, {"type": "Feature", "geometry": {"type": "LineString", "coordinates": [[-58.14762498807189, -32.2350623008052], [-58.14775261623167, -32.23571779626254]]}, "properties": {"source": "Unifilar.dxf", "layer": "ELECTRICA ENERSA", "entity": "LINE"}}, {"type": "Feature", "geometry": {"type": "LineString", "coordinates": [[-58.13619728337086, -32.21986029018279], [-58.13623388520445, -32.21931235523983]]}, "properties": {"source": "Unifilar.dxf", "layer": "ELECTRICA ENERSA", "entity": "LINE"}}, {"type": "Feature", "geometry": {"type": "LineString", "coordinates": [[-58.145069639011794, -32.23169284334584], [-58.14504186559571, -32.2316973738191]]}, "properties": {"source": "Unifilar.dxf", "layer": "ELECTRICA ENERSA", "entity": "LINE"}}, {"type": "Feature", "geometry": {"type": "LineString", "coordinates": [[-58.13973370536454, -32.224832657989424], [-58.14012159365055, -32.224847406419656]]}, "properties": {"source": "Unifilar.dxf", "layer": "ELECTRICA ENERSA", "entity": "LINE"}}, {"type": "Feature", "geometry": {"type": "LineString", "coordinates": [[-58.146630778789415, -32.234509545268665], [-58.1470884610445, -32.234522650900786]]}, "properties": {"source": "Unifilar.dxf", "layer": "ELECTRICA ENERSA", "entity": "LINE"}}, {"type": "Feature", "geometry": {"type": "LineString", "coordinates": [[-58.142716715542086, -32.22922656790777], [-58.14322258707977, -32.22926027156037]]}, "properties": {"source": "Unifilar.dxf", "layer": "ELECTRICA ENERSA", "entity": "LINE"}}, {"type": "Feature", "geometry": {"type": "LineString", "coordinates": [[-58.1427157473767, -32.22924056221945], [-58.14322160962273, -32.22927431614279]]}, "properties": {"source": "Unifilar.dxf", "layer": "ELECTRICA ENERSA", "entity": "LINE"}}, {"type": "Feature", "geometry": {"type": "LineString", "coordinates": [[-58.14246776520667, -32.22826824267671], [-58.14244202528638, -32.22874834972172]]}, "properties": {"source": "Unifilar.dxf", "layer": "ELECTRICA ENERSA", "entity": "LINE"}}, {"type": "Feature", "geometry": {"type": "LineString", "coordinates": [[-58.1367718644171, -32.22122004201703], [-58.13722412405101, -32.221090608955066]]}, "properties": {"source": "Unifilar.dxf", "layer": "ELECTRICA ENERSA", "entity": "LINE"}}, {"type": "Feature", "geometry": {"type": "LineString", "coordinates": [[-58.1442679508918, -32.23136036362335], [-58.14461111334969, -32.23138080839902]]}, "properties": {"source": "Unifilar.dxf", "layer": "ELECTRICA ENERSA", "entity": "LINE"}}, {"type": "Feature", "geometry": {"type": "LineString", "coordinates": [[-58.14823583055586, -32.23714142279056], [-58.14837033754515, -32.236673638146335]]}, "properties": {"source": "Unifilar.dxf", "layer": "ELECTRICA ENERSA", "entity": "LINE"}}, {"type": "Feature", "geometry": {"type": "LineString", "coordinates": [[-58.14033887122169, -32.22627462376215], [-58.140856023226256, -32.22630242497762]]}, "properties": {"source": "Unifilar.dxf", "layer": "ELECTRICA ENERSA", "entity": "LINE"}}, {"type": "Feature", "geometry": {"type": "LineString", "coordinates": [[-58.13616087828175, -32.22041466638718], [-58.13619728337086, -32.21986029018279]]}, "properties": {"source": "Unifilar.dxf", "layer": "ELECTRICA ENERSA", "entity": "LINE"}}, {"type": "Feature", "geometry": {"type": "LineString", "coordinates": [[-58.13937138469532, -32.22481943471758], [-58.13973370536454, -32.224832657989424]]}, "properties": {"source": "Unifilar.dxf", "layer": "ELECTRICA ENERSA", "entity": "LINE"}}, {"type": "Feature", "geometry": {"type": "LineString", "coordinates": [[-58.146297019817155, -32.23448676465614], [-58.146630778789415, -32.234509545268665]]}, "properties": {"source": "Unifilar.dxf", "layer": "ELECTRICA ENERSA", "entity": "LINE"}}, {"type": "Feature", "geometry": {"type": "LineString", "coordinates": [[-58.14244202528638, -32.22874834972172], [-58.14242239866362, -32.2290465740021]]}, "properties": {"source": "Unifilar.dxf", "layer": "ELECTRICA ENERSA", "entity": "LINE"}}, {"type": "Feature", "geometry": {"type": "LineString", "coordinates": [[-58.14434627222314, -32.23138585758533], [-58.1443406046129, -32.2313810753695]]}, "properties": {"source": "Unifilar.dxf", "layer": "ELECTRICA ENERSA", "entity": "LINE"}}, {"type": "Feature", "geometry": {"type": "LineString", "coordinates": [[-58.14432937231067, -32.23173087125606], [-58.14434627222314, -32.23138585758533]]}, "properties": {"source": "Unifilar.dxf", "layer": "ELECTRICA ENERSA", "entity": "LINE"}}, {"type": "Feature", "geometry": {"type": "LineString", "coordinates": [[-58.1443406046129, -32.2313810753695], [-58.144279145748406, -32.23137890426525]]}, "properties": {"source": "Unifilar.dxf", "layer": "ELECTRICA ENERSA", "entity": "LINE"}}, {"type": "Feature", "geometry": {"type": "LineString", "coordinates": [[-58.14433767572736, -32.23138319243794], [-58.14434398853006, -32.231391925965944]]}, "properties": {"source": "Unifilar.dxf", "layer": "ELECTRICA ENERSA", "entity": "LINE"}}, {"type": "Feature", "geometry": {"type": "LineString", "coordinates": [[-58.144274764680546, -32.231382071005775], [-58.14433767572736, -32.23138319243794]]}, "properties": {"source": "Unifilar.dxf", "layer": "ELECTRICA ENERSA", "entity": "LINE"}}, {"type": "Feature", "geometry": {"type": "LineString", "coordinates": [[-58.14434398853006, -32.231391925965944], [-58.144334996995326, -32.231575932743716]]}, "properties": {"source": "Unifilar.dxf", "layer": "ELECTRICA ENERSA", "entity": "LINE"}}, {"type": "Feature", "geometry": {"type": "LineString", "coordinates": [[-58.14427216533503, -32.23136619414899], [-58.1442679508918, -32.23136036362335]]}, "properties": {"source": "Unifilar.dxf", "layer": "ELECTRICA ENERSA", "entity": "LINE"}}, {"type": "Feature", "geometry": {"type": "LineString", "coordinates": [[-58.144275311397216, -32.231370546609135], [-58.14427216533503, -32.23136619414899]]}, "properties": {"source": "Unifilar.dxf", "layer": "ELECTRICA ENERSA", "entity": "LINE"}}, {"type": "Feature", "geometry": {"type": "LineString", "coordinates": [[-58.144279145748406, -32.23137890426525], [-58.144275311397216, -32.231370546609135]]}, "properties": {"source": "Unifilar.dxf", "layer": "ELECTRICA ENERSA", "entity": "LINE"}}, {"type": "Feature", "geometry": {"type": "LineString", "coordinates": [[-58.14426543206829, -32.2313599318983], [-58.144270933053896, -32.23137371138029]]}, "properties": {"source": "Unifilar.dxf", "layer": "ELECTRICA ENERSA", "entity": "LINE"}}, {"type": "Feature", "geometry": {"type": "LineString", "coordinates": [[-58.14381688645855, -32.23133801531831], [-58.14426543206829, -32.2313599318983]]}, "properties": {"source": "Unifilar.dxf", "layer": "ELECTRICA ENERSA", "entity": "LINE"}}, {"type": "Feature", "geometry": {"type": "LineString", "coordinates": [[-58.144270933053896, -32.23137371138029], [-58.144272646627414, -32.23137914075796]]}, "properties": {"source": "Unifilar.dxf", "layer": "ELECTRICA ENERSA", "entity": "LINE"}}, {"type": "Feature", "geometry": {"type": "LineString", "coordinates": [[-58.142283406801496, -32.2291980533534], [-58.142716715542086, -32.22922656790777]]}, "properties": {"source": "Unifilar.dxf", "layer": "ELECTRICA ENERSA", "entity": "LINE"}}, {"type": "Feature", "geometry": {"type": "LineString", "coordinates": [[-58.144272646627414, -32.23137914075796], [-58.144274764680546, -32.231382071005775]]}, "properties": {"source": "Unifilar.dxf", "layer": "ELECTRICA ENERSA", "entity": "LINE"}}, {"type": "Feature", "geometry": {"type": "LineString", "coordinates": [[-58.1424760813054, -32.22922520543799], [-58.1427157473767, -32.22924056221945]]}, "properties": {"source": "Unifilar.dxf", "layer": "ELECTRICA ENERSA", "entity": "LINE"}}, {"type": "Feature", "geometry": {"type": "LineString", "coordinates": [[-58.144334996995326, -32.231575932743716], [-58.144327608185144, -32.23170997508364]]}, "properties": {"source": "Unifilar.dxf", "layer": "ELECTRICA ENERSA", "entity": "LINE"}}, {"type": "Feature", "geometry": {"type": "LineString", "coordinates": [[-58.14242239866362, -32.2290465740021], [-58.142477389361794, -32.22904896129829]]}, "properties": {"source": "Unifilar.dxf", "layer": "ELECTRICA ENERSA", "entity": "LINE"}}, {"type": "Feature", "geometry": {"type": "LineString", "coordinates": [[-58.142477389361794, -32.22904896129829], [-58.1424760813054, -32.22922520543799]]}, "properties": {"source": "Unifilar.dxf", "layer": "ELECTRICA ENERSA", "entity": "LINE"}}, {"type": "Feature", "geometry": {"type": "LineString", "coordinates": [[-58.1363325518845, -32.22134899446775], [-58.1367718644171, -32.22122004201703]]}, "properties": {"source": "Unifilar.dxf", "layer": "ELECTRICA ENERSA", "entity": "LINE"}}, {"type": "Feature", "geometry": {"type": "LineString", "coordinates": [[-58.138948339084926, -32.224799007136475], [-58.13937138469532, -32.22481943471758]]}, "properties": {"source": "Unifilar.dxf", "layer": "ELECTRICA ENERSA", "entity": "LINE"}}, {"type": "Feature", "geometry": {"type": "LineString", "coordinates": [[-58.144327608185144, -32.23170997508364], [-58.144325259067784, -32.23174051446987]]}, "properties": {"source": "Unifilar.dxf", "layer": "ELECTRICA ENERSA", "entity": "LINE"}}, {"type": "Feature", "geometry": {"type": "LineString", "coordinates": [[-58.136123611315874, -32.220958622431944], [-58.13616087828175, -32.22041466638718]]}, "properties": {"source": "Unifilar.dxf", "layer": "ELECTRICA ENERSA", "entity": "LINE"}}, {"type": "Feature", "geometry": {"type": "LineString", "coordinates": [[-58.144327922852895, -32.23173191895877], [-58.14432937231067, -32.23173087125606]]}, "properties": {"source": "Unifilar.dxf", "layer": "ELECTRICA ENERSA", "entity": "LINE"}}, {"type": "Feature", "geometry": {"type": "LineString", "coordinates": [[-58.14432899221863, -32.23173339838654], [-58.144327922852895, -32.23173191895877]]}, "properties": {"source": "Unifilar.dxf", "layer": "ELECTRICA ENERSA", "entity": "LINE"}}, {"type": "Feature", "geometry": {"type": "LineString", "coordinates": [[-58.14432858872371, -32.23173589887866], [-58.14432899221863, -32.23173339838654]]}, "properties": {"source": "Unifilar.dxf", "layer": "ELECTRICA ENERSA", "entity": "LINE"}}, {"type": "Feature", "geometry": {"type": "LineString", "coordinates": [[-58.14815534708403, -32.237625590404924], [-58.14823583055586, -32.23714142279056]]}, "properties": {"source": "Unifilar.dxf", "layer": "ELECTRICA ENERSA", "entity": "LINE"}}, {"type": "Feature", "geometry": {"type": "LineString", "coordinates": [[-58.14432842482363, -32.231744894175456], [-58.14432858872371, -32.23173589887866]]}, "properties": {"source": "Unifilar.dxf", "layer": "ELECTRICA ENERSA", "entity": "LINE"}}, {"type": "Feature", "geometry": {"type": "LineString", "coordinates": [[-58.144325259067784, -32.23174051446987], [-58.144317738504846, -32.23173928044887]]}, "properties": {"source": "Unifilar.dxf", "layer": "ELECTRICA ENERSA", "entity": "LINE"}}, {"type": "Feature", "geometry": {"type": "LineString", "coordinates": [[-58.14432340611508, -32.2317440626647], [-58.14432842482363, -32.231744894175456]]}, "properties": {"source": "Unifilar.dxf", "layer": "ELECTRICA ENERSA", "entity": "LINE"}}, {"type": "Feature", "geometry": {"type": "LineString", "coordinates": [[-58.144320905245365, -32.23174366151673], [-58.14432340611508, -32.2317440626647]]}, "properties": {"source": "Unifilar.dxf", "layer": "ELECTRICA ENERSA", "entity": "LINE"}}, {"type": "Feature", "geometry": {"type": "LineString", "coordinates": [[-58.14431190797921, -32.2317434948921], [-58.144320905245365, -32.23174366151673]]}, "properties": {"source": "Unifilar.dxf", "layer": "ELECTRICA ENERSA", "entity": "LINE"}}, {"type": "Feature", "geometry": {"type": "LineString", "coordinates": [[-58.144317738504846, -32.23173928044887], [-58.14431521409891, -32.23173889838746]]}, "properties": {"source": "Unifilar.dxf", "layer": "ELECTRICA ENERSA", "entity": "LINE"}}, {"type": "Feature", "geometry": {"type": "LineString", "coordinates": [[-58.14431521409891, -32.23173889838746], [-58.14431126377142, -32.2317395449422]]}, "properties": {"source": "Unifilar.dxf", "layer": "ELECTRICA ENERSA", "entity": "LINE"}}, {"type": "Feature", "geometry": {"type": "LineString", "coordinates": [[-58.144326809725904, -32.231754940506605], [-58.14432033785036, -32.23175515730565]]}, "properties": {"source": "Unifilar.dxf", "layer": "ELECTRICA ENERSA", "entity": "LINE"}}, {"type": "Feature", "geometry": {"type": "LineString", "coordinates": [[-58.144320315351656, -32.231939349039436], [-58.144326809725904, -32.231754940506605]]}, "properties": {"source": "Unifilar.dxf", "layer": "ELECTRICA ENERSA", "entity": "LINE"}}, {"type": "Feature", "geometry": {"type": "LineString", "coordinates": [[-58.14431126377142, -32.2317395449422], [-58.14431190797921, -32.2317434948921]]}, "properties": {"source": "Unifilar.dxf", "layer": "ELECTRICA ENERSA", "entity": "LINE"}}, {"type": "Feature", "geometry": {"type": "LineString", "coordinates": [[-58.145771301779135, -32.234456277311395], [-58.146297019817155, -32.23448676465614]]}, "properties": {"source": "Unifilar.dxf", "layer": "ELECTRICA ENERSA", "entity": "LINE"}}, {"type": "Feature", "geometry": {"type": "LineString", "coordinates": [[-58.14432033785036, -32.23175515730565], [-58.1443178097352, -32.231754775851336]]}, "properties": {"source": "Unifilar.dxf", "layer": "ELECTRICA ENERSA", "entity": "LINE"}}, {"type": "Feature", "geometry": {"type": "LineString", "coordinates": [[-58.14431254660457, -32.231747494505655], [-58.14431190797921, -32.2317434948921]]}, "properties": {"source": "Unifilar.dxf", "layer": "ELECTRICA ENERSA", "entity": "LINE"}}, {"type": "Feature", "geometry": {"type": "LineString", "coordinates": [[-58.144307931390955, -32.23174416250277], [-58.14431190797921, -32.2317434948921]]}, "properties": {"source": "Unifilar.dxf", "layer": "ELECTRICA ENERSA", "entity": "LINE"}}, {"type": "Feature", "geometry": {"type": "LineString", "coordinates": [[-58.1443178097352, -32.231754775851336], [-58.14431531159003, -32.231754372734]]}, "properties": {"source": "Unifilar.dxf", "layer": "ELECTRICA ENERSA", "entity": "LINE"}}, {"type": "Feature", "geometry": {"type": "LineString", "coordinates": [[-58.14431136126254, -32.23175501928874], [-58.14431254660457, -32.231747494505655]]}, "properties": {"source": "Unifilar.dxf", "layer": "ELECTRICA ENERSA", "entity": "LINE"}}, {"type": "Feature", "geometry": {"type": "LineString", "coordinates": [[-58.14431531159003, -32.231754372734], [-58.144312810720315, -32.23175397158603]]}, "properties": {"source": "Unifilar.dxf", "layer": "ELECTRICA ENERSA", "entity": "LINE"}}, {"type": "Feature", "geometry": {"type": "LineString", "coordinates": [[-58.144312810720315, -32.23175397158603], [-58.14431136126254, -32.23175501928874]]}, "properties": {"source": "Unifilar.dxf", "layer": "ELECTRICA ENERSA", "entity": "LINE"}}, {"type": "Feature", "geometry": {"type": "LineString", "coordinates": [[-58.142279911505625, -32.22921166757304], [-58.1424760813054, -32.22922520543799]]}, "properties": {"source": "Unifilar.dxf", "layer": "ELECTRICA ENERSA", "entity": "LINE"}}, {"type": "Feature", "geometry": {"type": "LineString", "coordinates": [[-58.14247109789601, -32.229528348588836], [-58.1424760813054, -32.22922520543799]]}, "properties": {"source": "Unifilar.dxf", "layer": "ELECTRICA ENERSA", "entity": "LINE"}}, {"type": "Feature", "geometry": {"type": "LineString", "coordinates": [[-58.139818179936334, -32.22624492167019], [-58.14033887122169, -32.22627462376215]]}, "properties": {"source": "Unifilar.dxf", "layer": "ELECTRICA ENERSA", "entity": "LINE"}}, {"type": "Feature", "geometry": {"type": "LineString", "coordinates": [[-58.13923045260499, -32.224854701680066], [-58.13918306012751, -32.22546145010783]]}, "properties": {"source": "Unifilar.dxf", "layer": "ELECTRICA ENERSA", "entity": "LINE"}}, {"type": "Feature", "geometry": {"type": "LineString", "coordinates": [[-58.1442939686692, -32.232047169606076], [-58.144320315351656, -32.231939349039436]]}, "properties": {"source": "Unifilar.dxf", "layer": "ELECTRICA ENERSA", "entity": "LINE"}}, {"type": "Feature", "geometry": {"type": "LineString", "coordinates": [[-58.141876660858884, -32.22917255552706], [-58.142283406801496, -32.2291980533534]]}, "properties": {"source": "Unifilar.dxf", "layer": "ELECTRICA ENERSA", "entity": "LINE"}}, {"type": "Feature", "geometry": {"type": "LineString", "coordinates": [[-58.14187566544804, -32.229186569532395], [-58.142279911505625, -32.22921166757304]]}, "properties": {"source": "Unifilar.dxf", "layer": "ELECTRICA ENERSA", "entity": "LINE"}}, {"type": "Feature", "geometry": {"type": "LineString", "coordinates": [[-58.14339347946509, -32.23132014075085], [-58.14381688645855, -32.23133801531831]]}, "properties": {"source": "Unifilar.dxf", "layer": "ELECTRICA ENERSA", "entity": "LINE"}}, {"type": "Feature", "geometry": {"type": "LineString", "coordinates": [[-58.143816911557536, -32.23201030681471], [-58.1442939686692, -32.232047169606076]]}, "properties": {"source": "Unifilar.dxf", "layer": "ELECTRICA ENERSA", "entity": "LINE"}}, {"type": "Feature", "geometry": {"type": "LineString", "coordinates": [[-58.142471362011754, -32.22953482566922], [-58.14247109789601, -32.229528348588836]]}, "properties": {"source": "Unifilar.dxf", "layer": "ELECTRICA ENERSA", "entity": "LINE"}}, {"type": "Feature", "geometry": {"type": "LineString", "coordinates": [[-58.142470364861055, -32.22954884300619], [-58.14244316310982, -32.22999007964721]]}, "properties": {"source": "Unifilar.dxf", "layer": "ELECTRICA ENERSA", "entity": "LINE"}}, {"type": "Feature", "geometry": {"type": "LineString", "coordinates": [[-58.13852476595918, -32.22479013051632], [-58.138948339084926, -32.224799007136475]]}, "properties": {"source": "Unifilar.dxf", "layer": "ELECTRICA ENERSA", "entity": "LINE"}}, {"type": "Feature", "geometry": {"type": "LineString", "coordinates": [[-58.13608841423317, -32.221505499469906], [-58.136123611315874, -32.220958622431944]]}, "properties": {"source": "Unifilar.dxf", "layer": "ELECTRICA ENERSA", "entity": "LINE"}}, {"type": "Feature", "geometry": {"type": "LineString", "coordinates": [[-58.14806132695871, -32.23808186590237], [-58.14815534708403, -32.237625590404924]]}, "properties": {"source": "Unifilar.dxf", "layer": "ELECTRICA ENERSA", "entity": "LINE"}}, {"type": "Feature", "geometry": {"type": "LineString", "coordinates": [[-58.14565279484088, -32.234240145617406], [-58.14564623504235, -32.23444902515585]]}, "properties": {"source": "Unifilar.dxf", "layer": "ELECTRICA ENERSA", "entity": "LINE"}}, {"type": "Feature", "geometry": {"type": "LineString", "coordinates": [[-58.13632898486593, -32.22134711260379], [-58.1363325518845, -32.22134899446775]]}, "properties": {"source": "Unifilar.dxf", "layer": "ELECTRICA ENERSA", "entity": "LINE"}}, {"type": "Feature", "geometry": {"type": "LineString", "coordinates": [[-58.136317974320846, -32.22139945852937], [-58.13632898486593, -32.22134711260379]]}, "properties": {"source": "Unifilar.dxf", "layer": "ELECTRICA ENERSA", "entity": "LINE"}}, {"type": "Feature", "geometry": {"type": "LineString", "coordinates": [[-58.14576125408572, -32.234454663198356], [-58.145771301779135, -32.234456277311395]]}, "properties": {"source": "Unifilar.dxf", "layer": "ELECTRICA ENERSA", "entity": "LINE"}}, {"type": "Feature", "geometry": {"type": "LineString", "coordinates": [[-58.1362683250431, -32.22141980036108], [-58.136317974320846, -32.22139945852937]]}, "properties": {"source": "Unifilar.dxf", "layer": "ELECTRICA ENERSA", "entity": "LINE"}}, {"type": "Feature", "geometry": {"type": "LineString", "coordinates": [[-58.13980418414763, -32.226243951461385], [-58.139818179936334, -32.22624492167019]]}, "properties": {"source": "Unifilar.dxf", "layer": "ELECTRICA ENERSA", "entity": "LINE"}}, {"type": "Feature", "geometry": {"type": "LineString", "coordinates": [[-58.14574869029333, -32.2344526153909], [-58.14564623504235, -32.23444902515585]]}, "properties": {"source": "Unifilar.dxf", "layer": "ELECTRICA ENERSA", "entity": "LINE"}}, {"type": "Feature", "geometry": {"type": "LineString", "coordinates": [[-58.13979016160582, -32.22624300162738], [-58.13980418414763, -32.226243951461385]]}, "properties": {"source": "Unifilar.dxf", "layer": "ELECTRICA ENERSA", "entity": "LINE"}}, {"type": "Feature", "geometry": {"type": "LineString", "coordinates": [[-58.139786191092334, -32.22624362025554], [-58.13979016160582, -32.22624300162738]]}, "properties": {"source": "Unifilar.dxf", "layer": "ELECTRICA ENERSA", "entity": "LINE"}}, {"type": "Feature", "geometry": {"type": "LineString", "coordinates": [[-58.13954719263171, -32.22623224006233], [-58.139786191092334, -32.22624362025554]]}, "properties": {"source": "Unifilar.dxf", "layer": "ELECTRICA ENERSA", "entity": "LINE"}}, {"type": "Feature", "geometry": {"type": "LineString", "coordinates": [[-58.14141743165491, -32.229145023251114], [-58.141876660858884, -32.22917255552706]]}, "properties": {"source": "Unifilar.dxf", "layer": "ELECTRICA ENERSA", "entity": "LINE"}}, {"type": "Feature", "geometry": {"type": "LineString", "coordinates": [[-58.13627175540703, -32.221430657828186], [-58.1362683250431, -32.22141980036108]]}, "properties": {"source": "Unifilar.dxf", "layer": "ELECTRICA ENERSA", "entity": "LINE"}}, {"type": "Feature", "geometry": {"type": "LineString", "coordinates": [[-58.13612566089407, -32.221474116503295], [-58.13627175540703, -32.221430657828186]]}, "properties": {"source": "Unifilar.dxf", "layer": "ELECTRICA ENERSA", "entity": "LINE"}}, {"type": "Feature", "geometry": {"type": "LineString", "coordinates": [[-58.13918306012751, -32.22546145010783], [-58.13915074578788, -32.22584649063739]]}, "properties": {"source": "Unifilar.dxf", "layer": "ELECTRICA ENERSA", "entity": "LINE"}}, {"type": "Feature", "geometry": {"type": "LineString", "coordinates": [[-58.14141645321319, -32.22915906647126], [-58.14187566544804, -32.229186569532395]]}, "properties": {"source": "Unifilar.dxf", "layer": "ELECTRICA ENERSA", "entity": "LINE"}}, {"type": "Feature", "geometry": {"type": "LineString", "coordinates": [[-58.14244316310982, -32.22999007964721], [-58.14242309503874, -32.230395109669345]]}, "properties": {"source": "Unifilar.dxf", "layer": "ELECTRICA ENERSA", "entity": "LINE"}}, {"type": "Feature", "geometry": {"type": "LineString", "coordinates": [[-58.14292565475002, -32.23128994468979], [-58.14339347946509, -32.23132014075085]]}, "properties": {"source": "Unifilar.dxf", "layer": "ELECTRICA ENERSA", "entity": "LINE"}}, {"type": "Feature", "geometry": {"type": "LineString", "coordinates": [[-58.145643745031386, -32.23456839938391], [-58.14564623504235, -32.23444902515585]]}, "properties": {"source": "Unifilar.dxf", "layer": "ELECTRICA ENERSA", "entity": "LINE"}}, {"type": "Feature", "geometry": {"type": "LineString", "coordinates": [[-58.14564623504235, -32.23444902515585], [-58.14506550661249, -32.234416123269455]]}, "properties": {"source": "Unifilar.dxf", "layer": "ELECTRICA ENERSA", "entity": "LINE"}}, {"type": "Feature", "geometry": {"type": "LineString", "coordinates": [[-58.143817642852625, -32.231989815728994], [-58.143816911557536, -32.23201030681471]]}, "properties": {"source": "Unifilar.dxf", "layer": "ELECTRICA ENERSA", "entity": "LINE"}}, {"type": "Feature", "geometry": {"type": "LineString", "coordinates": [[-58.14561534556495, -32.23497724270131], [-58.145643745031386, -32.23456839938391]]}, "properties": {"source": "Unifilar.dxf", "layer": "ELECTRICA ENERSA", "entity": "LINE"}}, {"type": "Feature", "geometry": {"type": "LineString", "coordinates": [[-58.13808919420386, -32.22476771295028], [-58.13852476595918, -32.22479013051632]]}, "properties": {"source": "Unifilar.dxf", "layer": "ELECTRICA ENERSA", "entity": "LINE"}}, {"type": "Feature", "geometry": {"type": "LineString", "coordinates": [[-58.136121282550754, -32.22147728127445], [-58.13612566089407, -32.221474116503295]]}, "properties": {"source": "Unifilar.dxf", "layer": "ELECTRICA ENERSA", "entity": "LINE"}}, {"type": "Feature", "geometry": {"type": "LineString", "coordinates": [[-58.13953819635023, -32.226232074799974], [-58.13954719263171, -32.22623224006233]]}, "properties": {"source": "Unifilar.dxf", "layer": "ELECTRICA ENERSA", "entity": "LINE"}}, {"type": "Feature", "geometry": {"type": "LineString", "coordinates": [[-58.139526698706696, -32.22623150770851], [-58.13951015461683, -32.226230128118814]]}, "properties": {"source": "Unifilar.dxf", "layer": "ELECTRICA ENERSA", "entity": "LINE"}}, {"type": "Feature", "geometry": {"type": "LineString", "coordinates": [[-58.13609690903626, -32.221492690196705], [-58.13608841423317, -32.221505499469906]]}, "properties": {"source": "Unifilar.dxf", "layer": "ELECTRICA ENERSA", "entity": "LINE"}}, {"type": "Feature", "geometry": {"type": "LineString", "coordinates": [[-58.13951015461683, -32.226230128118814], [-58.13911769854865, -32.22621205591863]]}, "properties": {"source": "Unifilar.dxf", "layer": "ELECTRICA ENERSA", "entity": "LINE"}}, {"type": "Feature", "geometry": {"type": "LineString", "coordinates": [[-58.13605638773355, -32.22205671124371], [-58.13608841423317, -32.221505499469906]]}, "properties": {"source": "Unifilar.dxf", "layer": "ELECTRICA ENERSA", "entity": "LINE"}}, {"type": "Feature", "geometry": {"type": "LineString", "coordinates": [[-58.148055842055506, -32.23810800391998], [-58.14806132695871, -32.23808186590237]]}, "properties": {"source": "Unifilar.dxf", "layer": "ELECTRICA ENERSA", "entity": "LINE"}}, {"type": "Feature", "geometry": {"type": "LineString", "coordinates": [[-58.14800160201998, -32.238573243632075], [-58.148055842055506, -32.23810800391998]]}, "properties": {"source": "Unifilar.dxf", "layer": "ELECTRICA ENERSA", "entity": "LINE"}}, {"type": "Feature", "geometry": {"type": "LineString", "coordinates": [[-58.13915074578788, -32.22584649063739], [-58.13911769854865, -32.22621205591863]]}, "properties": {"source": "Unifilar.dxf", "layer": "ELECTRICA ENERSA", "entity": "LINE"}}, {"type": "Feature", "geometry": {"type": "LineString", "coordinates": [[-58.14242309503874, -32.230395109669345], [-58.14239451407539, -32.23085288805327]]}, "properties": {"source": "Unifilar.dxf", "layer": "ELECTRICA ENERSA", "entity": "LINE"}}, {"type": "Feature", "geometry": {"type": "LineString", "coordinates": [[-58.14090070989837, -32.22911470116872], [-58.14141743165491, -32.229145023251114]]}, "properties": {"source": "Unifilar.dxf", "layer": "ELECTRICA ENERSA", "entity": "LINE"}}, {"type": "Feature", "geometry": {"type": "LineString", "coordinates": [[-58.141114258911664, -32.22914005915779], [-58.14141645321319, -32.22915906647126]]}, "properties": {"source": "Unifilar.dxf", "layer": "ELECTRICA ENERSA", "entity": "LINE"}}, {"type": "Feature", "geometry": {"type": "LineString", "coordinates": [[-58.14558865815761, -32.235471372665714], [-58.14561534556495, -32.23497724270131]]}, "properties": {"source": "Unifilar.dxf", "layer": "ELECTRICA ENERSA", "entity": "LINE"}}, {"type": "Feature", "geometry": {"type": "LineString", "coordinates": [[-58.142487985619915, -32.23126462548366], [-58.14292565475002, -32.23128994468979]]}, "properties": {"source": "Unifilar.dxf", "layer": "ELECTRICA ENERSA", "entity": "LINE"}}, {"type": "Feature", "geometry": {"type": "LineString", "coordinates": [[-58.14506550661249, -32.234416123269455], [-58.14504793451358, -32.234413321467436]]}, "properties": {"source": "Unifilar.dxf", "layer": "ELECTRICA ENERSA", "entity": "LINE"}}, {"type": "Feature", "geometry": {"type": "LineString", "coordinates": [[-58.137697756360744, -32.224751112552035], [-58.13808919420386, -32.22476771295028]]}, "properties": {"source": "Unifilar.dxf", "layer": "ELECTRICA ENERSA", "entity": "LINE"}}, {"type": "Feature", "geometry": {"type": "LineString", "coordinates": [[-58.14504793451358, -32.234413321467436], [-58.14466566614367, -32.234387840764]]}, "properties": {"source": "Unifilar.dxf", "layer": "ELECTRICA ENERSA", "entity": "LINE"}}, {"type": "Feature", "geometry": {"type": "LineString", "coordinates": [[-58.13911769854865, -32.22621205591863], [-58.138995554130304, -32.226202734996015]]}, "properties": {"source": "Unifilar.dxf", "layer": "ELECTRICA ENERSA", "entity": "LINE"}}, {"type": "Feature", "geometry": {"type": "LineString", "coordinates": [[-58.139108195259205, -32.22638313706932], [-58.13911769854865, -32.22621205591863]]}, "properties": {"source": "Unifilar.dxf", "layer": "ELECTRICA ENERSA", "entity": "LINE"}}, {"type": "Feature", "geometry": {"type": "LineString", "coordinates": [[-58.14112157649149, -32.2289905214154], [-58.141114258911664, -32.22914005915779]]}, "properties": {"source": "Unifilar.dxf", "layer": "ELECTRICA ENERSA", "entity": "LINE"}}, {"type": "Feature", "geometry": {"type": "LineString", "coordinates": [[-58.14792470416365, -32.239283385300645], [-58.148000633854586, -32.238587237943754]]}, "properties": {"source": "Unifilar.dxf", "layer": "ELECTRICA ENERSA", "entity": "LINE"}}, {"type": "Feature", "geometry": {"type": "LineString", "coordinates": [[-58.13602028229006, -32.22265750893296], [-58.13605503625923, -32.22207323397409]]}, "properties": {"source": "Unifilar.dxf", "layer": "ELECTRICA ENERSA", "entity": "LINE"}}, {"type": "Feature", "geometry": {"type": "LineString", "coordinates": [[-58.14239451407539, -32.23085288805327], [-58.14237484775938, -32.23125542091493]]}, "properties": {"source": "Unifilar.dxf", "layer": "ELECTRICA ENERSA", "entity": "LINE"}}, {"type": "Feature", "geometry": {"type": "LineString", "coordinates": [[-58.138995554130304, -32.226202734996015], [-58.13852482679045, -32.22617463494747]]}, "properties": {"source": "Unifilar.dxf", "layer": "ELECTRICA ENERSA", "entity": "LINE"}}, {"type": "Feature", "geometry": {"type": "LineString", "coordinates": [[-58.14111100192587, -32.22922451987646], [-58.141114258911664, -32.22914005915779]]}, "properties": {"source": "Unifilar.dxf", "layer": "ELECTRICA ENERSA", "entity": "LINE"}}, {"type": "Feature", "geometry": {"type": "LineString", "coordinates": [[-58.14090119119075, -32.22912764777769], [-58.141114258911664, -32.22914005915779]]}, "properties": {"source": "Unifilar.dxf", "layer": "ELECTRICA ENERSA", "entity": "LINE"}}, {"type": "Feature", "geometry": {"type": "LineString", "coordinates": [[-58.14108548922725, -32.22967120361943], [-58.14111100192587, -32.22922451987646]]}, "properties": {"source": "Unifilar.dxf", "layer": "ELECTRICA ENERSA", "entity": "LINE"}}, {"type": "Feature", "geometry": {"type": "LineString", "coordinates": [[-58.14555757730924, -32.235928751263934], [-58.14558865815761, -32.235471372665714]]}, "properties": {"source": "Unifilar.dxf", "layer": "ELECTRICA ENERSA", "entity": "LINE"}}, {"type": "Feature", "geometry": {"type": "LineString", "coordinates": [[-58.14248151646891, -32.231264840313344], [-58.142487985619915, -32.23126462548366]]}, "properties": {"source": "Unifilar.dxf", "layer": "ELECTRICA ENERSA", "entity": "LINE"}}, {"type": "Feature", "geometry": {"type": "LineString", "coordinates": [[-58.14246099579079, -32.23126412833432], [-58.14248151646891, -32.231264840313344]]}, "properties": {"source": "Unifilar.dxf", "layer": "ELECTRICA ENERSA", "entity": "LINE"}}, {"type": "Feature", "geometry": {"type": "LineString", "coordinates": [[-58.14237484775938, -32.23125542091493], [-58.14246099579079, -32.23126412833432]]}, "properties": {"source": "Unifilar.dxf", "layer": "ELECTRICA ENERSA", "entity": "LINE"}}, {"type": "Feature", "geometry": {"type": "LineString", "coordinates": [[-58.14045692817308, -32.229087088748365], [-58.14090070989837, -32.22911470116872]]}, "properties": {"source": "Unifilar.dxf", "layer": "ELECTRICA ENERSA", "entity": "LINE"}}, {"type": "Feature", "geometry": {"type": "LineString", "coordinates": [[-58.14045742741926, -32.22910006593442], [-58.14090119119075, -32.22912764777769]]}, "properties": {"source": "Unifilar.dxf", "layer": "ELECTRICA ENERSA", "entity": "LINE"}}, {"type": "Feature", "geometry": {"type": "LineString", "coordinates": [[-58.14466566614367, -32.234387840764], [-58.14432975914829, -32.234362151566685]]}, "properties": {"source": "Unifilar.dxf", "layer": "ELECTRICA ENERSA", "entity": "LINE"}}, {"type": "Feature", "geometry": {"type": "LineString", "coordinates": [[-58.13730632830161, -32.22473446256417], [-58.137697756360744, -32.224751112552035]]}, "properties": {"source": "Unifilar.dxf", "layer": "ELECTRICA ENERSA", "entity": "LINE"}}, {"type": "Feature", "geometry": {"type": "LineString", "coordinates": [[-58.13866867066185, -32.2261771913674], [-58.138698043191226, -32.22616258671045]]}, "properties": {"source": "Unifilar.dxf", "layer": "ELECTRICA ENERSA", "entity": "LINE"}}, {"type": "Feature", "geometry": {"type": "LineString", "coordinates": [[-58.1423704136404, -32.23132297676776], [-58.14237484775938, -32.23125542091493]]}, "properties": {"source": "Unifilar.dxf", "layer": "ELECTRICA ENERSA", "entity": "LINE"}}, {"type": "Feature", "geometry": {"type": "LineString", "coordinates": [[-58.142238684641775, -32.231245103826296], [-58.14237484775938, -32.23125542091493]]}, "properties": {"source": "Unifilar.dxf", "layer": "ELECTRICA ENERSA", "entity": "LINE"}}, {"type": "Feature", "geometry": {"type": "LineString", "coordinates": [[-58.13866743565617, -32.22618471056806], [-58.13869682837154, -32.2261701338377]]}, "properties": {"source": "Unifilar.dxf", "layer": "ELECTRICA ENERSA", "entity": "LINE"}}, {"type": "Feature", "geometry": {"type": "LineString", "coordinates": [[-58.138652127064326, -32.22617581245884], [-58.13866867066185, -32.2261771913674]]}, "properties": {"source": "Unifilar.dxf", "layer": "ELECTRICA ENERSA", "entity": "LINE"}}, {"type": "Feature", "geometry": {"type": "LineString", "coordinates": [[-58.13865343986746, -32.22618374035926], [-58.13866743565617, -32.22618471056806]]}, "properties": {"source": "Unifilar.dxf", "layer": "ELECTRICA ENERSA", "entity": "LINE"}}, {"type": "Feature", "geometry": {"type": "LineString", "coordinates": [[-58.13715679056215, -32.22609623152921], [-58.138652127064326, -32.22617581245884]]}, "properties": {"source": "Unifilar.dxf", "layer": "ELECTRICA ENERSA", "entity": "LINE"}}, {"type": "Feature", "geometry": {"type": "LineString", "coordinates": [[-58.142356430240305, -32.23162595526334], [-58.1423704136404, -32.23132297676776]]}, "properties": {"source": "Unifilar.dxf", "layer": "ELECTRICA ENERSA", "entity": "LINE"}}, {"type": "Feature", "geometry": {"type": "LineString", "coordinates": [[-58.13865199040969, -32.22618478806197], [-58.13865343986746, -32.22618374035926]]}, "properties": {"source": "Unifilar.dxf", "layer": "ELECTRICA ENERSA", "entity": "LINE"}}, {"type": "Feature", "geometry": {"type": "LineString", "coordinates": [[-58.13715555555647, -32.22610375072988], [-58.13865199040969, -32.22618478806197]]}, "properties": {"source": "Unifilar.dxf", "layer": "ELECTRICA ENERSA", "entity": "LINE"}}, {"type": "Feature", "geometry": {"type": "LineString", "coordinates": [[-58.13598382439601, -32.22327627459023], [-58.13602028229006, -32.22265750893296]]}, "properties": {"source": "Unifilar.dxf", "layer": "ELECTRICA ENERSA", "entity": "LINE"}}, {"type": "Feature", "geometry": {"type": "LineString", "coordinates": [[-58.141060952245816, -32.230103846111625], [-58.14108548922725, -32.22967120361943]]}, "properties": {"source": "Unifilar.dxf", "layer": "ELECTRICA ENERSA", "entity": "LINE"}}, {"type": "Feature", "geometry": {"type": "LineString", "coordinates": [[-58.13844158802556, -32.22601957621986], [-58.13843929670605, -32.226169898533904]]}, "properties": {"source": "Unifilar.dxf", "layer": "ELECTRICA ENERSA", "entity": "LINE"}}, {"type": "Feature", "geometry": {"type": "LineString", "coordinates": [[-58.13852482679045, -32.22617463494747], [-58.13843929670605, -32.226169898533904]]}, "properties": {"source": "Unifilar.dxf", "layer": "ELECTRICA ENERSA", "entity": "LINE"}}, {"type": "Feature", "geometry": {"type": "LineString", "coordinates": [[-58.145537723690246, -32.23634025278403], [-58.14555757730924, -32.235928751263934]]}, "properties": {"source": "Unifilar.dxf", "layer": "ELECTRICA ENERSA", "entity": "LINE"}}, {"type": "Feature", "geometry": {"type": "LineString", "coordinates": [[-58.14787764073386, -32.23987213912204], [-58.14792470416365, -32.239283385300645]]}, "properties": {"source": "Unifilar.dxf", "layer": "ELECTRICA ENERSA", "entity": "LINE"}}, {"type": "Feature", "geometry": {"type": "LineString", "coordinates": [[-58.13844513247078, -32.226349856811936], [-58.13843929670605, -32.226169898533904]]}, "properties": {"source": "Unifilar.dxf", "layer": "ELECTRICA ENERSA", "entity": "LINE"}}, {"type": "Feature", "geometry": {"type": "LineString", "coordinates": [[-58.13843929670605, -32.226169898533904], [-58.13822010437377, -32.22615524617969]]}, "properties": {"source": "Unifilar.dxf", "layer": "ELECTRICA ENERSA", "entity": "LINE"}}, {"type": "Feature", "geometry": {"type": "LineString", "coordinates": [[-58.142348308395164, -32.23178049202062], [-58.142356430240305, -32.23162595526334]]}, "properties": {"source": "Unifilar.dxf", "layer": "ELECTRICA ENERSA", "entity": "LINE"}}, {"type": "Feature", "geometry": {"type": "LineString", "coordinates": [[-58.14432975914829, -32.234362151566685], [-58.14364912426095, -32.234326069507276]]}, "properties": {"source": "Unifilar.dxf", "layer": "ELECTRICA ENERSA", "entity": "LINE"}}, {"type": "Feature", "geometry": {"type": "LineString", "coordinates": [[-58.1401716787318, -32.22906696250183], [-58.14045692817308, -32.229087088748365]]}, "properties": {"source": "Unifilar.dxf", "layer": "ELECTRICA ENERSA", "entity": "LINE"}}, {"type": "Feature", "geometry": {"type": "LineString", "coordinates": [[-58.13692971775796, -32.224713813666185], [-58.13730632830161, -32.22473446256417]]}, "properties": {"source": "Unifilar.dxf", "layer": "ELECTRICA ENERSA", "entity": "LINE"}}, {"type": "Feature", "geometry": {"type": "LineString", "coordinates": [[-58.14017070784186, -32.22908095878287], [-58.14045742741926, -32.22910006593442]]}, "properties": {"source": "Unifilar.dxf", "layer": "ELECTRICA ENERSA", "entity": "LINE"}}, {"type": "Feature", "geometry": {"type": "LineString", "coordinates": [[-58.13843403833761, -32.22661081982603], [-58.13844513247078, -32.226349856811936]]}, "properties": {"source": "Unifilar.dxf", "layer": "ELECTRICA ENERSA", "entity": "LINE"}}, {"type": "Feature", "geometry": {"type": "LineString", "coordinates": [[-58.14234334748448, -32.23189944343768], [-58.14234709406782, -32.231788039829006]]}, "properties": {"source": "Unifilar.dxf", "layer": "ELECTRICA ENERSA", "entity": "LINE"}}, {"type": "Feature", "geometry": {"type": "LineString", "coordinates": [[-58.13822010437377, -32.22615524617969], [-58.13782997982613, -32.226146574363]]}, "properties": {"source": "Unifilar.dxf", "layer": "ELECTRICA ENERSA", "entity": "LINE"}}, {"type": "Feature", "geometry": {"type": "LineString", "coordinates": [[-58.14103078923627, -32.23061161754111], [-58.141060952245816, -32.230103846111625]]}, "properties": {"source": "Unifilar.dxf", "layer": "ELECTRICA ENERSA", "entity": "LINE"}}, {"type": "Feature", "geometry": {"type": "LineString", "coordinates": [[-58.14233946838734, -32.231915585394894], [-58.14234334748448, -32.23189944343768]]}, "properties": {"source": "Unifilar.dxf", "layer": "ELECTRICA ENERSA", "entity": "LINE"}}, {"type": "Feature", "geometry": {"type": "LineString", "coordinates": [[-58.14232859665446, -32.23210316006116], [-58.14233946838734, -32.231915585394894]]}, "properties": {"source": "Unifilar.dxf", "layer": "ELECTRICA ENERSA", "entity": "LINE"}}, {"type": "Feature", "geometry": {"type": "LineString", "coordinates": [[-58.14550407927242, -32.23682169927053], [-58.145537723690246, -32.23634025278403]]}, "properties": {"source": "Unifilar.dxf", "layer": "ELECTRICA ENERSA", "entity": "LINE"}}, {"type": "Feature", "geometry": {"type": "LineString", "coordinates": [[-58.13977312480535, -32.22904662895273], [-58.1401716787318, -32.22906696250183]]}, "properties": {"source": "Unifilar.dxf", "layer": "ELECTRICA ENERSA", "entity": "LINE"}}, {"type": "Feature", "geometry": {"type": "LineString", "coordinates": [[-58.13596049768935, -32.22388559226604], [-58.13598382439601, -32.22327627459023]]}, "properties": {"source": "Unifilar.dxf", "layer": "ELECTRICA ENERSA", "entity": "LINE"}}, {"type": "Feature", "geometry": {"type": "LineString", "coordinates": [[-58.13998379187221, -32.229074111562035], [-58.14017070784186, -32.22908095878287]]}, "properties": {"source": "Unifilar.dxf", "layer": "ELECTRICA ENERSA", "entity": "LINE"}}, {"type": "Feature", "geometry": {"type": "LineString", "coordinates": [[-58.14232698057205, -32.232113205030025], [-58.14232859665446, -32.23210316006116]]}, "properties": {"source": "Unifilar.dxf", "layer": "ELECTRICA ENERSA", "entity": "LINE"}}, {"type": "Feature", "geometry": {"type": "LineString", "coordinates": [[-58.14229685243438, -32.23247670283243], [-58.14232698057205, -32.232113205030025]]}, "properties": {"source": "Unifilar.dxf", "layer": "ELECTRICA ENERSA", "entity": "LINE"}}, {"type": "Feature", "geometry": {"type": "LineString", "coordinates": [[-58.13651990305827, -32.224699409799655], [-58.13692971775796, -32.224713813666185]]}, "properties": {"source": "Unifilar.dxf", "layer": "ELECTRICA ENERSA", "entity": "LINE"}}, {"type": "Feature", "geometry": {"type": "LineString", "coordinates": [[-58.147848147663126, -32.24046369807711], [-58.14787764073386, -32.23987213912204]]}, "properties": {"source": "Unifilar.dxf", "layer": "ELECTRICA ENERSA", "entity": "LINE"}}, {"type": "Feature", "geometry": {"type": "LineString", "coordinates": [[-58.13997122807983, -32.22907206375457], [-58.13996118038641, -32.22907044964153]]}, "properties": {"source": "Unifilar.dxf", "layer": "ELECTRICA ENERSA", "entity": "LINE"}}, {"type": "Feature", "geometry": {"type": "LineString", "coordinates": [[-58.13996118038641, -32.22907044964153], [-58.13977110795257, -32.22905917244436]]}, "properties": {"source": "Unifilar.dxf", "layer": "ELECTRICA ENERSA", "entity": "LINE"}}, {"type": "Feature", "geometry": {"type": "LineString", "coordinates": [[-58.13782997982613, -32.226146574363], [-58.13749038661901, -32.2261280088008]]}, "properties": {"source": "Unifilar.dxf", "layer": "ELECTRICA ENERSA", "entity": "LINE"}}, {"type": "Feature", "geometry": {"type": "LineString", "coordinates": [[-58.14364912426095, -32.234326069507276], [-58.1429538254819, -32.23428503996968]]}, "properties": {"source": "Unifilar.dxf", "layer": "ELECTRICA ENERSA", "entity": "LINE"}}, {"type": "Feature", "geometry": {"type": "LineString", "coordinates": [[-58.14227447070023, -32.23288782289821], [-58.14229685243438, -32.23247670283243]]}, "properties": {"source": "Unifilar.dxf", "layer": "ELECTRICA ENERSA", "entity": "LINE"}}, {"type": "Feature", "geometry": {"type": "LineString", "coordinates": [[-58.139448174811605, -32.229032982261], [-58.13977312480535, -32.22904662895273]]}, "properties": {"source": "Unifilar.dxf", "layer": "ELECTRICA ENERSA", "entity": "LINE"}}, {"type": "Feature", "geometry": {"type": "LineString", "coordinates": [[-58.13977110795257, -32.22905917244436], [-58.13958588586278, -32.22905772735574]]}, "properties": {"source": "Unifilar.dxf", "layer": "ELECTRICA ENERSA", "entity": "LINE"}}, {"type": "Feature", "geometry": {"type": "LineString", "coordinates": [[-58.13959529326561, -32.228911138192544], [-58.13959627072265, -32.22889709361012]]}, "properties": {"source": "Unifilar.dxf", "layer": "ELECTRICA ENERSA", "entity": "LINE"}}, {"type": "Feature", "geometry": {"type": "LineString", "coordinates": [[-58.13959627072265, -32.22889709361012], [-58.13958329414369, -32.22889759656553]]}, "properties": {"source": "Unifilar.dxf", "layer": "ELECTRICA ENERSA", "entity": "LINE"}}, {"type": "Feature", "geometry": {"type": "LineString", "coordinates": [[-58.13959327368828, -32.22892368365354], [-58.13959529326561, -32.228911138192544]]}, "properties": {"source": "Unifilar.dxf", "layer": "ELECTRICA ENERSA", "entity": "LINE"}}, {"type": "Feature", "geometry": {"type": "LineString", "coordinates": [[-58.135942668394435, -32.224468720365266], [-58.13596049768935, -32.22388559226604]]}, "properties": {"source": "Unifilar.dxf", "layer": "ELECTRICA ENERSA", "entity": "LINE"}}, {"type": "Feature", "geometry": {"type": "LineString", "coordinates": [[-58.13958329414369, -32.22889759656553], [-58.13949509928949, -32.2289014543008]]}, "properties": {"source": "Unifilar.dxf", "layer": "ELECTRICA ENERSA", "entity": "LINE"}}, {"type": "Feature", "geometry": {"type": "LineString", "coordinates": [[-58.13958588586278, -32.22905772735574], [-58.13959327368828, -32.22892368365354]]}, "properties": {"source": "Unifilar.dxf", "layer": "ELECTRICA ENERSA", "entity": "LINE"}}, {"type": "Feature", "geometry": {"type": "LineString", "coordinates": [[-58.136134112147055, -32.22468756300952], [-58.13651990305827, -32.224699409799655]]}, "properties": {"source": "Unifilar.dxf", "layer": "ELECTRICA ENERSA", "entity": "LINE"}}, {"type": "Feature", "geometry": {"type": "LineString", "coordinates": [[-58.139520851031406, -32.22886950227336], [-58.13952506645933, -32.22887533416127]]}, "properties": {"source": "Unifilar.dxf", "layer": "ELECTRICA ENERSA", "entity": "LINE"}}, {"type": "Feature", "geometry": {"type": "LineString", "coordinates": [[-58.13951349052599, -32.22885931928758], [-58.139520851031406, -32.22886950227336]]}, "properties": {"source": "Unifilar.dxf", "layer": "ELECTRICA ENERSA", "entity": "LINE"}}, {"type": "Feature", "geometry": {"type": "LineString", "coordinates": [[-58.139509276082755, -32.22885348876194], [-58.13951349052599, -32.22885931928758]]}, "properties": {"source": "Unifilar.dxf", "layer": "ELECTRICA ENERSA", "entity": "LINE"}}, {"type": "Feature", "geometry": {"type": "LineString", "coordinates": [[-58.139501894899, -32.22884327716844], [-58.13949768045577, -32.2288374466428]]}, "properties": {"source": "Unifilar.dxf", "layer": "ELECTRICA ENERSA", "entity": "LINE"}}, {"type": "Feature", "geometry": {"type": "LineString", "coordinates": [[-58.13949768045577, -32.2288374466428], [-58.139494534393585, -32.22883309418266]]}, "properties": {"source": "Unifilar.dxf", "layer": "ELECTRICA ENERSA", "entity": "LINE"}}, {"type": "Feature", "geometry": {"type": "LineString", "coordinates": [[-58.139494534393585, -32.22883309418266], [-58.139490319950355, -32.22882726365702]]}, "properties": {"source": "Unifilar.dxf", "layer": "ELECTRICA ENERSA", "entity": "LINE"}}, {"type": "Feature", "geometry": {"type": "LineString", "coordinates": [[-58.139539868520096, -32.228791448767], [-58.139536701779576, -32.22878706769913]]}, "properties": {"source": "Unifilar.dxf", "layer": "ELECTRICA ENERSA", "entity": "LINE"}}, {"type": "Feature", "geometry": {"type": "LineString", "coordinates": [[-58.139548603410375, -32.22878513497961], [-58.139545436669856, -32.22878075391174]]}, "properties": {"source": "Unifilar.dxf", "layer": "ELECTRICA ENERSA", "entity": "LINE"}}, {"type": "Feature", "geometry": {"type": "LineString", "coordinates": [[-58.139557335576114, -32.22877882316158], [-58.13955416883559, -32.22877444209372]]}, "properties": {"source": "Unifilar.dxf", "layer": "ELECTRICA ENERSA", "entity": "LINE"}}, {"type": "Feature", "geometry": {"type": "LineString", "coordinates": [[-58.13956464552952, -32.228773539352616], [-58.13956147878899, -32.228769158284756]]}, "properties": {"source": "Unifilar.dxf", "layer": "ELECTRICA ENERSA", "entity": "LINE"}}, {"type": "Feature", "geometry": {"type": "LineString", "coordinates": [[-58.13957337769525, -32.2287672275346], [-58.13957021095472, -32.22876284646673]]}, "properties": {"source": "Unifilar.dxf", "layer": "ELECTRICA ENERSA", "entity": "LINE"}}, {"type": "Feature", "geometry": {"type": "LineString", "coordinates": [[-58.13952506645933, -32.22887533416127], [-58.13952718352777, -32.228878263046816]]}, "properties": {"source": "Unifilar.dxf", "layer": "ELECTRICA ENERSA", "entity": "LINE"}}, {"type": "Feature", "geometry": {"type": "LineString", "coordinates": [[-58.13952718352777, -32.228878263046816], [-58.13941689153167, -32.228931352184965]]}, "properties": {"source": "Unifilar.dxf", "layer": "ELECTRICA ENERSA", "entity": "LINE"}}, {"type": "Feature", "geometry": {"type": "LineString", "coordinates": [[-58.13949298222104, -32.228898525415254], [-58.13948876679313, -32.22889269352734]]}, "properties": {"source": "Unifilar.dxf", "layer": "ELECTRICA ENERSA", "entity": "LINE"}}, {"type": "Feature", "geometry": {"type": "LineString", "coordinates": [[-58.13948876679313, -32.22889269352734], [-58.139481406287715, -32.22888251054156]]}, "properties": {"source": "Unifilar.dxf", "layer": "ELECTRICA ENERSA", "entity": "LINE"}}, {"type": "Feature", "geometry": {"type": "LineString", "coordinates": [[-58.139481406287715, -32.22888251054156], [-58.13947719184448, -32.22887668001592]]}, "properties": {"source": "Unifilar.dxf", "layer": "ELECTRICA ENERSA", "entity": "LINE"}}, {"type": "Feature", "geometry": {"type": "LineString", "coordinates": [[-58.13947719184448, -32.22887668001592], [-58.13946981066072, -32.228866468422424]]}, "properties": {"source": "Unifilar.dxf", "layer": "ELECTRICA ENERSA", "entity": "LINE"}}, {"type": "Feature", "geometry": {"type": "LineString", "coordinates": [[-58.13946981066072, -32.228866468422424], [-58.13946559621749, -32.22886063789679]]}, "properties": {"source": "Unifilar.dxf", "layer": "ELECTRICA ENERSA", "entity": "LINE"}}, {"type": "Feature", "geometry": {"type": "LineString", "coordinates": [[-58.13946559621749, -32.22886063789679], [-58.13946245015531, -32.22885628543664]]}, "properties": {"source": "Unifilar.dxf", "layer": "ELECTRICA ENERSA", "entity": "LINE"}}, {"type": "Feature", "geometry": {"type": "LineString", "coordinates": [[-58.13946245015531, -32.22885628543664], [-58.13945823571208, -32.228850454911004]]}, "properties": {"source": "Unifilar.dxf", "layer": "ELECTRICA ENERSA", "entity": "LINE"}}, {"type": "Feature", "geometry": {"type": "LineString", "coordinates": [[-58.139509263709584, -32.22881357065524], [-58.139506096969065, -32.22880918958738]]}, "properties": {"source": "Unifilar.dxf", "layer": "ELECTRICA ENERSA", "entity": "LINE"}}, {"type": "Feature", "geometry": {"type": "LineString", "coordinates": [[-58.139516546417546, -32.22880830653993], [-58.13951337967702, -32.22880392547207]]}, "properties": {"source": "Unifilar.dxf", "layer": "ELECTRICA ENERSA", "entity": "LINE"}}, {"type": "Feature", "geometry": {"type": "LineString", "coordinates": [[-58.13952527858328, -32.22880199472191], [-58.13952211184276, -32.228797613654045]]}, "properties": {"source": "Unifilar.dxf", "layer": "ELECTRICA ENERSA", "entity": "LINE"}}, {"type": "Feature", "geometry": {"type": "LineString", "coordinates": [[-58.13949509928949, -32.2289014543008], [-58.13949298222104, -32.228898525415254]]}, "properties": {"source": "Unifilar.dxf", "layer": "ELECTRICA ENERSA", "entity": "LINE"}}, {"type": "Feature", "geometry": {"type": "LineString", "coordinates": [[-58.13749038661901, -32.2261280088008], [-58.136633671869646, -32.226081621041246]]}, "properties": {"source": "Unifilar.dxf", "layer": "ELECTRICA ENERSA", "entity": "LINE"}}, {"type": "Feature", "geometry": {"type": "LineString", "coordinates": [[-58.14782010677471, -32.24105420736009], [-58.147848147663126, -32.24046369807711]]}, "properties": {"source": "Unifilar.dxf", "layer": "ELECTRICA ENERSA", "entity": "LINE"}}, {"type": "Feature", "geometry": {"type": "LineString", "coordinates": [[-58.13956148879026, -32.22940153364382], [-58.13958588586278, -32.22905772735574]]}, "properties": {"source": "Unifilar.dxf", "layer": "ELECTRICA ENERSA", "entity": "LINE"}}, {"type": "Feature", "geometry": {"type": "LineString", "coordinates": [[-58.13947134894567, -32.22884097635246], [-58.13946818220515, -32.2288365952846]]}, "properties": {"source": "Unifilar.dxf", "layer": "ELECTRICA ENERSA", "entity": "LINE"}}, {"type": "Feature", "geometry": {"type": "LineString", "coordinates": [[-58.13948010835685, -32.22883464484078], [-58.13947694161633, -32.22883026377291]]}, "properties": {"source": "Unifilar.dxf", "layer": "ELECTRICA ENERSA", "entity": "LINE"}}, {"type": "Feature", "geometry": {"type": "LineString", "coordinates": [[-58.13948884052259, -32.228828333022754], [-58.13948567378206, -32.228823951954894]]}, "properties": {"source": "Unifilar.dxf", "layer": "ELECTRICA ENERSA", "entity": "LINE"}}, {"type": "Feature", "geometry": {"type": "LineString", "coordinates": [[-58.13942497269887, -32.2288811226467], [-58.13942182762137, -32.228876771548826]]}, "properties": {"source": "Unifilar.dxf", "layer": "ELECTRICA ENERSA", "entity": "LINE"}}, {"type": "Feature", "geometry": {"type": "LineString", "coordinates": [[-58.13941024444219, -32.228756440542064], [-58.13939550275302, -32.22873604596278]]}, "properties": {"source": "Unifilar.dxf", "layer": "ELECTRICA ENERSA", "entity": "LINE"}}, {"type": "Feature", "geometry": {"type": "LineString", "coordinates": [[-58.13941900385337, -32.228750109030386], [-58.1394042621642, -32.228729714451106]]}, "properties": {"source": "Unifilar.dxf", "layer": "ELECTRICA ENERSA", "entity": "LINE"}}, {"type": "Feature", "geometry": {"type": "LineString", "coordinates": [[-58.13942773601911, -32.22874379721237], [-58.13941299432994, -32.22872340263308]]}, "properties": {"source": "Unifilar.dxf", "layer": "ELECTRICA ENERSA", "entity": "LINE"}}, {"type": "Feature", "geometry": {"type": "LineString", "coordinates": [[-58.13943504597251, -32.22873851340339], [-58.13942030428334, -32.22871811882411]]}, "properties": {"source": "Unifilar.dxf", "layer": "ELECTRICA ENERSA", "entity": "LINE"}}, {"type": "Feature", "geometry": {"type": "LineString", "coordinates": [[-58.139443778138244, -32.22873220158537], [-58.13942903644907, -32.22871180700609]]}, "properties": {"source": "Unifilar.dxf", "layer": "ELECTRICA ENERSA", "entity": "LINE"}}, {"type": "Feature", "geometry": {"type": "LineString", "coordinates": [[-58.139427090752, -32.22888405289451], [-58.13942497269887, -32.2288811226467]]}, "properties": {"source": "Unifilar.dxf", "layer": "ELECTRICA ENERSA", "entity": "LINE"}}, {"type": "Feature", "geometry": {"type": "LineString", "coordinates": [[-58.139428139439396, -32.22888550371456], [-58.139427090752, -32.22888405289451]]}, "properties": {"source": "Unifilar.dxf", "layer": "ELECTRICA ENERSA", "entity": "LINE"}}, {"type": "Feature", "geometry": {"type": "LineString", "coordinates": [[-58.139370201676435, -32.22880534897203], [-58.13936598624852, -32.22879951708412]]}, "properties": {"source": "Unifilar.dxf", "layer": "ELECTRICA ENERSA", "entity": "LINE"}}, {"type": "Feature", "geometry": {"type": "LineString", "coordinates": [[-58.13936598624852, -32.22879951708412], [-58.139360723117896, -32.22879223573843]]}, "properties": {"source": "Unifilar.dxf", "layer": "ELECTRICA ENERSA", "entity": "LINE"}}, {"type": "Feature", "geometry": {"type": "LineString", "coordinates": [[-58.139460155754286, -32.22896663937324], [-58.13945934219733, -32.228971688658866]]}, "properties": {"source": "Unifilar.dxf", "layer": "ELECTRICA ENERSA", "entity": "LINE"}}, {"type": "Feature", "geometry": {"type": "LineString", "coordinates": [[-58.13944113147305, -32.22896488724329], [-58.139460155754286, -32.22896663937324]]}, "properties": {"source": "Unifilar.dxf", "layer": "ELECTRICA ENERSA", "entity": "LINE"}}, {"type": "Feature", "geometry": {"type": "LineString", "coordinates": [[-58.13945934219733, -32.228971688658866], [-58.139446798098604, -32.22896966809686]]}, "properties": {"source": "Unifilar.dxf", "layer": "ELECTRICA ENERSA", "entity": "LINE"}}, {"type": "Feature", "geometry": {"type": "LineString", "coordinates": [[-58.139446798098604, -32.22896966809686], [-58.13943498378055, -32.22902701371846]]}, "properties": {"source": "Unifilar.dxf", "layer": "ELECTRICA ENERSA", "entity": "LINE"}}, {"type": "Feature", "geometry": {"type": "LineString", "coordinates": [[-58.13941689153167, -32.228931352184965], [-58.139417128401966, -32.228937848959006]]}, "properties": {"source": "Unifilar.dxf", "layer": "ELECTRICA ENERSA", "entity": "LINE"}}, {"type": "Feature", "geometry": {"type": "LineString", "coordinates": [[-58.13943858366422, -32.22896447854354], [-58.13944113147305, -32.22896488724329]]}, "properties": {"source": "Unifilar.dxf", "layer": "ELECTRICA ENERSA", "entity": "LINE"}}, {"type": "Feature", "geometry": {"type": "LineString", "coordinates": [[-58.13942960707641, -32.22896434052662], [-58.13943858366422, -32.22896447854354]]}, "properties": {"source": "Unifilar.dxf", "layer": "ELECTRICA ENERSA", "entity": "LINE"}}, {"type": "Feature", "geometry": {"type": "LineString", "coordinates": [[-58.14225065612044, -32.233260049534714], [-58.14227447070023, -32.23288782289821]]}, "properties": {"source": "Unifilar.dxf", "layer": "ELECTRICA ENERSA", "entity": "LINE"}}, {"type": "Feature", "geometry": {"type": "LineString", "coordinates": [[-58.139417128401966, -32.228937848959006], [-58.13941204426914, -32.228961488453855]]}, "properties": {"source": "Unifilar.dxf", "layer": "ELECTRICA ENERSA", "entity": "LINE"}}, {"type": "Feature", "geometry": {"type": "LineString", "coordinates": [[-58.1394155911017, -32.22896334239124], [-58.13942960707641, -32.22896434052662]]}, "properties": {"source": "Unifilar.dxf", "layer": "ELECTRICA ENERSA", "entity": "LINE"}}, {"type": "Feature", "geometry": {"type": "LineString", "coordinates": [[-58.13941204426914, -32.228961488453855], [-58.1394155911017, -32.22896334239124]]}, "properties": {"source": "Unifilar.dxf", "layer": "ELECTRICA ENERSA", "entity": "LINE"}}, {"type": "Feature", "geometry": {"type": "LineString", "coordinates": [[-58.13928592982964, -32.22895278684053], [-58.13941204426914, -32.228961488453855]]}, "properties": {"source": "Unifilar.dxf", "layer": "ELECTRICA ENERSA", "entity": "LINE"}}, {"type": "Feature", "geometry": {"type": "LineString", "coordinates": [[-58.139444224484116, -32.22903362881574], [-58.139448174811605, -32.229032982261]]}, "properties": {"source": "Unifilar.dxf", "layer": "ELECTRICA ENERSA", "entity": "LINE"}}, {"type": "Feature", "geometry": {"type": "LineString", "coordinates": [[-58.13942520292742, -32.22903187471643], [-58.139444224484116, -32.22903362881574]]}, "properties": {"source": "Unifilar.dxf", "layer": "ELECTRICA ENERSA", "entity": "LINE"}}, {"type": "Feature", "geometry": {"type": "LineString", "coordinates": [[-58.13943498378055, -32.22902701371846], [-58.139427436956844, -32.22902580075339]]}, "properties": {"source": "Unifilar.dxf", "layer": "ELECTRICA ENERSA", "entity": "LINE"}}, {"type": "Feature", "geometry": {"type": "LineString", "coordinates": [[-58.139427436956844, -32.22902580075339], [-58.13942520292742, -32.22903187471643]]}, "properties": {"source": "Unifilar.dxf", "layer": "ELECTRICA ENERSA", "entity": "LINE"}}, {"type": "Feature", "geometry": {"type": "LineString", "coordinates": [[-58.1386308500896, -32.22889377168288], [-58.13928592982964, -32.22895278684053]]}, "properties": {"source": "Unifilar.dxf", "layer": "ELECTRICA ENERSA", "entity": "LINE"}}, {"type": "Feature", "geometry": {"type": "LineString", "coordinates": [[-58.13954666198314, -32.229405582824704], [-58.13956148879026, -32.22940153364382]]}, "properties": {"source": "Unifilar.dxf", "layer": "ELECTRICA ENERSA", "entity": "LINE"}}, {"type": "Feature", "geometry": {"type": "LineString", "coordinates": [[-58.139532354774445, -32.229910728647916], [-58.13956148879026, -32.22940153364382]]}, "properties": {"source": "Unifilar.dxf", "layer": "ELECTRICA ENERSA", "entity": "LINE"}}, {"type": "Feature", "geometry": {"type": "LineString", "coordinates": [[-58.13714924373845, -32.226095018564145], [-58.13715679056215, -32.22609623152921]]}, "properties": {"source": "Unifilar.dxf", "layer": "ELECTRICA ENERSA", "entity": "LINE"}}, {"type": "Feature", "geometry": {"type": "LineString", "coordinates": [[-58.1395260216195, -32.229413875663624], [-58.13954666198314, -32.229405582824704]]}, "properties": {"source": "Unifilar.dxf", "layer": "ELECTRICA ENERSA", "entity": "LINE"}}, {"type": "Feature", "geometry": {"type": "LineString", "coordinates": [[-58.13612116504574, -32.224688043620766], [-58.136134112147055, -32.22468756300952]]}, "properties": {"source": "Unifilar.dxf", "layer": "ELECTRICA ENERSA", "entity": "LINE"}}, {"type": "Feature", "geometry": {"type": "LineString", "coordinates": [[-58.13714805839642, -32.22610254334723], [-58.13715555555647, -32.22610375072988]]}, "properties": {"source": "Unifilar.dxf", "layer": "ELECTRICA ENERSA", "entity": "LINE"}}, {"type": "Feature", "geometry": {"type": "LineString", "coordinates": [[-58.13698825850852, -32.2260871401564], [-58.13714924373845, -32.226095018564145]]}, "properties": {"source": "Unifilar.dxf", "layer": "ELECTRICA ENERSA", "entity": "LINE"}}, {"type": "Feature", "geometry": {"type": "LineString", "coordinates": [[-58.13698702301049, -32.22609465867593], [-58.13714805839642, -32.22610254334723]]}, "properties": {"source": "Unifilar.dxf", "layer": "ELECTRICA ENERSA", "entity": "LINE"}}, {"type": "Feature", "geometry": {"type": "LineString", "coordinates": [[-58.13610966789455, -32.22468747721044], [-58.13612116504574, -32.224688043620766]]}, "properties": {"source": "Unifilar.dxf", "layer": "ELECTRICA ENERSA", "entity": "LINE"}}, {"type": "Feature", "geometry": {"type": "LineString", "coordinates": [[-58.13594193961388, -32.22467338614161], [-58.13610966789455, -32.22468747721044]]}, "properties": {"source": "Unifilar.dxf", "layer": "ELECTRICA ENERSA", "entity": "LINE"}}, {"type": "Feature", "geometry": {"type": "LineString", "coordinates": [[-58.13594210099942, -32.22448021615419], [-58.13594193961388, -32.22467338614161]]}, "properties": {"source": "Unifilar.dxf", "layer": "ELECTRICA ENERSA", "entity": "LINE"}}, {"type": "Feature", "geometry": {"type": "LineString", "coordinates": [[-58.142217888943996, -32.23371197906161], [-58.14225065612044, -32.233260049534714]]}, "properties": {"source": "Unifilar.dxf", "layer": "ELECTRICA ENERSA", "entity": "LINE"}}, {"type": "Feature", "geometry": {"type": "LineString", "coordinates": [[-58.1429538254819, -32.23428503996968], [-58.142277548259536, -32.23424576453139]]}, "properties": {"source": "Unifilar.dxf", "layer": "ELECTRICA ENERSA", "entity": "LINE"}}, {"type": "Feature", "geometry": {"type": "LineString", "coordinates": [[-58.14779206588629, -32.241644716643066], [-58.14782010677471, -32.24105420736009]]}, "properties": {"source": "Unifilar.dxf", "layer": "ELECTRICA ENERSA", "entity": "LINE"}}, {"type": "Feature", "geometry": {"type": "LineString", "coordinates": [[-58.13698071119247, -32.2260859265102], [-58.13698825850852, -32.2260871401564]]}, "properties": {"source": "Unifilar.dxf", "layer": "ELECTRICA ENERSA", "entity": "LINE"}}, {"type": "Feature", "geometry": {"type": "LineString", "coordinates": [[-58.136494128544115, -32.22606045274907], [-58.13698071119247, -32.2260859265102]]}, "properties": {"source": "Unifilar.dxf", "layer": "ELECTRICA ENERSA", "entity": "LINE"}}, {"type": "Feature", "geometry": {"type": "LineString", "coordinates": [[-58.13649939216708, -32.22606773477589], [-58.13698202448795, -32.22609385509176]]}, "properties": {"source": "Unifilar.dxf", "layer": "ELECTRICA ENERSA", "entity": "LINE"}}, {"type": "Feature", "geometry": {"type": "LineString", "coordinates": [[-58.13571906156219, -32.22466585810364], [-58.13594193961388, -32.22467338614161]]}, "properties": {"source": "Unifilar.dxf", "layer": "ELECTRICA ENERSA", "entity": "LINE"}}, {"type": "Feature", "geometry": {"type": "LineString", "coordinates": [[-58.13591660568762, -32.225071136787435], [-58.13594193961388, -32.22467338614161]]}, "properties": {"source": "Unifilar.dxf", "layer": "ELECTRICA ENERSA", "entity": "LINE"}}, {"type": "Feature", "geometry": {"type": "LineString", "coordinates": [[-58.13949999975687, -32.23040007639648], [-58.139532354774445, -32.229910728647916]]}, "properties": {"source": "Unifilar.dxf", "layer": "ELECTRICA ENERSA", "entity": "LINE"}}, {"type": "Feature", "geometry": {"type": "LineString", "coordinates": [[-58.1354208404987, -32.224646230192654], [-58.13571906156219, -32.22466585810364]]}, "properties": {"source": "Unifilar.dxf", "layer": "ELECTRICA ENERSA", "entity": "LINE"}}, {"type": "Feature", "geometry": {"type": "LineString", "coordinates": [[-58.142203343954954, -32.2340664197542], [-58.142217888943996, -32.23371197906161]]}, "properties": {"source": "Unifilar.dxf", "layer": "ELECTRICA ENERSA", "entity": "LINE"}}, {"type": "Feature", "geometry": {"type": "LineString", "coordinates": [[-58.135915607552235, -32.225085152762134], [-58.13591660568762, -32.225071136787435]]}, "properties": {"source": "Unifilar.dxf", "layer": "ELECTRICA ENERSA", "entity": "LINE"}}, {"type": "Feature", "geometry": {"type": "LineString", "coordinates": [[-58.13591608933696, -32.22509810005224], [-58.135915607552235, -32.225085152762134]]}, "properties": {"source": "Unifilar.dxf", "layer": "ELECTRICA ENERSA", "entity": "LINE"}}, {"type": "Feature", "geometry": {"type": "LineString", "coordinates": [[-58.136633671869646, -32.226081621041246], [-58.136150235283466, -32.22606049974026]]}, "properties": {"source": "Unifilar.dxf", "layer": "ELECTRICA ENERSA", "entity": "LINE"}}, {"type": "Feature", "geometry": {"type": "LineString", "coordinates": [[-58.13590052612286, -32.22545106894289], [-58.13591608933696, -32.22509810005224]]}, "properties": {"source": "Unifilar.dxf", "layer": "ELECTRICA ENERSA", "entity": "LINE"}}, {"type": "Feature", "geometry": {"type": "LineString", "coordinates": [[-58.13803069834798, -32.228861612857656], [-58.1386308500896, -32.22889377168288]]}, "properties": {"source": "Unifilar.dxf", "layer": "ELECTRICA ENERSA", "entity": "LINE"}}, {"type": "Feature", "geometry": {"type": "LineString", "coordinates": [[-58.14776405224332, -32.242235206232394], [-58.14779206588629, -32.241644716643066]]}, "properties": {"source": "Unifilar.dxf", "layer": "ELECTRICA ENERSA", "entity": "LINE"}}, {"type": "Feature", "geometry": {"type": "LineString", "coordinates": [[-58.13645789563952, -32.226645797754806], [-58.13649939216708, -32.22606773477589]]}, "properties": {"source": "Unifilar.dxf", "layer": "ELECTRICA ENERSA", "entity": "LINE"}}, {"type": "Feature", "geometry": {"type": "LineString", "coordinates": [[-58.13645142425632, -32.22664601523499], [-58.136494128544115, -32.22606045274907]]}, "properties": {"source": "Unifilar.dxf", "layer": "ELECTRICA ENERSA", "entity": "LINE"}}, {"type": "Feature", "geometry": {"type": "LineString", "coordinates": [[-58.15026179572888, -32.245138245128295], [-58.149769023865105, -32.244686749097184]]}, "properties": {"source": "Unifilar.dxf", "layer": "ELECTRICA ENERSA", "entity": "LINE"}}, {"type": "Feature", "geometry": {"type": "LineString", "coordinates": [[-58.14228908608867, -32.23414202372271], [-58.14219853729573, -32.2341364557984]]}, "properties": {"source": "Unifilar.dxf", "layer": "ELECTRICA ENERSA", "entity": "LINE"}}, {"type": "Feature", "geometry": {"type": "LineString", "coordinates": [[-58.134913879901625, -32.22461101986684], [-58.1354208404987, -32.224646230192654]]}, "properties": {"source": "Unifilar.dxf", "layer": "ELECTRICA ENERSA", "entity": "LINE"}}, {"type": "Feature", "geometry": {"type": "LineString", "coordinates": [[-58.14219853729573, -32.2341364557984], [-58.142203343954954, -32.2340664197542]]}, "properties": {"source": "Unifilar.dxf", "layer": "ELECTRICA ENERSA", "entity": "LINE"}}, {"type": "Feature", "geometry": {"type": "LineString", "coordinates": [[-58.139470484664336, -32.23091179716877], [-58.13949999975687, -32.23040007639648]]}, "properties": {"source": "Unifilar.dxf", "layer": "ELECTRICA ENERSA", "entity": "LINE"}}, {"type": "Feature", "geometry": {"type": "LineString", "coordinates": [[-58.14219321589034, -32.23427342144144], [-58.14219853729573, -32.2341364557984]]}, "properties": {"source": "Unifilar.dxf", "layer": "ELECTRICA ENERSA", "entity": "LINE"}}, {"type": "Feature", "geometry": {"type": "LineString", "coordinates": [[-58.14185389714993, -32.23411707705684], [-58.14219853729573, -32.2341364557984]]}, "properties": {"source": "Unifilar.dxf", "layer": "ELECTRICA ENERSA", "entity": "LINE"}}, {"type": "Feature", "geometry": {"type": "LineString", "coordinates": [[-58.142277548259536, -32.23424576453139], [-58.14227016707578, -32.23423555293789]]}, "properties": {"source": "Unifilar.dxf", "layer": "ELECTRICA ENERSA", "entity": "LINE"}}, {"type": "Feature", "geometry": {"type": "LineString", "coordinates": [[-58.14227016707578, -32.23423555293789], [-58.14225219420648, -32.234235249658624]]}, "properties": {"source": "Unifilar.dxf", "layer": "ELECTRICA ENERSA", "entity": "LINE"}}, {"type": "Feature", "geometry": {"type": "LineString", "coordinates": [[-58.14225219420648, -32.234235249658624], [-58.14222900603402, -32.23424313379779]]}, "properties": {"source": "Unifilar.dxf", "layer": "ELECTRICA ENERSA", "entity": "LINE"}}, {"type": "Feature", "geometry": {"type": "LineString", "coordinates": [[-58.1358918823074, -32.2256969663102], [-58.13590052612286, -32.22545106894289]]}, "properties": {"source": "Unifilar.dxf", "layer": "ELECTRICA ENERSA", "entity": "LINE"}}, {"type": "Feature", "geometry": {"type": "LineString", "coordinates": [[-58.14222900603402, -32.23424313379779], [-58.14219701719002, -32.23424183238314]]}, "properties": {"source": "Unifilar.dxf", "layer": "ELECTRICA ENERSA", "entity": "LINE"}}, {"type": "Feature", "geometry": {"type": "LineString", "coordinates": [[-58.149769023865105, -32.244686749097184], [-58.14944735438724, -32.24439231510756]]}, "properties": {"source": "Unifilar.dxf", "layer": "ELECTRICA ENERSA", "entity": "LINE"}}, {"type": "Feature", "geometry": {"type": "LineString", "coordinates": [[-58.14219701719002, -32.23424183238314], [-58.14218204345193, -32.23425490607563]]}, "properties": {"source": "Unifilar.dxf", "layer": "ELECTRICA ENERSA", "entity": "LINE"}}, {"type": "Feature", "geometry": {"type": "LineString", "coordinates": [[-58.14218204345193, -32.23425490607563], [-58.14218060462747, -32.234295875216674]]}, "properties": {"source": "Unifilar.dxf", "layer": "ELECTRICA ENERSA", "entity": "LINE"}}, {"type": "Feature", "geometry": {"type": "LineString", "coordinates": [[-58.14219243131869, -32.234278447701776], [-58.14219321589034, -32.23427342144144]]}, "properties": {"source": "Unifilar.dxf", "layer": "ELECTRICA ENERSA", "entity": "LINE"}}, {"type": "Feature", "geometry": {"type": "LineString", "coordinates": [[-58.14219016272333, -32.23432443221972], [-58.14219243131869, -32.234278447701776]]}, "properties": {"source": "Unifilar.dxf", "layer": "ELECTRICA ENERSA", "entity": "LINE"}}, {"type": "Feature", "geometry": {"type": "LineString", "coordinates": [[-58.14218060462747, -32.234295875216674], [-58.14217858777468, -32.23430841870831]]}, "properties": {"source": "Unifilar.dxf", "layer": "ELECTRICA ENERSA", "entity": "LINE"}}, {"type": "Feature", "geometry": {"type": "LineString", "coordinates": [[-58.14217858777468, -32.23430841870831], [-58.14219016272333, -32.23432443221972]]}, "properties": {"source": "Unifilar.dxf", "layer": "ELECTRICA ENERSA", "entity": "LINE"}}, {"type": "Feature", "geometry": {"type": "LineString", "coordinates": [[-58.14217527251413, -32.2345371264157], [-58.14219016272333, -32.23432443221972]]}, "properties": {"source": "Unifilar.dxf", "layer": "ELECTRICA ENERSA", "entity": "LINE"}}, {"type": "Feature", "geometry": {"type": "LineString", "coordinates": [[-58.13586253824903, -32.22605543717114], [-58.1358918823074, -32.2256969663102]]}, "properties": {"source": "Unifilar.dxf", "layer": "ELECTRICA ENERSA", "entity": "LINE"}}, {"type": "Feature", "geometry": {"type": "LineString", "coordinates": [[-58.136150235283466, -32.22606049974026], [-58.13586253824903, -32.22605543717114]]}, "properties": {"source": "Unifilar.dxf", "layer": "ELECTRICA ENERSA", "entity": "LINE"}}, {"type": "Feature", "geometry": {"type": "LineString", "coordinates": [[-58.13396370595438, -32.22311226665204], [-58.13395472936656, -32.22311212863512]]}, "properties": {"source": "Unifilar.dxf", "layer": "ELECTRICA ENERSA", "entity": "LINE"}}, {"type": "Feature", "geometry": {"type": "LineString", "coordinates": [[-58.13395472936656, -32.22311212863512], [-58.13346786241645, -32.22308014986703]]}, "properties": {"source": "Unifilar.dxf", "layer": "ELECTRICA ENERSA", "entity": "LINE"}}, {"type": "Feature", "geometry": {"type": "LineString", "coordinates": [[-58.147754618440466, -32.242433871412864], [-58.14776405224332, -32.242235206232394]]}, "properties": {"source": "Unifilar.dxf", "layer": "ELECTRICA ENERSA", "entity": "LINE"}}, {"type": "Feature", "geometry": {"type": "LineString", "coordinates": [[-58.14213304495838, -32.23505582722378], [-58.14217527251413, -32.2345371264157]]}, "properties": {"source": "Unifilar.dxf", "layer": "ELECTRICA ENERSA", "entity": "LINE"}}, {"type": "Feature", "geometry": {"type": "LineString", "coordinates": [[-58.13634401693413, -32.22806606432842], [-58.13645789563952, -32.226645797754806]]}, "properties": {"source": "Unifilar.dxf", "layer": "ELECTRICA ENERSA", "entity": "LINE"}}, {"type": "Feature", "geometry": {"type": "LineString", "coordinates": [[-58.14183237472353, -32.23411492180955], [-58.14185389714993, -32.23411707705684]]}, "properties": {"source": "Unifilar.dxf", "layer": "ELECTRICA ENERSA", "entity": "LINE"}}, {"type": "Feature", "geometry": {"type": "LineString", "coordinates": [[-58.13611789893748, -32.226629732684735], [-58.13645142425632, -32.22664601523499]]}, "properties": {"source": "Unifilar.dxf", "layer": "ELECTRICA ENERSA", "entity": "LINE"}}, {"type": "Feature", "geometry": {"type": "LineString", "coordinates": [[-58.14135976817021, -32.23409039101177], [-58.14183237472353, -32.23411492180955]]}, "properties": {"source": "Unifilar.dxf", "layer": "ELECTRICA ENERSA", "entity": "LINE"}}, {"type": "Feature", "geometry": {"type": "LineString", "coordinates": [[-58.13741226871795, -32.22884712695411], [-58.13803069834798, -32.228861612857656]]}, "properties": {"source": "Unifilar.dxf", "layer": "ELECTRICA ENERSA", "entity": "LINE"}}, {"type": "Feature", "geometry": {"type": "LineString", "coordinates": [[-58.13958780964802, -32.23107105895112], [-58.13946362595868, -32.23107425624406]]}, "properties": {"source": "Unifilar.dxf", "layer": "ELECTRICA ENERSA", "entity": "LINE"}}, {"type": "Feature", "geometry": {"type": "LineString", "coordinates": [[-58.13946362595868, -32.23107425624406], [-58.139470484664336, -32.23091179716877]]}, "properties": {"source": "Unifilar.dxf", "layer": "ELECTRICA ENERSA", "entity": "LINE"}}, {"type": "Feature", "geometry": {"type": "LineString", "coordinates": [[-58.13458288269794, -32.2245951187709], [-58.134913879901625, -32.22461101986684]]}, "properties": {"source": "Unifilar.dxf", "layer": "ELECTRICA ENERSA", "entity": "LINE"}}, {"type": "Feature", "geometry": {"type": "LineString", "coordinates": [[-58.13584908204291, -32.22618719718026], [-58.13586253824903, -32.22605543717114]]}, "properties": {"source": "Unifilar.dxf", "layer": "ELECTRICA ENERSA", "entity": "LINE"}}, {"type": "Feature", "geometry": {"type": "LineString", "coordinates": [[-58.13567414991106, -32.22604961169579], [-58.13586253824903, -32.22605543717114]]}, "properties": {"source": "Unifilar.dxf", "layer": "ELECTRICA ENERSA", "entity": "LINE"}}, {"type": "Feature", "geometry": {"type": "LineString", "coordinates": [[-58.13944343194091, -32.23138397631335], [-58.13946362595868, -32.23107425624406]]}, "properties": {"source": "Unifilar.dxf", "layer": "ELECTRICA ENERSA", "entity": "LINE"}}, {"type": "Feature", "geometry": {"type": "LineString", "coordinates": [[-58.13918892519686, -32.23106871796498], [-58.13946362595868, -32.23107425624406]]}, "properties": {"source": "Unifilar.dxf", "layer": "ELECTRICA ENERSA", "entity": "LINE"}}, {"type": "Feature", "geometry": {"type": "LineString", "coordinates": [[-58.13583384412988, -32.226602031384374], [-58.13584908204291, -32.22618719718026]]}, "properties": {"source": "Unifilar.dxf", "layer": "ELECTRICA ENERSA", "entity": "LINE"}}, {"type": "Feature", "geometry": {"type": "LineString", "coordinates": [[-58.13409183317559, -32.22650990814453], [-58.13611789893748, -32.226629732684735]]}, "properties": {"source": "Unifilar.dxf", "layer": "ELECTRICA ENERSA", "entity": "LINE"}}, {"type": "Feature", "geometry": {"type": "LineString", "coordinates": [[-58.13400413244969, -32.22457412402369], [-58.13458288269794, -32.2245951187709]]}, "properties": {"source": "Unifilar.dxf", "layer": "ELECTRICA ENERSA", "entity": "LINE"}}, {"type": "Feature", "geometry": {"type": "LineString", "coordinates": [[-58.14209198931216, -32.23567129077412], [-58.14213304495838, -32.23505582722378]]}, "properties": {"source": "Unifilar.dxf", "layer": "ELECTRICA ENERSA", "entity": "LINE"}}, {"type": "Feature", "geometry": {"type": "LineString", "coordinates": [[-58.13346786241645, -32.22308014986703], [-58.133017649679964, -32.223052810780025]]}, "properties": {"source": "Unifilar.dxf", "layer": "ELECTRICA ENERSA", "entity": "LINE"}}, {"type": "Feature", "geometry": {"type": "LineString", "coordinates": [[-58.144539319083286, -32.238455392269664], [-58.14408005990932, -32.23842788165675]]}, "properties": {"source": "Unifilar.dxf", "layer": "ELECTRICA ENERSA", "entity": "LINE"}}, {"type": "Feature", "geometry": {"type": "LineString", "coordinates": [[-58.138940672906116, -32.23105064712766], [-58.13918892519686, -32.23106871796498]]}, "properties": {"source": "Unifilar.dxf", "layer": "ELECTRICA ENERSA", "entity": "LINE"}}, {"type": "Feature", "geometry": {"type": "LineString", "coordinates": [[-58.140924980001856, -32.23406294582313], [-58.14135976817021, -32.23409039101177]]}, "properties": {"source": "Unifilar.dxf", "layer": "ELECTRICA ENERSA", "entity": "LINE"}}, {"type": "Feature", "geometry": {"type": "LineString", "coordinates": [[-58.13582372612573, -32.22703317083869], [-58.13583384412988, -32.226602031384374]]}, "properties": {"source": "Unifilar.dxf", "layer": "ELECTRICA ENERSA", "entity": "LINE"}}, {"type": "Feature", "geometry": {"type": "LineString", "coordinates": [[-58.13702099428257, -32.228821530577925], [-58.13741226871795, -32.22884712695411]]}, "properties": {"source": "Unifilar.dxf", "layer": "ELECTRICA ENERSA", "entity": "LINE"}}, {"type": "Feature", "geometry": {"type": "LineString", "coordinates": [[-58.13893948854877, -32.23105817327302], [-58.138940672906116, -32.23105064712766]]}, "properties": {"source": "Unifilar.dxf", "layer": "ELECTRICA ENERSA", "entity": "LINE"}}, {"type": "Feature", "geometry": {"type": "LineString", "coordinates": [[-58.13894053723617, -32.23105962409307], [-58.13893948854877, -32.23105817327302]]}, "properties": {"source": "Unifilar.dxf", "layer": "ELECTRICA ENERSA", "entity": "LINE"}}, {"type": "Feature", "geometry": {"type": "LineString", "coordinates": [[-58.13894012618945, -32.2310621715243], [-58.13894053723617, -32.23105962409307]]}, "properties": {"source": "Unifilar.dxf", "layer": "ELECTRICA ENERSA", "entity": "LINE"}}, {"type": "Feature", "geometry": {"type": "LineString", "coordinates": [[-58.13893317574607, -32.231049439745014], [-58.138921081229874, -32.23106039078663]]}, "properties": {"source": "Unifilar.dxf", "layer": "ELECTRICA ENERSA", "entity": "LINE"}}, {"type": "Feature", "geometry": {"type": "LineString", "coordinates": [[-58.13874492357039, -32.231034637985395], [-58.13893317574607, -32.231049439745014]]}, "properties": {"source": "Unifilar.dxf", "layer": "ELECTRICA ENERSA", "entity": "LINE"}}, {"type": "Feature", "geometry": {"type": "LineString", "coordinates": [[-58.13893955879444, -32.23107366731322], [-58.13894012618945, -32.2310621715243]]}, "properties": {"source": "Unifilar.dxf", "layer": "ELECTRICA ENERSA", "entity": "LINE"}}, {"type": "Feature", "geometry": {"type": "LineString", "coordinates": [[-58.13885800628297, -32.23106826465126], [-58.13893955879444, -32.23107366731322]]}, "properties": {"source": "Unifilar.dxf", "layer": "ELECTRICA ENERSA", "entity": "LINE"}}, {"type": "Feature", "geometry": {"type": "LineString", "coordinates": [[-58.138921081229874, -32.23106039078663], [-58.1389185830847, -32.2310599876693]]}, "properties": {"source": "Unifilar.dxf", "layer": "ELECTRICA ENERSA", "entity": "LINE"}}, {"type": "Feature", "geometry": {"type": "LineString", "coordinates": [[-58.1389185830847, -32.2310599876693], [-58.138917133626926, -32.23106103537201]]}, "properties": {"source": "Unifilar.dxf", "layer": "ELECTRICA ENERSA", "entity": "LINE"}}, {"type": "Feature", "geometry": {"type": "LineString", "coordinates": [[-58.138917133626926, -32.23106103537201], [-58.138852095235336, -32.23105703396277]]}, "properties": {"source": "Unifilar.dxf", "layer": "ELECTRICA ENERSA", "entity": "LINE"}}, {"type": "Feature", "geometry": {"type": "LineString", "coordinates": [[-58.138852095235336, -32.23105703396277], [-58.13881945150647, -32.231684129349574]]}, "properties": {"source": "Unifilar.dxf", "layer": "ELECTRICA ENERSA", "entity": "LINE"}}, {"type": "Feature", "geometry": {"type": "LineString", "coordinates": [[-58.1388247146371, -32.231691410695255], [-58.13885800628297, -32.23106826465126]]}, "properties": {"source": "Unifilar.dxf", "layer": "ELECTRICA ENERSA", "entity": "LINE"}}, {"type": "Feature", "geometry": {"type": "LineString", "coordinates": [[-58.133017649679964, -32.223052810780025], [-58.13286204404929, -32.22304321018825]]}, "properties": {"source": "Unifilar.dxf", "layer": "ELECTRICA ENERSA", "entity": "LINE"}}, {"type": "Feature", "geometry": {"type": "LineString", "coordinates": [[-58.13287083102673, -32.22289265232916], [-58.13286204404929, -32.22304321018825]]}, "properties": {"source": "Unifilar.dxf", "layer": "ELECTRICA ENERSA", "entity": "LINE"}}, {"type": "Feature", "geometry": {"type": "LineString", "coordinates": [[-58.138347584955966, -32.23100675799018], [-58.13874492357039, -32.231034637985395]]}, "properties": {"source": "Unifilar.dxf", "layer": "ELECTRICA ENERSA", "entity": "LINE"}}, {"type": "Feature", "geometry": {"type": "LineString", "coordinates": [[-58.1420601837358, -32.23614911215668], [-58.14209198931216, -32.23567129077412]]}, "properties": {"source": "Unifilar.dxf", "layer": "ELECTRICA ENERSA", "entity": "LINE"}}, {"type": "Feature", "geometry": {"type": "LineString", "coordinates": [[-58.14040680977222, -32.23403367280573], [-58.140924980001856, -32.23406294582313]]}, "properties": {"source": "Unifilar.dxf", "layer": "ELECTRICA ENERSA", "entity": "LINE"}}, {"type": "Feature", "geometry": {"type": "LineString", "coordinates": [[-58.14408005990932, -32.23842788165675], [-58.14361649657659, -32.23840352367311]]}, "properties": {"source": "Unifilar.dxf", "layer": "ELECTRICA ENERSA", "entity": "LINE"}}, {"type": "Feature", "geometry": {"type": "LineString", "coordinates": [[-58.13578840726066, -32.22754908567942], [-58.13582372612573, -32.22703317083869]]}, "properties": {"source": "Unifilar.dxf", "layer": "ELECTRICA ENERSA", "entity": "LINE"}}, {"type": "Feature", "geometry": {"type": "LineString", "coordinates": [[-58.13351899925911, -32.224547602559845], [-58.13400413244969, -32.22457412402369]]}, "properties": {"source": "Unifilar.dxf", "layer": "ELECTRICA ENERSA", "entity": "LINE"}}, {"type": "Feature", "geometry": {"type": "LineString", "coordinates": [[-58.13286204404929, -32.22304321018825], [-58.13272947792024, -32.22303475330056]]}, "properties": {"source": "Unifilar.dxf", "layer": "ELECTRICA ENERSA", "entity": "LINE"}}, {"type": "Feature", "geometry": {"type": "LineString", "coordinates": [[-58.13284826032534, -32.22337713813209], [-58.13286204404929, -32.22304321018825]]}, "properties": {"source": "Unifilar.dxf", "layer": "ELECTRICA ENERSA", "entity": "LINE"}}, {"type": "Feature", "geometry": {"type": "LineString", "coordinates": [[-58.13689342989296, -32.22881387598618], [-58.13702099428257, -32.228821530577925]]}, "properties": {"source": "Unifilar.dxf", "layer": "ELECTRICA ENERSA", "entity": "LINE"}}, {"type": "Feature", "geometry": {"type": "LineString", "coordinates": [[-58.13689898343734, -32.22876326567473], [-58.13689342989296, -32.22881387598618]]}, "properties": {"source": "Unifilar.dxf", "layer": "ELECTRICA ENERSA", "entity": "LINE"}}, {"type": "Feature", "geometry": {"type": "LineString", "coordinates": [[-58.13272947792024, -32.22303475330056], [-58.132347820930256, -32.22301329190434]]}, "properties": {"source": "Unifilar.dxf", "layer": "ELECTRICA ENERSA", "entity": "LINE"}}, {"type": "Feature", "geometry": {"type": "LineString", "coordinates": [[-58.13688044311383, -32.22918269577639], [-58.13689342989296, -32.22881387598618]]}, "properties": {"source": "Unifilar.dxf", "layer": "ELECTRICA ENERSA", "entity": "LINE"}}, {"type": "Feature", "geometry": {"type": "LineString", "coordinates": [[-58.13649817837699, -32.22878894653953], [-58.13689342989296, -32.22881387598618]]}, "properties": {"source": "Unifilar.dxf", "layer": "ELECTRICA ENERSA", "entity": "LINE"}}, {"type": "Feature", "geometry": {"type": "LineString", "coordinates": [[-58.13627922470449, -32.22806850942247], [-58.13634401693413, -32.22806606432842]]}, "properties": {"source": "Unifilar.dxf", "layer": "ELECTRICA ENERSA", "entity": "LINE"}}, {"type": "Feature", "geometry": {"type": "LineString", "coordinates": [[-58.13609719713792, -32.23078508966331], [-58.13627922470449, -32.22806850942247]]}, "properties": {"source": "Unifilar.dxf", "layer": "ELECTRICA ENERSA", "entity": "LINE"}}, {"type": "Feature", "geometry": {"type": "LineString", "coordinates": [[-58.13279382906964, -32.22399559982896], [-58.13284826032534, -32.22337713813209]]}, "properties": {"source": "Unifilar.dxf", "layer": "ELECTRICA ENERSA", "entity": "LINE"}}, {"type": "Feature", "geometry": {"type": "LineString", "coordinates": [[-58.13798336341026, -32.23099707399911], [-58.138347584955966, -32.23100675799018]]}, "properties": {"source": "Unifilar.dxf", "layer": "ELECTRICA ENERSA", "entity": "LINE"}}, {"type": "Feature", "geometry": {"type": "LineString", "coordinates": [[-58.14203379960773, -32.23662526925179], [-58.1420601837358, -32.23614911215668]]}, "properties": {"source": "Unifilar.dxf", "layer": "ELECTRICA ENERSA", "entity": "LINE"}}, {"type": "Feature", "geometry": {"type": "LineString", "coordinates": [[-58.13872798969609, -32.2316681336398], [-58.1388247146371, -32.231691410695255]]}, "properties": {"source": "Unifilar.dxf", "layer": "ELECTRICA ENERSA", "entity": "LINE"}}, {"type": "Feature", "geometry": {"type": "LineString", "coordinates": [[-58.13881945150647, -32.231684129349574], [-58.138728823931395, -32.23166311296189]]}, "properties": {"source": "Unifilar.dxf", "layer": "ELECTRICA ENERSA", "entity": "LINE"}}, {"type": "Feature", "geometry": {"type": "LineString", "coordinates": [[-58.13575430611039, -32.227993058017034], [-58.13578840726066, -32.22754908567942]]}, "properties": {"source": "Unifilar.dxf", "layer": "ELECTRICA ENERSA", "entity": "LINE"}}, {"type": "Feature", "geometry": {"type": "LineString", "coordinates": [[-58.14361649657659, -32.23840352367311], [-58.143153954685815, -32.23838063620318]]}, "properties": {"source": "Unifilar.dxf", "layer": "ELECTRICA ENERSA", "entity": "LINE"}}, {"type": "Feature", "geometry": {"type": "LineString", "coordinates": [[-58.138728823931395, -32.23166311296189], [-58.13843059965102, -32.23164348633913]]}, "properties": {"source": "Unifilar.dxf", "layer": "ELECTRICA ENERSA", "entity": "LINE"}}, {"type": "Feature", "geometry": {"type": "LineString", "coordinates": [[-58.13841141902149, -32.23165068256687], [-58.13872798969609, -32.2316681336398]]}, "properties": {"source": "Unifilar.dxf", "layer": "ELECTRICA ENERSA", "entity": "LINE"}}, {"type": "Feature", "geometry": {"type": "LineString", "coordinates": [[-58.13991341284277, -32.23398649098103], [-58.14040680977222, -32.23403367280573]]}, "properties": {"source": "Unifilar.dxf", "layer": "ELECTRICA ENERSA", "entity": "LINE"}}, {"type": "Feature", "geometry": {"type": "LineString", "coordinates": [[-58.13687269946573, -32.22966313273901], [-58.13688044311383, -32.22918269577639]]}, "properties": {"source": "Unifilar.dxf", "layer": "ELECTRICA ENERSA", "entity": "LINE"}}, {"type": "Feature", "geometry": {"type": "LineString", "coordinates": [[-58.133036914147254, -32.224509958528465], [-58.13351899925911, -32.224547602559845]]}, "properties": {"source": "Unifilar.dxf", "layer": "ELECTRICA ENERSA", "entity": "LINE"}}, {"type": "Feature", "geometry": {"type": "LineString", "coordinates": [[-58.13234590255327, -32.22304131110478], [-58.132347820930256, -32.22301329190434]]}, "properties": {"source": "Unifilar.dxf", "layer": "ELECTRICA ENERSA", "entity": "LINE"}}, {"type": "Feature", "geometry": {"type": "LineString", "coordinates": [[-58.132347820930256, -32.22301329190434], [-58.13179977892507, -32.22298564635782]]}, "properties": {"source": "Unifilar.dxf", "layer": "ELECTRICA ENERSA", "entity": "LINE"}}, {"type": "Feature", "geometry": {"type": "LineString", "coordinates": [[-58.132346404277826, -32.22305428598089], [-58.13234590255327, -32.22304131110478]]}, "properties": {"source": "Unifilar.dxf", "layer": "ELECTRICA ENERSA", "entity": "LINE"}}, {"type": "Feature", "geometry": {"type": "LineString", "coordinates": [[-58.13647916387975, -32.228787144819975], [-58.13649817837699, -32.22878894653953]]}, "properties": {"source": "Unifilar.dxf", "layer": "ELECTRICA ENERSA", "entity": "LINE"}}, {"type": "Feature", "geometry": {"type": "LineString", "coordinates": [[-58.13234543363406, -32.22306828260251], [-58.132346404277826, -32.22305428598089]]}, "properties": {"source": "Unifilar.dxf", "layer": "ELECTRICA ENERSA", "entity": "LINE"}}, {"type": "Feature", "geometry": {"type": "LineString", "coordinates": [[-58.136467668960755, -32.228786575759145], [-58.13647916387975, -32.228787144819975]]}, "properties": {"source": "Unifilar.dxf", "layer": "ELECTRICA ENERSA", "entity": "LINE"}}, {"type": "Feature", "geometry": {"type": "LineString", "coordinates": [[-58.135713256068286, -32.228737219047986], [-58.136467668960755, -32.228786575759145]]}, "properties": {"source": "Unifilar.dxf", "layer": "ELECTRICA ENERSA", "entity": "LINE"}}, {"type": "Feature", "geometry": {"type": "LineString", "coordinates": [[-58.13949310388653, -32.23303662082242], [-58.13946760454577, -32.233523224034364]]}, "properties": {"source": "Unifilar.dxf", "layer": "ELECTRICA ENERSA", "entity": "LINE"}}, {"type": "Feature", "geometry": {"type": "LineString", "coordinates": [[-58.13843311266846, -32.23160395165611], [-58.138421618241814, -32.231603383276415]]}, "properties": {"source": "Unifilar.dxf", "layer": "ELECTRICA ENERSA", "entity": "LINE"}}, {"type": "Feature", "geometry": {"type": "LineString", "coordinates": [[-58.138432711898076, -32.231606450178866], [-58.13843311266846, -32.23160395165611]]}, "properties": {"source": "Unifilar.dxf", "layer": "ELECTRICA ENERSA", "entity": "LINE"}}, {"type": "Feature", "geometry": {"type": "LineString", "coordinates": [[-58.13843059965102, -32.23164348633913], [-58.138432711898076, -32.231606450178866]]}, "properties": {"source": "Unifilar.dxf", "layer": "ELECTRICA ENERSA", "entity": "LINE"}}, {"type": "Feature", "geometry": {"type": "LineString", "coordinates": [[-58.13842323333954, -32.231593336945274], [-58.138421618241814, -32.231603383276415]]}, "properties": {"source": "Unifilar.dxf", "layer": "ELECTRICA ENERSA", "entity": "LINE"}}, {"type": "Feature", "geometry": {"type": "LineString", "coordinates": [[-58.138421618241814, -32.231603383276415], [-58.138411572288256, -32.23160176583174]]}, "properties": {"source": "Unifilar.dxf", "layer": "ELECTRICA ENERSA", "entity": "LINE"}}, {"type": "Feature", "geometry": {"type": "LineString", "coordinates": [[-58.13754633290551, -32.230975754406536], [-58.13798336341026, -32.23099707399911]]}, "properties": {"source": "Unifilar.dxf", "layer": "ELECTRICA ENERSA", "entity": "LINE"}}, {"type": "Feature", "geometry": {"type": "LineString", "coordinates": [[-58.138411572288256, -32.23160176583174], [-58.13841228871108, -32.231621212546386]]}, "properties": {"source": "Unifilar.dxf", "layer": "ELECTRICA ENERSA", "entity": "LINE"}}, {"type": "Feature", "geometry": {"type": "LineString", "coordinates": [[-58.1419813440191, -32.23707146339721], [-58.14203379960773, -32.23662526925179]]}, "properties": {"source": "Unifilar.dxf", "layer": "ELECTRICA ENERSA", "entity": "LINE"}}, {"type": "Feature", "geometry": {"type": "LineString", "coordinates": [[-58.13841228871108, -32.231621212546386], [-58.1384118879407, -32.23162371106914]]}, "properties": {"source": "Unifilar.dxf", "layer": "ELECTRICA ENERSA", "entity": "LINE"}}, {"type": "Feature", "geometry": {"type": "LineString", "coordinates": [[-58.1384118879407, -32.23162371106914], [-58.13841141902149, -32.23165068256687]]}, "properties": {"source": "Unifilar.dxf", "layer": "ELECTRICA ENERSA", "entity": "LINE"}}, {"type": "Feature", "geometry": {"type": "LineString", "coordinates": [[-58.13573589689649, -32.22832370286647], [-58.13575430611039, -32.227993058017034]]}, "properties": {"source": "Unifilar.dxf", "layer": "ELECTRICA ENERSA", "entity": "LINE"}}, {"type": "Feature", "geometry": {"type": "LineString", "coordinates": [[-58.13279507695628, -32.224292030013814], [-58.13279382906964, -32.22399559982896]]}, "properties": {"source": "Unifilar.dxf", "layer": "ELECTRICA ENERSA", "entity": "LINE"}}, {"type": "Feature", "geometry": {"type": "LineString", "coordinates": [[-58.143153954685815, -32.23838063620318], [-58.14269682285663, -32.238356005567326]]}, "properties": {"source": "Unifilar.dxf", "layer": "ELECTRICA ENERSA", "entity": "LINE"}}, {"type": "Feature", "geometry": {"type": "LineString", "coordinates": [[-58.13961083572467, -32.23397001276741], [-58.13991341284277, -32.23398649098103]]}, "properties": {"source": "Unifilar.dxf", "layer": "ELECTRICA ENERSA", "entity": "LINE"}}, {"type": "Feature", "geometry": {"type": "LineString", "coordinates": [[-58.13247759167517, -32.22448821541908], [-58.133036914147254, -32.224509958528465]]}, "properties": {"source": "Unifilar.dxf", "layer": "ELECTRICA ENERSA", "entity": "LINE"}}, {"type": "Feature", "geometry": {"type": "LineString", "coordinates": [[-58.135729993133744, -32.22839227849543], [-58.13573589689649, -32.22832370286647]]}, "properties": {"source": "Unifilar.dxf", "layer": "ELECTRICA ENERSA", "entity": "LINE"}}, {"type": "Feature", "geometry": {"type": "LineString", "coordinates": [[-58.13946760454577, -32.233523224034364], [-58.139446308789495, -32.23389588239592]]}, "properties": {"source": "Unifilar.dxf", "layer": "ELECTRICA ENERSA", "entity": "LINE"}}, {"type": "Feature", "geometry": {"type": "LineString", "coordinates": [[-58.132769989319286, -32.22475170308471], [-58.13279507695628, -32.224292030013814]]}, "properties": {"source": "Unifilar.dxf", "layer": "ELECTRICA ENERSA", "entity": "LINE"}}, {"type": "Feature", "geometry": {"type": "LineString", "coordinates": [[-58.135731944562245, -32.22840420600941], [-58.13573218898433, -32.228410655844336]]}, "properties": {"source": "Unifilar.dxf", "layer": "ELECTRICA ENERSA", "entity": "LINE"}}, {"type": "Feature", "geometry": {"type": "LineString", "coordinates": [[-58.13573218898433, -32.228410655844336], [-58.135713256068286, -32.228737219047986]]}, "properties": {"source": "Unifilar.dxf", "layer": "ELECTRICA ENERSA", "entity": "LINE"}}, {"type": "Feature", "geometry": {"type": "LineString", "coordinates": [[-58.13179977892507, -32.22298564635782], [-58.131532338699174, -32.22297481902792]]}, "properties": {"source": "Unifilar.dxf", "layer": "ELECTRICA ENERSA", "entity": "LINE"}}, {"type": "Feature", "geometry": {"type": "LineString", "coordinates": [[-58.14197020933531, -32.2374922095521], [-58.1419813440191, -32.23707146339721]]}, "properties": {"source": "Unifilar.dxf", "layer": "ELECTRICA ENERSA", "entity": "LINE"}}, {"type": "Feature", "geometry": {"type": "LineString", "coordinates": [[-58.13710748204627, -32.23097341922646], [-58.13754633290551, -32.230975754406536]]}, "properties": {"source": "Unifilar.dxf", "layer": "ELECTRICA ENERSA", "entity": "LINE"}}, {"type": "Feature", "geometry": {"type": "LineString", "coordinates": [[-58.1394451225901, -32.23395888173852], [-58.1396018384585, -32.233969846142784]]}, "properties": {"source": "Unifilar.dxf", "layer": "ELECTRICA ENERSA", "entity": "LINE"}}, {"type": "Feature", "geometry": {"type": "LineString", "coordinates": [[-58.13153932624664, -32.222843274529616], [-58.131532338699174, -32.22297481902792]]}, "properties": {"source": "Unifilar.dxf", "layer": "ELECTRICA ENERSA", "entity": "LINE"}}, {"type": "Feature", "geometry": {"type": "LineString", "coordinates": [[-58.14269682285663, -32.238356005567326], [-58.142231892229866, -32.23832375907059]]}, "properties": {"source": "Unifilar.dxf", "layer": "ELECTRICA ENERSA", "entity": "LINE"}}, {"type": "Feature", "geometry": {"type": "LineString", "coordinates": [[-58.139446308789495, -32.23389588239592], [-58.1394451225901, -32.23395888173852]]}, "properties": {"source": "Unifilar.dxf", "layer": "ELECTRICA ENERSA", "entity": "LINE"}}, {"type": "Feature", "geometry": {"type": "LineString", "coordinates": [[-58.1356955549566, -32.22886316951335], [-58.135713256068286, -32.228737219047986]]}, "properties": {"source": "Unifilar.dxf", "layer": "ELECTRICA ENERSA", "entity": "LINE"}}, {"type": "Feature", "geometry": {"type": "LineString", "coordinates": [[-58.13545779180759, -32.22873990704731], [-58.135713256068286, -32.228737219047986]]}, "properties": {"source": "Unifilar.dxf", "layer": "ELECTRICA ENERSA", "entity": "LINE"}}, {"type": "Feature", "geometry": {"type": "LineString", "coordinates": [[-58.13079418204613, -32.22256195583243], [-58.130791732975894, -32.22260174357316]]}, "properties": {"source": "Unifilar.dxf", "layer": "ELECTRICA ENERSA", "entity": "LINE"}}, {"type": "Feature", "geometry": {"type": "LineString", "coordinates": [[-58.13393997197503, -32.228583386489305], [-58.13409183317559, -32.22650990814453]]}, "properties": {"source": "Unifilar.dxf", "layer": "ELECTRICA ENERSA", "entity": "LINE"}}, {"type": "Feature", "geometry": {"type": "LineString", "coordinates": [[-58.131532338699174, -32.22297481902792], [-58.13136642995467, -32.22297270829049]]}, "properties": {"source": "Unifilar.dxf", "layer": "ELECTRICA ENERSA", "entity": "LINE"}}, {"type": "Feature", "geometry": {"type": "LineString", "coordinates": [[-58.13151295955929, -32.223399315117796], [-58.131532338699174, -32.22297481902792]]}, "properties": {"source": "Unifilar.dxf", "layer": "ELECTRICA ENERSA", "entity": "LINE"}}, {"type": "Feature", "geometry": {"type": "LineString", "coordinates": [[-58.139413581231665, -32.23438771033586], [-58.1394451225901, -32.23395888173852]]}, "properties": {"source": "Unifilar.dxf", "layer": "ELECTRICA ENERSA", "entity": "LINE"}}, {"type": "Feature", "geometry": {"type": "LineString", "coordinates": [[-58.13897543398894, -32.23395666549058], [-58.1394451225901, -32.23395888173852]]}, "properties": {"source": "Unifilar.dxf", "layer": "ELECTRICA ENERSA", "entity": "LINE"}}, {"type": "Feature", "geometry": {"type": "LineString", "coordinates": [[-58.13274959128077, -32.22518360416692], [-58.132769989319286, -32.22475170308471]]}, "properties": {"source": "Unifilar.dxf", "layer": "ELECTRICA ENERSA", "entity": "LINE"}}, {"type": "Feature", "geometry": {"type": "LineString", "coordinates": [[-58.14194256436489, -32.23796931949467], [-58.14197020933531, -32.2374922095521]]}, "properties": {"source": "Unifilar.dxf", "layer": "ELECTRICA ENERSA", "entity": "LINE"}}, {"type": "Feature", "geometry": {"type": "LineString", "coordinates": [[-58.13080006026731, -32.22261125634703], [-58.13080316492833, -32.2225524806951]]}, "properties": {"source": "Unifilar.dxf", "layer": "ELECTRICA ENERSA", "entity": "LINE"}}, {"type": "Feature", "geometry": {"type": "LineString", "coordinates": [[-58.132030385621675, -32.22447420636472], [-58.13247759167517, -32.22448821541908]]}, "properties": {"source": "Unifilar.dxf", "layer": "ELECTRICA ENERSA", "entity": "LINE"}}, {"type": "Feature", "geometry": {"type": "LineString", "coordinates": [[-58.13136642995467, -32.22297270829049], [-58.13133718006502, -32.222962800585144]]}, "properties": {"source": "Unifilar.dxf", "layer": "ELECTRICA ENERSA", "entity": "LINE"}}, {"type": "Feature", "geometry": {"type": "LineString", "coordinates": [[-58.13133718006502, -32.222962800585144], [-58.13091574898309, -32.222944088275405]]}, "properties": {"source": "Unifilar.dxf", "layer": "ELECTRICA ENERSA", "entity": "LINE"}}, {"type": "Feature", "geometry": {"type": "LineString", "coordinates": [[-58.13680778106267, -32.23095486000007], [-58.13710748204627, -32.23097341922646]]}, "properties": {"source": "Unifilar.dxf", "layer": "ELECTRICA ENERSA", "entity": "LINE"}}, {"type": "Feature", "geometry": {"type": "LineString", "coordinates": [[-58.13494806303956, -32.22867348211535], [-58.13545779180759, -32.22873990704731]]}, "properties": {"source": "Unifilar.dxf", "layer": "ELECTRICA ENERSA", "entity": "LINE"}}, {"type": "Feature", "geometry": {"type": "LineString", "coordinates": [[-58.137002577762345, -32.230920542943835], [-58.13680871617655, -32.23090091897397]]}, "properties": {"source": "Unifilar.dxf", "layer": "ELECTRICA ENERSA", "entity": "LINE"}}, {"type": "Feature", "geometry": {"type": "LineString", "coordinates": [[-58.13150470469302, -32.22395555854757], [-58.13151295955929, -32.223399315117796]]}, "properties": {"source": "Unifilar.dxf", "layer": "ELECTRICA ENERSA", "entity": "LINE"}}, {"type": "Feature", "geometry": {"type": "LineString", "coordinates": [[-58.13939045891077, -32.23481937175811], [-58.139413581231665, -32.23438771033586]]}, "properties": {"source": "Unifilar.dxf", "layer": "ELECTRICA ENERSA", "entity": "LINE"}}, {"type": "Feature", "geometry": {"type": "LineString", "coordinates": [[-58.13274769735975, -32.225202727827096], [-58.13274959128077, -32.22518360416692]]}, "properties": {"source": "Unifilar.dxf", "layer": "ELECTRICA ENERSA", "entity": "LINE"}}, {"type": "Feature", "geometry": {"type": "LineString", "coordinates": [[-58.142231892229866, -32.23832375907059], [-58.14191835220188, -32.2383107418089]]}, "properties": {"source": "Unifilar.dxf", "layer": "ELECTRICA ENERSA", "entity": "LINE"}}, {"type": "Feature", "geometry": {"type": "LineString", "coordinates": [[-58.132746754207595, -32.22521670509562], [-58.13272341356066, -32.22566627901795]]}, "properties": {"source": "Unifilar.dxf", "layer": "ELECTRICA ENERSA", "entity": "LINE"}}, {"type": "Feature", "geometry": {"type": "LineString", "coordinates": [[-58.13681239526647, -32.23084724485328], [-58.13680871617655, -32.23090091897397]]}, "properties": {"source": "Unifilar.dxf", "layer": "ELECTRICA ENERSA", "entity": "LINE"}}, {"type": "Feature", "geometry": {"type": "LineString", "coordinates": [[-58.14191835220188, -32.2383107418089], [-58.14194256436489, -32.23796931949467]]}, "properties": {"source": "Unifilar.dxf", "layer": "ELECTRICA ENERSA", "entity": "LINE"}}, {"type": "Feature", "geometry": {"type": "LineString", "coordinates": [[-58.13680871617655, -32.23090091897397], [-58.13680778106267, -32.23095486000007]]}, "properties": {"source": "Unifilar.dxf", "layer": "ELECTRICA ENERSA", "entity": "LINE"}}, {"type": "Feature", "geometry": {"type": "LineString", "coordinates": [[-58.13670803926631, -32.2309026698208], [-58.13680871617655, -32.23090091897397]]}, "properties": {"source": "Unifilar.dxf", "layer": "ELECTRICA ENERSA", "entity": "LINE"}}, {"type": "Feature", "geometry": {"type": "LineString", "coordinates": [[-58.136692814770335, -32.23094918590188], [-58.13680778106267, -32.23095486000007]]}, "properties": {"source": "Unifilar.dxf", "layer": "ELECTRICA ENERSA", "entity": "LINE"}}, {"type": "Feature", "geometry": {"type": "LineString", "coordinates": [[-58.13678620301141, -32.231241156766465], [-58.13680778106267, -32.23095486000007]]}, "properties": {"source": "Unifilar.dxf", "layer": "ELECTRICA ENERSA", "entity": "LINE"}}, {"type": "Feature", "geometry": {"type": "LineString", "coordinates": [[-58.13842672338839, -32.233925041993544], [-58.13897543398894, -32.23395666549058]]}, "properties": {"source": "Unifilar.dxf", "layer": "ELECTRICA ENERSA", "entity": "LINE"}}, {"type": "Feature", "geometry": {"type": "LineString", "coordinates": [[-58.13669517711823, -32.23090309006283], [-58.136679936967255, -32.23090081150947]]}, "properties": {"source": "Unifilar.dxf", "layer": "ELECTRICA ENERSA", "entity": "LINE"}}, {"type": "Feature", "geometry": {"type": "LineString", "coordinates": [[-58.136679936967255, -32.23090081150947], [-58.13623053785266, -32.23087730095281]]}, "properties": {"source": "Unifilar.dxf", "layer": "ELECTRICA ENERSA", "entity": "LINE"}}, {"type": "Feature", "geometry": {"type": "LineString", "coordinates": [[-58.131523960904204, -32.2244364434105], [-58.132030385621675, -32.22447420636472]]}, "properties": {"source": "Unifilar.dxf", "layer": "ELECTRICA ENERSA", "entity": "LINE"}}, {"type": "Feature", "geometry": {"type": "LineString", "coordinates": [[-58.13300705265097, -32.22588062363575], [-58.13270700315567, -32.2258645261953]]}, "properties": {"source": "Unifilar.dxf", "layer": "ELECTRICA ENERSA", "entity": "LINE"}}, {"type": "Feature", "geometry": {"type": "LineString", "coordinates": [[-58.14190865967388, -32.238444242568775], [-58.14191835220188, -32.2383107418089]]}, "properties": {"source": "Unifilar.dxf", "layer": "ELECTRICA ENERSA", "entity": "LINE"}}, {"type": "Feature", "geometry": {"type": "LineString", "coordinates": [[-58.141782914895074, -32.23830436131411], [-58.14191835220188, -32.2383107418089]]}, "properties": {"source": "Unifilar.dxf", "layer": "ELECTRICA ENERSA", "entity": "LINE"}}, {"type": "Feature", "geometry": {"type": "LineString", "coordinates": [[-58.134931409967905, -32.2286721813003], [-58.13494806303956, -32.22867348211535]]}, "properties": {"source": "Unifilar.dxf", "layer": "ELECTRICA ENERSA", "entity": "LINE"}}, {"type": "Feature", "geometry": {"type": "LineString", "coordinates": [[-58.1393704853766, -32.23525538367113], [-58.13939045891077, -32.23481937175811]]}, "properties": {"source": "Unifilar.dxf", "layer": "ELECTRICA ENERSA", "entity": "LINE"}}, {"type": "Feature", "geometry": {"type": "LineString", "coordinates": [[-58.13491505275361, -32.228670710187], [-58.134931409967905, -32.2286721813003]]}, "properties": {"source": "Unifilar.dxf", "layer": "ELECTRICA ENERSA", "entity": "LINE"}}, {"type": "Feature", "geometry": {"type": "LineString", "coordinates": [[-58.1367706895569, -32.23167394482736], [-58.13678620301141, -32.231241156766465]]}, "properties": {"source": "Unifilar.dxf", "layer": "ELECTRICA ENERSA", "entity": "LINE"}}, {"type": "Feature", "geometry": {"type": "LineString", "coordinates": [[-58.1345993206492, -32.22864819278528], [-58.13491505275361, -32.228670710187]]}, "properties": {"source": "Unifilar.dxf", "layer": "ELECTRICA ENERSA", "entity": "LINE"}}, {"type": "Feature", "geometry": {"type": "LineString", "coordinates": [[-58.13146106504518, -32.22459506171903], [-58.13150470469302, -32.22395555854757]]}, "properties": {"source": "Unifilar.dxf", "layer": "ELECTRICA ENERSA", "entity": "LINE"}}, {"type": "Feature", "geometry": {"type": "LineString", "coordinates": [[-58.13272341356066, -32.22566627901795], [-58.13270700315567, -32.2258645261953]]}, "properties": {"source": "Unifilar.dxf", "layer": "ELECTRICA ENERSA", "entity": "LINE"}}, {"type": "Feature", "geometry": {"type": "LineString", "coordinates": [[-58.141183738870645, -32.2382581612381], [-58.141758581856564, -32.238304194089885]]}, "properties": {"source": "Unifilar.dxf", "layer": "ELECTRICA ENERSA", "entity": "LINE"}}, {"type": "Feature", "geometry": {"type": "LineString", "coordinates": [[-58.13260043893176, -32.22586165570721], [-58.13270700315567, -32.2258645261953]]}, "properties": {"source": "Unifilar.dxf", "layer": "ELECTRICA ENERSA", "entity": "LINE"}}, {"type": "Feature", "geometry": {"type": "LineString", "coordinates": [[-58.13270700315567, -32.2258645261953], [-58.132696298137496, -32.22616292719877]]}, "properties": {"source": "Unifilar.dxf", "layer": "ELECTRICA ENERSA", "entity": "LINE"}}, {"type": "Feature", "geometry": {"type": "LineString", "coordinates": [[-58.1346044936092, -32.228600108923175], [-58.1345993206492, -32.22864819278528]]}, "properties": {"source": "Unifilar.dxf", "layer": "ELECTRICA ENERSA", "entity": "LINE"}}, {"type": "Feature", "geometry": {"type": "LineString", "coordinates": [[-58.13623053785266, -32.23087730095281], [-58.13594781652654, -32.230857556160586]]}, "properties": {"source": "Unifilar.dxf", "layer": "ELECTRICA ENERSA", "entity": "LINE"}}, {"type": "Feature", "geometry": {"type": "LineString", "coordinates": [[-58.138414204795254, -32.23392300506951], [-58.13840413258094, -32.233921408680764]]}, "properties": {"source": "Unifilar.dxf", "layer": "ELECTRICA ENERSA", "entity": "LINE"}}, {"type": "Feature", "geometry": {"type": "LineString", "coordinates": [[-58.1344316406234, -32.22864069334574], [-58.1345993206492, -32.22864819278528]]}, "properties": {"source": "Unifilar.dxf", "layer": "ELECTRICA ENERSA", "entity": "LINE"}}, {"type": "Feature", "geometry": {"type": "LineString", "coordinates": [[-58.134577701554974, -32.22909427201134], [-58.1345993206492, -32.22864819278528]]}, "properties": {"source": "Unifilar.dxf", "layer": "ELECTRICA ENERSA", "entity": "LINE"}}, {"type": "Feature", "geometry": {"type": "LineString", "coordinates": [[-58.13932370288251, -32.235681932352826], [-58.1393704853766, -32.23525538367113]]}, "properties": {"source": "Unifilar.dxf", "layer": "ELECTRICA ENERSA", "entity": "LINE"}}, {"type": "Feature", "geometry": {"type": "LineString", "coordinates": [[-58.13840413258094, -32.233921408680764], [-58.137872055358386, -32.233891058753336]]}, "properties": {"source": "Unifilar.dxf", "layer": "ELECTRICA ENERSA", "entity": "LINE"}}, {"type": "Feature", "geometry": {"type": "LineString", "coordinates": [[-58.136744559468546, -32.23212553606161], [-58.136771411658465, -32.231677882028286]]}, "properties": {"source": "Unifilar.dxf", "layer": "ELECTRICA ENERSA", "entity": "LINE"}}, {"type": "Feature", "geometry": {"type": "LineString", "coordinates": [[-58.13147124717074, -32.22443461806915], [-58.131523960904204, -32.2244364434105]]}, "properties": {"source": "Unifilar.dxf", "layer": "ELECTRICA ENERSA", "entity": "LINE"}}, {"type": "Feature", "geometry": {"type": "LineString", "coordinates": [[-58.13594850327945, -32.23081267148163], [-58.13609719713792, -32.23078508966331]]}, "properties": {"source": "Unifilar.dxf", "layer": "ELECTRICA ENERSA", "entity": "LINE"}}, {"type": "Feature", "geometry": {"type": "LineString", "coordinates": [[-58.13107498381558, -32.224417045994585], [-58.13147124717074, -32.22443461806915]]}, "properties": {"source": "Unifilar.dxf", "layer": "ELECTRICA ENERSA", "entity": "LINE"}}, {"type": "Feature", "geometry": {"type": "LineString", "coordinates": [[-58.132696298137496, -32.22616292719877], [-58.132686560209955, -32.226327508924925]]}, "properties": {"source": "Unifilar.dxf", "layer": "ELECTRICA ENERSA", "entity": "LINE"}}, {"type": "Feature", "geometry": {"type": "LineString", "coordinates": [[-58.134413891166766, -32.228640228578456], [-58.13401395573107, -32.2286275616068]]}, "properties": {"source": "Unifilar.dxf", "layer": "ELECTRICA ENERSA", "entity": "LINE"}}, {"type": "Feature", "geometry": {"type": "LineString", "coordinates": [[-58.131430776896806, -32.22520720141787], [-58.13146106504518, -32.22459506171903]]}, "properties": {"source": "Unifilar.dxf", "layer": "ELECTRICA ENERSA", "entity": "LINE"}}, {"type": "Feature", "geometry": {"type": "LineString", "coordinates": [[-58.135947661262705, -32.230833244673626], [-58.13594850327945, -32.23081267148163]]}, "properties": {"source": "Unifilar.dxf", "layer": "ELECTRICA ENERSA", "entity": "LINE"}}, {"type": "Feature", "geometry": {"type": "LineString", "coordinates": [[-58.1359483932132, -32.230846010100926], [-58.135947661262705, -32.230833244673626]]}, "properties": {"source": "Unifilar.dxf", "layer": "ELECTRICA ENERSA", "entity": "LINE"}}, {"type": "Feature", "geometry": {"type": "LineString", "coordinates": [[-58.132686560209955, -32.226327508924925], [-58.13263446476645, -32.2270751946827]]}, "properties": {"source": "Unifilar.dxf", "layer": "ELECTRICA ENERSA", "entity": "LINE"}}, {"type": "Feature", "geometry": {"type": "LineString", "coordinates": [[-58.13594781652654, -32.230857556160586], [-58.1359483932132, -32.230846010100926]]}, "properties": {"source": "Unifilar.dxf", "layer": "ELECTRICA ENERSA", "entity": "LINE"}}, {"type": "Feature", "geometry": {"type": "LineString", "coordinates": [[-58.1353502618333, -32.23083239902668], [-58.13594781652654, -32.230857556160586]]}, "properties": {"source": "Unifilar.dxf", "layer": "ELECTRICA ENERSA", "entity": "LINE"}}, {"type": "Feature", "geometry": {"type": "LineString", "coordinates": [[-58.13455607290221, -32.2296202547647], [-58.134577701554974, -32.22909427201134]]}, "properties": {"source": "Unifilar.dxf", "layer": "ELECTRICA ENERSA", "entity": "LINE"}}, {"type": "Feature", "geometry": {"type": "LineString", "coordinates": [[-58.139300135223905, -32.2359807529172], [-58.13932370288251, -32.235681932352826]]}, "properties": {"source": "Unifilar.dxf", "layer": "ELECTRICA ENERSA", "entity": "LINE"}}, {"type": "Feature", "geometry": {"type": "LineString", "coordinates": [[-58.14118272104128, -32.238284069784086], [-58.141183738870645, -32.2382581612381]]}, "properties": {"source": "Unifilar.dxf", "layer": "ELECTRICA ENERSA", "entity": "LINE"}}, {"type": "Feature", "geometry": {"type": "LineString", "coordinates": [[-58.14113621262548, -32.238255429538064], [-58.141183738870645, -32.2382581612381]]}, "properties": {"source": "Unifilar.dxf", "layer": "ELECTRICA ENERSA", "entity": "LINE"}}, {"type": "Feature", "geometry": {"type": "LineString", "coordinates": [[-58.136748773911776, -32.23213136658725], [-58.136744559468546, -32.23212553606161]]}, "properties": {"source": "Unifilar.dxf", "layer": "ELECTRICA ENERSA", "entity": "LINE"}}, {"type": "Feature", "geometry": {"type": "LineString", "coordinates": [[-58.13672618386268, -32.232582564278374], [-58.136744559468546, -32.23212553606161]]}, "properties": {"source": "Unifilar.dxf", "layer": "ELECTRICA ENERSA", "entity": "LINE"}}, {"type": "Feature", "geometry": {"type": "LineString", "coordinates": [[-58.13795492175745, -32.23387112947107], [-58.137953384457184, -32.2338966229033]]}, "properties": {"source": "Unifilar.dxf", "layer": "ELECTRICA ENERSA", "entity": "LINE"}}, {"type": "Feature", "geometry": {"type": "LineString", "coordinates": [[-58.137872055358386, -32.233891058753336], [-58.137953384457184, -32.2338966229033]]}, "properties": {"source": "Unifilar.dxf", "layer": "ELECTRICA ENERSA", "entity": "LINE"}}, {"type": "Feature", "geometry": {"type": "LineString", "coordinates": [[-58.137947780651174, -32.23402049817366], [-58.137953384457184, -32.2338966229033]]}, "properties": {"source": "Unifilar.dxf", "layer": "ELECTRICA ENERSA", "entity": "LINE"}}, {"type": "Feature", "geometry": {"type": "LineString", "coordinates": [[-58.137953384457184, -32.2338966229033], [-58.13741090843448, -32.23386716296802]]}, "properties": {"source": "Unifilar.dxf", "layer": "ELECTRICA ENERSA", "entity": "LINE"}}, {"type": "Feature", "geometry": {"type": "LineString", "coordinates": [[-58.13065901998362, -32.22440041887823], [-58.13107498381558, -32.224417045994585]]}, "properties": {"source": "Unifilar.dxf", "layer": "ELECTRICA ENERSA", "entity": "LINE"}}, {"type": "Feature", "geometry": {"type": "LineString", "coordinates": [[-58.13794315173012, -32.23429675254015], [-58.137947780651174, -32.23402049817366]]}, "properties": {"source": "Unifilar.dxf", "layer": "ELECTRICA ENERSA", "entity": "LINE"}}, {"type": "Feature", "geometry": {"type": "LineString", "coordinates": [[-58.13399591984027, -32.22858733327614], [-58.13399452487339, -32.228588341591525]]}, "properties": {"source": "Unifilar.dxf", "layer": "ELECTRICA ENERSA", "entity": "LINE"}}, {"type": "Feature", "geometry": {"type": "LineString", "coordinates": [[-58.13401395573107, -32.2286275616068], [-58.13399591984027, -32.22858733327614]]}, "properties": {"source": "Unifilar.dxf", "layer": "ELECTRICA ENERSA", "entity": "LINE"}}, {"type": "Feature", "geometry": {"type": "LineString", "coordinates": [[-58.13399452487339, -32.228588341591525], [-58.133992081219105, -32.22858789908687]]}, "properties": {"source": "Unifilar.dxf", "layer": "ELECTRICA ENERSA", "entity": "LINE"}}, {"type": "Feature", "geometry": {"type": "LineString", "coordinates": [[-58.133992081219105, -32.22858789908687], [-58.13393997197503, -32.228583386489305]]}, "properties": {"source": "Unifilar.dxf", "layer": "ELECTRICA ENERSA", "entity": "LINE"}}, {"type": "Feature", "geometry": {"type": "LineString", "coordinates": [[-58.13345305312321, -32.22859141480484], [-58.13401395573107, -32.2286275616068]]}, "properties": {"source": "Unifilar.dxf", "layer": "ELECTRICA ENERSA", "entity": "LINE"}}, {"type": "Feature", "geometry": {"type": "LineString", "coordinates": [[-58.139275618718855, -32.23650215508964], [-58.139300135223905, -32.2359807529172]]}, "properties": {"source": "Unifilar.dxf", "layer": "ELECTRICA ENERSA", "entity": "LINE"}}, {"type": "Feature", "geometry": {"type": "LineString", "coordinates": [[-58.131406332520164, -32.22560647539482], [-58.131430776896806, -32.22520720141787]]}, "properties": {"source": "Unifilar.dxf", "layer": "ELECTRICA ENERSA", "entity": "LINE"}}, {"type": "Feature", "geometry": {"type": "LineString", "coordinates": [[-58.136696985937, -32.23303637301874], [-58.13672618386268, -32.232582564278374]]}, "properties": {"source": "Unifilar.dxf", "layer": "ELECTRICA ENERSA", "entity": "LINE"}}, {"type": "Feature", "geometry": {"type": "LineString", "coordinates": [[-58.13791450382807, -32.234858859199015], [-58.13794315173012, -32.23429675254015]]}, "properties": {"source": "Unifilar.dxf", "layer": "ELECTRICA ENERSA", "entity": "LINE"}}, {"type": "Feature", "geometry": {"type": "LineString", "coordinates": [[-58.13451326113734, -32.23027912356623], [-58.13455607290221, -32.2296202547647]]}, "properties": {"source": "Unifilar.dxf", "layer": "ELECTRICA ENERSA", "entity": "LINE"}}, {"type": "Feature", "geometry": {"type": "LineString", "coordinates": [[-58.134944964363775, -32.23080585213536], [-58.1353502618333, -32.23083239902668]]}, "properties": {"source": "Unifilar.dxf", "layer": "ELECTRICA ENERSA", "entity": "LINE"}}, {"type": "Feature", "geometry": {"type": "LineString", "coordinates": [[-58.13263446476645, -32.2270751946827], [-58.1325989377163, -32.22764894278072]]}, "properties": {"source": "Unifilar.dxf", "layer": "ELECTRICA ENERSA", "entity": "LINE"}}, {"type": "Feature", "geometry": {"type": "LineString", "coordinates": [[-58.13012425099199, -32.22437868313386], [-58.13065901998362, -32.22440041887823]]}, "properties": {"source": "Unifilar.dxf", "layer": "ELECTRICA ENERSA", "entity": "LINE"}}, {"type": "Feature", "geometry": {"type": "LineString", "coordinates": [[-58.13741090843448, -32.23386716296802], [-58.13673246884045, -32.233840579760404]]}, "properties": {"source": "Unifilar.dxf", "layer": "ELECTRICA ENERSA", "entity": "LINE"}}, {"type": "Feature", "geometry": {"type": "LineString", "coordinates": [[-58.13922719289691, -32.236938768433866], [-58.139275618718855, -32.23650215508964]]}, "properties": {"source": "Unifilar.dxf", "layer": "ELECTRICA ENERSA", "entity": "LINE"}}, {"type": "Feature", "geometry": {"type": "LineString", "coordinates": [[-58.136670488890815, -32.23349039478071], [-58.136696985937, -32.23303637301874]]}, "properties": {"source": "Unifilar.dxf", "layer": "ELECTRICA ENERSA", "entity": "LINE"}}, {"type": "Feature", "geometry": {"type": "LineString", "coordinates": [[-58.13298911626555, -32.2285695356503], [-58.13345305312321, -32.22859141480484]]}, "properties": {"source": "Unifilar.dxf", "layer": "ELECTRICA ENERSA", "entity": "LINE"}}, {"type": "Feature", "geometry": {"type": "LineString", "coordinates": [[-58.137913956684, -32.23487926073049], [-58.13791450382807, -32.234858859199015]]}, "properties": {"source": "Unifilar.dxf", "layer": "ELECTRICA ENERSA", "entity": "LINE"}}, {"type": "Feature", "geometry": {"type": "LineString", "coordinates": [[-58.137913015764056, -32.23489323534851], [-58.137913956684, -32.23487926073049]]}, "properties": {"source": "Unifilar.dxf", "layer": "ELECTRICA ENERSA", "entity": "LINE"}}, {"type": "Feature", "geometry": {"type": "LineString", "coordinates": [[-58.13788892684487, -32.23545871672921], [-58.137913015764056, -32.23489323534851]]}, "properties": {"source": "Unifilar.dxf", "layer": "ELECTRICA ENERSA", "entity": "LINE"}}, {"type": "Feature", "geometry": {"type": "LineString", "coordinates": [[-58.134555233631055, -32.23077909741651], [-58.134944964363775, -32.23080585213536]]}, "properties": {"source": "Unifilar.dxf", "layer": "ELECTRICA ENERSA", "entity": "LINE"}}, {"type": "Feature", "geometry": {"type": "LineString", "coordinates": [[-58.13003898693629, -32.22445276370306], [-58.13003499358795, -32.2245319749991]]}, "properties": {"source": "Unifilar.dxf", "layer": "ELECTRICA ENERSA", "entity": "LINE"}}, {"type": "Feature", "geometry": {"type": "LineString", "coordinates": [[-58.13448960346313, -32.230651280342144], [-58.13451326113734, -32.23027912356623]]}, "properties": {"source": "Unifilar.dxf", "layer": "ELECTRICA ENERSA", "entity": "LINE"}}, {"type": "Feature", "geometry": {"type": "LineString", "coordinates": [[-58.1325976379434, -32.22765655027718], [-58.13255880425351, -32.228161668701155]]}, "properties": {"source": "Unifilar.dxf", "layer": "ELECTRICA ENERSA", "entity": "LINE"}}, {"type": "Feature", "geometry": {"type": "LineString", "coordinates": [[-58.130107991696214, -32.22438380923226], [-58.13012425099199, -32.22437868313386]]}, "properties": {"source": "Unifilar.dxf", "layer": "ELECTRICA ENERSA", "entity": "LINE"}}, {"type": "Feature", "geometry": {"type": "LineString", "coordinates": [[-58.1300959000858, -32.224385880829104], [-58.130107991696214, -32.22438380923226]]}, "properties": {"source": "Unifilar.dxf", "layer": "ELECTRICA ENERSA", "entity": "LINE"}}, {"type": "Feature", "geometry": {"type": "LineString", "coordinates": [[-58.13006789618986, -32.22438673940613], [-58.1300959000858, -32.224385880829104]]}, "properties": {"source": "Unifilar.dxf", "layer": "ELECTRICA ENERSA", "entity": "LINE"}}, {"type": "Feature", "geometry": {"type": "LineString", "coordinates": [[-58.13667058506947, -32.23349699532405], [-58.136670488890815, -32.23349039478071]]}, "properties": {"source": "Unifilar.dxf", "layer": "ELECTRICA ENERSA", "entity": "LINE"}}, {"type": "Feature", "geometry": {"type": "LineString", "coordinates": [[-58.13665567978603, -32.233838358392916], [-58.13667058506947, -32.23349699532405]]}, "properties": {"source": "Unifilar.dxf", "layer": "ELECTRICA ENERSA", "entity": "LINE"}}, {"type": "Feature", "geometry": {"type": "LineString", "coordinates": [[-58.130022725587985, -32.22452087907742], [-58.13002424236448, -32.22448643804149]]}, "properties": {"source": "Unifilar.dxf", "layer": "ELECTRICA ENERSA", "entity": "LINE"}}, {"type": "Feature", "geometry": {"type": "LineString", "coordinates": [[-58.13253104039586, -32.22854342107063], [-58.13298911626555, -32.2285695356503]]}, "properties": {"source": "Unifilar.dxf", "layer": "ELECTRICA ENERSA", "entity": "LINE"}}, {"type": "Feature", "geometry": {"type": "LineString", "coordinates": [[-58.13445685147448, -32.23126294960974], [-58.13448960346313, -32.230651280342144]]}, "properties": {"source": "Unifilar.dxf", "layer": "ELECTRICA ENERSA", "entity": "LINE"}}, {"type": "Feature", "geometry": {"type": "LineString", "coordinates": [[-58.134106635827564, -32.230766095389306], [-58.134555233631055, -32.23077909741651]]}, "properties": {"source": "Unifilar.dxf", "layer": "ELECTRICA ENERSA", "entity": "LINE"}}, {"type": "Feature", "geometry": {"type": "LineString", "coordinates": [[-58.13003499358795, -32.2245319749991], [-58.13003442650405, -32.22455234894456]]}, "properties": {"source": "Unifilar.dxf", "layer": "ELECTRICA ENERSA", "entity": "LINE"}}, {"type": "Feature", "geometry": {"type": "LineString", "coordinates": [[-58.13000900806153, -32.22452123085063], [-58.130022725587985, -32.22452087907742]]}, "properties": {"source": "Unifilar.dxf", "layer": "ELECTRICA ENERSA", "entity": "LINE"}}, {"type": "Feature", "geometry": {"type": "LineString", "coordinates": [[-58.13003442650405, -32.22455234894456], [-58.13001777367857, -32.22455104847007]]}, "properties": {"source": "Unifilar.dxf", "layer": "ELECTRICA ENERSA", "entity": "LINE"}}, {"type": "Feature", "geometry": {"type": "LineString", "coordinates": [[-58.13003358399496, -32.22457292145542], [-58.13003442650405, -32.22455234894456]]}, "properties": {"source": "Unifilar.dxf", "layer": "ELECTRICA ENERSA", "entity": "LINE"}}, {"type": "Feature", "geometry": {"type": "LineString", "coordinates": [[-58.13673246884045, -32.233840579760404], [-58.13671853460209, -32.23383952254404]]}, "properties": {"source": "Unifilar.dxf", "layer": "ELECTRICA ENERSA", "entity": "LINE"}}, {"type": "Feature", "geometry": {"type": "LineString", "coordinates": [[-58.13001777367857, -32.22455104847007], [-58.130005254839254, -32.22454901120547]]}, "properties": {"source": "Unifilar.dxf", "layer": "ELECTRICA ENERSA", "entity": "LINE"}}, {"type": "Feature", "geometry": {"type": "LineString", "coordinates": [[-58.13003184274859, -32.22457638890625], [-58.130016880255006, -32.224573909136986]]}, "properties": {"source": "Unifilar.dxf", "layer": "ELECTRICA ENERSA", "entity": "LINE"}}, {"type": "Feature", "geometry": {"type": "LineString", "coordinates": [[-58.12999628590969, -32.22514128119189], [-58.13003184274859, -32.22457638890625]]}, "properties": {"source": "Unifilar.dxf", "layer": "ELECTRICA ENERSA", "entity": "LINE"}}, {"type": "Feature", "geometry": {"type": "LineString", "coordinates": [[-58.130005254839254, -32.22454901120547], [-58.129996897444094, -32.224548889641596]]}, "properties": {"source": "Unifilar.dxf", "layer": "ELECTRICA ENERSA", "entity": "LINE"}}, {"type": "Feature", "geometry": {"type": "LineString", "coordinates": [[-58.13787024937438, -32.23588712175287], [-58.13788892684487, -32.23545871672921]]}, "properties": {"source": "Unifilar.dxf", "layer": "ELECTRICA ENERSA", "entity": "LINE"}}, {"type": "Feature", "geometry": {"type": "LineString", "coordinates": [[-58.13671853460209, -32.23383952254404], [-58.13670462376661, -32.23383849196603]]}, "properties": {"source": "Unifilar.dxf", "layer": "ELECTRICA ENERSA", "entity": "LINE"}}, {"type": "Feature", "geometry": {"type": "LineString", "coordinates": [[-58.130016880255006, -32.224573909136986], [-58.130003014638746, -32.22457059400109]]}, "properties": {"source": "Unifilar.dxf", "layer": "ELECTRICA ENERSA", "entity": "LINE"}}, {"type": "Feature", "geometry": {"type": "LineString", "coordinates": [[-58.13670462376661, -32.23383849196603], [-58.13665567978603, -32.233838358392916]]}, "properties": {"source": "Unifilar.dxf", "layer": "ELECTRICA ENERSA", "entity": "LINE"}}, {"type": "Feature", "geometry": {"type": "LineString", "coordinates": [[-58.130003014638746, -32.22457059400109], [-58.129987737261686, -32.22456981009193]]}, "properties": {"source": "Unifilar.dxf", "layer": "ELECTRICA ENERSA", "entity": "LINE"}}, {"type": "Feature", "geometry": {"type": "LineString", "coordinates": [[-58.13255880425351, -32.228161668701155], [-58.13253104039586, -32.22854342107063]]}, "properties": {"source": "Unifilar.dxf", "layer": "ELECTRICA ENERSA", "entity": "LINE"}}, {"type": "Feature", "geometry": {"type": "LineString", "coordinates": [[-58.136649795351914, -32.23396243650797], [-58.13665567978603, -32.233838358392916]]}, "properties": {"source": "Unifilar.dxf", "layer": "ELECTRICA ENERSA", "entity": "LINE"}}, {"type": "Feature", "geometry": {"type": "LineString", "coordinates": [[-58.13643661360239, -32.23383028491901], [-58.13665567978603, -32.233838358392916]]}, "properties": {"source": "Unifilar.dxf", "layer": "ELECTRICA ENERSA", "entity": "LINE"}}, {"type": "Feature", "geometry": {"type": "LineString", "coordinates": [[-58.136423750469625, -32.23383070379877], [-58.13643661360239, -32.23383028491901]]}, "properties": {"source": "Unifilar.dxf", "layer": "ELECTRICA ENERSA", "entity": "LINE"}}, {"type": "Feature", "geometry": {"type": "LineString", "coordinates": [[-58.13266459943664, -32.22861771986005], [-58.13252773663568, -32.22860349084656]]}, "properties": {"source": "Unifilar.dxf", "layer": "ELECTRICA ENERSA", "entity": "LINE"}}, {"type": "Feature", "geometry": {"type": "LineString", "coordinates": [[-58.13640711535177, -32.23382943356081], [-58.13587154578755, -32.23379719030867]]}, "properties": {"source": "Unifilar.dxf", "layer": "ELECTRICA ENERSA", "entity": "LINE"}}, {"type": "Feature", "geometry": {"type": "LineString", "coordinates": [[-58.137839737788205, -32.236388477152325], [-58.13787024937438, -32.23588712175287]]}, "properties": {"source": "Unifilar.dxf", "layer": "ELECTRICA ENERSA", "entity": "LINE"}}, {"type": "Feature", "geometry": {"type": "LineString", "coordinates": [[-58.13248206687269, -32.22853443202571], [-58.13253104039586, -32.22854342107063]]}, "properties": {"source": "Unifilar.dxf", "layer": "ELECTRICA ENERSA", "entity": "LINE"}}, {"type": "Feature", "geometry": {"type": "LineString", "coordinates": [[-58.13252773663568, -32.22860349084656], [-58.13253104039586, -32.22854342107063]]}, "properties": {"source": "Unifilar.dxf", "layer": "ELECTRICA ENERSA", "entity": "LINE"}}, {"type": "Feature", "geometry": {"type": "LineString", "coordinates": [[-58.13385283780527, -32.23075874468332], [-58.134106635827564, -32.230766095389306]]}, "properties": {"source": "Unifilar.dxf", "layer": "ELECTRICA ENERSA", "entity": "LINE"}}, {"type": "Feature", "geometry": {"type": "LineString", "coordinates": [[-58.13443791001556, -32.23174035347481], [-58.13445685147448, -32.23126294960974]]}, "properties": {"source": "Unifilar.dxf", "layer": "ELECTRICA ENERSA", "entity": "LINE"}}, {"type": "Feature", "geometry": {"type": "LineString", "coordinates": [[-58.13252572992386, -32.22865595509539], [-58.13252773663568, -32.22860349084656]]}, "properties": {"source": "Unifilar.dxf", "layer": "ELECTRICA ENERSA", "entity": "LINE"}}, {"type": "Feature", "geometry": {"type": "LineString", "coordinates": [[-58.13227827618868, -32.22857745898506], [-58.13252773663568, -32.22860349084656]]}, "properties": {"source": "Unifilar.dxf", "layer": "ELECTRICA ENERSA", "entity": "LINE"}}, {"type": "Feature", "geometry": {"type": "LineString", "coordinates": [[-58.129970842574245, -32.225547987747184], [-58.12999628590969, -32.22514128119189]]}, "properties": {"source": "Unifilar.dxf", "layer": "ELECTRICA ENERSA", "entity": "LINE"}}, {"type": "Feature", "geometry": {"type": "LineString", "coordinates": [[-58.131951277139954, -32.22857638009849], [-58.13227827618868, -32.22857745898506]]}, "properties": {"source": "Unifilar.dxf", "layer": "ELECTRICA ENERSA", "entity": "LINE"}}, {"type": "Feature", "geometry": {"type": "LineString", "coordinates": [[-58.13338438519793, -32.230731209240126], [-58.13385283780527, -32.23075874468332]]}, "properties": {"source": "Unifilar.dxf", "layer": "ELECTRICA ENERSA", "entity": "LINE"}}, {"type": "Feature", "geometry": {"type": "LineString", "coordinates": [[-58.13780011477993, -32.2367144497965], [-58.137839737788205, -32.236388477152325]]}, "properties": {"source": "Unifilar.dxf", "layer": "ELECTRICA ENERSA", "entity": "LINE"}}, {"type": "Feature", "geometry": {"type": "LineString", "coordinates": [[-58.12994550749859, -32.225970120421685], [-58.129970842574245, -32.225547987747184]]}, "properties": {"source": "Unifilar.dxf", "layer": "ELECTRICA ENERSA", "entity": "LINE"}}, {"type": "Feature", "geometry": {"type": "LineString", "coordinates": [[-58.13440891505131, -32.232216186834314], [-58.13443791001556, -32.23174035347481]]}, "properties": {"source": "Unifilar.dxf", "layer": "ELECTRICA ENERSA", "entity": "LINE"}}, {"type": "Feature", "geometry": {"type": "LineString", "coordinates": [[-58.13802057593045, -32.236721514955015], [-58.13780011477993, -32.2367144497965]]}, "properties": {"source": "Unifilar.dxf", "layer": "ELECTRICA ENERSA", "entity": "LINE"}}, {"type": "Feature", "geometry": {"type": "LineString", "coordinates": [[-58.13857038269181, -32.23809917423428], [-58.13900094033657, -32.238125251187284]]}, "properties": {"source": "Unifilar.dxf", "layer": "ELECTRICA ENERSA", "entity": "LINE"}}, {"type": "Feature", "geometry": {"type": "LineString", "coordinates": [[-58.13587154578755, -32.23379719030867], [-58.13538122719886, -32.23376995678426]]}, "properties": {"source": "Unifilar.dxf", "layer": "ELECTRICA ENERSA", "entity": "LINE"}}, {"type": "Feature", "geometry": {"type": "LineString", "coordinates": [[-58.13148065214985, -32.22853937176071], [-58.131951277139954, -32.22857638009849]]}, "properties": {"source": "Unifilar.dxf", "layer": "ELECTRICA ENERSA", "entity": "LINE"}}, {"type": "Feature", "geometry": {"type": "LineString", "coordinates": [[-58.13778045409583, -32.23686178021279], [-58.13780011477993, -32.2367144497965]]}, "properties": {"source": "Unifilar.dxf", "layer": "ELECTRICA ENERSA", "entity": "LINE"}}, {"type": "Feature", "geometry": {"type": "LineString", "coordinates": [[-58.137628249361136, -32.236709974621995], [-58.13780011477993, -32.2367144497965]]}, "properties": {"source": "Unifilar.dxf", "layer": "ELECTRICA ENERSA", "entity": "LINE"}}, {"type": "Feature", "geometry": {"type": "LineString", "coordinates": [[-58.12991778486149, -32.22646945782809], [-58.12994550749859, -32.225970120421685]]}, "properties": {"source": "Unifilar.dxf", "layer": "ELECTRICA ENERSA", "entity": "LINE"}}, {"type": "Feature", "geometry": {"type": "LineString", "coordinates": [[-58.13309500528196, -32.23070519073647], [-58.13338438519793, -32.230731209240126]]}, "properties": {"source": "Unifilar.dxf", "layer": "ELECTRICA ENERSA", "entity": "LINE"}}, {"type": "Feature", "geometry": {"type": "LineString", "coordinates": [[-58.137742312964924, -32.23736198036589], [-58.13778045409583, -32.23686178021279]]}, "properties": {"source": "Unifilar.dxf", "layer": "ELECTRICA ENERSA", "entity": "LINE"}}, {"type": "Feature", "geometry": {"type": "LineString", "coordinates": [[-58.13436967172936, -32.232677256627106], [-58.13440891505131, -32.232216186834314]]}, "properties": {"source": "Unifilar.dxf", "layer": "ELECTRICA ENERSA", "entity": "LINE"}}, {"type": "Feature", "geometry": {"type": "LineString", "coordinates": [[-58.13726769029321, -32.23668655764224], [-58.137628249361136, -32.236709974621995]]}, "properties": {"source": "Unifilar.dxf", "layer": "ELECTRICA ENERSA", "entity": "LINE"}}, {"type": "Feature", "geometry": {"type": "LineString", "coordinates": [[-58.138422789640494, -32.23809191000082], [-58.13857038269181, -32.23809917423428]]}, "properties": {"source": "Unifilar.dxf", "layer": "ELECTRICA ENERSA", "entity": "LINE"}}, {"type": "Feature", "geometry": {"type": "LineString", "coordinates": [[-58.13310275891589, -32.23059309853524], [-58.13309500528196, -32.23070519073647]]}, "properties": {"source": "Unifilar.dxf", "layer": "ELECTRICA ENERSA", "entity": "LINE"}}, {"type": "Feature", "geometry": {"type": "LineString", "coordinates": [[-58.13538122719886, -32.23376995678426], [-58.134946442312334, -32.233751388123366]]}, "properties": {"source": "Unifilar.dxf", "layer": "ELECTRICA ENERSA", "entity": "LINE"}}, {"type": "Feature", "geometry": {"type": "LineString", "coordinates": [[-58.13318255359399, -32.23075285556742], [-58.13309220047592, -32.23074714516761]]}, "properties": {"source": "Unifilar.dxf", "layer": "ELECTRICA ENERSA", "entity": "LINE"}}, {"type": "Feature", "geometry": {"type": "LineString", "coordinates": [[-58.13309220047592, -32.23074714516761], [-58.13309500528196, -32.23070519073647]]}, "properties": {"source": "Unifilar.dxf", "layer": "ELECTRICA ENERSA", "entity": "LINE"}}, {"type": "Feature", "geometry": {"type": "LineString", "coordinates": [[-58.13287294521845, -32.23067710791194], [-58.13309500528196, -32.23070519073647]]}, "properties": {"source": "Unifilar.dxf", "layer": "ELECTRICA ENERSA", "entity": "LINE"}}, {"type": "Feature", "geometry": {"type": "LineString", "coordinates": [[-58.13308312893667, -32.231026653282186], [-58.13309220047592, -32.23074714516761]]}, "properties": {"source": "Unifilar.dxf", "layer": "ELECTRICA ENERSA", "entity": "LINE"}}, {"type": "Feature", "geometry": {"type": "LineString", "coordinates": [[-58.13275748801024, -32.23072951291611], [-58.13309220047592, -32.23074714516761]]}, "properties": {"source": "Unifilar.dxf", "layer": "ELECTRICA ENERSA", "entity": "LINE"}}, {"type": "Feature", "geometry": {"type": "LineString", "coordinates": [[-58.131468136281256, -32.22853733286731], [-58.13148065214985, -32.22853937176071]]}, "properties": {"source": "Unifilar.dxf", "layer": "ELECTRICA ENERSA", "entity": "LINE"}}, {"type": "Feature", "geometry": {"type": "LineString", "coordinates": [[-58.131460507228866, -32.228536178302086], [-58.131468136281256, -32.22853733286731]]}, "properties": {"source": "Unifilar.dxf", "layer": "ELECTRICA ENERSA", "entity": "LINE"}}, {"type": "Feature", "geometry": {"type": "LineString", "coordinates": [[-58.13115415527214, -32.228520176241126], [-58.131460507228866, -32.228536178302086]]}, "properties": {"source": "Unifilar.dxf", "layer": "ELECTRICA ENERSA", "entity": "LINE"}}, {"type": "Feature", "geometry": {"type": "LineString", "coordinates": [[-58.12988939438662, -32.22694260393137], [-58.12991778486149, -32.22646945782809]]}, "properties": {"source": "Unifilar.dxf", "layer": "ELECTRICA ENERSA", "entity": "LINE"}}, {"type": "Feature", "geometry": {"type": "LineString", "coordinates": [[-58.13684823461192, -32.23666803788232], [-58.13726769029321, -32.23668655764224]]}, "properties": {"source": "Unifilar.dxf", "layer": "ELECTRICA ENERSA", "entity": "LINE"}}, {"type": "Feature", "geometry": {"type": "LineString", "coordinates": [[-58.13433799459879, -32.23317053205545], [-58.13436967172936, -32.232677256627106]]}, "properties": {"source": "Unifilar.dxf", "layer": "ELECTRICA ENERSA", "entity": "LINE"}}, {"type": "Feature", "geometry": {"type": "LineString", "coordinates": [[-58.13773878894414, -32.23757306062149], [-58.137742312964924, -32.23736198036589]]}, "properties": {"source": "Unifilar.dxf", "layer": "ELECTRICA ENERSA", "entity": "LINE"}}, {"type": "Feature", "geometry": {"type": "LineString", "coordinates": [[-58.13305663238282, -32.231480675725294], [-58.13308312893667, -32.231026653282186]]}, "properties": {"source": "Unifilar.dxf", "layer": "ELECTRICA ENERSA", "entity": "LINE"}}, {"type": "Feature", "geometry": {"type": "LineString", "coordinates": [[-58.13115053160512, -32.228374129420665], [-58.13115415527214, -32.228520176241126]]}, "properties": {"source": "Unifilar.dxf", "layer": "ELECTRICA ENERSA", "entity": "LINE"}}, {"type": "Feature", "geometry": {"type": "LineString", "coordinates": [[-58.134954996765025, -32.233649803770454], [-58.134946442312334, -32.233751388123366]]}, "properties": {"source": "Unifilar.dxf", "layer": "ELECTRICA ENERSA", "entity": "LINE"}}, {"type": "Feature", "geometry": {"type": "LineString", "coordinates": [[-58.134946442312334, -32.233751388123366], [-58.134881837385656, -32.23374486455898]]}, "properties": {"source": "Unifilar.dxf", "layer": "ELECTRICA ENERSA", "entity": "LINE"}}, {"type": "Feature", "geometry": {"type": "LineString", "coordinates": [[-58.13492382137974, -32.234076200477794], [-58.134946442312334, -32.233751388123366]]}, "properties": {"source": "Unifilar.dxf", "layer": "ELECTRICA ENERSA", "entity": "LINE"}}, {"type": "Feature", "geometry": {"type": "LineString", "coordinates": [[-58.132382142838274, -32.23071678368562], [-58.13275748801024, -32.23072951291611]]}, "properties": {"source": "Unifilar.dxf", "layer": "ELECTRICA ENERSA", "entity": "LINE"}}, {"type": "Feature", "geometry": {"type": "LineString", "coordinates": [[-58.13108096779967, -32.22851764647254], [-58.13115415527214, -32.228520176241126]]}, "properties": {"source": "Unifilar.dxf", "layer": "ELECTRICA ENERSA", "entity": "LINE"}}, {"type": "Feature", "geometry": {"type": "LineString", "coordinates": [[-58.1311341489785, -32.228947333970574], [-58.13115415527214, -32.228520176241126]]}, "properties": {"source": "Unifilar.dxf", "layer": "ELECTRICA ENERSA", "entity": "LINE"}}, {"type": "Feature", "geometry": {"type": "LineString", "coordinates": [[-58.134881837385656, -32.23374486455898], [-58.134412338815466, -32.233715876326364]]}, "properties": {"source": "Unifilar.dxf", "layer": "ELECTRICA ENERSA", "entity": "LINE"}}, {"type": "Feature", "geometry": {"type": "LineString", "coordinates": [[-58.13107194105586, -32.22851750219208], [-58.13108096779967, -32.22851764647254]]}, "properties": {"source": "Unifilar.dxf", "layer": "ELECTRICA ENERSA", "entity": "LINE"}}, {"type": "Feature", "geometry": {"type": "LineString", "coordinates": [[-58.131060473874655, -32.22851691411872], [-58.13062942207404, -32.228482351558526]]}, "properties": {"source": "Unifilar.dxf", "layer": "ELECTRICA ENERSA", "entity": "LINE"}}, {"type": "Feature", "geometry": {"type": "LineString", "coordinates": [[-58.12985759238412, -32.227460394372514], [-58.12988939438662, -32.22694260393137]]}, "properties": {"source": "Unifilar.dxf", "layer": "ELECTRICA ENERSA", "entity": "LINE"}}, {"type": "Feature", "geometry": {"type": "LineString", "coordinates": [[-58.13431604360501, -32.23357913193546], [-58.13433799459879, -32.23317053205545]]}, "properties": {"source": "Unifilar.dxf", "layer": "ELECTRICA ENERSA", "entity": "LINE"}}, {"type": "Feature", "geometry": {"type": "LineString", "coordinates": [[-58.13638521799586, -32.23663215550204], [-58.13684823461192, -32.23666803788232]]}, "properties": {"source": "Unifilar.dxf", "layer": "ELECTRICA ENERSA", "entity": "LINE"}}, {"type": "Feature", "geometry": {"type": "LineString", "coordinates": [[-58.133028244342114, -32.23186508810554], [-58.13305663238282, -32.231480675725294]]}, "properties": {"source": "Unifilar.dxf", "layer": "ELECTRICA ENERSA", "entity": "LINE"}}, {"type": "Feature", "geometry": {"type": "LineString", "coordinates": [[-58.13489363539471, -32.23457506813409], [-58.13492382137974, -32.234076200477794]]}, "properties": {"source": "Unifilar.dxf", "layer": "ELECTRICA ENERSA", "entity": "LINE"}}, {"type": "Feature", "geometry": {"type": "LineString", "coordinates": [[-58.13110155468785, -32.2294945810021], [-58.1311341489785, -32.228947333970574]]}, "properties": {"source": "Unifilar.dxf", "layer": "ELECTRICA ENERSA", "entity": "LINE"}}, {"type": "Feature", "geometry": {"type": "LineString", "coordinates": [[-58.13240486258387, -32.23073587172532], [-58.13239444087317, -32.230736735760246]]}, "properties": {"source": "Unifilar.dxf", "layer": "ELECTRICA ENERSA", "entity": "LINE"}}, {"type": "Feature", "geometry": {"type": "LineString", "coordinates": [[-58.13235884640743, -32.23167884204975], [-58.13240486258387, -32.23073587172532]]}, "properties": {"source": "Unifilar.dxf", "layer": "ELECTRICA ENERSA", "entity": "LINE"}}, {"type": "Feature", "geometry": {"type": "LineString", "coordinates": [[-58.13190966381101, -32.23071658338733], [-58.132401119649025, -32.23074303739826]]}, "properties": {"source": "Unifilar.dxf", "layer": "ELECTRICA ENERSA", "entity": "LINE"}}, {"type": "Feature", "geometry": {"type": "LineString", "coordinates": [[-58.132401119649025, -32.23074303739826], [-58.132353603462796, -32.231671588630654]]}, "properties": {"source": "Unifilar.dxf", "layer": "ELECTRICA ENERSA", "entity": "LINE"}}, {"type": "Feature", "geometry": {"type": "LineString", "coordinates": [[-58.132380747871395, -32.23071779200101], [-58.132382142838274, -32.23071678368562]]}, "properties": {"source": "Unifilar.dxf", "layer": "ELECTRICA ENERSA", "entity": "LINE"}}, {"type": "Feature", "geometry": {"type": "LineString", "coordinates": [[-58.13237479218179, -32.2307154289262], [-58.132382142838274, -32.23071678368562]]}, "properties": {"source": "Unifilar.dxf", "layer": "ELECTRICA ENERSA", "entity": "LINE"}}, {"type": "Feature", "geometry": {"type": "LineString", "coordinates": [[-58.13239444087317, -32.230736735760246], [-58.132380747871395, -32.23071779200101]]}, "properties": {"source": "Unifilar.dxf", "layer": "ELECTRICA ENERSA", "entity": "LINE"}}, {"type": "Feature", "geometry": {"type": "LineString", "coordinates": [[-58.13236376647405, -32.23071898089848], [-58.132368232002804, -32.23071575310761]]}, "properties": {"source": "Unifilar.dxf", "layer": "ELECTRICA ENERSA", "entity": "LINE"}}, {"type": "Feature", "geometry": {"type": "LineString", "coordinates": [[-58.132368232002804, -32.23071575310761], [-58.13195740334802, -32.23069095397229]]}, "properties": {"source": "Unifilar.dxf", "layer": "ELECTRICA ENERSA", "entity": "LINE"}}, {"type": "Feature", "geometry": {"type": "LineString", "coordinates": [[-58.13234647106436, -32.23073148243383], [-58.13236376647405, -32.23071898089848]]}, "properties": {"source": "Unifilar.dxf", "layer": "ELECTRICA ENERSA", "entity": "LINE"}}, {"type": "Feature", "geometry": {"type": "LineString", "coordinates": [[-58.131886698921335, -32.23070655040654], [-58.13234479546937, -32.230732693593914]]}, "properties": {"source": "Unifilar.dxf", "layer": "ELECTRICA ENERSA", "entity": "LINE"}}, {"type": "Feature", "geometry": {"type": "LineString", "coordinates": [[-58.13431509382082, -32.23358427968939], [-58.13431604360501, -32.23357913193546]]}, "properties": {"source": "Unifilar.dxf", "layer": "ELECTRICA ENERSA", "entity": "LINE"}}, {"type": "Feature", "geometry": {"type": "LineString", "coordinates": [[-58.134412338815466, -32.233715876326364], [-58.1343053500872, -32.23370889500746]]}, "properties": {"source": "Unifilar.dxf", "layer": "ELECTRICA ENERSA", "entity": "LINE"}}, {"type": "Feature", "geometry": {"type": "LineString", "coordinates": [[-58.13062942207404, -32.228482351558526], [-58.13020093672243, -32.22855242056003]]}, "properties": {"source": "Unifilar.dxf", "layer": "ELECTRICA ENERSA", "entity": "LINE"}}, {"type": "Feature", "geometry": {"type": "LineString", "coordinates": [[-58.13431415017632, -32.23359825627677], [-58.13431509382082, -32.23358427968939]]}, "properties": {"source": "Unifilar.dxf", "layer": "ELECTRICA ENERSA", "entity": "LINE"}}, {"type": "Feature", "geometry": {"type": "LineString", "coordinates": [[-58.13431460422326, -32.2336112225794], [-58.13431415017632, -32.23359825627677]]}, "properties": {"source": "Unifilar.dxf", "layer": "ELECTRICA ENERSA", "entity": "LINE"}}, {"type": "Feature", "geometry": {"type": "LineString", "coordinates": [[-58.1343053500872, -32.23370889500746], [-58.13431460422326, -32.2336112225794]]}, "properties": {"source": "Unifilar.dxf", "layer": "ELECTRICA ENERSA", "entity": "LINE"}}, {"type": "Feature", "geometry": {"type": "LineString", "coordinates": [[-58.12982919478487, -32.22792471028007], [-58.12985759238412, -32.227460394372514]]}, "properties": {"source": "Unifilar.dxf", "layer": "ELECTRICA ENERSA", "entity": "LINE"}}, {"type": "Feature", "geometry": {"type": "LineString", "coordinates": [[-58.13302610255246, -32.231893268793996], [-58.133028244342114, -32.23186508810554]]}, "properties": {"source": "Unifilar.dxf", "layer": "ELECTRICA ENERSA", "entity": "LINE"}}, {"type": "Feature", "geometry": {"type": "LineString", "coordinates": [[-58.132984411711995, -32.23222519526989], [-58.13302610255246, -32.231893268793996]]}, "properties": {"source": "Unifilar.dxf", "layer": "ELECTRICA ENERSA", "entity": "LINE"}}, {"type": "Feature", "geometry": {"type": "LineString", "coordinates": [[-58.134283664268494, -32.23397976633579], [-58.1343053500872, -32.23370889500746]]}, "properties": {"source": "Unifilar.dxf", "layer": "ELECTRICA ENERSA", "entity": "LINE"}}, {"type": "Feature", "geometry": {"type": "LineString", "coordinates": [[-58.133902497256635, -32.233682791983064], [-58.1343053500872, -32.23370889500746]]}, "properties": {"source": "Unifilar.dxf", "layer": "ELECTRICA ENERSA", "entity": "LINE"}}, {"type": "Feature", "geometry": {"type": "LineString", "coordinates": [[-58.13600319098986, -32.23664426417753], [-58.13638521799586, -32.23663215550204]]}, "properties": {"source": "Unifilar.dxf", "layer": "ELECTRICA ENERSA", "entity": "LINE"}}, {"type": "Feature", "geometry": {"type": "LineString", "coordinates": [[-58.13485763024739, -32.235007121190655], [-58.13489363539471, -32.23457506813409]]}, "properties": {"source": "Unifilar.dxf", "layer": "ELECTRICA ENERSA", "entity": "LINE"}}, {"type": "Feature", "geometry": {"type": "LineString", "coordinates": [[-58.13107302670098, -32.230032177268036], [-58.13110155468785, -32.2294945810021]]}, "properties": {"source": "Unifilar.dxf", "layer": "ELECTRICA ENERSA", "entity": "LINE"}}, {"type": "Feature", "geometry": {"type": "LineString", "coordinates": [[-58.13195740334802, -32.23069095397229], [-58.13161115434053, -32.230674990545275]]}, "properties": {"source": "Unifilar.dxf", "layer": "ELECTRICA ENERSA", "entity": "LINE"}}, {"type": "Feature", "geometry": {"type": "LineString", "coordinates": [[-58.13190884148793, -32.230737183824765], [-58.13190966381101, -32.23071658338733]]}, "properties": {"source": "Unifilar.dxf", "layer": "ELECTRICA ENERSA", "entity": "LINE"}}, {"type": "Feature", "geometry": {"type": "LineString", "coordinates": [[-58.132963380959815, -32.23261979192416], [-58.132984411711995, -32.23222519526989]]}, "properties": {"source": "Unifilar.dxf", "layer": "ELECTRICA ENERSA", "entity": "LINE"}}, {"type": "Feature", "geometry": {"type": "LineString", "coordinates": [[-58.1318843360811, -32.23075264556444], [-58.131886698921335, -32.23070655040654]]}, "properties": {"source": "Unifilar.dxf", "layer": "ELECTRICA ENERSA", "entity": "LINE"}}, {"type": "Feature", "geometry": {"type": "LineString", "coordinates": [[-58.13190587918585, -32.230754829419446], [-58.13190884148793, -32.230737183824765]]}, "properties": {"source": "Unifilar.dxf", "layer": "ELECTRICA ENERSA", "entity": "LINE"}}, {"type": "Feature", "geometry": {"type": "LineString", "coordinates": [[-58.13190590872844, -32.23076368489126], [-58.13190558263495, -32.23076617195328]]}, "properties": {"source": "Unifilar.dxf", "layer": "ELECTRICA ENERSA", "entity": "LINE"}}, {"type": "Feature", "geometry": {"type": "LineString", "coordinates": [[-58.13190558263495, -32.23076617195328], [-58.13189383482565, -32.230765786724625]]}, "properties": {"source": "Unifilar.dxf", "layer": "ELECTRICA ENERSA", "entity": "LINE"}}, {"type": "Feature", "geometry": {"type": "LineString", "coordinates": [[-58.13189419046172, -32.23077215513441], [-58.13189383482565, -32.230765786724625]]}, "properties": {"source": "Unifilar.dxf", "layer": "ELECTRICA ENERSA", "entity": "LINE"}}, {"type": "Feature", "geometry": {"type": "LineString", "coordinates": [[-58.13189383482565, -32.230765786724625], [-58.13188404002255, -32.23076398877941]]}, "properties": {"source": "Unifilar.dxf", "layer": "ELECTRICA ENERSA", "entity": "LINE"}}, {"type": "Feature", "geometry": {"type": "LineString", "coordinates": [[-58.13188505867501, -32.230756583446514], [-58.1318843360811, -32.23075264556444]]}, "properties": {"source": "Unifilar.dxf", "layer": "ELECTRICA ENERSA", "entity": "LINE"}}, {"type": "Feature", "geometry": {"type": "LineString", "coordinates": [[-58.13188297114915, -32.23076251003278], [-58.13188505867501, -32.230756583446514]]}, "properties": {"source": "Unifilar.dxf", "layer": "ELECTRICA ENERSA", "entity": "LINE"}}, {"type": "Feature", "geometry": {"type": "LineString", "coordinates": [[-58.13188404002255, -32.23076398877941], [-58.13188297114915, -32.23076251003278]]}, "properties": {"source": "Unifilar.dxf", "layer": "ELECTRICA ENERSA", "entity": "LINE"}}, {"type": "Feature", "geometry": {"type": "LineString", "coordinates": [[-58.12980855521939, -32.22828576615148], [-58.12982919478487, -32.22792471028007]]}, "properties": {"source": "Unifilar.dxf", "layer": "ELECTRICA ENERSA", "entity": "LINE"}}, {"type": "Feature", "geometry": {"type": "LineString", "coordinates": [[-58.13390650293238, -32.233626631481485], [-58.133907649538294, -32.23363467951324]]}, "properties": {"source": "Unifilar.dxf", "layer": "ELECTRICA ENERSA", "entity": "LINE"}}, {"type": "Feature", "geometry": {"type": "LineString", "coordinates": [[-58.133907649538294, -32.23363467951324], [-58.13390463904629, -32.23365461129461]]}, "properties": {"source": "Unifilar.dxf", "layer": "ELECTRICA ENERSA", "entity": "LINE"}}, {"type": "Feature", "geometry": {"type": "LineString", "coordinates": [[-58.13390463904629, -32.23365461129461], [-58.133902497256635, -32.233682791983064]]}, "properties": {"source": "Unifilar.dxf", "layer": "ELECTRICA ENERSA", "entity": "LINE"}}, {"type": "Feature", "geometry": {"type": "LineString", "coordinates": [[-58.13020093672243, -32.22855242056003], [-58.129794323003225, -32.22853345263149]]}, "properties": {"source": "Unifilar.dxf", "layer": "ELECTRICA ENERSA", "entity": "LINE"}}, {"type": "Feature", "geometry": {"type": "LineString", "coordinates": [[-58.133316235341084, -32.23364505241291], [-58.133902497256635, -32.233682791983064]]}, "properties": {"source": "Unifilar.dxf", "layer": "ELECTRICA ENERSA", "entity": "LINE"}}, {"type": "Feature", "geometry": {"type": "LineString", "coordinates": [[-58.13481972548474, -32.23566690224695], [-58.13485763024739, -32.235007121190655]]}, "properties": {"source": "Unifilar.dxf", "layer": "ELECTRICA ENERSA", "entity": "LINE"}}, {"type": "Feature", "geometry": {"type": "LineString", "coordinates": [[-58.13108404255979, -32.230019797069396], [-58.13108908176027, -32.22991629343456]]}, "properties": {"source": "Unifilar.dxf", "layer": "ELECTRICA ENERSA", "entity": "LINE"}}, {"type": "Feature", "geometry": {"type": "LineString", "coordinates": [[-58.13108908176027, -32.22991629343456], [-58.13072687050025, -32.22989411425325]]}, "properties": {"source": "Unifilar.dxf", "layer": "ELECTRICA ENERSA", "entity": "LINE"}}, {"type": "Feature", "geometry": {"type": "LineString", "coordinates": [[-58.132353603462796, -32.231671588630654], [-58.132339394045424, -32.23167073032025]]}, "properties": {"source": "Unifilar.dxf", "layer": "ELECTRICA ENERSA", "entity": "LINE"}}, {"type": "Feature", "geometry": {"type": "LineString", "coordinates": [[-58.132338375392955, -32.231678135653155], [-58.13235884640743, -32.23167884204975]]}, "properties": {"source": "Unifilar.dxf", "layer": "ELECTRICA ENERSA", "entity": "LINE"}}, {"type": "Feature", "geometry": {"type": "LineString", "coordinates": [[-58.132339394045424, -32.23167073032025], [-58.13233555542426, -32.23167129613099]]}, "properties": {"source": "Unifilar.dxf", "layer": "ELECTRICA ENERSA", "entity": "LINE"}}, {"type": "Feature", "geometry": {"type": "LineString", "coordinates": [[-58.13233555542426, -32.23167129613099], [-58.13233171680311, -32.23167186194172]]}, "properties": {"source": "Unifilar.dxf", "layer": "ELECTRICA ENERSA", "entity": "LINE"}}, {"type": "Feature", "geometry": {"type": "LineString", "coordinates": [[-58.1310714105285, -32.22992239863354], [-58.1310679841286, -32.23000698077176]]}, "properties": {"source": "Unifilar.dxf", "layer": "ELECTRICA ENERSA", "entity": "LINE"}}, {"type": "Feature", "geometry": {"type": "LineString", "coordinates": [[-58.130713037397285, -32.229899652960356], [-58.1310714105285, -32.22992239863354]]}, "properties": {"source": "Unifilar.dxf", "layer": "ELECTRICA ENERSA", "entity": "LINE"}}, {"type": "Feature", "geometry": {"type": "LineString", "coordinates": [[-58.1323342561437, -32.23167890430858], [-58.132338375392955, -32.231678135653155]]}, "properties": {"source": "Unifilar.dxf", "layer": "ELECTRICA ENERSA", "entity": "LINE"}}, {"type": "Feature", "geometry": {"type": "LineString", "coordinates": [[-58.13161115434053, -32.230674990545275], [-58.13117992744705, -32.23065605891834]]}, "properties": {"source": "Unifilar.dxf", "layer": "ELECTRICA ENERSA", "entity": "LINE"}}, {"type": "Feature", "geometry": {"type": "LineString", "coordinates": [[-58.13233171680311, -32.23167186194172], [-58.13232408502618, -32.23167070934586]]}, "properties": {"source": "Unifilar.dxf", "layer": "ELECTRICA ENERSA", "entity": "LINE"}}, {"type": "Feature", "geometry": {"type": "LineString", "coordinates": [[-58.132331812489426, -32.231678461803924], [-58.1323342561437, -32.23167890430858]]}, "properties": {"source": "Unifilar.dxf", "layer": "ELECTRICA ENERSA", "entity": "LINE"}}, {"type": "Feature", "geometry": {"type": "LineString", "coordinates": [[-58.13232523212443, -32.23167875805875], [-58.132331812489426, -32.231678461803924]]}, "properties": {"source": "Unifilar.dxf", "layer": "ELECTRICA ENERSA", "entity": "LINE"}}, {"type": "Feature", "geometry": {"type": "LineString", "coordinates": [[-58.13232408502618, -32.23167070934586], [-58.13232480762009, -32.23167464722793]]}, "properties": {"source": "Unifilar.dxf", "layer": "ELECTRICA ENERSA", "entity": "LINE"}}, {"type": "Feature", "geometry": {"type": "LineString", "coordinates": [[-58.13232480762009, -32.23167464722793], [-58.13232523212443, -32.23167875805875]]}, "properties": {"source": "Unifilar.dxf", "layer": "ELECTRICA ENERSA", "entity": "LINE"}}, {"type": "Feature", "geometry": {"type": "LineString", "coordinates": [[-58.13231717906004, -32.23167349334385], [-58.13232480762009, -32.23167464722793]]}, "properties": {"source": "Unifilar.dxf", "layer": "ELECTRICA ENERSA", "entity": "LINE"}}, {"type": "Feature", "geometry": {"type": "LineString", "coordinates": [[-58.131083350000814, -32.23002471534028], [-58.13108404255979, -32.230019797069396]]}, "properties": {"source": "Unifilar.dxf", "layer": "ELECTRICA ENERSA", "entity": "LINE"}}, {"type": "Feature", "geometry": {"type": "LineString", "coordinates": [[-58.13293300590095, -32.23305669579869], [-58.132963380959815, -32.23261979192416]]}, "properties": {"source": "Unifilar.dxf", "layer": "ELECTRICA ENERSA", "entity": "LINE"}}, {"type": "Feature", "geometry": {"type": "LineString", "coordinates": [[-58.131075470355256, -32.23003261977269], [-58.131083350000814, -32.23002471534028]]}, "properties": {"source": "Unifilar.dxf", "layer": "ELECTRICA ENERSA", "entity": "LINE"}}, {"type": "Feature", "geometry": {"type": "LineString", "coordinates": [[-58.1310679841286, -32.23000698077176], [-58.13106729156962, -32.23001189904264]]}, "properties": {"source": "Unifilar.dxf", "layer": "ELECTRICA ENERSA", "entity": "LINE"}}, {"type": "Feature", "geometry": {"type": "LineString", "coordinates": [[-58.13106729156962, -32.23001189904264], [-58.13106704097645, -32.230020958040285]]}, "properties": {"source": "Unifilar.dxf", "layer": "ELECTRICA ENERSA", "entity": "LINE"}}, {"type": "Feature", "geometry": {"type": "LineString", "coordinates": [[-58.131071383865475, -32.23004224261171], [-58.131075470355256, -32.23003261977269]]}, "properties": {"source": "Unifilar.dxf", "layer": "ELECTRICA ENERSA", "entity": "LINE"}}, {"type": "Feature", "geometry": {"type": "LineString", "coordinates": [[-58.13106704097645, -32.230020958040285], [-58.13107302670098, -32.230032177268036]]}, "properties": {"source": "Unifilar.dxf", "layer": "ELECTRICA ENERSA", "entity": "LINE"}}, {"type": "Feature", "geometry": {"type": "LineString", "coordinates": [[-58.129794323003225, -32.22853345263149], [-58.12980855521939, -32.22828576615148]]}, "properties": {"source": "Unifilar.dxf", "layer": "ELECTRICA ENERSA", "entity": "LINE"}}, {"type": "Feature", "geometry": {"type": "LineString", "coordinates": [[-58.13104100880661, -32.23047914648624], [-58.131071383865475, -32.23004224261171]]}, "properties": {"source": "Unifilar.dxf", "layer": "ELECTRICA ENERSA", "entity": "LINE"}}, {"type": "Feature", "geometry": {"type": "LineString", "coordinates": [[-58.130735449181806, -32.22976141964521], [-58.13073507286739, -32.2297550226277]]}, "properties": {"source": "Unifilar.dxf", "layer": "ELECTRICA ENERSA", "entity": "LINE"}}, {"type": "Feature", "geometry": {"type": "LineString", "coordinates": [[-58.13073507286739, -32.2297550226277], [-58.130727741904565, -32.22975369511372]]}, "properties": {"source": "Unifilar.dxf", "layer": "ELECTRICA ENERSA", "entity": "LINE"}}, {"type": "Feature", "geometry": {"type": "LineString", "coordinates": [[-58.13072736608248, -32.229747298777355], [-58.130727741904565, -32.22975369511372]]}, "properties": {"source": "Unifilar.dxf", "layer": "ELECTRICA ENERSA", "entity": "LINE"}}, {"type": "Feature", "geometry": {"type": "LineString", "coordinates": [[-58.130734054214926, -32.229762427960594], [-58.130735449181806, -32.22976141964521]]}, "properties": {"source": "Unifilar.dxf", "layer": "ELECTRICA ENERSA", "entity": "LINE"}}, {"type": "Feature", "geometry": {"type": "LineString", "coordinates": [[-58.13073510290232, -32.229763878780645], [-58.130734054214926, -32.229762427960594]]}, "properties": {"source": "Unifilar.dxf", "layer": "ELECTRICA ENERSA", "entity": "LINE"}}, {"type": "Feature", "geometry": {"type": "LineString", "coordinates": [[-58.130727741904565, -32.22975369511372], [-58.13072115930737, -32.22975399401905]]}, "properties": {"source": "Unifilar.dxf", "layer": "ELECTRICA ENERSA", "entity": "LINE"}}, {"type": "Feature", "geometry": {"type": "LineString", "coordinates": [[-58.13072687050025, -32.22989411425325], [-58.13073510290232, -32.229763878780645]]}, "properties": {"source": "Unifilar.dxf", "layer": "ELECTRICA ENERSA", "entity": "LINE"}}, {"type": "Feature", "geometry": {"type": "LineString", "coordinates": [[-58.13072115930737, -32.22975399401905], [-58.130720238573424, -32.22976799656365]]}, "properties": {"source": "Unifilar.dxf", "layer": "ELECTRICA ENERSA", "entity": "LINE"}}, {"type": "Feature", "geometry": {"type": "LineString", "coordinates": [[-58.130720238573424, -32.22976799656365], [-58.13071989229393, -32.22977045569909]]}, "properties": {"source": "Unifilar.dxf", "layer": "ELECTRICA ENERSA", "entity": "LINE"}}, {"type": "Feature", "geometry": {"type": "LineString", "coordinates": [[-58.13071989229393, -32.22977045569909], [-58.13071926811089, -32.22977311570986]]}, "properties": {"source": "Unifilar.dxf", "layer": "ELECTRICA ENERSA", "entity": "LINE"}}, {"type": "Feature", "geometry": {"type": "LineString", "coordinates": [[-58.13071926811089, -32.22977311570986], [-58.130713037397285, -32.229899652960356]]}, "properties": {"source": "Unifilar.dxf", "layer": "ELECTRICA ENERSA", "entity": "LINE"}}, {"type": "Feature", "geometry": {"type": "LineString", "coordinates": [[-58.1297876853821, -32.22861593928145], [-58.129794323003225, -32.22853345263149]]}, "properties": {"source": "Unifilar.dxf", "layer": "ELECTRICA ENERSA", "entity": "LINE"}}, {"type": "Feature", "geometry": {"type": "LineString", "coordinates": [[-58.129718952318576, -32.22853024958697], [-58.129794323003225, -32.22853345263149]]}, "properties": {"source": "Unifilar.dxf", "layer": "ELECTRICA ENERSA", "entity": "LINE"}}, {"type": "Feature", "geometry": {"type": "LineString", "coordinates": [[-58.12978743702113, -32.228624995628586], [-58.1297876853821, -32.22861593928145]]}, "properties": {"source": "Unifilar.dxf", "layer": "ELECTRICA ENERSA", "entity": "LINE"}}, {"type": "Feature", "geometry": {"type": "LineString", "coordinates": [[-58.12978544518159, -32.22863752207706], [-58.12975927018603, -32.229120194958725]]}, "properties": {"source": "Unifilar.dxf", "layer": "ELECTRICA ENERSA", "entity": "LINE"}}, {"type": "Feature", "geometry": {"type": "LineString", "coordinates": [[-58.134786531732246, -32.23618569971525], [-58.13481972548474, -32.23566690224695]]}, "properties": {"source": "Unifilar.dxf", "layer": "ELECTRICA ENERSA", "entity": "LINE"}}, {"type": "Feature", "geometry": {"type": "LineString", "coordinates": [[-58.13290955489739, -32.233450876586645], [-58.13293300590095, -32.23305669579869]]}, "properties": {"source": "Unifilar.dxf", "layer": "ELECTRICA ENERSA", "entity": "LINE"}}, {"type": "Feature", "geometry": {"type": "LineString", "coordinates": [[-58.13117992744705, -32.23065605891834], [-58.13116357246496, -32.23065458515454]]}, "properties": {"source": "Unifilar.dxf", "layer": "ELECTRICA ENERSA", "entity": "LINE"}}, {"type": "Feature", "geometry": {"type": "LineString", "coordinates": [[-58.13103994861884, -32.23064633359766], [-58.13104100880661, -32.23047914648624]]}, "properties": {"source": "Unifilar.dxf", "layer": "ELECTRICA ENERSA", "entity": "LINE"}}, {"type": "Feature", "geometry": {"type": "LineString", "coordinates": [[-58.13116357246496, -32.23065458515454], [-58.131145542380224, -32.23065432323196]]}, "properties": {"source": "Unifilar.dxf", "layer": "ELECTRICA ENERSA", "entity": "LINE"}}, {"type": "Feature", "geometry": {"type": "LineString", "coordinates": [[-58.133308257777, -32.23364635963363], [-58.133316235341084, -32.23364505241291]]}, "properties": {"source": "Unifilar.dxf", "layer": "ELECTRICA ENERSA", "entity": "LINE"}}, {"type": "Feature", "geometry": {"type": "LineString", "coordinates": [[-58.131145542380224, -32.23065432323196], [-58.13103994861884, -32.23064633359766]]}, "properties": {"source": "Unifilar.dxf", "layer": "ELECTRICA ENERSA", "entity": "LINE"}}, {"type": "Feature", "geometry": {"type": "LineString", "coordinates": [[-58.132934232071605, -32.233626050152125], [-58.133308257777, -32.23364635963363]]}, "properties": {"source": "Unifilar.dxf", "layer": "ELECTRICA ENERSA", "entity": "LINE"}}, {"type": "Feature", "geometry": {"type": "LineString", "coordinates": [[-58.13086529375863, -32.23064387573507], [-58.13103994861884, -32.23064633359766]]}, "properties": {"source": "Unifilar.dxf", "layer": "ELECTRICA ENERSA", "entity": "LINE"}}, {"type": "Feature", "geometry": {"type": "LineString", "coordinates": [[-58.131042340020166, -32.23106392824711], [-58.13103994861884, -32.23064633359766]]}, "properties": {"source": "Unifilar.dxf", "layer": "ELECTRICA ENERSA", "entity": "LINE"}}, {"type": "Feature", "geometry": {"type": "LineString", "coordinates": [[-58.13290402098759, -32.23345262631202], [-58.13290955489739, -32.233450876586645]]}, "properties": {"source": "Unifilar.dxf", "layer": "ELECTRICA ENERSA", "entity": "LINE"}}, {"type": "Feature", "geometry": {"type": "LineString", "coordinates": [[-58.13290893783873, -32.23346236679315], [-58.13290955489739, -32.233450876586645]]}, "properties": {"source": "Unifilar.dxf", "layer": "ELECTRICA ENERSA", "entity": "LINE"}}, {"type": "Feature", "geometry": {"type": "LineString", "coordinates": [[-58.132889061464724, -32.23345014491396], [-58.13290402098759, -32.23345262631202]]}, "properties": {"source": "Unifilar.dxf", "layer": "ELECTRICA ENERSA", "entity": "LINE"}}, {"type": "Feature", "geometry": {"type": "LineString", "coordinates": [[-58.132908363876616, -32.23347391088345], [-58.13290893783873, -32.23346236679315]]}, "properties": {"source": "Unifilar.dxf", "layer": "ELECTRICA ENERSA", "entity": "LINE"}}, {"type": "Feature", "geometry": {"type": "LineString", "coordinates": [[-58.130485034460065, -32.23062140405409], [-58.13086529375863, -32.23064387573507]]}, "properties": {"source": "Unifilar.dxf", "layer": "ELECTRICA ENERSA", "entity": "LINE"}}, {"type": "Feature", "geometry": {"type": "LineString", "coordinates": [[-58.13288522284356, -32.233450710724696], [-58.132889061464724, -32.23345014491396]]}, "properties": {"source": "Unifilar.dxf", "layer": "ELECTRICA ENERSA", "entity": "LINE"}}, {"type": "Feature", "geometry": {"type": "LineString", "coordinates": [[-58.12975927018603, -32.229120194958725], [-58.12972605883671, -32.229678932196755]]}, "properties": {"source": "Unifilar.dxf", "layer": "ELECTRICA ENERSA", "entity": "LINE"}}, {"type": "Feature", "geometry": {"type": "LineString", "coordinates": [[-58.132878176931264, -32.23360667860836], [-58.13288522284356, -32.233450710724696]]}, "properties": {"source": "Unifilar.dxf", "layer": "ELECTRICA ENERSA", "entity": "LINE"}}, {"type": "Feature", "geometry": {"type": "LineString", "coordinates": [[-58.13294253642347, -32.233533525477995], [-58.132934232071605, -32.233626050152125]]}, "properties": {"source": "Unifilar.dxf", "layer": "ELECTRICA ENERSA", "entity": "LINE"}}, {"type": "Feature", "geometry": {"type": "LineString", "coordinates": [[-58.132906374269275, -32.23348643468142], [-58.13289570756952, -32.233625055194594]]}, "properties": {"source": "Unifilar.dxf", "layer": "ELECTRICA ENERSA", "entity": "LINE"}}, {"type": "Feature", "geometry": {"type": "LineString", "coordinates": [[-58.130938529040456, -32.23089268938346], [-58.13102704571818, -32.23089526805302]]}, "properties": {"source": "Unifilar.dxf", "layer": "ELECTRICA ENERSA", "entity": "LINE"}}, {"type": "Feature", "geometry": {"type": "LineString", "coordinates": [[-58.13102704571818, -32.23089526805302], [-58.13102268147985, -32.231033793186704]]}, "properties": {"source": "Unifilar.dxf", "layer": "ELECTRICA ENERSA", "entity": "LINE"}}, {"type": "Feature", "geometry": {"type": "LineString", "coordinates": [[-58.13101883948679, -32.23090565886633], [-58.13095009512486, -32.23089987603079]]}, "properties": {"source": "Unifilar.dxf", "layer": "ELECTRICA ENERSA", "entity": "LINE"}}, {"type": "Feature", "geometry": {"type": "LineString", "coordinates": [[-58.13101682370877, -32.2310380273236], [-58.13101883948679, -32.23090565886633]]}, "properties": {"source": "Unifilar.dxf", "layer": "ELECTRICA ENERSA", "entity": "LINE"}}, {"type": "Feature", "geometry": {"type": "LineString", "coordinates": [[-58.13289570756952, -32.233625055194594], [-58.132934232071605, -32.233626050152125]]}, "properties": {"source": "Unifilar.dxf", "layer": "ELECTRICA ENERSA", "entity": "LINE"}}, {"type": "Feature", "geometry": {"type": "LineString", "coordinates": [[-58.13292891351808, -32.2338184897476], [-58.132934232071605, -32.233626050152125]]}, "properties": {"source": "Unifilar.dxf", "layer": "ELECTRICA ENERSA", "entity": "LINE"}}, {"type": "Feature", "geometry": {"type": "LineString", "coordinates": [[-58.13095009512486, -32.23089987603079], [-58.13094870015798, -32.23090088434618]]}, "properties": {"source": "Unifilar.dxf", "layer": "ELECTRICA ENERSA", "entity": "LINE"}}, {"type": "Feature", "geometry": {"type": "LineString", "coordinates": [[-58.13094870015798, -32.23090088434618], [-58.130937232484435, -32.23090029559169]]}, "properties": {"source": "Unifilar.dxf", "layer": "ELECTRICA ENERSA", "entity": "LINE"}}, {"type": "Feature", "geometry": {"type": "LineString", "coordinates": [[-58.13093713407358, -32.230893697698846], [-58.130938529040456, -32.23089268938346]]}, "properties": {"source": "Unifilar.dxf", "layer": "ELECTRICA ENERSA", "entity": "LINE"}}, {"type": "Feature", "geometry": {"type": "LineString", "coordinates": [[-58.13093608538618, -32.2308922468788], [-58.13093713407358, -32.230893697698846]]}, "properties": {"source": "Unifilar.dxf", "layer": "ELECTRICA ENERSA", "entity": "LINE"}}, {"type": "Feature", "geometry": {"type": "LineString", "coordinates": [[-58.130910079969574, -32.230893289526435], [-58.13093608538618, -32.2308922468788]]}, "properties": {"source": "Unifilar.dxf", "layer": "ELECTRICA ENERSA", "entity": "LINE"}}, {"type": "Feature", "geometry": {"type": "LineString", "coordinates": [[-58.130937232484435, -32.23090029559169], [-58.130910079969574, -32.230893289526435]]}, "properties": {"source": "Unifilar.dxf", "layer": "ELECTRICA ENERSA", "entity": "LINE"}}, {"type": "Feature", "geometry": {"type": "LineString", "coordinates": [[-58.13102268147985, -32.231033793186704], [-58.131031110858665, -32.23104545491912]]}, "properties": {"source": "Unifilar.dxf", "layer": "ELECTRICA ENERSA", "entity": "LINE"}}, {"type": "Feature", "geometry": {"type": "LineString", "coordinates": [[-58.132881642407945, -32.23381714698376], [-58.13289570756952, -32.233625055194594]]}, "properties": {"source": "Unifilar.dxf", "layer": "ELECTRICA ENERSA", "entity": "LINE"}}, {"type": "Feature", "geometry": {"type": "LineString", "coordinates": [[-58.13270888361254, -32.2336180999843], [-58.13289570756952, -32.233625055194594]]}, "properties": {"source": "Unifilar.dxf", "layer": "ELECTRICA ENERSA", "entity": "LINE"}}, {"type": "Feature", "geometry": {"type": "LineString", "coordinates": [[-58.131031110858665, -32.23104545491912], [-58.131037076889534, -32.23105664690142]]}, "properties": {"source": "Unifilar.dxf", "layer": "ELECTRICA ENERSA", "entity": "LINE"}}, {"type": "Feature", "geometry": {"type": "LineString", "coordinates": [[-58.131037076889534, -32.23105664690142], [-58.131042340020166, -32.23106392824711]]}, "properties": {"source": "Unifilar.dxf", "layer": "ELECTRICA ENERSA", "entity": "LINE"}}, {"type": "Feature", "geometry": {"type": "LineString", "coordinates": [[-58.132672598818615, -32.23359552155001], [-58.132878176931264, -32.23360667860836]]}, "properties": {"source": "Unifilar.dxf", "layer": "ELECTRICA ENERSA", "entity": "LINE"}}, {"type": "Feature", "geometry": {"type": "LineString", "coordinates": [[-58.13102807305627, -32.23105652857817], [-58.13101682370877, -32.2310380273236]]}, "properties": {"source": "Unifilar.dxf", "layer": "ELECTRICA ENERSA", "entity": "LINE"}}, {"type": "Feature", "geometry": {"type": "LineString", "coordinates": [[-58.13104069718465, -32.231073993590776], [-58.13103648224908, -32.231068162384005]]}, "properties": {"source": "Unifilar.dxf", "layer": "ELECTRICA ENERSA", "entity": "LINE"}}, {"type": "Feature", "geometry": {"type": "LineString", "coordinates": [[-58.131029791794234, -32.23139033767142], [-58.13104069718465, -32.231073993590776]]}, "properties": {"source": "Unifilar.dxf", "layer": "ELECTRICA ENERSA", "entity": "LINE"}}, {"type": "Feature", "geometry": {"type": "LineString", "coordinates": [[-58.13103648224908, -32.231068162384005], [-58.13102807305627, -32.23105652857817]]}, "properties": {"source": "Unifilar.dxf", "layer": "ELECTRICA ENERSA", "entity": "LINE"}}, {"type": "Feature", "geometry": {"type": "LineString", "coordinates": [[-58.13290218220048, -32.23415289762155], [-58.13292891351808, -32.2338184897476]]}, "properties": {"source": "Unifilar.dxf", "layer": "ELECTRICA ENERSA", "entity": "LINE"}}, {"type": "Feature", "geometry": {"type": "LineString", "coordinates": [[-58.13269881139822, -32.233616503595556], [-58.13270888361254, -32.2336180999843]]}, "properties": {"source": "Unifilar.dxf", "layer": "ELECTRICA ENERSA", "entity": "LINE"}}, {"type": "Feature", "geometry": {"type": "LineString", "coordinates": [[-58.132670705389934, -32.23361464589132], [-58.132672598818615, -32.23359552155001]]}, "properties": {"source": "Unifilar.dxf", "layer": "ELECTRICA ENERSA", "entity": "LINE"}}, {"type": "Feature", "geometry": {"type": "LineString", "coordinates": [[-58.13267726829347, -32.233614319740546], [-58.132670705389934, -32.23361464589132]]}, "properties": {"source": "Unifilar.dxf", "layer": "ELECTRICA ENERSA", "entity": "LINE"}}, {"type": "Feature", "geometry": {"type": "LineString", "coordinates": [[-58.13234770036156, -32.23359734301531], [-58.132670705389934, -32.23361464589132]]}, "properties": {"source": "Unifilar.dxf", "layer": "ELECTRICA ENERSA", "entity": "LINE"}}, {"type": "Feature", "geometry": {"type": "LineString", "coordinates": [[-58.13023330377763, -32.23060809883525], [-58.130485034460065, -32.23062140405409]]}, "properties": {"source": "Unifilar.dxf", "layer": "ELECTRICA ENERSA", "entity": "LINE"}}, {"type": "Feature", "geometry": {"type": "LineString", "coordinates": [[-58.13099425219422, -32.231666719099145], [-58.131029791794234, -32.23139033767142]]}, "properties": {"source": "Unifilar.dxf", "layer": "ELECTRICA ENERSA", "entity": "LINE"}}, {"type": "Feature", "geometry": {"type": "LineString", "coordinates": [[-58.12972605883671, -32.229678932196755], [-58.12969555611478, -32.2301891144603]]}, "properties": {"source": "Unifilar.dxf", "layer": "ELECTRICA ENERSA", "entity": "LINE"}}, {"type": "Feature", "geometry": {"type": "LineString", "coordinates": [[-58.1328855416787, -32.234448963476794], [-58.13290218220048, -32.23415289762155]]}, "properties": {"source": "Unifilar.dxf", "layer": "ELECTRICA ENERSA", "entity": "LINE"}}, {"type": "Feature", "geometry": {"type": "LineString", "coordinates": [[-58.130234352465024, -32.2306095496553], [-58.13023330377763, -32.23060809883525]]}, "properties": {"source": "Unifilar.dxf", "layer": "ELECTRICA ENERSA", "entity": "LINE"}}, {"type": "Feature", "geometry": {"type": "LineString", "coordinates": [[-58.130220438905, -32.230608521046655], [-58.13023330377763, -32.23060809883525]]}, "properties": {"source": "Unifilar.dxf", "layer": "ELECTRICA ENERSA", "entity": "LINE"}}, {"type": "Feature", "geometry": {"type": "LineString", "coordinates": [[-58.1302299169712, -32.230621633599114], [-58.130234352465024, -32.2306095496553]]}, "properties": {"source": "Unifilar.dxf", "layer": "ELECTRICA ENERSA", "entity": "LINE"}}, {"type": "Feature", "geometry": {"type": "LineString", "coordinates": [[-58.13096754579979, -32.23188128632657], [-58.13099425219422, -32.231666719099145]]}, "properties": {"source": "Unifilar.dxf", "layer": "ELECTRICA ENERSA", "entity": "LINE"}}, {"type": "Feature", "geometry": {"type": "LineString", "coordinates": [[-58.130217995250725, -32.230608078542], [-58.130220438905, -32.230608521046655]]}, "properties": {"source": "Unifilar.dxf", "layer": "ELECTRICA ENERSA", "entity": "LINE"}}, {"type": "Feature", "geometry": {"type": "LineString", "coordinates": [[-58.13022957069172, -32.23062409273455], [-58.1302299169712, -32.230621633599114]]}, "properties": {"source": "Unifilar.dxf", "layer": "ELECTRICA ENERSA", "entity": "LINE"}}, {"type": "Feature", "geometry": {"type": "LineString", "coordinates": [[-58.13014519344925, -32.23062077333614], [-58.13022957069172, -32.23062409273455]]}, "properties": {"source": "Unifilar.dxf", "layer": "ELECTRICA ENERSA", "entity": "LINE"}}, {"type": "Feature", "geometry": {"type": "LineString", "coordinates": [[-58.13015734528653, -32.23053650971537], [-58.130126798840855, -32.23053420821825]]}, "properties": {"source": "Unifilar.dxf", "layer": "ELECTRICA ENERSA", "entity": "LINE"}}, {"type": "Feature", "geometry": {"type": "LineString", "coordinates": [[-58.13015277228071, -32.23061304382183], [-58.13015734528653, -32.23053650971537]]}, "properties": {"source": "Unifilar.dxf", "layer": "ELECTRICA ENERSA", "entity": "LINE"}}, {"type": "Feature", "geometry": {"type": "LineString", "coordinates": [[-58.13020652757719, -32.23060748978751], [-58.13020547888979, -32.23060603896746]]}, "properties": {"source": "Unifilar.dxf", "layer": "ELECTRICA ENERSA", "entity": "LINE"}}, {"type": "Feature", "geometry": {"type": "LineString", "coordinates": [[-58.13012856480843, -32.230499631193425], [-58.13010185698391, -32.230496763885576]]}, "properties": {"source": "Unifilar.dxf", "layer": "ELECTRICA ENERSA", "entity": "LINE"}}, {"type": "Feature", "geometry": {"type": "LineString", "coordinates": [[-58.130126798840855, -32.23053420821825], [-58.13012856480843, -32.230499631193425]]}, "properties": {"source": "Unifilar.dxf", "layer": "ELECTRICA ENERSA", "entity": "LINE"}}, {"type": "Feature", "geometry": {"type": "LineString", "coordinates": [[-58.13020547888979, -32.23060603896746], [-58.1302051326103, -32.230608498102896]]}, "properties": {"source": "Unifilar.dxf", "layer": "ELECTRICA ENERSA", "entity": "LINE"}}, {"type": "Feature", "geometry": {"type": "LineString", "coordinates": [[-58.12982511845582, -32.23057697136301], [-58.13020547888979, -32.23060603896746]]}, "properties": {"source": "Unifilar.dxf", "layer": "ELECTRICA ENERSA", "entity": "LINE"}}, {"type": "Feature", "geometry": {"type": "LineString", "coordinates": [[-58.1302051326103, -32.230608498102896], [-58.13020136948946, -32.230615635849254]]}, "properties": {"source": "Unifilar.dxf", "layer": "ELECTRICA ENERSA", "entity": "LINE"}}, {"type": "Feature", "geometry": {"type": "LineString", "coordinates": [[-58.13012093834522, -32.23053844432451], [-58.13015392844517, -32.230541188326285]]}, "properties": {"source": "Unifilar.dxf", "layer": "ELECTRICA ENERSA", "entity": "LINE"}}, {"type": "Feature", "geometry": {"type": "LineString", "coordinates": [[-58.13015392844517, -32.230541188326285], [-58.13014658841614, -32.230619765020755]]}, "properties": {"source": "Unifilar.dxf", "layer": "ELECTRICA ENERSA", "entity": "LINE"}}, {"type": "Feature", "geometry": {"type": "LineString", "coordinates": [[-58.1300946015214, -32.230502008307226], [-58.1301216556254, -32.23050241647964]]}, "properties": {"source": "Unifilar.dxf", "layer": "ELECTRICA ENERSA", "entity": "LINE"}}, {"type": "Feature", "geometry": {"type": "LineString", "coordinates": [[-58.1301216556254, -32.23050241647964], [-58.13012093834522, -32.23053844432451]]}, "properties": {"source": "Unifilar.dxf", "layer": "ELECTRICA ENERSA", "entity": "LINE"}}, {"type": "Feature", "geometry": {"type": "LineString", "coordinates": [[-58.13020136948946, -32.230615635849254], [-58.13020076549241, -32.23061832378661]]}, "properties": {"source": "Unifilar.dxf", "layer": "ELECTRICA ENERSA", "entity": "LINE"}}, {"type": "Feature", "geometry": {"type": "LineString", "coordinates": [[-58.13020076549241, -32.23061832378661], [-58.130152446187225, -32.23061553088386]]}, "properties": {"source": "Unifilar.dxf", "layer": "ELECTRICA ENERSA", "entity": "LINE"}}, {"type": "Feature", "geometry": {"type": "LineString", "coordinates": [[-58.131835264706005, -32.233579469726195], [-58.13234770036156, -32.23359734301531]]}, "properties": {"source": "Unifilar.dxf", "layer": "ELECTRICA ENERSA", "entity": "LINE"}}, {"type": "Feature", "geometry": {"type": "LineString", "coordinates": [[-58.13010185698391, -32.230496763885576], [-58.13010387613384, -32.23049309555942]]}, "properties": {"source": "Unifilar.dxf", "layer": "ELECTRICA ENERSA", "entity": "LINE"}}, {"type": "Feature", "geometry": {"type": "LineString", "coordinates": [[-58.13010387613384, -32.23049309555942], [-58.130094852114574, -32.23049294930958]]}, "properties": {"source": "Unifilar.dxf", "layer": "ELECTRICA ENERSA", "entity": "LINE"}}, {"type": "Feature", "geometry": {"type": "LineString", "coordinates": [[-58.130094852114574, -32.23049294930958], [-58.13008826902504, -32.23049324753377]]}, "properties": {"source": "Unifilar.dxf", "layer": "ELECTRICA ENERSA", "entity": "LINE"}}, {"type": "Feature", "geometry": {"type": "LineString", "coordinates": [[-58.13008338171649, -32.23049236252446], [-58.13008826902504, -32.23049324753377]]}, "properties": {"source": "Unifilar.dxf", "layer": "ELECTRICA ENERSA", "entity": "LINE"}}, {"type": "Feature", "geometry": {"type": "LineString", "coordinates": [[-58.13008826902504, -32.23049324753377], [-58.130087250372576, -32.230500652866674]]}, "properties": {"source": "Unifilar.dxf", "layer": "ELECTRICA ENERSA", "entity": "LINE"}}, {"type": "Feature", "geometry": {"type": "LineString", "coordinates": [[-58.130087250372576, -32.230500652866674], [-58.1300946015214, -32.230502008307226]]}, "properties": {"source": "Unifilar.dxf", "layer": "ELECTRICA ENERSA", "entity": "LINE"}}, {"type": "Feature", "geometry": {"type": "LineString", "coordinates": [[-58.130152446187225, -32.23061553088386], [-58.13015277228071, -32.23061304382183]]}, "properties": {"source": "Unifilar.dxf", "layer": "ELECTRICA ENERSA", "entity": "LINE"}}, {"type": "Feature", "geometry": {"type": "LineString", "coordinates": [[-58.13014658841614, -32.230619765020755], [-58.13014519344925, -32.23062077333614]]}, "properties": {"source": "Unifilar.dxf", "layer": "ELECTRICA ENERSA", "entity": "LINE"}}, {"type": "Feature", "geometry": {"type": "LineString", "coordinates": [[-58.13285599166747, -32.23486526494452], [-58.1328855416787, -32.234448963476794]]}, "properties": {"source": "Unifilar.dxf", "layer": "ELECTRICA ENERSA", "entity": "LINE"}}, {"type": "Feature", "geometry": {"type": "LineString", "coordinates": [[-58.130930744702034, -32.232125364088745], [-58.13096754579979, -32.23188128632657]]}, "properties": {"source": "Unifilar.dxf", "layer": "ELECTRICA ENERSA", "entity": "LINE"}}, {"type": "Feature", "geometry": {"type": "LineString", "coordinates": [[-58.12969555611478, -32.2301891144603], [-58.129673747946725, -32.23057322990459]]}, "properties": {"source": "Unifilar.dxf", "layer": "ELECTRICA ENERSA", "entity": "LINE"}}, {"type": "Feature", "geometry": {"type": "LineString", "coordinates": [[-58.129673747946725, -32.23057322990459], [-58.12982511845582, -32.23057697136301]]}, "properties": {"source": "Unifilar.dxf", "layer": "ELECTRICA ENERSA", "entity": "LINE"}}, {"type": "Feature", "geometry": {"type": "LineString", "coordinates": [[-58.1308953226948, -32.2327145395942], [-58.130930744702034, -32.232125364088745]]}, "properties": {"source": "Unifilar.dxf", "layer": "ELECTRICA ENERSA", "entity": "LINE"}}, {"type": "Feature", "geometry": {"type": "LineString", "coordinates": [[-58.13285372143203, -32.23487799158718], [-58.13285599166747, -32.23486526494452]]}, "properties": {"source": "Unifilar.dxf", "layer": "ELECTRICA ENERSA", "entity": "LINE"}}, {"type": "Feature", "geometry": {"type": "LineString", "coordinates": [[-58.13285173008482, -32.234890518716796], [-58.13285372143203, -32.23487799158718]]}, "properties": {"source": "Unifilar.dxf", "layer": "ELECTRICA ENERSA", "entity": "LINE"}}, {"type": "Feature", "geometry": {"type": "LineString", "coordinates": [[-58.13282349954016, -32.235299239933504], [-58.13285173008482, -32.234890518716796]]}, "properties": {"source": "Unifilar.dxf", "layer": "ELECTRICA ENERSA", "entity": "LINE"}}, {"type": "Feature", "geometry": {"type": "LineString", "coordinates": [[-58.12966925589031, -32.230656332007946], [-58.129673747946725, -32.23057322990459]]}, "properties": {"source": "Unifilar.dxf", "layer": "ELECTRICA ENERSA", "entity": "LINE"}}, {"type": "Feature", "geometry": {"type": "LineString", "coordinates": [[-58.12927055106888, -32.23054958336513], [-58.129673747946725, -32.23057322990459]]}, "properties": {"source": "Unifilar.dxf", "layer": "ELECTRICA ENERSA", "entity": "LINE"}}, {"type": "Feature", "geometry": {"type": "LineString", "coordinates": [[-58.13149621920023, -32.233549381129635], [-58.131835264706005, -32.233579469726195]]}, "properties": {"source": "Unifilar.dxf", "layer": "ELECTRICA ENERSA", "entity": "LINE"}}, {"type": "Feature", "geometry": {"type": "LineString", "coordinates": [[-58.1308691130417, -32.232604824506765], [-58.13089307912238, -32.2326074222587]]}, "properties": {"source": "Unifilar.dxf", "layer": "ELECTRICA ENERSA", "entity": "LINE"}}, {"type": "Feature", "geometry": {"type": "LineString", "coordinates": [[-58.13089307912238, -32.2326074222587], [-58.13088628931894, -32.232705565799144]]}, "properties": {"source": "Unifilar.dxf", "layer": "ELECTRICA ENERSA", "entity": "LINE"}}, {"type": "Feature", "geometry": {"type": "LineString", "coordinates": [[-58.130880312660615, -32.232614442362944], [-58.13088689525781, -32.23261414345762]]}, "properties": {"source": "Unifilar.dxf", "layer": "ELECTRICA ENERSA", "entity": "LINE"}}, {"type": "Feature", "geometry": {"type": "LineString", "coordinates": [[-58.13088689525781, -32.23261414345762], [-58.130881758138806, -32.23271104988075]]}, "properties": {"source": "Unifilar.dxf", "layer": "ELECTRICA ENERSA", "entity": "LINE"}}, {"type": "Feature", "geometry": {"type": "LineString", "coordinates": [[-58.13283087973923, -32.235309450164735], [-58.13282349954016, -32.235299239933504]]}, "properties": {"source": "Unifilar.dxf", "layer": "ELECTRICA ENERSA", "entity": "LINE"}}, {"type": "Feature", "geometry": {"type": "LineString", "coordinates": [[-58.132819455991395, -32.23573261409838], [-58.13283087973923, -32.235309450164735]]}, "properties": {"source": "Unifilar.dxf", "layer": "ELECTRICA ENERSA", "entity": "LINE"}}, {"type": "Feature", "geometry": {"type": "LineString", "coordinates": [[-58.13087786900634, -32.23261399985829], [-58.130880312660615, -32.232614442362944]]}, "properties": {"source": "Unifilar.dxf", "layer": "ELECTRICA ENERSA", "entity": "LINE"}}, {"type": "Feature", "geometry": {"type": "LineString", "coordinates": [[-58.130875425352066, -32.23261355735363], [-58.13087786900634, -32.23261399985829]]}, "properties": {"source": "Unifilar.dxf", "layer": "ELECTRICA ENERSA", "entity": "LINE"}}, {"type": "Feature", "geometry": {"type": "LineString", "coordinates": [[-58.1308653526454, -32.232611960283755], [-58.130875425352066, -32.23261355735363]]}, "properties": {"source": "Unifilar.dxf", "layer": "ELECTRICA ENERSA", "entity": "LINE"}}, {"type": "Feature", "geometry": {"type": "LineString", "coordinates": [[-58.13086804416831, -32.23260334576013], [-58.1308691130417, -32.232604824506765]]}, "properties": {"source": "Unifilar.dxf", "layer": "ELECTRICA ENERSA", "entity": "LINE"}}, {"type": "Feature", "geometry": {"type": "LineString", "coordinates": [[-58.13086664920142, -32.23260435407552], [-58.1308653526454, -32.232611960283755]]}, "properties": {"source": "Unifilar.dxf", "layer": "ELECTRICA ENERSA", "entity": "LINE"}}, {"type": "Feature", "geometry": {"type": "LineString", "coordinates": [[-58.130848965396176, -32.2326016330175], [-58.13086664920142, -32.23260435407552]]}, "properties": {"source": "Unifilar.dxf", "layer": "ELECTRICA ENERSA", "entity": "LINE"}}, {"type": "Feature", "geometry": {"type": "LineString", "coordinates": [[-58.13089639156819, -32.23271601834083], [-58.1308953226948, -32.2327145395942]]}, "properties": {"source": "Unifilar.dxf", "layer": "ELECTRICA ENERSA", "entity": "LINE"}}, {"type": "Feature", "geometry": {"type": "LineString", "coordinates": [[-58.13088628931894, -32.232705565799144], [-58.1308953226948, -32.2327145395942]]}, "properties": {"source": "Unifilar.dxf", "layer": "ELECTRICA ENERSA", "entity": "LINE"}}, {"type": "Feature", "geometry": {"type": "LineString", "coordinates": [[-58.131019667570776, -32.233518864507715], [-58.13149621920023, -32.233549381129635]]}, "properties": {"source": "Unifilar.dxf", "layer": "ELECTRICA ENERSA", "entity": "LINE"}}, {"type": "Feature", "geometry": {"type": "LineString", "coordinates": [[-58.13088597258204, -32.232716880406386], [-58.1308933537658, -32.23272709199989]]}, "properties": {"source": "Unifilar.dxf", "layer": "ELECTRICA ENERSA", "entity": "LINE"}}, {"type": "Feature", "geometry": {"type": "LineString", "coordinates": [[-58.130881758138806, -32.23271104988075], [-58.13088597258204, -32.232716880406386]]}, "properties": {"source": "Unifilar.dxf", "layer": "ELECTRICA ENERSA", "entity": "LINE"}}, {"type": "Feature", "geometry": {"type": "LineString", "coordinates": [[-58.1308933537658, -32.23272709199989], [-58.13089545064825, -32.23272999295885]]}, "properties": {"source": "Unifilar.dxf", "layer": "ELECTRICA ENERSA", "entity": "LINE"}}, {"type": "Feature", "geometry": {"type": "LineString", "coordinates": [[-58.13089545064825, -32.23272999295885], [-58.13089380508819, -32.23274006027189]]}, "properties": {"source": "Unifilar.dxf", "layer": "ELECTRICA ENERSA", "entity": "LINE"}}, {"type": "Feature", "geometry": {"type": "LineString", "coordinates": [[-58.13089380508819, -32.23274006027189], [-58.13086900487351, -32.23322169691158]]}, "properties": {"source": "Unifilar.dxf", "layer": "ELECTRICA ENERSA", "entity": "LINE"}}, {"type": "Feature", "geometry": {"type": "LineString", "coordinates": [[-58.128772254423765, -32.230523656380306], [-58.12927055106888, -32.23054958336513]]}, "properties": {"source": "Unifilar.dxf", "layer": "ELECTRICA ENERSA", "entity": "LINE"}}, {"type": "Feature", "geometry": {"type": "LineString", "coordinates": [[-58.13299763322821, -32.23574582143862], [-58.132819455991395, -32.23573261409838]]}, "properties": {"source": "Unifilar.dxf", "layer": "ELECTRICA ENERSA", "entity": "LINE"}}, {"type": "Feature", "geometry": {"type": "LineString", "coordinates": [[-58.13280303330331, -32.236010766772395], [-58.132819455991395, -32.23573261409838]]}, "properties": {"source": "Unifilar.dxf", "layer": "ELECTRICA ENERSA", "entity": "LINE"}}, {"type": "Feature", "geometry": {"type": "LineString", "coordinates": [[-58.13237212470899, -32.23570314971], [-58.132819455991395, -32.23573261409838]]}, "properties": {"source": "Unifilar.dxf", "layer": "ELECTRICA ENERSA", "entity": "LINE"}}, {"type": "Feature", "geometry": {"type": "LineString", "coordinates": [[-58.128484261480175, -32.229784397614], [-58.128486110493995, -32.22979635560123]]}, "properties": {"source": "Unifilar.dxf", "layer": "ELECTRICA ENERSA", "entity": "LINE"}}, {"type": "Feature", "geometry": {"type": "LineString", "coordinates": [[-58.12845125119423, -32.22978162568564], [-58.128484261480175, -32.229784397614]]}, "properties": {"source": "Unifilar.dxf", "layer": "ELECTRICA ENERSA", "entity": "LINE"}}, {"type": "Feature", "geometry": {"type": "LineString", "coordinates": [[-58.12848156946493, -32.22979301145648], [-58.12847979867597, -32.2297876234355]]}, "properties": {"source": "Unifilar.dxf", "layer": "ELECTRICA ENERSA", "entity": "LINE"}}, {"type": "Feature", "geometry": {"type": "LineString", "coordinates": [[-58.12847979867597, -32.2297876234355], [-58.12845407067058, -32.22978846452666]]}, "properties": {"source": "Unifilar.dxf", "layer": "ELECTRICA ENERSA", "entity": "LINE"}}, {"type": "Feature", "geometry": {"type": "LineString", "coordinates": [[-58.128486110493995, -32.22979635560123], [-58.1284857844005, -32.22979884266325]]}, "properties": {"source": "Unifilar.dxf", "layer": "ELECTRICA ENERSA", "entity": "LINE"}}, {"type": "Feature", "geometry": {"type": "LineString", "coordinates": [[-58.12848017449805, -32.229794019771866], [-58.12848156946493, -32.22979301145648]]}, "properties": {"source": "Unifilar.dxf", "layer": "ELECTRICA ENERSA", "entity": "LINE"}}, {"type": "Feature", "geometry": {"type": "LineString", "coordinates": [[-58.1284857844005, -32.22979884266325], [-58.12848543812102, -32.229801301798695]]}, "properties": {"source": "Unifilar.dxf", "layer": "ELECTRICA ENERSA", "entity": "LINE"}}, {"type": "Feature", "geometry": {"type": "LineString", "coordinates": [[-58.12848053062647, -32.22980038886279], [-58.12848017449805, -32.229794019771866]]}, "properties": {"source": "Unifilar.dxf", "layer": "ELECTRICA ENERSA", "entity": "LINE"}}, {"type": "Feature", "geometry": {"type": "LineString", "coordinates": [[-58.12848543812102, -32.229801301798695], [-58.128482994466744, -32.22980085929404]]}, "properties": {"source": "Unifilar.dxf", "layer": "ELECTRICA ENERSA", "entity": "LINE"}}, {"type": "Feature", "geometry": {"type": "LineString", "coordinates": [[-58.128483696874646, -32.22980476924952], [-58.128482994466744, -32.22980085929404]]}, "properties": {"source": "Unifilar.dxf", "layer": "ELECTRICA ENERSA", "entity": "LINE"}}, {"type": "Feature", "geometry": {"type": "LineString", "coordinates": [[-58.128482994466744, -32.22980085929404], [-58.12848053062647, -32.22980038886279]]}, "properties": {"source": "Unifilar.dxf", "layer": "ELECTRICA ENERSA", "entity": "LINE"}}, {"type": "Feature", "geometry": {"type": "LineString", "coordinates": [[-58.12840937079076, -32.23050642339645], [-58.12845125119423, -32.22978162568564]]}, "properties": {"source": "Unifilar.dxf", "layer": "ELECTRICA ENERSA", "entity": "LINE"}}, {"type": "Feature", "geometry": {"type": "LineString", "coordinates": [[-58.12845407067058, -32.22978846452666], [-58.128416626253276, -32.2305011789748]]}, "properties": {"source": "Unifilar.dxf", "layer": "ELECTRICA ENERSA", "entity": "LINE"}}, {"type": "Feature", "geometry": {"type": "LineString", "coordinates": [[-58.13086900487351, -32.23322169691158], [-58.1308685359543, -32.23324866840931]]}, "properties": {"source": "Unifilar.dxf", "layer": "ELECTRICA ENERSA", "entity": "LINE"}}, {"type": "Feature", "geometry": {"type": "LineString", "coordinates": [[-58.1308685359543, -32.23324866840931], [-58.13083702851444, -32.23350888435125]]}, "properties": {"source": "Unifilar.dxf", "layer": "ELECTRICA ENERSA", "entity": "LINE"}}, {"type": "Feature", "geometry": {"type": "LineString", "coordinates": [[-58.13083702851444, -32.23350888435125], [-58.131019667570776, -32.233518864507715]]}, "properties": {"source": "Unifilar.dxf", "layer": "ELECTRICA ENERSA", "entity": "LINE"}}, {"type": "Feature", "geometry": {"type": "LineString", "coordinates": [[-58.132808393395315, -32.236113381096224], [-58.13280303330331, -32.236010766772395]]}, "properties": {"source": "Unifilar.dxf", "layer": "ELECTRICA ENERSA", "entity": "LINE"}}, {"type": "Feature", "geometry": {"type": "LineString", "coordinates": [[-58.12876429977023, -32.23052498955824], [-58.128772254423765, -32.230523656380306]]}, "properties": {"source": "Unifilar.dxf", "layer": "ELECTRICA ENERSA", "entity": "LINE"}}, {"type": "Feature", "geometry": {"type": "LineString", "coordinates": [[-58.13277857416615, -32.23669854929734], [-58.132808393395315, -32.236113381096224]]}, "properties": {"source": "Unifilar.dxf", "layer": "ELECTRICA ENERSA", "entity": "LINE"}}, {"type": "Feature", "geometry": {"type": "LineString", "coordinates": [[-58.12875143440527, -32.23052541108851], [-58.12876429977023, -32.23052498955824]]}, "properties": {"source": "Unifilar.dxf", "layer": "ELECTRICA ENERSA", "entity": "LINE"}}, {"type": "Feature", "geometry": {"type": "LineString", "coordinates": [[-58.12874136169861, -32.230523814018625], [-58.12875143440527, -32.23052541108851]]}, "properties": {"source": "Unifilar.dxf", "layer": "ELECTRICA ENERSA", "entity": "LINE"}}, {"type": "Feature", "geometry": {"type": "LineString", "coordinates": [[-58.128421196824924, -32.23051337859136], [-58.12874136169861, -32.230523814018625]]}, "properties": {"source": "Unifilar.dxf", "layer": "ELECTRICA ENERSA", "entity": "LINE"}}, {"type": "Feature", "geometry": {"type": "LineString", "coordinates": [[-58.13076723497277, -32.23350165001453], [-58.13083702851444, -32.23350888435125]]}, "properties": {"source": "Unifilar.dxf", "layer": "ELECTRICA ENERSA", "entity": "LINE"}}, {"type": "Feature", "geometry": {"type": "LineString", "coordinates": [[-58.13082797832449, -32.233628582760716], [-58.13083702851444, -32.23350888435125]]}, "properties": {"source": "Unifilar.dxf", "layer": "ELECTRICA ENERSA", "entity": "LINE"}}, {"type": "Feature", "geometry": {"type": "LineString", "coordinates": [[-58.1319467780048, -32.23568000922226], [-58.13237212470899, -32.23570314971]]}, "properties": {"source": "Unifilar.dxf", "layer": "ELECTRICA ENERSA", "entity": "LINE"}}, {"type": "Feature", "geometry": {"type": "LineString", "coordinates": [[-58.130246627655964, -32.23347188619108], [-58.13076723497277, -32.23350165001453]]}, "properties": {"source": "Unifilar.dxf", "layer": "ELECTRICA ENERSA", "entity": "LINE"}}, {"type": "Feature", "geometry": {"type": "LineString", "coordinates": [[-58.13152020207281, -32.23468144743452], [-58.13151244254261, -32.23509087504783]]}, "properties": {"source": "Unifilar.dxf", "layer": "ELECTRICA ENERSA", "entity": "LINE"}}, {"type": "Feature", "geometry": {"type": "LineString", "coordinates": [[-58.128416626253276, -32.2305011789748], [-58.12842014813753, -32.23051192777131]]}, "properties": {"source": "Unifilar.dxf", "layer": "ELECTRICA ENERSA", "entity": "LINE"}}, {"type": "Feature", "geometry": {"type": "LineString", "coordinates": [[-58.12842014813753, -32.23051192777131], [-58.128421196824924, -32.23051337859136]]}, "properties": {"source": "Unifilar.dxf", "layer": "ELECTRICA ENERSA", "entity": "LINE"}}, {"type": "Feature", "geometry": {"type": "LineString", "coordinates": [[-58.12841041947816, -32.23050787421649], [-58.12840937079076, -32.23050642339645]]}, "properties": {"source": "Unifilar.dxf", "layer": "ELECTRICA ENERSA", "entity": "LINE"}}, {"type": "Feature", "geometry": {"type": "LineString", "coordinates": [[-58.12841049721067, -32.23051444350161], [-58.12841041947816, -32.23050787421649]]}, "properties": {"source": "Unifilar.dxf", "layer": "ELECTRICA ENERSA", "entity": "LINE"}}, {"type": "Feature", "geometry": {"type": "LineString", "coordinates": [[-58.1283140227757, -32.231731370390015], [-58.12840386865575, -32.23051702594313]]}, "properties": {"source": "Unifilar.dxf", "layer": "ELECTRICA ENERSA", "entity": "LINE"}}, {"type": "Feature", "geometry": {"type": "LineString", "coordinates": [[-58.132752504705834, -32.23719665026757], [-58.13277857416615, -32.23669854929734]]}, "properties": {"source": "Unifilar.dxf", "layer": "ELECTRICA ENERSA", "entity": "LINE"}}, {"type": "Feature", "geometry": {"type": "LineString", "coordinates": [[-58.13167622626779, -32.235664762458875], [-58.1319467780048, -32.23568000922226]]}, "properties": {"source": "Unifilar.dxf", "layer": "ELECTRICA ENERSA", "entity": "LINE"}}, {"type": "Feature", "geometry": {"type": "LineString", "coordinates": [[-58.13151244254261, -32.23509087504783], [-58.13148229809288, -32.23542996092561]]}, "properties": {"source": "Unifilar.dxf", "layer": "ELECTRICA ENERSA", "entity": "LINE"}}, {"type": "Feature", "geometry": {"type": "LineString", "coordinates": [[-58.129727415798385, -32.23344111473339], [-58.130246627655964, -32.23347188619108]]}, "properties": {"source": "Unifilar.dxf", "layer": "ELECTRICA ENERSA", "entity": "LINE"}}, {"type": "Feature", "geometry": {"type": "LineString", "coordinates": [[-58.12897811852187, -32.231861513827326], [-58.128965465924004, -32.23201265753138]]}, "properties": {"source": "Unifilar.dxf", "layer": "ELECTRICA ENERSA", "entity": "LINE"}}, {"type": "Feature", "geometry": {"type": "LineString", "coordinates": [[-58.12866660135304, -32.231844827632386], [-58.12897811852187, -32.231861513827326]]}, "properties": {"source": "Unifilar.dxf", "layer": "ELECTRICA ENERSA", "entity": "LINE"}}, {"type": "Feature", "geometry": {"type": "LineString", "coordinates": [[-58.13147583677014, -32.23565431617286], [-58.13167622626779, -32.235664762458875]]}, "properties": {"source": "Unifilar.dxf", "layer": "ELECTRICA ENERSA", "entity": "LINE"}}, {"type": "Feature", "geometry": {"type": "LineString", "coordinates": [[-58.13148229809288, -32.23542996092561], [-58.13147583677014, -32.23565431617286]]}, "properties": {"source": "Unifilar.dxf", "layer": "ELECTRICA ENERSA", "entity": "LINE"}}, {"type": "Feature", "geometry": {"type": "LineString", "coordinates": [[-58.13271605033296, -32.23765570206731], [-58.132752504705834, -32.23719665026757]]}, "properties": {"source": "Unifilar.dxf", "layer": "ELECTRICA ENERSA", "entity": "LINE"}}, {"type": "Feature", "geometry": {"type": "LineString", "coordinates": [[-58.128965465924004, -32.23201265753138], [-58.128959259148886, -32.23201935277307]]}, "properties": {"source": "Unifilar.dxf", "layer": "ELECTRICA ENERSA", "entity": "LINE"}}, {"type": "Feature", "geometry": {"type": "LineString", "coordinates": [[-58.128959259148886, -32.23201935277307], [-58.12895227446555, -32.232015566123664]]}, "properties": {"source": "Unifilar.dxf", "layer": "ELECTRICA ENERSA", "entity": "LINE"}}, {"type": "Feature", "geometry": {"type": "LineString", "coordinates": [[-58.12895227446555, -32.232015566123664], [-58.1289517553254, -32.23203365354187]]}, "properties": {"source": "Unifilar.dxf", "layer": "ELECTRICA ENERSA", "entity": "LINE"}}, {"type": "Feature", "geometry": {"type": "LineString", "coordinates": [[-58.1289517553254, -32.23203365354187], [-58.12891625493829, -32.23248755766173]]}, "properties": {"source": "Unifilar.dxf", "layer": "ELECTRICA ENERSA", "entity": "LINE"}}, {"type": "Feature", "geometry": {"type": "LineString", "coordinates": [[-58.13147074784107, -32.2357489364093], [-58.13147583677014, -32.23565431617286]]}, "properties": {"source": "Unifilar.dxf", "layer": "ELECTRICA ENERSA", "entity": "LINE"}}, {"type": "Feature", "geometry": {"type": "LineString", "coordinates": [[-58.13092782956219, -32.23562660399358], [-58.13147583677014, -32.23565431617286]]}, "properties": {"source": "Unifilar.dxf", "layer": "ELECTRICA ENERSA", "entity": "LINE"}}, {"type": "Feature", "geometry": {"type": "LineString", "coordinates": [[-58.128635123545976, -32.23177659722598], [-58.12863442113807, -32.2317726872705]]}, "properties": {"source": "Unifilar.dxf", "layer": "ELECTRICA ENERSA", "entity": "LINE"}}, {"type": "Feature", "geometry": {"type": "LineString", "coordinates": [[-58.12863442113807, -32.2317726872705], [-58.12831203093615, -32.23174389683849]]}, "properties": {"source": "Unifilar.dxf", "layer": "ELECTRICA ENERSA", "entity": "LINE"}}, {"type": "Feature", "geometry": {"type": "LineString", "coordinates": [[-58.12863710359476, -32.23184397695532], [-58.128635123545976, -32.23177659722598]]}, "properties": {"source": "Unifilar.dxf", "layer": "ELECTRICA ENERSA", "entity": "LINE"}}, {"type": "Feature", "geometry": {"type": "LineString", "coordinates": [[-58.128667650040434, -32.23184627845243], [-58.12866660135304, -32.231844827632386]]}, "properties": {"source": "Unifilar.dxf", "layer": "ELECTRICA ENERSA", "entity": "LINE"}}, {"type": "Feature", "geometry": {"type": "LineString", "coordinates": [[-58.12866558270058, -32.23185223296528], [-58.128667650040434, -32.23184627845243]]}, "properties": {"source": "Unifilar.dxf", "layer": "ELECTRICA ENERSA", "entity": "LINE"}}, {"type": "Feature", "geometry": {"type": "LineString", "coordinates": [[-58.12865383712348, -32.231851845086126], [-58.12866558270058, -32.23185223296528]]}, "properties": {"source": "Unifilar.dxf", "layer": "ELECTRICA ENERSA", "entity": "LINE"}}, {"type": "Feature", "geometry": {"type": "LineString", "coordinates": [[-58.12863745972318, -32.23185034604624], [-58.12865383712348, -32.231851845086126]]}, "properties": {"source": "Unifilar.dxf", "layer": "ELECTRICA ENERSA", "entity": "LINE"}}, {"type": "Feature", "geometry": {"type": "LineString", "coordinates": [[-58.129506875930666, -32.23342747892748], [-58.129727415798385, -32.23344111473339]]}, "properties": {"source": "Unifilar.dxf", "layer": "ELECTRICA ENERSA", "entity": "LINE"}}, {"type": "Feature", "geometry": {"type": "LineString", "coordinates": [[-58.13268998165537, -32.238242535472345], [-58.13271605033296, -32.23765570206731]]}, "properties": {"source": "Unifilar.dxf", "layer": "ELECTRICA ENERSA", "entity": "LINE"}}, {"type": "Feature", "geometry": {"type": "LineString", "coordinates": [[-58.12891625493829, -32.23248755766173], [-58.128901171301855, -32.232964422280375]]}, "properties": {"source": "Unifilar.dxf", "layer": "ELECTRICA ENERSA", "entity": "LINE"}}, {"type": "Feature", "geometry": {"type": "LineString", "coordinates": [[-58.12950769307118, -32.233309313890146], [-58.129506875930666, -32.23342747892748]]}, "properties": {"source": "Unifilar.dxf", "layer": "ELECTRICA ENERSA", "entity": "LINE"}}, {"type": "Feature", "geometry": {"type": "LineString", "coordinates": [[-58.12831203093615, -32.23174389683849], [-58.1283140227757, -32.231731370390015]]}, "properties": {"source": "Unifilar.dxf", "layer": "ELECTRICA ENERSA", "entity": "LINE"}}, {"type": "Feature", "geometry": {"type": "LineString", "coordinates": [[-58.12949466480625, -32.233582762677166], [-58.129506875930666, -32.23342747892748]]}, "properties": {"source": "Unifilar.dxf", "layer": "ELECTRICA ENERSA", "entity": "LINE"}}, {"type": "Feature", "geometry": {"type": "LineString", "coordinates": [[-58.12920682866758, -32.23341137883653], [-58.129506875930666, -32.23342747892748]]}, "properties": {"source": "Unifilar.dxf", "layer": "ELECTRICA ENERSA", "entity": "LINE"}}, {"type": "Feature", "geometry": {"type": "LineString", "coordinates": [[-58.1294700074173, -32.234039914881144], [-58.12949466480625, -32.233582762677166]]}, "properties": {"source": "Unifilar.dxf", "layer": "ELECTRICA ENERSA", "entity": "LINE"}}, {"type": "Feature", "geometry": {"type": "LineString", "coordinates": [[-58.128901171301855, -32.232964422280375], [-58.12888216823022, -32.23339531504719]]}, "properties": {"source": "Unifilar.dxf", "layer": "ELECTRICA ENERSA", "entity": "LINE"}}, {"type": "Feature", "geometry": {"type": "LineString", "coordinates": [[-58.12888216823022, -32.23339531504719], [-58.12920682866758, -32.23341137883653]]}, "properties": {"source": "Unifilar.dxf", "layer": "ELECTRICA ENERSA", "entity": "LINE"}}, {"type": "Feature", "geometry": {"type": "LineString", "coordinates": [[-58.13266608561447, -32.23871575071869], [-58.13268998165537, -32.238242535472345]]}, "properties": {"source": "Unifilar.dxf", "layer": "ELECTRICA ENERSA", "entity": "LINE"}}, {"type": "Feature", "geometry": {"type": "LineString", "coordinates": [[-58.12943083003711, -32.234587460136865], [-58.1294700074173, -32.234039914881144]]}, "properties": {"source": "Unifilar.dxf", "layer": "ELECTRICA ENERSA", "entity": "LINE"}}, {"type": "Feature", "geometry": {"type": "LineString", "coordinates": [[-58.12887302494313, -32.23354838129076], [-58.12888216823022, -32.23339531504719]]}, "properties": {"source": "Unifilar.dxf", "layer": "ELECTRICA ENERSA", "entity": "LINE"}}, {"type": "Feature", "geometry": {"type": "LineString", "coordinates": [[-58.12870023108945, -32.233389244165075], [-58.12888216823022, -32.23339531504719]]}, "properties": {"source": "Unifilar.dxf", "layer": "ELECTRICA ENERSA", "entity": "LINE"}}, {"type": "Feature", "geometry": {"type": "LineString", "coordinates": [[-58.128687712003966, -32.233387206559904], [-58.12870023108945, -32.233389244165075]]}, "properties": {"source": "Unifilar.dxf", "layer": "ELECTRICA ENERSA", "entity": "LINE"}}, {"type": "Feature", "geometry": {"type": "LineString", "coordinates": [[-58.128686317037086, -32.23338821487529], [-58.128687712003966, -32.233387206559904]]}, "properties": {"source": "Unifilar.dxf", "layer": "ELECTRICA ENERSA", "entity": "LINE"}}, {"type": "Feature", "geometry": {"type": "LineString", "coordinates": [[-58.12868569285404, -32.23339087488606], [-58.128686317037086, -32.23338821487529]]}, "properties": {"source": "Unifilar.dxf", "layer": "ELECTRICA ENERSA", "entity": "LINE"}}, {"type": "Feature", "geometry": {"type": "LineString", "coordinates": [[-58.128678819019676, -32.23344248205216], [-58.12868569285404, -32.23339087488606]]}, "properties": {"source": "Unifilar.dxf", "layer": "ELECTRICA ENERSA", "entity": "LINE"}}, {"type": "Feature", "geometry": {"type": "LineString", "coordinates": [[-58.12868492787627, -32.23342918959876], [-58.128678819019676, -32.23344248205216]]}, "properties": {"source": "Unifilar.dxf", "layer": "ELECTRICA ENERSA", "entity": "LINE"}}, {"type": "Feature", "geometry": {"type": "LineString", "coordinates": [[-58.1286726149691, -32.233449175324495], [-58.128678819019676, -32.23344248205216]]}, "properties": {"source": "Unifilar.dxf", "layer": "ELECTRICA ENERSA", "entity": "LINE"}}, {"type": "Feature", "geometry": {"type": "LineString", "coordinates": [[-58.1286447456664, -32.23347819778525], [-58.1286726149691, -32.233449175324495]]}, "properties": {"source": "Unifilar.dxf", "layer": "ELECTRICA ENERSA", "entity": "LINE"}}, {"type": "Feature", "geometry": {"type": "LineString", "coordinates": [[-58.12862564621592, -32.23347645643491], [-58.1286447456664, -32.23347819778525]]}, "properties": {"source": "Unifilar.dxf", "layer": "ELECTRICA ENERSA", "entity": "LINE"}}, {"type": "Feature", "geometry": {"type": "LineString", "coordinates": [[-58.12862389058962, -32.23351986236723], [-58.12862564621592, -32.23347645643491]]}, "properties": {"source": "Unifilar.dxf", "layer": "ELECTRICA ENERSA", "entity": "LINE"}}, {"type": "Feature", "geometry": {"type": "LineString", "coordinates": [[-58.1637373218413, -32.22072221914578], [-58.16372554823821, -32.22067525544759], [-58.16367963332181, -32.220688479283986], [-58.16369035789694, -32.2207339924083], [-58.1637373218413, -32.22072221914578]]}, "properties": {"source": "Unifilar.dxf", "layer": "ELECTRICA ENERSA", "entity": "LWPOLYLINE"}}, {"type": "Feature", "geometry": {"type": "LineString", "coordinates": [[-58.1637145647868, -32.220727580752204], [-58.16371821281971, -32.22074490842903]]}, "properties": {"source": "Unifilar.dxf", "layer": "ELECTRICA ENERSA", "entity": "LINE"}}, {"type": "Feature", "geometry": {"type": "LineString", "coordinates": [[-58.16273638689649, -32.22198049159996], [-58.162690452627, -32.22199368794473], [-58.16270367670957, -32.2220396032017], [-58.162749611660196, -32.22202640636458], [-58.16273638689649, -32.22198049159996]]}, "properties": {"source": "Unifilar.dxf", "layer": "ELECTRICA ENERSA", "entity": "LWPOLYLINE"}}, {"type": "Feature", "geometry": {"type": "LineString", "coordinates": [[-58.16274279855258, -32.22200469848982], [-58.16275905716722, -32.22199957288376]]}, "properties": {"source": "Unifilar.dxf", "layer": "ELECTRICA ENERSA", "entity": "LINE"}}, {"type": "Feature", "geometry": {"type": "LineString", "coordinates": [[-58.15682378801245, -32.2193691069542], [-58.156811639862724, -32.21932462282362], [-58.15676464897646, -32.21933641763441], [-58.15677787374017, -32.219382332399036], [-58.15682378801245, -32.2193691069542]]}, "properties": {"source": "Unifilar.dxf", "layer": "ELECTRICA ENERSA", "entity": "LWPOLYLINE"}}, {"type": "Feature", "geometry": {"type": "LineString", "coordinates": [[-58.15679958112259, -32.21937551861029], [-58.156804678309726, -32.219391796729795]]}, "properties": {"source": "Unifilar.dxf", "layer": "ELECTRICA ENERSA", "entity": "LINE"}}, {"type": "Feature", "geometry": {"type": "LineString", "coordinates": [[-58.160877890043885, -32.22523871953818], [-58.16086321514127, -32.22519385296861], [-58.1608172998843, -32.225207077051174], [-58.160830524648006, -32.2252529918158], [-58.160877890043885, -32.22523871953818]]}, "properties": {"source": "Unifilar.dxf", "layer": "ELECTRICA ENERSA", "entity": "LWPOLYLINE"}}, {"type": "Feature", "geometry": {"type": "LineString", "coordinates": [[-58.15563201262818, -32.219740166191606], [-58.15561733704443, -32.219695300114374], [-58.15557247047486, -32.21970997501699], [-58.155587165752266, -32.21975486833966], [-58.15563201262818, -32.219740166191606]]}, "properties": {"source": "Unifilar.dxf", "layer": "ELECTRICA ENERSA", "entity": "LWPOLYLINE"}}, {"type": "Feature", "geometry": {"type": "LineString", "coordinates": [[-58.15560887411937, -32.21974805591319], [-58.15561542212656, -32.2197632853453]]}, "properties": {"source": "Unifilar.dxf", "layer": "ELECTRICA ENERSA", "entity": "LINE"}}, {"type": "Feature", "geometry": {"type": "LineString", "coordinates": [[-58.15453426597822, -32.21914242523251], [-58.154486664393175, -32.21915020024375], [-58.15449446008276, -32.219197830436514], [-58.15454206234894, -32.21919005493293], [-58.15453426597822, -32.21914242523251]]}, "properties": {"source": "Unifilar.dxf", "layer": "ELECTRICA ENERSA", "entity": "LWPOLYLINE"}}, {"type": "Feature", "geometry": {"type": "LineString", "coordinates": [[-58.15453817812687, -32.21916622998972], [-58.154554054302515, -32.219163631136546]]}, "properties": {"source": "Unifilar.dxf", "layer": "ELECTRICA ENERSA", "entity": "LINE"}}, {"type": "Feature", "geometry": {"type": "LineString", "coordinates": [[-58.14965623390197, -32.213999281412], [-58.14964303000541, -32.213953394081614], [-58.14959709505478, -32.21396659091874], [-58.14960927044995, -32.214011055355655], [-58.14965623390197, -32.213999281412]]}, "properties": {"source": "Unifilar.dxf", "layer": "ELECTRICA ENERSA", "entity": "LWPOLYLINE"}}, {"type": "Feature", "geometry": {"type": "LineString", "coordinates": [[-58.14963347733981, -32.21400464369956], [-58.14963857619277, -32.214020922689]]}, "properties": {"source": "Unifilar.dxf", "layer": "ELECTRICA ENERSA", "entity": "LINE"}}, {"type": "Feature", "geometry": {"type": "LineString", "coordinates": [[-58.14733418866803, -32.211228899594204], [-58.1473463640632, -32.21127336403112], [-58.147393327515225, -32.21126159008747], [-58.14738010343266, -32.2112156748305], [-58.14733418866803, -32.211228899594204]]}, "properties": {"source": "Unifilar.dxf", "layer": "ELECTRICA ENERSA", "entity": "LWPOLYLINE"}}, {"type": "Feature", "geometry": {"type": "LineString", "coordinates": [[-58.14735839580407, -32.21122248827868], [-58.14735329744345, -32.21120620997038]]}, "properties": {"source": "Unifilar.dxf", "layer": "ELECTRICA ENERSA", "entity": "LINE"}}, {"type": "Feature", "geometry": {"type": "LineString", "coordinates": [[-58.1555027974073, -32.22252064138685], [-58.15554830954693, -32.22250991544946], [-58.155539063037295, -32.22246333394409], [-58.15549102414478, -32.222473677442494], [-58.1555027974073, -32.22252064138685]]}, "properties": {"source": "Unifilar.dxf", "layer": "ELECTRICA ENERSA", "entity": "LWPOLYLINE"}}, {"type": "Feature", "geometry": {"type": "LineString", "coordinates": [[-58.155497435800875, -32.222497884332356], [-58.15548155894409, -32.22250048367787]]}, "properties": {"source": "Unifilar.dxf", "layer": "ELECTRICA ENERSA", "entity": "LINE"}}, {"type": "Feature", "geometry": {"type": "LineString", "coordinates": [[-58.155256054087104, -32.223213760072966], [-58.15524282864226, -32.22316784580068], [-58.155195462565246, -32.22318211857064], [-58.155210138830135, -32.22322698415553], [-58.155256054087104, -32.223213760072966]]}, "properties": {"source": "Unifilar.dxf", "layer": "ELECTRICA ENERSA", "entity": "LWPOLYLINE"}}, {"type": "Feature", "geometry": {"type": "LineString", "coordinates": [[-58.155231847197236, -32.223220171729054], [-58.15523694370324, -32.223236450340906]]}, "properties": {"source": "Unifilar.dxf", "layer": "ELECTRICA ENERSA", "entity": "LINE"}}, {"type": "Feature", "geometry": {"type": "LineString", "coordinates": [[-58.15118127793443, -32.21790495173579], [-58.151225721693, -32.2178927477329], [-58.15121399586194, -32.21784579202146], [-58.15116808109731, -32.21785901678516], [-58.15118127793443, -32.21790495173579]]}, "properties": {"source": "Unifilar.dxf", "layer": "ELECTRICA ENERSA", "entity": "LWPOLYLINE"}}, {"type": "Feature", "geometry": {"type": "LineString", "coordinates": [[-58.151174874700054, -32.217880696241], [-58.15115858815883, -32.21788584203306]]}, "properties": {"source": "Unifilar.dxf", "layer": "ELECTRICA ENERSA", "entity": "LINE"}}, {"type": "Feature", "geometry": {"type": "LineString", "coordinates": [[-58.15272069351266, -32.2206485819479], [-58.15270456642773, -32.2206047650504], [-58.15265967261271, -32.22061945964668], [-58.152674376123045, -32.22066430553791], [-58.15272069351266, -32.2206485819479]]}, "properties": {"source": "Unifilar.dxf", "layer": "ELECTRICA ENERSA", "entity": "LWPOLYLINE"}}, {"type": "Feature", "geometry": {"type": "LineString", "coordinates": [[-58.15269753432551, -32.22065644306176], [-58.15270263181619, -32.22067272303589]]}, "properties": {"source": "Unifilar.dxf", "layer": "ELECTRICA ENERSA", "entity": "LINE"}}, {"type": "Feature", "geometry": {"type": "LineString", "coordinates": [[-58.154618499126286, -32.22340610923203], [-58.154607773188886, -32.2233605970924], [-58.15456080924453, -32.22337237035492], [-58.15457153518192, -32.22341788249455], [-58.154618499126286, -32.22340610923203]]}, "properties": {"source": "Unifilar.dxf", "layer": "ELECTRICA ENERSA", "entity": "LWPOLYLINE"}}, {"type": "Feature", "geometry": {"type": "LineString", "coordinates": [[-58.154594292236425, -32.223412520888125], [-58.154599388742426, -32.22342879949998]]}, "properties": {"source": "Unifilar.dxf", "layer": "ELECTRICA ENERSA", "entity": "LINE"}}, {"type": "Feature", "geometry": {"type": "LineString", "coordinates": [[-58.15622246678192, -32.22658904647183], [-58.15623859386685, -32.226632863369325], [-58.15628345907415, -32.22661818945139], [-58.15626773548414, -32.226571872061776], [-58.15622246678192, -32.22658904647183]]}, "properties": {"source": "Unifilar.dxf", "layer": "ELECTRICA ENERSA", "entity": "LWPOLYLINE"}}, {"type": "Feature", "geometry": {"type": "LineString", "coordinates": [[-58.15624562596907, -32.226581185357965], [-58.156240528478385, -32.226564905383846]]}, "properties": {"source": "Unifilar.dxf", "layer": "ELECTRICA ENERSA", "entity": "LINE"}}, {"type": "Feature", "geometry": {"type": "LineString", "coordinates": [[-58.155473518086495, -32.22689742306132], [-58.15552088416351, -32.22688315029135], [-58.15553410824607, -32.22692906554832], [-58.15550990135621, -32.226935477204414]]}, "properties": {"source": "Unifilar.dxf", "layer": "ELECTRICA ENERSA", "entity": "LWPOLYLINE"}}, {"type": "Feature", "geometry": {"type": "LineString", "coordinates": [[-58.15550990135621, -32.226935477204414], [-58.15550542181255, -32.22692316823613]]}, "properties": {"source": "Unifilar.dxf", "layer": "ELECTRICA ENERSA", "entity": "LWPOLYLINE"}}, {"type": "Feature", "geometry": {"type": "LineString", "coordinates": [[-58.15550542181255, -32.22692316823613], [-58.15551230102558, -32.22692040461294], [-58.155513536031265, -32.22691288541227], [-58.15551182109547, -32.22690745701929], [-58.15550615484751, -32.22690267381877], [-58.155501107531244, -32.22690186298636], [-58.155495277005606, -32.22690607742959], [-58.15549304161391, -32.22691215237732], [-58.15549473028894, -32.22691760182623], [-58.155500422797665, -32.226922363970814], [-58.15550542181255, -32.22692316823613]]}, "properties": {"source": "Unifilar.dxf", "layer": "ELECTRICA ENERSA", "entity": "LWPOLYLINE"}}, {"type": "Feature", "geometry": {"type": "LineString", "coordinates": [[-58.15550990135621, -32.226935477204414], [-58.15548819298911, -32.226942289630884], [-58.155473518086495, -32.22689742306132]]}, "properties": {"source": "Unifilar.dxf", "layer": "ELECTRICA ENERSA", "entity": "LWPOLYLINE"}}, {"type": "Feature", "geometry": {"type": "LineString", "coordinates": [[-58.15549519784588, -32.22689063131318], [-58.15549050248785, -32.22687185183162]]}, "properties": {"source": "Unifilar.dxf", "layer": "ELECTRICA ENERSA", "entity": "LINE"}}, {"type": "Feature", "geometry": {"type": "LineString", "coordinates": [[-58.157407704470735, -32.229772860395606], [-58.15736179019845, -32.229786085840445], [-58.157375014281016, -32.229832001097414], [-58.15741947773325, -32.22981982433997], [-58.157407704470735, -32.229772860395606]]}, "properties": {"source": "Unifilar.dxf", "layer": "ELECTRICA ENERSA", "entity": "LWPOLYLINE"}}, {"type": "Feature", "geometry": {"type": "LineString", "coordinates": [[-58.15741411476455, -32.22979706827015], [-58.157430394738675, -32.22979197077947]]}, "properties": {"source": "Unifilar.dxf", "layer": "ELECTRICA ENERSA", "entity": "LINE"}}, {"type": "Feature", "geometry": {"type": "LineString", "coordinates": [[-58.15697608028748, -32.229221737048825], [-58.15699349813494, -32.229273454223716], [-58.15702668991779, -32.22922729108555], [-58.15697608028748, -32.229221737048825]]}, "properties": {"source": "Unifilar.dxf", "layer": "ELECTRICA ENERSA", "entity": "LWPOLYLINE"}}, {"type": "Feature", "geometry": {"type": "LineString", "coordinates": [[-58.157000120552716, -32.229224322658894], [-58.1570033540798, -32.22920423173647]]}, "properties": {"source": "Unifilar.dxf", "layer": "ELECTRICA ENERSA", "entity": "LINE"}}, {"type": "Feature", "geometry": {"type": "LineString", "coordinates": [[-58.1442107507383, -32.21211088158036], [-58.144223996122975, -32.212156823438654], [-58.14426991113377, -32.21214359901552], [-58.144257734376325, -32.212099135563285], [-58.1442107507383, -32.21211088158036]]}, "properties": {"source": "Unifilar.dxf", "layer": "ELECTRICA ENERSA", "entity": "LWPOLYLINE"}}, {"type": "Feature", "geometry": {"type": "LineString", "coordinates": [[-58.14423352724029, -32.21210554687881], [-58.144228410055945, -32.21208923965924]]}, "properties": {"source": "Unifilar.dxf", "layer": "ELECTRICA ENERSA", "entity": "LINE"}}, {"type": "Feature", "geometry": {"type": "LineString", "coordinates": [[-58.15071055103224, -32.221327180266776], [-58.15072522729713, -32.221372045851666], [-58.150770091519746, -32.22135737057146], [-58.15075686743718, -32.22131145531449], [-58.15071055103224, -32.221327180266776]]}, "properties": {"source": "Unifilar.dxf", "layer": "ELECTRICA ENERSA", "entity": "LWPOLYLINE"}}, {"type": "Feature", "geometry": {"type": "LineString", "coordinates": [[-58.15073370923471, -32.22131931779064], [-58.15072858412099, -32.22130305985713]]}, "properties": {"source": "Unifilar.dxf", "layer": "ELECTRICA ENERSA", "entity": "LINE"}}, {"type": "Feature", "geometry": {"type": "LineString", "coordinates": [[-58.152036556574096, -32.22415629783954], [-58.15201793096641, -32.224112080171665], [-58.15197268332011, -32.22412928084248], [-58.151991308550215, -32.22417350085732], [-58.152036556574096, -32.22415629783954]]}, "properties": {"source": "Unifilar.dxf", "layer": "ELECTRICA ENERSA", "entity": "LWPOLYLINE"}}, {"type": "Feature", "geometry": {"type": "LineString", "coordinates": [[-58.15201342561708, -32.22416414062202], [-58.15201852447003, -32.224180419611464]]}, "properties": {"source": "Unifilar.dxf", "layer": "ELECTRICA ENERSA", "entity": "LINE"}}, {"type": "Feature", "geometry": {"type": "LineString", "coordinates": [[-58.14923961147832, -32.22176027824862], [-58.14922639494754, -32.22171431605254], [-58.14918047969058, -32.22172754013511], [-58.1491926278403, -32.22177202426569], [-58.14923961147832, -32.22176027824862]]}, "properties": {"source": "Unifilar.dxf", "layer": "ELECTRICA ENERSA", "entity": "LWPOLYLINE"}}, {"type": "Feature", "geometry": {"type": "LineString", "coordinates": [[-58.14921683473016, -32.221765612609595], [-58.14922198052223, -32.22178189915082]]}, "properties": {"source": "Unifilar.dxf", "layer": "ELECTRICA ENERSA", "entity": "LINE"}}, {"type": "Feature", "geometry": {"type": "LineString", "coordinates": [[-58.144677871538434, -32.21546767296565], [-58.144659217700614, -32.21542347362916], [-58.14461499817812, -32.2154420995404], [-58.1446336515236, -32.215486298195756], [-58.144677871538434, -32.21546767296565]]}, "properties": {"source": "Unifilar.dxf", "layer": "ELECTRICA ENERSA", "entity": "LWPOLYLINE"}}, {"type": "Feature", "geometry": {"type": "LineString", "coordinates": [[-58.14465576153102, -32.2154769855807], [-58.14466231071168, -32.21549221520161]]}, "properties": {"source": "Unifilar.dxf", "layer": "ELECTRICA ENERSA", "entity": "LINE"}}, {"type": "Feature", "geometry": {"type": "LineString", "coordinates": [[-58.146041774724296, -32.21804529469438], [-58.14603002870722, -32.217998311056355], [-58.145984113942596, -32.21801153582006], [-58.14599483988, -32.21805704795969], [-58.146041774724296, -32.21804529469438]]}, "properties": {"source": "Unifilar.dxf", "layer": "ELECTRICA ENERSA", "entity": "LWPOLYLINE"}}, {"type": "Feature", "geometry": {"type": "LineString", "coordinates": [[-58.14601901865448, -32.21805065766308], [-58.14602309557314, -32.21806546545767]]}, "properties": {"source": "Unifilar.dxf", "layer": "ELECTRICA ENERSA", "entity": "LINE"}}, {"type": "Feature", "geometry": {"type": "LineString", "coordinates": [[-58.14736199392719, -32.220102007316626], [-58.14731519660746, -32.22010478331298], [-58.1473175709635, -32.22015408082129], [-58.14736436964551, -32.22015130384025], [-58.14736199392719, -32.220102007316626]]}, "properties": {"source": "Unifilar.dxf", "layer": "ELECTRICA ENERSA", "entity": "LWPOLYLINE"}}, {"type": "Feature", "geometry": {"type": "LineString", "coordinates": [[-58.1473629771903, -32.22012792914228], [-58.147379901372204, -32.22012678160149]]}, "properties": {"source": "Unifilar.dxf", "layer": "ELECTRICA ENERSA", "entity": "LINE"}}, {"type": "Feature", "geometry": {"type": "LineString", "coordinates": [[-58.15397551861744, -32.23002819615583], [-58.15396231286627, -32.22998230912899], [-58.153916808656014, -32.22999298578033], [-58.15392855467309, -32.23003996941834], [-58.15397551861744, -32.23002819615583]]}, "properties": {"source": "Unifilar.dxf", "layer": "ELECTRICA ENERSA", "entity": "LWPOLYLINE"}}, {"type": "Feature", "geometry": {"type": "LineString", "coordinates": [[-58.15395026205551, -32.2300331556296], [-58.15395538815391, -32.230049414925375]]}, "properties": {"source": "Unifilar.dxf", "layer": "ELECTRICA ENERSA", "entity": "LINE"}}, {"type": "Feature", "geometry": {"type": "LineString", "coordinates": [[-58.141827882403085, -32.2135293170483], [-58.14178298771814, -32.2135440133104], [-58.1417976909823, -32.21358885886106], [-58.14184400812575, -32.21357313493048], [-58.141827882403085, -32.2135293170483]]}, "properties": {"source": "Unifilar.dxf", "layer": "ELECTRICA ENERSA", "entity": "LWPOLYLINE"}}, {"type": "Feature", "geometry": {"type": "LineString", "coordinates": [[-58.14183469482956, -32.213551025415406], [-58.14185095412534, -32.213545899317005]]}, "properties": {"source": "Unifilar.dxf", "layer": "ELECTRICA ENERSA", "entity": "LINE"}}, {"type": "Feature", "geometry": {"type": "LineString", "coordinates": [[-58.1516222680075, -32.22776408630552], [-58.15160907117038, -32.2277181513549], [-58.15156312829038, -32.22773139747808], [-58.151576380980664, -32.2277772920567], [-58.1516222680075, -32.22776408630552]]}, "properties": {"source": "Unifilar.dxf", "layer": "ELECTRICA ENERSA", "entity": "LWPOLYLINE"}}, {"type": "Feature", "geometry": {"type": "LineString", "coordinates": [[-58.15159806111764, -32.227770497961615], [-58.15160315762364, -32.22778677657347]]}, "properties": {"source": "Unifilar.dxf", "layer": "ELECTRICA ENERSA", "entity": "LINE"}}, {"type": "Feature", "geometry": {"type": "LineString", "coordinates": [[-58.14263477513014, -32.216198932559], [-58.14267752364658, -32.21618132740857], [-58.142658870301105, -32.21613712875322], [-58.14261612153849, -32.21615473356308], [-58.14263477513014, -32.216198932559]]}, "properties": {"source": "Unifilar.dxf", "layer": "ELECTRICA ENERSA", "entity": "LWPOLYLINE"}}, {"type": "Feature", "geometry": {"type": "LineString", "coordinates": [[-58.14262546183395, -32.216176823043924], [-58.14261023264801, -32.21618337139167]]}, "properties": {"source": "Unifilar.dxf", "layer": "ELECTRICA ENERSA", "entity": "LINE"}}, {"type": "Feature", "geometry": {"type": "LineString", "coordinates": [[-58.148993393950576, -32.225996537929035], [-58.1489491466903, -32.2260151828528], [-58.14896781885951, -32.22605941041942], [-58.149012018196004, -32.2260407565816], [-58.148993393950576, -32.225996537929035]]}, "properties": {"source": "Unifilar.dxf", "layer": "ELECTRICA ENERSA", "entity": "LWPOLYLINE"}}, {"type": "Feature", "geometry": {"type": "LineString", "coordinates": [[-58.149002707246765, -32.22601864744411], [-58.14901793618654, -32.22601209875579]]}, "properties": {"source": "Unifilar.dxf", "layer": "ELECTRICA ENERSA", "entity": "LINE"}}, {"type": "Feature", "geometry": {"type": "LineString", "coordinates": [[-58.14340394647101, -32.21888693612596], [-58.14337072857955, -32.21885326403541], [-58.14333705599665, -32.21888648124574], [-58.143370273888124, -32.21892015333629], [-58.14340394647101, -32.21888693612596]]}, "properties": {"source": "Unifilar.dxf", "layer": "ELECTRICA ENERSA", "entity": "LWPOLYLINE"}}, {"type": "Feature", "geometry": {"type": "LineString", "coordinates": [[-58.143387100086564, -32.21890353076783], [-58.14339950703831, -32.218914526251844]]}, "properties": {"source": "Unifilar.dxf", "layer": "ELECTRICA ENERSA", "entity": "LINE"}}, {"type": "Feature", "geometry": {"type": "LineString", "coordinates": [[-58.14954029081636, -32.2278644347177], [-58.14958410869854, -32.22784830899504], [-58.14956693292621, -32.2278030412775], [-58.14952166422398, -32.22782021568756], [-58.14954029081636, -32.2278644347177]]}, "properties": {"source": "Unifilar.dxf", "layer": "ELECTRICA ENERSA", "entity": "LWPOLYLINE"}}, {"type": "Feature", "geometry": {"type": "LineString", "coordinates": [[-58.14953097752017, -32.22784232520263], [-58.14951576691179, -32.22784890212108]]}, "properties": {"source": "Unifilar.dxf", "layer": "ELECTRICA ENERSA", "entity": "LINE"}}, {"type": "Feature", "geometry": {"type": "LineString", "coordinates": [[-58.1411982894238, -32.21647396475504], [-58.14118361452119, -32.21642909818547], [-58.14113874844396, -32.21644377376922], [-58.1411534231004, -32.216488639998225], [-58.1411982894238, -32.21647396475504]]}, "properties": {"source": "Unifilar.dxf", "layer": "ELECTRICA ENERSA", "entity": "LWPOLYLINE"}}, {"type": "Feature", "geometry": {"type": "LineString", "coordinates": [[-58.14117513072899, -32.216481826550044], [-58.141180229335774, -32.216498105198916]]}, "properties": {"source": "Unifilar.dxf", "layer": "ELECTRICA ENERSA", "entity": "LINE"}}, {"type": "Feature", "geometry": {"type": "LineString", "coordinates": [[-58.138866586990055, -32.21361958811143], [-58.13887437246355, -32.21366720417061], [-58.13892200056386, -32.2136594055862], [-58.138914179721276, -32.213611797981926], [-58.138866586990055, -32.21361958811143]]}, "properties": {"source": "Unifilar.dxf", "layer": "ELECTRICA ENERSA", "entity": "LWPOLYLINE"}}, {"type": "Feature", "geometry": {"type": "LineString", "coordinates": [[-58.138890398024614, -32.213615684647266], [-58.13888780041063, -32.21359980731665]]}, "properties": {"source": "Unifilar.dxf", "layer": "ELECTRICA ENERSA", "entity": "LINE"}}, {"type": "Feature", "geometry": {"type": "LineString", "coordinates": [[-58.149377258890844, -32.228381722809935], [-58.14936401511462, -32.228335780307525], [-58.14931809985765, -32.22834900439009], [-58.14933027525283, -32.22839346882701], [-58.149377258890844, -32.228381722809935]]}, "properties": {"source": "Unifilar.dxf", "layer": "ELECTRICA ENERSA", "entity": "LWPOLYLINE"}}, {"type": "Feature", "geometry": {"type": "LineString", "coordinates": [[-58.14935448214269, -32.22838705717091], [-58.14935814986926, -32.22840441209319]]}, "properties": {"source": "Unifilar.dxf", "layer": "ELECTRICA ENERSA", "entity": "LINE"}}, {"type": "Feature", "geometry": {"type": "LineString", "coordinates": [[-58.15025413998978, -32.23071225221156], [-58.15020475569771, -32.23073906945783], [-58.15025653453183, -32.230761577646454], [-58.15025413998978, -32.23071225221156]]}, "properties": {"source": "Unifilar.dxf", "layer": "ELECTRICA ENERSA", "entity": "LWPOLYLINE"}}, {"type": "Feature", "geometry": {"type": "LineString", "coordinates": [[-58.150255524023265, -32.23073567551446], [-58.150274949074884, -32.230734929121645]]}, "properties": {"source": "Unifilar.dxf", "layer": "ELECTRICA ENERSA", "entity": "LINE"}}, {"type": "Feature", "geometry": {"type": "LineString", "coordinates": [[-58.15536496228914, -32.23791486870957], [-58.15535423635174, -32.23786935656994], [-58.15530727339206, -32.23788113119473], [-58.15531799932946, -32.23792664333436], [-58.15536496228914, -32.23791486870957]]}, "properties": {"source": "Unifilar.dxf", "layer": "ELECTRICA ENERSA", "entity": "LWPOLYLINE"}}, {"type": "Feature", "geometry": {"type": "LineString", "coordinates": [[-58.15534075638396, -32.237921281727935], [-58.155345851905274, -32.23793755897751]]}, "properties": {"source": "Unifilar.dxf", "layer": "ELECTRICA ENERSA", "entity": "LINE"}}, {"type": "Feature", "geometry": {"type": "LineString", "coordinates": [[-58.150596386983686, -32.23145893344846], [-58.15061211193596, -32.2315052498534], [-58.15065737927592, -32.23148807642802], [-58.15064125355325, -32.23144425854584], [-58.150596386983686, -32.23145893344846]]}, "properties": {"source": "Unifilar.dxf", "layer": "ELECTRICA ENERSA", "entity": "LWPOLYLINE"}}, {"type": "Feature", "geometry": {"type": "LineString", "coordinates": [[-58.15061954518615, -32.23145107097232], [-58.15061401793978, -32.231437312546255]]}, "properties": {"source": "Unifilar.dxf", "layer": "ELECTRICA ENERSA", "entity": "LINE"}}, {"type": "Feature", "geometry": {"type": "LineString", "coordinates": [[-58.140023734137706, -32.216825949348], [-58.14001698713552, -32.21677976997529], [-58.13996938555048, -32.21678754498652], [-58.13997718124006, -32.216835175179284], [-58.140023734137706, -32.216825949348]]}, "properties": {"source": "Unifilar.dxf", "layer": "ELECTRICA ENERSA", "entity": "LWPOLYLINE"}}, {"type": "Feature", "geometry": {"type": "LineString", "coordinates": [[-58.13999993755605, -32.216829812551154], [-58.14000360392034, -32.216847168458116]]}, "properties": {"source": "Unifilar.dxf", "layer": "ELECTRICA ENERSA", "entity": "LINE"}}, {"type": "Feature", "geometry": {"type": "LineString", "coordinates": [[-58.14879527525681, -32.22946136814481], [-58.148784028711354, -32.229507215630534], [-58.148829876197084, -32.22951846217599], [-58.148841124104806, -32.22947261370558], [-58.14879527525681, -32.22946136814481]]}, "properties": {"source": "Unifilar.dxf", "layer": "ELECTRICA ENERSA", "entity": "LWPOLYLINE"}}, {"type": "Feature", "geometry": {"type": "LineString", "coordinates": [[-58.14881745736451, -32.22946754926641], [-58.14882133509937, -32.22945140829388]]}, "properties": {"source": "Unifilar.dxf", "layer": "ELECTRICA ENERSA", "entity": "LINE"}}, {"type": "Feature", "geometry": {"type": "LineString", "coordinates": [[-58.14803118293846, -32.22875115746858], [-58.148017958855895, -32.22870524221161], [-58.14797204359893, -32.22871846629418], [-58.14798419930044, -32.22876290348565], [-58.14803118293846, -32.22875115746858]]}, "properties": {"source": "Unifilar.dxf", "layer": "ELECTRICA ENERSA", "entity": "LWPOLYLINE"}}, {"type": "Feature", "geometry": {"type": "LineString", "coordinates": [[-58.148006975063915, -32.2287575677624], [-58.14801207391687, -32.228773846751835]]}, "properties": {"source": "Unifilar.dxf", "layer": "ELECTRICA ENERSA", "entity": "LINE"}}, {"type": "Feature", "geometry": {"type": "LineString", "coordinates": [[-58.14128214477797, -32.219675085779556], [-58.1412660190553, -32.21963126789738], [-58.14122075084542, -32.21964844298857], [-58.141237925255474, -32.219693711690795], [-58.14128214477797, -32.219675085779556]]}, "properties": {"source": "Unifilar.dxf", "layer": "ELECTRICA ENERSA", "entity": "LWPOLYLINE"}}, {"type": "Feature", "geometry": {"type": "LineString", "coordinates": [[-58.14126003477055, -32.219684398394605], [-58.141266611689, -32.219699609002994]]}, "properties": {"source": "Unifilar.dxf", "layer": "ELECTRICA ENERSA", "entity": "LINE"}}, {"type": "Feature", "geometry": {"type": "LineString", "coordinates": [[-58.14451185149034, -32.22496901693689], [-58.14451200475712, -32.22492010020176], [-58.144464539826714, -32.22491889960986], [-58.14446336549558, -32.224966343484326], [-58.14451185149034, -32.22496901693689]]}, "properties": {"source": "Unifilar.dxf", "layer": "ELECTRICA ENERSA", "entity": "LWPOLYLINE"}}, {"type": "Feature", "geometry": {"type": "LineString", "coordinates": [[-58.14448781024043, -32.224966429964546], [-58.144487479338125, -32.22498442487446]]}, "properties": {"source": "Unifilar.dxf", "layer": "ELECTRICA ENERSA", "entity": "LINE"}}, {"type": "Feature", "geometry": {"type": "LineString", "coordinates": [[-58.15398904625044, -32.238325878538205], [-58.1539753914275, -32.238282483467025], [-58.15392947617053, -32.23829570754959], [-58.153942702600055, -32.23834162318415], [-58.15398904625044, -32.238325878538205]]}, "properties": {"source": "Unifilar.dxf", "layer": "ELECTRICA ENERSA", "entity": "LWPOLYLINE"}}, {"type": "Feature", "geometry": {"type": "LineString", "coordinates": [[-58.15396586080252, -32.23833376070801], [-58.15397098690092, -32.238350020003786]]}, "properties": {"source": "Unifilar.dxf", "layer": "ELECTRICA ENERSA", "entity": "LINE"}}, {"type": "Feature", "geometry": {"type": "LineString", "coordinates": [[-58.151253233860665, -32.23476511045669], [-58.15126500848545, -32.23481207341637], [-58.151310894150015, -32.234798868649875], [-58.15130019682034, -32.234753335831904], [-58.151253233860665, -32.23476511045669]]}, "properties": {"source": "Unifilar.dxf", "layer": "ELECTRICA ENERSA", "entity": "LWPOLYLINE"}}, {"type": "Feature", "geometry": {"type": "LineString", "coordinates": [[-58.151275989930475, -32.23475974748799], [-58.15127191251947, -32.234744939012266]]}, "properties": {"source": "Unifilar.dxf", "layer": "ELECTRICA ENERSA", "entity": "LINE"}}, {"type": "Feature", "geometry": {"type": "LineString", "coordinates": [[-58.14574676404664, -32.22713177744496], [-58.14579056125048, -32.22711562311458], [-58.14577485833882, -32.227069334332676], [-58.14573104045664, -32.22708546005534], [-58.14574676404664, -32.22713177744496]]}, "properties": {"source": "Unifilar.dxf", "layer": "ELECTRICA ENERSA", "entity": "LWPOLYLINE"}}, {"type": "Feature", "geometry": {"type": "LineString", "coordinates": [[-58.14573890293278, -32.22710861825781], [-58.145722623943335, -32.22711371711076]]}, "properties": {"source": "Unifilar.dxf", "layer": "ELECTRICA ENERSA", "entity": "LINE"}}, {"type": "Feature", "geometry": {"type": "LineString", "coordinates": [[-58.14708538347474, -32.22900210013588], [-58.14707322777323, -32.22895766294441], [-58.147026244135205, -32.22896940896148], [-58.14703946821778, -32.22901532421845], [-58.14708538347474, -32.22900210013588]]}, "properties": {"source": "Unifilar.dxf", "layer": "ELECTRICA ENERSA", "entity": "LWPOLYLINE"}}, {"type": "Feature", "geometry": {"type": "LineString", "coordinates": [[-58.14706367609232, -32.22900891392463], [-58.147067725273196, -32.22902374073175]]}, "properties": {"source": "Unifilar.dxf", "layer": "ELECTRICA ENERSA", "entity": "LINE"}}, {"type": "Feature", "geometry": {"type": "LineString", "coordinates": [[-58.138283792368064, -32.21733808152557], [-58.13827349717104, -32.21729004920016], [-58.13822651353302, -32.21730179521723], [-58.1382372108627, -32.2173473280352], [-58.138283792368064, -32.21733808152557]]}, "properties": {"source": "Unifilar.dxf", "layer": "ELECTRICA ENERSA", "entity": "LWPOLYLINE"}}, {"type": "Feature", "geometry": {"type": "LineString", "coordinates": [[-58.13825996717868, -32.21734196540707], [-58.13826363354298, -32.21735932131403]]}, "properties": {"source": "Unifilar.dxf", "layer": "ELECTRICA ENERSA", "entity": "LINE"}}, {"type": "Feature", "geometry": {"type": "LineString", "coordinates": [[-58.14021757862641, -32.22013616177911], [-58.1402029037238, -32.220091295209535], [-58.1401565582188, -32.22010704015902], [-58.140171233991346, -32.22015190506278], [-58.14021757862641, -32.22013616177911]]}, "properties": {"source": "Unifilar.dxf", "layer": "ELECTRICA ENERSA", "entity": "LWPOLYLINE"}}, {"type": "Feature", "geometry": {"type": "LineString", "coordinates": [[-58.140194392686155, -32.22014404326777], [-58.140199518292214, -32.220160301882416]]}, "properties": {"source": "Unifilar.dxf", "layer": "ELECTRICA ENERSA", "entity": "LINE"}}, {"type": "Feature", "geometry": {"type": "LineString", "coordinates": [[-58.14837691523448, -32.231645371713626], [-58.148337009500956, -32.2316853021935], [-58.148393687889474, -32.231693137576336], [-58.14837691523448, -32.231645371713626]]}, "properties": {"source": "Unifilar.dxf", "layer": "ELECTRICA ENERSA", "entity": "LWPOLYLINE"}}, {"type": "Feature", "geometry": {"type": "LineString", "coordinates": [[-58.148384777710625, -32.23166852991609], [-58.14840253476555, -32.23166236268209]]}, "properties": {"source": "Unifilar.dxf", "layer": "ELECTRICA ENERSA", "entity": "LINE"}}, {"type": "Feature", "geometry": {"type": "LineString", "coordinates": [[-58.136466798984074, -32.215343108926355], [-58.13651426416065, -32.21534430985882], [-58.13651441249568, -32.21529538917013], [-58.13646692007366, -32.21529420793133], [-58.136466798984074, -32.215343108926355]]}, "properties": {"source": "Unifilar.dxf", "layer": "ELECTRICA ENERSA", "entity": "LWPOLYLINE"}}, {"type": "Feature", "geometry": {"type": "LineString", "coordinates": [[-58.136466873771184, -32.21531864800453], [-58.13644994194965, -32.21531978784551]]}, "properties": {"source": "Unifilar.dxf", "layer": "ELECTRICA ENERSA", "entity": "LINE"}}, {"type": "Feature", "geometry": {"type": "LineString", "coordinates": [[-58.148109593590455, -32.232138139208246], [-58.1480626252023, -32.232109945078], [-58.14806920792682, -32.232165122094464], [-58.148109593590455, -32.232138139208246]]}, "properties": {"source": "Unifilar.dxf", "layer": "ELECTRICA ENERSA", "entity": "LWPOLYLINE"}}, {"type": "Feature", "geometry": {"type": "LineString", "coordinates": [[-58.14809064983122, -32.23215183221002], [-58.14810224545821, -32.232167874329164]]}, "properties": {"source": "Unifilar.dxf", "layer": "ELECTRICA ENERSA", "entity": "LINE"}}, {"type": "Feature", "geometry": {"type": "LineString", "coordinates": [[-58.139362578183786, -32.22043908861374], [-58.13934790241124, -32.22039422370998], [-58.139301987154276, -32.22040744779255], [-58.13931669066461, -32.22045229368378], [-58.139362578183786, -32.22043908861374]]}, "properties": {"source": "Unifilar.dxf", "layer": "ELECTRICA ENERSA", "entity": "LWPOLYLINE"}}, {"type": "Feature", "geometry": {"type": "LineString", "coordinates": [[-58.139338371293924, -32.22044550026983], [-58.13934494772003, -32.220460710197074]]}, "properties": {"source": "Unifilar.dxf", "layer": "ELECTRICA ENERSA", "entity": "LINE"}}, {"type": "Feature", "geometry": {"type": "LineString", "coordinates": [[-58.146483713425766, -32.23085264172873], [-58.14644168405669, -32.23088969162444], [-58.146497987558, -32.23090000682107], [-58.146483713425766, -32.23085264172873]]}, "properties": {"source": "Unifilar.dxf", "layer": "ELECTRICA ENERSA", "entity": "LWPOLYLINE"}}, {"type": "Feature", "geometry": {"type": "LineString", "coordinates": [[-58.14648907639447, -32.23087539779855], [-58.146509306696075, -32.230869653753125]]}, "properties": {"source": "Unifilar.dxf", "layer": "ELECTRICA ENERSA", "entity": "LINE"}}, {"type": "Feature", "geometry": {"type": "LineString", "coordinates": [[-58.13636887904443, -32.21722447951056], [-58.136320029834366, -32.2171998552752], [-58.13633020720049, -32.21725689211502], [-58.13636887904443, -32.21722447951056]]}, "properties": {"source": "Unifilar.dxf", "layer": "ELECTRICA ENERSA", "entity": "LWPOLYLINE"}}, {"type": "Feature", "geometry": {"type": "LineString", "coordinates": [[-58.13635098397259, -32.21723962333239], [-58.136362579599584, -32.217255665451525]]}, "properties": {"source": "Unifilar.dxf", "layer": "ELECTRICA ENERSA", "entity": "LINE"}}, {"type": "Feature", "geometry": {"type": "LineString", "coordinates": [[-58.14615059727407, -32.23142626968075], [-58.146129562629646, -32.23137266203138], [-58.14610100673875, -32.23142218578015], [-58.14615059727407, -32.23142626968075]]}, "properties": {"source": "Unifilar.dxf", "layer": "ELECTRICA ENERSA", "entity": "LWPOLYLINE"}}, {"type": "Feature", "geometry": {"type": "LineString", "coordinates": [[-58.146126527416435, -32.23142370338675], [-58.14612579574375, -32.231444196819425]]}, "properties": {"source": "Unifilar.dxf", "layer": "ELECTRICA ENERSA", "entity": "LINE"}}, {"type": "Feature", "geometry": {"type": "LineString", "coordinates": [[-58.142587950416356, -32.2268167425419], [-58.14253580113882, -32.226836681559824], [-58.14258384682209, -32.22686630583177], [-58.142587950416356, -32.2268167425419]]}, "properties": {"source": "Unifilar.dxf", "layer": "ELECTRICA ENERSA", "entity": "LWPOLYLINE"}}, {"type": "Feature", "geometry": {"type": "LineString", "coordinates": [[-58.142586834942406, -32.22683976371214], [-58.14260585786137, -32.226841516826774]]}, "properties": {"source": "Unifilar.dxf", "layer": "ELECTRICA ENERSA", "entity": "LINE"}}, {"type": "Feature", "geometry": {"type": "LineString", "coordinates": [[-58.14709793220047, -32.23308686824397], [-58.14714492339027, -32.23307507528779], [-58.147133148765484, -32.233028112328114], [-58.147086166489736, -32.2330398573605], [-58.14709793220047, -32.23308686824397]]}, "properties": {"source": "Unifilar.dxf", "layer": "ELECTRICA ENERSA", "entity": "LWPOLYLINE"}}, {"type": "Feature", "geometry": {"type": "LineString", "coordinates": [[-58.14709404729726, -32.2330630437931], [-58.1470767209827, -32.233066690841326]]}, "properties": {"source": "Unifilar.dxf", "layer": "ELECTRICA ENERSA", "entity": "LINE"}}, {"type": "Feature", "geometry": {"type": "LineString", "coordinates": [[-58.147498092516926, -32.23372950493783], [-58.14750604147328, -32.23372821839545], [-58.147494295456205, -32.233681234757434], [-58.14748884600729, -32.23368292343246], [-58.147498092516926, -32.23372950493783]]}, "properties": {"source": "Unifilar.dxf", "layer": "ELECTRICA ENERSA", "entity": "LWPOLYLINE"}}, {"type": "Feature", "geometry": {"type": "LineString", "coordinates": [[-58.14750604147328, -32.23372821839545], [-58.147546124842336, -32.2337192097408], [-58.14754152450768, -32.23369603445391]]}, "properties": {"source": "Unifilar.dxf", "layer": "ELECTRICA ENERSA", "entity": "LWPOLYLINE"}}, {"type": "Feature", "geometry": {"type": "LineString", "coordinates": [[-58.14754152450768, -32.23369603445391], [-58.14754133675997, -32.23369508862989]]}, "properties": {"source": "Unifilar.dxf", "layer": "ELECTRICA ENERSA", "entity": "LWPOLYLINE"}}, {"type": "Feature", "geometry": {"type": "LineString", "coordinates": [[-58.14754133675997, -32.23369508862989], [-58.14753687833271, -32.23367262823543], [-58.147495746276256, -32.23368018607004], [-58.14754133675997, -32.23369508862989]]}, "properties": {"source": "Unifilar.dxf", "layer": "ELECTRICA ENERSA", "entity": "LWPOLYLINE"}}, {"type": "Feature", "geometry": {"type": "LineString", "coordinates": [[-58.14754133675997, -32.23369508862989], [-58.1475422413014, -32.23369538430525], [-58.14754152450768, -32.23369603445391]]}, "properties": {"source": "Unifilar.dxf", "layer": "ELECTRICA ENERSA", "entity": "LWPOLYLINE"}}, {"type": "Feature", "geometry": {"type": "LineString", "coordinates": [[-58.14754152450768, -32.23369603445391], [-58.14750604147328, -32.23372821839545]]}, "properties": {"source": "Unifilar.dxf", "layer": "ELECTRICA ENERSA", "entity": "LWPOLYLINE"}}, {"type": "Feature", "geometry": {"type": "LineString", "coordinates": [[-58.14749420897599, -32.23370567950227], [-58.14747688129916, -32.23370932753518]]}, "properties": {"source": "Unifilar.dxf", "layer": "ELECTRICA ENERSA", "entity": "LINE"}}, {"type": "Feature", "geometry": {"type": "LineString", "coordinates": [[-58.13811524353285, -32.22081925615507], [-58.13810056912258, -32.220774390266634], [-58.138055300420355, -32.22079156467669], [-58.138071426143014, -32.22083538255887], [-58.13811524353285, -32.22081925615507]]}, "properties": {"source": "Unifilar.dxf", "layer": "ELECTRICA ENERSA", "entity": "LWPOLYLINE"}}, {"type": "Feature", "geometry": {"type": "LineString", "coordinates": [[-58.13809313401778, -32.22082856945126], [-58.138098661756494, -32.220842328558454]]}, "properties": {"source": "Unifilar.dxf", "layer": "ELECTRICA ENERSA", "entity": "LINE"}}, {"type": "Feature", "geometry": {"type": "LineString", "coordinates": [[-58.14398942509065, -32.229345035376625], [-58.144036018969196, -32.22937570697369], [-58.144032358563116, -32.22931846119016], [-58.14398942509065, -32.229345035376625]]}, "properties": {"source": "Unifilar.dxf", "layer": "ELECTRICA ENERSA", "entity": "LWPOLYLINE"}}, {"type": "Feature", "geometry": {"type": "LineString", "coordinates": [[-58.144010868357334, -32.2293317445075], [-58.144000771851765, -32.22931466026807]]}, "properties": {"source": "Unifilar.dxf", "layer": "ELECTRICA ENERSA", "entity": "LINE"}}, {"type": "Feature", "geometry": {"type": "LineString", "coordinates": [[-58.1487075807745, -32.23586625653293], [-58.14875076447511, -32.23588609858948], [-58.14877095937825, -32.23584040745205], [-58.148726345535934, -32.23582164269062], [-58.1487075807745, -32.23586625653293]]}, "properties": {"source": "Unifilar.dxf", "layer": "ELECTRICA ENERSA", "entity": "LWPOLYLINE"}}, {"type": "Feature", "geometry": {"type": "LineString", "coordinates": [[-58.148717684600555, -32.23584344991111], [-58.148701973383716, -32.235837050628184]]}, "properties": {"source": "Unifilar.dxf", "layer": "ELECTRICA ENERSA", "entity": "LINE"}}, {"type": "Feature", "geometry": {"type": "LineString", "coordinates": [[-58.15085165490847, -32.23922240605581], [-58.1508046736174, -32.23923415245047], [-58.15081644725751, -32.23928111404788], [-58.15086340885492, -32.239269340407766], [-58.15085165490847, -32.23922240605581]]}, "properties": {"source": "Unifilar.dxf", "layer": "ELECTRICA ENERSA", "entity": "LWPOLYLINE"}}, {"type": "Feature", "geometry": {"type": "LineString", "coordinates": [[-58.150856998561096, -32.23924513253322], [-58.1508718263529, -32.239241084714614]]}, "properties": {"source": "Unifilar.dxf", "layer": "ELECTRICA ENERSA", "entity": "LINE"}}, {"type": "Feature", "geometry": {"type": "LineString", "coordinates": [[-58.14248257671423, -32.22785588300751], [-58.14243578075677, -32.22785865801919], [-58.14243707967232, -32.22790652508224], [-58.1424864234386, -32.22790415877032], [-58.14248257671423, -32.22785588300751]]}, "properties": {"source": "Unifilar.dxf", "layer": "ELECTRICA ENERSA", "entity": "LWPOLYLINE"}}, {"type": "Feature", "geometry": {"type": "LineString", "coordinates": [[-58.142483963472266, -32.22787930434104], [-58.14249943547185, -32.22787920647234]]}, "properties": {"source": "Unifilar.dxf", "layer": "ELECTRICA ENERSA", "entity": "LINE"}}, {"type": "Feature", "geometry": {"type": "LineString", "coordinates": [[-58.145086478075754, -32.23171613956522], [-58.14513434612349, -32.23171484201195], [-58.14513050212367, -32.23166656427976], [-58.145083703441664, -32.231669341260805], [-58.145086478075754, -32.23171613956522]]}, "properties": {"source": "Unifilar.dxf", "layer": "ELECTRICA ENERSA", "entity": "LWPOLYLINE"}}, {"type": "Feature", "geometry": {"type": "LineString", "coordinates": [[-58.1450851147206, -32.23169274487004], [-58.14506818955402, -32.23169389104855]]}, "properties": {"source": "Unifilar.dxf", "layer": "ELECTRICA ENERSA", "entity": "LINE"}}, {"type": "Feature", "geometry": {"type": "LineString", "coordinates": [[-58.14776947498929, -32.235741119727365], [-58.1478173692978, -32.23573980111816], [-58.147816044121484, -32.23569195511104], [-58.14776817879829, -32.23569325069494], [-58.14776947498929, -32.235741119727365]]}, "properties": {"source": "Unifilar.dxf", "layer": "ELECTRICA ENERSA", "entity": "LWPOLYLINE"}}, {"type": "Feature", "geometry": {"type": "LineString", "coordinates": [[-58.14776956283178, -32.235716673997835], [-58.14775261623167, -32.23571779626254]]}, "properties": {"source": "Unifilar.dxf", "layer": "ELECTRICA ENERSA", "entity": "LINE"}}, {"type": "Feature", "geometry": {"type": "LineString", "coordinates": [[-58.14660600450454, -32.23452745271368], [-58.14662594488474, -32.23457960100652], [-58.14665596992707, -32.2345290568005], [-58.14660600450454, -32.23452745271368]]}, "properties": {"source": "Unifilar.dxf", "layer": "ELECTRICA ENERSA", "entity": "LWPOLYLINE"}}, {"type": "Feature", "geometry": {"type": "LineString", "coordinates": [[-58.14662899979161, -32.23452858689661], [-58.146630778789415, -32.234509545268665]]}, "properties": {"source": "Unifilar.dxf", "layer": "ELECTRICA ENERSA", "entity": "LINE"}}, {"type": "Feature", "geometry": {"type": "LineString", "coordinates": [[-58.13614692091806, -32.220389245206995], [-58.13610028886068, -32.22038302492188], [-58.13609513608669, -32.220431136710566], [-58.13614177111477, -32.22043735536689], [-58.13614692091806, -32.220389245206995]]}, "properties": {"source": "Unifilar.dxf", "layer": "ELECTRICA ENERSA", "entity": "LWPOLYLINE"}}, {"type": "Feature", "geometry": {"type": "LineString", "coordinates": [[-58.13614435462406, -32.22041331506463], [-58.13616087828175, -32.22041466638718]]}, "properties": {"source": "Unifilar.dxf", "layer": "ELECTRICA ENERSA", "entity": "LINE"}}, {"type": "Feature", "geometry": {"type": "LineString", "coordinates": [[-58.144294000534195, -32.231718720607226], [-58.144287522091545, -32.23171898570766], [-58.1442813031687, -32.23176561678035], [-58.144288848252536, -32.23176683307705], [-58.144294000534195, -32.231718720607226]]}, "properties": {"source": "Unifilar.dxf", "layer": "ELECTRICA ENERSA", "entity": "LWPOLYLINE"}}, {"type": "Feature", "geometry": {"type": "LineString", "coordinates": [[-58.14428647340415, -32.23171753488761], [-58.14424588904905, -32.23171356968784], [-58.144243316281305, -32.23173760615179]]}, "properties": {"source": "Unifilar.dxf", "layer": "ELECTRICA ENERSA", "entity": "LWPOLYLINE"}}, {"type": "Feature", "geometry": {"type": "LineString", "coordinates": [[-58.144243316281305, -32.23173760615179], [-58.14424331470478, -32.231737620880715]]}, "properties": {"source": "Unifilar.dxf", "layer": "ELECTRICA ENERSA", "entity": "LWPOLYLINE"}}, {"type": "Feature", "geometry": {"type": "LineString", "coordinates": [[-58.14424331470478, -32.231737620880715], [-58.14424073949194, -32.231761680188306], [-58.1442813031687, -32.23176561678035], [-58.14424331470478, -32.231737620880715]]}, "properties": {"source": "Unifilar.dxf", "layer": "ELECTRICA ENERSA", "entity": "LWPOLYLINE"}}, {"type": "Feature", "geometry": {"type": "LineString", "coordinates": [[-58.14424331470478, -32.231737620880715], [-58.144243303061394, -32.23173761230003], [-58.144243316281305, -32.23173760615179]]}, "properties": {"source": "Unifilar.dxf", "layer": "ELECTRICA ENERSA", "entity": "LWPOLYLINE"}}, {"type": "Feature", "geometry": {"type": "LineString", "coordinates": [[-58.144243316281305, -32.23173760615179], [-58.14428647340415, -32.23171753488761]]}, "properties": {"source": "Unifilar.dxf", "layer": "ELECTRICA ENERSA", "entity": "LWPOLYLINE"}}, {"type": "Feature", "geometry": {"type": "LineString", "coordinates": [[-58.144291406994746, -32.23174281015852], [-58.144309380848725, -32.23174311480006]]}, "properties": {"source": "Unifilar.dxf", "layer": "ELECTRICA ENERSA", "entity": "LINE"}}, {"type": "Feature", "geometry": {"type": "LineString", "coordinates": [[-58.140312410608736, -32.22628708213583], [-58.14030723058929, -32.226335213618185], [-58.14035429338704, -32.22633891371752], [-58.14036049212389, -32.226292254718246], [-58.140312410608736, -32.22628708213583]]}, "properties": {"source": "Unifilar.dxf", "layer": "ELECTRICA ENERSA", "entity": "LWPOLYLINE"}}, {"type": "Feature", "geometry": {"type": "LineString", "coordinates": [[-58.14033645136631, -32.22628966842704], [-58.140337802840634, -32.22627314569665]]}, "properties": {"source": "Unifilar.dxf", "layer": "ELECTRICA ENERSA", "entity": "LINE"}}, {"type": "Feature", "geometry": {"type": "LineString", "coordinates": [[-58.13924876403727, -32.22487697615395], [-58.13929451353954, -32.224872747671725], [-58.139291735688566, -32.22482595065554], [-58.13924493749891, -32.22482872831772], [-58.13924876403727, -32.22487697615395]]}, "properties": {"source": "Unifilar.dxf", "layer": "ELECTRICA ENERSA", "entity": "LWPOLYLINE"}}, {"type": "Feature", "geometry": {"type": "LineString", "coordinates": [[-58.139246331316386, -32.22485210203101], [-58.1392294039176, -32.224853250860015]]}, "properties": {"source": "Unifilar.dxf", "layer": "ELECTRICA ENERSA", "entity": "LINE"}}, {"type": "Feature", "geometry": {"type": "LineString", "coordinates": [[-58.14245712022734, -32.23001550048682], [-58.14250458652002, -32.23001670009403], [-58.142505786734326, -32.22996923751059], [-58.14245872567644, -32.22996553407961], [-58.14245712022734, -32.23001550048682]]}, "properties": {"source": "Unifilar.dxf", "layer": "ELECTRICA ENERSA", "entity": "LWPOLYLINE"}}, {"type": "Feature", "geometry": {"type": "LineString", "coordinates": [[-58.14245718082439, -32.22999107445096], [-58.14244066496465, -32.22998967652987]]}, "properties": {"source": "Unifilar.dxf", "layer": "ELECTRICA ENERSA", "entity": "LINE"}}, {"type": "Feature", "geometry": {"type": "LineString", "coordinates": [[-58.1438424171375, -32.23197190828398], [-58.14381995235137, -32.23191937792973], [-58.143792424469524, -32.23197032389082], [-58.1438424171375, -32.23197190828398]]}, "properties": {"source": "Unifilar.dxf", "layer": "ELECTRICA ENERSA", "entity": "LWPOLYLINE"}}, {"type": "Feature", "geometry": {"type": "LineString", "coordinates": [[-58.143818348642135, -32.2319693410053], [-58.143817642852625, -32.231989815728994]]}, "properties": {"source": "Unifilar.dxf", "layer": "ELECTRICA ENERSA", "entity": "LINE"}}, {"type": "Feature", "geometry": {"type": "LineString", "coordinates": [[-58.148047331662355, -32.23808089637471], [-58.148001484176625, -32.23806964982926], [-58.1479902362689, -32.23811549829967], [-58.148034634296856, -32.23812779254783], [-58.148047331662355, -32.23808089637471]]}, "properties": {"source": "Unifilar.dxf", "layer": "ELECTRICA ENERSA", "entity": "LWPOLYLINE"}}, {"type": "Feature", "geometry": {"type": "LineString", "coordinates": [[-58.14804119884213, -32.23810308504952], [-58.14805729151328, -32.23810695621727]]}, "properties": {"source": "Unifilar.dxf", "layer": "ELECTRICA ENERSA", "entity": "LINE"}}, {"type": "Feature", "geometry": {"type": "LineString", "coordinates": [[-58.1423420723524, -32.23160303294649], [-58.14229502924831, -32.231599360092595], [-58.14229133571608, -32.23164637458897], [-58.142338372253064, -32.231650095744236], [-58.1423420723524, -32.23160303294649]]}, "properties": {"source": "Unifilar.dxf", "layer": "ELECTRICA ENERSA", "entity": "LWPOLYLINE"}}, {"type": "Feature", "geometry": {"type": "LineString", "coordinates": [[-58.1423395060584, -32.231627102804126], [-58.14235602946992, -32.2316284537861]]}, "properties": {"source": "Unifilar.dxf", "layer": "ELECTRICA ENERSA", "entity": "LINE"}}, {"type": "Feature", "geometry": {"type": "LineString", "coordinates": [[-58.144354153341126, -32.23434677125215], [-58.14435390311297, -32.23430035500914], [-58.144304987362524, -32.23430020310464], [-58.144306286278066, -32.2343480701677], [-58.144354153341126, -32.23434677125215]]}, "properties": {"source": "Unifilar.dxf", "layer": "ELECTRICA ENERSA", "entity": "LWPOLYLINE"}}, {"type": "Feature", "geometry": {"type": "LineString", "coordinates": [[-58.14432970859628, -32.234346684771936], [-58.14432937905625, -32.23436467869716]]}, "properties": {"source": "Unifilar.dxf", "layer": "ELECTRICA ENERSA", "entity": "LINE"}}, {"type": "Feature", "geometry": {"type": "LineString", "coordinates": [[-58.138470186476894, -32.226642373863456], [-58.1385244514606, -32.22662536471575], [-58.138476788708665, -32.22659321437205], [-58.138470186476894, -32.226642373863456]]}, "properties": {"source": "Unifilar.dxf", "layer": "ELECTRICA ENERSA", "entity": "LWPOLYLINE"}}, {"type": "Feature", "geometry": {"type": "LineString", "coordinates": [[-58.13847277023235, -32.22661833390177], [-58.13845372848965, -32.22661655187587]]}, "properties": {"source": "Unifilar.dxf", "layer": "ELECTRICA ENERSA", "entity": "LINE"}}, {"type": "Feature", "geometry": {"type": "LineString", "coordinates": [[-58.14014448409921, -32.2290999139306], [-58.14016694231824, -32.22915249258623], [-58.1401944692154, -32.22910154526287], [-58.14014448409921, -32.2290999139306]]}, "properties": {"source": "Unifilar.dxf", "layer": "ELECTRICA ENERSA", "entity": "LWPOLYLINE"}}, {"type": "Feature", "geometry": {"type": "LineString", "coordinates": [[-58.14016999722511, -32.22910147847631], [-58.14017070784186, -32.22908095878287]]}, "properties": {"source": "Unifilar.dxf", "layer": "ELECTRICA ENERSA", "entity": "LINE"}}, {"type": "Feature", "geometry": {"type": "LineString", "coordinates": [[-58.14101286111291, -32.23058681464852], [-58.14096178256339, -32.23060823210953], [-58.14101130532747, -32.23063678663815], [-58.14101286111291, -32.23058681464852]]}, "properties": {"source": "Unifilar.dxf", "layer": "ELECTRICA ENERSA", "entity": "LWPOLYLINE"}}, {"type": "Feature", "geometry": {"type": "LineString", "coordinates": [[-58.14101174427669, -32.230609836803445], [-58.141032265939494, -32.23061055014474]]}, "properties": {"source": "Unifilar.dxf", "layer": "ELECTRICA ENERSA", "entity": "LINE"}}, {"type": "Feature", "geometry": {"type": "LineString", "coordinates": [[-58.14549012117021, -32.23679627706864], [-58.14544308561791, -32.23679255727565], [-58.145439364840236, -32.236839591465674], [-58.14548642107088, -32.2368433398664], [-58.14549012117021, -32.23679627706864]]}, "properties": {"source": "Unifilar.dxf", "layer": "ELECTRICA ENERSA", "entity": "LWPOLYLINE"}}, {"type": "Feature", "geometry": {"type": "LineString", "coordinates": [[-58.14548901461033, -32.2368192503151], [-58.145505531454745, -32.23682064959846]]}, "properties": {"source": "Unifilar.dxf", "layer": "ELECTRICA ENERSA", "entity": "LINE"}}, {"type": "Feature", "geometry": {"type": "LineString", "coordinates": [[-58.13974761650084, -32.229085029452825], [-58.139767555896356, -32.229137176383404], [-58.13979862962608, -32.22908808299742], [-58.13974761650084, -32.229085029452825]]}, "properties": {"source": "Unifilar.dxf", "layer": "ELECTRICA ENERSA", "entity": "LWPOLYLINE"}}, {"type": "Feature", "geometry": {"type": "LineString", "coordinates": [[-58.13977168016896, -32.22908764170125], [-58.139772390785716, -32.22906712200781]]}, "properties": {"source": "Unifilar.dxf", "layer": "ELECTRICA ENERSA", "entity": "LINE"}}, {"type": "Feature", "geometry": {"type": "LineString", "coordinates": [[-58.1375147601335, -32.22611259987855], [-58.13751700854286, -32.22606658743401], [-58.137468516473334, -32.22606396296397], [-58.13746729656537, -32.22611139830197], [-58.1375147601335, -32.22611259987855]]}, "properties": {"source": "Unifilar.dxf", "layer": "ELECTRICA ENERSA", "entity": "LWPOLYLINE"}}, {"type": "Feature", "geometry": {"type": "LineString", "coordinates": [[-58.137490288635554, -32.226112533773126], [-58.13748893716124, -32.22612905650351]]}, "properties": {"source": "Unifilar.dxf", "layer": "ELECTRICA ENERSA", "entity": "LINE"}}, {"type": "Feature", "geometry": {"type": "LineString", "coordinates": [[-58.13929539503033, -32.228925980605155], [-58.13926800902677, -32.22888809308669], [-58.13922866932599, -32.22891652876232], [-58.139257507511864, -32.228953366608714], [-58.13929539503033, -32.228925980605155]]}, "properties": {"source": "Unifilar.dxf", "layer": "ELECTRICA ENERSA", "entity": "LWPOLYLINE"}}, {"type": "Feature", "geometry": {"type": "LineString", "coordinates": [[-58.139276451271094, -32.22893967360694], [-58.13928592982964, -32.22895278684053]]}, "properties": {"source": "Unifilar.dxf", "layer": "ELECTRICA ENERSA", "entity": "LINE"}}, {"type": "Feature", "geometry": {"type": "LineString", "coordinates": [[-58.14226461422265, -32.2332854717366], [-58.14231059836301, -32.23328774267891], [-58.14231324977495, -32.23323922906112], [-58.14226726563459, -32.2332369581188], [-58.14226461422265, -32.2332854717366]]}, "properties": {"source": "Unifilar.dxf", "layer": "ELECTRICA ENERSA", "entity": "LWPOLYLINE"}}, {"type": "Feature", "geometry": {"type": "LineString", "coordinates": [[-58.14226465240148, -32.23326102042465], [-58.142248155250726, -32.23325964838674]]}, "properties": {"source": "Unifilar.dxf", "layer": "ELECTRICA ENERSA", "entity": "LINE"}}, {"type": "Feature", "geometry": {"type": "LineString", "coordinates": [[-58.13590874155736, -32.22572029045617], [-58.13595620561783, -32.22572149271388], [-58.13595633919095, -32.2256725487333], [-58.13590742294815, -32.22567239614766], [-58.13590874155736, -32.22572029045617]]}, "properties": {"source": "Unifilar.dxf", "layer": "ELECTRICA ENERSA", "entity": "LWPOLYLINE"}}, {"type": "Feature", "geometry": {"type": "LineString", "coordinates": [[-58.13590880698165, -32.22569581945056], [-58.1358918823074, -32.2256969663102]]}, "properties": {"source": "Unifilar.dxf", "layer": "ELECTRICA ENERSA", "entity": "LINE"}}, {"type": "Feature", "geometry": {"type": "LineString", "coordinates": [[-58.13948839210935, -32.23093657145365], [-58.13953947065887, -32.23091515399264], [-58.139489975140236, -32.230886579770356], [-58.13948839210935, -32.23093657145365]]}, "properties": {"source": "Unifilar.dxf", "layer": "ELECTRICA ENERSA", "entity": "LWPOLYLINE"}}, {"type": "Feature", "geometry": {"type": "LineString", "coordinates": [[-58.139489506221025, -32.23091355126809], [-58.139470484664336, -32.23091179716877]]}, "properties": {"source": "Unifilar.dxf", "layer": "ELECTRICA ENERSA", "entity": "LINE"}}, {"type": "Feature", "geometry": {"type": "LineString", "coordinates": [[-58.134607253487886, -32.22457971181801], [-58.134605955064686, -32.22453184543609], [-58.13455811041983, -32.22453316962771], [-58.13455940611849, -32.224581037979], [-58.134607253487886, -32.22457971181801]]}, "properties": {"source": "Unifilar.dxf", "layer": "ELECTRICA ENERSA", "entity": "LWPOLYLINE"}}, {"type": "Feature", "geometry": {"type": "LineString", "coordinates": [[-58.13458280923538, -32.22457962601893], [-58.134583931385336, -32.22459656959094]]}, "properties": {"source": "Unifilar.dxf", "layer": "ELECTRICA ENERSA", "entity": "LINE"}}, {"type": "Feature", "geometry": {"type": "LineString", "coordinates": [[-58.14456368987323, -32.23843998531678], [-58.14456236371224, -32.23839213794738], [-58.14451449937373, -32.23839343489356], [-58.14451474589265, -32.238439851743664], [-58.14456368987323, -32.23843998531678]]}, "properties": {"source": "Unifilar.dxf", "layer": "ELECTRICA ENERSA", "entity": "LWPOLYLINE"}}, {"type": "Feature", "geometry": {"type": "LineString", "coordinates": [[-58.144539217882944, -32.23843991853022], [-58.14454036777068, -32.238456843089715]]}, "properties": {"source": "Unifilar.dxf", "layer": "ELECTRICA ENERSA", "entity": "LINE"}}, {"type": "Feature", "geometry": {"type": "LineString", "coordinates": [[-58.14211037804956, -32.235709011667964], [-58.14215316097979, -32.235731352247264], [-58.142174050361454, -32.23568962035139], [-58.14213127015577, -32.23566727780271], [-58.14211037804956, -32.235709011667964]]}, "properties": {"source": "Unifilar.dxf", "layer": "ELECTRICA ENERSA", "entity": "LWPOLYLINE"}}, {"type": "Feature", "geometry": {"type": "LineString", "coordinates": [[-58.14212153985465, -32.23568760559544], [-58.14210582826023, -32.23568120865947]]}, "properties": {"source": "Unifilar.dxf", "layer": "ELECTRICA ENERSA", "entity": "LINE"}}, {"type": "Feature", "geometry": {"type": "LineString", "coordinates": [[-58.14094476764502, -32.23408415221951], [-58.14099134915038, -32.23407490570988], [-58.14098355482307, -32.23402727453244], [-58.14093699399605, -32.23403654964979], [-58.14094476764502, -32.23408415221951]]}, "properties": {"source": "Unifilar.dxf", "layer": "ELECTRICA ENERSA", "entity": "LWPOLYLINE"}}, {"type": "Feature", "geometry": {"type": "LineString", "coordinates": [[-58.14094085549637, -32.234060347462304], [-58.140924980001856, -32.23406294582313]]}, "properties": {"source": "Unifilar.dxf", "layer": "ELECTRICA ENERSA", "entity": "LINE"}}, {"type": "Feature", "geometry": {"type": "LineString", "coordinates": [[-58.13583768324325, -32.2270585916783], [-58.13588474653334, -32.22706229245877], [-58.13588739794529, -32.22701377884098], [-58.13584033787208, -32.227010076772274], [-58.13583768324325, -32.2270585916783]]}, "properties": {"source": "Unifilar.dxf", "layer": "ELECTRICA ENERSA", "entity": "LWPOLYLINE"}}, {"type": "Feature", "geometry": {"type": "LineString", "coordinates": [[-58.13583775139208, -32.22703411870332], [-58.13582122798056, -32.22703276772135]]}, "properties": {"source": "Unifilar.dxf", "layer": "ELECTRICA ENERSA", "entity": "LINE"}}, {"type": "Feature", "geometry": {"type": "LineString", "coordinates": [[-58.13704641648446, -32.228807572475716], [-58.137050117076136, -32.22876051035911], [-58.13700160482062, -32.22875785796248], [-58.136997904228934, -32.22880492007909], [-58.13704641648446, -32.228807572475716]]}, "properties": {"source": "Unifilar.dxf", "layer": "ELECTRICA ENERSA", "entity": "LWPOLYLINE"}}, {"type": "Feature", "geometry": {"type": "LineString", "coordinates": [[-58.137022375726886, -32.228804986184514], [-58.13702099428257, -32.228821530577925]]}, "properties": {"source": "Unifilar.dxf", "layer": "ELECTRICA ENERSA", "entity": "LINE"}}, {"type": "Feature", "geometry": {"type": "LineString", "coordinates": [[-58.13951246351387, -32.23306034543521], [-58.13956356274173, -32.23303895658192], [-58.1395140672231, -32.233010382359645], [-58.13951246351387, -32.23306034543521]]}, "properties": {"source": "Unifilar.dxf", "layer": "ELECTRICA ENERSA", "entity": "LWPOLYLINE"}}, {"type": "Feature", "geometry": {"type": "LineString", "coordinates": [[-58.139513598303886, -32.23303735385737], [-58.13949310388653, -32.23303662082242]]}, "properties": {"source": "Unifilar.dxf", "layer": "ELECTRICA ENERSA", "entity": "LINE"}}, {"type": "Feature", "geometry": {"type": "LineString", "coordinates": [[-58.13844717611365, -32.2315804482088], [-58.13844838870113, -32.23157290373205], [-58.138400279940534, -32.231567750843304], [-58.13839906462851, -32.23157529728942], [-58.13844717611365, -32.2315804482088]]}, "properties": {"source": "Unifilar.dxf", "layer": "ELECTRICA ENERSA", "entity": "LWPOLYLINE"}}, {"type": "Feature", "geometry": {"type": "LineString", "coordinates": [[-58.13844838870113, -32.23157290373205], [-58.138452356625436, -32.23153231740759], [-58.138430010115115, -32.231529348289044]]}, "properties": {"source": "Unifilar.dxf", "layer": "ELECTRICA ENERSA", "entity": "LWPOLYLINE"}}, {"type": "Feature", "geometry": {"type": "LineString", "coordinates": [[-58.138430010115115, -32.231529348289044], [-58.13842931957229, -32.231529256538536]]}, "properties": {"source": "Unifilar.dxf", "layer": "ELECTRICA ENERSA", "entity": "LWPOLYLINE"}}, {"type": "Feature", "geometry": {"type": "LineString", "coordinates": [[-58.13842931957229, -32.231529256538536], [-58.138405693613386, -32.23152611742322], [-58.138400279940534, -32.231567750843304], [-58.13842931957229, -32.231529256538536]]}, "properties": {"source": "Unifilar.dxf", "layer": "ELECTRICA ENERSA", "entity": "LWPOLYLINE"}}, {"type": "Feature", "geometry": {"type": "LineString", "coordinates": [[-58.13842931957229, -32.231529256538536], [-58.13842973758785, -32.231528702426196], [-58.138430010115115, -32.231529348289044]]}, "properties": {"source": "Unifilar.dxf", "layer": "ELECTRICA ENERSA", "entity": "LWPOLYLINE"}}, {"type": "Feature", "geometry": {"type": "LineString", "coordinates": [[-58.138430010115115, -32.231529348289044], [-58.13844838870113, -32.23157290373205]]}, "properties": {"source": "Unifilar.dxf", "layer": "ELECTRICA ENERSA", "entity": "LWPOLYLINE"}}, {"type": "Feature", "geometry": {"type": "LineString", "coordinates": [[-58.1384245853062, -32.23157681489602], [-58.13842280259916, -32.231595857131055]]}, "properties": {"source": "Unifilar.dxf", "layer": "ELECTRICA ENERSA", "entity": "LINE"}}, {"type": "Feature", "geometry": {"type": "LineString", "coordinates": [[-58.13278239734274, -32.22397056241302], [-58.13273535423865, -32.22396688955914], [-58.13273268214836, -32.22401537456921], [-58.13278014893338, -32.22401657485756], [-58.13278239734274, -32.22397056241302]]}, "properties": {"source": "Unifilar.dxf", "layer": "ELECTRICA ENERSA", "entity": "LWPOLYLINE"}}, {"type": "Feature", "geometry": {"type": "LineString", "coordinates": [[-58.13278128323106, -32.22399358259858], [-58.13279777667259, -32.22399495524358]]}, "properties": {"source": "Unifilar.dxf", "layer": "ELECTRICA ENERSA", "entity": "LINE"}}, {"type": "Feature", "geometry": {"type": "LineString", "coordinates": [[-58.13689062758908, -32.2296879356316], [-58.13694170613861, -32.229666518170596], [-58.136893662802294, -32.22963689427623], [-58.13689062758908, -32.2296879356316]]}, "properties": {"source": "Unifilar.dxf", "layer": "ELECTRICA ENERSA", "entity": "LWPOLYLINE"}}, {"type": "Feature", "geometry": {"type": "LineString", "coordinates": [[-58.13689319388308, -32.229663865773965], [-58.13687269946573, -32.22966313273901]]}, "properties": {"source": "Unifilar.dxf", "layer": "ELECTRICA ENERSA", "entity": "LINE"}}, {"type": "Feature", "geometry": {"type": "LineString", "coordinates": [[-58.14196448526148, -32.237048139932384], [-58.14191337674197, -32.23706957905642], [-58.14196433199471, -32.237097056667515], [-58.14196448526148, -32.237048139932384]]}, "properties": {"source": "Unifilar.dxf", "layer": "ELECTRICA ENERSA", "entity": "LWPOLYLINE"}}, {"type": "Feature", "geometry": {"type": "LineString", "coordinates": [[-58.14196336842526, -32.23707116208731], [-58.141983862842615, -32.23707189512226]]}, "properties": {"source": "Unifilar.dxf", "layer": "ELECTRICA ENERSA", "entity": "LINE"}}, {"type": "Feature", "geometry": {"type": "LineString", "coordinates": [[-58.137571755107395, -32.23096179630433], [-58.13757548245218, -32.23091471381292], [-58.137526942951204, -32.230912081109956], [-58.137523241867186, -32.23095914254543], [-58.137571755107395, -32.23096179630433]]}, "properties": {"source": "Unifilar.dxf", "layer": "ELECTRICA ENERSA", "entity": "LWPOLYLINE"}}, {"type": "Feature", "geometry": {"type": "LineString", "coordinates": [[-58.13754876254487, -32.230960660152036], [-58.13754736091456, -32.230977176618865]]}, "properties": {"source": "Unifilar.dxf", "layer": "ELECTRICA ENERSA", "entity": "LINE"}}, {"type": "Feature", "geometry": {"type": "LineString", "coordinates": [[-58.13133868304552, -32.22297721804839], [-58.131358218946104, -32.22303186547109], [-58.13138832869549, -32.22298126055529], [-58.13133868304552, -32.22297721804839]]}, "properties": {"source": "Unifilar.dxf", "layer": "ELECTRICA ENERSA", "entity": "LWPOLYLINE"}}, {"type": "Feature", "geometry": {"type": "LineString", "coordinates": [[-58.131362947215756, -32.222979642851584], [-58.13136458069468, -32.22296074996269]]}, "properties": {"source": "Unifilar.dxf", "layer": "ELECTRICA ENERSA", "entity": "LINE"}}, {"type": "Feature", "geometry": {"type": "LineString", "coordinates": [[-58.13548132402734, -32.228729566423205], [-58.13545976897682, -32.22867858732667], [-58.13543133234405, -32.22872798339232], [-58.13548132402734, -32.228729566423205]]}, "properties": {"source": "Unifilar.dxf", "layer": "ELECTRICA ENERSA", "entity": "LWPOLYLINE"}}, {"type": "Feature", "geometry": {"type": "LineString", "coordinates": [[-58.13545810854449, -32.22872859244006], [-58.13545754393896, -32.228748964075585]]}, "properties": {"source": "Unifilar.dxf", "layer": "ELECTRICA ENERSA", "entity": "LINE"}}, {"type": "Feature", "geometry": {"type": "LineString", "coordinates": [[-58.13939682039256, -32.23437098408274], [-58.139351775103, -32.23438799700478], [-58.139368857500386, -32.23443337369646], [-58.139414160015164, -32.23441613129136], [-58.13939682039256, -32.23437098408274]]}, "properties": {"source": "Unifilar.dxf", "layer": "ELECTRICA ENERSA", "entity": "LWPOLYLINE"}}, {"type": "Feature", "geometry": {"type": "LineString", "coordinates": [[-58.13940465289871, -32.23439416394823], [-58.13942016110432, -32.234387413399894]]}, "properties": {"source": "Unifilar.dxf", "layer": "ELECTRICA ENERSA", "entity": "LINE"}}, {"type": "Feature", "geometry": {"type": "LineString", "coordinates": [[-58.1330422731025, -32.22585295661555], [-58.13302131932448, -32.22579929155102], [-58.13299151063537, -32.22584972188928], [-58.1330422731025, -32.22585295661555]]}, "properties": {"source": "Unifilar.dxf", "layer": "ELECTRICA ENERSA", "entity": "LWPOLYLINE"}}, {"type": "Feature", "geometry": {"type": "LineString", "coordinates": [[-58.13301826664981, -32.22585030301044], [-58.133017719505744, -32.22587070454192]]}, "properties": {"source": "Unifilar.dxf", "layer": "ELECTRICA ENERSA", "entity": "LINE"}}, {"type": "Feature", "geometry": {"type": "LineString", "coordinates": [[-58.141885225864996, -32.23846118108572], [-58.1418855868148, -32.238507515222445], [-58.141933135828495, -32.238508657110955], [-58.14193310047984, -32.23845983523106], [-58.141885225864996, -32.23846118108572]]}, "properties": {"source": "Unifilar.dxf", "layer": "ELECTRICA ENERSA", "entity": "LWPOLYLINE"}}, {"type": "Feature", "geometry": {"type": "LineString", "coordinates": [[-58.14190876744133, -32.23845966800684], [-58.14190865967388, -32.238444242568775]]}, "properties": {"source": "Unifilar.dxf", "layer": "ELECTRICA ENERSA", "entity": "LINE"}}, {"type": "Feature", "geometry": {"type": "LineString", "coordinates": [[-58.134623775835095, -32.22862384696607], [-58.13467495952384, -32.22860239706244], [-58.134624038576, -32.228574852137434], [-58.134623775835095, -32.22862384696607]]}, "properties": {"source": "Unifilar.dxf", "layer": "ELECTRICA ENERSA", "entity": "LWPOLYLINE"}}, {"type": "Feature", "geometry": {"type": "LineString", "coordinates": [[-58.134624967348216, -32.22860081335041], [-58.1346044936092, -32.228600108923175]]}, "properties": {"source": "Unifilar.dxf", "layer": "ELECTRICA ENERSA", "entity": "LINE"}}, {"type": "Feature", "geometry": {"type": "LineString", "coordinates": [[-58.13270202449303, -32.226351841386276], [-58.13274989910788, -32.22635049553162], [-58.132748488978336, -32.22630270989371], [-58.13270200933037, -32.22630304743297], [-58.13270202449303, -32.226351841386276]]}, "properties": {"source": "Unifilar.dxf", "layer": "ELECTRICA ENERSA", "entity": "LWPOLYLINE"}}, {"type": "Feature", "geometry": {"type": "LineString", "coordinates": [[-58.132702144408206, -32.22632733099335], [-58.132686560209955, -32.226327508924925]]}, "properties": {"source": "Unifilar.dxf", "layer": "ELECTRICA ENERSA", "entity": "LINE"}}, {"type": "Feature", "geometry": {"type": "LineString", "coordinates": [[-58.13676666166313, -32.23215611362667], [-58.136818615151036, -32.23213631405614], [-58.13677078593574, -32.23210657894452], [-58.13676666166313, -32.23215611362667]]}, "properties": {"source": "Unifilar.dxf", "layer": "ELECTRICA ENERSA", "entity": "LWPOLYLINE"}}, {"type": "Feature", "geometry": {"type": "LineString", "coordinates": [[-58.13676924765079, -32.23213207101448], [-58.136748773911776, -32.23213136658725]]}, "properties": {"source": "Unifilar.dxf", "layer": "ELECTRICA ENERSA", "entity": "LINE"}}, {"type": "Feature", "geometry": {"type": "LineString", "coordinates": [[-58.13928469112683, -32.23595644838243], [-58.139237421001376, -32.23595510698087], [-58.139236089387076, -32.23600262306287], [-58.13928224244921, -32.2360047719045], [-58.13928469112683, -32.23595644838243]]}, "properties": {"source": "Unifilar.dxf", "layer": "ELECTRICA ENERSA", "entity": "LWPOLYLINE"}}, {"type": "Feature", "geometry": {"type": "LineString", "coordinates": [[-58.13928377800961, -32.23597928180389], [-58.139300135223905, -32.2359807529172]]}, "properties": {"source": "Unifilar.dxf", "layer": "ELECTRICA ENERSA", "entity": "LINE"}}, {"type": "Feature", "geometry": {"type": "LineString", "coordinates": [[-58.137436164439144, -32.233853324997135], [-58.13743854474083, -32.23380725973518], [-58.13739134200662, -32.23380365871123], [-58.13738786531995, -32.23385056002097], [-58.137436164439144, -32.233853324997135]]}, "properties": {"source": "Unifilar.dxf", "layer": "ELECTRICA ENERSA", "entity": "LWPOLYLINE"}}, {"type": "Feature", "geometry": {"type": "LineString", "coordinates": [[-58.13741078271324, -32.23385170695286], [-58.1374095134676, -32.233868171283405]]}, "properties": {"source": "Unifilar.dxf", "layer": "ELECTRICA ENERSA", "entity": "LINE"}}, {"type": "Feature", "geometry": {"type": "LineString", "coordinates": [[-58.13143633454631, -32.22562917645405], [-58.13148723711461, -32.22560792871397], [-58.13143631938365, -32.225580382500745], [-58.13143633454631, -32.22562917645405]]}, "properties": {"source": "Unifilar.dxf", "layer": "ELECTRICA ENERSA", "entity": "LWPOLYLINE"}}, {"type": "Feature", "geometry": {"type": "LineString", "coordinates": [[-58.13143752333488, -32.22560614480775], [-58.131417032134415, -32.22560541048456]]}, "properties": {"source": "Unifilar.dxf", "layer": "ELECTRICA ENERSA", "entity": "LINE"}}, {"type": "Feature", "geometry": {"type": "LineString", "coordinates": [[-58.13448836900899, -32.230250562631944], [-58.13444221545452, -32.23024841310918], [-58.13443950633479, -32.23029696740253], [-58.13448703467015, -32.23029808068331], [-58.13448836900899, -32.230250562631944]]}, "properties": {"source": "Unifilar.dxf", "layer": "ELECTRICA ENERSA", "entity": "LWPOLYLINE"}}, {"type": "Feature", "geometry": {"type": "LineString", "coordinates": [[-58.13448822618327, -32.23027504706765], [-58.134504583397565, -32.23027651818096]]}, "properties": {"source": "Unifilar.dxf", "layer": "ELECTRICA ENERSA", "entity": "LINE"}}, {"type": "Feature", "geometry": {"type": "LineString", "coordinates": [[-58.13921033413929, -32.23691544496904], [-58.139163182610694, -32.2369207293869], [-58.13916703590217, -32.23696895684834], [-58.13921420810911, -32.2369637010382], [-58.13921033413929, -32.23691544496904]]}, "properties": {"source": "Unifilar.dxf", "layer": "ELECTRICA ENERSA", "entity": "LWPOLYLINE"}}, {"type": "Feature", "geometry": {"type": "LineString", "coordinates": [[-58.13921265515385, -32.236940399835994], [-58.13922965722953, -32.236939239546246]]}, "properties": {"source": "Unifilar.dxf", "layer": "ELECTRICA ENERSA", "entity": "LINE"}}, {"type": "Feature", "geometry": {"type": "LineString", "coordinates": [[-58.13447167583212, -32.23062647813069], [-58.13441912057937, -32.23064896298807], [-58.13446864334345, -32.23067751751669], [-58.13447167583212, -32.23062647813069]]}, "properties": {"source": "Unifilar.dxf", "layer": "ELECTRICA ENERSA", "entity": "LWPOLYLINE"}}, {"type": "Feature", "geometry": {"type": "LineString", "coordinates": [[-58.134469112262664, -32.23065054601896], [-58.13448960346313, -32.230651280342144]]}, "properties": {"source": "Unifilar.dxf", "layer": "ELECTRICA ENERSA", "entity": "LINE"}}, {"type": "Feature", "geometry": {"type": "LineString", "coordinates": [[-58.137863389855134, -32.23543278719798], [-58.13781646600916, -32.23542898666098], [-58.13781236415476, -32.23547854661921], [-58.13786068122775, -32.23548134217246], [-58.137863389855134, -32.23543278719798]]}, "properties": {"source": "Unifilar.dxf", "layer": "ELECTRICA ENERSA", "entity": "LWPOLYLINE"}}, {"type": "Feature", "geometry": {"type": "LineString", "coordinates": [[-58.137860803867476, -32.23545682981017], [-58.137877458678986, -32.23545812729358]]}, "properties": {"source": "Unifilar.dxf", "layer": "ELECTRICA ENERSA", "entity": "LINE"}}, {"type": "Feature", "geometry": {"type": "LineString", "coordinates": [[-58.1325308213773, -32.22813529931577], [-58.13247782143421, -32.228153645415745], [-58.132525325048356, -32.22818586827053], [-58.1325308213773, -32.22813529931577]]}, "properties": {"source": "Unifilar.dxf", "layer": "ELECTRICA ENERSA", "entity": "LWPOLYLINE"}}, {"type": "Feature", "geometry": {"type": "LineString", "coordinates": [[-58.13252823762184, -32.228159339277454], [-58.13254838254282, -32.22816253273608]]}, "properties": {"source": "Unifilar.dxf", "layer": "ELECTRICA ENERSA", "entity": "LINE"}}, {"type": "Feature", "geometry": {"type": "LineString", "coordinates": [[-58.134441387683744, -32.231238617829526], [-58.13439383965473, -32.231237477303296], [-58.134392805637646, -32.231284819755416], [-58.13443868178091, -32.23128717083464], [-58.134441387683744, -32.231238617829526]]}, "properties": {"source": "Unifilar.dxf", "layer": "ELECTRICA ENERSA", "entity": "LWPOLYLINE"}}, {"type": "Feature", "geometry": {"type": "LineString", "coordinates": [[-58.134440196662965, -32.23126165212633], [-58.13445685147448, -32.23126294960974]]}, "properties": {"source": "Unifilar.dxf", "layer": "ELECTRICA ENERSA", "entity": "LINE"}}, {"type": "Feature", "geometry": {"type": "LineString", "coordinates": [[-58.13776087378038, -32.23683821511864], [-58.13771101668258, -32.236860914967], [-58.137760885726145, -32.23688701036018], [-58.13776087378038, -32.23683821511864]]}, "properties": {"source": "Unifilar.dxf", "layer": "ELECTRICA ENERSA", "entity": "LWPOLYLINE"}}, {"type": "Feature", "geometry": {"type": "LineString", "coordinates": [[-58.13776100836587, -32.23686249799788], [-58.13778045409583, -32.23686178021279]]}, "properties": {"source": "Unifilar.dxf", "layer": "ELECTRICA ENERSA", "entity": "LINE"}}, {"type": "Feature", "geometry": {"type": "LineString", "coordinates": [[-58.13859591387548, -32.23808513735743], [-58.138598623487546, -32.23803658374522], [-58.138550026771135, -32.23803399239895], [-58.13854731715907, -32.23808254601116], [-58.13859591387548, -32.23808513735743]]}, "properties": {"source": "Unifilar.dxf", "layer": "ELECTRICA ENERSA", "entity": "LWPOLYLINE"}}, {"type": "Feature", "geometry": {"type": "LineString", "coordinates": [[-58.138571928101136, -32.238082512360045], [-58.13857038269181, -32.23809917423428]]}, "properties": {"source": "Unifilar.dxf", "layer": "ELECTRICA ENERSA", "entity": "LINE"}}, {"type": "Feature", "geometry": {"type": "LineString", "coordinates": [[-58.1343569968877, -32.23265090685384], [-58.13431007576627, -32.23264710434747], [-58.13430492348462, -32.2326952168173], [-58.134351847330585, -32.2326990173543], [-58.1343569968877, -32.23265090685384]]}, "properties": {"source": "Unifilar.dxf", "layer": "ELECTRICA ENERSA", "entity": "LWPOLYLINE"}}, {"type": "Feature", "geometry": {"type": "LineString", "coordinates": [[-58.134354413624585, -32.23267494749666], [-58.13437106669624, -32.23267624831172]]}, "properties": {"source": "Unifilar.dxf", "layer": "ELECTRICA ENERSA", "entity": "LINE"}}, {"type": "Feature", "geometry": {"type": "LineString", "coordinates": [[-58.131132643853775, -32.22834938238124], [-58.13108041196997, -32.228369382145964], [-58.13112851958117, -32.228398917063394], [-58.131132643853775, -32.22834938238124]]}, "properties": {"source": "Unifilar.dxf", "layer": "ELECTRICA ENERSA", "entity": "LWPOLYLINE"}}, {"type": "Feature", "geometry": {"type": "LineString", "coordinates": [[-58.131130057373774, -32.22837342431229], [-58.13115053160512, -32.228374129420665]]}, "properties": {"source": "Unifilar.dxf", "layer": "ELECTRICA ENERSA", "entity": "LINE"}}, {"type": "Feature", "geometry": {"type": "LineString", "coordinates": [[-58.133041188285745, -32.231456371190525], [-58.132993293977236, -32.23145768979973], [-58.13299470410678, -32.23150547543764], [-58.13304232051172, -32.23150435770377], [-58.133041188285745, -32.231456371190525]]}, "properties": {"source": "Unifilar.dxf", "layer": "ELECTRICA ENERSA", "entity": "LWPOLYLINE"}}, {"type": "Feature", "geometry": {"type": "LineString", "coordinates": [[-58.133041048184566, -32.23148085365687], [-58.133058027349705, -32.2314796674099]]}, "properties": {"source": "Unifilar.dxf", "layer": "ELECTRICA ENERSA", "entity": "LINE"}}, {"type": "Feature", "geometry": {"type": "LineString", "coordinates": [[-58.134909752555885, -32.23405086038219], [-58.134862203542184, -32.23404971849369], [-58.13485977554291, -32.23409807062347], [-58.13490704294382, -32.2340994139944], [-58.134909752555885, -32.23405086038219]]}, "properties": {"source": "Unifilar.dxf", "layer": "ELECTRICA ENERSA", "entity": "LWPOLYLINE"}}, {"type": "Feature", "geometry": {"type": "LineString", "coordinates": [[-58.134908214270936, -32.234076352452156], [-58.13492521634662, -32.2340751921624]]}, "properties": {"source": "Unifilar.dxf", "layer": "ELECTRICA ENERSA", "entity": "LINE"}}, {"type": "Feature", "geometry": {"type": "LineString", "coordinates": [[-58.13443893838019, -32.233703317515015], [-58.13444516002758, -32.233656684472955], [-58.134397167800564, -32.23365140587046], [-58.134390968571374, -32.233698064188594], [-58.13443893838019, -32.233703317515015]]}, "properties": {"source": "Unifilar.dxf", "layer": "ELECTRICA ENERSA", "entity": "LWPOLYLINE"}}, {"type": "Feature", "geometry": {"type": "LineString", "coordinates": [[-58.13441495260585, -32.23370069251762], [-58.13441338750286, -32.233717327146415]]}, "properties": {"source": "Unifilar.dxf", "layer": "ELECTRICA ENERSA", "entity": "LINE"}}, {"type": "Feature", "geometry": {"type": "LineString", "coordinates": [[-58.12984247487287, -32.22743360345686], [-58.12979589953859, -32.22742734113392], [-58.12979074725694, -32.22747545360374], [-58.12983899769386, -32.22748050408546], [-58.12984247487287, -32.22743360345686]]}, "properties": {"source": "Unifilar.dxf", "layer": "ELECTRICA ENERSA", "entity": "LWPOLYLINE"}}, {"type": "Feature", "geometry": {"type": "LineString", "coordinates": [[-58.12983989111742, -32.227457643418546], [-58.12985654369673, -32.22745894355246]]}, "properties": {"source": "Unifilar.dxf", "layer": "ELECTRICA ENERSA", "entity": "LINE"}}, {"type": "Feature", "geometry": {"type": "LineString", "coordinates": [[-58.132964039934365, -32.232199949872644], [-58.13291497429874, -32.232224330024096], [-58.13296623830919, -32.23224941710188], [-58.132964039934365, -32.232199949872644]]}, "properties": {"source": "Unifilar.dxf", "layer": "ELECTRICA ENERSA", "entity": "LWPOLYLINE"}}, {"type": "Feature", "geometry": {"type": "LineString", "coordinates": [[-58.13296531226152, -32.232223453919545], [-58.13298475799148, -32.23222273613445]]}, "properties": {"source": "Unifilar.dxf", "layer": "ELECTRICA ENERSA", "entity": "LINE"}}, {"type": "Feature", "geometry": {"type": "LineString", "coordinates": [[-58.13186865655351, -32.23078619398063], [-58.131869032867925, -32.230792590998135], [-58.13191595720624, -32.23079639221627], [-58.13191725376226, -32.23078878600804], [-58.13186865655351, -32.23078619398063]]}, "properties": {"source": "Unifilar.dxf", "layer": "ELECTRICA ENERSA", "entity": "LWPOLYLINE"}}, {"type": "Feature", "geometry": {"type": "LineString", "coordinates": [[-58.131869032867925, -32.230792590998135], [-58.13186727674928, -32.23083599624932], [-58.13188996230343, -32.23083664032573]]}, "properties": {"source": "Unifilar.dxf", "layer": "ELECTRICA ENERSA", "entity": "LWPOLYLINE"}}, {"type": "Feature", "geometry": {"type": "LineString", "coordinates": [[-58.13188996230343, -32.23083664032573], [-58.1318905399578, -32.23083665672619]]}, "properties": {"source": "Unifilar.dxf", "layer": "ELECTRICA ENERSA", "entity": "LWPOLYLINE"}}, {"type": "Feature", "geometry": {"type": "LineString", "coordinates": [[-58.1318905399578, -32.23083665672619], [-58.13191454736708, -32.23083733833202], [-58.13191595720624, -32.23079639221627], [-58.1318905399578, -32.23083665672619]]}, "properties": {"source": "Unifilar.dxf", "layer": "ELECTRICA ENERSA", "entity": "LWPOLYLINE"}}, {"type": "Feature", "geometry": {"type": "LineString", "coordinates": [[-58.1318905399578, -32.23083665672619], [-58.131890214820906, -32.230837171788934], [-58.13188996230343, -32.23083664032573]]}, "properties": {"source": "Unifilar.dxf", "layer": "ELECTRICA ENERSA", "entity": "LWPOLYLINE"}}, {"type": "Feature", "geometry": {"type": "LineString", "coordinates": [[-58.13188996230343, -32.23083664032573], [-58.131869032867925, -32.230792590998135]]}, "properties": {"source": "Unifilar.dxf", "layer": "ELECTRICA ENERSA", "entity": "LWPOLYLINE"}}, {"type": "Feature", "geometry": {"type": "LineString", "coordinates": [[-58.13189292394063, -32.23078861749559], [-58.13189314177433, -32.23077070431437]]}, "properties": {"source": "Unifilar.dxf", "layer": "ELECTRICA ENERSA", "entity": "LINE"}}, {"type": "Feature", "geometry": {"type": "LineString", "coordinates": [[-58.13484383932709, -32.23498158021972], [-58.13479631099174, -32.234980466938936], [-58.1347949990711, -32.23502801026639], [-58.13484113243957, -32.235030131862565], [-58.13484383932709, -32.23498158021972]]}, "properties": {"source": "Unifilar.dxf", "layer": "ELECTRICA ENERSA", "entity": "LWPOLYLINE"}}, {"type": "Feature", "geometry": {"type": "LineString", "coordinates": [[-58.13484232444503, -32.23500709892804], [-58.13485763024739, -32.235007121190655]]}, "properties": {"source": "Unifilar.dxf", "layer": "ELECTRICA ENERSA", "entity": "LINE"}}, {"type": "Feature", "geometry": {"type": "LineString", "coordinates": [[-58.136028724898075, -32.23663022533131], [-58.136032482212855, -32.23658312117688], [-58.1359839051901, -32.236580557076046], [-58.13598012719699, -32.236627632622756], [-58.136028724898075, -32.23663022533131]]}, "properties": {"source": "Unifilar.dxf", "layer": "ELECTRICA ENERSA", "entity": "LWPOLYLINE"}}, {"type": "Feature", "geometry": {"type": "LineString", "coordinates": [[-58.13600306526862, -32.23662880816237], [-58.13600319098986, -32.23664426417753]]}, "properties": {"source": "Unifilar.dxf", "layer": "ELECTRICA ENERSA", "entity": "LINE"}}, {"type": "Feature", "geometry": {"type": "LineString", "coordinates": [[-58.13230171477696, -32.23164916088249], [-58.13229513168742, -32.231649459106684], [-58.13229272338181, -32.231697838481914], [-58.13229900565724, -32.23169771517584], [-58.13230171477696, -32.23164916088249]]}, "properties": {"source": "Unifilar.dxf", "layer": "ELECTRICA ENERSA", "entity": "LWPOLYLINE"}}, {"type": "Feature", "geometry": {"type": "LineString", "coordinates": [[-58.13229513168742, -32.231649459106684], [-58.132253118060554, -32.23164656953622], [-58.132251842585774, -32.231671964333906]]}, "properties": {"source": "Unifilar.dxf", "layer": "ELECTRICA ENERSA", "entity": "LWPOLYLINE"}}, {"type": "Feature", "geometry": {"type": "LineString", "coordinates": [[-58.132251842585774, -32.231671964333906], [-58.132251829073745, -32.23167223335944]]}, "properties": {"source": "Unifilar.dxf", "layer": "ELECTRICA ENERSA", "entity": "LWPOLYLINE"}}, {"type": "Feature", "geometry": {"type": "LineString", "coordinates": [[-58.132251829073745, -32.23167223335944], [-58.132250689568934, -32.231694920984864], [-58.13229272338181, -32.231697838481914], [-58.132251829073745, -32.23167223335944]]}, "properties": {"source": "Unifilar.dxf", "layer": "ELECTRICA ENERSA", "entity": "LWPOLYLINE"}}, {"type": "Feature", "geometry": {"type": "LineString", "coordinates": [[-58.132251829073745, -32.23167223335944], [-58.13225160045395, -32.2316720902139], [-58.132251842585774, -32.231671964333906]]}, "properties": {"source": "Unifilar.dxf", "layer": "ELECTRICA ENERSA", "entity": "LWPOLYLINE"}}, {"type": "Feature", "geometry": {"type": "LineString", "coordinates": [[-58.132251842585774, -32.231671964333906], [-58.13229513168742, -32.231649459106684]]}, "properties": {"source": "Unifilar.dxf", "layer": "ELECTRICA ENERSA", "entity": "LWPOLYLINE"}}, {"type": "Feature", "geometry": {"type": "LineString", "coordinates": [[-58.132300523263844, -32.23167219449816], [-58.13231822725509, -32.23167494348276]]}, "properties": {"source": "Unifilar.dxf", "layer": "ELECTRICA ENERSA", "entity": "LINE"}}, {"type": "Feature", "geometry": {"type": "LineString", "coordinates": [[-58.13075184857876, -32.229731811080455], [-58.13075147226434, -32.22972541406295], [-58.13070394392899, -32.229724300782166], [-58.1307043000574, -32.22973066987309], [-58.13075184857876, -32.229731811080455]]}, "properties": {"source": "Unifilar.dxf", "layer": "ELECTRICA ENERSA", "entity": "LWPOLYLINE"}}, {"type": "Feature", "geometry": {"type": "LineString", "coordinates": [[-58.13075147226434, -32.22972541406295], [-58.130754279302586, -32.229683456981306], [-58.130704287619295, -32.22968187395042], [-58.13070394392899, -32.229724300782166], [-58.13072994675642, -32.229683290438224], [-58.13075147226434, -32.22972541406295]]}, "properties": {"source": "Unifilar.dxf", "layer": "ELECTRICA ENERSA", "entity": "LWPOLYLINE"}}, {"type": "Feature", "geometry": {"type": "LineString", "coordinates": [[-58.13072863260358, -32.229730836416174], [-58.13072841476988, -32.2297487495974]]}, "properties": {"source": "Unifilar.dxf", "layer": "ELECTRICA ENERSA", "entity": "LINE"}}, {"type": "Feature", "geometry": {"type": "LineString", "coordinates": [[-58.129691301341914, -32.228541359547634], [-58.12969904347547, -32.228597905277866], [-58.129739303910206, -32.22855546705763], [-58.129691301341914, -32.228541359547634]]}, "properties": {"source": "Unifilar.dxf", "layer": "ELECTRICA ENERSA", "entity": "LWPOLYLINE"}}, {"type": "Feature", "geometry": {"type": "LineString", "coordinates": [[-58.12971461523562, -32.22854893142362], [-58.129720347285456, -32.22852924127157]]}, "properties": {"source": "Unifilar.dxf", "layer": "ELECTRICA ENERSA", "entity": "LINE"}}, {"type": "Feature", "geometry": {"type": "LineString", "coordinates": [[-58.13477248260205, -32.23616038686509], [-58.13472553807774, -32.23615655772037], [-58.13472285186856, -32.236205137970934], [-58.134770033924426, -32.23620871038715], [-58.13477248260205, -32.23616038686509]]}, "properties": {"source": "Unifilar.dxf", "layer": "ELECTRICA ENERSA", "entity": "LWPOLYLINE"}}, {"type": "Feature", "geometry": {"type": "LineString", "coordinates": [[-58.13477156948483, -32.236183220286556], [-58.134787926699126, -32.236184691399856]]}, "properties": {"source": "Unifilar.dxf", "layer": "ELECTRICA ENERSA", "entity": "LINE"}}, {"type": "Feature", "geometry": {"type": "LineString", "coordinates": [[-58.13088526334153, -32.230871300527774], [-58.130878682976544, -32.2308715967826], [-58.13087520579753, -32.2309184974112], [-58.13088148807296, -32.23091837410512], [-58.13088526334153, -32.230871300527774]]}, "properties": {"source": "Unifilar.dxf", "layer": "ELECTRICA ENERSA", "entity": "LWPOLYLINE"}}, {"type": "Feature", "geometry": {"type": "LineString", "coordinates": [[-58.13087763428915, -32.230870145962555], [-58.13083561744539, -32.23086725768031], [-58.130834188206975, -32.23089269353875]]}, "properties": {"source": "Unifilar.dxf", "layer": "ELECTRICA ENERSA", "entity": "LWPOLYLINE"}}, {"type": "Feature", "geometry": {"type": "LineString", "coordinates": [[-58.130834188206975, -32.23089269353875], [-58.130834181628906, -32.230892810607266]]}, "properties": {"source": "Unifilar.dxf", "layer": "ELECTRICA ENERSA", "entity": "LWPOLYLINE"}}, {"type": "Feature", "geometry": {"type": "LineString", "coordinates": [[-58.130834181628906, -32.230892810607266], [-58.13083289086421, -32.23091578207771], [-58.13087520579753, -32.2309184974112], [-58.130834181628906, -32.230892810607266]]}, "properties": {"source": "Unifilar.dxf", "layer": "ELECTRICA ENERSA", "entity": "LWPOLYLINE"}}, {"type": "Feature", "geometry": {"type": "LineString", "coordinates": [[-58.130834181628906, -32.230892810607266], [-58.130834082377326, -32.23089274846205], [-58.130834188206975, -32.23089269353875]]}, "properties": {"source": "Unifilar.dxf", "layer": "ELECTRICA ENERSA", "entity": "LWPOLYLINE"}}, {"type": "Feature", "geometry": {"type": "LineString", "coordinates": [[-58.130834188206975, -32.23089269353875], [-58.13087763428915, -32.230870145962555]]}, "properties": {"source": "Unifilar.dxf", "layer": "ELECTRICA ENERSA", "entity": "LWPOLYLINE"}}, {"type": "Feature", "geometry": {"type": "LineString", "coordinates": [[-58.13088267958608, -32.23089534048946], [-58.13090070694627, -32.23089560438141]]}, "properties": {"source": "Unifilar.dxf", "layer": "ELECTRICA ENERSA", "entity": "LINE"}}, {"type": "Feature", "geometry": {"type": "LineString", "coordinates": [[-58.13291625200902, -32.23417823907943], [-58.132963522134474, -32.23417958048099], [-58.13296483307043, -32.23413203579126], [-58.1329189606364, -32.23412968410494], [-58.13291625200902, -32.23417823907943]]}, "properties": {"source": "Unifilar.dxf", "layer": "ELECTRICA ENERSA", "entity": "LWPOLYLINE"}}, {"type": "Feature", "geometry": {"type": "LineString", "coordinates": [[-58.132917769615624, -32.234152718401745], [-58.132900787233595, -32.234153905936935]]}, "properties": {"source": "Unifilar.dxf", "layer": "ELECTRICA ENERSA", "entity": "LINE"}}, {"type": "Feature", "geometry": {"type": "LineString", "coordinates": [[-58.1301086349966, -32.230478526522944], [-58.1301127390832, -32.23042896391421], [-58.13008742201963, -32.23042750090533]]}, "properties": {"source": "Unifilar.dxf", "layer": "ELECTRICA ENERSA", "entity": "LWPOLYLINE"}}, {"type": "Feature", "geometry": {"type": "LineString", "coordinates": [[-58.13008742201963, -32.23042750090533], [-58.13008727629912, -32.23042749248451]]}, "properties": {"source": "Unifilar.dxf", "layer": "ELECTRICA ENERSA", "entity": "LWPOLYLINE"}}, {"type": "Feature", "geometry": {"type": "LineString", "coordinates": [[-58.13008727629912, -32.23042749248451], [-58.13006442027035, -32.23042617169259], [-58.13006031890829, -32.23047573233197], [-58.13008727629912, -32.23042749248451]]}, "properties": {"source": "Unifilar.dxf", "layer": "ELECTRICA ENERSA", "entity": "LWPOLYLINE"}}, {"type": "Feature", "geometry": {"type": "LineString", "coordinates": [[-58.13008727629912, -32.23042749248451], [-58.13008735784964, -32.230427346551075], [-58.13008742201963, -32.23042750090533]]}, "properties": {"source": "Unifilar.dxf", "layer": "ELECTRICA ENERSA", "entity": "LWPOLYLINE"}}, {"type": "Feature", "geometry": {"type": "LineString", "coordinates": [[-58.13008742201963, -32.23042750090533], [-58.1301086349966, -32.230478526522944]]}, "properties": {"source": "Unifilar.dxf", "layer": "ELECTRICA ENERSA", "entity": "LWPOLYLINE"}}, {"type": "Feature", "geometry": {"type": "LineString", "coordinates": [[-58.13008465145446, -32.23047589887505], [-58.130084430403876, -32.23049381334451]]}, "properties": {"source": "Unifilar.dxf", "layer": "ELECTRICA ENERSA", "entity": "LINE"}}, {"type": "Feature", "geometry": {"type": "LineString", "coordinates": [[-58.1301086349966, -32.230478526522944], [-58.13006171387517, -32.230474724016574]]}, "properties": {"source": "Unifilar.dxf", "layer": "ELECTRICA ENERSA", "entity": "LINE"}}, {"type": "Feature", "geometry": {"type": "LineString", "coordinates": [[-58.131859747202284, -32.2335639820293], [-58.13185938625248, -32.23351764789257], [-58.131812117866886, -32.23351630315937], [-58.13181080420639, -32.23356384981846], [-58.131859747202284, -32.2335639820293]]}, "properties": {"source": "Unifilar.dxf", "layer": "ELECTRICA ENERSA", "entity": "LWPOLYLINE"}}, {"type": "Feature", "geometry": {"type": "LineString", "coordinates": [[-58.13183541514846, -32.23356381616735], [-58.131833869739125, -32.23358047804159]]}, "properties": {"source": "Unifilar.dxf", "layer": "ELECTRICA ENERSA", "entity": "LINE"}}, {"type": "Feature", "geometry": {"type": "LineString", "coordinates": [[-58.13284771880319, -32.23533274638411], [-58.13289456540898, -32.23532997831713], [-58.132891759820225, -32.23528320031347], [-58.132843865511724, -32.235284518922676], [-58.13284771880319, -32.23533274638411]]}, "properties": {"source": "Unifilar.dxf", "layer": "ELECTRICA ENERSA", "entity": "LWPOLYLINE"}}, {"type": "Feature", "geometry": {"type": "LineString", "coordinates": [[-58.13284618652627, -32.23530947378963], [-58.132829204144244, -32.23531066132482]]}, "properties": {"source": "Unifilar.dxf", "layer": "ELECTRICA ENERSA", "entity": "LINE"}}, {"type": "Feature", "geometry": {"type": "LineString", "coordinates": [[-58.130833501113095, -32.23257730055615], [-58.13082719914401, -32.23257739661678], [-58.13082449274883, -32.232625948940765], [-58.130831072621476, -32.2326256520048], [-58.130833501113095, -32.23257730055615]]}, "properties": {"source": "Unifilar.dxf", "layer": "ELECTRICA ENERSA", "entity": "LWPOLYLINE"}}, {"type": "Feature", "geometry": {"type": "LineString", "coordinates": [[-58.13082719914401, -32.23257739661678], [-58.13078518502479, -32.232574506365175], [-58.130782475905065, -32.23262306065852], [-58.13082449274883, -32.232625948940765], [-58.13078399351167, -32.23259753998084], [-58.13082719914401, -32.23257739661678]]}, "properties": {"source": "Unifilar.dxf", "layer": "ELECTRICA ENERSA", "entity": "LWPOLYLINE"}}, {"type": "Feature", "geometry": {"type": "LineString", "coordinates": [[-58.13083259022808, -32.23260013132712], [-58.13085140905045, -32.23260207552216]]}, "properties": {"source": "Unifilar.dxf", "layer": "ELECTRICA ENERSA", "entity": "LINE"}}, {"type": "Feature", "geometry": {"type": "LineString", "coordinates": [[-58.129245017160656, -32.23056362221134], [-58.12924124189209, -32.23061069578869], [-58.129288444133955, -32.2306142961315], [-58.12929192082063, -32.23056739482176], [-58.129245017160656, -32.23056362221134]]}, "properties": {"source": "Unifilar.dxf", "layer": "ELECTRICA ENERSA", "entity": "LWPOLYLINE"}}, {"type": "Feature", "geometry": {"type": "LineString", "coordinates": [[-58.12926898324134, -32.230566219963286], [-58.12927055106888, -32.23054958336513]]}, "properties": {"source": "Unifilar.dxf", "layer": "ELECTRICA ENERSA", "entity": "LINE"}}, {"type": "Feature", "geometry": {"type": "LineString", "coordinates": [[-58.128459211653826, -32.22982025891578], [-58.128459310064684, -32.22982685680862], [-58.12850823287458, -32.229826961092876], [-58.12850815464972, -32.22982039112662], [-58.128459211653826, -32.22982025891578]]}, "properties": {"source": "Unifilar.dxf", "layer": "ELECTRICA ENERSA", "entity": "LWPOLYLINE"}}, {"type": "Feature", "geometry": {"type": "LineString", "coordinates": [[-58.128459310064684, -32.22982685680862], [-58.12845894891292, -32.22986925374442], [-58.12850789190882, -32.22986938595526], [-58.12850823287458, -32.229826961092876], [-58.12848355936265, -32.22986921941217], [-58.128459310064684, -32.22982685680862]]}, "properties": {"source": "Unifilar.dxf", "layer": "ELECTRICA ENERSA", "entity": "LWPOLYLINE"}}, {"type": "Feature", "geometry": {"type": "LineString", "coordinates": [[-58.128483544199995, -32.22982042545887], [-58.12848404315414, -32.22980231011408]]}, "properties": {"source": "Unifilar.dxf", "layer": "ELECTRICA ENERSA", "entity": "LINE"}}, {"type": "Feature", "geometry": {"type": "LineString", "coordinates": [[-58.128745328765554, -32.230538702253675], [-58.12875858239071, -32.230593472982456], [-58.12879430179638, -32.23054769061746], [-58.128745328765554, -32.230538702253675]]}, "properties": {"source": "Unifilar.dxf", "layer": "ELECTRICA ENERSA", "entity": "LWPOLYLINE"}}, {"type": "Feature", "geometry": {"type": "LineString", "coordinates": [[-58.128768966028204, -32.23054378903701], [-58.128772254423765, -32.230523656380306]]}, "properties": {"source": "Unifilar.dxf", "layer": "ELECTRICA ENERSA", "entity": "LINE"}}, {"type": "Feature", "geometry": {"type": "LineString", "coordinates": [[-58.13282393541091, -32.236144282842695], [-58.13287511811498, -32.236122831576786], [-58.132825592626354, -32.236094279017536], [-58.13282393541091, -32.236144282842695]]}, "properties": {"source": "Unifilar.dxf", "layer": "ELECTRICA ENERSA", "entity": "LWPOLYLINE"}}, {"type": "Feature", "geometry": {"type": "LineString", "coordinates": [[-58.132824077744296, -32.23611979772585], [-58.132803584311624, -32.23611906605317]]}, "properties": {"source": "Unifilar.dxf", "layer": "ELECTRICA ENERSA", "entity": "LINE"}}, {"type": "Feature", "geometry": {"type": "LineString", "coordinates": [[-58.131544684569086, -32.234665959737626], [-58.131546769013426, -32.234620064773914], [-58.131499845167454, -32.23461626423691], [-58.131496086868, -32.23466336702907], [-58.131544684569086, -32.234665959737626]]}, "properties": {"source": "Unifilar.dxf", "layer": "ELECTRICA ENERSA", "entity": "LWPOLYLINE"}}, {"type": "Feature", "geometry": {"type": "LineString", "coordinates": [[-58.131520073627016, -32.23466599338873], [-58.13152020207281, -32.23468144743452]]}, "properties": {"source": "Unifilar.dxf", "layer": "ELECTRICA ENERSA", "entity": "LINE"}}, {"type": "Feature", "geometry": {"type": "LineString", "coordinates": [[-58.12862962980621, -32.23186713387705], [-58.12862970803107, -32.23187370384331], [-58.12867865151931, -32.23187383673529], [-58.12867857329445, -32.23186726676903], [-58.12862962980621, -32.23186713387705]]}, "properties": {"source": "Unifilar.dxf", "layer": "ELECTRICA ENERSA", "entity": "LWPOLYLINE"}}, {"type": "Feature", "geometry": {"type": "LineString", "coordinates": [[-58.12862970803107, -32.23187370384331], [-58.12862936706531, -32.23191612870569], [-58.128678310553546, -32.23191626159767], [-58.12867865151931, -32.23187383673529], [-58.12865397800738, -32.23191609505458], [-58.12862970803107, -32.23187370384331]]}, "properties": {"source": "Unifilar.dxf", "layer": "ELECTRICA ENERSA", "entity": "LWPOLYLINE"}}, {"type": "Feature", "geometry": {"type": "LineString", "coordinates": [[-58.12865396284472, -32.231867301101275], [-58.128654461306525, -32.231849185075355]]}, "properties": {"source": "Unifilar.dxf", "layer": "ELECTRICA ENERSA", "entity": "LINE"}}, {"type": "Feature", "geometry": {"type": "LineString", "coordinates": [[-58.13273463064329, -32.23767553083586], [-58.132787209298925, -32.23765307261683], [-58.132736291567966, -32.237625526403605], [-58.13273463064329, -32.23767553083586]]}, "properties": {"source": "Unifilar.dxf", "layer": "ELECTRICA ENERSA", "entity": "LWPOLYLINE"}}, {"type": "Feature", "geometry": {"type": "LineString", "coordinates": [[-58.13273747756539, -32.237651258133525], [-58.13271672319828, -32.237650756550984]]}, "properties": {"source": "Unifilar.dxf", "layer": "ELECTRICA ENERSA", "entity": "LINE"}}, {"type": "Feature", "geometry": {"type": "LineString", "coordinates": [[-58.12949390215089, -32.23328377291921], [-58.12944635362953, -32.23328263171184], [-58.129443644509806, -32.23333118600518], [-58.129491172845164, -32.23333229928597], [-58.12949390215089, -32.23328377291921]]}, "properties": {"source": "Unifilar.dxf", "layer": "ELECTRICA ENERSA", "entity": "LWPOLYLINE"}}, {"type": "Feature", "geometry": {"type": "LineString", "coordinates": [[-58.129492364358285, -32.23330926567031], [-58.12950872157258, -32.23331073678361]]}, "properties": {"source": "Unifilar.dxf", "layer": "ELECTRICA ENERSA", "entity": "LINE"}}, {"type": "Feature", "geometry": {"type": "LineString", "coordinates": [[-58.13090267147605, -32.235647039176165], [-58.13092253396247, -32.23569920021798], [-58.130953433943176, -32.235650273902436], [-58.13090267147605, -32.235647039176165]]}, "properties": {"source": "Unifilar.dxf", "layer": "ELECTRICA ENERSA", "entity": "LWPOLYLINE"}}, {"type": "Feature", "geometry": {"type": "LineString", "coordinates": [[-58.130926637556726, -32.23564963692811], [-58.13092889794324, -32.23562808205907]]}, "properties": {"source": "Unifilar.dxf", "layer": "ELECTRICA ENERSA", "entity": "LINE"}}, {"type": "Feature", "geometry": {"type": "LineString", "coordinates": [[-58.128658077226035, -32.23345080672662], [-58.12868102996798, -32.2335007755384], [-58.128709463876206, -32.23345138144212], [-58.128658077226035, -32.23345080672662]]}, "properties": {"source": "Unifilar.dxf", "layer": "ELECTRICA ENERSA", "entity": "LWPOLYLINE"}}, {"type": "Feature", "geometry": {"type": "LineString", "coordinates": [[-58.12868268767576, -32.23345077239438], [-58.12868325500583, -32.23343039878949]]}, "properties": {"source": "Unifilar.dxf", "layer": "ELECTRICA ENERSA", "entity": "LINE"}}, {"type": "Feature", "geometry": {"type": "LineString", "coordinates": [[-58.12941564687448, -32.23456292551195], [-58.12936809884546, -32.23456178498572], [-58.12936783288767, -32.23461078110259], [-58.12941538091668, -32.23461192162882], [-58.12941564687448, -32.23456292551195]]}, "properties": {"source": "Unifilar.dxf", "layer": "ELECTRICA ENERSA", "entity": "LWPOLYLINE"}}, {"type": "Feature", "geometry": {"type": "LineString", "coordinates": [[-58.12941410858953, -32.23458841758192], [-58.1294318787245, -32.234588910956916]]}, "properties": {"source": "Unifilar.dxf", "layer": "ELECTRICA ENERSA", "entity": "LINE"}}, {"type": "Feature", "geometry": {"type": "LineString", "coordinates": [[-58.128599405368796, -32.23353535203349], [-58.12859733802894, -32.23354130654634], [-58.12864565684179, -32.23354409876795], [-58.12864695339781, -32.23353649255972], [-58.128599405368796, -32.23353535203349]]}, "properties": {"source": "Unifilar.dxf", "layer": "ELECTRICA ENERSA", "entity": "LWPOLYLINE"}}, {"type": "Feature", "geometry": {"type": "LineString", "coordinates": [[-58.128598386716334, -32.233542757366386], [-58.12859669897362, -32.233583904357474], [-58.12864390072315, -32.23358750401914], [-58.12864565684179, -32.23354409876795], [-58.128619914456465, -32.233584878340615], [-58.128598386716334, -32.233542757366386]]}, "properties": {"source": "Unifilar.dxf", "layer": "ELECTRICA ENERSA", "entity": "LWPOLYLINE"}}, {"type": "Feature", "geometry": {"type": "LineString", "coordinates": [[-58.128622342948084, -32.23353652689197], [-58.12862284190223, -32.23351841154718]]}, "properties": {"source": "Unifilar.dxf", "layer": "ELECTRICA ENERSA", "entity": "LINE"}}, {"type": "Feature", "geometry": {"type": "LineString", "coordinates": [[-58.132352703722674, -32.22302310003993], [-58.13238957035415, -32.223074103654895], [-58.13233855585697, -32.2231109781523], [-58.13230168922549, -32.22305997453733], [-58.132352703722674, -32.22302310003993]]}, "properties": {"source": "Unifilar.dxf", "layer": "ELECTRICA ENERSA", "entity": "LWPOLYLINE"}}, {"type": "Feature", "geometry": {"type": "LineString", "coordinates": [[-58.13231503338084, -32.223056955572076], [-58.13234452660602, -32.22309775835337], [-58.13234161678896, -32.22309986163866], [-58.132312123563786, -32.223059058857366], [-58.13231503338084, -32.223056955572076]]}, "properties": {"source": "Unifilar.dxf", "layer": "ELECTRICA ENERSA", "entity": "LWPOLYLINE"}}, {"type": "Feature", "geometry": {"type": "LineString", "coordinates": [[-58.13230484903279, -32.223064317062175], [-58.13233434225796, -32.22310511984347], [-58.132329972077635, -32.223108278714214], [-58.132300478852464, -32.22306747593293], [-58.13230484903279, -32.223064317062175]]}, "properties": {"source": "Unifilar.dxf", "layer": "ELECTRICA ENERSA", "entity": "LWPOLYLINE"}}, {"type": "Feature", "geometry": {"type": "LineString", "coordinates": [[-58.13234438494666, -32.22306683178246], [-58.1323454405278, -32.22306829213974], [-58.13233085877127, -32.223078832181756], [-58.13232980319013, -32.223077371824466], [-58.13234438494666, -32.22306683178246]]}, "properties": {"source": "Unifilar.dxf", "layer": "ELECTRICA ENERSA", "entity": "LWPOLYLINE"}}, {"type": "Feature", "geometry": {"type": "LineString", "coordinates": [[-58.13391377326717, -32.233581449259475], [-58.13395064776457, -32.233632463756656], [-58.1338996441496, -32.23366933038813], [-58.133862769652204, -32.23361831589095], [-58.13391377326717, -32.233581449259475]]}, "properties": {"source": "Unifilar.dxf", "layer": "ELECTRICA ENERSA", "entity": "LWPOLYLINE"}}, {"type": "Feature", "geometry": {"type": "LineString", "coordinates": [[-58.13387759932222, -32.2336142646407], [-58.1339071004114, -32.233655078301545], [-58.13390273023107, -32.23365823717229], [-58.13387322914189, -32.233617423511454], [-58.13387759932222, -32.2336142646407]]}, "properties": {"source": "Unifilar.dxf", "layer": "ELECTRICA ENERSA", "entity": "LWPOLYLINE"}}, {"type": "Feature", "geometry": {"type": "LineString", "coordinates": [[-58.133865881055506, -32.23362273488385], [-58.13389538214468, -32.2336635485447], [-58.13389101196435, -32.23366670741545], [-58.13386151087518, -32.233625893754606], [-58.133865881055506, -32.23362273488385]]}, "properties": {"source": "Unifilar.dxf", "layer": "ELECTRICA ENERSA", "entity": "LWPOLYLINE"}}, {"type": "Feature", "geometry": {"type": "LineString", "coordinates": [[-58.13390545424499, -32.23362518066144], [-58.133906509826126, -32.23362664101872], [-58.13389193895048, -32.23363717319577], [-58.13389088336934, -32.233635712838485], [-58.13390545424499, -32.23362518066144]]}, "properties": {"source": "Unifilar.dxf", "layer": "ELECTRICA ENERSA", "entity": "LWPOLYLINE"}}, {"type": "Feature", "geometry": {"type": "LineString", "coordinates": [[-58.15018184966057, -32.228119648889944], [-58.150218716292045, -32.228170652504915], [-58.150167712677074, -32.22820751913639], [-58.1501308460456, -32.22815651552142], [-58.15018184966057, -32.228119648889944]]}, "properties": {"source": "Unifilar.dxf", "layer": "ELECTRICA ENERSA", "entity": "LWPOLYLINE"}}, {"type": "Feature", "geometry": {"type": "LineString", "coordinates": [[-58.150166151801585, -32.228153169075995], [-58.150161770733725, -32.22815633581652], [-58.15016058402942, -32.22816386158429], [-58.15016187057179, -32.22817181054065], [-58.150167535835074, -32.228176592378894], [-58.150175061602845, -32.2281777790832], [-58.15018196187181, -32.228175041720775], [-58.150185675329006, -32.228167898392], [-58.15018647959431, -32.22816289937712], [-58.15018374321657, -32.22815600047042], [-58.15017804972316, -32.22815123696357], [-58.15017303101462, -32.22815040545281], [-58.150166151801585, -32.228153169075995]]}, "properties": {"source": "Unifilar.dxf", "layer": "ELECTRICA ENERSA", "entity": "LWPOLYLINE"}}, {"type": "Feature", "geometry": {"type": "LineString", "coordinates": [[-58.150166151801585, -32.228153169075995], [-58.15016720048898, -32.228154619896046]]}, "properties": {"source": "Unifilar.dxf", "layer": "ELECTRICA ENERSA", "entity": "LWPOLYLINE"}}, {"type": "Feature", "geometry": {"type": "LineString", "coordinates": [[-58.15016720048898, -32.228154619896046], [-58.15017262888196, -32.228152904960254], [-58.1501776475905, -32.22815373647101], [-58.15018226515108, -32.22815706885148], [-58.15018396039321, -32.22816246999901], [-58.15018317582156, -32.228167496259346], [-58.15017984480336, -32.22817211283523], [-58.15017296422806, -32.2281748774431], [-58.15016794551952, -32.22817404593235], [-58.150163321391844, -32.22817076185326], [-58.15016308353686, -32.22816426371695], [-58.15016386810851, -32.228159237456616], [-58.15016720048898, -32.228154619896046]]}, "properties": {"source": "Unifilar.dxf", "layer": "ELECTRICA ENERSA", "entity": "LWPOLYLINE"}}, {"type": "Feature", "geometry": {"type": "LineString", "coordinates": [[-58.15018374321657, -32.22815600047042], [-58.15017952778865, -32.228150168582516], [-58.150176981342106, -32.22814975889807], [-58.15017488396732, -32.228146857257975], [-58.150171335772484, -32.228145004305276], [-58.15016881657138, -32.22814457492717], [-58.15016526837655, -32.22814272197447], [-58.15016274162366, -32.228142339535474], [-58.150157721930434, -32.228141506662446], [-58.15015627111039, -32.22814255534984], [-58.15015731979778, -32.22814400616989], [-58.15015877061783, -32.2281429574825], [-58.15016129080361, -32.22814338822287], [-58.15016631706394, -32.22814417279452], [-58.15016736575134, -32.228145623614566], [-58.15016988495244, -32.22814605299267], [-58.15017093363983, -32.228147503812714], [-58.15017448183467, -32.22814935676542], [-58.150176598903116, -32.228152285650964], [-58.150179098410554, -32.22815268778361], [-58.15018226515108, -32.22815706885148], [-58.15018374321657, -32.22815600047042]]}, "properties": {"source": "Unifilar.dxf", "layer": "ELECTRICA ENERSA", "entity": "LWPOLYLINE"}}, {"type": "Feature", "geometry": {"type": "LineString", "coordinates": [[-58.15130940040439, -32.23464019660909], [-58.15131255927514, -32.23464456678941], [-58.151309638549264, -32.23464667795986], [-58.15130647967851, -32.23464230777954], [-58.15130940040439, -32.23464019660909]]}, "properties": {"source": "Unifilar.dxf", "layer": "ELECTRICA ENERSA", "entity": "LWPOLYLINE"}}, {"type": "Feature", "geometry": {"type": "LineString", "coordinates": [[-58.1513415203224, -32.234672409950214], [-58.15134362360769, -32.23467531976727], [-58.15132905273204, -32.23468585194432], [-58.15132694944675, -32.234682942127264], [-58.1513415203224, -32.234672409950214]]}, "properties": {"source": "Unifilar.dxf", "layer": "ELECTRICA ENERSA", "entity": "LWPOLYLINE"}}, {"type": "Feature", "geometry": {"type": "LineString", "coordinates": [[-58.1513215155026, -32.234644734025245], [-58.15132362667305, -32.23464765475113], [-58.1513090557974, -32.23465818692817], [-58.15130694462695, -32.234655266202296], [-58.1513215155026, -32.234644734025245]]}, "properties": {"source": "Unifilar.dxf", "layer": "ELECTRICA ENERSA", "entity": "LWPOLYLINE"}}, {"type": "Feature", "geometry": {"type": "LineString", "coordinates": [[-58.1512998367279, -32.234651527135654], [-58.151330385458245, -32.23469379016913], [-58.15132746473237, -32.23469590133958], [-58.151296916002025, -32.2346536383061], [-58.1512998367279, -32.234651527135654]]}, "properties": {"source": "Unifilar.dxf", "layer": "ELECTRICA ENERSA", "entity": "LWPOLYLINE"}}, {"type": "Feature", "geometry": {"type": "LineString", "coordinates": [[-58.151323131585, -32.23463468905638], [-58.151353680315346, -32.234676952089856], [-58.15135077049829, -32.23467905537514], [-58.151320221767946, -32.23463679234167], [-58.151323131585, -32.23463468905638]]}, "properties": {"source": "Unifilar.dxf", "layer": "ELECTRICA ENERSA", "entity": "LWPOLYLINE"}}, {"type": "Feature", "geometry": {"type": "LineString", "coordinates": [[-58.151323131585, -32.23463468905638], [-58.15132524275545, -32.234637609782254], [-58.15130047118448, -32.234655515265594], [-58.15129836001403, -32.23465259453972], [-58.151323131585, -32.23463468905638]]}, "properties": {"source": "Unifilar.dxf", "layer": "ELECTRICA ENERSA", "entity": "LWPOLYLINE"}}, {"type": "Feature", "geometry": {"type": "LineString", "coordinates": [[-58.15135014406363, -32.23467505540395], [-58.15135224734892, -32.234677965221], [-58.151327464898394, -32.23469587856834], [-58.151325361613104, -32.23469296875128], [-58.15135014406363, -32.23467505540395]]}, "properties": {"source": "Unifilar.dxf", "layer": "ELECTRICA ENERSA", "entity": "LWPOLYLINE"}}, {"type": "Feature", "geometry": {"type": "LineString", "coordinates": [[-58.15132373996091, -32.23466309069581], [-58.15132363355573, -32.23464766427306], [-58.15132073191563, -32.23464976164785], [-58.151320593898724, -32.23465873823567], [-58.1513119997499, -32.23465607346587], [-58.15130907086436, -32.23465819053432], [-58.15132373996091, -32.23466309069581]]}, "properties": {"source": "Unifilar.dxf", "layer": "ELECTRICA ENERSA", "entity": "LWPOLYLINE"}}, {"type": "Feature", "geometry": {"type": "LineString", "coordinates": [[-58.15132690571674, -32.234667470401405], [-58.15132695763103, -32.23468293621147], [-58.15132988651657, -32.23468081914302], [-58.15132900309153, -32.2346703720415], [-58.1513386186823, -32.234674507325], [-58.1513415203224, -32.234672409950214], [-58.15132690571674, -32.234667470401405]]}, "properties": {"source": "Unifilar.dxf", "layer": "ELECTRICA ENERSA", "entity": "LWPOLYLINE"}}, {"type": "Feature", "geometry": {"type": "LineString", "coordinates": [[-58.145861640203684, -32.22949170899625], [-58.14586480693916, -32.229496090057125], [-58.1458618971221, -32.229498193342415], [-58.14585873038663, -32.22949381228153], [-58.145861640203684, -32.22949170899625]]}, "properties": {"source": "Unifilar.dxf", "layer": "ELECTRICA ENERSA", "entity": "LWPOLYLINE"}}, {"type": "Feature", "geometry": {"type": "LineString", "coordinates": [[-58.145893808045486, -32.229523931251435], [-58.145895911330776, -32.22952684106849], [-58.14588134045513, -32.229537373245535], [-58.14587923716984, -32.22953446342848], [-58.145893808045486, -32.229523931251435]]}, "properties": {"source": "Unifilar.dxf", "layer": "ELECTRICA ENERSA", "entity": "LWPOLYLINE"}}, {"type": "Feature", "geometry": {"type": "LineString", "coordinates": [[-58.14587378254734, -32.229496226718744], [-58.14587588583263, -32.2294991365358], [-58.14586131495698, -32.22950966871285], [-58.14585921167169, -32.229506758895795], [-58.14587378254734, -32.229496226718744]]}, "properties": {"source": "Unifilar.dxf", "layer": "ELECTRICA ENERSA", "entity": "LWPOLYLINE"}}, {"type": "Feature", "geometry": {"type": "LineString", "coordinates": [[-58.14585317215369, -32.229504497894645], [-58.14588266537887, -32.22954530067594], [-58.145879755561815, -32.22954740396122], [-58.14585026233664, -32.229506601179935], [-58.14585317215369, -32.229504497894645]]}, "properties": {"source": "Unifilar.dxf", "layer": "ELECTRICA ENERSA", "entity": "LWPOLYLINE"}}, {"type": "Feature", "geometry": {"type": "LineString", "coordinates": [[-58.14587794643857, -32.22948659044963], [-58.145907439663745, -32.229527393230924], [-58.14590451893787, -32.22952950440137], [-58.14587502571269, -32.22948870162008], [-58.14587794643857, -32.22948659044963]]}, "properties": {"source": "Unifilar.dxf", "layer": "ELECTRICA ENERSA", "entity": "LWPOLYLINE"}}, {"type": "Feature", "geometry": {"type": "LineString", "coordinates": [[-58.145876468373075, -32.229487658830685], [-58.1458775160753, -32.229489108287794], [-58.14585274450433, -32.22950701377113], [-58.145851696802104, -32.229505564314024], [-58.145876468373075, -32.229487658830685]]}, "properties": {"source": "Unifilar.dxf", "layer": "ELECTRICA ENERSA", "entity": "LWPOLYLINE"}}, {"type": "Feature", "geometry": {"type": "LineString", "coordinates": [[-58.145903854376634, -32.22952554634916], [-58.14590596554708, -32.229528467075035], [-58.1458811939761, -32.229546372558374], [-58.145879082805656, -32.2295434518325], [-58.145903854376634, -32.22952554634916]]}, "properties": {"source": "Unifilar.dxf", "layer": "ELECTRICA ENERSA", "entity": "LWPOLYLINE"}}, {"type": "Feature", "geometry": {"type": "LineString", "coordinates": [[-58.1458759797602, -32.22951460308297], [-58.14587589961579, -32.22949915560429], [-58.145872997975694, -32.22950125297908], [-58.14587283369802, -32.22951025062283], [-58.14586423856451, -32.229507584490754], [-58.14586133692442, -32.229509681865544], [-58.1458759797602, -32.22951460308297]]}, "properties": {"source": "Unifilar.dxf", "layer": "ELECTRICA ENERSA", "entity": "LWPOLYLINE"}}, {"type": "Feature", "geometry": {"type": "LineString", "coordinates": [[-58.14587914551604, -32.22951898278856], [-58.14587924535412, -32.22953445751269], [-58.14588214699421, -32.2295323601379], [-58.14588231127188, -32.22952336249415], [-58.14589090640539, -32.229526028626225], [-58.145893808045486, -32.229523931251435], [-58.14587914551604, -32.22951898278856]]}, "properties": {"source": "Unifilar.dxf", "layer": "ELECTRICA ENERSA", "entity": "LWPOLYLINE"}}, {"type": "Feature", "geometry": {"type": "LineString", "coordinates": [[-58.13665954237979, -32.21779543030754], [-58.13666270125054, -32.21779980048787], [-58.13665979143349, -32.21780190377316], [-58.13665663256273, -32.21779753359283], [-58.13665954237979, -32.21779543030754]]}, "properties": {"source": "Unifilar.dxf", "layer": "ELECTRICA ENERSA", "entity": "LWPOLYLINE"}}, {"type": "Feature", "geometry": {"type": "LineString", "coordinates": [[-58.13669170997542, -32.217827652222155], [-58.13669381326071, -32.21783056203921], [-58.136679242385064, -32.21784109421626], [-58.136677139099774, -32.217838184399206], [-58.13669170997542, -32.217827652222155]]}, "properties": {"source": "Unifilar.dxf", "layer": "ELECTRICA ENERSA", "entity": "LWPOLYLINE"}}, {"type": "Feature", "geometry": {"type": "LineString", "coordinates": [[-58.13667168496962, -32.217799948370605], [-58.136673796140066, -32.21780286909648], [-58.13665922526442, -32.21781340127353], [-58.13665711409397, -32.217810480547655], [-58.13667168496962, -32.217799948370605]]}, "properties": {"source": "Unifilar.dxf", "layer": "ELECTRICA ENERSA", "entity": "LWPOLYLINE"}}, {"type": "Feature", "geometry": {"type": "LineString", "coordinates": [[-58.13665000570258, -32.21780674079987], [-58.13668055443292, -32.21784900383335], [-58.136677633707045, -32.217851115003796], [-58.1366470849767, -32.21780885197032], [-58.13665000570258, -32.21780674079987]]}, "properties": {"source": "Unifilar.dxf", "layer": "ELECTRICA ENERSA", "entity": "LWPOLYLINE"}}, {"type": "Feature", "geometry": {"type": "LineString", "coordinates": [[-58.136674752742, -32.217788853048525], [-58.13670530147235, -32.217831116081996], [-58.13670238074647, -32.21783322725244], [-58.13667183201613, -32.21779096421897], [-58.136674752742, -32.217788853048525]]}, "properties": {"source": "Unifilar.dxf", "layer": "ELECTRICA ENERSA", "entity": "LWPOLYLINE"}}, {"type": "Feature", "geometry": {"type": "LineString", "coordinates": [[-58.13667330192195, -32.21778990173591], [-58.1366754130924, -32.21779282246179], [-58.13665064152143, -32.21781072794513], [-58.13664853035098, -32.21780780721925], [-58.13667330192195, -32.21778990173591]]}, "properties": {"source": "Unifilar.dxf", "layer": "ELECTRICA ENERSA", "entity": "LWPOLYLINE"}}, {"type": "Feature", "geometry": {"type": "LineString", "coordinates": [[-58.13670175655274, -32.21782926766045], [-58.13670385983802, -32.217832177477504], [-58.13667908826705, -32.217850082960844], [-58.13667698498177, -32.21784717314379], [-58.13670175655274, -32.21782926766045]]}, "properties": {"source": "Unifilar.dxf", "layer": "ELECTRICA ENERSA", "entity": "LWPOLYLINE"}}, {"type": "Feature", "geometry": {"type": "LineString", "coordinates": [[-58.13667390187614, -32.21781835198028], [-58.136673802284236, -32.21780287759672], [-58.136670902006415, -32.21780497398682], [-58.13667073587413, -32.21781397193412], [-58.13666214123296, -32.217811306483185], [-58.136659239592866, -32.217813403857974], [-58.13667390187614, -32.21781835198028]]}, "properties": {"source": "Unifilar.dxf", "layer": "ELECTRICA ENERSA", "entity": "LWPOLYLINE"}}, {"type": "Feature", "geometry": {"type": "LineString", "coordinates": [[-58.136677047692146, -32.21782270409985], [-58.13667714728405, -32.21783817848341], [-58.13668004892414, -32.21783608110863], [-58.136679145066935, -32.21782560573995], [-58.136688809697596, -32.21782974861226], [-58.13669170997542, -32.217827652222155], [-58.136677047692146, -32.21782270409985]]}, "properties": {"source": "Unifilar.dxf", "layer": "ELECTRICA ENERSA", "entity": "LWPOLYLINE"}}, {"type": "Feature", "geometry": {"type": "LineString", "coordinates": [[-58.13959627072265, -32.22889709361012], [-58.13959943745812, -32.228901474671], [-58.13959797710084, -32.228902530252135], [-58.13959481036537, -32.22889814919126], [-58.13959627072265, -32.22889709361012]]}, "properties": {"source": "Unifilar.dxf", "layer": "ELECTRICA ENERSA", "entity": "LWPOLYLINE"}}, {"type": "Feature", "geometry": {"type": "LineString", "coordinates": [[-58.13963093670962, -32.22892971898265], [-58.13963199229076, -32.22893117933993], [-58.13961596108044, -32.22894276708177], [-58.13961490549931, -32.22894130672448], [-58.13963093670962, -32.22892971898265]]}, "properties": {"source": "Unifilar.dxf", "layer": "ELECTRICA ENERSA", "entity": "LWPOLYLINE"}}, {"type": "Feature", "geometry": {"type": "LineString", "coordinates": [[-58.13961093188982, -32.22890204305768], [-58.139613043060265, -32.228904963783556], [-58.13959701184995, -32.228916551525394], [-58.139594900679505, -32.22891363079951], [-58.13961093188982, -32.22890204305768]]}, "properties": {"source": "Unifilar.dxf", "layer": "ELECTRICA ENERSA", "entity": "LWPOLYLINE"}}, {"type": "Feature", "geometry": {"type": "LineString", "coordinates": [[-58.13958922586967, -32.22890885586175], [-58.13961871909485, -32.22894965864303], [-58.13961579836897, -32.22895176981348], [-58.139586305143794, -32.22891096703219], [-58.13958922586967, -32.22890885586175]]}, "properties": {"source": "Unifilar.dxf", "layer": "ELECTRICA ENERSA", "entity": "LWPOLYLINE"}}, {"type": "Feature", "geometry": {"type": "LineString", "coordinates": [[-58.13961254797223, -32.228891998088805], [-58.1396420411974, -32.2289328008701], [-58.13963912047152, -32.22893491204054], [-58.13960962724635, -32.22889410925925], [-58.13961254797223, -32.228891998088805]]}, "properties": {"source": "Unifilar.dxf", "layer": "ELECTRICA ENERSA", "entity": "LWPOLYLINE"}}, {"type": "Feature", "geometry": {"type": "LineString", "coordinates": [[-58.13961109851445, -32.228893045791516], [-58.13961320179974, -32.22889595560857], [-58.13958841934922, -32.228913868955914], [-58.13958631606393, -32.22891095913886], [-58.13961109851445, -32.228893045791516]]}, "properties": {"source": "Unifilar.dxf", "layer": "ELECTRICA ENERSA", "entity": "LWPOLYLINE"}}, {"type": "Feature", "geometry": {"type": "LineString", "coordinates": [[-58.13963953222072, -32.22893238276776], [-58.13964058780186, -32.22893384312505], [-58.139615805351326, -32.22895175647239], [-58.139614749770196, -32.2289502961151], [-58.13963953222072, -32.22893238276776]]}, "properties": {"source": "Unifilar.dxf", "layer": "ELECTRICA ENERSA", "entity": "LWPOLYLINE"}}, {"type": "Feature", "geometry": {"type": "LineString", "coordinates": [[-58.1396116500525, -32.22892148644068], [-58.139611980577214, -32.22890349387772], [-58.139607602233895, -32.22890665864888], [-58.13960996372443, -32.22891603736936], [-58.13959886734362, -32.22891297243627], [-58.13959593845808, -32.22891508950472], [-58.1396116500525, -32.22892148644068]]}, "properties": {"source": "Unifilar.dxf", "layer": "ELECTRICA ENERSA", "entity": "LWPOLYLINE"}}, {"type": "Feature", "geometry": {"type": "LineString", "coordinates": [[-58.13961376810563, -32.2289244166885], [-58.13961489459048, -32.22894131460964], [-58.13961782347602, -32.228939197541195], [-58.13961691416781, -32.228928769148645], [-58.13962800782408, -32.228931836051096], [-58.13963093670962, -32.22892971898265], [-58.13961376810563, -32.2289244166885]]}, "properties": {"source": "Unifilar.dxf", "layer": "ELECTRICA ENERSA", "entity": "LWPOLYLINE"}}, {"type": "Feature", "geometry": {"type": "LineString", "coordinates": [[-58.13953836351211, -32.22893674148907], [-58.139541522382856, -32.2289411116694], [-58.13953860165698, -32.228943222839845], [-58.139535442786226, -32.22893885265952], [-58.13953836351211, -32.22893674148907]]}, "properties": {"source": "Unifilar.dxf", "layer": "ELECTRICA ENERSA", "entity": "LWPOLYLINE"}}, {"type": "Feature", "geometry": {"type": "LineString", "coordinates": [[-58.13957198081168, -32.22896791604155], [-58.13957408409697, -32.2289708258586], [-58.139558052886656, -32.22898241360044], [-58.139555949601366, -32.228979503783385], [-58.13957198081168, -32.22896791604155]]}, "properties": {"source": "Unifilar.dxf", "layer": "ELECTRICA ENERSA", "entity": "LWPOLYLINE"}}, {"type": "Feature", "geometry": {"type": "LineString", "coordinates": [[-58.13955302467928, -32.22894169093663], [-58.13955512796456, -32.228944600753685], [-58.13953909675425, -32.228956188495516], [-58.13953699346896, -32.22895327867846], [-58.13955302467928, -32.22894169093663]]}, "properties": {"source": "Unifilar.dxf", "layer": "ELECTRICA ENERSA", "entity": "LWPOLYLINE"}}, {"type": "Feature", "geometry": {"type": "LineString", "coordinates": [[-58.13953134590457, -32.22894848404703], [-58.13956083912975, -32.22898928682832], [-58.139557918403874, -32.22899139799877], [-58.139528425178696, -32.228950595217476], [-58.13953134590457, -32.22894848404703]]}, "properties": {"source": "Unifilar.dxf", "layer": "ELECTRICA ENERSA", "entity": "LWPOLYLINE"}}, {"type": "Feature", "geometry": {"type": "LineString", "coordinates": [[-58.13955464076168, -32.228931645967755], [-58.13958413398686, -32.22897244874904], [-58.1395812241698, -32.22897455203433], [-58.139551730944625, -32.228933749253045], [-58.13955464076168, -32.228931645967755]]}, "properties": {"source": "Unifilar.dxf", "layer": "ELECTRICA ENERSA", "entity": "LWPOLYLINE"}}, {"type": "Feature", "geometry": {"type": "LineString", "coordinates": [[-58.139553191303904, -32.228932693670465], [-58.139555294589194, -32.22893560348752], [-58.13953052301822, -32.22895350897086], [-58.13952841973293, -32.228950599153805], [-58.139553191303904, -32.228932693670465]]}, "properties": {"source": "Unifilar.dxf", "layer": "ELECTRICA ENERSA", "entity": "LWPOLYLINE"}}, {"type": "Feature", "geometry": {"type": "LineString", "coordinates": [[-58.13958162501017, -32.22897203064671], [-58.1395826727124, -32.22897348010382], [-58.13955790114143, -32.22899138558716], [-58.1395568534392, -32.22898993613005], [-58.13958162501017, -32.22897203064671]]}, "properties": {"source": "Unifilar.dxf", "layer": "ELECTRICA ENERSA", "entity": "LWPOLYLINE"}}, {"type": "Feature", "geometry": {"type": "LineString", "coordinates": [[-58.1395537700874, -32.228961114625974], [-58.1395526239089, -32.22894418945938], [-58.1395497222688, -32.22894628683417], [-58.13955060433157, -32.22895673492038], [-58.139540960133075, -32.22895262031522], [-58.13953805849298, -32.22895471769001], [-58.1395537700874, -32.228961114625974]]}, "properties": {"source": "Unifilar.dxf", "layer": "ELECTRICA ENERSA", "entity": "LWPOLYLINE"}}, {"type": "Feature", "geometry": {"type": "LineString", "coordinates": [[-58.13955586746219, -32.22896401626607], [-58.13955701462538, -32.22898094279493], [-58.13955991626548, -32.22897884542014], [-58.13955903420271, -32.22896839733393], [-58.13957012785898, -32.22897146423638], [-58.13957198081168, -32.22896791604155], [-58.13955586746219, -32.22896401626607]]}, "properties": {"source": "Unifilar.dxf", "layer": "ELECTRICA ENERSA", "entity": "LWPOLYLINE"}}, {"type": "Feature", "geometry": {"type": "LineString", "coordinates": [[-58.13942650848471, -32.22893548648379], [-58.139429667355465, -32.22893985666412], [-58.13942675753841, -32.2289419599494], [-58.139423598667655, -32.22893758976908], [-58.13942650848471, -32.22893548648379]]}, "properties": {"source": "Unifilar.dxf", "layer": "ELECTRICA ENERSA", "entity": "LWPOLYLINE"}}, {"type": "Feature", "geometry": {"type": "LineString", "coordinates": [[-58.13945974569225, -32.228969188166744], [-58.13946184897754, -32.2289720979838], [-58.13944727810189, -32.22898263016084], [-58.1394451748166, -32.228979720343794], [-58.13945974569225, -32.228969188166744]]}, "properties": {"source": "Unifilar.dxf", "layer": "ELECTRICA ENERSA", "entity": "LWPOLYLINE"}}, {"type": "Feature", "geometry": {"type": "LineString", "coordinates": [[-58.13943972019411, -32.22894148363406], [-58.139441823479395, -32.228944393451116], [-58.13942725260375, -32.22895492562816], [-58.13942514931846, -32.2289520158111], [-58.13943972019411, -32.22894148363406]]}, "properties": {"source": "Unifilar.dxf", "layer": "ELECTRICA ENERSA", "entity": "LWPOLYLINE"}}, {"type": "Feature", "geometry": {"type": "LineString", "coordinates": [[-58.139418011449415, -32.22894829840749], [-58.13944856017976, -32.228990561440966], [-58.1394456503627, -32.22899266472625], [-58.13941510163236, -32.22895040169278], [-58.139418011449415, -32.22894829840749]]}, "properties": {"source": "Unifilar.dxf", "layer": "ELECTRICA ENERSA", "entity": "LWPOLYLINE"}}, {"type": "Feature", "geometry": {"type": "LineString", "coordinates": [[-58.13944133627651, -32.228931438665185], [-58.139471885006856, -32.22897370169866], [-58.13947042464957, -32.22897475727979], [-58.13943987591923, -32.22893249424632], [-58.13944133627651, -32.228931438665185]]}, "properties": {"source": "Unifilar.dxf", "layer": "ELECTRICA ENERSA", "entity": "LWPOLYLINE"}}, {"type": "Feature", "geometry": {"type": "LineString", "coordinates": [[-58.13944133627651, -32.228931438665185], [-58.1394434395618, -32.22893434848224], [-58.13941866799083, -32.22895225396558], [-58.13941656470554, -32.228949344148525], [-58.13944133627651, -32.228931438665185]]}, "properties": {"source": "Unifilar.dxf", "layer": "ELECTRICA ENERSA", "entity": "LWPOLYLINE"}}, {"type": "Feature", "geometry": {"type": "LineString", "coordinates": [[-58.13946833847881, -32.22897185392122], [-58.13947044176409, -32.22897476373828], [-58.13944567019312, -32.22899266922162], [-58.139443566907836, -32.22898975940456], [-58.13946833847881, -32.22897185392122]]}, "properties": {"source": "Unifilar.dxf", "layer": "ELECTRICA ENERSA", "entity": "LWPOLYLINE"}}, {"type": "Feature", "geometry": {"type": "LineString", "coordinates": [[-58.139441916044696, -32.22895986098296], [-58.1394407688815, -32.2289429344541], [-58.139437867241405, -32.22894503182889], [-58.13943874930417, -32.2289554799151], [-58.139429105105684, -32.22895136530994], [-58.139427254877525, -32.22895491153541], [-58.139441916044696, -32.22895986098296]]}, "properties": {"source": "Unifilar.dxf", "layer": "ELECTRICA ENERSA", "entity": "LWPOLYLINE"}}, {"type": "Feature", "geometry": {"type": "LineString", "coordinates": [[-58.13944403311314, -32.228962789868504], [-58.13944518300088, -32.228979714428], [-58.13944808191643, -32.22897761902258], [-58.13944717917532, -32.22896714232865], [-58.139456844052155, -32.22897128554153], [-58.13945974569225, -32.228969188166744], [-58.13944403311314, -32.228962789868504]]}, "properties": {"source": "Unifilar.dxf", "layer": "ELECTRICA ENERSA", "entity": "LWPOLYLINE"}}, {"type": "Feature", "geometry": {"type": "LineString", "coordinates": [[-58.13923498114401, -32.22892526092806], [-58.13923814001476, -32.228929631108386], [-58.13923521928888, -32.22893174227883], [-58.13923206041813, -32.228927372098504], [-58.13923498114401, -32.22892526092806]]}, "properties": {"source": "Unifilar.dxf", "layer": "ELECTRICA ENERSA", "entity": "LWPOLYLINE"}}, {"type": "Feature", "geometry": {"type": "LineString", "coordinates": [[-58.139268218351546, -32.22895896261101], [-58.139270321636836, -32.228961872428066], [-58.1392557398803, -32.22897241247008], [-58.13925363659501, -32.22896950265302], [-58.139268218351546, -32.22895896261101]]}, "properties": {"source": "Unifilar.dxf", "layer": "ELECTRICA ENERSA", "entity": "LWPOLYLINE"}}, {"type": "Feature", "geometry": {"type": "LineString", "coordinates": [[-58.1392481928534, -32.228931258078326], [-58.13925029613869, -32.22893416789538], [-58.13923571438216, -32.22894470793739], [-58.13923361109687, -32.22894179812033], [-58.1392481928534, -32.228931258078326]]}, "properties": {"source": "Unifilar.dxf", "layer": "ELECTRICA ENERSA", "entity": "LWPOLYLINE"}}, {"type": "Feature", "geometry": {"type": "LineString", "coordinates": [[-58.13922648683325, -32.228938070882386], [-58.139257035563595, -32.228980333915864], [-58.13925411483772, -32.22898244508631], [-58.139223566107376, -32.22894018205283], [-58.13922648683325, -32.228938070882386]]}, "properties": {"source": "Unifilar.dxf", "layer": "ELECTRICA ENERSA", "entity": "LWPOLYLINE"}}, {"type": "Feature", "geometry": {"type": "LineString", "coordinates": [[-58.13924978169036, -32.22892123280311], [-58.1392803304207, -32.22896349583659], [-58.139278880963595, -32.228964543538815], [-58.13924833223325, -32.228922280505344], [-58.13924978169036, -32.22892123280311]]}, "properties": {"source": "Unifilar.dxf", "layer": "ELECTRICA ENERSA", "entity": "LWPOLYLINE"}}, {"type": "Feature", "geometry": {"type": "LineString", "coordinates": [[-58.13924978169036, -32.22892123280311], [-58.13925188497565, -32.228924142620166], [-58.13922711340468, -32.228942048103505], [-58.13922501011939, -32.22893913828645], [-58.13924978169036, -32.22892123280311]]}, "properties": {"source": "Unifilar.dxf", "layer": "ELECTRICA ENERSA", "entity": "LWPOLYLINE"}}, {"type": "Feature", "geometry": {"type": "LineString", "coordinates": [[-58.139276786617195, -32.228961646089786], [-58.139278889902485, -32.22896455590684], [-58.13925410745196, -32.228982469254184], [-58.13925200416667, -32.22897955943713], [-58.139276786617195, -32.228961646089786]]}, "properties": {"source": "Unifilar.dxf", "layer": "ELECTRICA ENERSA", "entity": "LWPOLYLINE"}}, {"type": "Feature", "geometry": {"type": "LineString", "coordinates": [[-58.139250364183084, -32.228949653151524], [-58.139249241540796, -32.22893270889837], [-58.13924631265525, -32.22893482596682], [-58.139247197442565, -32.228945272083664], [-58.13923758048952, -32.22894113778484], [-58.13923570029137, -32.228944705673335], [-58.139250364183084, -32.228949653151524]]}, "properties": {"source": "Unifilar.dxf", "layer": "ELECTRICA ENERSA", "entity": "LWPOLYLINE"}}, {"type": "Feature", "geometry": {"type": "LineString", "coordinates": [[-58.13925248125153, -32.22895258203707], [-58.13925362841473, -32.228969508565925], [-58.139256557300264, -32.22896739149748], [-58.139255627313716, -32.22895693449721], [-58.139265289466, -32.22896107967946], [-58.139268218351546, -32.22895896261101], [-58.13925248125153, -32.22895258203707]]}, "properties": {"source": "Unifilar.dxf", "layer": "ELECTRICA ENERSA", "entity": "LWPOLYLINE"}}, {"type": "Feature", "geometry": {"type": "LineString", "coordinates": [[-58.132276013571456, -32.22302747724642], [-58.13227917244221, -32.223031847426746], [-58.132276251716334, -32.22303395859719], [-58.13227309284558, -32.223029588416864], [-58.132276013571456, -32.22302747724642]]}, "properties": {"source": "Unifilar.dxf", "layer": "ELECTRICA ENERSA", "entity": "LWPOLYLINE"}}, {"type": "Feature", "geometry": {"type": "LineString", "coordinates": [[-58.132309202855204, -32.22306117001531], [-58.13231025843634, -32.223062630372596], [-58.132294227226026, -32.223074218114434], [-58.13229317164489, -32.223072757757144], [-58.132309202855204, -32.22306117001531]]}, "properties": {"source": "Unifilar.dxf", "layer": "ELECTRICA ENERSA", "entity": "LWPOLYLINE"}}, {"type": "Feature", "geometry": {"type": "LineString", "coordinates": [[-58.132289197789234, -32.223033493749774], [-58.13229130895968, -32.22303641447565], [-58.132275277749365, -32.22304800221749], [-58.13227316657892, -32.22304508149161], [-58.132289197789234, -32.223033493749774]]}, "properties": {"source": "Unifilar.dxf", "layer": "ELECTRICA ENERSA", "entity": "LWPOLYLINE"}}, {"type": "Feature", "geometry": {"type": "LineString", "coordinates": [[-58.13226751604382, -32.223040288488974], [-58.13229701713299, -32.22308110214982], [-58.132294096407115, -32.223083213320265], [-58.13226459531794, -32.22304239965942], [-58.13226751604382, -32.223040288488974]]}, "properties": {"source": "Unifilar.dxf", "layer": "ELECTRICA ENERSA", "entity": "LWPOLYLINE"}}, {"type": "Feature", "geometry": {"type": "LineString", "coordinates": [[-58.13229081362547, -32.22302344844034], [-58.13232031471465, -32.223064262101175], [-58.13231740489759, -32.223066365386465], [-58.13228790380841, -32.22302555172563], [-58.13229081362547, -32.22302344844034]]}, "properties": {"source": "Unifilar.dxf", "layer": "ELECTRICA ENERSA", "entity": "LWPOLYLINE"}}, {"type": "Feature", "geometry": {"type": "LineString", "coordinates": [[-58.13228936144315, -32.22302449811241], [-58.132291472613595, -32.22302741883829], [-58.13226669016307, -32.22304533218563], [-58.132264578992626, -32.22304241145975], [-58.13228936144315, -32.22302449811241]]}, "properties": {"source": "Unifilar.dxf", "layer": "ELECTRICA ENERSA", "entity": "LWPOLYLINE"}}, {"type": "Feature", "geometry": {"type": "LineString", "coordinates": [[-58.13231779588793, -32.22306383611036], [-58.132318851469066, -32.223065296467645], [-58.13229406901854, -32.22308320981499], [-58.132293013437405, -32.223081749457705], [-58.13231779588793, -32.22306383611036]]}, "properties": {"source": "Unifilar.dxf", "layer": "ELECTRICA ENERSA", "entity": "LWPOLYLINE"}}, {"type": "Feature", "geometry": {"type": "LineString", "coordinates": [[-58.13229139314748, -32.22305187041755], [-58.13229024647663, -32.223034944569825], [-58.132287344836534, -32.22303704194461], [-58.132288227145466, -32.223047490371385], [-58.13227713324303, -32.22304442312837], [-58.132274231602935, -32.22304652050315], [-58.13229139314748, -32.22305187041755]]}, "properties": {"source": "Unifilar.dxf", "layer": "ELECTRICA ENERSA", "entity": "LWPOLYLINE"}}, {"type": "Feature", "geometry": {"type": "LineString", "coordinates": [[-58.132293490522265, -32.223054772057644], [-58.13229463743929, -32.22307169824593], [-58.13229756904938, -32.22306957920812], [-58.132296656524275, -32.2230591521038], [-58.13230630121511, -32.223063267390096], [-58.132309202855204, -32.22306117001531], [-58.132293490522265, -32.223054772057644]]}, "properties": {"source": "Unifilar.dxf", "layer": "ELECTRICA ENERSA", "entity": "LWPOLYLINE"}}]}