{"type":"FeatureCollection","features":[{"type":"Feature","properties":{"ID":0,"NCM":"0100010130000000--","SEC":13,"GRU":0,"MANZ":0},"geometry":{"type":"Polygon","coordinates":[[[-58.2863761,-32.280665],[-58.2855578,-32.2826713],[-58.2908106,-32.2841898],[-58.2915605,-32.282187],[-58.2863761,-32.280665]]]}},{"type":"Feature","properties":{"ID":0,"NCM":"0100010130000000--","SEC":13,"GRU":0,"MANZ":0},"geometry":{"type":"Polygon","coordinates":[[[-58.2593619,-32.2726539],[-58.254041,-32.2710743],[-58.2524124,-32.2749942],[-58.2535169,-32.2754297],[-58.25438,-32.2757606],[-58.2558755,-32.2763458],[-58.2569796,-32.2767838],[-58.2627304,-32.2790427],[-58.2647041,-32.2741637],[-58.2593619,-32.2726539]]]}},{"type":"Feature","properties":{"ID":0,"NCM":"0100010130000000--","SEC":13,"GRU":0,"MANZ":0},"geometry":{"type":"Polygon","coordinates":[[[-58.2720286,-32.2712288],[-58.2666924,-32.2696853],[-58.262793,-32.2792675],[-58.2747687,-32.2839871],[-58.2766037,-32.2839311],[-58.2850045,-32.2836784],[-58.2856651,-32.2820851],[-58.2863329,-32.2805065],[-58.279222,-32.2784013],[-58.2789874,-32.2783321],[-58.2764624,-32.2776009],[-58.2756853,-32.2773789],[-58.2754883,-32.2773243],[-58.2761284,-32.275738],[-58.2769762,-32.2736858],[-58.2773297,-32.2727723],[-58.2720286,-32.2712288]]]}},{"type":"Feature","properties":{"ID":0,"NCM":"0100010190010000--","SEC":19,"GRU":1,"MANZ":0},"geometry":{"type":"Polygon","coordinates":[[[-58.2417973,-32.2709502],[-58.2427916,-32.2749123],[-58.2439557,-32.2796014],[-58.2444645,-32.2813812],[-58.2466421,-32.2729036],[-58.2417973,-32.2709502]]]}},{"type":"Feature","properties":{"ID":0,"NCM":"0100010190010000--","SEC":19,"GRU":1,"MANZ":0},"geometry":{"type":"Polygon","coordinates":[[[-58.2487891,-32.2983183],[-58.2490519,-32.2990811],[-58.2498701,-32.3015667],[-58.2505181,-32.301751],[-58.2523065,-32.3020923],[-58.2523316,-32.302096],[-58.2523595,-32.3020777],[-58.2523938,-32.3020537],[-58.252427,-32.3020364],[-58.2524861,-32.3020117],[-58.2525237,-32.3019936],[-58.2525492,-32.3019811],[-58.2525905,-32.3019597],[-58.2526389,-32.3019312],[-58.252675,-32.301911],[-58.2527188,-32.3018915],[-58.2527628,-32.3018698],[-58.2527974,-32.3018492],[-58.2528226,-32.3018295],[-58.252842,-32.3018141],[-58.25288,-32.301795],[-58.252909,-32.301782],[-58.2529387,-32.3017691],[-58.2529703,-32.3017497],[-58.2529944,-32.3017368],[-58.2530238,-32.3017206],[-58.2530518,-32.3017061],[-58.2530901,-32.3016746],[-58.2531309,-32.3016389],[-58.2531589,-32.3016163],[-58.2531877,-32.301594],[-58.2532126,-32.3015731],[-58.253235,-32.3015526],[-58.2532623,-32.3015238],[-58.2532941,-32.3014865],[-58.2533245,-32.3014445],[-58.2533469,-32.3014061],[-58.2533629,-32.3013831],[-58.2533936,-32.3013483],[-58.2534239,-32.3013263],[-58.2534672,-32.3013023],[-58.2535052,-32.3012832],[-58.253534,-32.3012646],[-58.2535511,-32.3012469],[-58.2535642,-32.3012253],[-58.2536396,-32.3010433],[-58.2536529,-32.3010152],[-58.2536829,-32.3009682],[-58.2536946,-32.3009478],[-58.253708,-32.3009273],[-58.2537248,-32.3008986],[-58.2537432,-32.300866],[-58.2537601,-32.3008368],[-58.2537788,-32.3008016],[-58.2537902,-32.3007741],[-58.2538048,-32.3007349],[-58.253808,-32.3006978],[-58.2538058,-32.300658],[-58.2538062,-32.3006315],[-58.2538097,-32.3005977],[-58.2538129,-32.3005704],[-58.2538238,-32.3005361],[-58.2538344,-32.3005126],[-58.2538482,-32.3004793],[-58.2538602,-32.3004562],[-58.2538729,-32.3004295],[-58.2539417,-32.3002636],[-58.2539529,-32.3002403],[-58.2539724,-32.300207],[-58.2539914,-32.3001789],[-58.2540048,-32.3001584],[-58.2540227,-32.3001328],[-58.254039,-32.3001072],[-58.254051,-32.3000842],[-58.2540704,-32.3000432],[-58.2540817,-32.3000199],[-58.2541075,-32.2999695],[-58.2541198,-32.2999476],[-58.2541369,-32.2999261],[-58.2541573,-32.2999082],[-58.254247,-32.2998703],[-58.2543094,-32.2998373],[-58.2543582,-32.2998019],[-58.2543824,-32.2997771],[-58.2544019,-32.2997535],[-58.2544326,-32.2997284],[-58.2544563,-32.2997105],[-58.2544927,-32.2996855],[-58.2545393,-32.2996614],[-58.2546112,-32.2996252],[-58.2546803,-32.2995899],[-58.2547078,-32.2995764],[-58.2547343,-32.2995636],[-58.2547596,-32.2995516],[-58.2547865,-32.2995357],[-58.2548452,-32.2995098],[-58.2548729,-32.2994979],[-58.2549135,-32.2994883],[-58.2549471,-32.2994777],[-58.2549729,-32.2994664],[-58.2550019,-32.2994533],[-58.2550559,-32.2993798],[-58.2552038,-32.2992575],[-58.2555316,-32.2991411],[-58.2556956,-32.2990744],[-58.255778,-32.2990237],[-58.2558422,-32.2989933],[-58.2558542,-32.2989664],[-58.2558744,-32.2989491],[-58.2558968,-32.2989324],[-58.2559269,-32.2989087],[-58.255964,-32.2988878],[-58.2560035,-32.2988729],[-58.2560371,-32.2988645],[-58.2560632,-32.2988446],[-58.2560866,-32.2988118],[-58.2561344,-32.2987375],[-58.2561569,-32.2987089],[-58.2561948,-32.2986626],[-58.2562186,-32.2986403],[-58.2562518,-32.2986171],[-58.2562887,-32.2985851],[-58.2563181,-32.2985553],[-58.2563374,-32.2985361],[-58.2563593,-32.2985127],[-58.2563792,-32.2984942],[-58.2563969,-32.298475],[-58.2564152,-32.2984544],[-58.2564382,-32.2984243],[-58.256468,-32.2983799],[-58.2564971,-32.2983391],[-58.2565478,-32.2982874],[-58.2566092,-32.2982334],[-58.2566646,-32.298188],[-58.2567073,-32.2981459],[-58.2567371,-32.2981113],[-58.256759,-32.2980879],[-58.2567766,-32.2980709],[-58.2567999,-32.2980479],[-58.2568257,-32.298023],[-58.2568529,-32.2979985],[-58.2568812,-32.2979695],[-58.2569051,-32.2979413],[-58.256925,-32.2979168],[-58.2569488,-32.2978907],[-58.2569782,-32.2978631],[-58.257011,-32.2978348],[-58.2570407,-32.2978045],[-58.2570655,-32.2977799],[-58.2570998,-32.2977482],[-58.2571229,-32.2977296],[-58.2571678,-32.2976919],[-58.2571912,-32.2976668],[-58.2572133,-32.2976234],[-58.2572353,-32.2975859],[-58.2572517,-32.2975544],[-58.2572638,-32.297527],[-58.257273,-32.2975048],[-58.2572903,-32.2974572],[-58.2573047,-32.2974185],[-58.2573179,-32.2973768],[-58.2573263,-32.2973429],[-58.2573333,-32.2972612],[-58.2573342,-32.297218],[-58.2573439,-32.2971828],[-58.2573537,-32.2971591],[-58.2573658,-32.2971279],[-58.2573746,-32.2971028],[-58.2573859,-32.2970774],[-58.257397,-32.2970508],[-58.2574117,-32.2970231],[-58.2574309,-32.2969826],[-58.2574518,-32.2969361],[-58.2575398,-32.2967237],[-58.2575395,-32.2966834],[-58.2575342,-32.2966529],[-58.2575305,-32.2966187],[-58.2575289,-32.2965638],[-58.257527,-32.2965409],[-58.2575282,-32.2965027],[-58.2575332,-32.2964748],[-58.2575401,-32.2964426],[-58.2575609,-32.2963689],[-58.2575674,-32.2963355],[-58.2575701,-32.2963075],[-58.2575708,-32.2962685],[-58.2575782,-32.2962251],[-58.2575889,-32.2961913],[-58.2576008,-32.2961508],[-58.2576157,-32.2961091],[-58.2576269,-32.2960722],[-58.257634,-32.2960454],[-58.2576391,-32.2960154],[-58.2576443,-32.2959871],[-58.2576589,-32.2959441],[-58.2576716,-32.2959115],[-58.2576884,-32.2958709],[-58.2577181,-32.2957992],[-58.2577323,-32.2957671],[-58.2578103,-32.2955788],[-58.2578298,-32.2955455],[-58.2578502,-32.2955217],[-58.2578733,-32.2954993],[-58.2579064,-32.2954744],[-58.2579416,-32.2954522],[-58.257969,-32.2954371],[-58.2579943,-32.295425],[-58.2580333,-32.2954095],[-58.2580806,-32.2953894],[-58.2581197,-32.2953755],[-58.258172,-32.295371],[-58.2582157,-32.2953694],[-58.258254,-32.2953673],[-58.2582829,-32.2953585],[-58.2583211,-32.2953487],[-58.2583576,-32.295339],[-58.2584017,-32.2953288],[-58.2584342,-32.2953211],[-58.2585156,-32.295303],[-58.2585608,-32.2952921],[-58.2585862,-32.2952839],[-58.258632,-32.2952655],[-58.25866,-32.2952587],[-58.2586864,-32.2952519],[-58.2587159,-32.2952455],[-58.258746,-32.2952376],[-58.2587813,-32.2952269],[-58.258825,-32.2952155],[-58.2588646,-32.2952083],[-58.2588951,-32.2952033],[-58.2589169,-32.2951843],[-58.2589289,-32.2951612],[-58.2589435,-32.2951319],[-58.2589613,-32.2950948],[-58.2589822,-32.2950423],[-58.2590058,-32.2949874],[-58.2590221,-32.2949558],[-58.2590627,-32.2948951],[-58.2590866,-32.2948413],[-58.2591016,-32.294811],[-58.2591286,-32.2947892],[-58.2591565,-32.2947709],[-58.2591993,-32.294744],[-58.2592336,-32.2947123],[-58.259247,-32.2946859],[-58.2592567,-32.2946605],[-58.2592694,-32.2946241],[-58.2592789,-32.2945992],[-58.2592896,-32.2945616],[-58.2592989,-32.2945372],[-58.2593082,-32.294503],[-58.2593236,-32.2944598],[-58.2593567,-32.2943799],[-58.2593676,-32.2943478],[-58.2593797,-32.2943166],[-58.2593928,-32.2942869],[-58.2594271,-32.2942041],[-58.2594388,-32.2941799],[-58.2594541,-32.2941507],[-58.2594734,-32.2941201],[-58.2594929,-32.2940905],[-58.2595108,-32.2940649],[-58.2595348,-32.2940405],[-58.2595637,-32.2940138],[-58.2595859,-32.2939878],[-58.259605,-32.2939593],[-58.2596349,-32.2939323],[-58.2596712,-32.2939035],[-58.259709,-32.2938789],[-58.259731,-32.2938632],[-58.2597499,-32.2938177],[-58.2597612,-32.2937961],[-58.2597635,-32.2937923],[-58.2595585,-32.293754],[-58.2600697,-32.2926716],[-58.2601513,-32.2922792],[-58.2592604,-32.2918573],[-58.2589726,-32.291433],[-58.2580709,-32.2912537],[-58.2585343,-32.2904211],[-58.2591471,-32.2900581],[-58.2581496,-32.2891745],[-58.2575278,-32.2883306],[-58.2587334,-32.2876865],[-58.2587698,-32.2875076],[-58.2575774,-32.2863425],[-58.2575734,-32.2856929],[-58.2575728,-32.2853063],[-58.2573733,-32.284753],[-58.2572084,-32.284441],[-58.2570751,-32.2839288],[-58.25696,-32.2836012],[-58.2569384,-32.2834927],[-58.2571733,-32.2832131],[-58.2573959,-32.2829813],[-58.2576837,-32.2829413],[-58.2579552,-32.2826422],[-58.2580187,-32.2824855],[-58.2580251,-32.2823019],[-58.2580682,-32.2819488],[-58.2580792,-32.2817731],[-58.2580125,-32.2814052],[-58.257942,-32.2812351],[-58.2577809,-32.2809234],[-58.2576168,-32.2805948],[-58.257502,-32.2802604],[-58.2574074,-32.2799766],[-58.2572487,-32.2780961],[-58.2576598,-32.2772364],[-58.2469755,-32.2730142],[-58.2462476,-32.2756703],[-58.2456349,-32.2778371],[-58.2447862,-32.2810596],[-58.2445623,-32.2819373],[-58.2448801,-32.2832272],[-58.2453363,-32.2851279],[-58.2455845,-32.2860915],[-58.2460504,-32.2879867],[-58.2462832,-32.288909],[-58.2462809,-32.2889085],[-58.2466518,-32.2904034],[-58.2468975,-32.291368],[-58.2471955,-32.2925963],[-58.248011,-32.2958477],[-58.2481904,-32.2965797],[-58.2487891,-32.2983183]]]}},{"type":"Feature","properties":{"ID":0,"NCM":"0100010090050000--","SEC":9,"GRU":5,"MANZ":0},"geometry":{"type":"Polygon","coordinates":[[[-58.2445271,-32.2474406],[-58.2427336,-32.2519719],[-58.2479123,-32.2536437],[-58.2497374,-32.2490919],[-58.2445271,-32.2474406]]]}},{"type":"Feature","properties":{"ID":0,"NCM":"0100010030060000--","SEC":3,"GRU":6,"MANZ":0},"geometry":{"type":"Polygon","coordinates":[[[-58.2461444,-32.2431299],[-58.2445164,-32.2472126],[-58.2498379,-32.2488495],[-58.2514782,-32.2447904],[-58.2461444,-32.2431299]]]}},{"type":"Feature","properties":{"ID":0,"NCM":"0100010030070000--","SEC":3,"GRU":7,"MANZ":0},"geometry":{"type":"Polygon","coordinates":[[[-58.2480442,-32.2386031],[-58.2461855,-32.2430177],[-58.2515181,-32.2446927],[-58.253318,-32.2403114],[-58.2480442,-32.2386031]]]}},{"type":"Feature","properties":{"ID":0,"NCM":"0100010030080000--","SEC":3,"GRU":8,"MANZ":0},"geometry":{"type":"Polygon","coordinates":[[[-58.2500132,-32.2339772],[-58.2480973,-32.2384912],[-58.2533743,-32.2401818],[-58.255252,-32.2356613],[-58.2500132,-32.2339772]]]}},{"type":"Feature","properties":{"ID":0,"NCM":"0100010030300000--","SEC":3,"GRU":30,"MANZ":0},"geometry":{"type":"Polygon","coordinates":[[[-58.2446707,-32.2322533],[-58.2427724,-32.2367791],[-58.2479776,-32.2384533],[-58.2499535,-32.2339582],[-58.2446707,-32.2322533]]]}},{"type":"Feature","properties":{"ID":0,"NCM":"0100010011310000--","SEC":1,"GRU":131,"MANZ":0},"geometry":{"type":"Polygon","coordinates":[[[-58.3046605,-32.2499841],[-58.3028515,-32.2545039],[-58.3081866,-32.256053],[-58.3100022,-32.2515458],[-58.3046605,-32.2499841]]]}},{"type":"Feature","properties":{"ID":0,"NCM":"0100010011320000--","SEC":1,"GRU":132,"MANZ":0},"geometry":{"type":"Polygon","coordinates":[[[-58.3046605,-32.2499841],[-58.2994107,-32.2484599],[-58.2975934,-32.2530102],[-58.3028515,-32.2545039],[-58.3046605,-32.2499841]]]}},{"type":"Feature","properties":{"ID":0,"NCM":"0100010011330000--","SEC":1,"GRU":133,"MANZ":0},"geometry":{"type":"Polygon","coordinates":[[[-58.2920972,-32.2513725],[-58.2940403,-32.251945],[-58.2959825,-32.2525164],[-58.2974319,-32.2529422],[-58.2992565,-32.2484278],[-58.2958362,-32.2474708],[-58.2938884,-32.2469147],[-58.2920972,-32.2513725]]]}},{"type":"Feature","properties":{"ID":0,"NCM":"0100010011340000--","SEC":1,"GRU":134,"MANZ":0},"geometry":{"type":"Polygon","coordinates":[[[-58.2920972,-32.2513725],[-58.2938884,-32.2469147],[-58.2886163,-32.2452931],[-58.2867979,-32.2498001],[-58.2868094,-32.2498278],[-58.2920972,-32.2513725]]]}},{"type":"Feature","properties":{"ID":0,"NCM":"0100010011350000--","SEC":1,"GRU":135,"MANZ":0},"geometry":{"type":"Polygon","coordinates":[[[-58.2831091,-32.2436922],[-58.2830897,-32.2436868],[-58.2812911,-32.248209],[-58.2866133,-32.2497649],[-58.2884287,-32.2452384],[-58.2831091,-32.2436922]]]}},{"type":"Feature","properties":{"ID":0,"NCM":"0100010021360000--","SEC":2,"GRU":136,"MANZ":0},"geometry":{"type":"Polygon","coordinates":[[[-58.2831091,-32.2436922],[-58.2839488,-32.2415534],[-58.2816384,-32.2408791],[-58.2814297,-32.2413972],[-58.2784684,-32.2405354],[-58.2759643,-32.2466482],[-58.2812911,-32.248209],[-58.2830897,-32.2436868],[-58.2831091,-32.2436922]]]}},{"type":"Feature","properties":{"ID":0,"NCM":"0100010021370000--","SEC":2,"GRU":137,"MANZ":0},"geometry":{"type":"Polygon","coordinates":[[[-58.2704834,-32.245053],[-58.2757985,-32.2465876],[-58.2776224,-32.242073],[-58.2723421,-32.240557],[-58.2704834,-32.245053]]]}},{"type":"Feature","properties":{"ID":0,"NCM":"0100010021380000--","SEC":2,"GRU":138,"MANZ":0},"geometry":{"type":"Polygon","coordinates":[[[-58.2723421,-32.240557],[-58.2670415,-32.2389426],[-58.265197,-32.2434841],[-58.2704834,-32.245053],[-58.2723421,-32.240557]]]}},{"type":"Feature","properties":{"ID":0,"NCM":"0100010021390000--","SEC":2,"GRU":139,"MANZ":0},"geometry":{"type":"Polygon","coordinates":[[[-58.2562393,-32.2358027],[-58.2555026,-32.2376084],[-58.254404,-32.2403226],[-58.2650301,-32.2434548],[-58.2668491,-32.2389321],[-58.2615475,-32.2373646],[-58.2562393,-32.2358027]]]}},{"type":"Feature","properties":{"ID":0,"NCM":"0100010021410000--","SEC":2,"GRU":141,"MANZ":0},"geometry":{"type":"Polygon","coordinates":[[[-58.2524997,-32.2449959],[-58.2578201,-32.2465522],[-58.2578159,-32.2465629],[-58.2631474,-32.2481047],[-58.2649574,-32.2436195],[-58.2543279,-32.2404794],[-58.2524997,-32.2449959]]]}},{"type":"Feature","properties":{"ID":0,"NCM":"0100010021430000--","SEC":2,"GRU":143,"MANZ":0},"geometry":{"type":"Polygon","coordinates":[[[-58.2695388,-32.2474457],[-58.2704581,-32.2452047],[-58.2651396,-32.2436512],[-58.2642183,-32.2459072],[-58.2695388,-32.2474457]]]}},{"type":"Feature","properties":{"ID":0,"NCM":"0100010021440000--","SEC":2,"GRU":144,"MANZ":0},"geometry":{"type":"Polygon","coordinates":[[[-58.2688414,-32.2491459],[-58.2741394,-32.25069],[-58.2752534,-32.247944],[-58.2757442,-32.2467556],[-58.2704581,-32.2452047],[-58.2695388,-32.2474457],[-58.2688414,-32.2491459]]]}},{"type":"Feature","properties":{"ID":0,"NCM":"0100010011450000--","SEC":1,"GRU":145,"MANZ":0},"geometry":{"type":"Polygon","coordinates":[[[-58.2794412,-32.2527848],[-58.2800672,-32.251229],[-58.2854108,-32.2527826],[-58.2865517,-32.2499215],[-58.2865258,-32.2498894],[-58.2865101,-32.2498847],[-58.2758887,-32.246796],[-58.2751608,-32.2486209],[-58.2741075,-32.2512207],[-58.2794412,-32.2527848]]]}},{"type":"Feature","properties":{"ID":0,"NCM":"0100010011460000--","SEC":1,"GRU":146,"MANZ":0},"geometry":{"type":"Polygon","coordinates":[[[-58.2847498,-32.2544255],[-58.2854108,-32.2527826],[-58.2800672,-32.251229],[-58.2794412,-32.2527848],[-58.2794079,-32.2528678],[-58.2847498,-32.2544255]]]}},{"type":"Feature","properties":{"ID":0,"NCM":"0100010011470000--","SEC":1,"GRU":147,"MANZ":0},"geometry":{"type":"Polygon","coordinates":[[[-58.2902125,-32.2560218],[-58.2920286,-32.2515053],[-58.2889548,-32.2506103],[-58.2867835,-32.2499606],[-58.2867193,-32.2499746],[-58.2861568,-32.2513558],[-58.2855697,-32.2528274],[-58.2849254,-32.2544695],[-58.2849217,-32.2544787],[-58.2851744,-32.2545523],[-58.2902125,-32.2560218]]]}},{"type":"Feature","properties":{"ID":0,"NCM":"0100010011480000--","SEC":1,"GRU":148,"MANZ":0},"geometry":{"type":"Polygon","coordinates":[[[-58.2902125,-32.2560218],[-58.295567,-32.257595],[-58.29557,-32.2575874],[-58.2973643,-32.253082],[-58.2920358,-32.2515073],[-58.2920286,-32.2515053],[-58.2902125,-32.2560218]]]}},{"type":"Feature","properties":{"ID":0,"NCM":"0100010011490000--","SEC":1,"GRU":149,"MANZ":0},"geometry":{"type":"Polygon","coordinates":[[[-58.2953656,-32.2585834],[-58.3006546,-32.2601019],[-58.3016156,-32.2577186],[-58.3020942,-32.2565533],[-58.30438,-32.2572176],[-58.3051315,-32.2553445],[-58.2975493,-32.2531261],[-58.296789,-32.255024],[-58.2953656,-32.2585834]]]}},{"type":"Feature","properties":{"ID":0,"NCM":"0100010011500000--","SEC":1,"GRU":150,"MANZ":0},"geometry":{"type":"Polygon","coordinates":[[[-58.3058847,-32.2618132],[-58.3068767,-32.259397],[-58.3081254,-32.2562061],[-58.3051315,-32.2553445],[-58.30438,-32.2572176],[-58.3020942,-32.2565533],[-58.3016156,-32.2577186],[-58.3006546,-32.2601019],[-58.3022918,-32.2605755],[-58.3022216,-32.260749],[-58.3058447,-32.261804],[-58.3058847,-32.2618132]]]}},{"type":"Feature","properties":{"ID":0,"NCM":"0100010011510000--","SEC":1,"GRU":151,"MANZ":0},"geometry":{"type":"Polygon","coordinates":[[[-58.3058847,-32.2618132],[-58.3058447,-32.261804],[-58.3022216,-32.260749],[-58.300842,-32.2641577],[-58.3044993,-32.2652231],[-58.3058847,-32.2618132]]]}},{"type":"Feature","properties":{"ID":0,"NCM":"0100010011520000--","SEC":1,"GRU":152,"MANZ":0},"geometry":{"type":"Polygon","coordinates":[[[-58.3006546,-32.2601019],[-58.2953656,-32.2585834],[-58.2939611,-32.2621404],[-58.300842,-32.2641577],[-58.3022216,-32.260749],[-58.3022918,-32.2605755],[-58.3006546,-32.2601019]]]}},{"type":"Feature","properties":{"ID":0,"NCM":"0100010011530000--","SEC":1,"GRU":153,"MANZ":0},"geometry":{"type":"Polygon","coordinates":[[[-58.2902125,-32.2560218],[-58.2902087,-32.2560313],[-58.2884042,-32.2605205],[-58.2937601,-32.2620754],[-58.295567,-32.257595],[-58.2902125,-32.2560218]]]}},{"type":"Feature","properties":{"ID":0,"NCM":"0100010011540000--","SEC":1,"GRU":154,"MANZ":0},"geometry":{"type":"Polygon","coordinates":[[[-58.2902125,-32.2560218],[-58.2851744,-32.2545523],[-58.2849217,-32.2544787],[-58.2844614,-32.2556137],[-58.2830933,-32.2589678],[-58.2884042,-32.2605205],[-58.2902087,-32.2560313],[-58.2902125,-32.2560218]]]}},{"type":"Feature","properties":{"ID":0,"NCM":"0100010011560000--","SEC":1,"GRU":156,"MANZ":0},"geometry":{"type":"Polygon","coordinates":[[[-58.2741075,-32.2512207],[-58.2740687,-32.2513164],[-58.2733539,-32.2530895],[-58.2722563,-32.2558148],[-58.2829322,-32.2589282],[-58.2833021,-32.258024],[-58.2847498,-32.2544255],[-58.2794079,-32.2528678],[-58.2794412,-32.2527848],[-58.2741075,-32.2512207]]]}},{"type":"Feature","properties":{"ID":0,"NCM":"0100010021570000--","SEC":2,"GRU":157,"MANZ":0},"geometry":{"type":"Polygon","coordinates":[[[-58.2741394,-32.25069],[-58.2688414,-32.2491459],[-58.267746,-32.2518807],[-58.2677376,-32.2519013],[-58.2668125,-32.2542393],[-58.2720941,-32.2557876],[-58.2730261,-32.2534821],[-58.2741394,-32.25069]]]}},{"type":"Feature","properties":{"ID":0,"NCM":"0100010021580000--","SEC":2,"GRU":158,"MANZ":0},"geometry":{"type":"Polygon","coordinates":[[[-58.2695388,-32.2474457],[-58.2642183,-32.2459072],[-58.2614852,-32.2526686],[-58.2668125,-32.2542393],[-58.2677376,-32.2519013],[-58.267746,-32.2518807],[-58.2688414,-32.2491459],[-58.2695388,-32.2474457]]]}},{"type":"Feature","properties":{"ID":0,"NCM":"0100010021590000--","SEC":2,"GRU":159,"MANZ":0},"geometry":{"type":"Polygon","coordinates":[[[-58.2631474,-32.2481047],[-58.2578159,-32.2465629],[-58.2578201,-32.2465522],[-58.256902,-32.248872],[-58.2560266,-32.2510742],[-58.2613256,-32.252617],[-58.2631474,-32.2481047]]]}},{"type":"Feature","properties":{"ID":0,"NCM":"0100010021600000--","SEC":2,"GRU":160,"MANZ":0},"geometry":{"type":"Polygon","coordinates":[[[-58.2578201,-32.2465522],[-58.2524997,-32.2449959],[-58.2520895,-32.2460036],[-58.2515804,-32.247263],[-58.2506936,-32.2493897],[-58.2560266,-32.2510742],[-58.256902,-32.248872],[-58.2578201,-32.2465522]]]}},{"type":"Feature","properties":{"ID":0,"NCM":"0100010081610000--","SEC":8,"GRU":161,"MANZ":0},"geometry":{"type":"Polygon","coordinates":[[[-58.2540909,-32.2557464],[-58.2552627,-32.2528758],[-58.2559711,-32.2511373],[-58.2506687,-32.249523],[-58.2497421,-32.2517925],[-58.2493491,-32.2527358],[-58.2489814,-32.2536604],[-58.2487732,-32.2541921],[-58.2540909,-32.2557464]]]}},{"type":"Feature","properties":{"ID":0,"NCM":"0100010081620000--","SEC":8,"GRU":162,"MANZ":0},"geometry":{"type":"Polygon","coordinates":[[[-58.2559711,-32.2511373],[-58.2552627,-32.2528758],[-58.2540909,-32.2557464],[-58.25615,-32.2563713],[-58.2594355,-32.2572971],[-58.2605521,-32.2545597],[-58.2612846,-32.2527201],[-58.2559711,-32.2511373]]]}},{"type":"Feature","properties":{"ID":0,"NCM":"0100010081630000--","SEC":8,"GRU":163,"MANZ":0},"geometry":{"type":"Polygon","coordinates":[[[-58.2640153,-32.2610962],[-58.2649091,-32.2589024],[-58.2667531,-32.2543757],[-58.2614317,-32.2528004],[-58.2587061,-32.259535],[-58.2640153,-32.2610962]]]}},{"type":"Feature","properties":{"ID":0,"NCM":"0100010081640000--","SEC":8,"GRU":164,"MANZ":0},"geometry":{"type":"Polygon","coordinates":[[[-58.2649091,-32.2589024],[-58.2675489,-32.2596859],[-58.2657181,-32.2642005],[-58.2683967,-32.264969],[-58.2720337,-32.2559122],[-58.2667531,-32.2543757],[-58.2649091,-32.2589024]]]}},{"type":"Feature","properties":{"ID":0,"NCM":"0100010081650000--","SEC":8,"GRU":165,"MANZ":0},"geometry":{"type":"Polygon","coordinates":[[[-58.2757247,-32.2620715],[-58.2775438,-32.2575222],[-58.2722032,-32.2559705],[-58.2703849,-32.2604996],[-58.2757247,-32.2620715]]]}},{"type":"Feature","properties":{"ID":0,"NCM":"0100010071660000--","SEC":7,"GRU":166,"MANZ":0},"geometry":{"type":"Polygon","coordinates":[[[-58.2757247,-32.2620715],[-58.277262,-32.2625213],[-58.2791359,-32.2630732],[-58.2810265,-32.2636211],[-58.282875,-32.2590838],[-58.2775438,-32.2575222],[-58.2757247,-32.2620715]]]}},{"type":"Feature","properties":{"ID":0,"NCM":"0100010071670000--","SEC":7,"GRU":167,"MANZ":0},"geometry":{"type":"Polygon","coordinates":[[[-58.2857932,-32.2680623],[-58.2861523,-32.2671624],[-58.2869162,-32.2652498],[-58.2871695,-32.2646166],[-58.2893177,-32.2652469],[-58.290625,-32.265631],[-58.2921777,-32.2660858],[-58.2936923,-32.262236],[-58.2886834,-32.2607824],[-58.2830417,-32.2591263],[-58.2812477,-32.2635746],[-58.2804671,-32.2655123],[-58.2801101,-32.2663981],[-58.2857932,-32.2680623]]]}},{"type":"Feature","properties":{"ID":0,"NCM":"0100010071690000--","SEC":7,"GRU":169,"MANZ":0},"geometry":{"type":"Polygon","coordinates":[[[-58.2972865,-32.2683557],[-58.2991187,-32.2638227],[-58.297376,-32.2633107],[-58.2955924,-32.2627906],[-58.2939007,-32.2622985],[-58.2920279,-32.2668265],[-58.2937588,-32.2673259],[-58.2955226,-32.2678375],[-58.2972865,-32.2683557]]]}},{"type":"Feature","properties":{"ID":0,"NCM":"0100010071700000--","SEC":7,"GRU":170,"MANZ":0},"geometry":{"type":"Polygon","coordinates":[[[-58.2991187,-32.2638227],[-58.2972865,-32.2683557],[-58.2990525,-32.2688646],[-58.3008115,-32.2693949],[-58.3026307,-32.2699242],[-58.3044266,-32.2654144],[-58.2991187,-32.2638227]]]}},{"type":"Feature","properties":{"ID":0,"NCM":"0100010071710000--","SEC":7,"GRU":171,"MANZ":0},"geometry":{"type":"Polygon","coordinates":[[[-58.3012699,-32.2733445],[-58.2959665,-32.2718],[-58.2955155,-32.2729195],[-58.3008291,-32.2744652],[-58.3012699,-32.2733445]]]}},{"type":"Feature","properties":{"ID":0,"NCM":"0100010071720000--","SEC":7,"GRU":172,"MANZ":0},"geometry":{"type":"Polygon","coordinates":[[[-58.3026307,-32.2699242],[-58.3008115,-32.2693949],[-58.2990525,-32.2688646],[-58.2972865,-32.2683557],[-58.2955226,-32.2678375],[-58.2937588,-32.2673259],[-58.2920279,-32.2668265],[-58.2902078,-32.2713703],[-58.2955155,-32.2729195],[-58.2959665,-32.2718],[-58.3012699,-32.2733445],[-58.3026307,-32.2699242]]]}},{"type":"Feature","properties":{"ID":0,"NCM":"0100010071730000--","SEC":7,"GRU":173,"MANZ":0},"geometry":{"type":"Polygon","coordinates":[[[-58.2857932,-32.2680623],[-58.2850796,-32.2698525],[-58.2860927,-32.2701517],[-58.2886442,-32.2709082],[-58.2900706,-32.2713366],[-58.2921777,-32.2660858],[-58.290625,-32.265631],[-58.2893177,-32.2652469],[-58.2871695,-32.2646166],[-58.2869162,-32.2652498],[-58.2861523,-32.2671624],[-58.2857932,-32.2680623]]]}},{"type":"Feature","properties":{"ID":0,"NCM":"0100010071740000--","SEC":7,"GRU":174,"MANZ":0},"geometry":{"type":"Polygon","coordinates":[[[-58.2857932,-32.2680623],[-58.2801101,-32.2663981],[-58.2794284,-32.268181],[-58.2850796,-32.2698525],[-58.2857932,-32.2680623]]]}},{"type":"Feature","properties":{"ID":0,"NCM":"0100010071750000--","SEC":7,"GRU":175,"MANZ":0},"geometry":{"type":"Polygon","coordinates":[[[-58.2738953,-32.266569],[-58.2792041,-32.2680785],[-58.2810265,-32.2636211],[-58.2791359,-32.2630732],[-58.277262,-32.2625213],[-58.2757247,-32.2620715],[-58.2738953,-32.266569]]]}},{"type":"Feature","properties":{"ID":0,"NCM":"0100010081760000--","SEC":8,"GRU":176,"MANZ":0},"geometry":{"type":"Polygon","coordinates":[[[-58.2757247,-32.2620715],[-58.2703849,-32.2604996],[-58.2685668,-32.2650194],[-58.2738953,-32.266569],[-58.2757247,-32.2620715]]]}},{"type":"Feature","properties":{"ID":0,"NCM":"0100010081770000--","SEC":8,"GRU":177,"MANZ":0},"geometry":{"type":"Polygon","coordinates":[[[-58.2649091,-32.2589024],[-58.2640153,-32.2610962],[-58.263061,-32.2634384],[-58.2657181,-32.2642005],[-58.2675489,-32.2596859],[-58.2649091,-32.2589024]]]}},{"type":"Feature","properties":{"ID":0,"NCM":"0100010081780000--","SEC":8,"GRU":178,"MANZ":0},"geometry":{"type":"Polygon","coordinates":[[[-58.2640153,-32.2610962],[-58.2587061,-32.259535],[-58.2577634,-32.2618871],[-58.263061,-32.2634384],[-58.2640153,-32.2610962]]]}},{"type":"Feature","properties":{"ID":0,"NCM":"0100010081790000--","SEC":8,"GRU":179,"MANZ":0},"geometry":{"type":"Polygon","coordinates":[[[-58.248175,-32.2556628],[-58.2476234,-32.2570224],[-58.2511277,-32.2580713],[-58.2504444,-32.2597408],[-58.2522758,-32.2602593],[-58.2549216,-32.261038],[-58.2576073,-32.2618323],[-58.2585395,-32.2595233],[-58.2594355,-32.2572971],[-58.25615,-32.2563713],[-58.2540909,-32.2557464],[-58.2534765,-32.2572515],[-58.248175,-32.2556628]]]}},{"type":"Feature","properties":{"ID":0,"NCM":"0100010081800000--","SEC":8,"GRU":180,"MANZ":0},"geometry":{"type":"Polygon","coordinates":[[[-58.2540909,-32.2557464],[-58.2487732,-32.2541921],[-58.248175,-32.2556628],[-58.2534765,-32.2572515],[-58.2540909,-32.2557464]]]}},{"type":"Feature","properties":{"ID":0,"NCM":"0100010081810000--","SEC":8,"GRU":181,"MANZ":0},"geometry":{"type":"Polygon","coordinates":[[[-58.2519715,-32.2603324],[-58.2510869,-32.2600786],[-58.2501448,-32.25981],[-58.2468854,-32.2588472],[-58.2450616,-32.263373],[-58.2484241,-32.2643535],[-58.2493114,-32.2646107],[-58.2501305,-32.2648477],[-58.2519715,-32.2603324]]]}},{"type":"Feature","properties":{"ID":0,"NCM":"0100010081820000--","SEC":8,"GRU":182,"MANZ":0},"geometry":{"type":"Polygon","coordinates":[[[-58.2503928,-32.2649278],[-58.2557144,-32.2665026],[-58.2575327,-32.2619664],[-58.2519715,-32.2603324],[-58.2501305,-32.2648477],[-58.2503928,-32.2649278]]]}},{"type":"Feature","properties":{"ID":0,"NCM":"0100010081830000--","SEC":8,"GRU":183,"MANZ":0},"geometry":{"type":"Polygon","coordinates":[[[-58.2558088,-32.2665988],[-58.2612162,-32.2680767],[-58.2621173,-32.2658333],[-58.2629956,-32.2635583],[-58.2576905,-32.262001],[-58.2568009,-32.2642428],[-58.2558088,-32.2665988]]]}},{"type":"Feature","properties":{"ID":0,"NCM":"0100010081840000--","SEC":8,"GRU":184,"MANZ":0},"geometry":{"type":"Polygon","coordinates":[[[-58.2665247,-32.2695978],[-58.2683272,-32.2651151],[-58.2629956,-32.2635583],[-58.2621173,-32.2658333],[-58.2612162,-32.2680767],[-58.2665247,-32.2695978]]]}},{"type":"Feature","properties":{"ID":0,"NCM":"0100010081850000--","SEC":8,"GRU":185,"MANZ":0},"geometry":{"type":"Polygon","coordinates":[[[-58.2720286,-32.2712288],[-58.2738319,-32.2667296],[-58.2685019,-32.2651611],[-58.2666924,-32.2696853],[-58.2720286,-32.2712288]]]}},{"type":"Feature","properties":{"ID":0,"NCM":"0100010071860000--","SEC":7,"GRU":186,"MANZ":0},"geometry":{"type":"Polygon","coordinates":[[[-58.2738319,-32.2667296],[-58.2720286,-32.2712288],[-58.2773297,-32.2727723],[-58.2780051,-32.2711039],[-58.2790645,-32.2682641],[-58.2738319,-32.2667296]]]}},{"type":"Feature","properties":{"ID":0,"NCM":"0100010071870000--","SEC":7,"GRU":187,"MANZ":0},"geometry":{"type":"Polygon","coordinates":[[[-58.2882003,-32.2759364],[-58.290009,-32.2714756],[-58.2792794,-32.2683236],[-58.2775164,-32.2728052],[-58.2882003,-32.2759364]]]}},{"type":"Feature","properties":{"ID":0,"NCM":"0100010071890000--","SEC":7,"GRU":189,"MANZ":0},"geometry":{"type":"Polygon","coordinates":[[[-58.2904894,-32.2766257],[-58.2923502,-32.2721217],[-58.2901633,-32.2715066],[-58.2883131,-32.2759838],[-58.2904894,-32.2766257]]]}},{"type":"Feature","properties":{"ID":0,"NCM":"0100010071900000--","SEC":7,"GRU":190,"MANZ":0},"geometry":{"type":"Polygon","coordinates":[[[-58.2913189,-32.2768746],[-58.2989516,-32.2791344],[-58.3007136,-32.2745697],[-58.2923715,-32.2721277],[-58.2923502,-32.2721217],[-58.2904894,-32.2766257],[-58.2913189,-32.2768746]]]}},{"type":"Feature","properties":{"ID":0,"NCM":"0100010071910000--","SEC":7,"GRU":191,"MANZ":0},"geometry":{"type":"Polygon","coordinates":[[[-58.2989516,-32.2791344],[-58.2913189,-32.2768746],[-58.2894971,-32.2814239],[-58.2954055,-32.2831937],[-58.2971779,-32.2836831],[-58.2980038,-32.2814587],[-58.2989516,-32.2791344]]]}},{"type":"Feature","properties":{"ID":0,"NCM":"0100010071920000--","SEC":7,"GRU":192,"MANZ":0},"geometry":{"type":"Polygon","coordinates":[[[-58.2904894,-32.2766257],[-58.2883131,-32.2759838],[-58.2881942,-32.2762695],[-58.2864895,-32.280537],[-58.2894971,-32.2814239],[-58.2913189,-32.2768746],[-58.2904894,-32.2766257]]]}},{"type":"Feature","properties":{"ID":0,"NCM":"0100010071930000--","SEC":7,"GRU":193,"MANZ":0},"geometry":{"type":"Polygon","coordinates":[[[-58.2882003,-32.2759364],[-58.2775164,-32.2728052],[-58.2766041,-32.2750911],[-58.2756853,-32.2773789],[-58.2764624,-32.2776009],[-58.2789874,-32.2783321],[-58.279222,-32.2784013],[-58.2863329,-32.2805065],[-58.2872823,-32.2782185],[-58.2882003,-32.2759364]]]}},{"type":"Feature","properties":{"ID":0,"NCM":"0100010081970000--","SEC":8,"GRU":197,"MANZ":0},"geometry":{"type":"Polygon","coordinates":[[[-58.2647041,-32.2741637],[-58.2665247,-32.2695978],[-58.2612162,-32.2680767],[-58.2602776,-32.2703897],[-58.2593619,-32.2726539],[-58.2647041,-32.2741637]]]}},{"type":"Feature","properties":{"ID":0,"NCM":"0100010081980000--","SEC":8,"GRU":198,"MANZ":0},"geometry":{"type":"Polygon","coordinates":[[[-58.2558088,-32.2665988],[-58.2550392,-32.2685571],[-58.254041,-32.2710743],[-58.2593619,-32.2726539],[-58.2602776,-32.2703897],[-58.2612162,-32.2680767],[-58.2558088,-32.2665988]]]}},{"type":"Feature","properties":{"ID":0,"NCM":"0100010081990000--","SEC":8,"GRU":199,"MANZ":0},"geometry":{"type":"Polygon","coordinates":[[[-58.2557144,-32.2665026],[-58.2503928,-32.2649278],[-58.2485567,-32.2694392],[-58.253881,-32.2710268],[-58.2557144,-32.2665026]]]}},{"type":"Feature","properties":{"ID":0,"NCM":"0100010082000000--","SEC":8,"GRU":200,"MANZ":0},"geometry":{"type":"Polygon","coordinates":[[[-58.2501305,-32.2648477],[-58.2493114,-32.2646107],[-58.2484241,-32.2643535],[-58.2450616,-32.263373],[-58.2448761,-32.2638413],[-58.2443206,-32.2652219],[-58.2435548,-32.2670758],[-58.242678,-32.2692846],[-58.2420388,-32.2708542],[-58.2522608,-32.2749213],[-58.253881,-32.2710268],[-58.2485567,-32.2694392],[-58.2503928,-32.2649278],[-58.2501305,-32.2648477]]]}},{"type":"Feature","properties":{"ID":0,"NCM":"0100010190010000--","SEC":19,"GRU":1,"MANZ":0},"geometry":{"type":"Polygon","coordinates":[[[-58.2424094,-32.2986547],[-58.2420429,-32.3000124],[-58.2445662,-32.3004937],[-58.2445513,-32.3005509],[-58.2479217,-32.3011841],[-58.2473088,-32.2987127],[-58.2469821,-32.2986436],[-58.2468491,-32.2981452],[-58.2468529,-32.2979498],[-58.2470902,-32.2978316],[-58.2466979,-32.2962547],[-58.2460688,-32.2937334],[-58.2457529,-32.2924433],[-58.2453655,-32.2908874],[-58.2447956,-32.2886301],[-58.2445119,-32.2874851],[-58.2438037,-32.2846379],[-58.2428553,-32.2882373],[-58.2422626,-32.2903304],[-58.2419237,-32.2916575],[-58.2416156,-32.2928066],[-58.2409882,-32.2951013],[-58.2406101,-32.2964567],[-58.2403577,-32.2973582],[-58.2403835,-32.2973634],[-58.2397695,-32.2995788],[-58.2418356,-32.2999729],[-58.2422056,-32.2986116],[-58.2424094,-32.2986547]]]}},{"type":"Feature","properties":{"ID":0,"NCM":"0100010090040000--","SEC":9,"GRU":4,"MANZ":0},"geometry":{"type":"Polygon","coordinates":[[[-58.2425973,-32.252096],[-58.2407783,-32.256805],[-58.2460119,-32.2584776],[-58.2478543,-32.2537991],[-58.2425973,-32.252096]]]}},{"type":"Feature","properties":{"ID":0,"NCM":"0100011030000041--","SEC":103,"GRU":0,"MANZ":41},"geometry":{"type":"Polygon","coordinates":[[[-58.2308795,-32.29417],[-58.2306592,-32.2949589],[-58.2315548,-32.2951342],[-58.2317738,-32.2943501],[-58.2308795,-32.29417]]]}},{"type":"Feature","properties":{"ID":0,"NCM":"0100011030000021--","SEC":103,"GRU":0,"MANZ":21},"geometry":{"type":"Polygon","coordinates":[[[-58.2354257,-32.2941232],[-58.2352137,-32.2948828],[-58.236108,-32.2950629],[-58.23632,-32.2943033],[-58.2354257,-32.2941232]]]}},{"type":"Feature","properties":{"ID":0,"NCM":"0100011030000048--","SEC":103,"GRU":0,"MANZ":48},"geometry":{"type":"Polygon","coordinates":[[[-58.2298592,-32.2939644],[-58.2296381,-32.294759],[-58.2304802,-32.2949239],[-58.2307008,-32.294134],[-58.2298592,-32.2939644]]]}},{"type":"Feature","properties":{"ID":0,"NCM":"0100011030000030--","SEC":103,"GRU":0,"MANZ":30},"geometry":{"type":"Polygon","coordinates":[[[-58.2343528,-32.2939071],[-58.2341407,-32.2946667],[-58.235035,-32.2948468],[-58.2352471,-32.2940872],[-58.2343528,-32.2939071]]]}},{"type":"Feature","properties":{"ID":0,"NCM":"0100011030000039--","SEC":103,"GRU":0,"MANZ":39},"geometry":{"type":"Polygon","coordinates":[[[-58.2322069,-32.2934748],[-58.2319948,-32.2942344],[-58.2328891,-32.2944145],[-58.2331012,-32.2936549],[-58.2322069,-32.2934748]]]}},{"type":"Feature","properties":{"ID":0,"NCM":"0100011030000040--","SEC":103,"GRU":0,"MANZ":40},"geometry":{"type":"Polygon","coordinates":[[[-58.231134,-32.2932586],[-58.2309219,-32.2940182],[-58.2318162,-32.2941984],[-58.2320283,-32.2934388],[-58.231134,-32.2932586]]]}},{"type":"Feature","properties":{"ID":0,"NCM":"0100011030000031--","SEC":103,"GRU":0,"MANZ":31},"geometry":{"type":"Polygon","coordinates":[[[-58.2332799,-32.2936909],[-58.2330678,-32.2944505],[-58.233962,-32.2946307],[-58.2341741,-32.2938711],[-58.2332799,-32.2936909]]]}},{"type":"Feature","properties":{"ID":0,"NCM":"0100011030000049--","SEC":103,"GRU":0,"MANZ":49},"geometry":{"type":"Polygon","coordinates":[[[-58.2301132,-32.2930529],[-58.2299016,-32.2938127],[-58.2307432,-32.2939822],[-58.2309553,-32.2932226],[-58.2301132,-32.2930529]]]}},{"type":"Feature","properties":{"ID":0,"NCM":"0100011030000005--","SEC":103,"GRU":0,"MANZ":5},"geometry":{"type":"Polygon","coordinates":[[[-58.2387049,-32.2986159],[-58.2384928,-32.2993755],[-58.2393977,-32.2995525],[-58.239604,-32.2987918],[-58.2387049,-32.2986159]]]}},{"type":"Feature","properties":{"ID":0,"NCM":"0100011030000006--","SEC":103,"GRU":0,"MANZ":6},"geometry":{"type":"Polygon","coordinates":[[[-58.2376303,-32.2984056],[-58.2374182,-32.2991652],[-58.2383139,-32.2993405],[-58.238526,-32.2985808],[-58.2376303,-32.2984056]]]}},{"type":"Feature","properties":{"ID":0,"NCM":"0100011030000015--","SEC":103,"GRU":0,"MANZ":15},"geometry":{"type":"Polygon","coordinates":[[[-58.2365556,-32.2981953],[-58.2363435,-32.2989549],[-58.2372393,-32.2991302],[-58.2374513,-32.2983706],[-58.2365556,-32.2981953]]]}},{"type":"Feature","properties":{"ID":0,"NCM":"0100011030000016--","SEC":103,"GRU":0,"MANZ":16},"geometry":{"type":"Polygon","coordinates":[[[-58.235481,-32.297985],[-58.2352689,-32.2987446],[-58.2361646,-32.2989199],[-58.2363767,-32.2981603],[-58.235481,-32.297985]]]}},{"type":"Feature","properties":{"ID":0,"NCM":"0100011030000025--","SEC":103,"GRU":0,"MANZ":25},"geometry":{"type":"Polygon","coordinates":[[[-58.2344062,-32.2977747],[-58.2341941,-32.2985343],[-58.2350898,-32.2987096],[-58.2353019,-32.29795],[-58.2344062,-32.2977747]]]}},{"type":"Feature","properties":{"ID":0,"NCM":"0100011030000004--","SEC":103,"GRU":0,"MANZ":4},"geometry":{"type":"Polygon","coordinates":[[[-58.2389593,-32.2977045],[-58.2387473,-32.2984641],[-58.2396474,-32.2986402],[-58.2398644,-32.2978816],[-58.2389593,-32.2977045]]]}},{"type":"Feature","properties":{"ID":0,"NCM":"0100011030000026--","SEC":103,"GRU":0,"MANZ":26},"geometry":{"type":"Polygon","coordinates":[[[-58.2333316,-32.2975644],[-58.2331195,-32.298324],[-58.2340152,-32.2984993],[-58.2342273,-32.2977397],[-58.2333316,-32.2975644]]]}},{"type":"Feature","properties":{"ID":0,"NCM":"0100011030000007--","SEC":103,"GRU":0,"MANZ":7},"geometry":{"type":"Polygon","coordinates":[[[-58.2378847,-32.2974942],[-58.2376726,-32.2982538],[-58.2385683,-32.2984291],[-58.2387804,-32.2976695],[-58.2378847,-32.2974942]]]}},{"type":"Feature","properties":{"ID":0,"NCM":"0100011030000035--","SEC":103,"GRU":0,"MANZ":35},"geometry":{"type":"Polygon","coordinates":[[[-58.232257,-32.297354],[-58.2320448,-32.2981137],[-58.2329405,-32.298289],[-58.2331527,-32.2975293],[-58.232257,-32.297354]]]}},{"type":"Feature","properties":{"ID":0,"NCM":"0100011030000014--","SEC":103,"GRU":0,"MANZ":14},"geometry":{"type":"Polygon","coordinates":[[[-58.2368101,-32.2972839],[-58.236598,-32.2980436],[-58.2374937,-32.2982188],[-58.2377058,-32.2974592],[-58.2368101,-32.2972839]]]}},{"type":"Feature","properties":{"ID":0,"NCM":"0100011030000036--","SEC":103,"GRU":0,"MANZ":36},"geometry":{"type":"Polygon","coordinates":[[[-58.2311824,-32.2971437],[-58.2309702,-32.2979033],[-58.2318659,-32.2980786],[-58.232078,-32.297319],[-58.2311824,-32.2971437]]]}},{"type":"Feature","properties":{"ID":0,"NCM":"0100011030000017--","SEC":103,"GRU":0,"MANZ":17},"geometry":{"type":"Polygon","coordinates":[[[-58.2357355,-32.2970736],[-58.2355234,-32.2978333],[-58.2364191,-32.2980085],[-58.2366312,-32.2972489],[-58.2357355,-32.2970736]]]}},{"type":"Feature","properties":{"ID":0,"NCM":"0100011030000044--","SEC":103,"GRU":0,"MANZ":44},"geometry":{"type":"Polygon","coordinates":[[[-58.2301078,-32.2969334],[-58.2298956,-32.297693],[-58.2307913,-32.2978683],[-58.2310034,-32.2971087],[-58.2301078,-32.2969334]]]}},{"type":"Feature","properties":{"ID":0,"NCM":"0100011030000024--","SEC":103,"GRU":0,"MANZ":24},"geometry":{"type":"Polygon","coordinates":[[[-58.2346607,-32.2968633],[-58.2344486,-32.2976229],[-58.2353443,-32.2977982],[-58.2355564,-32.2970386],[-58.2346607,-32.2968633]]]}},{"type":"Feature","properties":{"ID":0,"NCM":"0100011030000003--","SEC":103,"GRU":0,"MANZ":3},"geometry":{"type":"Polygon","coordinates":[[[-58.2392138,-32.2967931],[-58.2390017,-32.2975527],[-58.2399077,-32.29773],[-58.2401247,-32.2969713],[-58.2392138,-32.2967931]]]}},{"type":"Feature","properties":{"ID":0,"NCM":"0100011030000027--","SEC":103,"GRU":0,"MANZ":27},"geometry":{"type":"Polygon","coordinates":[[[-58.2335861,-32.296653],[-58.233374,-32.2974126],[-58.2342696,-32.2975879],[-58.2344817,-32.2968283],[-58.2335861,-32.296653]]]}},{"type":"Feature","properties":{"ID":0,"NCM":"0100011030000008--","SEC":103,"GRU":0,"MANZ":8},"geometry":{"type":"Polygon","coordinates":[[[-58.2381392,-32.2965828],[-58.2379271,-32.2973425],[-58.2388228,-32.2975177],[-58.2390348,-32.2967581],[-58.2381392,-32.2965828]]]}},{"type":"Feature","properties":{"ID":0,"NCM":"0100011030000013--","SEC":103,"GRU":0,"MANZ":13},"geometry":{"type":"Polygon","coordinates":[[[-58.236972,-32.2963544],[-58.2368169,-32.2971252],[-58.2377482,-32.2973074],[-58.2379602,-32.2965478],[-58.236972,-32.2963544]]]}},{"type":"Feature","properties":{"ID":0,"NCM":"0100011030000037--","SEC":103,"GRU":0,"MANZ":37},"geometry":{"type":"Polygon","coordinates":[[[-58.2314369,-32.2962324],[-58.2312247,-32.296992],[-58.2321204,-32.2971673],[-58.2323325,-32.2964077],[-58.2314369,-32.2962324]]]}},{"type":"Feature","properties":{"ID":0,"NCM":"0100011030000018--","SEC":103,"GRU":0,"MANZ":18},"geometry":{"type":"Polygon","coordinates":[[[-58.23599,-32.2961623],[-58.2357779,-32.2969219],[-58.2366735,-32.2970972],[-58.2368856,-32.2963375],[-58.23599,-32.2961623]]]}},{"type":"Feature","properties":{"ID":0,"NCM":"0100011030000043--","SEC":103,"GRU":0,"MANZ":43},"geometry":{"type":"Polygon","coordinates":[[[-58.2303623,-32.296022],[-58.2301501,-32.2967816],[-58.2310458,-32.2969569],[-58.2312579,-32.2961973],[-58.2303623,-32.296022]]]}},{"type":"Feature","properties":{"ID":0,"NCM":"0100011030000023--","SEC":103,"GRU":0,"MANZ":23},"geometry":{"type":"Polygon","coordinates":[[[-58.2349151,-32.2959519],[-58.234703,-32.2967116],[-58.2355987,-32.2968868],[-58.2358108,-32.2961272],[-58.2349151,-32.2959519]]]}},{"type":"Feature","properties":{"ID":0,"NCM":"0100011030000002--","SEC":103,"GRU":0,"MANZ":2},"geometry":{"type":"Polygon","coordinates":[[[-58.2394643,-32.2958957],[-58.2392561,-32.2966414],[-58.2401681,-32.2968198],[-58.2403777,-32.296087],[-58.2394643,-32.2958957]]]}},{"type":"Feature","properties":{"ID":0,"NCM":"0100011030000046--","SEC":103,"GRU":0,"MANZ":46},"geometry":{"type":"Polygon","coordinates":[[[-58.229342,-32.2958223],[-58.2291304,-32.296582],[-58.2299712,-32.2967466],[-58.2301834,-32.295987],[-58.229342,-32.2958223]]]}},{"type":"Feature","properties":{"ID":0,"NCM":"0100011030000009--","SEC":103,"GRU":0,"MANZ":9},"geometry":{"type":"Polygon","coordinates":[[[-58.2383936,-32.2956715],[-58.2381815,-32.2964311],[-58.2390772,-32.2966063],[-58.239286,-32.2958584],[-58.2383936,-32.2956715]]]}},{"type":"Feature","properties":{"ID":0,"NCM":"0100011030000028--","SEC":103,"GRU":0,"MANZ":28},"geometry":{"type":"Polygon","coordinates":[[[-58.2338405,-32.2957416],[-58.2336284,-32.2965012],[-58.2345241,-32.2966765],[-58.2347362,-32.2959169],[-58.2338405,-32.2957416]]]}},{"type":"Feature","properties":{"ID":0,"NCM":"0100011030000012--","SEC":103,"GRU":0,"MANZ":12},"geometry":{"type":"Polygon","coordinates":[[[-58.237319,-32.2954612],[-58.2371069,-32.2962208],[-58.2380026,-32.2963961],[-58.2382147,-32.2956364],[-58.237319,-32.2954612]]]}},{"type":"Feature","properties":{"ID":0,"NCM":"0100011030000033--","SEC":103,"GRU":0,"MANZ":33},"geometry":{"type":"Polygon","coordinates":[[[-58.232766,-32.2955313],[-58.2325538,-32.2962909],[-58.2334495,-32.2964662],[-58.2336616,-32.2957066],[-58.232766,-32.2955313]]]}},{"type":"Feature","properties":{"ID":0,"NCM":"0100011030001037--","SEC":103,"GRU":0,"MANZ":1037},"geometry":{"type":"Polygon","coordinates":[[[-58.2316914,-32.295321],[-58.2314792,-32.2960806],[-58.2323749,-32.2962559],[-58.232587,-32.2954963],[-58.2316914,-32.295321]]]}},{"type":"Feature","properties":{"ID":0,"NCM":"0100011030000019--","SEC":103,"GRU":0,"MANZ":19},"geometry":{"type":"Polygon","coordinates":[[[-58.2362444,-32.2952509],[-58.2360323,-32.2960105],[-58.236928,-32.2961858],[-58.2371401,-32.2954262],[-58.2362444,-32.2952509]]]}},{"type":"Feature","properties":{"ID":0,"NCM":"0100011030000029--","SEC":103,"GRU":0,"MANZ":29},"geometry":{"type":"Polygon","coordinates":[[[-58.2340983,-32.2948184],[-58.2338829,-32.2955899],[-58.2347786,-32.2957652],[-58.2349926,-32.2949986],[-58.2340983,-32.2948184]]]}},{"type":"Feature","properties":{"ID":0,"NCM":"0100011030000042--","SEC":103,"GRU":0,"MANZ":42},"geometry":{"type":"Polygon","coordinates":[[[-58.2306168,-32.2951107],[-58.2304047,-32.2958703],[-58.2313003,-32.2960456],[-58.2315124,-32.295286],[-58.2306168,-32.2951107]]]}},{"type":"Feature","properties":{"ID":0,"NCM":"0100011030000022--","SEC":103,"GRU":0,"MANZ":22},"geometry":{"type":"Polygon","coordinates":[[[-58.2351713,-32.2950346],[-58.2349575,-32.2958002],[-58.2358532,-32.2959755],[-58.2360656,-32.2952147],[-58.2351713,-32.2950346]]]}},{"type":"Feature","properties":{"ID":0,"NCM":"0100011030000047--","SEC":103,"GRU":0,"MANZ":47},"geometry":{"type":"Polygon","coordinates":[[[-58.2295958,-32.2949108],[-58.2293843,-32.2956705],[-58.2302257,-32.2958352],[-58.2304379,-32.2950756],[-58.2295958,-32.2949108]]]}},{"type":"Feature","properties":{"ID":0,"NCM":"0100011030000001--","SEC":103,"GRU":0,"MANZ":1},"geometry":{"type":"Polygon","coordinates":[[[-58.2397159,-32.2949944],[-58.2394937,-32.295789],[-58.2404138,-32.2959796],[-58.2406357,-32.2951849],[-58.2397159,-32.2949944]]]}},{"type":"Feature","properties":{"ID":0,"NCM":"0100011030000038--","SEC":103,"GRU":0,"MANZ":38},"geometry":{"type":"Polygon","coordinates":[[[-58.2319524,-32.2943861],[-58.2317337,-32.2951692],[-58.2326294,-32.2953445],[-58.2328467,-32.2945663],[-58.2319524,-32.2943861]]]}},{"type":"Feature","properties":{"ID":0,"NCM":"0100011030000032--","SEC":103,"GRU":0,"MANZ":32},"geometry":{"type":"Polygon","coordinates":[[[-58.2330254,-32.2946023],[-58.2328083,-32.2953796],[-58.233704,-32.2955549],[-58.2339197,-32.2947824],[-58.2330254,-32.2946023]]]}},{"type":"Feature","properties":{"ID":0,"NCM":"0100010140010000--","SEC":14,"GRU":1,"MANZ":0},"geometry":{"type":"Polygon","coordinates":[[[-58.2406325,-32.2670243],[-58.241512,-32.2699037],[-58.2424059,-32.2676497],[-58.2406325,-32.2670243]]]}},{"type":"Feature","properties":{"ID":0,"NCM":"0100010190010000--","SEC":19,"GRU":1,"MANZ":0},"geometry":{"type":"Polygon","coordinates":[[[-58.2229512,-32.2767867],[-58.2225106,-32.2775824],[-58.2219404,-32.2790067],[-58.2210504,-32.2814325],[-58.2183062,-32.2806092],[-58.2184526,-32.2818042],[-58.218567,-32.2834242],[-58.2184573,-32.2845054],[-58.2183929,-32.284864],[-58.2180087,-32.2866165],[-58.21769,-32.2880852],[-58.2172849,-32.2898366],[-58.2185546,-32.290271],[-58.2190758,-32.2906659],[-58.2238964,-32.2916184],[-58.2299413,-32.2928293],[-58.2302256,-32.2918437],[-58.230565,-32.2906318],[-58.2309846,-32.2891432],[-58.2312531,-32.2882411],[-58.2315314,-32.2871693],[-58.2318297,-32.2860419],[-58.2340579,-32.2777502],[-58.2311996,-32.2770531],[-58.2318394,-32.2750232],[-58.2252757,-32.2734971],[-58.2253608,-32.2732365],[-58.2238249,-32.2728793],[-58.2234585,-32.2739049],[-58.2231925,-32.2746726],[-58.223059,-32.2756103],[-58.2229512,-32.2767867]]]}},{"type":"Feature","properties":{"ID":0,"NCM":"0100010140010000--","SEC":14,"GRU":1,"MANZ":0},"geometry":{"type":"Polygon","coordinates":[[[-58.2389772,-32.2695768],[-58.2401693,-32.2699734],[-58.2398228,-32.2685597],[-58.2393193,-32.2665544],[-58.2372216,-32.2658666],[-58.2361318,-32.2686421],[-58.2375248,-32.2690937],[-58.2389772,-32.2695768]]]}},{"type":"Feature","properties":{"ID":0,"NCM":"0100010190010000--","SEC":19,"GRU":1,"MANZ":0},"geometry":{"type":"Polygon","coordinates":[[[-58.2389772,-32.2695768],[-58.2375248,-32.2690937],[-58.2361318,-32.2686421],[-58.2363163,-32.2699824],[-58.2353515,-32.2735196],[-58.2341206,-32.2780509],[-58.2331938,-32.2814891],[-58.2328774,-32.2827108],[-58.2318033,-32.2866802],[-58.2316087,-32.287422],[-58.2313458,-32.2883603],[-58.2300477,-32.2929397],[-58.2329925,-32.2935419],[-58.2336425,-32.2936726],[-58.2360411,-32.2941471],[-58.2408268,-32.2950831],[-58.2412492,-32.2935474],[-58.2416507,-32.2920251],[-58.2420739,-32.2904948],[-58.2423111,-32.2895515],[-58.2425227,-32.2888131],[-58.2427276,-32.2880898],[-58.2435008,-32.285123],[-58.2437098,-32.2842852],[-58.2435471,-32.2835445],[-58.2425947,-32.2797948],[-58.2423245,-32.2787546],[-58.2413453,-32.274678],[-58.2407987,-32.2724689],[-58.2402139,-32.2701498],[-58.2390367,-32.2697581],[-58.2389772,-32.2695768]]]}},{"type":"Feature","properties":{"ID":0,"NCM":"0100010190020000--","SEC":19,"GRU":2,"MANZ":0},"geometry":{"type":"Polygon","coordinates":[[[-58.2397046,-32.2997697],[-58.2383987,-32.3043454],[-58.2375962,-32.3072577],[-58.2367986,-32.3101564],[-58.2359174,-32.3132722],[-58.2430167,-32.3146564],[-58.2430253,-32.314653],[-58.243059,-32.3146417],[-58.2430889,-32.3146319],[-58.2431236,-32.3146182],[-58.2431517,-32.3146051],[-58.2431893,-32.3145923],[-58.2432588,-32.3145649],[-58.2432848,-32.3145566],[-58.2433137,-32.3145492],[-58.2433636,-32.3145375],[-58.2434311,-32.3145149],[-58.2434666,-32.3145069],[-58.2435109,-32.3144934],[-58.2435446,-32.3144821],[-58.2435812,-32.3144717],[-58.2436107,-32.31447],[-58.2436478,-32.3144733],[-58.243682,-32.3144758],[-58.2437108,-32.3144684],[-58.2437595,-32.3144671],[-58.2437901,-32.314463],[-58.2438235,-32.3144598],[-58.2438524,-32.3144524],[-58.2438931,-32.3144324],[-58.2439271,-32.314413],[-58.2439495,-32.3143982],[-58.2440062,-32.3143559],[-58.2440335,-32.3143371],[-58.2440902,-32.3142948],[-58.2441224,-32.3142722],[-58.2441497,-32.3142534],[-58.2441809,-32.3142332],[-58.244217,-32.314209],[-58.244252,-32.3141872],[-58.2442899,-32.3141663],[-58.244319,-32.3141508],[-58.2443519,-32.3141338],[-58.2443782,-32.3141175],[-58.2444321,-32.3140743],[-58.2444568,-32.3140466],[-58.244469,-32.3140258],[-58.2444904,-32.3139835],[-58.244499,-32.3139562],[-58.244498,-32.3139287],[-58.2444924,-32.313897],[-58.2444809,-32.3138716],[-58.2444712,-32.3138196],[-58.2444759,-32.3137938],[-58.2444834,-32.3137689],[-58.2444948,-32.3137425],[-58.2445041,-32.3137209],[-58.2445183,-32.3136954],[-58.2445343,-32.3136731],[-58.244556,-32.3136526],[-58.2445882,-32.3136299],[-58.244607,-32.3136085],[-58.2446266,-32.3135928],[-58.2446444,-32.3135739],[-58.244664,-32.3135582],[-58.2446828,-32.3135368],[-58.2447035,-32.3135187],[-58.2447385,-32.3134969],[-58.2447725,-32.3134775],[-58.2448093,-32.313459],[-58.2448444,-32.3134372],[-58.2448928,-32.3134141],[-58.2449247,-32.3133995],[-58.2449788,-32.3133782],[-58.2450202,-32.3133638],[-58.2450702,-32.3133521],[-58.2451085,-32.313345],[-58.2451441,-32.313337],[-58.2451785,-32.3133313],[-58.245211,-32.3133305],[-58.2452532,-32.3133218],[-58.2452841,-32.3133096],[-58.2453134,-32.313316],[-58.2453455,-32.3133233],[-58.2453833,-32.3133323],[-58.2454338,-32.3133343],[-58.2454757,-32.3133338],[-58.2455022,-32.3133393],[-58.24557,-32.3133603],[-58.245607,-32.3133936],[-58.245634,-32.3134129],[-58.2456584,-32.3134232],[-58.2456623,-32.3134217],[-58.2456865,-32.3134101],[-58.2457161,-32.3134084],[-58.2457446,-32.3134091],[-58.2458185,-32.3133939],[-58.2458749,-32.3133897],[-58.2459083,-32.3133864],[-58.2459379,-32.3133847],[-58.2459752,-32.31338],[-58.2460192,-32.3133746],[-58.2460594,-32.3133707],[-58.2461041,-32.313371],[-58.2461397,-32.313363],[-58.2461685,-32.3133556],[-58.2462051,-32.3133452],[-58.2462447,-32.3133275],[-58.24629,-32.3133117],[-58.2463269,-32.3132932],[-58.2463626,-32.313277],[-58.2464327,-32.3132335],[-58.2464709,-32.3132045],[-58.246508,-32.3131779],[-58.2465356,-32.313151],[-58.2465611,-32.313129],[-58.2465799,-32.3131076],[-58.2466005,-32.3130895],[-58.2466232,-32.3130666],[-58.2466449,-32.3130461],[-58.246666,-32.3130118],[-58.2466885,-32.3129671],[-58.2466997,-32.3129188],[-58.2466985,-32.3128694],[-58.2466832,-32.3128157],[-58.2466658,-32.3127667],[-58.2466266,-32.3126865],[-58.2466105,-32.3126569],[-58.2465797,-32.3126093],[-58.2465551,-32.3125771],[-58.2465202,-32.312539],[-58.246475,-32.3124951],[-58.2464234,-32.3124436],[-58.2463587,-32.3123854],[-58.2462942,-32.3123191],[-58.2462468,-32.3122581],[-58.2462171,-32.312208],[-58.2461981,-32.3121776],[-58.2461513,-32.3120524],[-58.2461438,-32.3120355],[-58.2461295,-32.3120093],[-58.2461123,-32.3119821],[-58.246098,-32.3119559],[-58.2460893,-32.3119314],[-58.2460844,-32.3119054],[-58.2460747,-32.3118833],[-58.2460517,-32.3118326],[-58.2460324,-32.3118103],[-58.2460073,-32.3117644],[-58.2459883,-32.311734],[-58.2459796,-32.3117095],[-58.2459712,-32.3116769],[-58.2459646,-32.3116476],[-58.2459616,-32.3116249],[-58.2459596,-32.3115998],[-58.2459565,-32.3115771],[-58.2459545,-32.3115519],[-58.2459564,-32.3114953],[-58.2459638,-32.3114486],[-58.2459659,-32.3113839],[-58.2459706,-32.3113582],[-58.2459697,-32.3113306],[-58.2459705,-32.3113064],[-58.2459688,-32.3112732],[-58.2459655,-32.3112286],[-58.2459625,-32.3112059],[-58.2459628,-32.3111679],[-58.2459696,-32.3111373],[-58.2459802,-32.3111052],[-58.2459877,-32.3110803],[-58.245997,-32.3110587],[-58.2460066,-32.311029],[-58.2460216,-32.3109792],[-58.2460217,-32.3109492],[-58.2460187,-32.3109265],[-58.2460175,-32.3108771],[-58.2460214,-32.3108457],[-58.2460457,-32.3107743],[-58.2460494,-32.3107509],[-58.2460464,-32.3107282],[-58.2460397,-32.3106989],[-58.2460398,-32.310669],[-58.2460466,-32.3106384],[-58.2460495,-32.3106093],[-58.246057,-32.3105844],[-58.2460689,-32.3105419],[-58.246069,-32.3105119],[-58.246067,-32.3104868],[-58.2460624,-32.3104527],[-58.2460561,-32.3104153],[-58.2460533,-32.3103845],[-58.2460569,-32.3103611],[-58.2460637,-32.3103306],[-58.2460676,-32.3102991],[-58.2460744,-32.3102685],[-58.2460783,-32.3102371],[-58.2460791,-32.3102128],[-58.2460849,-32.3101847],[-58.2460885,-32.3101613],[-58.2460917,-32.3101241],[-58.2460897,-32.310099],[-58.2460915,-32.3100724],[-58.2460929,-32.3100319],[-58.246093,-32.310002],[-58.2460995,-32.3099795],[-58.246109,-32.3099498],[-58.2461137,-32.3099241],[-58.2461236,-32.3098863],[-58.2461342,-32.3098542],[-58.2461322,-32.309829],[-58.2461333,-32.3097967],[-58.2461491,-32.3097526],[-58.2461492,-32.3097227],[-58.2461572,-32.3096816],[-58.2461574,-32.3096217],[-58.246161,-32.3095984],[-58.246167,-32.3095621],[-58.2461691,-32.3095274],[-58.2461751,-32.3094911],[-58.246185,-32.3094533],[-58.2462093,-32.3093819],[-58.2462179,-32.3093546],[-58.2463058,-32.3091505],[-58.246319,-32.3091274],[-58.2463383,-32.3090898],[-58.2463525,-32.3090643],[-58.2463737,-32.30903],[-58.2463918,-32.3090029],[-58.2464039,-32.3089822],[-58.2464171,-32.3089591],[-58.2464647,-32.3088486],[-58.2464704,-32.3088204],[-58.2464779,-32.3087955],[-58.2464842,-32.3087512],[-58.2464902,-32.3087149],[-58.2465202,-32.3086453],[-58.2465328,-32.3086084],[-58.2465404,-32.3085835],[-58.2465482,-32.3085505],[-58.2465595,-32.3085241],[-58.2465681,-32.3084968],[-58.2465769,-32.3084614],[-58.2465844,-32.3084365],[-58.2466049,-32.3083666],[-58.2466119,-32.308328],[-58.2466156,-32.3083046],[-58.2466213,-32.3082764],[-58.2466281,-32.3082458],[-58.2466356,-32.3082209],[-58.2466459,-32.3081969],[-58.2466545,-32.3081696],[-58.2466671,-32.3081327],[-58.2466977,-32.3080469],[-58.2467093,-32.3080124],[-58.2467153,-32.3079761],[-58.2467231,-32.3079432],[-58.2467333,-32.3078973],[-58.2467421,-32.3078619],[-58.2467463,-32.3078224],[-58.2467471,-32.3077981],[-58.2467557,-32.3077708],[-58.246763,-32.3077241],[-58.2467715,-32.3076968],[-58.2468046,-32.3076199],[-58.2468132,-32.3075926],[-58.2468235,-32.3075686],[-58.2468282,-32.3075429],[-58.2468394,-32.3074647],[-58.2468441,-32.3074389],[-58.246855,-32.3073987],[-58.2468638,-32.3073633],[-58.2468724,-32.307336],[-58.2468784,-32.3072998],[-58.2468831,-32.307274],[-58.2468888,-32.3072458],[-58.246893,-32.3072063],[-58.2468899,-32.3071836],[-58.2468795,-32.3071558],[-58.2468777,-32.3071226],[-58.2468845,-32.307092],[-58.2468902,-32.3070638],[-58.2468967,-32.3070413],[-58.246966,-32.3068804],[-58.2469791,-32.3068573],[-58.2469913,-32.3068365],[-58.2470091,-32.3068176],[-58.2470354,-32.3068012],[-58.2470549,-32.3067855],[-58.2470869,-32.3067709],[-58.2471317,-32.3067413],[-58.2471639,-32.3067186],[-58.2471951,-32.3066983],[-58.2472224,-32.3066796],[-58.2472487,-32.3066633],[-58.2473125,-32.3066341],[-58.2473406,-32.306621],[-58.2473527,-32.3066003],[-58.2473848,-32.3065258],[-58.2474064,-32.3065053],[-58.2474327,-32.306489],[-58.2474608,-32.3064759],[-58.2475092,-32.3064528],[-58.2475344,-32.3064389],[-58.2475622,-32.3064339],[-58.2475936,-32.3064355],[-58.2476356,-32.3064349],[-58.2476798,-32.3064214],[-58.247704,-32.3064099],[-58.2478024,-32.3063751],[-58.2478284,-32.3063668],[-58.2478621,-32.3063555],[-58.247892,-32.3063457],[-58.2479285,-32.3063353],[-58.247963,-32.3063297],[-58.2480227,-32.3063101],[-58.2480701,-32.3062894],[-58.2480979,-32.3062844],[-58.2481324,-32.3062788],[-58.2481978,-32.306261],[-58.2482372,-32.3062514],[-58.2482794,-32.3062428],[-58.2483113,-32.3062282],[-58.2483538,-32.3062114],[-58.2483952,-32.3061971],[-58.2484854,-32.3061515],[-58.2485435,-32.3061505],[-58.2485919,-32.3061274],[-58.248621,-32.306112],[-58.2486568,-32.3060959],[-58.2486888,-32.3060813],[-58.2487217,-32.3060643],[-58.2487617,-32.3060386],[-58.2487977,-32.3060144],[-58.2488289,-32.3059941],[-58.2488572,-32.305973],[-58.2488894,-32.3059503],[-58.2489245,-32.3059285],[-58.2489652,-32.3059085],[-58.2489894,-32.3058969],[-58.2490339,-32.3058753],[-58.2490782,-32.3058619],[-58.2491078,-32.3058602],[-58.2491466,-32.3058668],[-58.2491798,-32.3058716],[-58.2492212,-32.3058573],[-58.2492473,-32.305849],[-58.2492908,-32.3058299],[-58.2493103,-32.3058142],[-58.249341,-32.3057801],[-58.2493503,-32.3057585],[-58.2493705,-32.3057266],[-58.2493901,-32.3057109],[-58.2494215,-32.3056826],[-58.2494622,-32.3056626],[-58.2494923,-32.3056447],[-58.2495181,-32.3056146],[-58.2495331,-32.3055947],[-58.2495724,-32.3055035],[-58.249582,-32.3054738],[-58.249596,-32.3054264],[-58.2496035,-32.3054015],[-58.249612,-32.3053742],[-58.2496149,-32.3053451],[-58.2496163,-32.3053047],[-58.2496148,-32.3052634],[-58.2496162,-32.305223],[-58.2496154,-32.3051356],[-58.2496129,-32.3050967],[-58.2496114,-32.3050554],[-58.2496089,-32.3050165],[-58.2496093,-32.3049785],[-58.2496068,-32.3049396],[-58.2495997,-32.3048666],[-58.2495895,-32.3048308],[-58.249585,-32.3047967],[-58.2495807,-32.3047545],[-58.2495787,-32.3047294],[-58.2495805,-32.3047027],[-58.2495796,-32.3046752],[-58.2495812,-32.3046267],[-58.2495834,-32.304592],[-58.2495865,-32.3045548],[-58.2495933,-32.3045242],[-58.2496031,-32.3044865],[-58.2496993,-32.3042631],[-58.2497114,-32.3042424],[-58.2497323,-32.3042162],[-58.2497465,-32.3041906],[-58.2497636,-32.304166],[-58.249788,-32.3041464],[-58.2498143,-32.30413],[-58.2498468,-32.3040993],[-58.2498641,-32.3040665],[-58.2499042,-32.3040133],[-58.2477886,-32.3013443],[-58.2397046,-32.2997697]]]}},{"type":"Feature","properties":{"ID":0,"NCM":"0100010190020000--","SEC":19,"GRU":2,"MANZ":0},"geometry":{"type":"Polygon","coordinates":[[[-58.2288066,-32.2975925],[-58.2281697,-32.299868],[-58.2275475,-32.3020966],[-58.2269169,-32.3043816],[-58.226609,-32.3055354],[-58.2256931,-32.3088948],[-58.2245067,-32.3133297],[-58.2284319,-32.3141348],[-58.230376,-32.3145224],[-58.2322753,-32.3148909],[-58.2334171,-32.3151068],[-58.2351631,-32.3154265],[-58.236396,-32.3110039],[-58.2368038,-32.309559],[-58.2376362,-32.3066137],[-58.2382353,-32.3043736],[-58.2388854,-32.3020367],[-58.2395378,-32.2997036],[-58.2341729,-32.2986936],[-58.2288066,-32.2975925]]]}},{"type":"Feature","properties":{"ID":0,"NCM":"0100010190020000--","SEC":19,"GRU":2,"MANZ":0},"geometry":{"type":"Polygon","coordinates":[[[-58.2328784,-32.3238979],[-58.2335774,-32.3212527],[-58.2340236,-32.3196456],[-58.2351382,-32.3155957],[-58.2300295,-32.3145606],[-58.2277034,-32.3140956],[-58.224475,-32.3134478],[-58.2231608,-32.3180591],[-58.2229067,-32.3189665],[-58.2228475,-32.3190375],[-58.2227463,-32.3190809],[-58.2225354,-32.3190613],[-58.2174253,-32.3180364],[-58.2173496,-32.3180439],[-58.2172445,-32.3181261],[-58.2166621,-32.3197648],[-58.2166624,-32.319773],[-58.2166551,-32.3198003],[-58.2166457,-32.319853],[-58.2166379,-32.3199118],[-58.2166266,-32.3199673],[-58.2166119,-32.3200096],[-58.2166063,-32.3200343],[-58.216595,-32.3200799],[-58.2165697,-32.3201393],[-58.2165545,-32.3201787],[-58.2165402,-32.3202238],[-58.2165292,-32.3202612],[-58.2165188,-32.3203049],[-58.2165075,-32.320335],[-58.2164902,-32.3203853],[-58.2164774,-32.3204326],[-58.216467,-32.3204801],[-58.2164594,-32.3205229],[-58.2164574,-32.3205471],[-58.216455,-32.3205816],[-58.2164513,-32.3206135],[-58.216446,-32.3206433],[-58.2164414,-32.3206656],[-58.2164359,-32.3207113],[-58.216435,-32.3207347],[-58.2164414,-32.3207659],[-58.21645,-32.320796],[-58.2164665,-32.3208364],[-58.2164828,-32.3208678],[-58.2164966,-32.3208914],[-58.2165137,-32.320917],[-58.2165412,-32.3209569],[-58.2165625,-32.3209822],[-58.2165878,-32.3210098],[-58.2166107,-32.3210372],[-58.2166386,-32.32108],[-58.2166687,-32.3211251],[-58.2166905,-32.3211571],[-58.2167125,-32.3211925],[-58.2167468,-32.3212433],[-58.216778,-32.321286],[-58.2167869,-32.321295],[-58.2168064,-32.3213016],[-58.2168367,-32.3213129],[-58.2168671,-32.3213237],[-58.2169277,-32.3213442],[-58.2169616,-32.3213566],[-58.2169892,-32.3213681],[-58.2170098,-32.3213829],[-58.2170338,-32.3214026],[-58.2170524,-32.3214217],[-58.2171305,-32.3215047],[-58.2171743,-32.3215389],[-58.2172038,-32.3215631],[-58.2172287,-32.3215864],[-58.2172496,-32.3216095],[-58.217268,-32.3216274],[-58.2172839,-32.3216489],[-58.2173129,-32.3216795],[-58.2173558,-32.3217217],[-58.2173956,-32.3217651],[-58.2174257,-32.3217988],[-58.2174466,-32.3218295],[-58.2174602,-32.3218525],[-58.2174793,-32.3218871],[-58.2174913,-32.3219101],[-58.2175035,-32.3219381],[-58.2175143,-32.3219728],[-58.217523,-32.3220106],[-58.21754,-32.32205],[-58.2175625,-32.32209],[-58.2175868,-32.3221296],[-58.2176049,-32.3221682],[-58.217618,-32.3222036],[-58.2176305,-32.3222438],[-58.2176404,-32.3222902],[-58.2176418,-32.3223296],[-58.2176444,-32.3223589],[-58.2176563,-32.3224043],[-58.2176604,-32.3224451],[-58.2176597,-32.3224744],[-58.2176585,-32.3225124],[-58.2176652,-32.3225694],[-58.2176695,-32.3226283],[-58.2176774,-32.3226883],[-58.2176861,-32.3227409],[-58.2176907,-32.3227769],[-58.2176929,-32.3228275],[-58.2176925,-32.3228581],[-58.2176926,-32.3228948],[-58.2176919,-32.3229373],[-58.2176924,-32.3229824],[-58.2176912,-32.3230259],[-58.2176873,-32.3230608],[-58.2176924,-32.323092],[-58.2177003,-32.3231296],[-58.2177017,-32.3231541],[-58.217706,-32.3231889],[-58.2177104,-32.3232309],[-58.2177128,-32.3232793],[-58.2177243,-32.3233367],[-58.2177386,-32.3233747],[-58.2177482,-32.3233958],[-58.217756,-32.3234262],[-58.2177676,-32.3234519],[-58.2177814,-32.3234727],[-58.2177996,-32.3235037],[-58.2178306,-32.3235169],[-58.2178755,-32.3235323],[-58.2179072,-32.323544],[-58.2179364,-32.3235539],[-58.2179711,-32.3235644],[-58.2179984,-32.3235731],[-58.2180343,-32.3235807],[-58.2180709,-32.3235852],[-58.2180999,-32.3235863],[-58.2181518,-32.3235875],[-58.2182161,-32.3235866],[-58.2182645,-32.3235828],[-58.2183273,-32.3235853],[-58.2183599,-32.3235875],[-58.2183937,-32.3235889],[-58.2184464,-32.3235959],[-58.2185051,-32.3236058],[-58.2185401,-32.3236082],[-58.2185758,-32.323607],[-58.2186125,-32.3236055],[-58.2186448,-32.3236049],[-58.218678,-32.3236039],[-58.2187082,-32.3236004],[-58.218753,-32.323601],[-58.2187809,-32.3236011],[-58.2188122,-32.3235952],[-58.218859,-32.3235893],[-58.2188889,-32.3235829],[-58.2189379,-32.3235684],[-58.2189792,-32.3235657],[-58.2190084,-32.3235701],[-58.2190448,-32.3235806],[-58.219091,-32.3235947],[-58.2191276,-32.3236119],[-58.2191531,-32.3236266],[-58.2191818,-32.3236505],[-58.2191994,-32.323672],[-58.219218,-32.3236966],[-58.2192404,-32.3237257],[-58.2192499,-32.323749],[-58.2192883,-32.3237897],[-58.2193056,-32.32381],[-58.2193204,-32.3238301],[-58.2193359,-32.3238525],[-58.2193471,-32.3238736],[-58.2193681,-32.3238984],[-58.2193961,-32.3239221],[-58.2194166,-32.3239407],[-58.2194363,-32.3239574],[-58.2194666,-32.3239851],[-58.2194829,-32.3240112],[-58.2194934,-32.324032],[-58.2194991,-32.3240618],[-58.2195068,-32.3240944],[-58.2195166,-32.3241315],[-58.2195339,-32.3242017],[-58.2195401,-32.324236],[-58.2195471,-32.324259],[-58.2195567,-32.3242818],[-58.2195668,-32.3243239],[-58.2195797,-32.3243576],[-58.2196017,-32.3243877],[-58.21962,-32.3244055],[-58.2196392,-32.324427],[-58.2196406,-32.3244516],[-58.219642,-32.3244838],[-58.2196459,-32.3245212],[-58.2196546,-32.3245535],[-58.2196633,-32.3245782],[-58.2196729,-32.324601],[-58.2196976,-32.3246248],[-58.2197181,-32.3246396],[-58.2197383,-32.3246569],[-58.2197665,-32.324684],[-58.2197828,-32.3247046],[-58.2197979,-32.3247428],[-58.2198203,-32.3248107],[-58.2198258,-32.3248372],[-58.2198355,-32.3248802],[-58.2198401,-32.3249069],[-58.2198442,-32.3249329],[-58.2198527,-32.3249542],[-58.2198671,-32.3249736],[-58.2198883,-32.3249979],[-58.2199243,-32.3250296],[-58.2199549,-32.3250493],[-58.219978,-32.3250638],[-58.2199997,-32.3250778],[-58.2200463,-32.3251003],[-58.2200754,-32.3251123],[-58.2201013,-32.325126],[-58.2201358,-32.3251425],[-58.2201613,-32.3251572],[-58.2201786,-32.3251847],[-58.2202039,-32.3252239],[-58.2202233,-32.3252559],[-58.2202445,-32.325284],[-58.2202609,-32.3253062],[-58.2202676,-32.3253307],[-58.2202954,-32.3253468],[-58.2203194,-32.3253594],[-58.2203463,-32.3253707],[-58.2203854,-32.3253898],[-58.2204227,-32.3254093],[-58.2204596,-32.325426],[-58.2204965,-32.3254482],[-58.2205299,-32.3254763],[-58.2205664,-32.3255105],[-58.2206031,-32.3255462],[-58.2206389,-32.3255746],[-58.2206682,-32.3255955],[-58.2206912,-32.3256138],[-58.2207088,-32.3256314],[-58.2207253,-32.3256515],[-58.220743,-32.3256708],[-58.2207586,-32.3256912],[-58.2207802,-32.3257183],[-58.2208071,-32.3257483],[-58.220835,-32.3257725],[-58.2208587,-32.325791],[-58.220891,-32.3258106],[-58.2209322,-32.3258342],[-58.2209821,-32.3258566],[-58.2210166,-32.3258714],[-58.2210424,-32.3258835],[-58.2210688,-32.3258941],[-58.2211042,-32.3259087],[-58.2211421,-32.3259284],[-58.2211755,-32.3259495],[-58.2212,-32.3259699],[-58.2212353,-32.3260031],[-58.2212661,-32.3260299],[-58.2212882,-32.3260484],[-58.2213234,-32.3260744],[-58.221365,-32.3260992],[-58.2214168,-32.3261321],[-58.2214505,-32.3261577],[-58.221473,-32.3261829],[-58.2214866,-32.3262059],[-58.2215076,-32.32624],[-58.221529,-32.3262676],[-58.2215637,-32.3262984],[-58.2215885,-32.3263184],[-58.2216113,-32.326341],[-58.2216394,-32.3263625],[-58.2216998,-32.3263873],[-58.2217659,-32.3264083],[-58.2218244,-32.3264281],[-58.2219069,-32.3264544],[-58.2219591,-32.3264699],[-58.2220375,-32.3264927],[-58.222107,-32.3265154],[-58.2221568,-32.3265307],[-58.2221967,-32.3265423],[-58.2222388,-32.3265563],[-58.2222758,-32.3265747],[-58.2223008,-32.3265886],[-58.2223314,-32.3266121],[-58.2223626,-32.3266582],[-58.2224024,-32.3267147],[-58.2224409,-32.3267758],[-58.2224646,-32.3268206],[-58.2224805,-32.3268531],[-58.2224906,-32.3268859],[-58.2225,-32.3269184],[-58.2225111,-32.326962],[-58.2225314,-32.3270161],[-58.222557,-32.3270824],[-58.2225843,-32.3271596],[-58.2226138,-32.3272374],[-58.2226362,-32.3273092],[-58.2226547,-32.3273655],[-58.2226672,-32.3274079],[-58.2226728,-32.327436],[-58.2226751,-32.3274641],[-58.2226789,-32.3274998],[-58.2226783,-32.3275457],[-58.2226765,-32.3275944],[-58.2226736,-32.3276379],[-58.2226676,-32.3276738],[-58.2226573,-32.3277083],[-58.2226516,-32.327747],[-58.2226499,-32.3278029],[-58.2226516,-32.3278676],[-58.2226521,-32.3279258],[-58.2226492,-32.3279676],[-58.2226443,-32.3280028],[-58.2226343,-32.3280401],[-58.2226217,-32.3280761],[-58.222595,-32.3281366],[-58.2225798,-32.3281745],[-58.222562,-32.3282204],[-58.2225447,-32.3282707],[-58.2225347,-32.3283229],[-58.222528,-32.3283679],[-58.2225172,-32.3284275],[-58.2225184,-32.3284563],[-58.2225253,-32.3284925],[-58.2225396,-32.3285343],[-58.2225557,-32.3285685],[-58.2225675,-32.3285898],[-58.2225814,-32.3286178],[-58.2225976,-32.3286405],[-58.2226083,-32.3286625],[-58.2226227,-32.3286857],[-58.222635,-32.3287061],[-58.2226567,-32.3287404],[-58.2226676,-32.328762],[-58.2226838,-32.3287847],[-58.2226973,-32.328806],[-58.2227187,-32.3288319],[-58.222744,-32.3288581],[-58.2227698,-32.3288811],[-58.2227918,-32.3289018],[-58.2228142,-32.3289199],[-58.2228672,-32.3289741],[-58.2228956,-32.328999],[-58.2229133,-32.32902],[-58.2229341,-32.3290398],[-58.2229631,-32.3290649],[-58.223024,-32.3291144],[-58.2230455,-32.3291306],[-58.2230678,-32.329147],[-58.2231002,-32.3291645],[-58.2231327,-32.3291836],[-58.2231737,-32.3292115],[-58.2232086,-32.3292401],[-58.2232279,-32.3292556],[-58.22326,-32.3292795],[-58.2232843,-32.3293004],[-58.223314,-32.3293186],[-58.2233492,-32.3293446],[-58.2233824,-32.3293678],[-58.2234244,-32.3293987],[-58.2234636,-32.3294233],[-58.2234874,-32.329438],[-58.2235104,-32.3294546],[-58.2235351,-32.3294729],[-58.2235668,-32.3294901],[-58.2236033,-32.3295094],[-58.2236709,-32.3295365],[-58.2237129,-32.3295581],[-58.2237516,-32.3295764],[-58.2237766,-32.3295866],[-58.223809,-32.3295985],[-58.2238517,-32.3296149],[-58.2238973,-32.329636],[-58.223935,-32.3296546],[-58.2239728,-32.329671],[-58.2239992,-32.3296816],[-58.2240248,-32.3296925],[-58.2240611,-32.3297123],[-58.2241068,-32.3297422],[-58.2241553,-32.3297735],[-58.2242054,-32.329801],[-58.2242341,-32.3298178],[-58.2242787,-32.3298447],[-58.2243252,-32.3298693],[-58.2243612,-32.3298879],[-58.2243867,-32.3299026],[-58.2244257,-32.3299293],[-58.2244659,-32.3299553],[-58.2244948,-32.3299732],[-58.2245292,-32.329988],[-58.2245605,-32.3300007],[-58.2246025,-32.3300059],[-58.2246877,-32.330004],[-58.224779,-32.3300014],[-58.224851,-32.329998],[-58.2249023,-32.3299968],[-58.2249466,-32.3299967],[-58.2249897,-32.3299994],[-58.2250211,-32.3300007],[-58.2250508,-32.3300003],[-58.2250796,-32.3300018],[-58.2251121,-32.3300061],[-58.2251463,-32.3300066],[-58.225191,-32.3300038],[-58.2252437,-32.3300069],[-58.2252736,-32.3300022],[-58.2253052,-32.3299977],[-58.2253494,-32.3300143],[-58.2253667,-32.3300215],[-58.2253802,-32.330028],[-58.2253954,-32.3300345],[-58.2254277,-32.3300448],[-58.2254419,-32.3300498],[-58.2254558,-32.3300554],[-58.2254655,-32.3300612],[-58.2254768,-32.3300692],[-58.2254923,-32.3300823],[-58.2255059,-32.330096],[-58.225516,-32.3301102],[-58.2255257,-32.3301253],[-58.2255316,-32.3301398],[-58.2255389,-32.3301585],[-58.2255458,-32.3301837],[-58.2255553,-32.3302197],[-58.225562,-32.3302547],[-58.2255685,-32.3302918],[-58.2255753,-32.3303246],[-58.2255849,-32.3303584],[-58.225591,-32.3303872],[-58.2255967,-32.330417],[-58.2256014,-32.3304453],[-58.225607,-32.3304734],[-58.2256136,-32.3305012],[-58.2256265,-32.3305591],[-58.2256329,-32.3305836],[-58.2256393,-32.3306042],[-58.2256457,-32.3306233],[-58.2256513,-32.330642],[-58.2256577,-32.330661],[-58.2256618,-32.3306684],[-58.2256683,-32.3306814],[-58.2256787,-32.3306968],[-58.2256891,-32.3307105],[-58.2257003,-32.330724],[-58.2257152,-32.3307385],[-58.225731,-32.3307491],[-58.2257476,-32.330756],[-58.2257636,-32.3307606],[-58.225801,-32.3307725],[-58.2258437,-32.3307872],[-58.2258688,-32.3307952],[-58.225892,-32.330802],[-58.22591,-32.3308077],[-58.2259224,-32.3308111],[-58.2259524,-32.3308174],[-58.2259617,-32.3308187],[-58.2259741,-32.3308185],[-58.225979,-32.3308259],[-58.2259869,-32.3308246],[-58.2259934,-32.3308228],[-58.2260076,-32.3308186],[-58.2260143,-32.3308163],[-58.2260206,-32.3308134],[-58.2260294,-32.3308102],[-58.2260385,-32.3308081],[-58.2260562,-32.330805],[-58.2260804,-32.3308023],[-58.2261356,-32.3307942],[-58.2261521,-32.3307939],[-58.2261591,-32.3307929],[-58.2261827,-32.330784],[-58.2262098,-32.3307745],[-58.2262369,-32.3307596],[-58.2262597,-32.3307378],[-58.2262762,-32.330719],[-58.2262916,-32.330697],[-58.2263015,-32.3306766],[-58.2263437,-32.330581],[-58.2263502,-32.3305645],[-58.226354,-32.3305503],[-58.226356,-32.3305274],[-58.2263551,-32.330509],[-58.2263545,-32.330488],[-58.2263514,-32.3304542],[-58.2263519,-32.3304291],[-58.2263485,-32.3304034],[-58.2263477,-32.3303735],[-58.2263462,-32.3303473],[-58.2263458,-32.3303187],[-58.2263477,-32.3302864],[-58.2263491,-32.3302573],[-58.2263517,-32.3302274],[-58.2263514,-32.3301966],[-58.2263504,-32.3301673],[-58.226348,-32.3301227],[-58.2263461,-32.3301084],[-58.226344,-32.3300891],[-58.226339,-32.3300634],[-58.2263348,-32.3300357],[-58.2263351,-32.3300073],[-58.226336,-32.3299791],[-58.2263388,-32.3299378],[-58.2263444,-32.3299139],[-58.2263502,-32.3298878],[-58.2263579,-32.3298518],[-58.2263659,-32.3298171],[-58.2263702,-32.3297851],[-58.2263765,-32.3297559],[-58.2263823,-32.3297281],[-58.2263892,-32.3297013],[-58.2263972,-32.3296775],[-58.2264055,-32.3296588],[-58.2264124,-32.3296413],[-58.2264197,-32.3296211],[-58.2264234,-32.3295998],[-58.2264294,-32.3295788],[-58.2264381,-32.3295574],[-58.2264504,-32.3295295],[-58.2264641,-32.3295021],[-58.2264769,-32.3294843],[-58.2264868,-32.3294749],[-58.2264966,-32.3294676],[-58.226514,-32.3294523],[-58.2265361,-32.3294264],[-58.226557,-32.3293958],[-58.2265781,-32.3293703],[-58.2266083,-32.329341],[-58.2266267,-32.3293216],[-58.2266468,-32.3293039],[-58.2266696,-32.3292876],[-58.2267051,-32.3292666],[-58.2267384,-32.3292449],[-58.2267665,-32.3292259],[-58.2267925,-32.3292041],[-58.2268285,-32.3291728],[-58.2268662,-32.3291393],[-58.2269031,-32.3291116],[-58.2269329,-32.3290904],[-58.2269628,-32.3290709],[-58.2270491,-32.3290036],[-58.2270787,-32.3289813],[-58.2271094,-32.3289598],[-58.2271409,-32.3289386],[-58.2271648,-32.3289199],[-58.2271821,-32.3289068],[-58.2271973,-32.3288963],[-58.2272143,-32.3288858],[-58.2272381,-32.3288726],[-58.2272756,-32.328849],[-58.2273168,-32.3288281],[-58.2273623,-32.3288086],[-58.2274188,-32.3287883],[-58.2274742,-32.3287594],[-58.2275232,-32.3287301],[-58.2275692,-32.3287003],[-58.2276125,-32.3286653],[-58.2276535,-32.3286318],[-58.2276953,-32.3285947],[-58.2277329,-32.3285634],[-58.2277586,-32.3285387],[-58.2277755,-32.3285244],[-58.2277872,-32.3285128],[-58.2277963,-32.3285053],[-58.227818,-32.3284859],[-58.2278367,-32.3284732],[-58.2278721,-32.3284451],[-58.2279148,-32.3284077],[-58.2279556,-32.3283692],[-58.2279819,-32.3283337],[-58.2279944,-32.328319],[-58.2280123,-32.3283002],[-58.2280166,-32.328296],[-58.228027,-32.3282873],[-58.2280378,-32.3282798],[-58.2280427,-32.3282759],[-58.2280507,-32.3282691],[-58.2280533,-32.328265],[-58.228057,-32.3282585],[-58.2280769,-32.3282133],[-58.2280795,-32.3281983],[-58.2280742,-32.3281621],[-58.2280653,-32.3281192],[-58.2280574,-32.3280888],[-58.2280529,-32.3280693],[-58.2280486,-32.3280569],[-58.2280423,-32.3280451],[-58.2280345,-32.3280294],[-58.2280233,-32.3280121],[-58.2280135,-32.3279953],[-58.2280035,-32.327979],[-58.2279965,-32.3279652],[-58.2279904,-32.3279512],[-58.2279837,-32.3279404],[-58.2279744,-32.3279226],[-58.2279572,-32.3278892],[-58.2279398,-32.3278672],[-58.2279132,-32.3278423],[-58.2278402,-32.3277664],[-58.2278438,-32.3277624],[-58.22784,-32.3277592],[-58.2278232,-32.3277418],[-58.2277966,-32.3277202],[-58.227767,-32.327702],[-58.2277357,-32.3276838],[-58.2276984,-32.3276626],[-58.2276145,-32.3276244],[-58.2275792,-32.3276115],[-58.2275253,-32.3275888],[-58.2275016,-32.3275758],[-58.227478,-32.3275606],[-58.2274557,-32.3275404],[-58.2274342,-32.3275187],[-58.2274119,-32.3274968],[-58.2273922,-32.3274746],[-58.2273588,-32.3274426],[-58.2273174,-32.3274048],[-58.2272864,-32.3273691],[-58.22726,-32.3273344],[-58.2272445,-32.327312],[-58.2272293,-32.3272852],[-58.2272133,-32.3272582],[-58.2272026,-32.3272268],[-58.2271897,-32.3271948],[-58.2271775,-32.3271668],[-58.2271649,-32.3271398],[-58.2271548,-32.3271124],[-58.2271487,-32.3270727],[-58.2271438,-32.32703],[-58.2271339,-32.3270022],[-58.2271251,-32.3269758],[-58.2271098,-32.3269381],[-58.2270924,-32.3269106],[-58.2270696,-32.3268771],[-58.2270536,-32.3268446],[-58.2270454,-32.326802],[-58.2270358,-32.3267699],[-58.227022,-32.3266992],[-58.2270252,-32.3266678],[-58.2270295,-32.3266396],[-58.2270308,-32.3265995],[-58.2270389,-32.3265774],[-58.2270929,-32.3264554],[-58.2271096,-32.3264323],[-58.2271346,-32.3264036],[-58.2271578,-32.3263715],[-58.2271766,-32.3263364],[-58.227204,-32.3262744],[-58.2272178,-32.3262487],[-58.2272353,-32.3262203],[-58.2272521,-32.3261917],[-58.2272772,-32.3261476],[-58.2272978,-32.3261197],[-58.2273173,-32.3260979],[-58.227347,-32.3260658],[-58.2273663,-32.32605],[-58.2273871,-32.3260325],[-58.2274098,-32.326009],[-58.2274379,-32.3259807],[-58.2274619,-32.3259561],[-58.2274834,-32.3259388],[-58.2275084,-32.3259194],[-58.2275378,-32.3258975],[-58.2275843,-32.325857],[-58.2276061,-32.3258393],[-58.2276298,-32.3258227],[-58.2276804,-32.3257917],[-58.2277213,-32.3257565],[-58.2277645,-32.3257089],[-58.2277747,-32.3256908],[-58.2278639,-32.3255893],[-58.2283795,-32.3253876],[-58.228515,-32.325035],[-58.2287344,-32.324876],[-58.2287632,-32.3244813],[-58.228917,-32.3244485],[-58.2290785,-32.3244969],[-58.2292979,-32.3244707],[-58.2295225,-32.3243452],[-58.2325369,-32.3251899],[-58.2328784,-32.3238979]]]}},{"type":"Feature","properties":{"ID":0,"NCM":"0100010190020000--","SEC":19,"GRU":2,"MANZ":0},"geometry":{"type":"Polygon","coordinates":[[[-58.2358994,-32.313336],[-58.2350991,-32.3161904],[-58.2346317,-32.317889],[-58.2341481,-32.3196621],[-58.2330577,-32.3236071],[-58.2330607,-32.3236299],[-58.2330689,-32.323678],[-58.233082,-32.3237151],[-58.2330916,-32.3237527],[-58.2331026,-32.3237797],[-58.2331329,-32.3237965],[-58.2331825,-32.3238123],[-58.2333723,-32.3238371],[-58.2337149,-32.3238219],[-58.2339769,-32.3238391],[-58.2341338,-32.3238519],[-58.2342709,-32.3238489],[-58.2344249,-32.3238618],[-58.2345012,-32.3239026],[-58.2345001,-32.3239291],[-58.2344981,-32.3239596],[-58.2344968,-32.3239828],[-58.2344971,-32.3240129],[-58.2345307,-32.32401],[-58.2345585,-32.3240101],[-58.2345881,-32.3240119],[-58.2346245,-32.3240147],[-58.2346618,-32.3240211],[-58.2346885,-32.3240274],[-58.2347222,-32.3240365],[-58.2347476,-32.3240441],[-58.2347866,-32.3240521],[-58.2348282,-32.3240637],[-58.2348701,-32.3240765],[-58.234908,-32.3240815],[-58.2349441,-32.3240908],[-58.2349777,-32.3240982],[-58.2350065,-32.3241035],[-58.2350369,-32.324105],[-58.2350742,-32.3241059],[-58.2351217,-32.3241024],[-58.2351648,-32.3240975],[-58.2351948,-32.3240945],[-58.2352319,-32.3240904],[-58.2352606,-32.3240902],[-58.2353073,-32.3240903],[-58.2353418,-32.3240882],[-58.2353789,-32.3240841],[-58.2354066,-32.3240787],[-58.2354542,-32.324073],[-58.2355056,-32.3240642],[-58.2355393,-32.3240623],[-58.2355735,-32.324059],[-58.2356238,-32.3240602],[-58.2356621,-32.3240642],[-58.2356922,-32.3240612],[-58.235722,-32.3240548],[-58.2357609,-32.3240392],[-58.2358019,-32.3240243],[-58.2358375,-32.3240012],[-58.2358637,-32.3239827],[-58.2358868,-32.3239637],[-58.2359066,-32.3239432],[-58.2359216,-32.3239239],[-58.2359461,-32.3238944],[-58.2359769,-32.3238768],[-58.2359962,-32.3238572],[-58.2360152,-32.3238364],[-58.2360888,-32.3237755],[-58.2361183,-32.3237514],[-58.2361431,-32.3237342],[-58.2361638,-32.3237133],[-58.2361866,-32.3236877],[-58.2361979,-32.3236639],[-58.2362111,-32.3236342],[-58.2362294,-32.3235907],[-58.2362469,-32.323542],[-58.2362615,-32.3235034],[-58.2362738,-32.3234717],[-58.2362844,-32.323446],[-58.2362989,-32.323415],[-58.2363174,-32.3233694],[-58.2363324,-32.3233298],[-58.2363399,-32.3233037],[-58.2363451,-32.3232752],[-58.2363489,-32.323248],[-58.2363534,-32.3232231],[-58.2363629,-32.3231905],[-58.2363677,-32.3231553],[-58.2363722,-32.3231063],[-58.236375,-32.3230481],[-58.2363771,-32.322995],[-58.2363845,-32.3229579],[-58.2363891,-32.3229085],[-58.2363907,-32.3228788],[-58.2363969,-32.3228353],[-58.2364058,-32.322791],[-58.236414,-32.322752],[-58.236418,-32.3227188],[-58.2364272,-32.3226461],[-58.2364378,-32.3226221],[-58.2364555,-32.3225839],[-58.2364731,-32.3225581],[-58.2364702,-32.3225562],[-58.2364827,-32.3225279],[-58.2365092,-32.3224717],[-58.2365282,-32.3224323],[-58.236683,-32.3220821],[-58.2367013,-32.3220239],[-58.2367073,-32.321988],[-58.236712,-32.3219571],[-58.2367209,-32.3219279],[-58.2367192,-32.3219222],[-58.2367104,-32.3218958],[-58.2367081,-32.3218584],[-58.2367109,-32.3218335],[-58.2367176,-32.3218033],[-58.2367276,-32.3217807],[-58.2367359,-32.3217582],[-58.2367442,-32.321734],[-58.2367494,-32.321711],[-58.2367545,-32.3216754],[-58.2367596,-32.3216435],[-58.2367869,-32.3215816],[-58.2368041,-32.3215558],[-58.2368332,-32.3215196],[-58.2368516,-32.3214909],[-58.2368727,-32.3214708],[-58.2369006,-32.3214485],[-58.2369225,-32.3214286],[-58.2369497,-32.3214099],[-58.2369693,-32.3213931],[-58.2369829,-32.3213717],[-58.236983,-32.3213681],[-58.2369909,-32.3213586],[-58.2370087,-32.3213396],[-58.2370275,-32.3213182],[-58.2370572,-32.3212866],[-58.237076,-32.3212652],[-58.237092,-32.321243],[-58.2371041,-32.3212222],[-58.2371271,-32.3211913],[-58.2371431,-32.321169],[-58.2371668,-32.3211437],[-58.2371859,-32.3211142],[-58.2372089,-32.3210832],[-58.237228,-32.3210538],[-58.2372847,-32.3210115],[-58.2373257,-32.3209834],[-58.2373435,-32.3209644],[-58.2373711,-32.3209376],[-58.2373966,-32.3209155],[-58.2374116,-32.3208957],[-58.2374294,-32.3208767],[-58.23745,-32.3208586],[-58.2374727,-32.3208357],[-58.2375024,-32.3208041],[-58.2375348,-32.3207733],[-58.2375547,-32.3207495],[-58.2375735,-32.3207282],[-58.2376151,-32.3206839],[-58.2376527,-32.3206411],[-58.2376772,-32.3206215],[-58.2376961,-32.3206001],[-58.2377494,-32.3205432],[-58.2377783,-32.3205059],[-58.2378062,-32.320471],[-58.2378299,-32.3204456],[-58.2378583,-32.3204245],[-58.2378725,-32.320399],[-58.2378849,-32.3203701],[-58.2379294,-32.3202669],[-58.237939,-32.3202372],[-58.2379553,-32.3202068],[-58.2379685,-32.3201837],[-58.2380752,-32.3200698],[-58.2381021,-32.3200373],[-58.2381258,-32.320012],[-58.2381477,-32.3199834],[-58.2381655,-32.3199644],[-58.2381882,-32.3199415],[-58.2382158,-32.3199147],[-58.2382364,-32.3198966],[-58.2382591,-32.3198737],[-58.2382847,-32.3198517],[-58.2383169,-32.319829],[-58.2383509,-32.3198096],[-58.2384498,-32.3197587],[-58.2384905,-32.3197386],[-58.238534,-32.3197195],[-58.2385611,-32.3197088],[-58.2385871,-32.3197006],[-58.2386141,-32.3196899],[-58.2386507,-32.3196795],[-58.2386823,-32.319673],[-58.2387518,-32.3196456],[-58.238781,-32.3196301],[-58.2388129,-32.3196155],[-58.2388477,-32.3196018],[-58.2388835,-32.3195857],[-58.238926,-32.3195689],[-58.2389636,-32.3195561],[-58.2389983,-32.3195424],[-58.2390243,-32.3195341],[-58.2390563,-32.3195196],[-58.2391335,-32.3194891],[-58.2391595,-32.3194808],[-58.2391837,-32.3194693],[-58.2392803,-32.3194312],[-58.23932,-32.3194136],[-58.2393859,-32.3193796],[-58.2394171,-32.3193593],[-58.2394503,-32.3193343],[-58.2394874,-32.3193077],[-58.2395264,-32.3192844],[-58.2395663,-32.3192586],[-58.2396031,-32.3192401],[-58.239642,-32.3192168],[-58.2396753,-32.3191918],[-58.2397029,-32.3191649],[-58.2397325,-32.3191333],[-58.2397609,-32.3191121],[-58.239791,-32.3190943],[-58.2398186,-32.3190674],[-58.2398444,-32.3190373],[-58.2398594,-32.3190175],[-58.2398736,-32.3189919],[-58.2398868,-32.3189688],[-58.2399079,-32.3189345],[-58.2399281,-32.3189027],[-58.2399521,-32.3188693],[-58.2399691,-32.3188446],[-58.2399918,-32.3188217],[-58.2400215,-32.3187901],[-58.2400375,-32.3187678],[-58.2400702,-32.318729],[-58.2401527,-32.3185749],[-58.2401769,-32.3185334],[-58.2401873,-32.3185094],[-58.2402036,-32.3184791],[-58.2402429,-32.3183878],[-58.2402561,-32.3183647],[-58.2402731,-32.31834],[-58.240295,-32.3183114],[-58.2403072,-32.3182907],[-58.2403245,-32.3182579],[-58.240401,-32.3180802],[-58.2404163,-32.3180523],[-58.2404284,-32.3180315],[-58.2404501,-32.3179811],[-58.2404644,-32.3179556],[-58.2404737,-32.3179339],[-58.2404868,-32.3179108],[-58.2405028,-32.3178885],[-58.2405178,-32.3178687],[-58.2405356,-32.3178497],[-58.2405655,-32.31781],[-58.2405826,-32.3177853],[-58.2406172,-32.3177199],[-58.2406384,-32.3176856],[-58.2406613,-32.3176546],[-58.2406784,-32.3176299],[-58.2407279,-32.3175745],[-58.2407478,-32.3175507],[-58.2407854,-32.317508],[-58.2408032,-32.317489],[-58.240829,-32.3174589],[-58.2408422,-32.3174358],[-58.2408592,-32.3174111],[-58.2408742,-32.3173912],[-58.2408982,-32.3173578],[-58.2409152,-32.3173332],[-58.2409256,-32.3173092],[-58.2409429,-32.3172764],[-58.2409553,-32.3172476],[-58.240967,-32.3172131],[-58.2409765,-32.3171834],[-58.2409833,-32.3171528],[-58.2410077,-32.3170814],[-58.2410116,-32.31705],[-58.2410176,-32.3170137],[-58.2410207,-32.3169766],[-58.2410229,-32.3169418],[-58.2410237,-32.3169176],[-58.2410266,-32.3168885],[-58.2410331,-32.316866],[-58.2410339,-32.3168418],[-58.2410378,-32.3168103],[-58.2410387,-32.3167861],[-58.2410408,-32.3167514],[-58.2410388,-32.3167262],[-58.2410417,-32.3166972],[-58.2410498,-32.3166561],[-58.2410537,-32.3166247],[-58.2410551,-32.3165842],[-58.2410526,-32.3165453],[-58.2410478,-32.3165193],[-58.2410422,-32.3164876],[-58.2410402,-32.3164625],[-58.2410392,-32.316435],[-58.2410424,-32.3163979],[-58.2410458,-32.3163526],[-58.2410487,-32.3163236],[-58.2410447,-32.3162733],[-58.241043,-32.3162401],[-58.2410518,-32.3162047],[-58.2410578,-32.3161685],[-58.2410684,-32.3161364],[-58.2410811,-32.3160995],[-58.2411597,-32.3159169],[-58.2411858,-32.3158788],[-58.241198,-32.315858],[-58.2412341,-32.3158039],[-58.2412511,-32.3157792],[-58.2412661,-32.3157594],[-58.2412981,-32.3157149],[-58.2413131,-32.315695],[-58.2413262,-32.3156719],[-58.2413412,-32.315652],[-58.2413642,-32.315621],[-58.2413938,-32.3155894],[-58.2414173,-32.3155722],[-58.2414397,-32.3155573],[-58.2414719,-32.3155347],[-58.2414972,-32.3155207],[-58.2415245,-32.315502],[-58.2415469,-32.3154872],[-58.2415819,-32.3154654],[-58.2416043,-32.3154506],[-58.2416345,-32.3154327],[-58.2416706,-32.3154085],[-58.2417154,-32.3153789],[-58.2417504,-32.3153571],[-58.2417834,-32.3153401],[-58.2418107,-32.3153213],[-58.2418383,-32.3152945],[-58.2418744,-32.3152703],[-58.2419269,-32.3152376],[-58.2419571,-32.3152198],[-58.2419844,-32.315201],[-58.2420653,-32.3151472],[-58.2420926,-32.3151284],[-58.2421217,-32.315113],[-58.242148,-32.3150966],[-58.2421676,-32.3150809],[-58.2421928,-32.315067],[-58.2422153,-32.3150522],[-58.2422678,-32.3150195],[-58.2423039,-32.3149953],[-58.2423389,-32.3149735],[-58.242376,-32.3149469],[-58.2424013,-32.3149329],[-58.2424525,-32.3149107],[-58.2424991,-32.3148844],[-58.2425409,-32.3148619],[-58.2425682,-32.3148432],[-58.2425963,-32.3148301],[-58.2426303,-32.3148107],[-58.2426787,-32.3147877],[-58.2427173,-32.3147724],[-58.2427541,-32.3147539],[-58.2427822,-32.3147409],[-58.2428188,-32.3147304],[-58.2428497,-32.3147182],[-58.2428716,-32.3147105],[-58.2358994,-32.313336]]]}},{"type":"Feature","properties":{"ID":0,"NCM":"0100010090020000--","SEC":9,"GRU":2,"MANZ":0},"geometry":{"type":"Polygon","coordinates":[[[-58.2382505,-32.2633175],[-58.2381229,-32.2633405],[-58.2371943,-32.2657331],[-58.2392118,-32.2664373],[-58.238716,-32.2644237],[-58.2385351,-32.264455],[-58.2382505,-32.2633175]]]}},{"type":"Feature","properties":{"ID":0,"NCM":"0100010090020000--","SEC":9,"GRU":2,"MANZ":0},"geometry":{"type":"Polygon","coordinates":[[[-58.2391924,-32.2624771],[-58.2406059,-32.2668956],[-58.2424477,-32.2675179],[-58.2440968,-32.2634146],[-58.2402215,-32.2621346],[-58.2391225,-32.2617738],[-58.2391924,-32.2624771]]]}},{"type":"Feature","properties":{"ID":0,"NCM":"0100010090030000--","SEC":9,"GRU":3,"MANZ":0},"geometry":{"type":"Polygon","coordinates":[[[-58.2407942,-32.2570121],[-58.2398374,-32.2592383],[-58.2393844,-32.2603735],[-58.239065,-32.261246],[-58.2391274,-32.2615853],[-58.2441681,-32.2632488],[-58.2459242,-32.2587003],[-58.2407942,-32.2570121]]]}},{"type":"Feature","properties":{"ID":0,"NCM":"0100010140230000--","SEC":14,"GRU":23,"MANZ":0},"geometry":{"type":"Polygon","coordinates":[[[-58.2238249,-32.2728793],[-58.2253608,-32.2732365],[-58.2252757,-32.2734971],[-58.2318394,-32.2750232],[-58.2311996,-32.2770531],[-58.2340579,-32.2777502],[-58.236201,-32.2700408],[-58.23599,-32.2686262],[-58.2370961,-32.2658051],[-58.2341247,-32.2648537],[-58.2326712,-32.2643645],[-58.2316393,-32.2640082],[-58.2299862,-32.2679558],[-58.2298464,-32.2679402],[-58.2270432,-32.267603],[-58.2262338,-32.2700319],[-58.2249511,-32.2697163],[-58.2238249,-32.2728793]]]}},{"type":"Feature","properties":{"ID":0,"NCM":"0100010090240000--","SEC":9,"GRU":24,"MANZ":0},"geometry":{"type":"Polygon","coordinates":[[[-58.2377319,-32.2613206],[-58.2351972,-32.2604714],[-58.235151,-32.2605922],[-58.2350627,-32.2606082],[-58.2347864,-32.2605258],[-58.2347329,-32.2603194],[-58.2332715,-32.2598407],[-58.2316782,-32.2639367],[-58.237148,-32.2656742],[-58.2382231,-32.2629016],[-58.2379247,-32.261595],[-58.2377319,-32.2613206]]]}},{"type":"Feature","properties":{"ID":0,"NCM":"0100010090250000--","SEC":9,"GRU":25,"MANZ":0},"geometry":{"type":"Polygon","coordinates":[[[-58.2376995,-32.256041],[-58.238351,-32.2583105],[-58.2389648,-32.2608234],[-58.2389818,-32.2608319],[-58.2390002,-32.2608342],[-58.2390575,-32.2608025],[-58.239116,-32.2607712],[-58.2399208,-32.2588381],[-58.2407148,-32.2569836],[-58.2376995,-32.256041]]]}},{"type":"Feature","properties":{"ID":0,"NCM":"0100010090250000--","SEC":9,"GRU":25,"MANZ":0},"geometry":{"type":"Polygon","coordinates":[[[-58.2354296,-32.2594197],[-58.2355158,-32.2594449],[-58.2357401,-32.2597089],[-58.2368875,-32.2600874],[-58.2372501,-32.2599515],[-58.2374122,-32.259763],[-58.2376591,-32.2598441],[-58.237659,-32.2598417],[-58.2365989,-32.2556446],[-58.2350784,-32.2551068],[-58.2335784,-32.258993],[-58.2353629,-32.2595845],[-58.2354296,-32.2594197]]]}},{"type":"Feature","properties":{"ID":0,"NCM":"0100010090260000--","SEC":9,"GRU":26,"MANZ":0},"geometry":{"type":"Polygon","coordinates":[[[-58.2362593,-32.2523506],[-58.2351416,-32.2550132],[-58.2365786,-32.2554741],[-58.2364365,-32.2541725],[-58.2362593,-32.2523506]]]}},{"type":"Feature","properties":{"ID":0,"NCM":"0100010090260000--","SEC":9,"GRU":26,"MANZ":0},"geometry":{"type":"Polygon","coordinates":[[[-58.2378857,-32.2505883],[-58.2375159,-32.2514225],[-58.2376906,-32.2558257],[-58.2406709,-32.2567573],[-58.2424865,-32.2520598],[-58.2378857,-32.2505883]]]}},{"type":"Feature","properties":{"ID":0,"NCM":"0100010090270000--","SEC":9,"GRU":27,"MANZ":0},"geometry":{"type":"Polygon","coordinates":[[[-58.2443507,-32.2472752],[-58.2390563,-32.2456041],[-58.2380897,-32.2479114],[-58.2374273,-32.2495501],[-58.2380246,-32.2505113],[-58.2425292,-32.2519528],[-58.2434759,-32.2495717],[-58.2443507,-32.2472752]]]}},{"type":"Feature","properties":{"ID":0,"NCM":"0100010030280000--","SEC":3,"GRU":28,"MANZ":0},"geometry":{"type":"Polygon","coordinates":[[[-58.2408977,-32.2414537],[-58.239096,-32.2455091],[-58.2443898,-32.247175],[-58.2459856,-32.243079],[-58.2408977,-32.2414537]]]}},{"type":"Feature","properties":{"ID":0,"NCM":"0100010030290000--","SEC":3,"GRU":29,"MANZ":0},"geometry":{"type":"Polygon","coordinates":[[[-58.2427497,-32.2368864],[-58.2409473,-32.241342],[-58.2460506,-32.2429705],[-58.2479028,-32.238562],[-58.2427497,-32.2368864]]]}},{"type":"Feature","properties":{"ID":0,"NCM":"0100010090460000--","SEC":9,"GRU":46,"MANZ":0},"geometry":{"type":"Polygon","coordinates":[[[-58.2274168,-32.2578916],[-58.2255736,-32.2619816],[-58.2314979,-32.2638755],[-58.2331663,-32.2597972],[-58.2274168,-32.2578916]]]}},{"type":"Feature","properties":{"ID":0,"NCM":"0100010090470000--","SEC":9,"GRU":47,"MANZ":0},"geometry":{"type":"Polygon","coordinates":[[[-58.229567,-32.2533432],[-58.2278883,-32.2571044],[-58.2334587,-32.2589489],[-58.2349572,-32.2550628],[-58.2349714,-32.255026],[-58.229567,-32.2533432]]]}},{"type":"Feature","properties":{"ID":0,"NCM":"0100010090480000--","SEC":9,"GRU":48,"MANZ":0},"geometry":{"type":"Polygon","coordinates":[[[-58.2341716,-32.2493771],[-58.2315592,-32.2485628],[-58.2294935,-32.2531823],[-58.2321458,-32.2540649],[-58.2341716,-32.2493771]]]}},{"type":"Feature","properties":{"ID":0,"NCM":null,"SEC":0,"GRU":0,"MANZ":0},"geometry":{"type":"Polygon","coordinates":[[[-58.2365706,-32.2448009],[-58.2366196,-32.2451274],[-58.2369183,-32.2469108],[-58.2373149,-32.2493277],[-58.2389625,-32.2455744],[-58.2365706,-32.2448009]]]}},{"type":"Feature","properties":{"ID":0,"NCM":"0100010090490000--","SEC":9,"GRU":49,"MANZ":0},"geometry":{"type":"Polygon","coordinates":[[[-58.2340326,-32.2460341],[-58.2341577,-32.2474506],[-58.2343735,-32.2475149],[-58.2345768,-32.2475754],[-58.234996,-32.2477003],[-58.2348296,-32.2480752],[-58.2347521,-32.2482499],[-58.2343144,-32.2492362],[-58.2342859,-32.249301],[-58.2360016,-32.2498677],[-58.2356257,-32.2461659],[-58.2341721,-32.2457156],[-58.2339997,-32.2456621],[-58.2340326,-32.2460341]]]}},{"type":"Feature","properties":{"ID":0,"NCM":"0100010030500000--","SEC":3,"GRU":50,"MANZ":0},"geometry":{"type":"Polygon","coordinates":[[[-58.2350806,-32.240858],[-58.2337705,-32.2438781],[-58.2354498,-32.2444638],[-58.2350806,-32.240858]]]}},{"type":"Feature","properties":{"ID":0,"NCM":"0100010030500000--","SEC":3,"GRU":50,"MANZ":0},"geometry":{"type":"Polygon","coordinates":[[[-58.2360207,-32.2398738],[-58.2358251,-32.2405044],[-58.236288,-32.2430759],[-58.2365593,-32.2447169],[-58.2390025,-32.2454798],[-58.2407255,-32.2413988],[-58.2381839,-32.2405879],[-58.2360207,-32.2398738]]]}},{"type":"Feature","properties":{"ID":0,"NCM":"0100010030510000--","SEC":3,"GRU":51,"MANZ":0},"geometry":{"type":"Polygon","coordinates":[[[-58.2374646,-32.2351681],[-58.2357635,-32.2390491],[-58.2360683,-32.2397749],[-58.2363241,-32.2398579],[-58.240756,-32.2412813],[-58.2426124,-32.2368419],[-58.2374646,-32.2351681]]]}},{"type":"Feature","properties":{"ID":0,"NCM":"0100010030520000--","SEC":3,"GRU":52,"MANZ":0},"geometry":{"type":"Polygon","coordinates":[[[-58.2394903,-32.230628],[-58.2375189,-32.2350455],[-58.2426353,-32.2367243],[-58.2445195,-32.2322253],[-58.2394903,-32.230628]]]}},{"type":"Feature","properties":{"ID":0,"NCM":"0100010090700000--","SEC":9,"GRU":70,"MANZ":0},"geometry":{"type":"Polygon","coordinates":[[[-58.2241428,-32.2516375],[-58.2231255,-32.25406],[-58.2238183,-32.2557549],[-58.224008,-32.2558113],[-58.2251114,-32.2561788],[-58.2278036,-32.2570761],[-58.2294395,-32.253304],[-58.2267406,-32.252476],[-58.2256291,-32.2521205],[-58.2241428,-32.2516375]]]}},{"type":"Feature","properties":{"ID":0,"NCM":"0100010090710000--","SEC":9,"GRU":71,"MANZ":0},"geometry":{"type":"Polygon","coordinates":[[[-58.2247096,-32.2463705],[-58.224808,-32.2475612],[-58.225523,-32.2481459],[-58.22551,-32.2481738],[-58.2248354,-32.2480255],[-58.2248381,-32.2480756],[-58.2248404,-32.2481258],[-58.2248425,-32.2481759],[-58.2248442,-32.248226],[-58.2248455,-32.2482762],[-58.2248469,-32.2483514],[-58.2248474,-32.2484016],[-58.2248475,-32.2484517],[-58.2248473,-32.2485019],[-58.2248467,-32.2485521],[-58.2248459,-32.2486022],[-58.2248439,-32.2486774],[-58.2248421,-32.2487276],[-58.2248401,-32.2487777],[-58.2248376,-32.2488278],[-58.2248348,-32.2488779],[-58.22483,-32.2489531],[-58.2248264,-32.2490031],[-58.2248224,-32.2490532],[-58.2248181,-32.2491032],[-58.2248135,-32.2491532],[-58.2248085,-32.2492032],[-58.2248031,-32.2492531],[-58.2247975,-32.2493031],[-58.2247914,-32.249353],[-58.2247818,-32.2494277],[-58.2247749,-32.2494776],[-58.2247677,-32.2495273],[-58.2247601,-32.2495771],[-58.2247522,-32.2496268],[-58.224744,-32.2496765],[-58.2247354,-32.2497261],[-58.2247265,-32.2497757],[-58.2247172,-32.2498252],[-58.2247077,-32.2498747],[-58.2246977,-32.2499242],[-58.2246875,-32.2499736],[-58.2246769,-32.2500229],[-58.2246659,-32.2500722],[-58.2246546,-32.2501214],[-58.2246371,-32.2501952],[-58.2246188,-32.2502688],[-58.2246086,-32.2503134],[-58.2245981,-32.2503579],[-58.2245872,-32.2504024],[-58.224576,-32.2504468],[-58.2245587,-32.2505133],[-58.2245467,-32.2505576],[-58.2245343,-32.2506018],[-58.2245152,-32.250668],[-58.2244954,-32.250734],[-58.2244818,-32.2507779],[-58.2244678,-32.2508218],[-58.2244536,-32.2508655],[-58.224439,-32.2509092],[-58.2244241,-32.2509529],[-58.2244088,-32.2509964],[-58.2243854,-32.2510616],[-58.2243694,-32.2511049],[-58.224353,-32.2511481],[-58.2243279,-32.2512128],[-58.2243107,-32.2512559],[-58.2242933,-32.2512988],[-58.2242755,-32.2513416],[-58.2242574,-32.2513844],[-58.2242339,-32.2514386],[-58.2284244,-32.2528288],[-58.2293748,-32.2531398],[-58.2314087,-32.2485174],[-58.2304576,-32.2482081],[-58.2269812,-32.2471013],[-58.2247096,-32.2463705]]]}},{"type":"Feature","properties":{"ID":0,"NCM":"0100010090720000--","SEC":9,"GRU":72,"MANZ":0},"geometry":{"type":"Polygon","coordinates":[[[-58.2283044,-32.2422545],[-58.2263653,-32.2467624],[-58.2314896,-32.2483927],[-58.2335149,-32.2438478],[-58.2283044,-32.2422545]]]}},{"type":"Feature","properties":{"ID":0,"NCM":"0100010030730000--","SEC":3,"GRU":73,"MANZ":0},"geometry":{"type":"Polygon","coordinates":[[[-58.2301471,-32.2380066],[-58.2285889,-32.2415745],[-58.2289995,-32.2423465],[-58.2335537,-32.2437575],[-58.2350364,-32.2403047],[-58.2347403,-32.2394796],[-58.2301471,-32.2380066]]]}},{"type":"Feature","properties":{"ID":0,"NCM":"0100010030740000--","SEC":3,"GRU":74,"MANZ":0},"geometry":{"type":"Polygon","coordinates":[[[-58.2353257,-32.2344723],[-58.2353673,-32.2367589],[-58.2356771,-32.2388621],[-58.2373403,-32.2351271],[-58.2353257,-32.2344723]]]}},{"type":"Feature","properties":{"ID":0,"NCM":"0100010030740000--","SEC":3,"GRU":74,"MANZ":0},"geometry":{"type":"Polygon","coordinates":[[[-58.2321341,-32.2334523],[-58.2302067,-32.2378957],[-58.2347588,-32.2393597],[-58.234859,-32.2390916],[-58.2342241,-32.2341052],[-58.2321341,-32.2334523]]]}},{"type":"Feature","properties":{"ID":0,"NCM":"0100010030750002--","SEC":3,"GRU":75,"MANZ":2},"geometry":{"type":"Polygon","coordinates":[[[-58.2330291,-32.2313985],[-58.23266,-32.2322446],[-58.2332512,-32.2324449],[-58.2336197,-32.2315998],[-58.2330291,-32.2313985]]]}},{"type":"Feature","properties":{"ID":0,"NCM":"0100010030750005--","SEC":3,"GRU":75,"MANZ":5},"geometry":{"type":"Polygon","coordinates":[[[-58.2338115,-32.2316662],[-58.2334497,-32.2325083],[-58.2341382,-32.2327284],[-58.2340006,-32.231889],[-58.2339722,-32.2317132],[-58.2338115,-32.2316662]]]}},{"type":"Feature","properties":{"ID":0,"NCM":"0100010030750003--","SEC":3,"GRU":75,"MANZ":3},"geometry":{"type":"Polygon","coordinates":[[[-58.2325863,-32.2324135],[-58.2322177,-32.2332588],[-58.2328078,-32.2334618],[-58.2331762,-32.2326165],[-58.2325863,-32.2324135]]]}},{"type":"Feature","properties":{"ID":0,"NCM":"0100010030750000--","SEC":3,"GRU":75,"MANZ":0},"geometry":{"type":"Polygon","coordinates":[[[-58.2350598,-32.2291154],[-58.2348822,-32.2301873],[-58.2350245,-32.2315257],[-58.2351182,-32.2324483],[-58.2353008,-32.2342716],[-58.2353142,-32.2343792],[-58.2373245,-32.2349947],[-58.2392193,-32.2304094],[-58.2350598,-32.2291154]]]}},{"type":"Feature","properties":{"ID":0,"NCM":"0100010030750004--","SEC":3,"GRU":75,"MANZ":4},"geometry":{"type":"Polygon","coordinates":[[[-58.2333728,-32.2326842],[-58.2330044,-32.2335295],[-58.2341943,-32.233939],[-58.234084,-32.2329289],[-58.2333728,-32.2326842]]]}},{"type":"Feature","properties":{"ID":0,"NCM":"0100010030750001--","SEC":3,"GRU":75,"MANZ":1},"geometry":{"type":"Polygon","coordinates":[[[-58.2337468,-32.2297774],[-58.2332511,-32.2308893],[-58.233101,-32.2312336],[-58.2339464,-32.2315141],[-58.2337468,-32.2297774]]]}},{"type":"Feature","properties":{"ID":0,"NCM":"0100010090940000--","SEC":9,"GRU":94,"MANZ":0},"geometry":{"type":"Polygon","coordinates":[[[-58.2244366,-32.241112],[-58.2247828,-32.2461931],[-58.2262328,-32.2467107],[-58.2281741,-32.2422146],[-58.2244366,-32.241112]]]}},{"type":"Feature","properties":{"ID":0,"NCM":"0100010030950000--","SEC":3,"GRU":95,"MANZ":0},"geometry":{"type":"Polygon","coordinates":[[[-58.2247425,-32.2362733],[-58.2243881,-32.237068],[-58.2245121,-32.2409309],[-58.2282214,-32.2421053],[-58.2300117,-32.2379671],[-58.2247425,-32.2362733]]]}},{"type":"Feature","properties":{"ID":0,"NCM":"0100010030960000--","SEC":3,"GRU":96,"MANZ":0},"geometry":{"type":"Polygon","coordinates":[[[-58.231979,-32.2334238],[-58.2267634,-32.2317515],[-58.224825,-32.2361506],[-58.2300606,-32.2378402],[-58.231979,-32.2334238]]]}},{"type":"Feature","properties":{"ID":0,"NCM":"0100010030970000--","SEC":3,"GRU":97,"MANZ":0},"geometry":{"type":"Polygon","coordinates":[[[-58.2289345,-32.2271362],[-58.2268331,-32.2316513],[-58.2320344,-32.2333073],[-58.2325856,-32.2320803],[-58.2337125,-32.2294791],[-58.2336148,-32.2286455],[-58.2289345,-32.2271362]]]}},{"type":"Feature","properties":{"ID":0,"NCM":"0100010041200000--","SEC":4,"GRU":120,"MANZ":0},"geometry":{"type":"Polygon","coordinates":[[[-58.2234976,-32.2255395],[-58.2231889,-32.2262177],[-58.2235591,-32.2306041],[-58.2266817,-32.2316028],[-58.2287024,-32.2270621],[-58.2234976,-32.2255395]]]}},{"type":"Feature","properties":{"ID":0,"NCM":"0100010190020000--","SEC":19,"GRU":2,"MANZ":0},"geometry":{"type":"Polygon","coordinates":[[[-58.2159047,-32.3036369],[-58.2180517,-32.3038747],[-58.2180455,-32.303889],[-58.2180281,-32.3039218],[-58.2179885,-32.3040134],[-58.2179732,-32.3040414],[-58.2179557,-32.3040742],[-58.2177673,-32.3045102],[-58.2177498,-32.3045431],[-58.2177353,-32.3045768],[-58.2177199,-32.3046048],[-58.2177067,-32.304628],[-58.2176499,-32.3046923],[-58.2176292,-32.3047105],[-58.2176095,-32.3047262],[-58.2175705,-32.3047495],[-58.2175508,-32.3047653],[-58.2175272,-32.3047825],[-58.2174967,-32.3048085],[-58.2174584,-32.3048376],[-58.2174172,-32.3048658],[-58.2173937,-32.304883],[-58.2173652,-32.3049042],[-58.2173357,-32.3049278],[-58.2173079,-32.3049547],[-58.2172623,-32.3050006],[-58.2172424,-32.3050245],[-58.2172196,-32.3050474],[-58.2171996,-32.3050713],[-58.2171807,-32.3050927],[-58.2171589,-32.3051132],[-58.217141,-32.3051323],[-58.217113,-32.3051673],[-58.2170907,-32.305204],[-58.2170491,-32.3053004],[-58.2170235,-32.3053744],[-58.2170146,-32.3054099],[-58.2170191,-32.3054441],[-58.2170285,-32.3054744],[-58.2170387,-32.3055104],[-58.2170446,-32.3055341],[-58.2170494,-32.3055602],[-58.2170614,-32.3055994],[-58.2170823,-32.3056552],[-58.2170982,-32.3056929],[-58.2171284,-32.305757],[-58.217163,-32.3058334],[-58.2171735,-32.3059132],[-58.2171784,-32.3059394],[-58.2171977,-32.3060137],[-58.2172104,-32.3060587],[-58.2172221,-32.3061061],[-58.2172362,-32.3061405],[-58.2172488,-32.3061636],[-58.2172688,-32.3061917],[-58.2172881,-32.3062141],[-58.2173117,-32.3062488],[-58.2173697,-32.306338],[-58.2173877,-32.3063709],[-58.2174084,-32.3064047],[-58.2174321,-32.3064394],[-58.2174531,-32.3064651],[-58.2174786,-32.3065031],[-58.2175076,-32.3065477],[-58.2175156,-32.3065612],[-58.2176113,-32.3066658],[-58.2176399,-32.3067485],[-58.2176285,-32.3068164],[-58.2175537,-32.3069272],[-58.2175503,-32.3069328],[-58.2175215,-32.3069621],[-58.2174825,-32.3069854],[-58.2173858,-32.3070154],[-58.2173364,-32.3070328],[-58.2172889,-32.3070535],[-58.2172534,-32.3070835],[-58.2172169,-32.3071158],[-58.2171744,-32.3071545],[-58.2171419,-32.3071863],[-58.2169502,-32.3073174],[-58.2168622,-32.3074495],[-58.2168409,-32.3075088],[-58.2168724,-32.3077703],[-58.2168723,-32.3078011],[-58.2168798,-32.3078581],[-58.2168838,-32.3079086],[-58.2168859,-32.3079557],[-58.2168817,-32.3079954],[-58.2168777,-32.3080269],[-58.2168711,-32.3080495],[-58.2168601,-32.3080898],[-58.216852,-32.308131],[-58.2168466,-32.3082031],[-58.2168464,-32.3082331],[-58.216846,-32.3082713],[-58.2168436,-32.3083142],[-58.2168478,-32.3083566],[-58.2168574,-32.3084908],[-58.2168626,-32.3085307],[-58.2168661,-32.3085673],[-58.2168688,-32.3085982],[-58.2168755,-32.3086276],[-58.2168803,-32.3086537],[-58.2168869,-32.3086831],[-58.2168981,-32.3087167],[-58.2169264,-32.3088075],[-58.2169356,-32.3088459],[-58.2169511,-32.3088918],[-58.216966,-32.3089319],[-58.21698,-32.3089664],[-58.2169962,-32.308996],[-58.2170067,-32.3090239],[-58.2170164,-32.309046],[-58.2170344,-32.309079],[-58.2170531,-32.3091176],[-58.2170628,-32.3091398],[-58.2170715,-32.3091644],[-58.2170778,-32.3092019],[-58.2170816,-32.3092304],[-58.2170871,-32.3092622],[-58.217087,-32.3092922],[-58.217083,-32.3093238],[-58.2170821,-32.3093481],[-58.2170758,-32.3093926],[-58.2170718,-32.3094241],[-58.2170686,-32.3094614],[-58.2170594,-32.309505],[-58.2170538,-32.3095552],[-58.2170471,-32.3096078],[-58.2170376,-32.3096595],[-58.217031,-32.3097121],[-58.2170198,-32.3098125],[-58.2170124,-32.3098594],[-58.2170042,-32.3099006],[-58.2169219,-32.3100909],[-58.2169154,-32.3101134],[-58.216905,-32.3101375],[-58.2168953,-32.3101673],[-58.2168846,-32.3101995],[-58.2168653,-32.3102591],[-58.2168567,-32.3102865],[-58.2168573,-32.3103222],[-58.2168566,-32.3103684],[-58.2168518,-32.3104243],[-58.216842,-32.3104842],[-58.2168266,-32.3105422],[-58.2168055,-32.3105985],[-58.2167828,-32.3106434],[-58.2167665,-32.3106738],[-58.2167542,-32.3106946],[-58.216734,-32.3107266],[-58.2167114,-32.3107714],[-58.2166447,-32.3109256],[-58.2166257,-32.3109771],[-58.2166046,-32.3110334],[-58.2165884,-32.3110857],[-58.2165732,-32.3111356],[-58.216564,-32.3111793],[-58.2165597,-32.3112189],[-58.2165586,-32.3112514],[-58.2165546,-32.3112829],[-58.2165537,-32.3113073],[-58.2165502,-32.3113526],[-58.216548,-32.3113875],[-58.2165466,-32.311428],[-58.216555,-32.3115127],[-58.2165595,-32.3115469],[-58.2165644,-32.311573],[-58.2165741,-32.3116471],[-58.216579,-32.3116732],[-58.2165892,-32.3117092],[-58.2165965,-32.3117443],[-58.2166024,-32.311768],[-58.21661,-32.311795],[-58.2166223,-32.3118261],[-58.2166307,-32.3118588],[-58.2166419,-32.3118924],[-58.2166485,-32.3119218],[-58.2166533,-32.3119479],[-58.2166592,-32.3119716],[-58.2166658,-32.312001],[-58.2166649,-32.3120253],[-58.2166606,-32.312065],[-58.2166546,-32.3121014],[-58.2166439,-32.3121855],[-58.2166425,-32.3122261],[-58.2166382,-32.3122657],[-58.2166329,-32.3123078],[-58.2166286,-32.3123475],[-58.2166197,-32.312383],[-58.2166111,-32.3124104],[-58.2164924,-32.3126849],[-58.2164492,-32.3127699],[-58.2164367,-32.3127988],[-58.2164245,-32.3128196],[-58.2164045,-32.3128434],[-58.2163832,-32.3128778],[-58.2163542,-32.3129152],[-58.2163202,-32.3129566],[-58.2162873,-32.3129955],[-58.2162582,-32.3130329],[-58.216233,-32.3130688],[-58.2161863,-32.3131471],[-58.2161639,-32.3131839],[-58.2161465,-32.3132167],[-58.2161372,-32.3132384],[-58.2160457,-32.3133903],[-58.2158207,-32.3139106],[-58.2158069,-32.31395],[-58.2157751,-32.3140385],[-58.2157649,-32.3140845],[-58.2157539,-32.3141248],[-58.215746,-32.3141579],[-58.215741,-32.3141919],[-58.2157434,-32.3142309],[-58.2157497,-32.3142684],[-58.2157602,-32.3142963],[-58.2157764,-32.3143259],[-58.2157886,-32.3143571],[-58.2158027,-32.3143915],[-58.2158253,-32.3144287],[-58.2158517,-32.3144643],[-58.2158774,-32.3144941],[-58.215906,-32.3145249],[-58.2159281,-32.3145482],[-58.2159425,-32.3145745],[-58.2159406,-32.3146013],[-58.2159348,-32.3146295],[-58.2159297,-32.3146635],[-58.2159237,-32.3146999],[-58.2159197,-32.3147315],[-58.2159129,-32.3147621],[-58.2159092,-32.3147856],[-58.2159026,-32.3148081],[-58.2158662,-32.3148924],[-58.2158334,-32.3149533],[-58.2158181,-32.3149813],[-58.2157989,-32.3150109],[-58.2157786,-32.3150428],[-58.2157555,-32.3150739],[-58.2157296,-32.3151041],[-58.2157019,-32.315131],[-58.2156664,-32.3151609],[-58.2156301,-32.3151851],[-58.2156045,-32.3152072],[-58.2155843,-32.3152392],[-58.215571,-32.3152624],[-58.2155539,-32.3152871],[-58.2155388,-32.315307],[-58.2155287,-32.315323],[-58.2155257,-32.3153377],[-58.2155222,-32.3153768],[-58.2155219,-32.3154026],[-58.2155209,-32.3154299],[-58.2155164,-32.3154522],[-58.2155055,-32.3154758],[-58.2154738,-32.3155112],[-58.2154484,-32.3155304],[-58.215419,-32.3155451],[-58.2153854,-32.3155562],[-58.2153562,-32.3155687],[-58.2153307,-32.3155917],[-58.2152944,-32.3156384],[-58.2152721,-32.3156557],[-58.2152384,-32.3156845],[-58.2152193,-32.3157023],[-58.215195,-32.3157207],[-58.2151711,-32.3157398],[-58.2151416,-32.3157665],[-58.2151072,-32.3157912],[-58.2150668,-32.3158162],[-58.2150262,-32.3158439],[-58.2150025,-32.3158648],[-58.2149748,-32.3158871],[-58.2149314,-32.3159134],[-58.2148951,-32.3159386],[-58.2148617,-32.315963],[-58.2148317,-32.315983],[-58.214804,-32.3160053],[-58.2147835,-32.3160304],[-58.2147635,-32.3160578],[-58.214748,-32.3160806],[-58.2147329,-32.3161101],[-58.2146981,-32.3161415],[-58.2147212,-32.3161743],[-58.2147398,-32.3162021],[-58.2147495,-32.3162315],[-58.2147565,-32.3162557],[-58.2147564,-32.3162887],[-58.2147505,-32.3163161],[-58.2147409,-32.3163423],[-58.2147345,-32.316369],[-58.2147343,-32.3164004],[-58.2147347,-32.3164341],[-58.2147307,-32.3164571],[-58.2147229,-32.3165158],[-58.2147184,-32.3165591],[-58.2147122,-32.3166046],[-58.2147059,-32.3166561],[-58.2147122,-32.3166856],[-58.2147352,-32.3167378],[-58.2147441,-32.3167615],[-58.2147576,-32.3168031],[-58.2147746,-32.3168386],[-58.2147883,-32.3168682],[-58.214804,-32.3168989],[-58.2148156,-32.3169278],[-58.2148251,-32.31695],[-58.2148317,-32.316973],[-58.2148412,-32.3169991],[-58.2148505,-32.3170295],[-58.2148611,-32.3170625],[-58.2148708,-32.3170958],[-58.2148786,-32.3171296],[-58.2148841,-32.3171649],[-58.2148937,-32.3172081],[-58.2149122,-32.3172534],[-58.2149403,-32.3172957],[-58.2149617,-32.3173248],[-58.2149867,-32.3173684],[-58.2150029,-32.317402],[-58.215027,-32.3174381],[-58.2150417,-32.3174635],[-58.215058,-32.3175044],[-58.2150711,-32.3175491],[-58.2150843,-32.3175934],[-58.2151059,-32.3176354],[-58.2151445,-32.3176704],[-58.2151889,-32.3177055],[-58.2152293,-32.3177362],[-58.2152565,-32.3177594],[-58.2152798,-32.3177743],[-58.215307,-32.3177876],[-58.2153373,-32.3178036],[-58.2154147,-32.3178423],[-58.2154564,-32.3178584],[-58.2155402,-32.3178842],[-58.2155684,-32.3178934],[-58.2156193,-32.3179091],[-58.2156614,-32.3179226],[-58.2156874,-32.3179311],[-58.2157951,-32.3179643],[-58.2158383,-32.317977],[-58.2158781,-32.3179882],[-58.2159169,-32.3179996],[-58.2159504,-32.3180099],[-58.2159887,-32.31803],[-58.2160339,-32.3180631],[-58.2160775,-32.3180981],[-58.2161207,-32.3181339],[-58.216163,-32.3181718],[-58.2161957,-32.3182033],[-58.2162225,-32.3182331],[-58.2162508,-32.3182632],[-58.2162801,-32.3182932],[-58.2163084,-32.3183234],[-58.2163373,-32.3183521],[-58.2163667,-32.3183799],[-58.2164062,-32.3184146],[-58.2164229,-32.3184352],[-58.2164501,-32.3184816],[-58.2164751,-32.3185389],[-58.2164965,-32.3185851],[-58.2165071,-32.3186041],[-58.2165163,-32.3186045],[-58.2165339,-32.3186231],[-58.2165494,-32.3186466],[-58.2165656,-32.3186665],[-58.2165985,-32.3187284],[-58.2166178,-32.3187547],[-58.2166297,-32.3187788],[-58.2166503,-32.3188137],[-58.2166587,-32.3188422],[-58.2166718,-32.3188732],[-58.2166822,-32.3189029],[-58.2166913,-32.3189299],[-58.2167031,-32.3189562],[-58.2167098,-32.318983],[-58.2167151,-32.3190111],[-58.216717,-32.3190414],[-58.2167167,-32.3190829],[-58.216722,-32.3190928],[-58.2167066,-32.3192154],[-58.2171849,-32.3178484],[-58.2226334,-32.3189583],[-58.2227528,-32.3189366],[-58.2227976,-32.3188556],[-58.2235199,-32.3162087],[-58.2255017,-32.3090042],[-58.2267928,-32.3043503],[-58.2274249,-32.3020546],[-58.2280137,-32.2998515],[-58.228659,-32.297554],[-58.2298851,-32.2930414],[-58.2244648,-32.2919489],[-58.2189765,-32.2908508],[-58.2185214,-32.2904102],[-58.2172518,-32.2899717],[-58.2160404,-32.2951343],[-58.2159149,-32.2961093],[-58.2158837,-32.2992152],[-58.2159047,-32.3036369]]]}},{"type":"Feature","properties":{"ID":0,"NCM":"0100010140450000--","SEC":14,"GRU":45,"MANZ":0},"geometry":{"type":"Polygon","coordinates":[[[-58.2298464,-32.2679402],[-58.2311575,-32.264786],[-58.2314971,-32.2639645],[-58.2283915,-32.2629718],[-58.2255399,-32.2620533],[-58.2250167,-32.2632193],[-58.2234249,-32.2665548],[-58.2227489,-32.2680879],[-58.2216018,-32.2683299],[-58.2210155,-32.2684465],[-58.2190283,-32.276197],[-58.2229512,-32.2767867],[-58.223059,-32.2756103],[-58.2231925,-32.2746726],[-58.2234585,-32.2739049],[-58.2238249,-32.2728793],[-58.2249511,-32.2697163],[-58.2262338,-32.2700319],[-58.2270432,-32.267603],[-58.2298464,-32.2679402]]]}},{"type":"Feature","properties":{"ID":0,"NCM":"0100010090690000--","SEC":9,"GRU":69,"MANZ":0},"geometry":{"type":"Polygon","coordinates":[[[-58.2234853,-32.2565686],[-58.2217306,-32.2574293],[-58.2212422,-32.2585431],[-58.2204485,-32.2604004],[-58.2230048,-32.2612012],[-58.2240706,-32.2615387],[-58.2254225,-32.2619678],[-58.2272543,-32.257834],[-58.2260666,-32.257422],[-58.2248197,-32.2570215],[-58.2234853,-32.2565686]]]}},{"type":"Feature","properties":{"ID":0,"NCM":"0100010030950000--","SEC":3,"GRU":95,"MANZ":0},"geometry":{"type":"Polygon","coordinates":[[[-58.2237955,-32.2383106],[-58.2236051,-32.2387365],[-58.2229075,-32.2403467],[-58.2239653,-32.2406714],[-58.2237955,-32.2383106]]]}},{"type":"Feature","properties":{"ID":0,"NCM":"0100010041180000--","SEC":4,"GRU":118,"MANZ":0},"geometry":{"type":"Polygon","coordinates":[[[-58.223921,-32.2360398],[-58.2240759,-32.2375065],[-58.2245777,-32.236236],[-58.223921,-32.2360398]]]}},{"type":"Feature","properties":{"ID":0,"NCM":"0100010000000485--","SEC":0,"GRU":0,"MANZ":485},"geometry":{"type":"Polygon","coordinates":[[[-58.1528969,-32.2244756],[-58.1528488,-32.2244815],[-58.1523016,-32.225048],[-58.1529774,-32.225534],[-58.1530201,-32.2255312],[-58.1535661,-32.2249849],[-58.1535597,-32.2249499],[-58.1528969,-32.2244756]]]}},{"type":"Feature","properties":{"ID":0,"NCM":"0100010000000139--","SEC":0,"GRU":0,"MANZ":139},"geometry":{"type":"Polygon","coordinates":[[[-58.1363892,-32.224238],[-58.1363585,-32.2242387],[-58.13609,-32.2245104],[-58.1360734,-32.2245275],[-58.1357795,-32.2248225],[-58.136448,-32.2253042],[-58.1364883,-32.2253113],[-58.1370507,-32.2247421],[-58.1370398,-32.2247084],[-58.1363892,-32.224238]]]}},{"type":"Feature","properties":{"ID":0,"NCM":"0100010000001078--","SEC":0,"GRU":0,"MANZ":1078},"geometry":{"type":"Polygon","coordinates":[[[-58.1417729,-32.2248129],[-58.1416678,-32.2248305],[-58.1414428,-32.225056],[-58.141443,-32.2251361],[-58.1417944,-32.2253942],[-58.1419862,-32.2255337],[-58.1420906,-32.2256057],[-58.1420918,-32.2256089],[-58.1420937,-32.2256118],[-58.1423337,-32.2257847],[-58.1424372,-32.2257806],[-58.14267,-32.2255406],[-58.1426614,-32.2254569],[-58.1424177,-32.2252797],[-58.1422564,-32.225163],[-58.1422366,-32.2251495],[-58.1421955,-32.2251187],[-58.1421784,-32.2251065],[-58.1417729,-32.2248129]]]}},{"type":"Feature","properties":{"ID":0,"NCM":"0100010000000484--","SEC":0,"GRU":0,"MANZ":484},"geometry":{"type":"Polygon","coordinates":[[[-58.1521667,-32.2251857],[-58.1515979,-32.2257662],[-58.1522995,-32.2262691],[-58.15287,-32.225687],[-58.1521667,-32.2251857]]]}},{"type":"Feature","properties":{"ID":0,"NCM":"0100010000000063--","SEC":0,"GRU":0,"MANZ":63},"geometry":{"type":"Polygon","coordinates":[[[-58.1434356,-32.2250962],[-58.1431048,-32.2254257],[-58.143102,-32.2254301],[-58.1431001,-32.2254347],[-58.1430988,-32.2254395],[-58.1430985,-32.2254444],[-58.1430989,-32.2254493],[-58.1431002,-32.2254541],[-58.1431022,-32.2254587],[-58.143105,-32.225463],[-58.1431085,-32.2254669],[-58.1431127,-32.2254704],[-58.1431173,-32.2254733],[-58.1437471,-32.2259234],[-58.1437957,-32.2259153],[-58.144102,-32.225609],[-58.1440974,-32.2255641],[-58.1434356,-32.2250962]]]}},{"type":"Feature","properties":{"ID":0,"NCM":"0100010000000511--","SEC":0,"GRU":0,"MANZ":511},"geometry":{"type":"Polygon","coordinates":[[[-58.1513158,-32.2245824],[-58.1512804,-32.224584],[-58.1510388,-32.2248271],[-58.1507432,-32.2251263],[-58.1507435,-32.2251559],[-58.1514261,-32.2256435],[-58.1519963,-32.2250645],[-58.1515844,-32.2247716],[-58.1513158,-32.2245824]]]}},{"type":"Feature","properties":{"ID":0,"NCM":"0100010000000510--","SEC":0,"GRU":0,"MANZ":510},"geometry":{"type":"Polygon","coordinates":[[[-58.1506212,-32.2253014],[-58.1505481,-32.2253067],[-58.1500299,-32.2258324],[-58.1500368,-32.2258914],[-58.150675,-32.2263443],[-58.1507454,-32.2263392],[-58.1512588,-32.2258133],[-58.1512532,-32.2257523],[-58.1506212,-32.2253014]]]}},{"type":"Feature","properties":{"ID":0,"NCM":"0100010000000406--","SEC":0,"GRU":0,"MANZ":406},"geometry":{"type":"Polygon","coordinates":[[[-58.156609,-32.2258672],[-58.1560132,-32.2264564],[-58.1563132,-32.2266756],[-58.1569095,-32.226086],[-58.156609,-32.2258672]]]}},{"type":"Feature","properties":{"ID":0,"NCM":"0100010000000795--","SEC":0,"GRU":0,"MANZ":795},"geometry":{"type":"Polygon","coordinates":[[[-58.1293612,-32.2254634],[-58.1292142,-32.2256024],[-58.1297051,-32.2262777],[-58.1300453,-32.2259283],[-58.1293612,-32.2254634]]]}},{"type":"Feature","properties":{"ID":0,"NCM":"0100010000000794--","SEC":0,"GRU":0,"MANZ":794},"geometry":{"type":"Polygon","coordinates":[[[-58.1287909,-32.2274703],[-58.1287827,-32.227103],[-58.1288325,-32.2269991],[-58.1296196,-32.2264161],[-58.1291301,-32.2257582],[-58.1290551,-32.225654],[-58.1288491,-32.2258251],[-58.1287579,-32.2259786],[-58.1287432,-32.22602],[-58.12868,-32.226078],[-58.1286513,-32.2260937],[-58.1284356,-32.2262969],[-58.128329,-32.2263388],[-58.1281287,-32.2264933],[-58.1280185,-32.2267089],[-58.1279901,-32.2269258],[-58.12831,-32.2271433],[-58.1287909,-32.2274703]]]}},{"type":"Feature","properties":{"ID":0,"NCM":"0100010000000087--","SEC":0,"GRU":0,"MANZ":87},"geometry":{"type":"Polygon","coordinates":[[[-58.1412126,-32.2252391],[-58.141189,-32.2252398],[-58.1406114,-32.225816],[-58.1406193,-32.2258379],[-58.1410576,-32.226155],[-58.1416189,-32.2255573],[-58.1416161,-32.2255288],[-58.1412126,-32.2252391]]]}},{"type":"Feature","properties":{"ID":0,"NCM":"0100010000000164--","SEC":0,"GRU":0,"MANZ":164},"geometry":{"type":"Polygon","coordinates":[[[-58.1341047,-32.2250426],[-58.134101,-32.2250467],[-58.1338768,-32.2252733],[-58.1335248,-32.2256294],[-58.1335366,-32.2256654],[-58.1336116,-32.2257182],[-58.1342115,-32.2261466],[-58.1342389,-32.2261197],[-58.1348072,-32.2255445],[-58.1341047,-32.2250426]]]}},{"type":"Feature","properties":{"ID":0,"NCM":"0100010000000064--","SEC":0,"GRU":0,"MANZ":64},"geometry":{"type":"Polygon","coordinates":[[[-58.1441655,-32.2243712],[-58.1441335,-32.224375],[-58.1435677,-32.2249558],[-58.1435713,-32.2249806],[-58.1439864,-32.2252789],[-58.1442275,-32.2254492],[-58.1442641,-32.2254459],[-58.1448323,-32.2248754],[-58.144828,-32.2248489],[-58.1441655,-32.2243712]]]}},{"type":"Feature","properties":{"ID":0,"NCM":"0100010000000163--","SEC":0,"GRU":0,"MANZ":163},"geometry":{"type":"Polygon","coordinates":[[[-58.1348245,-32.2243409],[-58.1348016,-32.2243417],[-58.1344522,-32.2246952],[-58.1342393,-32.2249091],[-58.134241,-32.224934],[-58.134493,-32.2251139],[-58.1349151,-32.225411],[-58.1349402,-32.2254118],[-58.1351841,-32.2251651],[-58.1355041,-32.2248424],[-58.1354981,-32.2248161],[-58.1352089,-32.2246125],[-58.1348245,-32.2243409]]]}},{"type":"Feature","properties":{"ID":0,"NCM":"0100010000000138--","SEC":0,"GRU":0,"MANZ":138},"geometry":{"type":"Polygon","coordinates":[[[-58.1356658,-32.2249513],[-58.1356283,-32.2249579],[-58.135092,-32.2255008],[-58.1351056,-32.2255367],[-58.1352935,-32.2256712],[-58.1357603,-32.2260045],[-58.135799,-32.226003],[-58.1362319,-32.2255731],[-58.1363448,-32.2254588],[-58.1363445,-32.2254398],[-58.1356658,-32.2249513]]]}},{"type":"Feature","properties":{"ID":0,"NCM":"0100010000000011--","SEC":0,"GRU":0,"MANZ":11},"geometry":{"type":"Polygon","coordinates":[[[-58.1497583,-32.2246616],[-58.1497254,-32.2246637],[-58.1492924,-32.2250873],[-58.1491427,-32.2252434],[-58.1492229,-32.2253008],[-58.1497841,-32.22571],[-58.1498019,-32.225707],[-58.1503732,-32.2251332],[-58.1503724,-32.2251034],[-58.1497583,-32.2246616]]]}},{"type":"Feature","properties":{"ID":0,"NCM":"0100010000000104--","SEC":0,"GRU":0,"MANZ":104},"geometry":{"type":"Polygon","coordinates":[[[-58.1403719,-32.224635],[-58.1403359,-32.2246363],[-58.1397717,-32.2252031],[-58.1397763,-32.225228],[-58.1404598,-32.2257225],[-58.1410581,-32.2251281],[-58.1403719,-32.224635]]]}},{"type":"Feature","properties":{"ID":0,"NCM":"0100010000000134--","SEC":0,"GRU":0,"MANZ":134},"geometry":{"type":"Polygon","coordinates":[[[-58.1372216,-32.2248398],[-58.1371981,-32.224845],[-58.1366361,-32.2254139],[-58.1366359,-32.225441],[-58.13734,-32.2259424],[-58.1375406,-32.2257394],[-58.1377793,-32.2254983],[-58.1379152,-32.2253619],[-58.1379108,-32.2253367],[-58.1378332,-32.2252813],[-58.1374191,-32.2249808],[-58.1372216,-32.2248398]]]}},{"type":"Feature","properties":{"ID":0,"NCM":"0100010000000165--","SEC":0,"GRU":0,"MANZ":165},"geometry":{"type":"Polygon","coordinates":[[[-58.1332695,-32.2244534],[-58.1332423,-32.2244585],[-58.1330689,-32.2246371],[-58.1326923,-32.225024],[-58.1326911,-32.2250545],[-58.1332184,-32.2254349],[-58.1333449,-32.2255236],[-58.1333814,-32.2255283],[-58.1339434,-32.2249595],[-58.1339401,-32.2249309],[-58.1337026,-32.2247626],[-58.1332695,-32.2244534]]]}},{"type":"Feature","properties":{"ID":0,"NCM":"0100010000000112--","SEC":0,"GRU":0,"MANZ":112},"geometry":{"type":"Polygon","coordinates":[[[-58.1388026,-32.2247361],[-58.1387704,-32.2247386],[-58.1384266,-32.2250858],[-58.1382987,-32.2252172],[-58.1381865,-32.2253244],[-58.138751,-32.2257291],[-58.1388737,-32.225816],[-58.1388793,-32.2258181],[-58.1388852,-32.2258194],[-58.1388912,-32.22582],[-58.1388973,-32.2258198],[-58.1389033,-32.2258189],[-58.1389091,-32.2258173],[-58.1389145,-32.225815],[-58.1389195,-32.2258121],[-58.1389239,-32.2258085],[-58.1391183,-32.2256109],[-58.1393854,-32.2253364],[-58.139444,-32.2252792],[-58.1394902,-32.2252362],[-58.1394605,-32.2252138],[-58.1388026,-32.2247361]]]}},{"type":"Feature","properties":{"ID":0,"NCM":"0100010000000009--","SEC":0,"GRU":0,"MANZ":9},"geometry":{"type":"Polygon","coordinates":[[[-58.148287,-32.226121],[-58.1477517,-32.2266599],[-58.1477286,-32.2266816],[-58.1477075,-32.2267004],[-58.1480198,-32.2269203],[-58.1482232,-32.2270669],[-58.1483121,-32.2271288],[-58.1483872,-32.2271253],[-58.1484508,-32.2270606],[-58.1489011,-32.2266126],[-58.1489333,-32.2265803],[-58.1489497,-32.2265638],[-58.1488924,-32.2265214],[-58.1483423,-32.226125],[-58.148287,-32.226121]]]}},{"type":"Feature","properties":{"ID":0,"NCM":"0100010000000457--","SEC":0,"GRU":0,"MANZ":457},"geometry":{"type":"Polygon","coordinates":[[[-58.1523123,-32.2265306],[-58.1517899,-32.2270448],[-58.1517726,-32.2270626],[-58.1517427,-32.2270946],[-58.1517335,-32.2271033],[-58.1517873,-32.227144],[-58.1524223,-32.2276083],[-58.1524826,-32.2275509],[-58.1529995,-32.2270348],[-58.1523123,-32.2265306]]]}},{"type":"Feature","properties":{"ID":0,"NCM":"0100010000000378--","SEC":0,"GRU":0,"MANZ":378},"geometry":{"type":"Polygon","coordinates":[[[-58.1574719,-32.226492],[-58.1568826,-32.2270849],[-58.1571849,-32.2273018],[-58.1577741,-32.2267089],[-58.1574719,-32.226492]]]}},{"type":"Feature","properties":{"ID":0,"NCM":"0100010000000350--","SEC":0,"GRU":0,"MANZ":350},"geometry":{"type":"Polygon","coordinates":[[[-58.1579114,-32.2268452],[-58.1573204,-32.2274357],[-58.1580339,-32.2279512],[-58.1586267,-32.227362],[-58.1579114,-32.2268452]]]}},{"type":"Feature","properties":{"ID":0,"NCM":"0100010000000137--","SEC":0,"GRU":0,"MANZ":137},"geometry":{"type":"Polygon","coordinates":[[[-58.1353848,-32.2259556],[-58.1353611,-32.2259558],[-58.1347888,-32.2265258],[-58.1347891,-32.2265613],[-58.1349489,-32.2266764],[-58.1350446,-32.226746],[-58.1356204,-32.2261634],[-58.1356218,-32.2261238],[-58.1355101,-32.2260444],[-58.1353848,-32.2259556]]]}},{"type":"Feature","properties":{"ID":0,"NCM":"0100010000000086--","SEC":0,"GRU":0,"MANZ":86},"geometry":{"type":"Polygon","coordinates":[[[-58.1404805,-32.2259522],[-58.1403066,-32.2261192],[-58.1400185,-32.2264053],[-58.1398971,-32.2265311],[-58.1399071,-32.2265644],[-58.1401666,-32.2267437],[-58.140304,-32.2268431],[-58.140336,-32.2268395],[-58.1409013,-32.2262751],[-58.1408989,-32.22625],[-58.1406306,-32.2260597],[-58.1404805,-32.2259522]]]}},{"type":"Feature","properties":{"ID":0,"NCM":"0100010000000707--","SEC":0,"GRU":0,"MANZ":707},"geometry":{"type":"Polygon","coordinates":[[[-58.1318779,-32.2270135],[-58.1335598,-32.2282152],[-58.1348405,-32.226912],[-58.1316508,-32.224628],[-58.1303556,-32.2259258],[-58.1311059,-32.2264619],[-58.1317633,-32.2258011],[-58.1325353,-32.2263527],[-58.1318779,-32.2270135]]]}},{"type":"Feature","properties":{"ID":0,"NCM":"0100010000000749--","SEC":0,"GRU":0,"MANZ":749},"geometry":{"type":"Polygon","coordinates":[[[-58.1311059,-32.2264619],[-58.1318779,-32.2270135],[-58.1325353,-32.2263527],[-58.1317633,-32.2258011],[-58.1311059,-32.2264619]]]}},{"type":"Feature","properties":{"ID":0,"NCM":"0100010000000078--","SEC":0,"GRU":0,"MANZ":78},"geometry":{"type":"Polygon","coordinates":[[[-58.1418451,-32.2256882],[-58.1412574,-32.2262809],[-58.1412615,-32.2263079],[-58.1416689,-32.2266024],[-58.141696,-32.2265965],[-58.1422906,-32.2259986],[-58.1418451,-32.2256882]]]}},{"type":"Feature","properties":{"ID":0,"NCM":"0100010000000010--","SEC":0,"GRU":0,"MANZ":10},"geometry":{"type":"Polygon","coordinates":[[[-58.1490191,-32.2253782],[-58.1489624,-32.2254308],[-58.1486021,-32.2257939],[-58.1484356,-32.2259622],[-58.1484364,-32.225985],[-58.1484678,-32.2260108],[-58.1490301,-32.2264151],[-58.1490674,-32.2264417],[-58.1491864,-32.2263257],[-58.1496625,-32.2258517],[-58.1496584,-32.2258256],[-58.1492811,-32.2255531],[-58.1490479,-32.2253814],[-58.1490191,-32.2253782]]]}},{"type":"Feature","properties":{"ID":0,"NCM":"0100010000000458--","SEC":0,"GRU":0,"MANZ":458},"geometry":{"type":"Polygon","coordinates":[[[-58.1530239,-32.2258059],[-58.1523846,-32.2264526],[-58.152816,-32.2267582],[-58.1528774,-32.2266974],[-58.1531299,-32.2268813],[-58.1531662,-32.2268805],[-58.1537336,-32.226309],[-58.1530239,-32.2258059]]]}},{"type":"Feature","properties":{"ID":0,"NCM":"0100010000000036--","SEC":0,"GRU":0,"MANZ":36},"geometry":{"type":"Polygon","coordinates":[[[-58.1458542,-32.2255812],[-58.1458211,-32.2255809],[-58.1454622,-32.2259398],[-58.1452464,-32.2261527],[-58.1452505,-32.2261815],[-58.1457479,-32.2265369],[-58.1459556,-32.2266836],[-58.1459816,-32.226681],[-58.1463696,-32.2263032],[-58.146559,-32.2261157],[-58.1465576,-32.2260824],[-58.1461961,-32.2258258],[-58.1458542,-32.2255812]]]}},{"type":"Feature","properties":{"ID":0,"NCM":"0100010000000111--","SEC":0,"GRU":0,"MANZ":111},"geometry":{"type":"Polygon","coordinates":[[[-58.1380796,-32.2254606],[-58.1380577,-32.2254655],[-58.1378093,-32.2257144],[-58.137481,-32.2260378],[-58.137724,-32.2262118],[-58.1380432,-32.2264436],[-58.1381708,-32.2265359],[-58.1382041,-32.2265347],[-58.1385667,-32.2261677],[-58.1387596,-32.2259739],[-58.1387628,-32.2259718],[-58.1387653,-32.2259691],[-58.138767,-32.225966],[-58.1387677,-32.2259626],[-58.1387675,-32.2259592],[-58.1387663,-32.2259559],[-58.1387643,-32.225953],[-58.1387318,-32.225931],[-58.1383717,-32.2256697],[-58.1380796,-32.2254606]]]}},{"type":"Feature","properties":{"ID":0,"NCM":"0100010000000062--","SEC":0,"GRU":0,"MANZ":62},"geometry":{"type":"Polygon","coordinates":[[[-58.1429434,-32.2256046],[-58.1429124,-32.2256097],[-58.1425524,-32.2259746],[-58.1425554,-32.226004],[-58.1432134,-32.2264772],[-58.1432401,-32.226475],[-58.1436062,-32.2261041],[-58.1436064,-32.2260785],[-58.1429434,-32.2256046]]]}},{"type":"Feature","properties":{"ID":0,"NCM":"0100010000000105--","SEC":0,"GRU":0,"MANZ":105},"geometry":{"type":"Polygon","coordinates":[[[-58.1396338,-32.2253384],[-58.1395895,-32.225385],[-58.1394554,-32.2255189],[-58.1397363,-32.2257248],[-58.1397187,-32.2257428],[-58.1397152,-32.2257447],[-58.1394288,-32.2255461],[-58.1393315,-32.2256455],[-58.13906,-32.2259246],[-58.1390623,-32.2259507],[-58.1393516,-32.2261617],[-58.1397252,-32.2264317],[-58.1397514,-32.2264287],[-58.1400623,-32.2261115],[-58.1403232,-32.2258572],[-58.1403198,-32.2258327],[-58.1397791,-32.2254433],[-58.1396338,-32.2253384]]]}},{"type":"Feature","properties":{"ID":0,"NCM":"0100010000000135--","SEC":0,"GRU":0,"MANZ":135},"geometry":{"type":"Polygon","coordinates":[[[-58.1369949,-32.226282],[-58.1371966,-32.226078],[-58.137191,-32.22605],[-58.1368856,-32.2258313],[-58.1365106,-32.2255636],[-58.1364804,-32.2255641],[-58.1361792,-32.2258735],[-58.1359405,-32.2261128],[-58.1359487,-32.2261445],[-58.1364821,-32.2265335],[-58.1366132,-32.2266271],[-58.1366548,-32.2266266],[-58.1369949,-32.226282]]]}},{"type":"Feature","properties":{"ID":0,"NCM":"0100010000000020--","SEC":0,"GRU":0,"MANZ":20},"geometry":{"type":"Polygon","coordinates":[[[-58.1474491,-32.2254899],[-58.1474212,-32.2254931],[-58.1470849,-32.2258271],[-58.1468357,-32.2260769],[-58.1472343,-32.2263629],[-58.1475507,-32.2265902],[-58.1475749,-32.2265845],[-58.1479892,-32.2261723],[-58.1481601,-32.2259986],[-58.1481413,-32.2259855],[-58.1480776,-32.2259405],[-58.1474491,-32.2254899]]]}},{"type":"Feature","properties":{"ID":0,"NCM":"0100010000000008--","SEC":0,"GRU":0,"MANZ":8},"geometry":{"type":"Polygon","coordinates":[[[-58.1475985,-32.2268275],[-58.1475722,-32.2268299],[-58.1469941,-32.2274121],[-58.1469952,-32.2274408],[-58.1471983,-32.227586],[-58.1476125,-32.2278815],[-58.1476373,-32.2278766],[-58.1482247,-32.2272894],[-58.1482194,-32.2272691],[-58.1475985,-32.2268275]]]}},{"type":"Feature","properties":{"ID":0,"NCM":"0100010000000771--","SEC":0,"GRU":0,"MANZ":771},"geometry":{"type":"Polygon","coordinates":[[[-58.1295159,-32.2267332],[-58.1294445,-32.2266828],[-58.1293772,-32.2267595],[-58.1289704,-32.2270289],[-58.1289187,-32.227425],[-58.1291145,-32.2275681],[-58.1294447,-32.2278094],[-58.1295569,-32.2278914],[-58.1296693,-32.2279736],[-58.1303385,-32.2273128],[-58.1302266,-32.227229],[-58.1302262,-32.2272261],[-58.1302257,-32.2272231],[-58.130225,-32.2272202],[-58.1302243,-32.2272172],[-58.1302234,-32.2272144],[-58.1302224,-32.2272115],[-58.1302213,-32.2272086],[-58.13022,-32.2272058],[-58.1302187,-32.2272031],[-58.1302172,-32.2272003],[-58.1302157,-32.2271977],[-58.130214,-32.227195],[-58.1302122,-32.2271924],[-58.1302103,-32.2271899],[-58.1302084,-32.2271874],[-58.1302063,-32.227185],[-58.1302041,-32.2271827],[-58.1302018,-32.2271804],[-58.1301995,-32.2271782],[-58.130197,-32.227176],[-58.1301945,-32.2271739],[-58.1301919,-32.2271719],[-58.1301892,-32.22717],[-58.1301864,-32.2271681],[-58.1301836,-32.2271664],[-58.1301807,-32.2271647],[-58.1301777,-32.2271631],[-58.1301746,-32.2271616],[-58.1301715,-32.2271602],[-58.1301684,-32.2271589],[-58.1301652,-32.2271576],[-58.1301619,-32.2271565],[-58.1301586,-32.2271554],[-58.1301553,-32.2271545],[-58.1301519,-32.2271536],[-58.1301485,-32.2271529],[-58.1301451,-32.2271522],[-58.1301416,-32.2271517],[-58.1298935,-32.227],[-58.1295159,-32.2267332]]]}},{"type":"Feature","properties":{"ID":0,"NCM":"0100010000000748--","SEC":0,"GRU":0,"MANZ":748},"geometry":{"type":"Polygon","coordinates":[[[-58.1310252,-32.2266677],[-58.1304269,-32.2272699],[-58.1304084,-32.2272884],[-58.1310798,-32.2278143],[-58.1314647,-32.2274288],[-58.1317042,-32.2271881],[-58.1316925,-32.2271544],[-58.131186,-32.2267847],[-58.1310252,-32.2266677]]]}},{"type":"Feature","properties":{"ID":0,"NCM":"0100010000000034--","SEC":0,"GRU":0,"MANZ":34},"geometry":{"type":"Polygon","coordinates":[[[-58.1445876,-32.226803],[-58.1443959,-32.2270076],[-58.1442221,-32.2271842],[-58.1442234,-32.2271962],[-58.1444805,-32.2273847],[-58.1449236,-32.2277009],[-58.1449659,-32.2276983],[-58.1452263,-32.2274312],[-58.1453405,-32.2273185],[-58.1453218,-32.2273056],[-58.1450999,-32.2271474],[-58.144621,-32.226805],[-58.1445876,-32.226803]]]}},{"type":"Feature","properties":{"ID":0,"NCM":"0100010000000377--","SEC":0,"GRU":0,"MANZ":377},"geometry":{"type":"Polygon","coordinates":[[[-58.1563358,-32.2269299],[-58.1557391,-32.2275199],[-58.1557527,-32.2275298],[-58.1563148,-32.2279296],[-58.1564382,-32.2280199],[-58.1564689,-32.2280181],[-58.1565523,-32.2279327],[-58.1570414,-32.2274454],[-58.1563358,-32.2269299]]]}},{"type":"Feature","properties":{"ID":0,"NCM":"0100010000000110--","SEC":0,"GRU":0,"MANZ":110},"geometry":{"type":"Polygon","coordinates":[[[-58.1373732,-32.2261712],[-58.137343,-32.2261736],[-58.1370797,-32.2264391],[-58.1368647,-32.2266493],[-58.1367745,-32.2267421],[-58.1368112,-32.226769],[-58.1369326,-32.2268571],[-58.1372243,-32.2270679],[-58.1373679,-32.2271748],[-58.1374553,-32.2272396],[-58.1374921,-32.2272483],[-58.1375597,-32.2271818],[-58.1377371,-32.227004],[-58.1379293,-32.2268093],[-58.1380592,-32.2266745],[-58.138058,-32.2266639],[-58.1377894,-32.2264711],[-58.1376473,-32.2263702],[-58.1373732,-32.2261712]]]}},{"type":"Feature","properties":{"ID":0,"NCM":"0100010000000106--","SEC":0,"GRU":0,"MANZ":106},"geometry":{"type":"Polygon","coordinates":[[[-58.1389408,-32.2260744],[-58.1389025,-32.2260761],[-58.1387729,-32.2262053],[-58.138586,-32.2263942],[-58.1383338,-32.2266406],[-58.1383366,-32.2266571],[-58.1384775,-32.2267604],[-58.1389032,-32.2270592],[-58.1390362,-32.2271549],[-58.139429,-32.2267555],[-58.1396114,-32.2265728],[-58.1396122,-32.2265548],[-58.139451,-32.2264411],[-58.1391077,-32.2261959],[-58.1389408,-32.2260744]]]}},{"type":"Feature","properties":{"ID":0,"NCM":"0100010000000085--","SEC":0,"GRU":0,"MANZ":85},"geometry":{"type":"Polygon","coordinates":[[[-58.1397598,-32.2266626],[-58.1397512,-32.2266703],[-58.1395426,-32.2268765],[-58.1391832,-32.2272367],[-58.139183,-32.2272656],[-58.1392816,-32.2273382],[-58.139528,-32.2275093],[-58.139575,-32.2275427],[-58.1396143,-32.2275696],[-58.1397098,-32.2274743],[-58.1397532,-32.2274313],[-58.1400527,-32.2271259],[-58.1401821,-32.2269965],[-58.1401798,-32.2269646],[-58.1397598,-32.2266626]]]}},{"type":"Feature","properties":{"ID":0,"NCM":"0100010000000482--","SEC":0,"GRU":0,"MANZ":482},"geometry":{"type":"Polygon","coordinates":[[[-58.1507174,-32.2266109],[-58.1503774,-32.2269509],[-58.1501176,-32.2272107],[-58.1508051,-32.2277126],[-58.150836,-32.2277345],[-58.1514381,-32.2271199],[-58.1507174,-32.2266109]]]}},{"type":"Feature","properties":{"ID":0,"NCM":"0100010000000136--","SEC":0,"GRU":0,"MANZ":136},"geometry":{"type":"Polygon","coordinates":[[[-58.1358276,-32.2262598],[-58.1357951,-32.2262618],[-58.1355372,-32.2265213],[-58.1352155,-32.2268434],[-58.1352189,-32.2268704],[-58.135542,-32.2271044],[-58.1358973,-32.2273635],[-58.1359206,-32.2273615],[-58.136485,-32.2267884],[-58.136491,-32.2267419],[-58.1362119,-32.2265393],[-58.1358276,-32.2262598]]]}},{"type":"Feature","properties":{"ID":0,"NCM":"0100010000000079--","SEC":0,"GRU":0,"MANZ":79},"geometry":{"type":"Polygon","coordinates":[[[-58.1411257,-32.2264141],[-58.1409523,-32.2265885],[-58.1405497,-32.2269945],[-58.1405562,-32.2270234],[-58.1407577,-32.2271716],[-58.1409673,-32.2273205],[-58.140994,-32.2273103],[-58.1414976,-32.2267997],[-58.1415542,-32.2267426],[-58.1415647,-32.2267323],[-58.1414551,-32.2266539],[-58.1414199,-32.2266284],[-58.141324,-32.2265589],[-58.1411534,-32.226434],[-58.1411257,-32.2264141]]]}},{"type":"Feature","properties":{"ID":0,"NCM":"0100010000000061--","SEC":0,"GRU":0,"MANZ":61},"geometry":{"type":"Polygon","coordinates":[[[-58.1424341,-32.2261261],[-58.1424032,-32.2261275],[-58.1418447,-32.2266985],[-58.1418483,-32.2267292],[-58.1420894,-32.2269017],[-58.1425007,-32.2271935],[-58.1425318,-32.227189],[-58.1427772,-32.2269384],[-58.1430812,-32.226641],[-58.1430726,-32.2265813],[-58.1424341,-32.2261261]]]}},{"type":"Feature","properties":{"ID":0,"NCM":"0100010000000035--","SEC":0,"GRU":0,"MANZ":35},"geometry":{"type":"Polygon","coordinates":[[[-58.1451312,-32.2262991],[-58.1450952,-32.2263038],[-58.144774,-32.2266265],[-58.1447747,-32.2266537],[-58.1450732,-32.2268656],[-58.1454786,-32.2271616],[-58.1455064,-32.2271567],[-58.1458472,-32.2268134],[-58.1456052,-32.2266422],[-58.1453169,-32.2264331],[-58.1451312,-32.2262991]]]}},{"type":"Feature","properties":{"ID":0,"NCM":"0100010000000509--","SEC":0,"GRU":0,"MANZ":509},"geometry":{"type":"Polygon","coordinates":[[[-58.1498757,-32.2260012],[-58.1495137,-32.226363],[-58.1495018,-32.2263744],[-58.149494,-32.2263823],[-58.1493572,-32.2265157],[-58.1492836,-32.2265867],[-58.1498765,-32.2270099],[-58.1499838,-32.2270895],[-58.1501503,-32.2269238],[-58.1503368,-32.2267424],[-58.1505606,-32.2265147],[-58.1505566,-32.2264873],[-58.1499324,-32.2260415],[-58.1498757,-32.2260012]]]}},{"type":"Feature","properties":{"ID":0,"NCM":"0100010000000456--","SEC":0,"GRU":0,"MANZ":456},"geometry":{"type":"Polygon","coordinates":[[[-58.1516058,-32.2272439],[-58.1514393,-32.2274084],[-58.1512876,-32.2275593],[-58.1510283,-32.2278162],[-58.151033,-32.2278203],[-58.1515213,-32.228171],[-58.1517031,-32.2283056],[-58.1517262,-32.2283195],[-58.1518159,-32.2282299],[-58.1522943,-32.2277446],[-58.152299,-32.2277396],[-58.1521405,-32.2276262],[-58.151614,-32.2272487],[-58.1516058,-32.2272439]]]}},{"type":"Feature","properties":{"ID":0,"NCM":"0100010000000687--","SEC":0,"GRU":0,"MANZ":687},"geometry":{"type":"Polygon","coordinates":[[[-58.1350183,-32.227063],[-58.1348809,-32.2272036],[-58.1344426,-32.2276471],[-58.1347849,-32.2278947],[-58.1351107,-32.2281267],[-58.1351409,-32.2281282],[-58.1356919,-32.2275705],[-58.1356842,-32.2275155],[-58.1353691,-32.2272905],[-58.1350554,-32.2270659],[-58.1350183,-32.227063]]]}},{"type":"Feature","properties":{"ID":0,"NCM":"0100010000000080--","SEC":0,"GRU":0,"MANZ":80},"geometry":{"type":"Polygon","coordinates":[[[-58.1404126,-32.2271318],[-58.140392,-32.2271525],[-58.1403062,-32.2272366],[-58.1401434,-32.2273986],[-58.1398836,-32.2276667],[-58.1398376,-32.2277135],[-58.1398397,-32.2277316],[-58.1402469,-32.2280296],[-58.1402779,-32.2280286],[-58.1405652,-32.227743],[-58.1406773,-32.2276295],[-58.1408441,-32.2274629],[-58.1408428,-32.2274414],[-58.1405256,-32.2272104],[-58.1404374,-32.2271478],[-58.1404126,-32.2271318]]]}},{"type":"Feature","properties":{"ID":0,"NCM":"0100010000000404--","SEC":0,"GRU":0,"MANZ":404},"geometry":{"type":"Polygon","coordinates":[[[-58.1541503,-32.2276218],[-58.1544792,-32.2278497],[-58.15506,-32.2272727],[-58.1547378,-32.22704],[-58.1541503,-32.2276218]]]}},{"type":"Feature","properties":{"ID":0,"NCM":"0100010000000107--","SEC":0,"GRU":0,"MANZ":107},"geometry":{"type":"Polygon","coordinates":[[[-58.1382248,-32.2267856],[-58.1381966,-32.2267866],[-58.1379488,-32.2270345],[-58.1376369,-32.2273499],[-58.1376417,-32.2273786],[-58.1379132,-32.2275788],[-58.1381222,-32.2277288],[-58.1383053,-32.2278635],[-58.1383334,-32.2278592],[-58.138522,-32.2276692],[-58.1385704,-32.2276175],[-58.1386615,-32.2275279],[-58.1387153,-32.2274733],[-58.1388047,-32.227385],[-58.1388924,-32.2272973],[-58.1388903,-32.2272848],[-58.1388868,-32.2272585],[-58.1385731,-32.2270327],[-58.1382248,-32.2267856]]]}},{"type":"Feature","properties":{"ID":0,"NCM":"0100010000000109--","SEC":0,"GRU":0,"MANZ":109},"geometry":{"type":"Polygon","coordinates":[[[-58.1366688,-32.2268846],[-58.136637,-32.2268847],[-58.1362814,-32.2272425],[-58.1361484,-32.2273731],[-58.1360557,-32.2274703],[-58.1362109,-32.2275835],[-58.1364417,-32.2277508],[-58.136548,-32.2278269],[-58.1367532,-32.2279692],[-58.1367845,-32.2279624],[-58.1369695,-32.2277748],[-58.1372712,-32.2274845],[-58.1373643,-32.227388],[-58.1373695,-32.2273801],[-58.137227,-32.227282],[-58.1369587,-32.2270926],[-58.1366688,-32.2268846]]]}},{"type":"Feature","properties":{"ID":0,"NCM":"0100010000000060--","SEC":0,"GRU":0,"MANZ":60},"geometry":{"type":"Polygon","coordinates":[[[-58.1417206,-32.2268444],[-58.1416948,-32.2268455],[-58.1414936,-32.2270465],[-58.1412283,-32.2273135],[-58.1411147,-32.2274301],[-58.1411363,-32.2274451],[-58.1414562,-32.2276767],[-58.1417852,-32.2279124],[-58.1418205,-32.2279086],[-58.142147,-32.2275744],[-58.1423829,-32.2273375],[-58.1423818,-32.2273168],[-58.1417206,-32.2268444]]]}},{"type":"Feature","properties":{"ID":0,"NCM":"0100010000000430--","SEC":0,"GRU":0,"MANZ":430},"geometry":{"type":"Polygon","coordinates":[[[-58.153186,-32.2271523],[-58.1531575,-32.2271537],[-58.1526079,-32.2277027],[-58.152609,-32.2277237],[-58.1527486,-32.2278294],[-58.1528743,-32.2279227],[-58.1529143,-32.2279222],[-58.1534639,-32.2273711],[-58.1534605,-32.2273536],[-58.1533262,-32.2272538],[-58.153186,-32.2271523]]]}},{"type":"Feature","properties":{"ID":0,"NCM":"0100010000000052--","SEC":0,"GRU":0,"MANZ":52},"geometry":{"type":"Polygon","coordinates":[[[-58.1432756,-32.2267251],[-58.1432352,-32.2267292],[-58.143043,-32.2269202],[-58.1427816,-32.2271824],[-58.1426531,-32.2273069],[-58.1428123,-32.2274196],[-58.1433404,-32.2277952],[-58.1433747,-32.2277923],[-58.1436488,-32.2275141],[-58.1439398,-32.2272213],[-58.143936,-32.2271984],[-58.1433599,-32.2267848],[-58.1432756,-32.2267251]]]}},{"type":"Feature","properties":{"ID":0,"NCM":"0100010000000455--","SEC":0,"GRU":0,"MANZ":455},"geometry":{"type":"Polygon","coordinates":[[[-58.1508853,-32.2279679],[-58.1503681,-32.2284856],[-58.1503089,-32.2285472],[-58.1503114,-32.2285668],[-58.1509568,-32.2290342],[-58.1509961,-32.2290626],[-58.151186,-32.2288729],[-58.1515865,-32.228471],[-58.1515524,-32.2284432],[-58.1508853,-32.2279679]]]}},{"type":"Feature","properties":{"ID":0,"NCM":"0100010000000084--","SEC":0,"GRU":0,"MANZ":84},"geometry":{"type":"Polygon","coordinates":[[[-58.1390665,-32.2273909],[-58.1390446,-32.2273923],[-58.1388015,-32.2276281],[-58.1386472,-32.2277876],[-58.1384801,-32.2279599],[-58.1384891,-32.2279925],[-58.1386778,-32.22813],[-58.1389015,-32.2282925],[-58.1391778,-32.2280051],[-58.1394808,-32.2277021],[-58.1394792,-32.2276809],[-58.13935,-32.227587],[-58.1391666,-32.2274571],[-58.1390665,-32.2273909]]]}},{"type":"Feature","properties":{"ID":0,"NCM":"0100010000000376--","SEC":0,"GRU":0,"MANZ":376},"geometry":{"type":"Polygon","coordinates":[[[-58.1556111,-32.2276652],[-58.1550325,-32.2282423],[-58.1553461,-32.2284707],[-58.1558019,-32.2280172],[-58.1559257,-32.2278935],[-58.1556111,-32.2276652]]]}},{"type":"Feature","properties":{"ID":0,"NCM":"0100010000000747--","SEC":0,"GRU":0,"MANZ":747},"geometry":{"type":"Polygon","coordinates":[[[-58.130298,-32.227414],[-58.1301112,-32.2275995],[-58.1297018,-32.2280037],[-58.1300486,-32.2282565],[-58.1303764,-32.2284901],[-58.1304019,-32.228488],[-58.1309713,-32.2279207],[-58.1309648,-32.2278997],[-58.130525,-32.2275798],[-58.130298,-32.227414]]]}},{"type":"Feature","properties":{"ID":0,"NCM":"0100010000000023--","SEC":0,"GRU":0,"MANZ":23},"geometry":{"type":"Polygon","coordinates":[[[-58.1455029,-32.2274321],[-58.1454742,-32.2274324],[-58.1451383,-32.2277734],[-58.145091,-32.2278191],[-58.1451817,-32.2278832],[-58.1453965,-32.2280447],[-58.1458084,-32.2283281],[-58.1458358,-32.2283351],[-58.1462124,-32.227957],[-58.1462084,-32.2279398],[-58.1460874,-32.2278513],[-58.145707,-32.2275806],[-58.1455029,-32.2274321]]]}},{"type":"Feature","properties":{"ID":0,"NCM":"0100010000000033--","SEC":0,"GRU":0,"MANZ":33},"geometry":{"type":"Polygon","coordinates":[[[-58.1440932,-32.2273106],[-58.1440118,-32.2273908],[-58.1439082,-32.2274984],[-58.1435451,-32.2278618],[-58.1435237,-32.2278832],[-58.1434989,-32.2279074],[-58.1436981,-32.2280497],[-58.1439563,-32.2282359],[-58.1442297,-32.2284343],[-58.1442566,-32.2284064],[-58.1443633,-32.2283002],[-58.1443833,-32.2282799],[-58.144707,-32.2279566],[-58.1448229,-32.2278399],[-58.1448046,-32.2278272],[-58.1446867,-32.2277427],[-58.1442387,-32.2274163],[-58.1441202,-32.2273308],[-58.1440932,-32.2273106]]]}},{"type":"Feature","properties":{"ID":0,"NCM":"0100010000000686--","SEC":0,"GRU":0,"MANZ":686},"geometry":{"type":"Polygon","coordinates":[[[-58.1343029,-32.2277785],[-58.1338071,-32.2282817],[-58.1337118,-32.2283781],[-58.1338467,-32.2284744],[-58.13417,-32.228702],[-58.1343819,-32.228853],[-58.1344102,-32.2288495],[-58.1349712,-32.2282817],[-58.1349852,-32.228268],[-58.1347243,-32.2280794],[-58.1343029,-32.2277785]]]}},{"type":"Feature","properties":{"ID":0,"NCM":"0100010000000006--","SEC":0,"GRU":0,"MANZ":6},"geometry":{"type":"Polygon","coordinates":[[[-58.1463629,-32.2280485],[-58.1461921,-32.2282198],[-58.1459646,-32.2284527],[-58.1463494,-32.2287229],[-58.1464035,-32.2287613],[-58.1465384,-32.2288549],[-58.1466009,-32.2288995],[-58.1466295,-32.2288946],[-58.1468611,-32.2286606],[-58.1470009,-32.2285208],[-58.1469987,-32.2284967],[-58.1466875,-32.2282774],[-58.1465223,-32.2281601],[-58.1463629,-32.2280485]]]}},{"type":"Feature","properties":{"ID":0,"NCM":"0100010000000403--","SEC":0,"GRU":0,"MANZ":403},"geometry":{"type":"Polygon","coordinates":[[[-58.1544283,-32.2280452],[-58.1542807,-32.2281927],[-58.1538677,-32.2286289],[-58.1541514,-32.2288379],[-58.1541733,-32.2288361],[-58.1547392,-32.2282697],[-58.1545827,-32.2281578],[-58.1544283,-32.2280452]]]}},{"type":"Feature","properties":{"ID":0,"NCM":"0100010000000429--","SEC":0,"GRU":0,"MANZ":429},"geometry":{"type":"Polygon","coordinates":[[[-58.1524704,-32.2278623],[-58.1524597,-32.2278627],[-58.1524576,-32.2278648],[-58.1518856,-32.2284447],[-58.15227,-32.2287213],[-58.1525796,-32.2289442],[-58.1529606,-32.2285615],[-58.1531605,-32.2283618],[-58.1530783,-32.2283033],[-58.1524704,-32.2278623]]]}},{"type":"Feature","properties":{"ID":0,"NCM":"0100010000000451--","SEC":0,"GRU":0,"MANZ":451},"geometry":{"type":"Polygon","coordinates":[[[-58.1489752,-32.2308298],[-58.1487068,-32.2310994],[-58.1488586,-32.2312086],[-58.1491001,-32.2309681],[-58.1490994,-32.2309205],[-58.1489752,-32.2308298]]]}},{"type":"Feature","properties":{"ID":0,"NCM":"0100010000000665--","SEC":0,"GRU":0,"MANZ":665},"geometry":{"type":"Polygon","coordinates":[[[-58.1344188,-32.229126],[-58.1338284,-32.2297185],[-58.1345143,-32.2302144],[-58.1351038,-32.2296228],[-58.1344188,-32.229126]]]}},{"type":"Feature","properties":{"ID":0,"NCM":"0100010000000630--","SEC":0,"GRU":0,"MANZ":630},"geometry":{"type":"Polygon","coordinates":[[[-58.1375792,-32.2288799],[-58.137333,-32.2291337],[-58.1372663,-32.229199],[-58.1369941,-32.2294759],[-58.1374118,-32.2297805],[-58.1380062,-32.2291852],[-58.1379203,-32.2291248],[-58.1375792,-32.2288799]]]}},{"type":"Feature","properties":{"ID":0,"NCM":"0100010000000284--","SEC":0,"GRU":0,"MANZ":284},"geometry":{"type":"Polygon","coordinates":[[[-58.1593098,-32.2300808],[-58.1594512,-32.2297786],[-58.1592181,-32.2300111],[-58.1593098,-32.2300808]]]}},{"type":"Feature","properties":{"ID":0,"NCM":"0100010000000685--","SEC":0,"GRU":0,"MANZ":685},"geometry":{"type":"Polygon","coordinates":[[[-58.1335778,-32.2285133],[-58.1333543,-32.228741],[-58.1329883,-32.2291114],[-58.133652,-32.2295889],[-58.1336895,-32.2295846],[-58.1342441,-32.2290234],[-58.1342651,-32.2290024],[-58.1335778,-32.2285133]]]}},{"type":"Feature","properties":{"ID":0,"NCM":"0100010000000005--","SEC":0,"GRU":0,"MANZ":5},"geometry":{"type":"Polygon","coordinates":[[[-58.1458363,-32.2285814],[-58.145606,-32.2288133],[-58.1452648,-32.2291549],[-58.1452651,-32.2291811],[-58.1455789,-32.2293984],[-58.1457417,-32.2295126],[-58.1458994,-32.2296287],[-58.146179,-32.2293469],[-58.1464385,-32.2290844],[-58.1464866,-32.2290384],[-58.1461639,-32.2288063],[-58.1458363,-32.2285814]]]}},{"type":"Feature","properties":{"ID":0,"NCM":"0100010000000082--","SEC":0,"GRU":0,"MANZ":82},"geometry":{"type":"Polygon","coordinates":[[[-58.1389782,-32.2285747],[-58.1386202,-32.2289337],[-58.1384522,-32.2290997],[-58.1384085,-32.2291421],[-58.1384115,-32.2291681],[-58.1388355,-32.2294762],[-58.1394154,-32.228893],[-58.1394118,-32.228863],[-58.1390178,-32.2285777],[-58.1389782,-32.2285747]]]}},{"type":"Feature","properties":{"ID":0,"NCM":"0100010000000478--","SEC":0,"GRU":0,"MANZ":478},"geometry":{"type":"Polygon","coordinates":[[[-58.1472257,-32.2287023],[-58.1471738,-32.2287076],[-58.1461191,-32.2297765],[-58.1472529,-32.2305936],[-58.1472729,-32.2306069],[-58.1476868,-32.2308988],[-58.1477229,-32.230861],[-58.1481949,-32.2303941],[-58.1482888,-32.230299],[-58.1487603,-32.2298072],[-58.1475493,-32.2289337],[-58.1472257,-32.2287023]]]}},{"type":"Feature","properties":{"ID":0,"NCM":"0100010000000302--","SEC":0,"GRU":0,"MANZ":302},"geometry":{"type":"Polygon","coordinates":[[[-58.1589453,-32.2287964],[-58.1587849,-32.2289586],[-58.1583595,-32.2293977],[-58.1584326,-32.2294526],[-58.1587789,-32.2296958],[-58.1590649,-32.229903],[-58.1594939,-32.2294601],[-58.1596507,-32.2293017],[-58.1589453,-32.2287964]]]}},{"type":"Feature","properties":{"ID":0,"NCM":"0100010000000031--","SEC":0,"GRU":0,"MANZ":31},"geometry":{"type":"Polygon","coordinates":[[[-58.1426672,-32.2287496],[-58.14209,-32.2293315],[-58.1420916,-32.2293531],[-58.1428006,-32.2298646],[-58.1433933,-32.2292687],[-58.1430854,-32.2290483],[-58.1426672,-32.2287496]]]}},{"type":"Feature","properties":{"ID":0,"NCM":"0100010000000666--","SEC":0,"GRU":0,"MANZ":666},"geometry":{"type":"Polygon","coordinates":[[[-58.1351493,-32.2283951],[-58.1351275,-32.2284174],[-58.1348869,-32.2286562],[-58.1347505,-32.228793],[-58.1345587,-32.2289856],[-58.1346626,-32.2290612],[-58.1348858,-32.2292199],[-58.1352333,-32.2294726],[-58.1352611,-32.2294678],[-58.1354887,-32.2292416],[-58.135771,-32.2289642],[-58.1358211,-32.2289141],[-58.1358419,-32.2288924],[-58.1356705,-32.2287704],[-58.1354906,-32.2286417],[-58.135171,-32.2284088],[-58.1351493,-32.2283951]]]}},{"type":"Feature","properties":{"ID":0,"NCM":"0100010000000479--","SEC":0,"GRU":0,"MANZ":479},"geometry":{"type":"Polygon","coordinates":[[[-58.1485876,-32.2287763],[-58.1482379,-32.2291376],[-58.1488722,-32.2295865],[-58.1489304,-32.2296271],[-58.148947,-32.2296391],[-58.1491205,-32.2294601],[-58.1492937,-32.2292808],[-58.1492237,-32.2292281],[-58.1485876,-32.2287763]]]}},{"type":"Feature","properties":{"ID":0,"NCM":"0100010000000375--","SEC":0,"GRU":0,"MANZ":375},"geometry":{"type":"Polygon","coordinates":[[[-58.1552999,-32.2286624],[-58.155078,-32.2288789],[-58.1547081,-32.2292447],[-58.1550011,-32.2294536],[-58.155307,-32.2291448],[-58.1555844,-32.228864],[-58.1552999,-32.2286624]]]}},{"type":"Feature","properties":{"ID":0,"NCM":"0100010000000428--","SEC":0,"GRU":0,"MANZ":428},"geometry":{"type":"Polygon","coordinates":[[[-58.151764,-32.2286021],[-58.1517311,-32.2286047],[-58.1516773,-32.228656],[-58.1514085,-32.2289266],[-58.1511536,-32.2291774],[-58.1514057,-32.2293609],[-58.1518529,-32.2296825],[-58.1522373,-32.2292935],[-58.1524381,-32.2290866],[-58.1522411,-32.2289454],[-58.151764,-32.2286021]]]}},{"type":"Feature","properties":{"ID":0,"NCM":"0100010000000454--","SEC":0,"GRU":0,"MANZ":454},"geometry":{"type":"Polygon","coordinates":[[[-58.1508576,-32.2292031],[-58.1501714,-32.2287142],[-58.1501417,-32.2287143],[-58.1495633,-32.2292832],[-58.1502765,-32.2297878],[-58.1508576,-32.2292031]]]}},{"type":"Feature","properties":{"ID":0,"NCM":"0100010000000746--","SEC":0,"GRU":0,"MANZ":746},"geometry":{"type":"Polygon","coordinates":[[[-58.1287917,-32.2286003],[-58.1290024,-32.2287504],[-58.1288313,-32.2289238],[-58.1288726,-32.2289532],[-58.1289104,-32.2289232],[-58.1290687,-32.2287977],[-58.1296797,-32.2292685],[-58.1302579,-32.2286618],[-58.1294083,-32.2280673],[-58.1293999,-32.228063],[-58.1293911,-32.2280592],[-58.1293819,-32.228056],[-58.1293725,-32.2280536],[-58.1293628,-32.2280517],[-58.1293531,-32.2280506],[-58.1293432,-32.2280502],[-58.1293333,-32.2280505],[-58.1293235,-32.2280514],[-58.1293138,-32.2280531],[-58.1293043,-32.2280554],[-58.1292951,-32.2280584],[-58.1292862,-32.228062],[-58.1292777,-32.2280663],[-58.1292696,-32.2280711],[-58.129262,-32.2280765],[-58.129255,-32.2280824],[-58.1292486,-32.2280888],[-58.1292428,-32.2280956],[-58.1292377,-32.2281028],[-58.1287917,-32.2286003]]]}},{"type":"Feature","properties":{"ID":0,"NCM":"0100010000000745--","SEC":0,"GRU":0,"MANZ":745},"geometry":{"type":"Polygon","coordinates":[[[-58.1287917,-32.2286003],[-58.128766,-32.2286289],[-58.1284262,-32.2290351],[-58.128416,-32.2290489],[-58.1283562,-32.2290428],[-58.1282402,-32.2294889],[-58.1289724,-32.2300094],[-58.1294832,-32.2294747],[-58.1295494,-32.2294053],[-58.1289104,-32.2289232],[-58.1288726,-32.2289532],[-58.1288313,-32.2289238],[-58.1290024,-32.2287504],[-58.1287917,-32.2286003]]]}},{"type":"Feature","properties":{"ID":0,"NCM":"0100010000000648--","SEC":0,"GRU":0,"MANZ":648},"geometry":{"type":"Polygon","coordinates":[[[-58.1367441,-32.2282729],[-58.1367297,-32.2282751],[-58.1364964,-32.228511],[-58.1363425,-32.2286636],[-58.136145,-32.2288637],[-58.1361784,-32.2288869],[-58.1364028,-32.2290463],[-58.1365788,-32.2291732],[-58.1368345,-32.2293596],[-58.1369688,-32.2292256],[-58.1372535,-32.2289305],[-58.1374106,-32.2287761],[-58.1373956,-32.2287482],[-58.1371771,-32.2285886],[-58.1367441,-32.2282729]]]}},{"type":"Feature","properties":{"ID":0,"NCM":"0100010000000452--","SEC":0,"GRU":0,"MANZ":452},"geometry":{"type":"Polygon","coordinates":[[[-58.1489491,-32.229915],[-58.1485699,-32.2303023],[-58.1492214,-32.2307718],[-58.1492407,-32.2307834],[-58.149266,-32.230802],[-58.1496471,-32.2304202],[-58.1489491,-32.229915]]]}},{"type":"Feature","properties":{"ID":0,"NCM":"0100010000000281--","SEC":0,"GRU":0,"MANZ":281},"geometry":{"type":"Polygon","coordinates":[[[-58.1569949,-32.2311211],[-58.1566263,-32.2314895],[-58.1565846,-32.2314608],[-58.1563682,-32.2316834],[-58.1570283,-32.2321463],[-58.1577954,-32.2326681],[-58.1583359,-32.2320877],[-58.1569949,-32.2311211]]]}},{"type":"Feature","properties":{"ID":0,"NCM":"0100010000000629--","SEC":0,"GRU":0,"MANZ":629},"geometry":{"type":"Polygon","coordinates":[[[-58.1368563,-32.229616],[-58.1362656,-32.2302169],[-58.1366781,-32.2305153],[-58.1372756,-32.2299168],[-58.1368563,-32.229616]]]}},{"type":"Feature","properties":{"ID":0,"NCM":"0100010000000684--","SEC":0,"GRU":0,"MANZ":684},"geometry":{"type":"Polygon","coordinates":[[[-58.1328561,-32.2292528],[-58.1328417,-32.2292551],[-58.1322636,-32.2298401],[-58.1322657,-32.2298549],[-58.1329229,-32.2303241],[-58.1329547,-32.2303238],[-58.1333958,-32.2298775],[-58.1335314,-32.2297407],[-58.133299,-32.2295726],[-58.1328561,-32.2292528]]]}},{"type":"Feature","properties":{"ID":0,"NCM":"0100010000000026--","SEC":0,"GRU":0,"MANZ":26},"geometry":{"type":"Polygon","coordinates":[[[-58.1435297,-32.2293663],[-58.1429462,-32.2299489],[-58.1429472,-32.2299704],[-58.1431835,-32.2301409],[-58.1436622,-32.230482],[-58.143697,-32.2304796],[-58.1442603,-32.2299133],[-58.1442583,-32.2298921],[-58.1439071,-32.2296365],[-58.1435297,-32.2293663]]]}},{"type":"Feature","properties":{"ID":0,"NCM":"0100010000000030--","SEC":0,"GRU":0,"MANZ":30},"geometry":{"type":"Polygon","coordinates":[[[-58.1419544,-32.2294636],[-58.141365,-32.2300556],[-58.1416808,-32.2302807],[-58.1420884,-32.2305758],[-58.1426682,-32.2299971],[-58.1426641,-32.2299731],[-58.1419544,-32.2294636]]]}},{"type":"Feature","properties":{"ID":0,"NCM":"0100010000000612--","SEC":0,"GRU":0,"MANZ":612},"geometry":{"type":"Polygon","coordinates":[[[-58.1382728,-32.2300194],[-58.1384076,-32.2298846],[-58.1386435,-32.2296454],[-58.1386261,-32.2296331],[-58.138591,-32.229608],[-58.1382182,-32.2293371],[-58.1380709,-32.2294845],[-58.1379903,-32.2295658],[-58.1376239,-32.229937],[-58.1379894,-32.2301987],[-58.1380525,-32.2302446],[-58.1381983,-32.2300938],[-58.1382728,-32.2300194]]]}},{"type":"Feature","properties":{"ID":0,"NCM":"0100010000000283--","SEC":0,"GRU":0,"MANZ":283},"geometry":{"type":"Polygon","coordinates":[[[-58.1590903,-32.2301525],[-58.1585211,-32.2307377],[-58.1589088,-32.2310101],[-58.1592252,-32.2302457],[-58.1590903,-32.2301525]]]}},{"type":"Feature","properties":{"ID":0,"NCM":"0100010000000321--","SEC":0,"GRU":0,"MANZ":321},"geometry":{"type":"Polygon","coordinates":[[[-58.1566275,-32.2296289],[-58.1560539,-32.2302057],[-58.1567081,-32.230673],[-58.156755,-32.23071],[-58.1572904,-32.2301694],[-58.1573287,-32.230133],[-58.1566275,-32.2296289]]]}},{"type":"Feature","properties":{"ID":0,"NCM":"0100010000000427--","SEC":0,"GRU":0,"MANZ":427},"geometry":{"type":"Polygon","coordinates":[[[-58.1510114,-32.2293141],[-58.1504355,-32.2299003],[-58.151128,-32.2304039],[-58.1515477,-32.2299922],[-58.1517155,-32.2298224],[-58.1510114,-32.2293141]]]}},{"type":"Feature","properties":{"ID":0,"NCM":"0100010000000004--","SEC":0,"GRU":0,"MANZ":4},"geometry":{"type":"Polygon","coordinates":[[[-58.1451495,-32.2292997],[-58.1451165,-32.2293038],[-58.1447651,-32.2296513],[-58.1445425,-32.2298785],[-58.144551,-32.229891],[-58.1447901,-32.230061],[-58.1451707,-32.2303379],[-58.145203,-32.2303261],[-58.145586,-32.2299419],[-58.1457632,-32.2297651],[-58.1457616,-32.2297486],[-58.1455196,-32.2295687],[-58.1452368,-32.2293645],[-58.1451495,-32.2292997]]]}},{"type":"Feature","properties":{"ID":0,"NCM":"0100010000000401--","SEC":0,"GRU":0,"MANZ":401},"geometry":{"type":"Polygon","coordinates":[[[-58.1526065,-32.2292099],[-58.1524637,-32.2293505],[-58.1523593,-32.2294567],[-58.1523466,-32.2294692],[-58.1520295,-32.2297905],[-58.1520315,-32.2298108],[-58.1522147,-32.2299436],[-58.1526917,-32.2302817],[-58.1527104,-32.2302945],[-58.1527327,-32.2302999],[-58.1527422,-32.2302909],[-58.1528983,-32.230139],[-58.1532974,-32.229709],[-58.153218,-32.2296525],[-58.1529389,-32.2294516],[-58.1528005,-32.2293485],[-58.1526065,-32.2292099]]]}},{"type":"Feature","properties":{"ID":0,"NCM":"0100010000000453--","SEC":0,"GRU":0,"MANZ":453},"geometry":{"type":"Polygon","coordinates":[[[-58.1494578,-32.2293991],[-58.1491134,-32.2297417],[-58.1491204,-32.2297735],[-58.149799,-32.2302625],[-58.1501501,-32.2299164],[-58.1501377,-32.2298894],[-58.1494578,-32.2293991]]]}},{"type":"Feature","properties":{"ID":0,"NCM":"0100010000000057--","SEC":0,"GRU":0,"MANZ":57},"geometry":{"type":"Polygon","coordinates":[[[-58.1395828,-32.2289912],[-58.1395599,-32.2289931],[-58.1394951,-32.2290615],[-58.1392323,-32.2293254],[-58.1389808,-32.229576],[-58.1394076,-32.2298826],[-58.1396729,-32.2300752],[-58.1396759,-32.2300735],[-58.139976,-32.2297711],[-58.140119,-32.2296294],[-58.1402294,-32.2295179],[-58.1402652,-32.2294807],[-58.1400095,-32.2292938],[-58.1395828,-32.2289912]]]}},{"type":"Feature","properties":{"ID":0,"NCM":"0100010000000025--","SEC":0,"GRU":0,"MANZ":25},"geometry":{"type":"Polygon","coordinates":[[[-58.1442557,-32.2286581],[-58.1441557,-32.2287547],[-58.1439609,-32.2289491],[-58.1436588,-32.229254],[-58.1440534,-32.2295397],[-58.1443977,-32.229773],[-58.1446651,-32.2295079],[-58.1449701,-32.2291976],[-58.1449687,-32.2291731],[-58.1445631,-32.2288798],[-58.1442557,-32.2286581]]]}},{"type":"Feature","properties":{"ID":0,"NCM":"0100010000000647--","SEC":0,"GRU":0,"MANZ":647},"geometry":{"type":"Polygon","coordinates":[[[-58.1360085,-32.2290006],[-58.1357804,-32.2292321],[-58.1354272,-32.229589],[-58.1354283,-32.2296054],[-58.1358117,-32.2298886],[-58.1360984,-32.2300959],[-58.136207,-32.2299875],[-58.1364681,-32.2297249],[-58.1366862,-32.2295088],[-58.1366857,-32.2294937],[-58.1365099,-32.2293675],[-58.1363359,-32.2292401],[-58.1362379,-32.2291678],[-58.1360085,-32.2290006]]]}},{"type":"Feature","properties":{"ID":0,"NCM":"0100010000000725--","SEC":0,"GRU":0,"MANZ":725},"geometry":{"type":"Polygon","coordinates":[[[-58.1301393,-32.2295942],[-58.130143,-32.2295904],[-58.130442,-32.2292908],[-58.130741,-32.2289912],[-58.1304184,-32.2287656],[-58.129829,-32.2293744],[-58.1301393,-32.2295942]]]}},{"type":"Feature","properties":{"ID":0,"NCM":"0100010000000704--","SEC":0,"GRU":0,"MANZ":704},"geometry":{"type":"Polygon","coordinates":[[[-58.1300063,-32.2297298],[-58.1299062,-32.2298342],[-58.1311216,-32.230698],[-58.1319294,-32.2298888],[-58.1319252,-32.2298455],[-58.1310546,-32.2292173],[-58.130741,-32.2289912],[-58.130442,-32.2292908],[-58.130143,-32.2295904],[-58.1301393,-32.2295942],[-58.1300063,-32.2297298]]]}},{"type":"Feature","properties":{"ID":0,"NCM":"0100010000000724--","SEC":0,"GRU":0,"MANZ":724},"geometry":{"type":"Polygon","coordinates":[[[-58.1300063,-32.2297298],[-58.1296889,-32.2295103],[-58.1291271,-32.2301193],[-58.1294299,-32.2303346],[-58.1298717,-32.2298691],[-58.1299062,-32.2298342],[-58.1300063,-32.2297298]]]}},{"type":"Feature","properties":{"ID":0,"NCM":"0100010000000703--","SEC":0,"GRU":0,"MANZ":703},"geometry":{"type":"Polygon","coordinates":[[[-58.1311216,-32.230698],[-58.1299062,-32.2298342],[-58.1298717,-32.2298691],[-58.1294299,-32.2303346],[-58.1306293,-32.2311871],[-58.1308989,-32.2309215],[-58.1311216,-32.230698]]]}},{"type":"Feature","properties":{"ID":0,"NCM":"0100010000000322--","SEC":0,"GRU":0,"MANZ":322},"geometry":{"type":"Polygon","coordinates":[[[-58.1573197,-32.2288893],[-58.1567516,-32.2294839],[-58.1571154,-32.2297355],[-58.1572384,-32.2298202],[-58.1574749,-32.2299837],[-58.1577384,-32.2297206],[-58.158052,-32.22941],[-58.1573197,-32.2288893]]]}},{"type":"Feature","properties":{"ID":0,"NCM":"0100010000000705--","SEC":0,"GRU":0,"MANZ":705},"geometry":{"type":"Polygon","coordinates":[[[-58.1320241,-32.2286581],[-58.1319741,-32.2286619],[-58.131422,-32.2292207],[-58.131427,-32.2292495],[-58.1320595,-32.2297012],[-58.1321128,-32.2297081],[-58.1326571,-32.2291574],[-58.1326586,-32.2291147],[-58.1320241,-32.2286581]]]}},{"type":"Feature","properties":{"ID":0,"NCM":"0100010000000451--","SEC":0,"GRU":0,"MANZ":451},"geometry":{"type":"Polygon","coordinates":[[[-58.1484532,-32.2304527],[-58.1484046,-32.2304571],[-58.1481585,-32.2307048],[-58.1486874,-32.2310854],[-58.1489567,-32.230815],[-58.1484532,-32.2304527]]]}},{"type":"Feature","properties":{"ID":0,"NCM":"0100010000000003--","SEC":0,"GRU":0,"MANZ":3},"geometry":{"type":"Polygon","coordinates":[[[-58.1444282,-32.2300158],[-58.1444046,-32.2300157],[-58.1438309,-32.2305863],[-58.143838,-32.2306073],[-58.1441103,-32.2308013],[-58.1444736,-32.2310551],[-58.1450532,-32.2304707],[-58.1444282,-32.2300158]]]}},{"type":"Feature","properties":{"ID":0,"NCM":"0100010000000503--","SEC":0,"GRU":0,"MANZ":503},"geometry":{"type":"Polygon","coordinates":[[[-58.1459833,-32.2299143],[-58.1457877,-32.2301054],[-58.1454169,-32.2304789],[-58.14542,-32.2304998],[-58.1461094,-32.2309925],[-58.1466705,-32.2304123],[-58.1465143,-32.2303002],[-58.1459833,-32.2299143]]]}},{"type":"Feature","properties":{"ID":0,"NCM":"0100010000000320--","SEC":0,"GRU":0,"MANZ":320},"geometry":{"type":"Polygon","coordinates":[[[-58.1559225,-32.2303507],[-58.1553375,-32.2309275],[-58.1560364,-32.2314422],[-58.1564722,-32.2310033],[-58.1566284,-32.2308507],[-58.1559225,-32.2303507]]]}},{"type":"Feature","properties":{"ID":0,"NCM":"0100010000000611--","SEC":0,"GRU":0,"MANZ":611},"geometry":{"type":"Polygon","coordinates":[[[-58.1374881,-32.2300775],[-58.1374107,-32.2301533],[-58.1371205,-32.2304437],[-58.1368919,-32.2306713],[-58.1373263,-32.2309814],[-58.137353,-32.2309532],[-58.1375807,-32.2307154],[-58.1379172,-32.2303837],[-58.1374881,-32.2300775]]]}},{"type":"Feature","properties":{"ID":0,"NCM":"0100010000000400--","SEC":0,"GRU":0,"MANZ":400},"geometry":{"type":"Polygon","coordinates":[[[-58.1518949,-32.2299452],[-58.1518697,-32.2299496],[-58.1518289,-32.2299891],[-58.1513157,-32.2305033],[-58.1513192,-32.2305323],[-58.1516254,-32.2307508],[-58.1520107,-32.2310314],[-58.1523733,-32.2306574],[-58.1525652,-32.2304598],[-58.1525639,-32.2304394],[-58.152549,-32.2304281],[-58.1518949,-32.2299452]]]}},{"type":"Feature","properties":{"ID":0,"NCM":"0100010000000346--","SEC":0,"GRU":0,"MANZ":346},"geometry":{"type":"Polygon","coordinates":[[[-58.1550693,-32.2297343],[-58.1550363,-32.2297355],[-58.1544778,-32.230303],[-58.1551738,-32.2308054],[-58.1554797,-32.2304985],[-58.1557519,-32.2302242],[-58.155162,-32.2298009],[-58.1550693,-32.2297343]]]}},{"type":"Feature","properties":{"ID":0,"NCM":"0100010000000056--","SEC":0,"GRU":0,"MANZ":56},"geometry":{"type":"Polygon","coordinates":[[[-58.1406972,-32.2304781],[-58.1410987,-32.2300854],[-58.1406819,-32.2297882],[-58.1404273,-32.2296012],[-58.1404104,-32.2296026],[-58.1398161,-32.2301771],[-58.1401675,-32.2304335],[-58.140285,-32.2305181],[-58.1404997,-32.2306711],[-58.1406972,-32.2304781]]]}},{"type":"Feature","properties":{"ID":0,"NCM":"0100010000000373--","SEC":0,"GRU":0,"MANZ":373},"geometry":{"type":"Polygon","coordinates":[[[-58.1534624,-32.229827],[-58.1530199,-32.2302824],[-58.1528733,-32.2304283],[-58.1534783,-32.2308504],[-58.1535788,-32.2309178],[-58.1536607,-32.2308346],[-58.1540765,-32.2304192],[-58.1541649,-32.23033],[-58.1539829,-32.2301991],[-58.1534624,-32.229827]]]}},{"type":"Feature","properties":{"ID":0,"NCM":"0100010000000300--","SEC":0,"GRU":0,"MANZ":300},"geometry":{"type":"Polygon","coordinates":[[[-58.1575358,-32.230256],[-58.1574852,-32.2302568],[-58.1569238,-32.2308329],[-58.1576248,-32.2313378],[-58.1582053,-32.2307449],[-58.1575768,-32.2302843],[-58.1575358,-32.230256]]]}},{"type":"Feature","properties":{"ID":0,"NCM":"0100010000000426--","SEC":0,"GRU":0,"MANZ":426},"geometry":{"type":"Polygon","coordinates":[[[-58.1502924,-32.2300245],[-58.1501946,-32.230118],[-58.1499494,-32.230365],[-58.1505003,-32.2307676],[-58.1506566,-32.2308762],[-58.1509904,-32.230547],[-58.150985,-32.2305281],[-58.1509094,-32.230474],[-58.1502924,-32.2300245]]]}},{"type":"Feature","properties":{"ID":0,"NCM":"0100010000000664--","SEC":0,"GRU":0,"MANZ":664},"geometry":{"type":"Polygon","coordinates":[[[-58.1336913,-32.2298561],[-58.1333262,-32.2302225],[-58.1331009,-32.2304551],[-58.1331441,-32.2304838],[-58.1334597,-32.2307097],[-58.1337709,-32.2309345],[-58.1338022,-32.230933],[-58.1338314,-32.2309032],[-58.1341716,-32.2305635],[-58.1343554,-32.2303782],[-58.134371,-32.2303521],[-58.1343562,-32.2303317],[-58.1342207,-32.2302371],[-58.1336913,-32.2298561]]]}},{"type":"Feature","properties":{"ID":0,"NCM":"0100010000000646--","SEC":0,"GRU":0,"MANZ":646},"geometry":{"type":"Polygon","coordinates":[[[-58.1352723,-32.2297424],[-58.134945,-32.2300718],[-58.1346868,-32.2303364],[-58.1351693,-32.2306862],[-58.1353702,-32.2308312],[-58.1354065,-32.2307955],[-58.1356347,-32.2305667],[-58.135964,-32.2302387],[-58.1352723,-32.2297424]]]}},{"type":"Feature","properties":{"ID":0,"NCM":"0100010000000451--","SEC":0,"GRU":0,"MANZ":451},"geometry":{"type":"Polygon","coordinates":[[[-58.1486635,-32.231143],[-58.1483942,-32.2314133],[-58.1485239,-32.2315055],[-58.1485671,-32.2315008],[-58.148816,-32.2312513],[-58.1486635,-32.231143]]]}},{"type":"Feature","properties":{"ID":0,"NCM":"0100010000000422--","SEC":0,"GRU":0,"MANZ":422},"geometry":{"type":"Polygon","coordinates":[[[-58.1478558,-32.2324865],[-58.1472846,-32.233064],[-58.1479545,-32.2335463],[-58.1480311,-32.2335509],[-58.1485546,-32.2330087],[-58.1478558,-32.2324865]]]}},{"type":"Feature","properties":{"ID":0,"NCM":"0100010000000266--","SEC":0,"GRU":0,"MANZ":266},"geometry":{"type":"Polygon","coordinates":[[[-58.1582512,-32.2323969],[-58.158221,-32.2324277],[-58.1572021,-32.2335218],[-58.1575549,-32.2337691],[-58.1582512,-32.2323969]]]}},{"type":"Feature","properties":{"ID":0,"NCM":"0100010000000369--","SEC":0,"GRU":0,"MANZ":369},"geometry":{"type":"Polygon","coordinates":[[[-58.1515321,-32.2326665],[-58.1513973,-32.232575],[-58.1508271,-32.2331656],[-58.1509462,-32.2332506],[-58.1511398,-32.2333859],[-58.1517088,-32.2327973],[-58.1517149,-32.2327903],[-58.1515321,-32.2326665]]]}},{"type":"Feature","properties":{"ID":0,"NCM":"0100010000000524--","SEC":0,"GRU":0,"MANZ":524},"geometry":{"type":"Polygon","coordinates":[[[-58.1398711,-32.2330443],[-58.1385411,-32.2343667],[-58.1401074,-32.2354728],[-58.1414377,-32.2341505],[-58.1398711,-32.2330443]]]}},{"type":"Feature","properties":{"ID":0,"NCM":"0100010000000315--","SEC":0,"GRU":0,"MANZ":315},"geometry":{"type":"Polygon","coordinates":[[[-58.1527512,-32.233537],[-58.1521682,-32.2341262],[-58.1528672,-32.2346142],[-58.1534502,-32.2340251],[-58.1527512,-32.233537]]]}},{"type":"Feature","properties":{"ID":0,"NCM":"0100010000000398--","SEC":0,"GRU":0,"MANZ":398},"geometry":{"type":"Polygon","coordinates":[[[-58.1506761,-32.2311767],[-58.1506345,-32.2311802],[-58.1502849,-32.2315418],[-58.1509955,-32.2320492],[-58.1510104,-32.2320594],[-58.1513274,-32.2317308],[-58.1513822,-32.2316797],[-58.1513777,-32.2316767],[-58.1506761,-32.2311767]]]}},{"type":"Feature","properties":{"ID":0,"NCM":"0100010000000424--","SEC":0,"GRU":0,"MANZ":424},"geometry":{"type":"Polygon","coordinates":[[[-58.1493113,-32.2310725],[-58.1492671,-32.2310762],[-58.1490202,-32.2313252],[-58.1497202,-32.2318267],[-58.1499669,-32.2315782],[-58.1499633,-32.2315399],[-58.1493113,-32.2310725]]]}},{"type":"Feature","properties":{"ID":0,"NCM":"0100010000000028--","SEC":0,"GRU":0,"MANZ":28},"geometry":{"type":"Polygon","coordinates":[[[-58.142103,-32.2308016],[-58.1415272,-32.2313671],[-58.1415281,-32.2314051],[-58.1422458,-32.2319206],[-58.1422613,-32.2319237],[-58.1428483,-32.2313333],[-58.1425519,-32.2311217],[-58.142103,-32.2308016]]]}},{"type":"Feature","properties":{"ID":0,"NCM":"0100010000000002--","SEC":0,"GRU":0,"MANZ":2},"geometry":{"type":"Polygon","coordinates":[[[-58.1437105,-32.2307273],[-58.143688,-32.2307283],[-58.1431078,-32.2313137],[-58.143514,-32.2316077],[-58.1437557,-32.2317786],[-58.1443325,-32.2311988],[-58.1443281,-32.2311759],[-58.1441037,-32.2310112],[-58.1437105,-32.2307273]]]}},{"type":"Feature","properties":{"ID":0,"NCM":"0100010000000682--","SEC":0,"GRU":0,"MANZ":682},"geometry":{"type":"Polygon","coordinates":[[[-58.131385,-32.2307138],[-58.1310305,-32.2310698],[-58.1310142,-32.2310868],[-58.1310064,-32.2310954],[-58.1307922,-32.2313092],[-58.1308043,-32.2313182],[-58.1311378,-32.2315554],[-58.1314873,-32.2318017],[-58.1320799,-32.2312154],[-58.1320631,-32.2312035],[-58.1317075,-32.2309442],[-58.131385,-32.2307138]]]}},{"type":"Feature","properties":{"ID":0,"NCM":"0100010000000371--","SEC":0,"GRU":0,"MANZ":371},"geometry":{"type":"Polygon","coordinates":[[[-58.1520412,-32.2312756],[-58.1517003,-32.2316097],[-58.1517034,-32.2316401],[-58.1523639,-32.2321221],[-58.1523948,-32.2321199],[-58.1526947,-32.2318181],[-58.1527537,-32.231759],[-58.152752,-32.2317429],[-58.15257,-32.2316227],[-58.1520412,-32.2312756]]]}},{"type":"Feature","properties":{"ID":0,"NCM":"0100010000000319--","SEC":0,"GRU":0,"MANZ":319},"geometry":{"type":"Polygon","coordinates":[[[-58.1551867,-32.2310794],[-58.1546009,-32.2316552],[-58.1548471,-32.2318331],[-58.1553161,-32.2321702],[-58.155881,-32.2316016],[-58.1558987,-32.2315846],[-58.1558629,-32.2315601],[-58.1557333,-32.2314682],[-58.1551867,-32.2310794]]]}},{"type":"Feature","properties":{"ID":0,"NCM":"0100010000000558--","SEC":0,"GRU":0,"MANZ":558},"geometry":{"type":"Polygon","coordinates":[[[-58.1404791,-32.2309611],[-58.1398907,-32.231557],[-58.1402177,-32.2317923],[-58.1402053,-32.2318048],[-58.140149,-32.2318635],[-58.1405192,-32.23213],[-58.1411806,-32.2314661],[-58.1404791,-32.2309611]]]}},{"type":"Feature","properties":{"ID":0,"NCM":"0100010000000344--","SEC":0,"GRU":0,"MANZ":344},"geometry":{"type":"Polygon","coordinates":[[[-58.1536269,-32.2311989],[-58.1535772,-32.2312034],[-58.1533056,-32.2314719],[-58.1530654,-32.2317175],[-58.1535289,-32.2320538],[-58.1537673,-32.2322215],[-58.1542976,-32.2316908],[-58.1537837,-32.2313095],[-58.1536269,-32.2311989]]]}},{"type":"Feature","properties":{"ID":0,"NCM":"0100010000000663--","SEC":0,"GRU":0,"MANZ":663},"geometry":{"type":"Polygon","coordinates":[[[-58.132973,-32.2305897],[-58.1325576,-32.2310182],[-58.1323893,-32.2311924],[-58.1330648,-32.2316924],[-58.1336352,-32.2311281],[-58.1336642,-32.2311009],[-58.1334711,-32.230958],[-58.1334066,-32.23091],[-58.132973,-32.2305897]]]}},{"type":"Feature","properties":{"ID":0,"NCM":"0100010000000609--","SEC":0,"GRU":0,"MANZ":609},"geometry":{"type":"Polygon","coordinates":[[[-58.136368,-32.2328167],[-58.1369573,-32.2322167],[-58.1370927,-32.2320788],[-58.1376769,-32.2314839],[-58.1373459,-32.2312424],[-58.1371597,-32.2311069],[-58.1371228,-32.2310809],[-58.1367522,-32.2308124],[-58.1366852,-32.2308856],[-58.1364294,-32.2311418],[-58.1361965,-32.2313772],[-58.1357789,-32.2317905],[-58.1355251,-32.2320463],[-58.1354437,-32.232127],[-58.1354287,-32.2321405],[-58.1354662,-32.2321665],[-58.136368,-32.2328167]]]}},{"type":"Feature","properties":{"ID":0,"NCM":"0100010000000451--","SEC":0,"GRU":0,"MANZ":451},"geometry":{"type":"Polygon","coordinates":[[[-58.1481127,-32.2307516],[-58.1478654,-32.2309946],[-58.1478651,-32.2310002],[-58.1478687,-32.23104],[-58.1483747,-32.2313995],[-58.1486439,-32.2311291],[-58.1481127,-32.2307516]]]}},{"type":"Feature","properties":{"ID":0,"NCM":"0100010000000645--","SEC":0,"GRU":0,"MANZ":645},"geometry":{"type":"Polygon","coordinates":[[[-58.1345479,-32.2304789],[-58.1344073,-32.2306155],[-58.1341923,-32.2308336],[-58.1340237,-32.2310016],[-58.1339561,-32.231071],[-58.1343333,-32.2313481],[-58.134631,-32.2315655],[-58.1350425,-32.2311615],[-58.1352276,-32.2309734],[-58.1350602,-32.2308498],[-58.1350275,-32.2308234],[-58.1349745,-32.2307871],[-58.1345479,-32.2304789]]]}},{"type":"Feature","properties":{"ID":0,"NCM":"0100010000000502--","SEC":0,"GRU":0,"MANZ":502},"geometry":{"type":"Polygon","coordinates":[[[-58.1456123,-32.2308758],[-58.1452845,-32.230639],[-58.1452491,-32.2306404],[-58.1446999,-32.2311884],[-58.1447061,-32.2312174],[-58.1449683,-32.2314028],[-58.1453888,-32.2317058],[-58.1455045,-32.2315863],[-58.1459626,-32.2311289],[-58.1456123,-32.2308758]]]}},{"type":"Feature","properties":{"ID":0,"NCM":"0100010000000027--","SEC":0,"GRU":0,"MANZ":27},"geometry":{"type":"Polygon","coordinates":[[[-58.1428258,-32.2300892],[-58.1422291,-32.2306777],[-58.1429683,-32.2312127],[-58.1435593,-32.2306181],[-58.1429758,-32.2301969],[-58.1428258,-32.2300892]]]}},{"type":"Feature","properties":{"ID":0,"NCM":"0100010000000628--","SEC":0,"GRU":0,"MANZ":628},"geometry":{"type":"Polygon","coordinates":[[[-58.1361278,-32.2303586],[-58.1356241,-32.2308477],[-58.1355552,-32.2309189],[-58.1355287,-32.2309474],[-58.1357371,-32.2310989],[-58.1359494,-32.2312536],[-58.1359715,-32.2312309],[-58.1360532,-32.2311479],[-58.1362818,-32.2309169],[-58.1365356,-32.2306615],[-58.136331,-32.2305082],[-58.1361278,-32.2303586]]]}},{"type":"Feature","properties":{"ID":0,"NCM":"0100010000000345--","SEC":0,"GRU":0,"MANZ":345},"geometry":{"type":"Polygon","coordinates":[[[-58.1543347,-32.2304491],[-58.1537572,-32.2310224],[-58.153761,-32.2310525],[-58.1539028,-32.2311569],[-58.1544205,-32.2315341],[-58.1550157,-32.2309488],[-58.1543347,-32.2304491]]]}},{"type":"Feature","properties":{"ID":0,"NCM":"0100010000000282--","SEC":0,"GRU":0,"MANZ":282},"geometry":{"type":"Polygon","coordinates":[[[-58.1583654,-32.2308691],[-58.157787,-32.2314578],[-58.1584571,-32.2319284],[-58.1587916,-32.2311928],[-58.1583654,-32.2308691]]]}},{"type":"Feature","properties":{"ID":0,"NCM":"0100010000000372--","SEC":0,"GRU":0,"MANZ":372},"geometry":{"type":"Polygon","coordinates":[[[-58.1527595,-32.2305705],[-58.1527288,-32.230573],[-58.1521717,-32.2311247],[-58.1524243,-32.2312938],[-58.1528891,-32.2316108],[-58.1534408,-32.2310591],[-58.1532015,-32.230891],[-58.1527595,-32.2305705]]]}},{"type":"Feature","properties":{"ID":0,"NCM":"0100010000000683--","SEC":0,"GRU":0,"MANZ":683},"geometry":{"type":"Polygon","coordinates":[[[-58.1320969,-32.2299938],[-58.131528,-32.2305819],[-58.1315956,-32.2306325],[-58.1316634,-32.230683],[-58.1322073,-32.2310855],[-58.1323582,-32.2309356],[-58.1326448,-32.2306479],[-58.1327956,-32.230486],[-58.1327281,-32.230441],[-58.1320969,-32.2299938]]]}},{"type":"Feature","properties":{"ID":0,"NCM":"0100010000000299--","SEC":0,"GRU":0,"MANZ":299},"geometry":{"type":"Polygon","coordinates":[[[-58.1563682,-32.2316834],[-58.1565846,-32.2314608],[-58.1566263,-32.2314895],[-58.1569949,-32.2311211],[-58.1567883,-32.2309726],[-58.1562012,-32.2315669],[-58.1563682,-32.2316834]]]}},{"type":"Feature","properties":{"ID":0,"NCM":"0100010000000029--","SEC":0,"GRU":0,"MANZ":29},"geometry":{"type":"Polygon","coordinates":[[[-58.1412385,-32.2301851],[-58.1406552,-32.230782],[-58.141361,-32.2312851],[-58.1419608,-32.2307002],[-58.1412385,-32.2301851]]]}},{"type":"Feature","properties":{"ID":0,"NCM":"0100010000000476--","SEC":0,"GRU":0,"MANZ":476},"geometry":{"type":"Polygon","coordinates":[[[-58.1468424,-32.2305329],[-58.1466998,-32.2306755],[-58.1464577,-32.2309186],[-58.1462785,-32.2310962],[-58.1462784,-32.2311234],[-58.1466197,-32.2313682],[-58.1467402,-32.2314575],[-58.1469605,-32.2316165],[-58.1469768,-32.2316002],[-58.1473098,-32.2312729],[-58.1475297,-32.231054],[-58.1475261,-32.231027],[-58.1468424,-32.2305329]]]}},{"type":"Feature","properties":{"ID":0,"NCM":"0100010000000399--","SEC":0,"GRU":0,"MANZ":399},"geometry":{"type":"Polygon","coordinates":[[[-58.1511656,-32.2306593],[-58.1508335,-32.2309928],[-58.1508353,-32.2310163],[-58.1512132,-32.2312848],[-58.1515288,-32.2315127],[-58.1518651,-32.2311715],[-58.1515137,-32.2309135],[-58.1511656,-32.2306593]]]}},{"type":"Feature","properties":{"ID":0,"NCM":"0100010000000576--","SEC":0,"GRU":0,"MANZ":576},"geometry":{"type":"Polygon","coordinates":[[[-58.1396703,-32.2303788],[-58.1396304,-32.230384],[-58.1391042,-32.2309223],[-58.139062,-32.2309653],[-58.1397274,-32.231443],[-58.1403224,-32.2308484],[-58.1396703,-32.2303788]]]}},{"type":"Feature","properties":{"ID":0,"NCM":"0100010000000594--","SEC":0,"GRU":0,"MANZ":594},"geometry":{"type":"Polygon","coordinates":[[[-58.1383662,-32.230463],[-58.1383807,-32.230448],[-58.1385845,-32.230596],[-58.1385703,-32.2306108],[-58.1389099,-32.2308497],[-58.1394806,-32.2302535],[-58.1391458,-32.2300097],[-58.1389064,-32.2298358],[-58.1387919,-32.2297576],[-58.1386452,-32.2299092],[-58.1382895,-32.2302816],[-58.1382159,-32.2303538],[-58.1383662,-32.230463]]]}},{"type":"Feature","properties":{"ID":0,"NCM":"0100010000000593--","SEC":0,"GRU":0,"MANZ":593},"geometry":{"type":"Polygon","coordinates":[[[-58.1385703,-32.2306108],[-58.1385845,-32.230596],[-58.1383807,-32.230448],[-58.1383662,-32.230463],[-58.1382231,-32.2306054],[-58.1380772,-32.2305012],[-58.1374814,-32.2310958],[-58.1381602,-32.2315805],[-58.1387484,-32.2309809],[-58.1384271,-32.2307513],[-58.1384514,-32.230727],[-58.1385414,-32.2306414],[-58.1385703,-32.2306108]]]}},{"type":"Feature","properties":{"ID":0,"NCM":"0100010000001802--","SEC":0,"GRU":0,"MANZ":1802},"geometry":{"type":"Polygon","coordinates":[[[-58.1432835,-32.2086882],[-58.143274,-32.2086994],[-58.1432695,-32.208704],[-58.1432656,-32.2087084],[-58.1432574,-32.208717],[-58.1432543,-32.208722],[-58.1432501,-32.2087277],[-58.143247,-32.2087324],[-58.1432455,-32.2087377],[-58.1432415,-32.2087418],[-58.1432381,-32.2087469],[-58.1432362,-32.2087525],[-58.1432314,-32.2087577],[-58.1432177,-32.2087708],[-58.1432127,-32.2087753],[-58.1432069,-32.2087794],[-58.1431985,-32.208786],[-58.143185,-32.2087976],[-58.1431761,-32.2088037],[-58.143171,-32.2088082],[-58.1431565,-32.2088221],[-58.1431518,-32.2088262],[-58.1431475,-32.2088303],[-58.1431428,-32.2088341],[-58.1431383,-32.2088384],[-58.1431191,-32.2088558],[-58.1431125,-32.20886],[-58.1431049,-32.2088656],[-58.1430929,-32.2088768],[-58.1430872,-32.2088814],[-58.1430496,-32.2089174],[-58.1430304,-32.2089376],[-58.1430196,-32.2089479],[-58.1430117,-32.2089517],[-58.1430037,-32.2089527],[-58.1429969,-32.2089543],[-58.142991,-32.2089566],[-58.1429855,-32.2089608],[-58.1429808,-32.2089646],[-58.1429771,-32.2089706],[-58.142973,-32.2089762],[-58.1429693,-32.2089829],[-58.1429652,-32.2089871],[-58.1429608,-32.2089921],[-58.1429554,-32.2089972],[-58.1429505,-32.2090015],[-58.1429443,-32.2090054],[-58.1429383,-32.2090104],[-58.1429327,-32.2090144],[-58.142927,-32.2090209],[-58.1429206,-32.209027],[-58.1429115,-32.2090364],[-58.1429005,-32.2090469],[-58.1428962,-32.2090507],[-58.1428909,-32.2090537],[-58.1428812,-32.2090596],[-58.1428723,-32.2090663],[-58.1428674,-32.2090703],[-58.14286,-32.2090733],[-58.1428417,-32.209088],[-58.1428341,-32.2090921],[-58.1428218,-32.2091015],[-58.1428108,-32.209111],[-58.1428059,-32.209115],[-58.1427951,-32.2091246],[-58.1427894,-32.2091301],[-58.1427824,-32.2091365],[-58.142775,-32.2091407],[-58.1427699,-32.2091473],[-58.1427625,-32.2091537],[-58.1427553,-32.2091575],[-58.142748,-32.2091645],[-58.1427406,-32.2091706],[-58.1427361,-32.2091745],[-58.1427316,-32.2091788],[-58.142724,-32.2091854],[-58.142716,-32.2091931],[-58.1427064,-32.2092015],[-58.1426914,-32.2092159],[-58.1426827,-32.2092204],[-58.1426735,-32.2092254],[-58.1426645,-32.2092306],[-58.1426537,-32.2092357],[-58.1426447,-32.2092426],[-58.142639,-32.209246],[-58.1426318,-32.2092525],[-58.1426253,-32.2092559],[-58.1426181,-32.2092625],[-58.1426131,-32.2092663],[-58.1426058,-32.2092722],[-58.1426008,-32.2092766],[-58.1425932,-32.2092835],[-58.1425882,-32.2092883],[-58.1425835,-32.2092925],[-58.1425728,-32.2093027],[-58.1425606,-32.209315],[-58.1425562,-32.2093193],[-58.1425527,-32.2093247],[-58.1425461,-32.209331],[-58.1425417,-32.2093366],[-58.142537,-32.2093435],[-58.1425305,-32.2093521],[-58.1425264,-32.2093567],[-58.1425239,-32.2093619],[-58.1425197,-32.209367],[-58.1425173,-32.2093731],[-58.1425129,-32.2093824],[-58.1425078,-32.2093914],[-58.142503,-32.2093961],[-58.1424993,-32.2094031],[-58.1424932,-32.2094089],[-58.1424869,-32.2094177],[-58.1424811,-32.2094253],[-58.1424644,-32.2094409],[-58.1424463,-32.2094606],[-58.1424395,-32.2094696],[-58.142435,-32.2094739],[-58.1424317,-32.2094787],[-58.1424276,-32.2094833],[-58.142421,-32.20949],[-58.1424173,-32.2094943],[-58.142414,-32.2094995],[-58.1424046,-32.2095126],[-58.142401,-32.2095188],[-58.1423972,-32.2095266],[-58.1423937,-32.209531],[-58.1423897,-32.2095372],[-58.1423858,-32.2095447],[-58.1423812,-32.2095529],[-58.1423764,-32.2095606],[-58.1423663,-32.2095745],[-58.1423611,-32.2095819],[-58.1423572,-32.2095894],[-58.1423529,-32.2095966],[-58.1423478,-32.2096025],[-58.1423422,-32.2096099],[-58.1423365,-32.2096157],[-58.14233,-32.209624],[-58.1422882,-32.209664],[-58.1422802,-32.2096699],[-58.142275,-32.2096749],[-58.1422696,-32.2096821],[-58.1422639,-32.2096876],[-58.1422464,-32.209706],[-58.1422414,-32.2097115],[-58.1422293,-32.2097235],[-58.1422236,-32.2097296],[-58.1422161,-32.2097368],[-58.1422092,-32.2097423],[-58.1422033,-32.2097452],[-58.1421982,-32.2097497],[-58.1421937,-32.2097533],[-58.1421877,-32.2097574],[-58.1421825,-32.2097606],[-58.1421767,-32.2097647],[-58.1421684,-32.2097713],[-58.1421595,-32.2097781],[-58.1421546,-32.2097827],[-58.1421487,-32.2097874],[-58.1421418,-32.2097933],[-58.1421336,-32.2097984],[-58.1421197,-32.209811],[-58.1421156,-32.2098152],[-58.1421108,-32.2098226],[-58.1421027,-32.2098359],[-58.1420989,-32.2098409],[-58.1420949,-32.2098475],[-58.142089,-32.2098531],[-58.1420842,-32.2098584],[-58.1420794,-32.209863],[-58.1420745,-32.2098673],[-58.1420693,-32.2098717],[-58.1420628,-32.2098754],[-58.1420574,-32.2098802],[-58.1420529,-32.2098838],[-58.1420457,-32.2098904],[-58.1420387,-32.2098964],[-58.1420275,-32.2099054],[-58.142023,-32.2099094],[-58.1420181,-32.2099137],[-58.1420072,-32.2099241],[-58.1420033,-32.2099282],[-58.141993,-32.209938],[-58.1419886,-32.2099426],[-58.141978,-32.2099527],[-58.1419723,-32.2099558],[-58.1419659,-32.2099595],[-58.1419612,-32.2099636],[-58.1419538,-32.2099679],[-58.1419498,-32.209972],[-58.141946,-32.209975],[-58.1419446,-32.2099787],[-58.1419412,-32.2099822],[-58.1418672,-32.2100478],[-58.142453,-32.210471],[-58.1430722,-32.2098793],[-58.1432805,-32.2096769],[-58.1438717,-32.2091118],[-58.1432835,-32.2086882]]]}},{"type":"Feature","properties":{"ID":0,"NCM":"0100010000000781--","SEC":0,"GRU":0,"MANZ":781},"geometry":{"type":"Polygon","coordinates":[[[-58.1468331,-32.2091609],[-58.1468039,-32.2091902],[-58.1463227,-32.2096692],[-58.145747,-32.210239],[-58.1459843,-32.2104114],[-58.1466082,-32.2108672],[-58.1466517,-32.2108555],[-58.1476683,-32.2098565],[-58.1476803,-32.2098302],[-58.1476657,-32.2097916],[-58.1476466,-32.2097796],[-58.1479089,-32.2095267],[-58.1470719,-32.2089205],[-58.1468331,-32.2091609]]]}},{"type":"Feature","properties":{"ID":0,"NCM":"0100010000001817--","SEC":0,"GRU":0,"MANZ":1817},"geometry":{"type":"Polygon","coordinates":[[[-58.1417899,-32.2101147],[-58.1417839,-32.2101178],[-58.1417767,-32.2101237],[-58.1417652,-32.2101348],[-58.1417593,-32.2101408],[-58.1417541,-32.2101464],[-58.141742,-32.2101588],[-58.1417378,-32.2101651],[-58.1417271,-32.2101776],[-58.141723,-32.2101843],[-58.1417087,-32.210206],[-58.1417035,-32.2102127],[-58.1416982,-32.2102186],[-58.1416942,-32.2102251],[-58.1416889,-32.2102309],[-58.1416833,-32.2102377],[-58.141673,-32.2102496],[-58.1416596,-32.2102632],[-58.1416471,-32.2102768],[-58.1416408,-32.2102831],[-58.1416354,-32.2102904],[-58.1416301,-32.2102962],[-58.141626,-32.2103026],[-58.1416199,-32.2103088],[-58.1416156,-32.2103157],[-58.1416123,-32.2103226],[-58.1416055,-32.2103307],[-58.1416004,-32.2103369],[-58.1415954,-32.2103442],[-58.1415839,-32.2103573],[-58.1415652,-32.2103768],[-58.14156,-32.2103824],[-58.141554,-32.2103886],[-58.1415482,-32.2103941],[-58.1415297,-32.2104112],[-58.1415172,-32.2104239],[-58.1415111,-32.2104298],[-58.1415049,-32.2104365],[-58.1415003,-32.2104426],[-58.1414945,-32.2104496],[-58.1414892,-32.2104572],[-58.1414837,-32.2104631],[-58.1414794,-32.2104697],[-58.1414738,-32.2104775],[-58.1414676,-32.2104842],[-58.1414635,-32.2104905],[-58.141458,-32.2104983],[-58.1414535,-32.210505],[-58.1414483,-32.2105107],[-58.1414444,-32.2105172],[-58.1414389,-32.2105235],[-58.141433,-32.2105295],[-58.1414284,-32.2105361],[-58.1414233,-32.2105424],[-58.1414168,-32.2105489],[-58.1414119,-32.2105561],[-58.1414064,-32.2105625],[-58.1413935,-32.2105755],[-58.1413861,-32.2105835],[-58.1413808,-32.2105899],[-58.1413755,-32.2105975],[-58.1413693,-32.2106042],[-58.1413642,-32.210612],[-58.1413586,-32.210618],[-58.1413542,-32.2106253],[-58.1413487,-32.2106313],[-58.1413448,-32.2106378],[-58.1413397,-32.2106441],[-58.1413291,-32.2106564],[-58.1413232,-32.2106627],[-58.1413036,-32.2106827],[-58.1412991,-32.2106894],[-58.1412921,-32.210697],[-58.1412869,-32.2107029],[-58.1412543,-32.2107362],[-58.1412435,-32.210748],[-58.1412235,-32.2107683],[-58.1412121,-32.2107806],[-58.1412066,-32.2107863],[-58.1412006,-32.2107935],[-58.1411899,-32.2108051],[-58.1411777,-32.2108183],[-58.1411711,-32.210825],[-58.1410165,-32.210993],[-58.1410101,-32.2109996],[-58.1410051,-32.2110054],[-58.1409991,-32.2110119],[-58.1409925,-32.2110186],[-58.1409796,-32.2110325],[-58.1409727,-32.2110406],[-58.1409605,-32.2110541],[-58.140955,-32.2110619],[-58.1409493,-32.2110692],[-58.1409441,-32.2110748],[-58.1409382,-32.2110808],[-58.1409339,-32.2110874],[-58.1409274,-32.2110947],[-58.1409229,-32.2111018],[-58.1409123,-32.2111158],[-58.1409086,-32.2111225],[-58.1409034,-32.2111281],[-58.1408975,-32.2111341],[-58.1408899,-32.211144],[-58.1408825,-32.2111517],[-58.1408746,-32.2111593],[-58.1408413,-32.2111932],[-58.1408291,-32.2112064],[-58.1408242,-32.2112132],[-58.1408193,-32.211219],[-58.1408128,-32.2112249],[-58.1408067,-32.2112307],[-58.1408005,-32.211236],[-58.1407944,-32.2112418],[-58.1407876,-32.2112466],[-58.140775,-32.211258],[-58.1407682,-32.2112631],[-58.1407563,-32.211276],[-58.140751,-32.2112821],[-58.1407449,-32.2112883],[-58.1407337,-32.2113004],[-58.1407221,-32.2113138],[-58.1407166,-32.2113219],[-58.1407106,-32.211329],[-58.1407041,-32.2113361],[-58.1406855,-32.211355],[-58.1406796,-32.2113613],[-58.1406649,-32.2113764],[-58.1406372,-32.2114035],[-58.1406289,-32.2114102],[-58.1406219,-32.2114163],[-58.1406153,-32.211423],[-58.1406093,-32.2114302],[-58.1405964,-32.2114441],[-58.1405899,-32.2114503],[-58.1405834,-32.2114559],[-58.1405761,-32.2114612],[-58.1405686,-32.2114649],[-58.1405612,-32.2114692],[-58.1405533,-32.2114747],[-58.140542,-32.2114862],[-58.1405361,-32.2114926],[-58.1405288,-32.2114993],[-58.1405251,-32.2115019],[-58.1404851,-32.2115531],[-58.1409512,-32.2119054],[-58.1409795,-32.2118785],[-58.1410286,-32.2118274],[-58.1411136,-32.2117452],[-58.1418172,-32.2110044],[-58.1420038,-32.2109119],[-58.1420865,-32.2108242],[-58.1423354,-32.2105845],[-58.1423692,-32.2105529],[-58.1417899,-32.2101147]]]}},{"type":"Feature","properties":{"ID":0,"NCM":"0100010000000758--","SEC":0,"GRU":0,"MANZ":758},"geometry":{"type":"Polygon","coordinates":[[[-58.1480526,-32.2096226],[-58.1476341,-32.210049],[-58.1474542,-32.2102325],[-58.14811,-32.2107187],[-58.1485842,-32.2102413],[-58.1487199,-32.2101053],[-58.1483186,-32.2098124],[-58.148244,-32.2097611],[-58.1480526,-32.2096226]]]}},{"type":"Feature","properties":{"ID":0,"NCM":"0100010000000716--","SEC":0,"GRU":0,"MANZ":716},"geometry":{"type":"Polygon","coordinates":[[[-58.1497261,-32.2108358],[-58.1491419,-32.211438],[-58.149829,-32.2119269],[-58.1504132,-32.2113247],[-58.1497261,-32.2108358]]]}},{"type":"Feature","properties":{"ID":0,"NCM":"0100010000000737--","SEC":0,"GRU":0,"MANZ":737},"geometry":{"type":"Polygon","coordinates":[[[-58.1488643,-32.2102267],[-58.1483407,-32.2107551],[-58.1483385,-32.2107582],[-58.1482811,-32.2108123],[-58.1485435,-32.2109937],[-58.1489727,-32.2112942],[-58.1495661,-32.2106995],[-58.1489985,-32.2103159],[-58.1488643,-32.2102267]]]}},{"type":"Feature","properties":{"ID":0,"NCM":"0100010000000757--","SEC":0,"GRU":0,"MANZ":757},"geometry":{"type":"Polygon","coordinates":[[[-58.1472926,-32.2103829],[-58.1470045,-32.2106657],[-58.1467312,-32.2109317],[-58.1467357,-32.2109585],[-58.147377,-32.2114185],[-58.1474122,-32.2114154],[-58.1479723,-32.2108516],[-58.1477529,-32.2106986],[-58.1472958,-32.2103845],[-58.1472926,-32.2103829]]]}},{"type":"Feature","properties":{"ID":0,"NCM":"0100010000000780--","SEC":0,"GRU":0,"MANZ":780},"geometry":{"type":"Polygon","coordinates":[[[-58.1457347,-32.2104662],[-58.1451471,-32.2110524],[-58.1451468,-32.2110639],[-58.1458007,-32.211548],[-58.1458041,-32.211551],[-58.145826,-32.2115663],[-58.1459799,-32.2114068],[-58.1463974,-32.2109811],[-58.1464204,-32.2109565],[-58.1464163,-32.2109538],[-58.1457347,-32.2104662]]]}},{"type":"Feature","properties":{"ID":0,"NCM":"0100010000000802--","SEC":0,"GRU":0,"MANZ":802},"geometry":{"type":"Polygon","coordinates":[[[-58.1438849,-32.2108498],[-58.143554,-32.2111773],[-58.1442457,-32.2116775],[-58.1448465,-32.2110776],[-58.1441604,-32.2105772],[-58.1440696,-32.210667],[-58.1438849,-32.2108498]]]}},{"type":"Feature","properties":{"ID":0,"NCM":"0100010000000803--","SEC":0,"GRU":0,"MANZ":803},"geometry":{"type":"Polygon","coordinates":[[[-58.1449066,-32.2098523],[-58.1443078,-32.2104453],[-58.1449713,-32.2109469],[-58.1455654,-32.2103511],[-58.1449066,-32.2098523]]]}},{"type":"Feature","properties":{"ID":0,"NCM":"0100010000000819--","SEC":0,"GRU":0,"MANZ":819},"geometry":{"type":"Polygon","coordinates":[[[-58.1432319,-32.21004],[-58.1427045,-32.2105619],[-58.1433926,-32.2110604],[-58.1437242,-32.2107322],[-58.1438849,-32.2108498],[-58.1440696,-32.210667],[-58.1439094,-32.2105471],[-58.1432319,-32.21004]]]}},{"type":"Feature","properties":{"ID":0,"NCM":"0100010000000818--","SEC":0,"GRU":0,"MANZ":818},"geometry":{"type":"Polygon","coordinates":[[[-58.1425592,-32.2107009],[-58.1419409,-32.2112969],[-58.1426253,-32.2117979],[-58.1432389,-32.2111986],[-58.1425592,-32.2107009]]]}},{"type":"Feature","properties":{"ID":0,"NCM":"0100010000000817--","SEC":0,"GRU":0,"MANZ":817},"geometry":{"type":"Polygon","coordinates":[[[-58.141824,-32.2114096],[-58.1412032,-32.2120079],[-58.1418852,-32.2125209],[-58.1425012,-32.2119191],[-58.141824,-32.2114096]]]}},{"type":"Feature","properties":{"ID":0,"NCM":"0100010000000736--","SEC":0,"GRU":0,"MANZ":736},"geometry":{"type":"Polygon","coordinates":[[[-58.1481652,-32.2109418],[-58.147553,-32.2115376],[-58.148244,-32.2120475],[-58.1488475,-32.211433],[-58.1485161,-32.2111942],[-58.1481652,-32.2109418]]]}},{"type":"Feature","properties":{"ID":0,"NCM":"0100010000001815--","SEC":0,"GRU":0,"MANZ":1815},"geometry":{"type":"Polygon","coordinates":[[[-58.1404265,-32.2116897],[-58.140425,-32.2116924],[-58.1404195,-32.211698],[-58.1404134,-32.2117084],[-58.1404036,-32.2117185],[-58.140398,-32.2117238],[-58.1403911,-32.2117282],[-58.1403854,-32.2117323],[-58.1403779,-32.2117356],[-58.140368,-32.2117417],[-58.1403615,-32.2117465],[-58.1403571,-32.2117502],[-58.1403505,-32.2117545],[-58.1403448,-32.2117585],[-58.1403362,-32.211765],[-58.1403239,-32.2117772],[-58.1403183,-32.2117825],[-58.1403135,-32.2117866],[-58.1403083,-32.2117919],[-58.1403039,-32.2117972],[-58.140299,-32.2118039],[-58.1402952,-32.2118081],[-58.14029,-32.211817],[-58.1402854,-32.211823],[-58.1402791,-32.2118362],[-58.1402736,-32.2118443],[-58.1402703,-32.2118488],[-58.1402648,-32.2118575],[-58.140259,-32.2118645],[-58.1402492,-32.2118752],[-58.1402449,-32.2118796],[-58.1402401,-32.2118852],[-58.1402345,-32.2118908],[-58.1402297,-32.2118961],[-58.1402142,-32.2119118],[-58.1402095,-32.2119162],[-58.1401883,-32.2119377],[-58.140182,-32.2119449],[-58.1401742,-32.2119549],[-58.1401619,-32.2119674],[-58.1401581,-32.211972],[-58.1401474,-32.2119832],[-58.1401429,-32.2119881],[-58.1401387,-32.2119924],[-58.1401353,-32.211998],[-58.1401319,-32.2120025],[-58.140124,-32.2120113],[-58.1401177,-32.2120241],[-58.1401139,-32.2120301],[-58.1401101,-32.2120383],[-58.1401069,-32.2120429],[-58.1401014,-32.2120521],[-58.1400978,-32.2120565],[-58.1400884,-32.212066],[-58.1400785,-32.2120772],[-58.1400731,-32.2120848],[-58.1400688,-32.2120895],[-58.1400639,-32.212098],[-58.1400594,-32.2121029],[-58.1400497,-32.2121128],[-58.1400438,-32.2121167],[-58.1400375,-32.212123],[-58.1400331,-32.2121268],[-58.1400265,-32.212131],[-58.1400206,-32.2121334],[-58.1400149,-32.212136],[-58.1400082,-32.2121396],[-58.1400023,-32.2121423],[-58.1399901,-32.2121504],[-58.1399812,-32.212157],[-58.1399721,-32.2121634],[-58.1399615,-32.2121726],[-58.1399561,-32.212176],[-58.1399518,-32.2121804],[-58.1399468,-32.2121847],[-58.1399413,-32.2121885],[-58.1399317,-32.2121982],[-58.1399281,-32.2122026],[-58.1399211,-32.2122101],[-58.1399157,-32.2122162],[-58.1399114,-32.2122228],[-58.1399027,-32.2122334],[-58.139899,-32.2122382],[-58.1398939,-32.2122442],[-58.1398866,-32.2122519],[-58.1398771,-32.2122616],[-58.1398729,-32.2122655],[-58.1398567,-32.2122819],[-58.1398506,-32.2122874],[-58.1398434,-32.2122943],[-58.1398382,-32.2122975],[-58.1398337,-32.2123017],[-58.1398238,-32.2123085],[-58.1398174,-32.2123132],[-58.1398125,-32.2123178],[-58.139797,-32.2123296],[-58.1397743,-32.2123527],[-58.13977,-32.2123578],[-58.139767,-32.2123626],[-58.1397634,-32.2123681],[-58.1397589,-32.212373],[-58.1397532,-32.2123788],[-58.1397427,-32.2123905],[-58.1397388,-32.2123955],[-58.1397224,-32.2124132],[-58.1397122,-32.2124236],[-58.1397073,-32.2124283],[-58.1396906,-32.2124452],[-58.139686,-32.2124494],[-58.1396553,-32.2124806],[-58.1396455,-32.2124949],[-58.1396319,-32.2125098],[-58.1396253,-32.2125165],[-58.1396215,-32.212521],[-58.1395984,-32.2125445],[-58.1395925,-32.2125502],[-58.1395828,-32.21256],[-58.1395767,-32.2125647],[-58.139569,-32.2125718],[-58.1395532,-32.2125879],[-58.139539,-32.2126026],[-58.1395333,-32.2126109],[-58.1395296,-32.2126151],[-58.1395233,-32.2126232],[-58.1395192,-32.2126278],[-58.1395126,-32.2126369],[-58.1394571,-32.2126933],[-58.1394504,-32.2126997],[-58.1394463,-32.212704],[-58.1394409,-32.2127109],[-58.1394369,-32.2127156],[-58.1394324,-32.2127202],[-58.1394275,-32.2127298],[-58.1394195,-32.2127383],[-58.1394162,-32.2127434],[-58.1394107,-32.2127491],[-58.1394031,-32.2127571],[-58.1393993,-32.2127617],[-58.1393914,-32.2127704],[-58.1393841,-32.2127778],[-58.1393784,-32.212784],[-58.1393669,-32.2127956],[-58.1393616,-32.2127993],[-58.1393565,-32.2128037],[-58.1393504,-32.2128081],[-58.1393408,-32.2128139],[-58.1393308,-32.2128226],[-58.1393226,-32.2128303],[-58.1393173,-32.2128331],[-58.1393063,-32.2128442],[-58.1392999,-32.2128504],[-58.1392951,-32.2128545],[-58.1392901,-32.2128596],[-58.1392829,-32.2128677],[-58.1392771,-32.2128753],[-58.1392654,-32.2128897],[-58.1392593,-32.2128959],[-58.1392529,-32.2129039],[-58.1392433,-32.2129151],[-58.1392338,-32.212929],[-58.1392231,-32.2129406],[-58.1392106,-32.2129533],[-58.1392015,-32.2129597],[-58.1391973,-32.2129636],[-58.1391917,-32.2129677],[-58.1391864,-32.2129721],[-58.1391822,-32.212976],[-58.1391767,-32.2129798],[-58.1391704,-32.2129855],[-58.1391651,-32.2129883],[-58.1391598,-32.2129915],[-58.1391555,-32.2129956],[-58.1391502,-32.2129984],[-58.139145,-32.2130016],[-58.1391404,-32.2130059],[-58.1391363,-32.2130101],[-58.1391313,-32.2130159],[-58.1391279,-32.2130207],[-58.1391253,-32.2130263],[-58.1391221,-32.2130315],[-58.1390686,-32.2130605],[-58.1395598,-32.2134588],[-58.1402019,-32.2127825],[-58.1402579,-32.2127525],[-58.1402923,-32.2127372],[-58.1403082,-32.2127293],[-58.1404164,-32.2126357],[-58.1404734,-32.2125832],[-58.1406171,-32.2124298],[-58.1406926,-32.2123295],[-58.1407654,-32.2121907],[-58.1408083,-32.2120702],[-58.1408323,-32.2120267],[-58.1408479,-32.2120083],[-58.1404265,-32.2116897]]]}},{"type":"Feature","properties":{"ID":0,"NCM":"0100010000000735--","SEC":0,"GRU":0,"MANZ":735},"geometry":{"type":"Polygon","coordinates":[[[-58.1474064,-32.2116944],[-58.1468117,-32.2122806],[-58.1475178,-32.2127797],[-58.1481201,-32.2121856],[-58.1474064,-32.2116944]]]}},{"type":"Feature","properties":{"ID":0,"NCM":"0100010000000779--","SEC":0,"GRU":0,"MANZ":779},"geometry":{"type":"Polygon","coordinates":[[[-58.14499,-32.2112144],[-58.1447601,-32.2114356],[-58.1446357,-32.2115613],[-58.1444087,-32.2117837],[-58.1444111,-32.211808],[-58.1445702,-32.2119214],[-58.1450808,-32.2122904],[-58.1456585,-32.2116978],[-58.1452443,-32.2113989],[-58.14499,-32.2112144]]]}},{"type":"Feature","properties":{"ID":0,"NCM":"0100010000000756--","SEC":0,"GRU":0,"MANZ":756},"geometry":{"type":"Polygon","coordinates":[[[-58.1465695,-32.2110746],[-58.1459718,-32.2116748],[-58.146665,-32.2121633],[-58.1472588,-32.211567],[-58.1471564,-32.211493],[-58.1465695,-32.2110746]]]}},{"type":"Feature","properties":{"ID":0,"NCM":"0100010000000816--","SEC":0,"GRU":0,"MANZ":816},"geometry":{"type":"Polygon","coordinates":[[[-58.1410634,-32.2121598],[-58.1404743,-32.2127557],[-58.1411709,-32.2132531],[-58.1417645,-32.2126527],[-58.1410634,-32.2121598]]]}},{"type":"Feature","properties":{"ID":0,"NCM":"0100010000000714--","SEC":0,"GRU":0,"MANZ":714},"geometry":{"type":"Polygon","coordinates":[[[-58.1482742,-32.2122946],[-58.1480113,-32.2125532],[-58.1476623,-32.2128981],[-58.1483555,-32.2133828],[-58.1489404,-32.2127889],[-58.1482742,-32.2122946]]]}},{"type":"Feature","properties":{"ID":0,"NCM":"0100010000000777--","SEC":0,"GRU":0,"MANZ":777},"geometry":{"type":"Polygon","coordinates":[[[-58.1436006,-32.2126003],[-58.1433741,-32.212827],[-58.1432723,-32.2129313],[-58.1429506,-32.2132393],[-58.1429594,-32.2132809],[-58.1433616,-32.213576],[-58.1436062,-32.2137536],[-58.1436294,-32.2137516],[-58.1438001,-32.2135784],[-58.1439601,-32.2134187],[-58.1439992,-32.2133774],[-58.1442072,-32.2131647],[-58.1442029,-32.2131432],[-58.1439634,-32.2129746],[-58.1438415,-32.212888],[-58.1439087,-32.2128209],[-58.1438285,-32.212761],[-58.1436006,-32.2126003]]]}},{"type":"Feature","properties":{"ID":0,"NCM":"0100010000000734--","SEC":0,"GRU":0,"MANZ":734},"geometry":{"type":"Polygon","coordinates":[[[-58.1466908,-32.2124141],[-58.1461597,-32.2129468],[-58.1461571,-32.2129497],[-58.1460886,-32.2130203],[-58.1465347,-32.2133477],[-58.1467716,-32.2135211],[-58.1470591,-32.2132373],[-58.1472864,-32.2130137],[-58.1473866,-32.212913],[-58.147029,-32.2126563],[-58.1466908,-32.2124141]]]}},{"type":"Feature","properties":{"ID":0,"NCM":"0100010000000207--","SEC":0,"GRU":0,"MANZ":207},"geometry":{"type":"Polygon","coordinates":[[[-58.138972,-32.2132492],[-58.1389468,-32.2132741],[-58.1389402,-32.2132792],[-58.1389339,-32.2132844],[-58.1389282,-32.2132898],[-58.1389222,-32.2132951],[-58.1389163,-32.213301],[-58.1389095,-32.2133061],[-58.1388962,-32.2133172],[-58.1388904,-32.2133226],[-58.1388834,-32.2133282],[-58.1388768,-32.2133343],[-58.1388703,-32.2133398],[-58.1388554,-32.2133512],[-58.1388496,-32.2133567],[-58.1388436,-32.2133618],[-58.1388379,-32.2133671],[-58.13883,-32.2133728],[-58.138823,-32.2133776],[-58.1388154,-32.2133823],[-58.1387995,-32.2133904],[-58.1387917,-32.2133948],[-58.1387697,-32.2134112],[-58.1387577,-32.2134214],[-58.1387487,-32.2134274],[-58.1387346,-32.2134359],[-58.1387266,-32.2134413],[-58.1387192,-32.2134455],[-58.1387119,-32.2134499],[-58.1387038,-32.2134544],[-58.1386884,-32.2134626],[-58.1385205,-32.2135832],[-58.1385151,-32.2135886],[-58.1385093,-32.2135939],[-58.1384951,-32.2136032],[-58.1384866,-32.2136076],[-58.1384784,-32.213611],[-58.1384688,-32.2136157],[-58.1384609,-32.2136214],[-58.1384539,-32.2136283],[-58.1384412,-32.2136393],[-58.1384334,-32.2136447],[-58.1384258,-32.2136495],[-58.1384189,-32.2136543],[-58.1384122,-32.2136586],[-58.1384009,-32.2136693],[-58.1383933,-32.2136754],[-58.138385,-32.2136806],[-58.1383785,-32.2136851],[-58.1382996,-32.2137259],[-58.1388951,-32.2141395],[-58.1394465,-32.2135891],[-58.138972,-32.2132492]]]}},{"type":"Feature","properties":{"ID":0,"NCM":"0100010000000815--","SEC":0,"GRU":0,"MANZ":815},"geometry":{"type":"Polygon","coordinates":[[[-58.1403622,-32.2128691],[-58.1400903,-32.213144],[-58.1397842,-32.2134568],[-58.1397716,-32.2134672],[-58.1404505,-32.2139686],[-58.141039,-32.2133778],[-58.1403622,-32.2128691]]]}},{"type":"Feature","properties":{"ID":0,"NCM":"0100010000000754--","SEC":0,"GRU":0,"MANZ":754},"geometry":{"type":"Polygon","coordinates":[[[-58.1451067,-32.2125516],[-58.1446156,-32.2130481],[-58.1445304,-32.2131338],[-58.1451952,-32.2136193],[-58.1452103,-32.2136184],[-58.1457708,-32.2130556],[-58.1457672,-32.2130294],[-58.1451067,-32.2125516]]]}},{"type":"Feature","properties":{"ID":0,"NCM":"0100010000000799--","SEC":0,"GRU":0,"MANZ":799},"geometry":{"type":"Polygon","coordinates":[[[-58.1419635,-32.2127926],[-58.1419359,-32.2127995],[-58.1416849,-32.2130434],[-58.1415722,-32.2131554],[-58.1414911,-32.2132288],[-58.1412842,-32.2134315],[-58.141651,-32.2137118],[-58.1416983,-32.2136632],[-58.1420434,-32.2139165],[-58.1421564,-32.2138031],[-58.1423631,-32.2135929],[-58.1426402,-32.2133092],[-58.1426408,-32.2132942],[-58.142106,-32.2128978],[-58.1419635,-32.2127926]]]}},{"type":"Feature","properties":{"ID":0,"NCM":"0100010000000207--","SEC":0,"GRU":0,"MANZ":207},"geometry":{"type":"Polygon","coordinates":[[[-58.1395574,-32.2136685],[-58.1390099,-32.2142193],[-58.139735,-32.2147328],[-58.1402794,-32.2141857],[-58.1395574,-32.2136685]]]}},{"type":"Feature","properties":{"ID":0,"NCM":"0100010000000713--","SEC":0,"GRU":0,"MANZ":713},"geometry":{"type":"Polygon","coordinates":[[[-58.1475075,-32.2130303],[-58.146921,-32.2136276],[-58.1476127,-32.2141215],[-58.1476301,-32.214121],[-58.1481261,-32.2136168],[-58.1482092,-32.2135313],[-58.1475075,-32.2130303]]]}},{"type":"Feature","properties":{"ID":0,"NCM":"0100010000000208--","SEC":0,"GRU":0,"MANZ":208},"geometry":{"type":"Polygon","coordinates":[[[-58.1381344,-32.2138691],[-58.1381226,-32.2138922],[-58.138119,-32.2138972],[-58.1381134,-32.2139075],[-58.1381078,-32.2139194],[-58.1381049,-32.2139248],[-58.1380979,-32.2139421],[-58.1380961,-32.2139475],[-58.1380907,-32.2139588],[-58.1380879,-32.2139657],[-58.1380841,-32.2139723],[-58.1380822,-32.2139777],[-58.1380807,-32.2139836],[-58.1380731,-32.2140036],[-58.1380708,-32.2140087],[-58.1380671,-32.2140178],[-58.1380644,-32.2140251],[-58.1380615,-32.2140311],[-58.1380568,-32.2140429],[-58.1380532,-32.214049],[-58.1380515,-32.2140545],[-58.1380466,-32.2140649],[-58.1380444,-32.2140704],[-58.1380425,-32.2140755],[-58.1380405,-32.2140819],[-58.138037,-32.2140891],[-58.1380339,-32.2140949],[-58.138032,-32.2141005],[-58.1380273,-32.2141125],[-58.1380245,-32.2141177],[-58.1380218,-32.2141235],[-58.1380198,-32.2141289],[-58.1380148,-32.2141394],[-58.1380102,-32.2141519],[-58.138008,-32.214157],[-58.138002,-32.2141685],[-58.1379984,-32.2141742],[-58.1379927,-32.2141847],[-58.1379849,-32.2141962],[-58.137981,-32.2142024],[-58.1379782,-32.2142074],[-58.1379749,-32.2142123],[-58.1379724,-32.2142177],[-58.1379695,-32.2142226],[-58.137964,-32.2142338],[-58.1379602,-32.2142399],[-58.1379546,-32.2142512],[-58.1379516,-32.2142578],[-58.1379481,-32.2142625],[-58.1379441,-32.2142672],[-58.1379408,-32.2142719],[-58.137938,-32.2142771],[-58.1379347,-32.2142819],[-58.1379323,-32.214287],[-58.1379261,-32.2142988],[-58.1379236,-32.2143043],[-58.137922,-32.2143099],[-58.1379189,-32.2143149],[-58.1379162,-32.2143214],[-58.1379105,-32.2143333],[-58.1379084,-32.2143386],[-58.1379029,-32.2143488],[-58.1378983,-32.2143553],[-58.137894,-32.2143603],[-58.1378905,-32.2143653],[-58.1378863,-32.2143695],[-58.1378815,-32.2143747],[-58.1378779,-32.2143792],[-58.1378685,-32.2143894],[-58.1378647,-32.2143946],[-58.13786,-32.2144002],[-58.1378556,-32.2144045],[-58.137852,-32.2144091],[-58.1378467,-32.2144149],[-58.1378433,-32.2144195],[-58.1378352,-32.2144278],[-58.1378267,-32.2144376],[-58.1378231,-32.2144421],[-58.1378195,-32.2144477],[-58.1378154,-32.214452],[-58.1377977,-32.2144698],[-58.137793,-32.214475],[-58.1377884,-32.2144795],[-58.1377728,-32.2144917],[-58.137767,-32.2144957],[-58.1377586,-32.2145043],[-58.1377483,-32.2145143],[-58.1377439,-32.2145182],[-58.137738,-32.2145214],[-58.1377329,-32.2145246],[-58.1377228,-32.2145323],[-58.1377179,-32.2145363],[-58.1377118,-32.2145392],[-58.1376981,-32.2145431],[-58.1376946,-32.2145549],[-58.1376865,-32.2145876],[-58.1381311,-32.2148822],[-58.1382667,-32.2147419],[-58.1387555,-32.2142734],[-58.1381344,-32.2138691]]]}},{"type":"Feature","properties":{"ID":0,"NCM":"0100010000000733--","SEC":0,"GRU":0,"MANZ":733},"geometry":{"type":"Polygon","coordinates":[[[-58.1459502,-32.2131626],[-58.1453574,-32.2137515],[-58.146032,-32.2142425],[-58.1466405,-32.2136484],[-58.1459502,-32.2131626]]]}},{"type":"Feature","properties":{"ID":0,"NCM":"0100010000000753--","SEC":0,"GRU":0,"MANZ":753},"geometry":{"type":"Polygon","coordinates":[[[-58.14436,-32.2132796],[-58.1438988,-32.2137506],[-58.1437697,-32.2138802],[-58.1437906,-32.2138949],[-58.1438451,-32.2139344],[-58.1444479,-32.2143653],[-58.1444748,-32.2143618],[-58.1449876,-32.2138474],[-58.1450603,-32.2137737],[-58.1447986,-32.2135895],[-58.14436,-32.2132796]]]}},{"type":"Feature","properties":{"ID":0,"NCM":"0100010000000801--","SEC":0,"GRU":0,"MANZ":801},"geometry":{"type":"Polygon","coordinates":[[[-58.1434158,-32.2113282],[-58.1430816,-32.2116545],[-58.1437649,-32.2121494],[-58.1438968,-32.21202],[-58.144099,-32.2118201],[-58.1434158,-32.2113282]]]}},{"type":"Feature","properties":{"ID":0,"NCM":"0100010000000800--","SEC":0,"GRU":0,"MANZ":800},"geometry":{"type":"Polygon","coordinates":[[[-58.1429117,-32.2118204],[-58.1428023,-32.2119271],[-58.1431485,-32.2121777],[-58.1430906,-32.2122341],[-58.1430946,-32.212237],[-58.1430318,-32.2123001],[-58.142918,-32.2122137],[-58.1426906,-32.2120362],[-58.1420927,-32.2126487],[-58.1422128,-32.2127325],[-58.142517,-32.2129602],[-58.1427741,-32.2131517],[-58.1430485,-32.2128793],[-58.1433702,-32.2125513],[-58.1434375,-32.2124857],[-58.143604,-32.2123217],[-58.1429117,-32.2118204]]]}},{"type":"Feature","properties":{"ID":0,"NCM":"0100010000000778--","SEC":0,"GRU":0,"MANZ":778},"geometry":{"type":"Polygon","coordinates":[[[-58.1442582,-32.2119468],[-58.1439611,-32.2122384],[-58.1438788,-32.212325],[-58.1437061,-32.2124894],[-58.1436604,-32.2125348],[-58.1443559,-32.2130366],[-58.1449468,-32.2124437],[-58.1446965,-32.2122596],[-58.1442582,-32.2119468]]]}},{"type":"Feature","properties":{"ID":0,"NCM":"0100010000000755--","SEC":0,"GRU":0,"MANZ":755},"geometry":{"type":"Polygon","coordinates":[[[-58.1458244,-32.2118103],[-58.1452408,-32.2123952],[-58.1452452,-32.2124182],[-58.1459012,-32.2128934],[-58.1459298,-32.2128906],[-58.1465157,-32.2123154],[-58.1458272,-32.2118122],[-58.1458244,-32.2118103]]]}},{"type":"Feature","properties":{"ID":0,"NCM":"0100010000000715--","SEC":0,"GRU":0,"MANZ":715},"geometry":{"type":"Polygon","coordinates":[[[-58.1490021,-32.2115662],[-58.1484029,-32.2121581],[-58.1490814,-32.2126555],[-58.1496835,-32.2120608],[-58.1490021,-32.2115662]]]}},{"type":"Feature","properties":{"ID":0,"NCM":"0100010000000711--","SEC":0,"GRU":0,"MANZ":711},"geometry":{"type":"Polygon","coordinates":[[[-58.1460577,-32.2144951],[-58.1454627,-32.2150882],[-58.1461476,-32.2155785],[-58.1461819,-32.2155744],[-58.1467538,-32.2149937],[-58.1464028,-32.2147424],[-58.1460577,-32.2144951]]]}},{"type":"Feature","properties":{"ID":0,"NCM":"0100010000000691--","SEC":0,"GRU":0,"MANZ":691},"geometry":{"type":"Polygon","coordinates":[[[-58.147639,-32.2143723],[-58.1471295,-32.2148957],[-58.1470547,-32.2149745],[-58.1477324,-32.2154582],[-58.1483209,-32.214862],[-58.147639,-32.2143723]]]}},{"type":"Feature","properties":{"ID":0,"NCM":"0100010000001077--","SEC":0,"GRU":0,"MANZ":1077},"geometry":{"type":"Polygon","coordinates":[[[-58.1422456,-32.2242577],[-58.1421988,-32.2242716],[-58.1419254,-32.2245401],[-58.1419229,-32.2245885],[-58.1428998,-32.2252887],[-58.1429516,-32.2252915],[-58.1432416,-32.2250067],[-58.1432395,-32.2249701],[-58.1422456,-32.2242577]]]}},{"type":"Feature","properties":{"ID":0,"NCM":"0100010000000208--","SEC":0,"GRU":0,"MANZ":208},"geometry":{"type":"Polygon","coordinates":[[[-58.1388991,-32.2143218],[-58.1383003,-32.2149503],[-58.1383002,-32.2149888],[-58.1389877,-32.2154759],[-58.1390123,-32.2154741],[-58.1390865,-32.2153991],[-58.1394732,-32.2149959],[-58.1395456,-32.2149221],[-58.1396282,-32.2148398],[-58.1388991,-32.2143218]]]}},{"type":"Feature","properties":{"ID":0,"NCM":"0100010000000206--","SEC":0,"GRU":0,"MANZ":206},"geometry":{"type":"Polygon","coordinates":[[[-58.1404308,-32.2142941],[-58.1402468,-32.2144799],[-58.1401166,-32.2146106],[-58.1398926,-32.2148349],[-58.1398998,-32.2148582],[-58.1399217,-32.2148749],[-58.1405953,-32.2153668],[-58.1407566,-32.2152041],[-58.1409735,-32.2149861],[-58.1411427,-32.2148187],[-58.1411415,-32.2147998],[-58.1408971,-32.2146281],[-58.1404308,-32.2142941]]]}},{"type":"Feature","properties":{"ID":0,"NCM":"0100010000000671--","SEC":0,"GRU":0,"MANZ":671},"geometry":{"type":"Polygon","coordinates":[[[-58.1485101,-32.2149869],[-58.1484515,-32.2149995],[-58.1481759,-32.215286],[-58.1479103,-32.2155578],[-58.1479135,-32.2155827],[-58.14856,-32.2160488],[-58.1486031,-32.2160509],[-58.1491683,-32.2154804],[-58.1491823,-32.2154659],[-58.1489833,-32.2153257],[-58.1489032,-32.2152657],[-58.1487214,-32.2151381],[-58.1485101,-32.2149869]]]}},{"type":"Feature","properties":{"ID":0,"NCM":"0100010000000751--","SEC":0,"GRU":0,"MANZ":751},"geometry":{"type":"Polygon","coordinates":[[[-58.142902,-32.2147394],[-58.1425865,-32.2150635],[-58.1423056,-32.2153359],[-58.1425799,-32.2155321],[-58.1426523,-32.2155799],[-58.1429955,-32.2158272],[-58.1430234,-32.2158266],[-58.1436039,-32.2152347],[-58.142902,-32.2147394]]]}},{"type":"Feature","properties":{"ID":0,"NCM":"0100010000000179--","SEC":0,"GRU":0,"MANZ":179},"geometry":{"type":"Polygon","coordinates":[[[-58.1413005,-32.214914],[-58.1412801,-32.2149166],[-58.1411428,-32.2150548],[-58.1407509,-32.2154446],[-58.1407597,-32.2154714],[-58.141432,-32.2159676],[-58.1416503,-32.2157541],[-58.1418312,-32.215577],[-58.14198,-32.2154306],[-58.1419772,-32.215419],[-58.1413005,-32.214914]]]}},{"type":"Feature","properties":{"ID":0,"NCM":"0100010000000798--","SEC":0,"GRU":0,"MANZ":798},"geometry":{"type":"Polygon","coordinates":[[[-58.1412403,-32.2135291],[-58.140639,-32.2141187],[-58.141158,-32.2145014],[-58.14133,-32.2146328],[-58.1419203,-32.2140401],[-58.1412403,-32.2135291]]]}},{"type":"Feature","properties":{"ID":0,"NCM":"0100010000000775--","SEC":0,"GRU":0,"MANZ":775},"geometry":{"type":"Polygon","coordinates":[[[-58.1420812,-32.2141396],[-58.1420569,-32.214151],[-58.1419028,-32.2143075],[-58.1415122,-32.2146947],[-58.141499,-32.2147103],[-58.1415027,-32.2147538],[-58.1419388,-32.2150665],[-58.1420511,-32.2151459],[-58.1421534,-32.2152161],[-58.1421842,-32.2152052],[-58.142424,-32.2149708],[-58.1424742,-32.214921],[-58.1426193,-32.2147782],[-58.1427591,-32.2146399],[-58.1427544,-32.2146158],[-58.1425031,-32.2144344],[-58.1422447,-32.2142536],[-58.1420812,-32.2141396]]]}},{"type":"Feature","properties":{"ID":0,"NCM":"0100010000000732--","SEC":0,"GRU":0,"MANZ":732},"geometry":{"type":"Polygon","coordinates":[[[-58.1452181,-32.2138932],[-58.1451052,-32.214007],[-58.144788,-32.2143255],[-58.144623,-32.21449],[-58.1446313,-32.2144957],[-58.1452056,-32.2149057],[-58.1452777,-32.214957],[-58.145304,-32.214975],[-58.1453687,-32.2149087],[-58.145468,-32.2148064],[-58.1457115,-32.2145564],[-58.1458881,-32.2143759],[-58.1457695,-32.2142904],[-58.1452732,-32.2139333],[-58.145232,-32.2139031],[-58.1452181,-32.2138932]]]}},{"type":"Feature","properties":{"ID":0,"NCM":"0100010000000712--","SEC":0,"GRU":0,"MANZ":712},"geometry":{"type":"Polygon","coordinates":[[[-58.1470645,-32.2146882],[-58.147408,-32.2143389],[-58.1474862,-32.21426],[-58.1472401,-32.2140894],[-58.1471277,-32.214009],[-58.1467855,-32.213758],[-58.146197,-32.2143563],[-58.1464293,-32.2145296],[-58.1465417,-32.2146085],[-58.1468955,-32.21486],[-58.1470645,-32.2146882]]]}},{"type":"Feature","properties":{"ID":0,"NCM":"0100010000000776--","SEC":0,"GRU":0,"MANZ":776},"geometry":{"type":"Polygon","coordinates":[[[-58.1434794,-32.2138972],[-58.1432218,-32.2137129],[-58.1428147,-32.2134168],[-58.1427821,-32.2134194],[-58.1424829,-32.2137208],[-58.142216,-32.2139912],[-58.1427343,-32.214372],[-58.1428957,-32.2144876],[-58.1433091,-32.2140751],[-58.1434794,-32.2138972]]]}},{"type":"Feature","properties":{"ID":0,"NCM":"0100010000000752--","SEC":0,"GRU":0,"MANZ":752},"geometry":{"type":"Polygon","coordinates":[[[-58.1435605,-32.2139552],[-58.143337,-32.2141807],[-58.1432214,-32.2142483],[-58.1431779,-32.2143305],[-58.1429691,-32.2145402],[-58.1437445,-32.2150981],[-58.1443211,-32.214512],[-58.1436809,-32.2140505],[-58.1435754,-32.2139659],[-58.1435605,-32.2139552]]]}},{"type":"Feature","properties":{"ID":0,"NCM":"0100010000000227--","SEC":0,"GRU":0,"MANZ":227},"geometry":{"type":"Polygon","coordinates":[[[-58.1344055,-32.2161335],[-58.1343588,-32.2161614],[-58.1342684,-32.2162624],[-58.1341415,-32.2163963],[-58.1341111,-32.216443],[-58.1340855,-32.216461],[-58.1338222,-32.2167883],[-58.134353,-32.2171601],[-58.1346341,-32.2168748],[-58.1349859,-32.2165506],[-58.1344055,-32.2161335]]]}},{"type":"Feature","properties":{"ID":0,"NCM":"0100010000000669--","SEC":0,"GRU":0,"MANZ":669},"geometry":{"type":"Polygon","coordinates":[[[-58.1470426,-32.2164556],[-58.1470225,-32.2164588],[-58.1464523,-32.2170305],[-58.1464572,-32.2170703],[-58.1471047,-32.2175342],[-58.147151,-32.217534],[-58.147327,-32.2173534],[-58.1473802,-32.2173027],[-58.1475947,-32.2170848],[-58.1476329,-32.2170469],[-58.1477288,-32.2169444],[-58.1473443,-32.2166696],[-58.1470426,-32.2164556]]]}},{"type":"Feature","properties":{"ID":0,"NCM":"0100010000000210--","SEC":0,"GRU":0,"MANZ":210},"geometry":{"type":"Polygon","coordinates":[[[-58.1374296,-32.2158337],[-58.1373315,-32.2159344],[-58.1372054,-32.2160628],[-58.1371234,-32.2161471],[-58.1369411,-32.2163304],[-58.1369424,-32.2163608],[-58.1371121,-32.2164822],[-58.1376309,-32.216861],[-58.1381426,-32.2163441],[-58.1374296,-32.2158337]]]}},{"type":"Feature","properties":{"ID":0,"NCM":"0100010000000689--","SEC":0,"GRU":0,"MANZ":689},"geometry":{"type":"Polygon","coordinates":[[[-58.1462069,-32.2158594],[-58.1461714,-32.215863],[-58.1455884,-32.2164451],[-58.1462826,-32.216933],[-58.1468295,-32.2163821],[-58.1468765,-32.2163343],[-58.1462069,-32.2158594]]]}},{"type":"Feature","properties":{"ID":0,"NCM":"0100010000000709--","SEC":0,"GRU":0,"MANZ":709},"geometry":{"type":"Polygon","coordinates":[[[-58.1443899,-32.2161731],[-58.1440114,-32.2165537],[-58.1446774,-32.2170373],[-58.1447259,-32.2170351],[-58.1453001,-32.216455],[-58.1451596,-32.216355],[-58.1446,-32.2159618],[-58.1443899,-32.2161731]]]}},{"type":"Feature","properties":{"ID":0,"NCM":"0100010000000634--","SEC":0,"GRU":0,"MANZ":634},"geometry":{"type":"Polygon","coordinates":[[[-58.1498889,-32.2159771],[-58.1493015,-32.2165727],[-58.1494079,-32.2166514],[-58.1500259,-32.2170966],[-58.1500484,-32.2170739],[-58.1503287,-32.2167875],[-58.1504132,-32.2167031],[-58.1506122,-32.2165023],[-58.150408,-32.2163537],[-58.1503757,-32.2163313],[-58.1498889,-32.2159771]]]}},{"type":"Feature","properties":{"ID":0,"NCM":"0100010000000209--","SEC":0,"GRU":0,"MANZ":209},"geometry":{"type":"Polygon","coordinates":[[[-58.1381787,-32.2151109],[-58.1381744,-32.2151114],[-58.1381704,-32.2151126],[-58.1381667,-32.2151145],[-58.1381635,-32.2151169],[-58.138145,-32.2151258],[-58.138137,-32.2151307],[-58.1381263,-32.215138],[-58.1381162,-32.2151459],[-58.1381066,-32.2151543],[-58.1380976,-32.215163],[-58.1378591,-32.2154065],[-58.1375606,-32.215706],[-58.1377872,-32.2158703],[-58.1378408,-32.2159108],[-58.138272,-32.2162203],[-58.1388549,-32.2156278],[-58.138845,-32.215587],[-58.1385928,-32.215404],[-58.1381945,-32.2151156],[-58.138191,-32.2151134],[-58.1381871,-32.2151119],[-58.1381829,-32.215111],[-58.1381787,-32.2151109]]]}},{"type":"Feature","properties":{"ID":0,"NCM":"0100010000000178--","SEC":0,"GRU":0,"MANZ":178},"geometry":{"type":"Polygon","coordinates":[[[-58.1421182,-32.2155212],[-58.1419823,-32.2156571],[-58.1415683,-32.216071],[-58.1422574,-32.2165783],[-58.1422967,-32.216572],[-58.1427163,-32.2161436],[-58.1427315,-32.2161277],[-58.1428307,-32.2160199],[-58.1421182,-32.2155212]]]}},{"type":"Feature","properties":{"ID":0,"NCM":"0100010000000204--","SEC":0,"GRU":0,"MANZ":204},"geometry":{"type":"Polygon","coordinates":[[[-58.1390346,-32.2157241],[-58.1390051,-32.2157271],[-58.1384318,-32.2163447],[-58.1385971,-32.2164626],[-58.138633,-32.2164902],[-58.1390867,-32.2168108],[-58.1391219,-32.2168372],[-58.1394461,-32.2165138],[-58.1396444,-32.2163149],[-58.1397331,-32.216225],[-58.1396972,-32.2161989],[-58.139535,-32.2160818],[-58.1390346,-32.2157241]]]}},{"type":"Feature","properties":{"ID":0,"NCM":"0100010000000229--","SEC":0,"GRU":0,"MANZ":229},"geometry":{"type":"Polygon","coordinates":[[[-58.1355205,-32.2160199],[-58.1359205,-32.2156169],[-58.1365029,-32.2160342],[-58.1367857,-32.2162418],[-58.1369559,-32.216073],[-58.1371741,-32.215853],[-58.1374052,-32.2156146],[-58.1380334,-32.2149816],[-58.1378588,-32.2149419],[-58.1378236,-32.2149367],[-58.1377236,-32.2149195],[-58.137725,-32.2149147],[-58.1376624,-32.2149025],[-58.1376053,-32.2148964],[-58.1375792,-32.2149973],[-58.137593,-32.214999],[-58.1375526,-32.2151502],[-58.1375404,-32.2151481],[-58.1375218,-32.2152081],[-58.1374273,-32.2152164],[-58.1374283,-32.2152251],[-58.1372618,-32.2152367],[-58.1372619,-32.2152248],[-58.1371768,-32.2152291],[-58.1371603,-32.2152383],[-58.1371135,-32.2152397],[-58.1371115,-32.2152345],[-58.1370978,-32.2152354],[-58.1370917,-32.2151416],[-58.136266,-32.2150964],[-58.1357054,-32.2154674],[-58.135636,-32.2153992],[-58.1352439,-32.2156591],[-58.1353123,-32.2157295],[-58.1352784,-32.2157473],[-58.1355205,-32.2160199]]]}},{"type":"Feature","properties":{"ID":0,"NCM":"0100010000000228--","SEC":0,"GRU":0,"MANZ":228},"geometry":{"type":"Polygon","coordinates":[[[-58.1352784,-32.2157473],[-58.1351986,-32.21566],[-58.1347179,-32.215955],[-58.1345622,-32.2160419],[-58.1351087,-32.216435],[-58.1355205,-32.2160199],[-58.1352784,-32.2157473]]]}},{"type":"Feature","properties":{"ID":0,"NCM":"0100010000000670--","SEC":0,"GRU":0,"MANZ":670},"geometry":{"type":"Polygon","coordinates":[[[-58.1477754,-32.215729],[-58.1477494,-32.2157328],[-58.1476844,-32.2157979],[-58.1474597,-32.2160249],[-58.147186,-32.2162937],[-58.1471906,-32.2163189],[-58.147582,-32.216602],[-58.1478481,-32.2167918],[-58.1478827,-32.2167889],[-58.1480678,-32.2166037],[-58.1484273,-32.216237],[-58.1484284,-32.2161928],[-58.1481947,-32.2160237],[-58.1477754,-32.215729]]]}},{"type":"Feature","properties":{"ID":0,"NCM":"0100010000000652--","SEC":0,"GRU":0,"MANZ":652},"geometry":{"type":"Polygon","coordinates":[[[-58.1493459,-32.2155815],[-58.1491486,-32.2157828],[-58.1487577,-32.2161741],[-58.1492332,-32.2165178],[-58.1498264,-32.2159378],[-58.1498194,-32.215932],[-58.1493459,-32.2155815]]]}},{"type":"Feature","properties":{"ID":0,"NCM":"0100010000000180--","SEC":0,"GRU":0,"MANZ":180},"geometry":{"type":"Polygon","coordinates":[[[-58.1406398,-32.2155871],[-58.1406143,-32.2155877],[-58.1403154,-32.2158823],[-58.1400114,-32.2161891],[-58.1400073,-32.2162191],[-58.1401445,-32.2163166],[-58.1405347,-32.2165968],[-58.1406682,-32.2166898],[-58.1407018,-32.2166873],[-58.1409794,-32.2164181],[-58.1411002,-32.2162942],[-58.1412134,-32.2161866],[-58.1412976,-32.2161012],[-58.1412939,-32.2160747],[-58.1412474,-32.2160395],[-58.1411966,-32.215998],[-58.1410085,-32.2158636],[-58.1408818,-32.2157709],[-58.1406398,-32.2155871]]]}},{"type":"Feature","properties":{"ID":0,"NCM":"0100010000000730--","SEC":0,"GRU":0,"MANZ":730},"geometry":{"type":"Polygon","coordinates":[[[-58.1437657,-32.2153527],[-58.1437585,-32.2153583],[-58.1431681,-32.2159527],[-58.1438364,-32.216438],[-58.1438744,-32.2164342],[-58.1441993,-32.2160948],[-58.1444369,-32.2158435],[-58.1442237,-32.2156875],[-58.1442018,-32.2156718],[-58.1437657,-32.2153527]]]}},{"type":"Feature","properties":{"ID":0,"NCM":"0100010000000205--","SEC":0,"GRU":0,"MANZ":205},"geometry":{"type":"Polygon","coordinates":[[[-58.13978,-32.2149571],[-58.1391429,-32.2155821],[-58.1395068,-32.2158502],[-58.1398517,-32.2161007],[-58.1399796,-32.2159734],[-58.1402784,-32.2156804],[-58.1404637,-32.2155046],[-58.1404613,-32.215462],[-58.13978,-32.2149571]]]}},{"type":"Feature","properties":{"ID":0,"NCM":"0100010000000710--","SEC":0,"GRU":0,"MANZ":710},"geometry":{"type":"Polygon","coordinates":[[[-58.1453259,-32.2152246],[-58.1447446,-32.215826],[-58.1454351,-32.2163278],[-58.1456171,-32.2161469],[-58.1456946,-32.2160695],[-58.1457498,-32.2160116],[-58.1458571,-32.215902],[-58.146013,-32.2157401],[-58.146008,-32.2157145],[-58.1453468,-32.2152393],[-58.1453259,-32.2152246]]]}},{"type":"Feature","properties":{"ID":0,"NCM":"0100010000000690--","SEC":0,"GRU":0,"MANZ":690},"geometry":{"type":"Polygon","coordinates":[[[-58.1469108,-32.2151157],[-58.1468763,-32.2151504],[-58.1463169,-32.2157082],[-58.1469916,-32.2161875],[-58.147027,-32.2161835],[-58.1475915,-32.2156018],[-58.1475756,-32.21559],[-58.1470078,-32.2151836],[-58.1469108,-32.2151157]]]}},{"type":"Feature","properties":{"ID":0,"NCM":"0100010000000668--","SEC":0,"GRU":0,"MANZ":668},"geometry":{"type":"Polygon","coordinates":[[[-58.1462995,-32.217218],[-58.1457053,-32.2178061],[-58.1463924,-32.2182964],[-58.1469861,-32.2177089],[-58.1462995,-32.217218]]]}},{"type":"Feature","properties":{"ID":0,"NCM":"0100010000000598--","SEC":0,"GRU":0,"MANZ":598},"geometry":{"type":"Polygon","coordinates":[[[-58.1514298,-32.2170811],[-58.1509689,-32.2175346],[-58.1508948,-32.2176056],[-58.1508295,-32.217671],[-58.1511141,-32.2178741],[-58.1515157,-32.2181636],[-58.1518163,-32.2178697],[-58.1521082,-32.2175814],[-58.1514298,-32.2170811]]]}},{"type":"Feature","properties":{"ID":0,"NCM":"0100010000000227--","SEC":0,"GRU":0,"MANZ":227},"geometry":{"type":"Polygon","coordinates":[[[-58.1351434,-32.2166637],[-58.1350621,-32.216746],[-58.1345304,-32.2172816],[-58.1345736,-32.217313],[-58.1349255,-32.21756],[-58.1352313,-32.2177768],[-58.1352698,-32.2177694],[-58.135519,-32.2175189],[-58.1358374,-32.2171979],[-58.1358338,-32.217156],[-58.1355744,-32.2169734],[-58.1351434,-32.2166637]]]}},{"type":"Feature","properties":{"ID":0,"NCM":"0100010000000152--","SEC":0,"GRU":0,"MANZ":152},"geometry":{"type":"Polygon","coordinates":[[[-58.1422892,-32.2168126],[-58.1416899,-32.2174146],[-58.1416942,-32.2174372],[-58.1423693,-32.2179257],[-58.1424031,-32.2179209],[-58.1429752,-32.2173488],[-58.1429773,-32.2173159],[-58.1422892,-32.2168126]]]}},{"type":"Feature","properties":{"ID":0,"NCM":"0100010000000181--","SEC":0,"GRU":0,"MANZ":181},"geometry":{"type":"Polygon","coordinates":[[[-58.1400418,-32.2173548],[-58.1402618,-32.2171322],[-58.1405472,-32.2168406],[-58.1405491,-32.2168359],[-58.1405501,-32.2168311],[-58.1405502,-32.2168261],[-58.1405495,-32.2168213],[-58.1405479,-32.2168165],[-58.1405456,-32.216812],[-58.1405424,-32.2168078],[-58.1405386,-32.2168041],[-58.1402675,-32.2166113],[-58.1399647,-32.2163925],[-58.1398913,-32.2163391],[-58.139861,-32.2163408],[-58.1397232,-32.2164785],[-58.1392828,-32.2169221],[-58.1392841,-32.2169461],[-58.1396364,-32.2171997],[-58.1398439,-32.2173446],[-58.1399499,-32.2174252],[-58.1399701,-32.2174243],[-58.1400171,-32.2173797],[-58.1400418,-32.2173548]]]}},{"type":"Feature","properties":{"ID":0,"NCM":"0100010000000651--","SEC":0,"GRU":0,"MANZ":651},"geometry":{"type":"Polygon","coordinates":[[[-58.1486178,-32.2163245],[-58.1484147,-32.2165259],[-58.148035,-32.2169029],[-58.1480388,-32.2169305],[-58.1485125,-32.2172674],[-58.1491008,-32.2166766],[-58.1486178,-32.2163245]]]}},{"type":"Feature","properties":{"ID":0,"NCM":"0100010000000228--","SEC":0,"GRU":0,"MANZ":228},"geometry":{"type":"Polygon","coordinates":[[[-58.135972,-32.2158546],[-58.1359411,-32.215858],[-58.1355349,-32.2162674],[-58.1352611,-32.2165446],[-58.1352836,-32.2165608],[-58.1355127,-32.2167243],[-58.1359576,-32.2170422],[-58.1359944,-32.2170422],[-58.1361898,-32.2168444],[-58.1364048,-32.2166254],[-58.1366532,-32.2163788],[-58.1366529,-32.2163513],[-58.1364481,-32.2162021],[-58.135972,-32.2158546]]]}},{"type":"Feature","properties":{"ID":0,"NCM":"0100010000000150--","SEC":0,"GRU":0,"MANZ":150},"geometry":{"type":"Polygon","coordinates":[[[-58.1438267,-32.2167331],[-58.1433235,-32.2172337],[-58.1432553,-32.2172992],[-58.1439259,-32.2177984],[-58.1439759,-32.2178335],[-58.1444639,-32.2173384],[-58.1445452,-32.2172601],[-58.1438267,-32.2167331]]]}},{"type":"Feature","properties":{"ID":0,"NCM":"0100010000000616--","SEC":0,"GRU":0,"MANZ":616},"geometry":{"type":"Polygon","coordinates":[[[-58.1508295,-32.216651],[-58.1504676,-32.2170214],[-58.1502366,-32.2172474],[-58.1505061,-32.2174422],[-58.1506087,-32.2175204],[-58.1506621,-32.2175591],[-58.1506758,-32.2175457],[-58.151258,-32.216961],[-58.1511395,-32.2168778],[-58.1509621,-32.2167488],[-58.1508295,-32.216651]]]}},{"type":"Feature","properties":{"ID":0,"NCM":"0100010000000633--","SEC":0,"GRU":0,"MANZ":633},"geometry":{"type":"Polygon","coordinates":[[[-58.1491577,-32.2167095],[-58.1485701,-32.2173095],[-58.1492981,-32.2178341],[-58.1497883,-32.2173351],[-58.1498857,-32.2172342],[-58.1491577,-32.2167095]]]}},{"type":"Feature","properties":{"ID":0,"NCM":"0100010000000151--","SEC":0,"GRU":0,"MANZ":151},"geometry":{"type":"Polygon","coordinates":[[[-58.1429711,-32.2161262],[-58.142419,-32.2166763],[-58.1424236,-32.2166978],[-58.1431018,-32.2171975],[-58.1431329,-32.2171907],[-58.1436763,-32.2166519],[-58.1436744,-32.2166269],[-58.1429711,-32.2161262]]]}},{"type":"Feature","properties":{"ID":0,"NCM":"0100010000000203--","SEC":0,"GRU":0,"MANZ":203},"geometry":{"type":"Polygon","coordinates":[[[-58.1384818,-32.2174822],[-58.1390002,-32.2169558],[-58.1388168,-32.2168261],[-58.1384273,-32.2165485],[-58.1383013,-32.2164589],[-58.1377849,-32.2169734],[-58.1384818,-32.2174822]]]}},{"type":"Feature","properties":{"ID":0,"NCM":"0100010000000211--","SEC":0,"GRU":0,"MANZ":211},"geometry":{"type":"Polygon","coordinates":[[[-58.1368224,-32.2164792],[-58.1367922,-32.2164803],[-58.1366253,-32.2166511],[-58.1363076,-32.2169716],[-58.1361383,-32.2171409],[-58.1361445,-32.2171776],[-58.1365038,-32.2174375],[-58.1365703,-32.2174852],[-58.1368155,-32.2176544],[-58.1368414,-32.2176522],[-58.1371501,-32.2173439],[-58.1373919,-32.2171033],[-58.1374497,-32.2170439],[-58.137501,-32.216993],[-58.1374985,-32.2169728],[-58.1372804,-32.2168207],[-58.1368224,-32.2164792]]]}},{"type":"Feature","properties":{"ID":0,"NCM":"0100010000000688--","SEC":0,"GRU":0,"MANZ":688},"geometry":{"type":"Polygon","coordinates":[[[-58.1454586,-32.2165671],[-58.1448811,-32.2171612],[-58.1448872,-32.2171868],[-58.1455615,-32.2176706],[-58.1456926,-32.2175315],[-58.1461235,-32.2170902],[-58.1461511,-32.217063],[-58.1454586,-32.2165671]]]}},{"type":"Feature","properties":{"ID":0,"NCM":"0100010000000177--","SEC":0,"GRU":0,"MANZ":177},"geometry":{"type":"Polygon","coordinates":[[[-58.1414654,-32.2162058],[-58.1414307,-32.2162087],[-58.1408423,-32.2167988],[-58.1408462,-32.2168215],[-58.1413036,-32.2171524],[-58.1415316,-32.2173204],[-58.1418426,-32.2170151],[-58.1421438,-32.2167112],[-58.1421382,-32.2166906],[-58.1414654,-32.2162058]]]}},{"type":"Feature","properties":{"ID":0,"NCM":"0100010000000562--","SEC":0,"GRU":0,"MANZ":562},"geometry":{"type":"Polygon","coordinates":[[[-58.1530299,-32.2182352],[-58.1523725,-32.2188914],[-58.1531243,-32.2194478],[-58.1537851,-32.2187883],[-58.1530299,-32.2182352]]]}},{"type":"Feature","properties":{"ID":0,"NCM":"0100010000001212--","SEC":0,"GRU":0,"MANZ":1212},"geometry":{"type":"Polygon","coordinates":[[[-58.1353156,-32.2180455],[-58.1352505,-32.2180577],[-58.1348681,-32.2184455],[-58.1347534,-32.2185597],[-58.1347575,-32.2186024],[-58.1353786,-32.2190554],[-58.1354339,-32.2190538],[-58.1359561,-32.2185301],[-58.1359399,-32.218482],[-58.1353395,-32.2180613],[-58.1353156,-32.2180455]]]}},{"type":"Feature","properties":{"ID":0,"NCM":"0100010000000632--","SEC":0,"GRU":0,"MANZ":632},"geometry":{"type":"Polygon","coordinates":[[[-58.1487631,-32.2176891],[-58.1487037,-32.217691],[-58.1482477,-32.2181528],[-58.1481423,-32.2182607],[-58.1481448,-32.2182705],[-58.1483596,-32.2184217],[-58.1485564,-32.2185618],[-58.1485781,-32.2185583],[-58.1488678,-32.2182657],[-58.1491342,-32.2180017],[-58.1491287,-32.2179488],[-58.1487631,-32.2176891]]]}},{"type":"Feature","properties":{"ID":0,"NCM":"0100010000000597--","SEC":0,"GRU":0,"MANZ":597},"geometry":{"type":"Polygon","coordinates":[[[-58.1507043,-32.2178228],[-58.1501109,-32.2184185],[-58.1502634,-32.2185315],[-58.1507838,-32.2189242],[-58.1513774,-32.2183285],[-58.1507043,-32.2178228]]]}},{"type":"Feature","properties":{"ID":0,"NCM":"0100010000000226--","SEC":0,"GRU":0,"MANZ":226},"geometry":{"type":"Polygon","coordinates":[[[-58.1344334,-32.2174123],[-58.1343872,-32.2174258],[-58.1341906,-32.2176239],[-58.1338544,-32.2179649],[-58.1341098,-32.2181539],[-58.134294,-32.2182857],[-58.1345512,-32.2184704],[-58.1345831,-32.2184653],[-58.1348545,-32.2181911],[-58.1351192,-32.2179273],[-58.1351155,-32.2178946],[-58.1348251,-32.2176886],[-58.1344334,-32.2174123]]]}},{"type":"Feature","properties":{"ID":0,"NCM":"0100010000000123--","SEC":0,"GRU":0,"MANZ":123},"geometry":{"type":"Polygon","coordinates":[[[-58.1446964,-32.2173589],[-58.1446662,-32.2173661],[-58.1441254,-32.217915],[-58.1441245,-32.2179499],[-58.1447802,-32.2184218],[-58.1448194,-32.2184236],[-58.145147,-32.2180882],[-58.1451701,-32.2180631],[-58.1453706,-32.2178489],[-58.1453749,-32.2178445],[-58.1447553,-32.2174026],[-58.1446964,-32.2173589]]]}},{"type":"Feature","properties":{"ID":0,"NCM":"0100010000000202--","SEC":0,"GRU":0,"MANZ":202},"geometry":{"type":"Polygon","coordinates":[[[-58.1376875,-32.2171097],[-58.137645,-32.2171141],[-58.1373083,-32.2174324],[-58.1371432,-32.2175962],[-58.1369823,-32.2177583],[-58.1369848,-32.2177812],[-58.1370153,-32.2178022],[-58.1370882,-32.2178543],[-58.1374405,-32.218107],[-58.1374883,-32.218141],[-58.1376833,-32.218281],[-58.1377116,-32.2182524],[-58.1379055,-32.2180589],[-58.1383611,-32.2176035],[-58.1381735,-32.2174699],[-58.1376875,-32.2171097]]]}},{"type":"Feature","properties":{"ID":0,"NCM":"0100010000000175--","SEC":0,"GRU":0,"MANZ":175},"geometry":{"type":"Polygon","coordinates":[[[-58.1400016,-32.2176597],[-58.1399695,-32.2176636],[-58.1394727,-32.2181685],[-58.1394408,-32.2182004],[-58.1395545,-32.2182806],[-58.1401446,-32.2187068],[-58.1401628,-32.2187069],[-58.1407018,-32.2181642],[-58.1400016,-32.2176597]]]}},{"type":"Feature","properties":{"ID":0,"NCM":"0100010000000153--","SEC":0,"GRU":0,"MANZ":153},"geometry":{"type":"Polygon","coordinates":[[[-58.1415799,-32.2175499],[-58.1415477,-32.2175519],[-58.140976,-32.2181316],[-58.140977,-32.2181596],[-58.1416748,-32.2186586],[-58.1422606,-32.2180668],[-58.1422574,-32.2180382],[-58.1415799,-32.2175499]]]}},{"type":"Feature","properties":{"ID":0,"NCM":"0100010000000650--","SEC":0,"GRU":0,"MANZ":650},"geometry":{"type":"Polygon","coordinates":[[[-58.1478986,-32.2170662],[-58.1478677,-32.21707],[-58.147298,-32.2176485],[-58.1473003,-32.2176645],[-58.1479651,-32.2181365],[-58.1479915,-32.218136],[-58.1483426,-32.2177802],[-58.1485614,-32.2175499],[-58.1485599,-32.2175425],[-58.1483077,-32.2173579],[-58.1478986,-32.2170662]]]}},{"type":"Feature","properties":{"ID":0,"NCM":"0100010000000176--","SEC":0,"GRU":0,"MANZ":176},"geometry":{"type":"Polygon","coordinates":[[[-58.140711,-32.2169235],[-58.1401167,-32.2175229],[-58.1401209,-32.2175457],[-58.1408225,-32.2180447],[-58.141409,-32.2174511],[-58.1414069,-32.2174222],[-58.140711,-32.2169235]]]}},{"type":"Feature","properties":{"ID":0,"NCM":"0100010000000182--","SEC":0,"GRU":0,"MANZ":182},"geometry":{"type":"Polygon","coordinates":[[[-58.1391598,-32.2170681],[-58.1391291,-32.217072],[-58.1391174,-32.2170855],[-58.1390232,-32.2171806],[-58.138805,-32.2173982],[-58.1386332,-32.2175742],[-58.1386304,-32.2175987],[-58.1387812,-32.2177131],[-58.1392275,-32.2180355],[-58.139303,-32.2180909],[-58.1393181,-32.2180838],[-58.1394822,-32.2179167],[-58.1398257,-32.2175721],[-58.139824,-32.2175429],[-58.1394751,-32.2172941],[-58.1391598,-32.2170681]]]}},{"type":"Feature","properties":{"ID":0,"NCM":"0100010000000615--","SEC":0,"GRU":0,"MANZ":615},"geometry":{"type":"Polygon","coordinates":[[[-58.1501012,-32.2173888],[-58.1498447,-32.2176458],[-58.149519,-32.2179777],[-58.1495184,-32.217991],[-58.1499373,-32.2182979],[-58.1505283,-32.217696],[-58.1501012,-32.2173888]]]}},{"type":"Feature","properties":{"ID":0,"NCM":"0100010000000212--","SEC":0,"GRU":0,"MANZ":212},"geometry":{"type":"Polygon","coordinates":[[[-58.1360208,-32.2172938],[-58.1359848,-32.2172964],[-58.1353974,-32.2178928],[-58.135672,-32.2180879],[-58.1360956,-32.2183814],[-58.1361228,-32.218376],[-58.1362434,-32.2182578],[-58.1364828,-32.2180132],[-58.1366911,-32.2178042],[-58.1366877,-32.2177769],[-58.1364747,-32.2176252],[-58.1362242,-32.2174442],[-58.1360208,-32.2172938]]]}},{"type":"Feature","properties":{"ID":0,"NCM":"0100010000000183--","SEC":0,"GRU":0,"MANZ":183},"geometry":{"type":"Polygon","coordinates":[[[-58.1384975,-32.2177086],[-58.1382924,-32.2179189],[-58.1379896,-32.2182233],[-58.1378396,-32.2183779],[-58.1378446,-32.2183969],[-58.1379906,-32.2185012],[-58.1381742,-32.2186302],[-58.138412,-32.2188004],[-58.1385169,-32.2188679],[-58.1385442,-32.2188697],[-58.138881,-32.2185295],[-58.1391725,-32.2182286],[-58.1391704,-32.2182047],[-58.1387221,-32.2178759],[-58.1384975,-32.2177086]]]}},{"type":"Feature","properties":{"ID":0,"NCM":"0100010000000201--","SEC":0,"GRU":0,"MANZ":201},"geometry":{"type":"Polygon","coordinates":[[[-58.1368368,-32.2179058],[-58.1367611,-32.2179821],[-58.1365533,-32.2181955],[-58.1362702,-32.2184793],[-58.136269,-32.2185088],[-58.1364616,-32.2186467],[-58.1369441,-32.2189893],[-58.1369776,-32.2189902],[-58.13738,-32.2185863],[-58.1375492,-32.2184148],[-58.1375478,-32.2183882],[-58.1373473,-32.218244],[-58.1370342,-32.2180228],[-58.1368771,-32.2179102],[-58.1368729,-32.2179069],[-58.1368368,-32.2179058]]]}},{"type":"Feature","properties":{"ID":0,"NCM":"0100010000000154--","SEC":0,"GRU":0,"MANZ":154},"geometry":{"type":"Polygon","coordinates":[[[-58.14086,-32.218281],[-58.1408222,-32.2182835],[-58.1403068,-32.2188079],[-58.1403093,-32.2188272],[-58.1408636,-32.219237],[-58.1409744,-32.2193193],[-58.1410126,-32.2193156],[-58.1415332,-32.2187899],[-58.1415392,-32.2187664],[-58.14086,-32.218281]]]}},{"type":"Feature","properties":{"ID":0,"NCM":"0100010000000614--","SEC":0,"GRU":0,"MANZ":614},"geometry":{"type":"Polygon","coordinates":[[[-58.1493728,-32.2181236],[-58.1489389,-32.2185628],[-58.148782,-32.2187255],[-58.1492002,-32.2190256],[-58.1496262,-32.2186037],[-58.149786,-32.2184428],[-58.1497823,-32.2184167],[-58.1493728,-32.2181236]]]}},{"type":"Feature","properties":{"ID":0,"NCM":"0100010000000124--","SEC":0,"GRU":0,"MANZ":124},"geometry":{"type":"Polygon","coordinates":[[[-58.1440109,-32.2180667],[-58.1439727,-32.2180721],[-58.1434239,-32.2186238],[-58.1433929,-32.2186538],[-58.1435117,-32.2187433],[-58.1440773,-32.2191482],[-58.1441081,-32.2191445],[-58.1446439,-32.2185926],[-58.1446895,-32.2185486],[-58.1440872,-32.2181221],[-58.1440109,-32.2180667]]]}},{"type":"Feature","properties":{"ID":0,"NCM":"0100010000000579--","SEC":0,"GRU":0,"MANZ":579},"geometry":{"type":"Polygon","coordinates":[[[-58.1515586,-32.2184299],[-58.1514895,-32.2184999],[-58.1513065,-32.2186915],[-58.1518676,-32.2191051],[-58.1519587,-32.2191716],[-58.1519645,-32.219176],[-58.1519891,-32.2191745],[-58.1522228,-32.2189325],[-58.1522261,-32.2189136],[-58.1520393,-32.218778],[-58.1515586,-32.2184299]]]}},{"type":"Feature","properties":{"ID":0,"NCM":"0100010000000225--","SEC":0,"GRU":0,"MANZ":225},"geometry":{"type":"Polygon","coordinates":[[[-58.1337615,-32.2181013],[-58.1337196,-32.2181017],[-58.1334824,-32.2183423],[-58.133362,-32.2184655],[-58.1333951,-32.21849],[-58.1335644,-32.2186121],[-58.1337905,-32.2187725],[-58.1340528,-32.2189625],[-58.13409,-32.2189645],[-58.1342938,-32.2187596],[-58.1344353,-32.2186191],[-58.1344373,-32.2185937],[-58.1343004,-32.2184955],[-58.1337615,-32.2181013]]]}},{"type":"Feature","properties":{"ID":0,"NCM":"0100010000000631--","SEC":0,"GRU":0,"MANZ":631},"geometry":{"type":"Polygon","coordinates":[[[-58.1480247,-32.2184149],[-58.1479879,-32.2184151],[-58.1476687,-32.2187423],[-58.147418,-32.218988],[-58.1474189,-32.2190063],[-58.1476875,-32.2191944],[-58.147836,-32.2193049],[-58.1481052,-32.2190346],[-58.1483742,-32.2187671],[-58.1484252,-32.2187149],[-58.148423,-32.2186992],[-58.1480247,-32.2184149]]]}},{"type":"Feature","properties":{"ID":0,"NCM":"0100010000000122--","SEC":0,"GRU":0,"MANZ":122},"geometry":{"type":"Polygon","coordinates":[[[-58.1455373,-32.2179581],[-58.1455048,-32.2179639],[-58.144956,-32.2185192],[-58.1449564,-32.2185444],[-58.1450631,-32.2186223],[-58.1452528,-32.2187603],[-58.1453292,-32.2188173],[-58.145616,-32.2190288],[-58.1456565,-32.219032],[-58.1457108,-32.2189777],[-58.1458505,-32.2188391],[-58.1462093,-32.2184756],[-58.1462065,-32.2184401],[-58.1460551,-32.21833],[-58.1457307,-32.2180961],[-58.1455373,-32.2179581]]]}},{"type":"Feature","properties":{"ID":0,"NCM":"0100010000000148--","SEC":0,"GRU":0,"MANZ":148},"geometry":{"type":"Polygon","coordinates":[[[-58.142428,-32.2181651],[-58.1423973,-32.2181696],[-58.1418301,-32.2187399],[-58.1418288,-32.2187667],[-58.1425392,-32.219274],[-58.1430825,-32.2187221],[-58.1431237,-32.2186805],[-58.1431218,-32.2186606],[-58.142428,-32.2181651]]]}},{"type":"Feature","properties":{"ID":0,"NCM":"0100010000000649--","SEC":0,"GRU":0,"MANZ":649},"geometry":{"type":"Polygon","coordinates":[[[-58.1471498,-32.2177943],[-58.1468564,-32.2180907],[-58.146676,-32.2182775],[-58.1465754,-32.2183741],[-58.1465779,-32.2183968],[-58.1468989,-32.2186303],[-58.1470283,-32.218499],[-58.1469773,-32.2184615],[-58.1470009,-32.2184378],[-58.1470536,-32.2184733],[-58.1470751,-32.2184503],[-58.1471254,-32.2184863],[-58.1471132,-32.2184983],[-58.1470824,-32.2184756],[-58.1470405,-32.2185168],[-58.1469163,-32.2186429],[-58.1472276,-32.2188695],[-58.1472532,-32.2188684],[-58.1475893,-32.2185371],[-58.1478288,-32.2182959],[-58.1478255,-32.2182745],[-58.1476999,-32.2181858],[-58.1473687,-32.2179554],[-58.1471498,-32.2177943]]]}},{"type":"Feature","properties":{"ID":0,"NCM":"0100010000000096--","SEC":0,"GRU":0,"MANZ":96},"geometry":{"type":"Polygon","coordinates":[[[-58.145682,-32.2192812],[-58.1456509,-32.2192827],[-58.1450867,-32.21985],[-58.1450913,-32.2198842],[-58.1457639,-32.2203705],[-58.1458186,-32.2203619],[-58.1463554,-32.2198076],[-58.1463516,-32.2197722],[-58.145682,-32.2192812]]]}},{"type":"Feature","properties":{"ID":0,"NCM":"0100010000000146--","SEC":0,"GRU":0,"MANZ":146},"geometry":{"type":"Polygon","coordinates":[[[-58.1410382,-32.2195674],[-58.1410018,-32.2195709],[-58.1404287,-32.2201539],[-58.1404343,-32.2202125],[-58.1410668,-32.2206678],[-58.141146,-32.2206681],[-58.1417112,-32.2200889],[-58.1417161,-32.2200556],[-58.1410382,-32.2195674]]]}},{"type":"Feature","properties":{"ID":0,"NCM":"0100010000000561--","SEC":0,"GRU":0,"MANZ":561},"geometry":{"type":"Polygon","coordinates":[[[-58.1520429,-32.2193487],[-58.1517874,-32.2196102],[-58.1524666,-32.2201115],[-58.1527201,-32.2198588],[-58.1527111,-32.2198386],[-58.1525487,-32.2197216],[-58.1523079,-32.2195454],[-58.1520429,-32.2193487]]]}},{"type":"Feature","properties":{"ID":0,"NCM":"0100010000000578--","SEC":0,"GRU":0,"MANZ":578},"geometry":{"type":"Polygon","coordinates":[[[-58.1508126,-32.219163],[-58.1502014,-32.2197587],[-58.1505735,-32.2200202],[-58.1508803,-32.2202379],[-58.1511996,-32.2199238],[-58.1514836,-32.2196437],[-58.1508126,-32.219163]]]}},{"type":"Feature","properties":{"ID":0,"NCM":"0100010000000094--","SEC":0,"GRU":0,"MANZ":94},"geometry":{"type":"Polygon","coordinates":[[[-58.1472247,-32.2191725],[-58.1469114,-32.2194834],[-58.146633,-32.2197625],[-58.1470226,-32.2200503],[-58.1470546,-32.2200744],[-58.1470818,-32.220073],[-58.1473672,-32.2197945],[-58.1476664,-32.2194847],[-58.1474425,-32.219324],[-58.1472247,-32.2191725]]]}},{"type":"Feature","properties":{"ID":0,"NCM":"0100010000000579--","SEC":0,"GRU":0,"MANZ":579},"geometry":{"type":"Polygon","coordinates":[[[-58.1512264,-32.2187699],[-58.1509755,-32.2190355],[-58.1513693,-32.2193188],[-58.1516113,-32.2194932],[-58.1516544,-32.2195211],[-58.1518993,-32.2192674],[-58.151896,-32.2192517],[-58.1512264,-32.2187699]]]}},{"type":"Feature","properties":{"ID":0,"NCM":"0100010000000224--","SEC":0,"GRU":0,"MANZ":224},"geometry":{"type":"Polygon","coordinates":[[[-58.1332531,-32.2186409],[-58.1331983,-32.2186582],[-58.1331672,-32.2186671],[-58.133034,-32.2189617],[-58.1329722,-32.2190848],[-58.1330461,-32.2191348],[-58.1332456,-32.2192804],[-58.1334899,-32.2194592],[-58.1335515,-32.2195028],[-58.1335901,-32.2194588],[-58.1338846,-32.2191546],[-58.1339211,-32.2191183],[-58.133694,-32.2189549],[-58.1332531,-32.2186409]]]}},{"type":"Feature","properties":{"ID":0,"NCM":"0100010000000200--","SEC":0,"GRU":0,"MANZ":200},"geometry":{"type":"Polygon","coordinates":[[[-58.1361459,-32.218631],[-58.1361176,-32.2186325],[-58.1355746,-32.2191827],[-58.1355751,-32.2192081],[-58.1357926,-32.2193639],[-58.1358993,-32.2194416],[-58.1360965,-32.2192445],[-58.1361225,-32.2192633],[-58.1360987,-32.2192875],[-58.136085,-32.2192789],[-58.1359842,-32.2193815],[-58.1359125,-32.2194512],[-58.1362453,-32.2196937],[-58.1362758,-32.2196901],[-58.1366198,-32.2193445],[-58.1368411,-32.2191253],[-58.1363473,-32.2187731],[-58.1361459,-32.218631]]]}},{"type":"Feature","properties":{"ID":0,"NCM":"0100010000000125--","SEC":0,"GRU":0,"MANZ":125},"geometry":{"type":"Polygon","coordinates":[[[-58.1432752,-32.2187726],[-58.1426897,-32.219358],[-58.1427014,-32.2193926],[-58.1433804,-32.2198802],[-58.1436708,-32.2195877],[-58.1439604,-32.2192944],[-58.1439573,-32.2192628],[-58.1432752,-32.2187726]]]}},{"type":"Feature","properties":{"ID":0,"NCM":"0100010000000147--","SEC":0,"GRU":0,"MANZ":147},"geometry":{"type":"Polygon","coordinates":[[[-58.1417039,-32.2188916],[-58.1416777,-32.2188945],[-58.1412551,-32.2193157],[-58.1411359,-32.2194357],[-58.1413609,-32.219601],[-58.1418443,-32.2199538],[-58.1419182,-32.2198816],[-58.1423547,-32.2194476],[-58.1424093,-32.2193926],[-58.1423825,-32.2193732],[-58.1417039,-32.2188916]]]}},{"type":"Feature","properties":{"ID":0,"NCM":"0100010000000613--","SEC":0,"GRU":0,"MANZ":613},"geometry":{"type":"Polygon","coordinates":[[[-58.1486298,-32.2188588],[-58.1485427,-32.2189427],[-58.1484747,-32.2190133],[-58.1483103,-32.2191904],[-58.1480781,-32.2194243],[-58.1480775,-32.219467],[-58.1484777,-32.2197619],[-58.1489036,-32.2193315],[-58.1490566,-32.2191809],[-58.149058,-32.2191599],[-58.1489623,-32.2190934],[-58.1486298,-32.2188588]]]}},{"type":"Feature","properties":{"ID":0,"NCM":"0100010000000184--","SEC":0,"GRU":0,"MANZ":184},"geometry":{"type":"Polygon","coordinates":[[[-58.1374554,-32.2193559],[-58.1377958,-32.2195994],[-58.1378262,-32.2195991],[-58.1381512,-32.2192721],[-58.1382165,-32.2192075],[-58.138367,-32.2190524],[-58.1384118,-32.2190056],[-58.1381246,-32.2188024],[-58.1377231,-32.218514],[-58.1376922,-32.2185193],[-58.1373652,-32.2188449],[-58.13712,-32.2190893],[-58.1371221,-32.2191162],[-58.1374554,-32.2193559]]]}},{"type":"Feature","properties":{"ID":0,"NCM":"0100010000000213--","SEC":0,"GRU":0,"MANZ":213},"geometry":{"type":"Polygon","coordinates":[[[-58.1345945,-32.2187086],[-58.1345695,-32.2187342],[-58.1344081,-32.2188908],[-58.1342361,-32.2190617],[-58.1342328,-32.2190893],[-58.1345603,-32.2193215],[-58.1349082,-32.2195722],[-58.1349426,-32.2195693],[-58.1352776,-32.2192321],[-58.1352776,-32.219202],[-58.1348918,-32.2189254],[-58.1347804,-32.2188437],[-58.1345945,-32.2187086]]]}},{"type":"Feature","properties":{"ID":0,"NCM":"0100010000000121--","SEC":0,"GRU":0,"MANZ":121},"geometry":{"type":"Polygon","coordinates":[[[-58.1448444,-32.2186662],[-58.1448081,-32.2186711],[-58.1446493,-32.2188288],[-58.1444822,-32.2190036],[-58.144236,-32.2192421],[-58.1442359,-32.2192636],[-58.144389,-32.2193724],[-58.1449144,-32.2197533],[-58.1449482,-32.2197499],[-58.1452773,-32.2194151],[-58.1455101,-32.2191802],[-58.1455086,-32.2191532],[-58.1451651,-32.2188985],[-58.1448444,-32.2186662]]]}},{"type":"Feature","properties":{"ID":0,"NCM":"0100010000000596--","SEC":0,"GRU":0,"MANZ":596},"geometry":{"type":"Polygon","coordinates":[[[-58.1499624,-32.2185524],[-58.1496381,-32.218871],[-58.1493674,-32.2191484],[-58.1496449,-32.219345],[-58.1499548,-32.2195631],[-58.1500027,-32.2195997],[-58.150043,-32.219629],[-58.1500727,-32.2196487],[-58.1501323,-32.2195909],[-58.1503154,-32.2194093],[-58.1499969,-32.2191848],[-58.150048,-32.2191351],[-58.1500928,-32.2190907],[-58.1504158,-32.2193183],[-58.150671,-32.2190653],[-58.15036,-32.2188348],[-58.1502618,-32.218765],[-58.1499624,-32.2185524]]]}},{"type":"Feature","properties":{"ID":0,"NCM":"0100010000000095--","SEC":0,"GRU":0,"MANZ":95},"geometry":{"type":"Polygon","coordinates":[[[-58.146389,-32.2185692],[-58.1463606,-32.2185722],[-58.1459077,-32.219024],[-58.1457966,-32.2191325],[-58.1457976,-32.2191566],[-58.1459282,-32.2192507],[-58.1461408,-32.2194061],[-58.146494,-32.219662],[-58.146699,-32.2194526],[-58.1469617,-32.2191859],[-58.1470678,-32.2190739],[-58.1470535,-32.2190529],[-58.1467287,-32.218814],[-58.146389,-32.2185692]]]}},{"type":"Feature","properties":{"ID":0,"NCM":"0100010000000174--","SEC":0,"GRU":0,"MANZ":174},"geometry":{"type":"Polygon","coordinates":[[[-58.1393234,-32.2183166],[-58.1386786,-32.2189657],[-58.1386855,-32.2189979],[-58.1393609,-32.2194807],[-58.1393969,-32.219478],[-58.1400219,-32.2188478],[-58.1400245,-32.2188334],[-58.1393234,-32.2183166]]]}},{"type":"Feature","properties":{"ID":0,"NCM":"0100010000000222--","SEC":0,"GRU":0,"MANZ":222},"geometry":{"type":"Polygon","coordinates":[[[-58.1323399,-32.2200625],[-58.1323337,-32.2200625],[-58.1323276,-32.2200633],[-58.1323217,-32.2200647],[-58.132316,-32.2200669],[-58.1323108,-32.2200697],[-58.1323061,-32.2200731],[-58.132278,-32.2200942],[-58.1322505,-32.2201158],[-58.1322236,-32.220138],[-58.1321973,-32.2201606],[-58.1321715,-32.2201837],[-58.1321464,-32.2202074],[-58.1321219,-32.2202314],[-58.132098,-32.220256],[-58.1320748,-32.220281],[-58.1320522,-32.2203064],[-58.1320303,-32.2203322],[-58.1320091,-32.2203584],[-58.1319903,-32.2203849],[-58.1319723,-32.2204117],[-58.131955,-32.2204388],[-58.1319385,-32.2204663],[-58.1319228,-32.2204942],[-58.1319078,-32.2205223],[-58.1318936,-32.2205507],[-58.1318803,-32.2205794],[-58.1318677,-32.2206084],[-58.1318559,-32.2206376],[-58.131845,-32.220667],[-58.1318348,-32.2206967],[-58.1318255,-32.2207265],[-58.1318194,-32.220748],[-58.132149,-32.2209754],[-58.1327173,-32.2203673],[-58.1327201,-32.2203636],[-58.132722,-32.2203595],[-58.1327231,-32.2203552],[-58.1327232,-32.2203508],[-58.1327224,-32.2203465],[-58.1327208,-32.2203423],[-58.1327183,-32.2203385],[-58.132715,-32.220335],[-58.1327062,-32.2203233],[-58.132697,-32.2203118],[-58.1326875,-32.2203005],[-58.1323576,-32.2200667],[-58.1323519,-32.2200646],[-58.132346,-32.2200632],[-58.1323399,-32.2200625]]]}},{"type":"Feature","properties":{"ID":0,"NCM":"0100010000000517--","SEC":0,"GRU":0,"MANZ":517},"geometry":{"type":"Polygon","coordinates":[[[-58.1556981,-32.2201428],[-58.155112,-32.220741],[-58.1557993,-32.2212582],[-58.1561397,-32.2209211],[-58.1563939,-32.2206526],[-58.1556981,-32.2201428]]]}},{"type":"Feature","properties":{"ID":0,"NCM":"0100010000000214--","SEC":0,"GRU":0,"MANZ":214},"geometry":{"type":"Polygon","coordinates":[[[-58.1340922,-32.21924],[-58.1340602,-32.2192441],[-58.1337159,-32.2195881],[-58.1337192,-32.2196192],[-58.1341374,-32.2199237],[-58.13439,-32.2201094],[-58.1346275,-32.2198857],[-58.1347616,-32.2197501],[-58.134762,-32.2197219],[-58.1344277,-32.2194818],[-58.1340922,-32.21924]]]}},{"type":"Feature","properties":{"ID":0,"NCM":"0100010000000071--","SEC":0,"GRU":0,"MANZ":71},"geometry":{"type":"Polygon","coordinates":[[[-58.1478885,-32.2196455],[-58.1478564,-32.2196509],[-58.1474773,-32.2200294],[-58.1472923,-32.2202161],[-58.1472977,-32.2202431],[-58.1477097,-32.2205502],[-58.1480094,-32.2202467],[-58.1482933,-32.2199565],[-58.1482929,-32.2199343],[-58.1478885,-32.2196455]]]}},{"type":"Feature","properties":{"ID":0,"NCM":"0100010000000545--","SEC":0,"GRU":0,"MANZ":545},"geometry":{"type":"Polygon","coordinates":[[[-58.1532577,-32.2196495],[-58.1526528,-32.2202369],[-58.1533974,-32.2207796],[-58.154002,-32.2201926],[-58.1532577,-32.2196495]]]}},{"type":"Feature","properties":{"ID":0,"NCM":"0100010000000577--","SEC":0,"GRU":0,"MANZ":577},"geometry":{"type":"Polygon","coordinates":[[[-58.1500898,-32.2198984],[-58.1500503,-32.2199021],[-58.1497455,-32.2202214],[-58.1494817,-32.2204833],[-58.1495999,-32.2205678],[-58.1501662,-32.2209655],[-58.1504911,-32.2206417],[-58.1507589,-32.2203637],[-58.150435,-32.2201359],[-58.1503122,-32.2200464],[-58.1500898,-32.2198984]]]}},{"type":"Feature","properties":{"ID":0,"NCM":"0100010000000560--","SEC":0,"GRU":0,"MANZ":560},"geometry":{"type":"Polygon","coordinates":[[[-58.1516406,-32.2197698],[-58.151461,-32.2199475],[-58.1510417,-32.2203577],[-58.1512791,-32.2205304],[-58.1517256,-32.2208446],[-58.151753,-32.2208359],[-58.1520416,-32.220553],[-58.1523235,-32.2202597],[-58.1523213,-32.2202464],[-58.1519933,-32.2200127],[-58.1516642,-32.2197718],[-58.1516406,-32.2197698]]]}},{"type":"Feature","properties":{"ID":0,"NCM":"0100010000000223--","SEC":0,"GRU":0,"MANZ":223},"geometry":{"type":"Polygon","coordinates":[[[-58.1329253,-32.2192539],[-58.1328956,-32.2192608],[-58.1328389,-32.2194351],[-58.1328192,-32.2194725],[-58.1327987,-32.2195096],[-58.1327775,-32.2195463],[-58.1327555,-32.2195827],[-58.1327327,-32.2196188],[-58.1327092,-32.2196545],[-58.1326849,-32.2196898],[-58.1326598,-32.2197248],[-58.1326341,-32.2197593],[-58.1326076,-32.2197935],[-58.1325803,-32.2198273],[-58.1325524,-32.2198607],[-58.1325238,-32.2198936],[-58.1324945,-32.219926],[-58.1324675,-32.2199548],[-58.1328451,-32.2202192],[-58.132923,-32.2201411],[-58.1331437,-32.2199216],[-58.1333395,-32.2197194],[-58.1334422,-32.2196229],[-58.1333817,-32.2195798],[-58.1331011,-32.2193779],[-58.1329253,-32.2192539]]]}},{"type":"Feature","properties":{"ID":0,"NCM":"0100010000000185--","SEC":0,"GRU":0,"MANZ":185},"geometry":{"type":"Polygon","coordinates":[[[-58.1369962,-32.2192379],[-58.1369675,-32.2192412],[-58.1367944,-32.2194168],[-58.1364422,-32.2197734],[-58.1364408,-32.2197853],[-58.1364446,-32.2198359],[-58.136611,-32.2199543],[-58.1370965,-32.2203042],[-58.1371248,-32.2203019],[-58.1374812,-32.2199454],[-58.1376781,-32.219747],[-58.1376747,-32.2197207],[-58.1374094,-32.2195328],[-58.1369962,-32.2192379]]]}},{"type":"Feature","properties":{"ID":0,"NCM":"0100010000000595--","SEC":0,"GRU":0,"MANZ":595},"geometry":{"type":"Polygon","coordinates":[[[-58.1492284,-32.2192789],[-58.1490059,-32.2195017],[-58.1486719,-32.2198373],[-58.1486344,-32.2198709],[-58.1486662,-32.2198938],[-58.1490359,-32.2201608],[-58.1493251,-32.2203679],[-58.149688,-32.2200088],[-58.1497282,-32.2199681],[-58.1499158,-32.2197766],[-58.1498845,-32.2197533],[-58.1498276,-32.2197117],[-58.1492284,-32.2192789]]]}},{"type":"Feature","properties":{"ID":0,"NCM":"0100010000000126--","SEC":0,"GRU":0,"MANZ":126},"geometry":{"type":"Polygon","coordinates":[[[-58.1420174,-32.2200807],[-58.1426675,-32.2205609],[-58.1426994,-32.2205597],[-58.143245,-32.2200122],[-58.1432465,-32.2199869],[-58.1425644,-32.2195052],[-58.1425342,-32.219508],[-58.1420029,-32.220041],[-58.1420174,-32.2200807]]]}},{"type":"Feature","properties":{"ID":0,"NCM":"0100010000000199--","SEC":0,"GRU":0,"MANZ":199},"geometry":{"type":"Polygon","coordinates":[[[-58.1354375,-32.2193186],[-58.1352742,-32.219483],[-58.1350956,-32.2196632],[-58.1350918,-32.2196668],[-58.1350887,-32.2196709],[-58.1350864,-32.2196754],[-58.1350849,-32.2196801],[-58.1350844,-32.219685],[-58.1350848,-32.2196898],[-58.1350861,-32.2196946],[-58.1350883,-32.2196991],[-58.1350913,-32.2197032],[-58.135095,-32.2197069],[-58.1350994,-32.2197101],[-58.1351043,-32.2197126],[-58.1351068,-32.2197144],[-58.1357774,-32.2201948],[-58.136142,-32.219829],[-58.1361082,-32.2198033],[-58.1357727,-32.2195596],[-58.1354375,-32.2193186]]]}},{"type":"Feature","properties":{"ID":0,"NCM":"0100010000000120--","SEC":0,"GRU":0,"MANZ":120},"geometry":{"type":"Polygon","coordinates":[[[-58.1441064,-32.2193783],[-58.1435182,-32.2199779],[-58.1442224,-32.2204828],[-58.1445404,-32.220158],[-58.1448118,-32.2198858],[-58.1442301,-32.2194677],[-58.1441064,-32.2193783]]]}},{"type":"Feature","properties":{"ID":0,"NCM":"0100010000000173--","SEC":0,"GRU":0,"MANZ":173},"geometry":{"type":"Polygon","coordinates":[[[-58.1385498,-32.2191042],[-58.1384897,-32.2191639],[-58.1379565,-32.219702],[-58.1379595,-32.2197267],[-58.1386571,-32.2202253],[-58.1392465,-32.2196285],[-58.1392441,-32.2196035],[-58.1385498,-32.2191042]]]}},{"type":"Feature","properties":{"ID":0,"NCM":"0100010000000155--","SEC":0,"GRU":0,"MANZ":155},"geometry":{"type":"Polygon","coordinates":[[[-58.1401845,-32.2189509],[-58.1401606,-32.2189518],[-58.1395379,-32.2195822],[-58.1395413,-32.2196086],[-58.1399052,-32.2198692],[-58.1402133,-32.2200896],[-58.140243,-32.2200884],[-58.14086,-32.2194651],[-58.1408543,-32.2194354],[-58.1401845,-32.2189509]]]}},{"type":"Feature","properties":{"ID":0,"NCM":"0100010000000187--","SEC":0,"GRU":0,"MANZ":187},"geometry":{"type":"Polygon","coordinates":[[[-58.1357694,-32.2204483],[-58.1354069,-32.2208088],[-58.1354087,-32.2208378],[-58.1356656,-32.2210238],[-58.135923,-32.2212089],[-58.1360757,-32.221322],[-58.1361106,-32.2213186],[-58.136285,-32.2211452],[-58.1364737,-32.2209614],[-58.1363339,-32.2208535],[-58.136097,-32.2206823],[-58.1357694,-32.2204483]]]}},{"type":"Feature","properties":{"ID":0,"NCM":"0100010000000171--","SEC":0,"GRU":0,"MANZ":171},"geometry":{"type":"Polygon","coordinates":[[[-58.1371607,-32.2205635],[-58.137117,-32.2205631],[-58.1367876,-32.2208896],[-58.1367901,-32.2209225],[-58.1374805,-32.2214132],[-58.1378241,-32.2210694],[-58.1378202,-32.2210423],[-58.1371607,-32.2205635]]]}},{"type":"Feature","properties":{"ID":0,"NCM":"0100010000000097--","SEC":0,"GRU":0,"MANZ":97},"geometry":{"type":"Polygon","coordinates":[[[-58.1449525,-32.2199869],[-58.1443654,-32.2205853],[-58.1450884,-32.2211037],[-58.1456743,-32.2205069],[-58.1454758,-32.2203631],[-58.1449525,-32.2199869]]]}},{"type":"Feature","properties":{"ID":0,"NCM":"0100010000000198--","SEC":0,"GRU":0,"MANZ":198},"geometry":{"type":"Polygon","coordinates":[[[-58.1349377,-32.2198493],[-58.1349079,-32.2198528],[-58.1345792,-32.2201791],[-58.1345756,-32.2201828],[-58.1345496,-32.2202147],[-58.1348186,-32.2204111],[-58.13496,-32.220515],[-58.1352357,-32.2207136],[-58.1352616,-32.2207132],[-58.1354141,-32.2205599],[-58.1356124,-32.2203599],[-58.1356088,-32.2203308],[-58.1349377,-32.2198493]]]}},{"type":"Feature","properties":{"ID":0,"NCM":"0100010000000127--","SEC":0,"GRU":0,"MANZ":127},"geometry":{"type":"Polygon","coordinates":[[[-58.141844,-32.2201921],[-58.1412452,-32.2208006],[-58.1412519,-32.2208389],[-58.1419169,-32.2213182],[-58.1419497,-32.2213155],[-58.1425628,-32.2207063],[-58.1425591,-32.2206834],[-58.1421187,-32.2203592],[-58.1418956,-32.2201933],[-58.141844,-32.2201921]]]}},{"type":"Feature","properties":{"ID":0,"NCM":"0100010000000172--","SEC":0,"GRU":0,"MANZ":172},"geometry":{"type":"Polygon","coordinates":[[[-58.1378443,-32.2198447],[-58.1378148,-32.219848],[-58.1372613,-32.2204088],[-58.1372645,-32.2204337],[-58.1379385,-32.2209188],[-58.1379707,-32.2209164],[-58.1385253,-32.2203561],[-58.1385231,-32.2203322],[-58.1378443,-32.2198447]]]}},{"type":"Feature","properties":{"ID":0,"NCM":"0100010000000119--","SEC":0,"GRU":0,"MANZ":119},"geometry":{"type":"Polygon","coordinates":[[[-58.1433972,-32.2201012],[-58.1433701,-32.2201287],[-58.142827,-32.2206758],[-58.1435276,-32.2211893],[-58.143816,-32.2208977],[-58.1441012,-32.2206066],[-58.1433972,-32.2201012]]]}},{"type":"Feature","properties":{"ID":0,"NCM":"0100010000000072--","SEC":0,"GRU":0,"MANZ":72},"geometry":{"type":"Polygon","coordinates":[[[-58.1471804,-32.2203676],[-58.1471322,-32.2203714],[-58.1465845,-32.2209276],[-58.146586,-32.2209607],[-58.1468988,-32.2211928],[-58.1469083,-32.2212],[-58.1470003,-32.2212677],[-58.1470684,-32.2211978],[-58.1470778,-32.2211887],[-58.147109,-32.2211572],[-58.1475836,-32.2206759],[-58.1475729,-32.2206516],[-58.1475258,-32.2206182],[-58.1473735,-32.2205108],[-58.1471804,-32.2203676]]]}},{"type":"Feature","properties":{"ID":0,"NCM":"0100010000000530--","SEC":0,"GRU":0,"MANZ":530},"geometry":{"type":"Polygon","coordinates":[[[-58.1541268,-32.2202867],[-58.15353,-32.2208738],[-58.1538141,-32.221078],[-58.1541617,-32.2213293],[-58.1545681,-32.2209178],[-58.1547571,-32.2207353],[-58.1544963,-32.220549],[-58.1541268,-32.2202867]]]}},{"type":"Feature","properties":{"ID":0,"NCM":"0100010000000215--","SEC":0,"GRU":0,"MANZ":215},"geometry":{"type":"Polygon","coordinates":[[[-58.1336069,-32.2197453],[-58.1335571,-32.2197507],[-58.1333875,-32.219919],[-58.1331821,-32.2201263],[-58.1330072,-32.2203053],[-58.1330052,-32.2203298],[-58.1331705,-32.2204502],[-58.1333508,-32.2205771],[-58.1336788,-32.2208104],[-58.1337112,-32.2208118],[-58.1337184,-32.220805],[-58.1337417,-32.2207818],[-58.1339476,-32.2205726],[-58.1342241,-32.2202943],[-58.1342677,-32.2202527],[-58.1342704,-32.2202489],[-58.1342722,-32.2202447],[-58.1342731,-32.2202404],[-58.134273,-32.220236],[-58.134272,-32.2202316],[-58.1342701,-32.2202276],[-58.1342673,-32.2202238],[-58.1338664,-32.2199312],[-58.1336069,-32.2197453]]]}},{"type":"Feature","properties":{"ID":0,"NCM":"0100010000000186--","SEC":0,"GRU":0,"MANZ":186},"geometry":{"type":"Polygon","coordinates":[[[-58.1363009,-32.2199458],[-58.1362705,-32.2199475],[-58.1359322,-32.2202821],[-58.1359368,-32.2203091],[-58.1362251,-32.2205192],[-58.1366101,-32.2207919],[-58.1366395,-32.220789],[-58.1368324,-32.2205964],[-58.1369656,-32.2204628],[-58.1369641,-32.2204254],[-58.1368711,-32.2203561],[-58.1365988,-32.2201573],[-58.1363009,-32.2199458]]]}},{"type":"Feature","properties":{"ID":0,"NCM":"0100010000000093--","SEC":0,"GRU":0,"MANZ":93},"geometry":{"type":"Polygon","coordinates":[[[-58.1465128,-32.2198878],[-58.1459379,-32.2204698],[-58.1459386,-32.2204929],[-58.1463483,-32.2207883],[-58.1463748,-32.2207822],[-58.1469362,-32.2202201],[-58.146934,-32.2201933],[-58.1465128,-32.2198878]]]}},{"type":"Feature","properties":{"ID":0,"NCM":"0100010000000070--","SEC":0,"GRU":0,"MANZ":70},"geometry":{"type":"Polygon","coordinates":[[[-58.1484668,-32.2200597],[-58.1484341,-32.2200632],[-58.1479818,-32.2205183],[-58.1478558,-32.2206388],[-58.1478607,-32.2206599],[-58.1482271,-32.2209315],[-58.1485348,-32.2211541],[-58.1485688,-32.2211479],[-58.1487245,-32.2209937],[-58.1491404,-32.2205743],[-58.1491378,-32.2205433],[-58.1484668,-32.2200597]]]}},{"type":"Feature","properties":{"ID":0,"NCM":"0100010000000156--","SEC":0,"GRU":0,"MANZ":156},"geometry":{"type":"Polygon","coordinates":[[[-58.1394195,-32.2197275],[-58.139387,-32.2197295],[-58.1388186,-32.220309],[-58.1388231,-32.2203436],[-58.1394764,-32.220815],[-58.1395033,-32.2208346],[-58.139607,-32.2207299],[-58.1400918,-32.2202381],[-58.1400924,-32.2202092],[-58.1394195,-32.2197275]]]}},{"type":"Feature","properties":{"ID":0,"NCM":"0100010000000221--","SEC":0,"GRU":0,"MANZ":221},"geometry":{"type":"Polygon","coordinates":[[[-58.1317974,-32.2209434],[-58.1317843,-32.2209803],[-58.1317659,-32.2210369],[-58.131759,-32.2210642],[-58.131753,-32.2210917],[-58.1317479,-32.2211193],[-58.1317437,-32.221147],[-58.1317404,-32.2211748],[-58.1317381,-32.2212027],[-58.1317366,-32.2212306],[-58.1317361,-32.2212585],[-58.1317364,-32.2212865],[-58.1317377,-32.2213144],[-58.1317366,-32.2213224],[-58.1317366,-32.2213336],[-58.1317357,-32.2213684],[-58.13174,-32.2213782],[-58.1320259,-32.2210997],[-58.131989,-32.2210734],[-58.1317974,-32.2209434]]]}},{"type":"Feature","properties":{"ID":0,"NCM":"0100010000000042--","SEC":0,"GRU":0,"MANZ":42},"geometry":{"type":"Polygon","coordinates":[[[-58.150162,-32.221277],[-58.1501297,-32.2212814],[-58.1495292,-32.2218761],[-58.1498521,-32.2221009],[-58.1501098,-32.2218378],[-58.1500362,-32.2217865],[-58.1502002,-32.2216166],[-58.1503591,-32.2217337],[-58.1499371,-32.2221615],[-58.1502494,-32.222384],[-58.1502669,-32.2223829],[-58.1508573,-32.2217827],[-58.150162,-32.221277]]]}},{"type":"Feature","properties":{"ID":0,"NCM":"0100010000000043--","SEC":0,"GRU":0,"MANZ":43},"geometry":{"type":"Polygon","coordinates":[[[-58.1492997,-32.2206518],[-58.1486891,-32.2212708],[-58.149379,-32.2217487],[-58.1494379,-32.2217407],[-58.150009,-32.2211555],[-58.1492997,-32.2206518]]]}},{"type":"Feature","properties":{"ID":0,"NCM":"0100010000000092--","SEC":0,"GRU":0,"MANZ":92},"geometry":{"type":"Polygon","coordinates":[[[-58.1458246,-32.2206158],[-58.1457885,-32.2206209],[-58.1452186,-32.2211975],[-58.1456508,-32.2215087],[-58.1462405,-32.2209171],[-58.1458246,-32.2206158]]]}},{"type":"Feature","properties":{"ID":0,"NCM":"0100010000000073--","SEC":0,"GRU":0,"MANZ":73},"geometry":{"type":"Polygon","coordinates":[[[-58.1464466,-32.2210665],[-58.14586,-32.2216594],[-58.146273,-32.2219568],[-58.1463073,-32.2219536],[-58.1468818,-32.2213818],[-58.1464466,-32.2210665]]]}},{"type":"Feature","properties":{"ID":0,"NCM":"0100010000000490--","SEC":0,"GRU":0,"MANZ":490},"geometry":{"type":"Polygon","coordinates":[[[-58.1565544,-32.2207567],[-58.1559634,-32.2213643],[-58.1566676,-32.2218642],[-58.1569652,-32.221565],[-58.1572472,-32.221264],[-58.15725,-32.2212613],[-58.1565544,-32.2207567]]]}},{"type":"Feature","properties":{"ID":0,"NCM":"0100010000000516--","SEC":0,"GRU":0,"MANZ":516},"geometry":{"type":"Polygon","coordinates":[[[-58.1549644,-32.2208834],[-58.154893,-32.220953],[-58.1548609,-32.2209857],[-58.1546712,-32.2211761],[-58.15437,-32.2214767],[-58.1550751,-32.2219786],[-58.1553563,-32.2216971],[-58.155658,-32.2213937],[-58.1549644,-32.2208834]]]}},{"type":"Feature","properties":{"ID":0,"NCM":"0100010000000216--","SEC":0,"GRU":0,"MANZ":216},"geometry":{"type":"Polygon","coordinates":[[[-58.1328944,-32.2204571],[-58.1328418,-32.2204676],[-58.1326557,-32.2206631],[-58.1322811,-32.2210436],[-58.1322846,-32.2210689],[-58.1328202,-32.2214541],[-58.132966,-32.2215617],[-58.1331104,-32.2214133],[-58.133478,-32.2210469],[-58.1335601,-32.2209689],[-58.1335561,-32.2209429],[-58.1334625,-32.2208683],[-58.1332236,-32.2206927],[-58.1332189,-32.2206894],[-58.1328944,-32.2204571]]]}},{"type":"Feature","properties":{"ID":0,"NCM":"0100010000000118--","SEC":0,"GRU":0,"MANZ":118},"geometry":{"type":"Polygon","coordinates":[[[-58.1427306,-32.2208113],[-58.1426986,-32.2208151],[-58.1420907,-32.2214138],[-58.1420935,-32.2214401],[-58.1427629,-32.2219235],[-58.1427976,-32.2219205],[-58.1433946,-32.2213195],[-58.1433903,-32.2212951],[-58.1427306,-32.2208113]]]}},{"type":"Feature","properties":{"ID":0,"NCM":"0100010000000069--","SEC":0,"GRU":0,"MANZ":69},"geometry":{"type":"Polygon","coordinates":[[[-58.1477397,-32.2207865],[-58.1477101,-32.2207915],[-58.1476633,-32.2208421],[-58.1471582,-32.2213486],[-58.1471593,-32.2213731],[-58.1474467,-32.221588],[-58.1478253,-32.2218508],[-58.1478282,-32.221853],[-58.1478697,-32.2218401],[-58.1482221,-32.2214877],[-58.1484145,-32.2213016],[-58.1484186,-32.2212775],[-58.1480291,-32.2209967],[-58.1479042,-32.2209063],[-58.1478426,-32.2208618],[-58.1477397,-32.2207865]]]}},{"type":"Feature","properties":{"ID":0,"NCM":"0100010000000157--","SEC":0,"GRU":0,"MANZ":157},"geometry":{"type":"Polygon","coordinates":[[[-58.1387004,-32.2204562],[-58.1386612,-32.2204618],[-58.138111,-32.2210208],[-58.1381118,-32.221045],[-58.1387804,-32.2215291],[-58.1388164,-32.2215252],[-58.1393751,-32.220962],[-58.1393727,-32.2209374],[-58.1387004,-32.2204562]]]}},{"type":"Feature","properties":{"ID":0,"NCM":"0100010000000559--","SEC":0,"GRU":0,"MANZ":559},"geometry":{"type":"Polygon","coordinates":[[[-58.1509131,-32.2204905],[-58.1508582,-32.2205478],[-58.1505184,-32.2208879],[-58.1503215,-32.2210835],[-58.1507094,-32.2213638],[-58.150776,-32.2214118],[-58.1509471,-32.221539],[-58.1510175,-32.2215893],[-58.1516213,-32.2209826],[-58.1513718,-32.2208059],[-58.15126,-32.2207285],[-58.1509131,-32.2204905]]]}},{"type":"Feature","properties":{"ID":0,"NCM":"0100010000000197--","SEC":0,"GRU":0,"MANZ":197},"geometry":{"type":"Polygon","coordinates":[[[-58.1344361,-32.2203449],[-58.1344158,-32.2203482],[-58.1341032,-32.2206635],[-58.1338542,-32.2209118],[-58.1338598,-32.2209421],[-58.1344909,-32.2214038],[-58.1345414,-32.2214402],[-58.1347267,-32.2212509],[-58.1348588,-32.2211208],[-58.1351211,-32.2208563],[-58.135118,-32.2208333],[-58.1347296,-32.2205539],[-58.1344361,-32.2203449]]]}},{"type":"Feature","properties":{"ID":0,"NCM":"0100010000000544--","SEC":0,"GRU":0,"MANZ":544},"geometry":{"type":"Polygon","coordinates":[[[-58.1525049,-32.2203805],[-58.1524241,-32.2204633],[-58.1519072,-32.220979],[-58.1526213,-32.2214822],[-58.152856,-32.2212572],[-58.1532266,-32.2208947],[-58.1528683,-32.2206374],[-58.1525049,-32.2203805]]]}},{"type":"Feature","properties":{"ID":0,"NCM":"0100010000000217--","SEC":0,"GRU":0,"MANZ":217},"geometry":{"type":"Polygon","coordinates":[[[-58.1317586,-32.2220058],[-58.131643,-32.2216771],[-58.1315479,-32.2217772],[-58.1315451,-32.2218269],[-58.1315413,-32.2218733],[-58.1317586,-32.2220058]]]}},{"type":"Feature","properties":{"ID":0,"NCM":"0100010000000044--","SEC":0,"GRU":0,"MANZ":44},"geometry":{"type":"Polygon","coordinates":[[[-58.1485677,-32.2213678],[-58.1482564,-32.2216949],[-58.1479997,-32.221953],[-58.147996,-32.2219814],[-58.1480808,-32.2220401],[-58.1487008,-32.2224782],[-58.1493043,-32.2218818],[-58.1485677,-32.2213678]]]}},{"type":"Feature","properties":{"ID":0,"NCM":"0100010000000099--","SEC":0,"GRU":0,"MANZ":99},"geometry":{"type":"Polygon","coordinates":[[[-58.1435635,-32.2214229],[-58.1435311,-32.2214249],[-58.1429242,-32.2220371],[-58.1429259,-32.2220549],[-58.1436294,-32.222541],[-58.1436593,-32.2225368],[-58.1442615,-32.221937],[-58.1435635,-32.2214229]]]}},{"type":"Feature","properties":{"ID":0,"NCM":"0100010000000170--","SEC":0,"GRU":0,"MANZ":170},"geometry":{"type":"Polygon","coordinates":[[[-58.136637,-32.2210671],[-58.1366053,-32.2210709],[-58.1362527,-32.2214245],[-58.1362524,-32.2214551],[-58.136934,-32.2219449],[-58.1369519,-32.221944],[-58.1373305,-32.2215643],[-58.1371139,-32.2214098],[-58.136637,-32.2210671]]]}},{"type":"Feature","properties":{"ID":0,"NCM":"0100010000000217--","SEC":0,"GRU":0,"MANZ":217},"geometry":{"type":"Polygon","coordinates":[[[-58.132139,-32.2211817],[-58.1317789,-32.221539],[-58.132106,-32.2221844],[-58.1322397,-32.2222817],[-58.1328365,-32.2216895],[-58.132139,-32.2211817]]]}},{"type":"Feature","properties":{"ID":0,"NCM":"0100010000000488--","SEC":0,"GRU":0,"MANZ":488},"geometry":{"type":"Polygon","coordinates":[[[-58.1551132,-32.2222262],[-58.1545277,-32.2228347],[-58.1552295,-32.2233382],[-58.155811,-32.2227339],[-58.1551132,-32.2222262]]]}},{"type":"Feature","properties":{"ID":0,"NCM":"0100010000000515--","SEC":0,"GRU":0,"MANZ":515},"geometry":{"type":"Polygon","coordinates":[[[-58.1542365,-32.2216092],[-58.1537991,-32.2220543],[-58.1536538,-32.2222078],[-58.1543556,-32.2227112],[-58.1549439,-32.222107],[-58.1542365,-32.2216092]]]}},{"type":"Feature","properties":{"ID":0,"NCM":"0100010000000196--","SEC":0,"GRU":0,"MANZ":196},"geometry":{"type":"Polygon","coordinates":[[[-58.1337131,-32.2210547],[-58.1334541,-32.2213147],[-58.1331211,-32.22165],[-58.1331277,-32.2216751],[-58.1334562,-32.2219135],[-58.1337776,-32.2221477],[-58.1338296,-32.222145],[-58.1344046,-32.2215808],[-58.1343987,-32.2215513],[-58.1341814,-32.2213967],[-58.1337131,-32.2210547]]]}},{"type":"Feature","properties":{"ID":0,"NCM":"0100010000000489--","SEC":0,"GRU":0,"MANZ":489},"geometry":{"type":"Polygon","coordinates":[[[-58.155828,-32.2215021],[-58.155425,-32.2219125],[-58.1552433,-32.2220983],[-58.1557064,-32.2224346],[-58.1559376,-32.2226014],[-58.1562307,-32.2223079],[-58.1565324,-32.2220046],[-58.155828,-32.2215021]]]}},{"type":"Feature","properties":{"ID":0,"NCM":"0100010000000068--","SEC":0,"GRU":0,"MANZ":68},"geometry":{"type":"Polygon","coordinates":[[[-58.1470202,-32.2214821],[-58.1464303,-32.2220701],[-58.1465781,-32.2221766],[-58.1471324,-32.2225718],[-58.1477176,-32.2219874],[-58.1470202,-32.2214821]]]}},{"type":"Feature","properties":{"ID":0,"NCM":"0100010000000158--","SEC":0,"GRU":0,"MANZ":158},"geometry":{"type":"Polygon","coordinates":[[[-58.1379907,-32.2211673],[-58.137957,-32.2211709],[-58.1376312,-32.2215021],[-58.1376331,-32.2215301],[-58.1383039,-32.2220096],[-58.138335,-32.2220098],[-58.138654,-32.2216879],[-58.1386511,-32.221644],[-58.1379907,-32.2211673]]]}},{"type":"Feature","properties":{"ID":0,"NCM":"0100010000000144--","SEC":0,"GRU":0,"MANZ":144},"geometry":{"type":"Polygon","coordinates":[[[-58.1395521,-32.2210666],[-58.1395231,-32.2210683],[-58.1389609,-32.221631],[-58.1389606,-32.2216571],[-58.1396325,-32.2221431],[-58.1396689,-32.222142],[-58.1402315,-32.221579],[-58.1402279,-32.2215486],[-58.1395521,-32.2210666]]]}},{"type":"Feature","properties":{"ID":0,"NCM":"0100010000000188--","SEC":0,"GRU":0,"MANZ":188},"geometry":{"type":"Polygon","coordinates":[[[-58.1352893,-32.2209594],[-58.135258,-32.2209614],[-58.1350987,-32.2211199],[-58.1347749,-32.2214453],[-58.1346785,-32.2215419],[-58.1346998,-32.2215585],[-58.1349149,-32.2217153],[-58.1353682,-32.2220414],[-58.1354003,-32.2220399],[-58.1356424,-32.2217938],[-58.1359629,-32.2214712],[-58.1359595,-32.2214441],[-58.1356405,-32.2212169],[-58.1352893,-32.2209594]]]}},{"type":"Feature","properties":{"ID":0,"NCM":"0100010000000543--","SEC":0,"GRU":0,"MANZ":543},"geometry":{"type":"Polygon","coordinates":[[[-58.1517735,-32.2211056],[-58.1516278,-32.2212627],[-58.1514715,-32.2214179],[-58.151203,-32.2216962],[-58.1512009,-32.2217178],[-58.1515436,-32.2219654],[-58.1519034,-32.222224],[-58.1524847,-32.2216383],[-58.1524832,-32.2216217],[-58.1517735,-32.2211056]]]}},{"type":"Feature","properties":{"ID":0,"NCM":"0100010000000128--","SEC":0,"GRU":0,"MANZ":128},"geometry":{"type":"Polygon","coordinates":[[[-58.1411256,-32.2209516],[-58.1410823,-32.2209582],[-58.1410133,-32.221026],[-58.1405603,-32.22148],[-58.1404964,-32.2215389],[-58.1408965,-32.2218237],[-58.1412134,-32.2220549],[-58.1418154,-32.2214449],[-58.141252,-32.2210407],[-58.1411256,-32.2209516]]]}},{"type":"Feature","properties":{"ID":0,"NCM":"0100010000000529--","SEC":0,"GRU":0,"MANZ":529},"geometry":{"type":"Polygon","coordinates":[[[-58.1533754,-32.2210193],[-58.1531753,-32.2212202],[-58.1527889,-32.2216067],[-58.1531618,-32.2218724],[-58.1534297,-32.2220644],[-58.1538627,-32.2216232],[-58.1540222,-32.2214679],[-58.1535706,-32.2211427],[-58.1533991,-32.2210205],[-58.1533754,-32.2210193]]]}},{"type":"Feature","properties":{"ID":0,"NCM":"0100010000000159--","SEC":0,"GRU":0,"MANZ":159},"geometry":{"type":"Polygon","coordinates":[[[-58.1374919,-32.2216768],[-58.1374569,-32.2216789],[-58.1371012,-32.2220377],[-58.1371054,-32.222067],[-58.1377734,-32.2225469],[-58.1378088,-32.222544],[-58.138161,-32.2221851],[-58.1381586,-32.2221584],[-58.1374919,-32.2216768]]]}},{"type":"Feature","properties":{"ID":0,"NCM":"0100010000000195--","SEC":0,"GRU":0,"MANZ":195},"geometry":{"type":"Polygon","coordinates":[[[-58.1329955,-32.2217967],[-58.1329695,-32.2217985],[-58.1328539,-32.2219136],[-58.1326085,-32.2221521],[-58.1324647,-32.222294],[-58.1323824,-32.2223779],[-58.1330868,-32.222901],[-58.1336628,-32.2223257],[-58.1336587,-32.2222773],[-58.1333028,-32.2220104],[-58.1329955,-32.2217967]]]}},{"type":"Feature","properties":{"ID":0,"NCM":"0100010000000041--","SEC":0,"GRU":0,"MANZ":41},"geometry":{"type":"Polygon","coordinates":[[[-58.1494085,-32.2219718],[-58.1488301,-32.2225697],[-58.1495635,-32.223095],[-58.1501438,-32.2224984],[-58.1494085,-32.2219718]]]}},{"type":"Feature","properties":{"ID":0,"NCM":"0100010000000015--","SEC":0,"GRU":0,"MANZ":15},"geometry":{"type":"Polygon","coordinates":[[[-58.1516562,-32.2223566],[-58.1510176,-32.2218952],[-58.1509845,-32.2218977],[-58.1503982,-32.2224925],[-58.1511394,-32.2230078],[-58.1513056,-32.2228368],[-58.1515516,-32.2225947],[-58.1517177,-32.2224247],[-58.1517138,-32.2223981],[-58.1516562,-32.2223566]]]}},{"type":"Feature","properties":{"ID":0,"NCM":"0100010000000189--","SEC":0,"GRU":0,"MANZ":189},"geometry":{"type":"Polygon","coordinates":[[[-58.1345698,-32.2216758],[-58.1345425,-32.2216784],[-58.1343784,-32.2218422],[-58.1339529,-32.2222704],[-58.1341991,-32.2224459],[-58.1346622,-32.2227834],[-58.1348254,-32.2226113],[-58.1349886,-32.2224489],[-58.1352579,-32.2221765],[-58.1350156,-32.2220022],[-58.1345698,-32.2216758]]]}},{"type":"Feature","properties":{"ID":0,"NCM":"0100010000000143--","SEC":0,"GRU":0,"MANZ":143},"geometry":{"type":"Polygon","coordinates":[[[-58.1388269,-32.2217663],[-58.1385433,-32.2220504],[-58.1384837,-32.2221114],[-58.1384864,-32.2221396],[-58.1391588,-32.2226215],[-58.1391937,-32.2226207],[-58.139531,-32.2222778],[-58.1388269,-32.2217663]]]}},{"type":"Feature","properties":{"ID":0,"NCM":"0100010000000090--","SEC":0,"GRU":0,"MANZ":90},"geometry":{"type":"Polygon","coordinates":[[[-58.1444106,-32.2220484],[-58.1443876,-32.2220491],[-58.1437944,-32.2226306],[-58.1438009,-32.2226658],[-58.14419,-32.2229452],[-58.1442204,-32.2229424],[-58.1448081,-32.2223633],[-58.1448086,-32.2223379],[-58.1444106,-32.2220484]]]}},{"type":"Feature","properties":{"ID":0,"NCM":"0100010000000129--","SEC":0,"GRU":0,"MANZ":129},"geometry":{"type":"Polygon","coordinates":[[[-58.1403859,-32.2216646],[-58.139794,-32.2222555],[-58.1404775,-32.2227551],[-58.1405145,-32.2227514],[-58.1410776,-32.2221873],[-58.1410774,-32.2221584],[-58.1403859,-32.2216646]]]}},{"type":"Feature","properties":{"ID":0,"NCM":"0100010000000074--","SEC":0,"GRU":0,"MANZ":74},"geometry":{"type":"Polygon","coordinates":[[[-58.1457548,-32.2217932],[-58.1457243,-32.2217968],[-58.145163,-32.2223629],[-58.1451654,-32.2223906],[-58.1455625,-32.2226807],[-58.1455841,-32.222679],[-58.1461692,-32.2220903],[-58.1457548,-32.2217932]]]}},{"type":"Feature","properties":{"ID":0,"NCM":"0100010000000528--","SEC":0,"GRU":0,"MANZ":528},"geometry":{"type":"Polygon","coordinates":[[[-58.1526455,-32.2217364],[-58.1522131,-32.2221749],[-58.1520564,-32.2223334],[-58.1521476,-32.2223984],[-58.1527005,-32.2227877],[-58.1529225,-32.2225611],[-58.153291,-32.2222012],[-58.1526455,-32.2217364]]]}},{"type":"Feature","properties":{"ID":0,"NCM":"0100010000000169--","SEC":0,"GRU":0,"MANZ":169},"geometry":{"type":"Polygon","coordinates":[[[-58.1361224,-32.2215591],[-58.1355406,-32.22214],[-58.1355463,-32.2221713],[-58.1362254,-32.2226641],[-58.1362442,-32.2226657],[-58.136817,-32.2220841],[-58.1368128,-32.2220593],[-58.1361224,-32.2215591]]]}},{"type":"Feature","properties":{"ID":0,"NCM":"0100010000000117--","SEC":0,"GRU":0,"MANZ":117},"geometry":{"type":"Polygon","coordinates":[[[-58.1419706,-32.221562],[-58.1419415,-32.2215658],[-58.1413706,-32.2221397],[-58.141373,-32.2221655],[-58.1420481,-32.2226481],[-58.1420789,-32.2226439],[-58.1426467,-32.2220705],[-58.1426449,-32.222047],[-58.1419706,-32.221562]]]}},{"type":"Feature","properties":{"ID":0,"NCM":"0100010000000194--","SEC":0,"GRU":0,"MANZ":194},"geometry":{"type":"Polygon","coordinates":[[[-58.1319943,-32.2227853],[-58.1319892,-32.222786],[-58.1318681,-32.2229089],[-58.1316894,-32.2230852],[-58.1316868,-32.2231115],[-58.1319712,-32.2233217],[-58.1320052,-32.2233162],[-58.1320042,-32.2230499],[-58.1320016,-32.222791],[-58.1319989,-32.2227872],[-58.1319943,-32.2227853]]]}},{"type":"Feature","properties":{"ID":0,"NCM":"0100010000000115--","SEC":0,"GRU":0,"MANZ":115},"geometry":{"type":"Polygon","coordinates":[[[-58.140546,-32.2230049],[-58.1405096,-32.2230054],[-58.1401782,-32.2233378],[-58.1401792,-32.2233615],[-58.1408536,-32.2238452],[-58.1408858,-32.2238426],[-58.1412127,-32.2235133],[-58.1412106,-32.2234866],[-58.140546,-32.2230049]]]}},{"type":"Feature","properties":{"ID":0,"NCM":"0100010000001222--","SEC":0,"GRU":0,"MANZ":1222},"geometry":{"type":"Polygon","coordinates":[[[-58.1318705,-32.2223242],[-58.1317897,-32.2220944],[-58.1317586,-32.2220058],[-58.1315413,-32.2218733],[-58.1315451,-32.2218269],[-58.1315479,-32.2217772],[-58.131643,-32.2216771],[-58.1316232,-32.2216554],[-58.1315991,-32.2216291],[-58.1315759,-32.2215945],[-58.1315519,-32.2215622],[-58.1315242,-32.2214808],[-58.131517,-32.221455],[-58.1315106,-32.2214291],[-58.1315051,-32.221403],[-58.1315005,-32.2213768],[-58.1314966,-32.2213505],[-58.1314937,-32.2213241],[-58.1314916,-32.2212977],[-58.1314903,-32.2212712],[-58.13149,-32.2212447],[-58.1314904,-32.2212183],[-58.1314918,-32.2211918],[-58.131494,-32.2211654],[-58.131497,-32.221139],[-58.1315009,-32.2211127],[-58.1315057,-32.2210865],[-58.1315113,-32.2210605],[-58.1316042,-32.2206899],[-58.1316136,-32.2206577],[-58.131624,-32.2206257],[-58.1316351,-32.2205939],[-58.1316471,-32.2205623],[-58.13166,-32.220531],[-58.1316737,-32.2204999],[-58.1316883,-32.2204691],[-58.1317037,-32.2204386],[-58.1317199,-32.2204084],[-58.1317369,-32.2203786],[-58.1317547,-32.220349],[-58.1317734,-32.2203199],[-58.1317928,-32.2202911],[-58.1318129,-32.2202626],[-58.1318356,-32.220235],[-58.1318589,-32.2202078],[-58.1318829,-32.220181],[-58.1319074,-32.2201547],[-58.1319327,-32.2201287],[-58.1319585,-32.2201032],[-58.1319849,-32.2200781],[-58.1320119,-32.2200535],[-58.1320395,-32.2200294],[-58.1320677,-32.2200058],[-58.1320964,-32.2199826],[-58.1321257,-32.21996],[-58.1321195,-32.2199593],[-58.1321135,-32.2199579],[-58.1321078,-32.2199559],[-58.1321024,-32.2199532],[-58.1320976,-32.2199499],[-58.1320932,-32.2199461],[-58.1320896,-32.2199418],[-58.1320866,-32.2199371],[-58.1320845,-32.2199322],[-58.1320831,-32.219927],[-58.1320826,-32.2199217],[-58.1320829,-32.2199165],[-58.132084,-32.2199113],[-58.132086,-32.2199062],[-58.1321404,-32.2198558],[-58.1321884,-32.2198142],[-58.1322478,-32.2198186],[-58.1322898,-32.2198222],[-58.1323113,-32.2198034],[-58.1323323,-32.2197841],[-58.1323526,-32.2197643],[-58.1323723,-32.2197441],[-58.1323914,-32.2197234],[-58.1324099,-32.2197023],[-58.1324277,-32.2196809],[-58.1324448,-32.219659],[-58.1324612,-32.2196368],[-58.132477,-32.2196142],[-58.132492,-32.2195912],[-58.1325063,-32.2195679],[-58.1325199,-32.2195444],[-58.1325328,-32.2195205],[-58.1325449,-32.2194963],[-58.1327982,-32.2189425],[-58.1328121,-32.2189087],[-58.1328266,-32.2188752],[-58.1328419,-32.2188418],[-58.132858,-32.2188087],[-58.1328747,-32.2187759],[-58.1328922,-32.2187433],[-58.1329103,-32.218711],[-58.1329292,-32.218679],[-58.1329487,-32.2186473],[-58.1329689,-32.218616],[-58.1329898,-32.2185849],[-58.1330679,-32.2184806],[-58.1331765,-32.2183537],[-58.1342401,-32.2172746],[-58.1337381,-32.2169189],[-58.1334357,-32.2167147],[-58.1334297,-32.2167209],[-58.1334298,-32.2167269],[-58.1334244,-32.2167343],[-58.1334217,-32.2167398],[-58.1334144,-32.2167518],[-58.1334082,-32.2167608],[-58.1334055,-32.2167663],[-58.133396,-32.216776],[-58.1333916,-32.2167796],[-58.133388,-32.216786],[-58.1333833,-32.2167954],[-58.1333805,-32.2168001],[-58.1333762,-32.2168045],[-58.1333759,-32.216811],[-58.1333634,-32.2168238],[-58.1333595,-32.2168359],[-58.1333539,-32.2168416],[-58.1333506,-32.216846],[-58.1333469,-32.2168516],[-58.1333452,-32.2168578],[-58.13334,-32.2168676],[-58.1333338,-32.2168766],[-58.1333296,-32.2168818],[-58.133325,-32.216892],[-58.133319,-32.2168981],[-58.1333172,-32.216908],[-58.1333125,-32.2169129],[-58.1333027,-32.2169239],[-58.133298,-32.2169295],[-58.1332911,-32.2169366],[-58.133287,-32.2169426],[-58.1332828,-32.2169523],[-58.1332758,-32.2169622],[-58.1332715,-32.2169666],[-58.1332688,-32.2169729],[-58.1332666,-32.2169788],[-58.1332606,-32.2169895],[-58.1332546,-32.2169956],[-58.1332504,-32.2170053],[-58.1332472,-32.2170113],[-58.1332393,-32.2170221],[-58.133235,-32.2170265],[-58.1332305,-32.2170382],[-58.1332267,-32.217043],[-58.1332192,-32.2170571],[-58.1332144,-32.2170656],[-58.1332107,-32.2170756],[-58.1332043,-32.2170831],[-58.1331977,-32.2170925],[-58.1331939,-32.217101],[-58.1331853,-32.2171098],[-58.1331794,-32.2171176],[-58.1331705,-32.2171321],[-58.1331641,-32.2171388],[-58.1331543,-32.2171505],[-58.1331426,-32.2171653],[-58.1331292,-32.217179],[-58.1331224,-32.2171913],[-58.1331092,-32.2172058],[-58.1331055,-32.2172159],[-58.133095,-32.2172285],[-58.1330928,-32.2172352],[-58.133089,-32.2172436],[-58.1330811,-32.2172544],[-58.1330768,-32.2172633],[-58.1330707,-32.2172732],[-58.1330659,-32.217278],[-58.1330625,-32.217286],[-58.1330524,-32.2172982],[-58.1330482,-32.2173043],[-58.133043,-32.2173132],[-58.1330417,-32.217319],[-58.133035,-32.2173322],[-58.1330307,-32.2173366],[-58.1330276,-32.217347],[-58.1330238,-32.2173518],[-58.1330178,-32.2173624],[-58.1330138,-32.2173701],[-58.1330049,-32.2173801],[-58.1329972,-32.2173926],[-58.1329944,-32.2173981],[-58.1329914,-32.2174056],[-58.1329867,-32.2174105],[-58.1329823,-32.2174222],[-58.1329702,-32.2174346],[-58.1329689,-32.2174404],[-58.1329547,-32.2174549],[-58.1329526,-32.2174661],[-58.1329475,-32.2174714],[-58.1329433,-32.2174774],[-58.13294,-32.2174818],[-58.1329391,-32.2174871],[-58.1329323,-32.217495],[-58.1329302,-32.2175061],[-58.1329238,-32.2175127],[-58.1329197,-32.2175232],[-58.1329125,-32.2175324],[-58.1329118,-32.2175385],[-58.1329095,-32.2175436],[-58.1329,-32.2175533],[-58.1328979,-32.21756],[-58.1328901,-32.2175679],[-58.1328872,-32.2175763],[-58.132883,-32.2175815],[-58.1328753,-32.2175903],[-58.132871,-32.2175947],[-58.1328643,-32.2176033],[-58.1328594,-32.2176111],[-58.1328478,-32.217623],[-58.1328415,-32.2176349],[-58.1328352,-32.2176431],[-58.1328276,-32.2176527],[-58.1328148,-32.2176748],[-58.13281,-32.2176797],[-58.1328027,-32.2176917],[-58.132799,-32.2177009],[-58.1327886,-32.2177115],[-58.1327801,-32.2177211],[-58.1327758,-32.2177256],[-58.1327765,-32.2177312],[-58.1327697,-32.2177391],[-58.1327654,-32.2177435],[-58.1327586,-32.2177513],[-58.1327242,-32.2177866],[-58.13272,-32.2177963],[-58.1327006,-32.2178162],[-58.1326955,-32.2178268],[-58.1326833,-32.217842],[-58.1326811,-32.2178479],[-58.1326742,-32.2178549],[-58.1326687,-32.2178615],[-58.1326666,-32.2178681],[-58.1326599,-32.2178768],[-58.1326563,-32.2178832],[-58.1326511,-32.217893],[-58.13265,-32.2179004],[-58.1326446,-32.2179114],[-58.132641,-32.2179223],[-58.1326369,-32.2179328],[-58.1326326,-32.2179417],[-58.1326297,-32.2179464],[-58.1326246,-32.2179561],[-58.1326208,-32.2179609],[-58.1326144,-32.2179683],[-58.1325697,-32.2180142],[-58.1325636,-32.2180196],[-58.1325404,-32.2180434],[-58.1325353,-32.2180495],[-58.1325181,-32.2180671],[-58.1325087,-32.2180777],[-58.1325036,-32.218083],[-58.1324942,-32.2180935],[-58.132489,-32.2180988],[-58.1324789,-32.218111],[-58.1324729,-32.2181171],[-58.1324655,-32.2181328],[-58.1324208,-32.2181787],[-58.1324004,-32.2181941],[-58.1323893,-32.2182056],[-58.1323781,-32.2182126],[-58.1323697,-32.2182194],[-58.1323541,-32.21823],[-58.1323232,-32.2182617],[-58.1323194,-32.2182665],[-58.132288,-32.2182987],[-58.1322797,-32.2183108],[-58.1322655,-32.2183253],[-58.1322633,-32.2183357],[-58.1322225,-32.2183776],[-58.1322123,-32.2183898],[-58.1322076,-32.2183946],[-58.1322038,-32.2183994],[-58.1321961,-32.2184073],[-58.1321924,-32.2184129],[-58.1321869,-32.2184195],[-58.132174,-32.2184327],[-58.1321732,-32.2184389],[-58.1321586,-32.2184539],[-58.1321539,-32.2184595],[-58.1321484,-32.2184705],[-58.1321393,-32.2184827],[-58.1321348,-32.2184899],[-58.1321326,-32.2184958],[-58.1321231,-32.2185055],[-58.1321172,-32.218517],[-58.132112,-32.2185223],[-58.1321095,-32.2185339],[-58.1321053,-32.2185391],[-58.1320979,-32.2185466],[-58.1320937,-32.2185518],[-58.1320874,-32.2185637],[-58.1320821,-32.2185727],[-58.1320772,-32.2185796],[-58.1320738,-32.2185884],[-58.1320696,-32.2185936],[-58.132066,-32.2186045],[-58.1320622,-32.2186129],[-58.1320576,-32.2186194],[-58.1320538,-32.2186278],[-58.132051,-32.2186334],[-58.1320453,-32.2186428],[-58.1320402,-32.218648],[-58.1320366,-32.2186544],[-58.1320348,-32.2186599],[-58.1320287,-32.2186697],[-58.1320248,-32.2186782],[-58.1320184,-32.2186848],[-58.1320188,-32.2186933],[-58.1320166,-32.2186992],[-58.1320111,-32.2187057],[-58.1320053,-32.218718],[-58.1320013,-32.2187256],[-58.1320001,-32.2187314],[-58.1319953,-32.2187407],[-58.1319925,-32.2187454],[-58.1319862,-32.2187537],[-58.1319811,-32.218759],[-58.1319732,-32.2187742],[-58.1319694,-32.2187835],[-58.1319633,-32.2187933],[-58.1319608,-32.2188013],[-58.1319527,-32.2188097],[-58.1319519,-32.2188158],[-58.1319446,-32.2188233],[-58.131942,-32.2188304],[-58.1319363,-32.2188435],[-58.1319316,-32.2188484],[-58.1319262,-32.2188602],[-58.131921,-32.2188655],[-58.1319143,-32.2188786],[-58.1319097,-32.2188843],[-58.1319029,-32.2188966],[-58.1318986,-32.218901],[-58.1318927,-32.2189125],[-58.1318879,-32.2189174],[-58.1318808,-32.2189309],[-58.1318768,-32.2189378],[-58.1316094,-32.2195353],[-58.1316017,-32.2195477],[-58.1315967,-32.2195546],[-58.1315922,-32.2195664],[-58.1315863,-32.2195733],[-58.1315805,-32.2195856],[-58.1315763,-32.2195908],[-58.1315734,-32.2195992],[-58.1315601,-32.2196182],[-58.1315583,-32.2196236],[-58.131556,-32.2196287],[-58.1315441,-32.2196463],[-58.13154,-32.2196568],[-58.1315297,-32.2196727],[-58.1315254,-32.2196771],[-58.1315178,-32.2196903],[-58.1315151,-32.2196958],[-58.1315086,-32.2197024],[-58.1315023,-32.2197151],[-58.1314902,-32.2197348],[-58.1314868,-32.2197436],[-58.1314787,-32.2197565],[-58.1314747,-32.2197686],[-58.1314675,-32.2197859],[-58.1314632,-32.2197903],[-58.1314594,-32.2198077],[-58.1314576,-32.2198131],[-58.1314533,-32.2198175],[-58.1314456,-32.2198299],[-58.1314423,-32.2198395],[-58.1314391,-32.2198447],[-58.1314327,-32.2198611],[-58.1314272,-32.2198676],[-58.1314235,-32.2198813],[-58.1314193,-32.2198866],[-58.1314149,-32.2199036],[-58.1314119,-32.2199111],[-58.1314068,-32.2199164],[-58.1314013,-32.2199319],[-58.1313962,-32.219938],[-58.1313912,-32.2199494],[-58.1313862,-32.2199555],[-58.131382,-32.2199697],[-58.131376,-32.2199759],[-58.1313706,-32.2199885],[-58.1313681,-32.2199956],[-58.131361,-32.2200092],[-58.1313589,-32.2200167],[-58.1313555,-32.2200247],[-58.1313472,-32.2200404],[-58.1313451,-32.2200479],[-58.1313382,-32.2200631],[-58.1313358,-32.2200718],[-58.1313285,-32.2200883],[-58.1313255,-32.2200959],[-58.1313193,-32.220113],[-58.1313154,-32.2201215],[-58.1313107,-32.2201263],[-58.1313123,-32.2201327],[-58.1313088,-32.2201399],[-58.1313062,-32.2201462],[-58.1313029,-32.2201603],[-58.1312993,-32.2201667],[-58.1312961,-32.2201808],[-58.1312986,-32.2201863],[-58.1312948,-32.2201992],[-58.1312913,-32.2202117],[-58.1312906,-32.2202179],[-58.1312912,-32.2202235],[-58.1312851,-32.2202423],[-58.1312831,-32.2202543],[-58.1312815,-32.2202613],[-58.1312771,-32.2202739],[-58.1312764,-32.22028],[-58.1312766,-32.2202861],[-58.1312679,-32.2202986],[-58.1312673,-32.2203064],[-58.1312622,-32.2203162],[-58.1312527,-32.2203348],[-58.1312502,-32.220342],[-58.1312425,-32.2203597],[-58.1312409,-32.2203667],[-58.1312366,-32.2203711],[-58.1312293,-32.2203831],[-58.131227,-32.2203882],[-58.1312178,-32.2204003],[-58.131217,-32.2204064],[-58.131215,-32.2204139],[-58.1312024,-32.2204296],[-58.131197,-32.2204377],[-58.131192,-32.2204528],[-58.1311887,-32.2204616],[-58.1311809,-32.220474],[-58.131179,-32.2204823],[-58.1311782,-32.2204885],[-58.1311754,-32.2204932],[-58.1311755,-32.2205029],[-58.1311705,-32.2205188],[-58.1311656,-32.2205257],[-58.1311653,-32.2205322],[-58.1311626,-32.2205377],[-58.131158,-32.2205487],[-58.1311555,-32.2205603],[-58.1311528,-32.2205666],[-58.1311488,-32.2205824],[-58.1311485,-32.2205881],[-58.1311486,-32.2205934],[-58.1311437,-32.2206056],[-58.1311428,-32.2206146],[-58.1311381,-32.2206195],[-58.1311347,-32.2206238],[-58.13113,-32.2206286],[-58.1311305,-32.220638],[-58.1311277,-32.2206427],[-58.131127,-32.2206541],[-58.1311238,-32.2206637],[-58.1311213,-32.2206717],[-58.1311201,-32.2206827],[-58.1311173,-32.2207009],[-58.131115,-32.2207096],[-58.131113,-32.2207224],[-58.13111,-32.2207299],[-58.1311066,-32.2207424],[-58.1311051,-32.2207503],[-58.1311005,-32.2207567],[-58.1310964,-32.2207717],[-58.1310948,-32.2207788],[-58.1310925,-32.2207928],[-58.1310877,-32.2208013],[-58.1310871,-32.2208136],[-58.1310866,-32.2208213],[-58.1310832,-32.2208346],[-58.131083,-32.2208456],[-58.1310818,-32.2208522],[-58.1310786,-32.2208663],[-58.1310762,-32.2208751],[-58.1310736,-32.2208858],[-58.1310707,-32.220895],[-58.1310706,-32.2209068],[-58.1310691,-32.2209147],[-58.1310691,-32.2209236],[-58.1310695,-32.2209313],[-58.1310654,-32.2209374],[-58.1310645,-32.2209427],[-58.1310657,-32.2209495],[-58.1310633,-32.2209575],[-58.1310629,-32.2209632],[-58.1310629,-32.2209758],[-58.1310642,-32.2209834],[-58.1310606,-32.2209898],[-58.1310597,-32.2209989],[-58.1310588,-32.2210042],[-58.1310581,-32.2210193],[-58.1310537,-32.2210274],[-58.1310549,-32.2210379],[-58.1310503,-32.2210444],[-58.1310484,-32.2210527],[-58.1310472,-32.2210593],[-58.1310478,-32.2210649],[-58.131049,-32.2210709],[-58.1310466,-32.221076],[-58.1310457,-32.221085],[-58.1310445,-32.2210916],[-58.1310439,-32.2210994],[-58.13104,-32.221116],[-58.1310402,-32.2211221],[-58.1310385,-32.2211328],[-58.1310365,-32.2211403],[-58.1310367,-32.2211464],[-58.1310364,-32.2211529],[-58.1310367,-32.2211598],[-58.1310357,-32.221168],[-58.1310329,-32.2211727],[-58.1310345,-32.2211791],[-58.1310333,-32.2211857],[-58.1310312,-32.2211924],[-58.1310292,-32.2212044],[-58.1310252,-32.221212],[-58.1310235,-32.2212182],[-58.1310204,-32.221225],[-58.1310172,-32.2212301],[-58.1310135,-32.2212402],[-58.1310112,-32.2212453],[-58.1310132,-32.2212504],[-58.1310095,-32.221256],[-58.1310096,-32.2212613],[-58.1310112,-32.2212668],[-58.1310137,-32.2212723],[-58.1310132,-32.2212854],[-58.1310133,-32.2212907],[-58.1310121,-32.2212973],[-58.1310099,-32.2213076],[-58.1310068,-32.2213144],[-58.1310036,-32.2213203],[-58.1310038,-32.2213264],[-58.1310046,-32.2213337],[-58.1310013,-32.2213425],[-58.1310005,-32.2213487],[-58.1309954,-32.2213539],[-58.1309957,-32.2213608],[-58.1309879,-32.2213733],[-58.1309867,-32.2213791],[-58.1309807,-32.2213905],[-58.1309771,-32.2214014],[-58.1309722,-32.2214128],[-58.1309719,-32.2214185],[-58.1309704,-32.2214272],[-58.130971,-32.2214365],[-58.130968,-32.221444],[-58.1309672,-32.2214502],[-58.1309644,-32.2214638],[-58.1309631,-32.2214687],[-58.1309626,-32.2214716],[-58.1309628,-32.2214774],[-58.1310028,-32.2216573],[-58.1309789,-32.2217088],[-58.1313551,-32.2219703],[-58.1315697,-32.2221196],[-58.1318705,-32.2223242]]]}},{"type":"Feature","properties":{"ID":0,"NCM":"0100010000000218--","SEC":0,"GRU":0,"MANZ":218},"geometry":{"type":"Polygon","coordinates":[[[-58.1313551,-32.2219703],[-58.1307748,-32.2225824],[-58.1314763,-32.2230626],[-58.1315322,-32.2230184],[-58.1320702,-32.2224601],[-58.1318705,-32.2223242],[-58.1315697,-32.2221196],[-58.1313551,-32.2219703]]]}},{"type":"Feature","properties":{"ID":0,"NCM":"0100010000000796--","SEC":0,"GRU":0,"MANZ":796},"geometry":{"type":"Polygon","coordinates":[[[-58.1309933,-32.2228321],[-58.1308245,-32.2230765],[-58.1307913,-32.2231238],[-58.130772,-32.2231141],[-58.1307239,-32.2231827],[-58.1307423,-32.223192],[-58.1307056,-32.2232404],[-58.1305696,-32.2234334],[-58.1305624,-32.2235525],[-58.1307255,-32.2238123],[-58.1305149,-32.2238345],[-58.130478,-32.2238262],[-58.1300674,-32.2242847],[-58.130105,-32.224302],[-58.1298679,-32.2248435],[-58.1297938,-32.2247899],[-58.1295316,-32.2249677],[-58.1295349,-32.2252341],[-58.1296432,-32.2255078],[-58.1300028,-32.2257287],[-58.1301122,-32.225791],[-58.1301759,-32.2257779],[-58.1306063,-32.2253607],[-58.1310153,-32.2249693],[-58.1314871,-32.2245079],[-58.1314799,-32.2245013],[-58.1316456,-32.2243371],[-58.1316651,-32.2242752],[-58.1317187,-32.2239287],[-58.1317223,-32.2238941],[-58.1317249,-32.2238594],[-58.1317266,-32.2238246],[-58.1317273,-32.2237898],[-58.131727,-32.223755],[-58.1317257,-32.2237202],[-58.1317243,-32.2237011],[-58.131722,-32.2236821],[-58.1317189,-32.2236632],[-58.131715,-32.2236443],[-58.1317103,-32.2236256],[-58.1317048,-32.2236071],[-58.1316984,-32.2235887],[-58.1316913,-32.2235706],[-58.1316835,-32.2235527],[-58.1316748,-32.223535],[-58.1316654,-32.2235176],[-58.1316553,-32.2235006],[-58.1315162,-32.223293],[-58.1314731,-32.223283],[-58.1314409,-32.2232302],[-58.1314227,-32.223115],[-58.1310242,-32.2228535],[-58.1309933,-32.2228321]]]}},{"type":"Feature","properties":{"ID":0,"NCM":"0100010000000194--","SEC":0,"GRU":0,"MANZ":194},"geometry":{"type":"Polygon","coordinates":[[[-58.1322506,-32.2225695],[-58.1321789,-32.2225986],[-58.1321812,-32.2231517],[-58.1321759,-32.2234248],[-58.1321904,-32.2234762],[-58.1322235,-32.2235032],[-58.132349,-32.2235952],[-58.1324188,-32.2235915],[-58.1329598,-32.2230378],[-58.1329562,-32.2229929],[-58.1322506,-32.2225695]]]}},{"type":"Feature","properties":{"ID":0,"NCM":"0100010000000130--","SEC":0,"GRU":0,"MANZ":130},"geometry":{"type":"Polygon","coordinates":[[[-58.1396947,-32.2223912],[-58.1396613,-32.222392],[-58.1393355,-32.2227171],[-58.139334,-32.2227502],[-58.1400024,-32.2232333],[-58.1400394,-32.2232296],[-58.1403733,-32.2229035],[-58.1403707,-32.2228689],[-58.1398067,-32.2224706],[-58.1396947,-32.2223912]]]}},{"type":"Feature","properties":{"ID":0,"NCM":"0100010000000075--","SEC":0,"GRU":0,"MANZ":75},"geometry":{"type":"Polygon","coordinates":[[[-58.1450455,-32.2225127],[-58.1450095,-32.2225143],[-58.144421,-32.2231103],[-58.1448271,-32.2234037],[-58.1448313,-32.2234057],[-58.1448358,-32.2234072],[-58.1448405,-32.2234079],[-58.1448453,-32.2234081],[-58.1448501,-32.2234075],[-58.1448547,-32.2234063],[-58.144859,-32.2234046],[-58.1448629,-32.2234022],[-58.1448664,-32.2233993],[-58.1454525,-32.2228111],[-58.1450455,-32.2225127]]]}},{"type":"Feature","properties":{"ID":0,"NCM":"0100010000000168--","SEC":0,"GRU":0,"MANZ":168},"geometry":{"type":"Polygon","coordinates":[[[-58.135416,-32.22229],[-58.1353826,-32.222293],[-58.1351112,-32.2225668],[-58.1348146,-32.222867],[-58.1348158,-32.2228989],[-58.1351481,-32.2231394],[-58.1354898,-32.2233834],[-58.1355188,-32.2233811],[-58.1357431,-32.2231602],[-58.1358877,-32.2230154],[-58.1360941,-32.2228065],[-58.1360931,-32.2227848],[-58.1359638,-32.2226879],[-58.1355912,-32.222418],[-58.135416,-32.22229]]]}},{"type":"Feature","properties":{"ID":0,"NCM":"0100010000000190--","SEC":0,"GRU":0,"MANZ":190},"geometry":{"type":"Polygon","coordinates":[[[-58.1338155,-32.2224056],[-58.1334441,-32.2227799],[-58.1333833,-32.2228417],[-58.133252,-32.2229779],[-58.1332553,-32.222998],[-58.133384,-32.2230897],[-58.1337263,-32.2233359],[-58.1339371,-32.22349],[-58.1339641,-32.2234889],[-58.1340244,-32.2234293],[-58.13416,-32.2232852],[-58.1345159,-32.2229224],[-58.1339989,-32.2225465],[-58.1338155,-32.2224056]]]}},{"type":"Feature","properties":{"ID":0,"NCM":"0100010000000142--","SEC":0,"GRU":0,"MANZ":142},"geometry":{"type":"Polygon","coordinates":[[[-58.1383415,-32.2222918],[-58.1382993,-32.2222932],[-58.1379362,-32.2226619],[-58.138616,-32.2231636],[-58.1386561,-32.2231625],[-58.138983,-32.2228237],[-58.1390082,-32.2227955],[-58.1390065,-32.2227715],[-58.1383702,-32.2223135],[-58.1383415,-32.2222918]]]}},{"type":"Feature","properties":{"ID":0,"NCM":"0100010000000040--","SEC":0,"GRU":0,"MANZ":40},"geometry":{"type":"Polygon","coordinates":[[[-58.1487177,-32.2227037],[-58.1486989,-32.2227047],[-58.1481339,-32.2232676],[-58.148138,-32.2232958],[-58.1486539,-32.2236641],[-58.1488559,-32.2238053],[-58.1491719,-32.2234869],[-58.149439,-32.2232198],[-58.1493141,-32.223128],[-58.1491913,-32.2230389],[-58.1487177,-32.2227037]]]}},{"type":"Feature","properties":{"ID":0,"NCM":"0100010000000014--","SEC":0,"GRU":0,"MANZ":14},"geometry":{"type":"Polygon","coordinates":[[[-58.1518926,-32.2225243],[-58.1518597,-32.2225257],[-58.1512934,-32.2230892],[-58.1512942,-32.2231204],[-58.1519023,-32.2235491],[-58.1519411,-32.2235522],[-58.1522432,-32.2232472],[-58.1525084,-32.2229806],[-58.1525061,-32.2229612],[-58.1518926,-32.2225243]]]}},{"type":"Feature","properties":{"ID":0,"NCM":"0100010000000016--","SEC":0,"GRU":0,"MANZ":16},"geometry":{"type":"Polygon","coordinates":[[[-58.1502924,-32.2226069],[-58.1499619,-32.2229471],[-58.1497141,-32.2232038],[-58.1500579,-32.2234563],[-58.1503149,-32.2236415],[-58.1504029,-32.2237065],[-58.1504399,-32.223705],[-58.1509444,-32.2231995],[-58.1510179,-32.223126],[-58.1502924,-32.2226069]]]}},{"type":"Feature","properties":{"ID":0,"NCM":"0100010000000100--","SEC":0,"GRU":0,"MANZ":100},"geometry":{"type":"Polygon","coordinates":[[[-58.1428248,-32.2221763],[-58.1427839,-32.2221787],[-58.142203,-32.2227597],[-58.1426,-32.2230401],[-58.1429269,-32.2232681],[-58.1435198,-32.2226763],[-58.1428248,-32.2221763]]]}},{"type":"Feature","properties":{"ID":0,"NCM":"0100010000000514--","SEC":0,"GRU":0,"MANZ":514},"geometry":{"type":"Polygon","coordinates":[[[-58.1535457,-32.2223119],[-58.152948,-32.2229049],[-58.1536484,-32.2234154],[-58.1542462,-32.2228224],[-58.1535457,-32.2223119]]]}},{"type":"Feature","properties":{"ID":0,"NCM":"0100010000000487--","SEC":0,"GRU":0,"MANZ":487},"geometry":{"type":"Polygon","coordinates":[[[-58.1544075,-32.2229396],[-58.15381,-32.223533],[-58.1545071,-32.2240411],[-58.1551046,-32.2234478],[-58.1544075,-32.2229396]]]}},{"type":"Feature","properties":{"ID":0,"NCM":"0100010000000160--","SEC":0,"GRU":0,"MANZ":160},"geometry":{"type":"Polygon","coordinates":[[[-58.1369837,-32.2221766],[-58.1369608,-32.2221769],[-58.1363841,-32.2227547],[-58.1363874,-32.2227813],[-58.137057,-32.2232684],[-58.1370922,-32.2232677],[-58.137663,-32.2226882],[-58.1376609,-32.2226657],[-58.1369837,-32.2221766]]]}},{"type":"Feature","properties":{"ID":0,"NCM":"0100010000000116--","SEC":0,"GRU":0,"MANZ":116},"geometry":{"type":"Polygon","coordinates":[[[-58.1412417,-32.2222779],[-58.1406613,-32.2228522],[-58.1406669,-32.2228838],[-58.1413268,-32.223358],[-58.1413682,-32.223354],[-58.1419404,-32.2227808],[-58.1412417,-32.2222779]]]}},{"type":"Feature","properties":{"ID":0,"NCM":"0100010000000067--","SEC":0,"GRU":0,"MANZ":67},"geometry":{"type":"Polygon","coordinates":[[[-58.1463281,-32.2222042],[-58.1462969,-32.2222075],[-58.1457164,-32.2227876],[-58.1464252,-32.2232955],[-58.1470007,-32.2227122],[-58.146998,-32.2226854],[-58.1463281,-32.2222042]]]}},{"type":"Feature","properties":{"ID":0,"NCM":"0100010000000162--","SEC":0,"GRU":0,"MANZ":162},"geometry":{"type":"Polygon","coordinates":[[[-58.1355459,-32.2236304],[-58.1355121,-32.2236315],[-58.1349482,-32.2241948],[-58.1349513,-32.2242294],[-58.1356342,-32.224718],[-58.1362104,-32.2241349],[-58.1362078,-32.2241101],[-58.1358047,-32.2238188],[-58.1355459,-32.2236304]]]}},{"type":"Feature","properties":{"ID":0,"NCM":"0100010000000012--","SEC":0,"GRU":0,"MANZ":12},"geometry":{"type":"Polygon","coordinates":[[[-58.1504438,-32.2239397],[-58.1504214,-32.2239618],[-58.1502026,-32.2241816],[-58.1498641,-32.2245263],[-58.1504883,-32.2249846],[-58.1505241,-32.2249821],[-58.1510805,-32.2244207],[-58.1510774,-32.2243946],[-58.1509077,-32.2242732],[-58.1504752,-32.2239632],[-58.1504438,-32.2239397]]]}},{"type":"Feature","properties":{"ID":0,"NCM":"0100010000000432--","SEC":0,"GRU":0,"MANZ":432},"geometry":{"type":"Polygon","coordinates":[[[-58.1540252,-32.2262865],[-58.1547265,-32.2267904],[-58.1553217,-32.226193],[-58.1546253,-32.225683],[-58.1540252,-32.2262865]]]}},{"type":"Feature","properties":{"ID":0,"NCM":"0100010000000132--","SEC":0,"GRU":0,"MANZ":132},"geometry":{"type":"Polygon","coordinates":[[[-58.138678,-32.2234018],[-58.1386419,-32.2234038],[-58.1384738,-32.2235723],[-58.1380666,-32.2239798],[-58.1380722,-32.2240085],[-58.1387373,-32.2244913],[-58.1387798,-32.2244925],[-58.1393512,-32.223916],[-58.1393467,-32.2238902],[-58.138678,-32.2234018]]]}},{"type":"Feature","properties":{"ID":0,"NCM":"0100010000000161--","SEC":0,"GRU":0,"MANZ":161},"geometry":{"type":"Polygon","coordinates":[[[-58.1362678,-32.2229037],[-58.136227,-32.2229099],[-58.1356447,-32.2234992],[-58.1363522,-32.2240053],[-58.1369338,-32.2234167],[-58.1369309,-32.2233872],[-58.1366952,-32.2232163],[-58.1365283,-32.2230945],[-58.1362678,-32.2229037]]]}},{"type":"Feature","properties":{"ID":0,"NCM":"0100010000000039--","SEC":0,"GRU":0,"MANZ":39},"geometry":{"type":"Polygon","coordinates":[[[-58.1479762,-32.2234216],[-58.1477917,-32.2236059],[-58.1474266,-32.2239741],[-58.1474354,-32.2240124],[-58.1477808,-32.2242616],[-58.1481259,-32.2245102],[-58.1481531,-32.2245121],[-58.1483397,-32.2243231],[-58.1487192,-32.2239429],[-58.1487199,-32.2239194],[-58.1482868,-32.2236104],[-58.1480249,-32.2234239],[-58.1479762,-32.2234216]]]}},{"type":"Feature","properties":{"ID":0,"NCM":"0100010000000102--","SEC":0,"GRU":0,"MANZ":102},"geometry":{"type":"Polygon","coordinates":[[[-58.1413675,-32.223598],[-58.1410016,-32.2239743],[-58.1417026,-32.2244566],[-58.1417312,-32.2244547],[-58.1420594,-32.2241314],[-58.142058,-32.2240944],[-58.1413675,-32.223598]]]}},{"type":"Feature","properties":{"ID":0,"NCM":"0100010000000486--","SEC":0,"GRU":0,"MANZ":486},"geometry":{"type":"Polygon","coordinates":[[[-58.1535975,-32.2237383],[-58.1530404,-32.224309],[-58.153756,-32.2248135],[-58.1543076,-32.224239],[-58.1535975,-32.2237383]]]}},{"type":"Feature","properties":{"ID":0,"NCM":"0100010000000513--","SEC":0,"GRU":0,"MANZ":513},"geometry":{"type":"Polygon","coordinates":[[[-58.1527275,-32.2231247],[-58.1521703,-32.2236955],[-58.1528771,-32.2241939],[-58.1534343,-32.2236231],[-58.1527275,-32.2231247]]]}},{"type":"Feature","properties":{"ID":0,"NCM":"0100010000000088--","SEC":0,"GRU":0,"MANZ":88},"geometry":{"type":"Polygon","coordinates":[[[-58.1429562,-32.2235052],[-58.1429272,-32.2235065],[-58.1423592,-32.2240746],[-58.1423612,-32.2241072],[-58.142767,-32.2243966],[-58.1433679,-32.2237983],[-58.1429562,-32.2235052]]]}},{"type":"Feature","properties":{"ID":0,"NCM":"0100010000000013--","SEC":0,"GRU":0,"MANZ":13},"geometry":{"type":"Polygon","coordinates":[[[-58.1511721,-32.2232347],[-58.1511486,-32.223237],[-58.1505823,-32.2238051],[-58.1505845,-32.2238335],[-58.1511946,-32.2242745],[-58.1512286,-32.2242719],[-58.1517866,-32.2237064],[-58.1517832,-32.2236784],[-58.1511721,-32.2232347]]]}},{"type":"Feature","properties":{"ID":0,"NCM":"0100010000000066--","SEC":0,"GRU":0,"MANZ":66},"geometry":{"type":"Polygon","coordinates":[[[-58.1455919,-32.2229145],[-58.1450007,-32.2235056],[-58.1450057,-32.2235348],[-58.1456667,-32.2240063],[-58.1457076,-32.2240044],[-58.146298,-32.2234248],[-58.1455919,-32.2229145]]]}},{"type":"Feature","properties":{"ID":0,"NCM":"0100010000000046--","SEC":0,"GRU":0,"MANZ":46},"geometry":{"type":"Polygon","coordinates":[[[-58.1471699,-32.2228114],[-58.1471456,-32.2228112],[-58.1469581,-32.2230038],[-58.1467807,-32.2231794],[-58.1465742,-32.2233832],[-58.1465785,-32.2233996],[-58.1469211,-32.2236411],[-58.1471278,-32.2237935],[-58.1472678,-32.2238896],[-58.1473018,-32.2238582],[-58.1474392,-32.223722],[-58.1476135,-32.2235485],[-58.1478517,-32.2233124],[-58.1478472,-32.2232943],[-58.1474554,-32.2230152],[-58.1471699,-32.2228114]]]}},{"type":"Feature","properties":{"ID":0,"NCM":"0100010000000141--","SEC":0,"GRU":0,"MANZ":141},"geometry":{"type":"Polygon","coordinates":[[[-58.1378185,-32.2227816],[-58.1372344,-32.2233637],[-58.1372373,-32.2233947],[-58.1372408,-32.2233973],[-58.1376903,-32.22372],[-58.1377688,-32.2237796],[-58.1379229,-32.2238926],[-58.1385024,-32.2233087],[-58.1385,-32.2232756],[-58.1378185,-32.2227816]]]}},{"type":"Feature","properties":{"ID":0,"NCM":"0100010000000191--","SEC":0,"GRU":0,"MANZ":191},"geometry":{"type":"Polygon","coordinates":[[[-58.1331229,-32.2231053],[-58.1328447,-32.2233847],[-58.1325197,-32.2237102],[-58.13322,-32.224212],[-58.1332445,-32.2242113],[-58.133379,-32.224079],[-58.1338257,-32.2236309],[-58.1338188,-32.2236082],[-58.1336592,-32.2234931],[-58.1331229,-32.2231053]]]}},{"type":"Feature","properties":{"ID":0,"NCM":"0100010000000131--","SEC":0,"GRU":0,"MANZ":131},"geometry":{"type":"Polygon","coordinates":[[[-58.1391857,-32.2228982],[-58.1391497,-32.2229],[-58.138795,-32.2232558],[-58.1387962,-32.2232853],[-58.1394599,-32.2237772],[-58.1394961,-32.2237719],[-58.1398535,-32.2234089],[-58.1398505,-32.2233788],[-58.1391857,-32.2228982]]]}},{"type":"Feature","properties":{"ID":0,"NCM":"0100010000000076--","SEC":0,"GRU":0,"MANZ":76},"geometry":{"type":"Polygon","coordinates":[[[-58.1443003,-32.2232329],[-58.143716,-32.2238187],[-58.1437204,-32.2238469],[-58.1441131,-32.2241246],[-58.1441438,-32.2241219],[-58.1447115,-32.2235579],[-58.1447093,-32.2235284],[-58.1443003,-32.2232329]]]}},{"type":"Feature","properties":{"ID":0,"NCM":"0100010000000017--","SEC":0,"GRU":0,"MANZ":17},"geometry":{"type":"Polygon","coordinates":[[[-58.1493578,-32.2241703],[-58.1497004,-32.2244164],[-58.1497327,-32.2244138],[-58.1498228,-32.2243273],[-58.149992,-32.224155],[-58.1503054,-32.2238408],[-58.1500126,-32.2236351],[-58.1497031,-32.2234127],[-58.1495695,-32.2233184],[-58.1493178,-32.2235794],[-58.1490067,-32.2238953],[-58.1490087,-32.2239198],[-58.1493578,-32.2241703]]]}},{"type":"Feature","properties":{"ID":0,"NCM":"0100010000000167--","SEC":0,"GRU":0,"MANZ":167},"geometry":{"type":"Polygon","coordinates":[[[-58.1347002,-32.2230256],[-58.134663,-32.2230255],[-58.1341609,-32.2235313],[-58.1341082,-32.2235846],[-58.1341112,-32.2236159],[-58.1347711,-32.2240949],[-58.1348046,-32.2240923],[-58.1353712,-32.2235277],[-58.1353711,-32.2235039],[-58.1351815,-32.2233689],[-58.1347002,-32.2230256]]]}},{"type":"Feature","properties":{"ID":0,"NCM":"0100010000000101--","SEC":0,"GRU":0,"MANZ":101},"geometry":{"type":"Polygon","coordinates":[[[-58.1421017,-32.222895],[-58.1420677,-32.2228967],[-58.1415031,-32.2234639],[-58.1415059,-32.2234892],[-58.1421834,-32.2239789],[-58.1422177,-32.2239744],[-58.1427789,-32.2234129],[-58.1427762,-32.2233755],[-58.1421017,-32.222895]]]}},{"type":"Feature","properties":{"ID":0,"NCM":"0100010000000047--","SEC":0,"GRU":0,"MANZ":47},"geometry":{"type":"Polygon","coordinates":[[[-58.14648,-32.2235354],[-58.1464172,-32.2235409],[-58.146222,-32.2237382],[-58.1460865,-32.2238756],[-58.1458518,-32.2241084],[-58.1458543,-32.2241348],[-58.1460104,-32.2242466],[-58.1460726,-32.2242918],[-58.1463679,-32.2245023],[-58.1465205,-32.2246133],[-58.146558,-32.2246098],[-58.1468059,-32.224359],[-58.147029,-32.2241325],[-58.1471154,-32.2240459],[-58.1471578,-32.2240021],[-58.1466988,-32.223691],[-58.1466783,-32.2236774],[-58.14648,-32.2235354]]]}},{"type":"Feature","properties":{"ID":0,"NCM":"0100010000000114--","SEC":0,"GRU":0,"MANZ":114},"geometry":{"type":"Polygon","coordinates":[[[-58.1400317,-32.2235153],[-58.1399973,-32.2235166],[-58.1396412,-32.2238714],[-58.1396489,-32.2239057],[-58.140314,-32.2243869],[-58.1403493,-32.2243853],[-58.140707,-32.2240246],[-58.1407033,-32.2239959],[-58.1400317,-32.2235153]]]}},{"type":"Feature","properties":{"ID":0,"NCM":"0100010000000140--","SEC":0,"GRU":0,"MANZ":140},"geometry":{"type":"Polygon","coordinates":[[[-58.1370741,-32.2235215],[-58.1365051,-32.2240973],[-58.1365069,-32.2241155],[-58.1366144,-32.2241922],[-58.1370128,-32.2244786],[-58.1371749,-32.2245979],[-58.1372063,-32.2246009],[-58.1374516,-32.2243603],[-58.1377477,-32.2240606],[-58.1377853,-32.2240216],[-58.1377829,-32.2240023],[-58.1377032,-32.2239461],[-58.1375539,-32.2238381],[-58.1372198,-32.2235922],[-58.1371229,-32.223523],[-58.1371139,-32.2235224],[-58.1370741,-32.2235215]]]}},{"type":"Feature","properties":{"ID":0,"NCM":"0100010000000512--","SEC":0,"GRU":0,"MANZ":512},"geometry":{"type":"Polygon","coordinates":[[[-58.1520373,-32.2238351],[-58.1520139,-32.2238396],[-58.1514524,-32.2244133],[-58.1514535,-32.2244406],[-58.1521322,-32.2249264],[-58.1527186,-32.2243382],[-58.1523189,-32.2240448],[-58.1520373,-32.2238351]]]}},{"type":"Feature","properties":{"ID":0,"NCM":"0100010000000018--","SEC":0,"GRU":0,"MANZ":18},"geometry":{"type":"Polygon","coordinates":[[[-58.1488905,-32.2240416],[-58.1488602,-32.2240431],[-58.1484171,-32.224488],[-58.1482883,-32.2246164],[-58.1482956,-32.2246297],[-58.1484435,-32.2247383],[-58.1487177,-32.2249342],[-58.1489941,-32.2251347],[-58.1492608,-32.2248776],[-58.1495884,-32.22456],[-58.1495839,-32.2245373],[-58.1495308,-32.2244984],[-58.1488905,-32.2240416]]]}},{"type":"Feature","properties":{"ID":0,"NCM":"0100010000000065--","SEC":0,"GRU":0,"MANZ":65},"geometry":{"type":"Polygon","coordinates":[[[-58.1448638,-32.2236433],[-58.1442827,-32.2242241],[-58.1442865,-32.224252],[-58.1446264,-32.2244946],[-58.1449539,-32.2247279],[-58.1449837,-32.2247255],[-58.1455546,-32.224157],[-58.145553,-32.224129],[-58.1448638,-32.2236433]]]}},{"type":"Feature","properties":{"ID":0,"NCM":"0100010000000192--","SEC":0,"GRU":0,"MANZ":192},"geometry":{"type":"Polygon","coordinates":[[[-58.1324217,-32.2238126],[-58.1322046,-32.2240404],[-58.132099,-32.2241497],[-58.1320937,-32.2241698],[-58.1320892,-32.2241901],[-58.1320854,-32.2242104],[-58.1320824,-32.2242309],[-58.1320803,-32.2242515],[-58.1320788,-32.2242721],[-58.1320782,-32.2242927],[-58.1320784,-32.2243133],[-58.1320794,-32.2243339],[-58.1320811,-32.2243545],[-58.1320836,-32.224375],[-58.1320869,-32.2243955],[-58.132091,-32.2244158],[-58.1320982,-32.2244405],[-58.1321061,-32.224465],[-58.132115,-32.2244893],[-58.1321247,-32.2245133],[-58.1321352,-32.2245371],[-58.1321466,-32.2245606],[-58.1321588,-32.2245839],[-58.1321718,-32.2246068],[-58.1321856,-32.2246293],[-58.1322002,-32.2246515],[-58.1322155,-32.2246733],[-58.1322316,-32.2246948],[-58.1322485,-32.2247158],[-58.132266,-32.2247363],[-58.1322843,-32.2247565],[-58.1323033,-32.2247761],[-58.132323,-32.2247953],[-58.1323433,-32.2248139],[-58.1323643,-32.224832],[-58.1324887,-32.2249355],[-58.1325368,-32.2249359],[-58.1326962,-32.2247743],[-58.1331272,-32.2243381],[-58.1331253,-32.2243196],[-58.132741,-32.2240434],[-58.1324217,-32.2238126]]]}},{"type":"Feature","properties":{"ID":0,"NCM":"0100010000000166--","SEC":0,"GRU":0,"MANZ":166},"geometry":{"type":"Polygon","coordinates":[[[-58.1339462,-32.2237462],[-58.1337227,-32.2239713],[-58.1333934,-32.2243045],[-58.1333964,-32.2243354],[-58.134062,-32.2248106],[-58.1340965,-32.2248081],[-58.1342552,-32.2246475],[-58.1343451,-32.2245569],[-58.1345201,-32.2243813],[-58.1346496,-32.2242503],[-58.1346483,-32.2242158],[-58.1343227,-32.2239875],[-58.1339832,-32.223747],[-58.1339462,-32.2237462]]]}},{"type":"Feature","properties":{"ID":0,"NCM":"0100010000000077--","SEC":0,"GRU":0,"MANZ":77},"geometry":{"type":"Polygon","coordinates":[[[-58.1435928,-32.2239623],[-58.1435621,-32.2239708],[-58.1430064,-32.2245201],[-58.143023,-32.2245833],[-58.1434074,-32.2248604],[-58.1439942,-32.2242745],[-58.1439894,-32.2242473],[-58.1435928,-32.2239623]]]}},{"type":"Feature","properties":{"ID":0,"NCM":"0100010000000103--","SEC":0,"GRU":0,"MANZ":103},"geometry":{"type":"Polygon","coordinates":[[[-58.1408835,-32.2241225],[-58.1408468,-32.2241243],[-58.1404893,-32.2244838],[-58.1404931,-32.2245146],[-58.141179,-32.2250076],[-58.1415703,-32.2246184],[-58.1408835,-32.2241225]]]}},{"type":"Feature","properties":{"ID":0,"NCM":"0100010000000133--","SEC":0,"GRU":0,"MANZ":133},"geometry":{"type":"Polygon","coordinates":[[[-58.1379498,-32.2241218],[-58.1379171,-32.2241228],[-58.1376657,-32.2243726],[-58.1373449,-32.2246969],[-58.1373493,-32.2247244],[-58.1376368,-32.2249296],[-58.1380474,-32.2252231],[-58.1380559,-32.2252137],[-58.1383818,-32.2248839],[-58.1384874,-32.2247766],[-58.1386259,-32.2246388],[-58.1386259,-32.2246129],[-58.1386267,-32.224609],[-58.1384806,-32.2245021],[-58.1379498,-32.2241218]]]}},{"type":"Feature","properties":{"ID":0,"NCM":"0100010000000038--","SEC":0,"GRU":0,"MANZ":38},"geometry":{"type":"Polygon","coordinates":[[[-58.1472804,-32.2241225],[-58.1468883,-32.2245183],[-58.1466919,-32.2247136],[-58.1466936,-32.2247402],[-58.1471769,-32.2250851],[-58.1473979,-32.2252431],[-58.1474248,-32.2252476],[-58.1480224,-32.2246417],[-58.1476922,-32.224405],[-58.1472984,-32.2241228],[-58.1472804,-32.2241225]]]}},{"type":"Feature","properties":{"ID":0,"NCM":"0100010000000048--","SEC":0,"GRU":0,"MANZ":48},"geometry":{"type":"Polygon","coordinates":[[[-58.1457208,-32.2242518],[-58.1456985,-32.2242598],[-58.1454281,-32.2245365],[-58.1451308,-32.2248288],[-58.1451358,-32.2248532],[-58.145798,-32.225329],[-58.1458196,-32.2253418],[-58.146004,-32.2251603],[-58.1464024,-32.2247712],[-58.1464034,-32.2247366],[-58.1462266,-32.22461],[-58.1457208,-32.2242518]]]}},{"type":"Feature","properties":{"ID":0,"NCM":"0100010000000113--","SEC":0,"GRU":0,"MANZ":113},"geometry":{"type":"Polygon","coordinates":[[[-58.139528,-32.2240264],[-58.1394924,-32.2240276],[-58.1394253,-32.2240938],[-58.1389261,-32.2245946],[-58.1389344,-32.2246297],[-58.1394938,-32.2250322],[-58.1396144,-32.225116],[-58.1397759,-32.2249611],[-58.140212,-32.2245186],[-58.1400919,-32.2244313],[-58.139528,-32.2240264]]]}},{"type":"Feature","properties":{"ID":0,"NCM":"0100010000000037--","SEC":0,"GRU":0,"MANZ":37},"geometry":{"type":"Polygon","coordinates":[[[-58.1465793,-32.2248603],[-58.1465433,-32.2248618],[-58.1461728,-32.2252288],[-58.1459692,-32.2254311],[-58.1459786,-32.225458],[-58.1462291,-32.2256386],[-58.1466873,-32.2259687],[-58.1467115,-32.2259624],[-58.1472861,-32.2253845],[-58.147279,-32.2253626],[-58.1470517,-32.2251985],[-58.1465793,-32.2248603]]]}},{"type":"Feature","properties":{"ID":0,"NCM":"0100010000000050--","SEC":0,"GRU":0,"MANZ":50},"geometry":{"type":"Polygon","coordinates":[[[-58.144295,-32.2256959],[-58.1442596,-32.2256985],[-58.1439269,-32.2260325],[-58.1439351,-32.2260508],[-58.1445476,-32.2264899],[-58.1446018,-32.2265284],[-58.1446298,-32.226524],[-58.1449572,-32.2262018],[-58.1449546,-32.226174],[-58.144295,-32.2256959]]]}},{"type":"Feature","properties":{"ID":0,"NCM":"0100010000000137--","SEC":0,"GRU":0,"MANZ":137},"geometry":{"type":"Polygon","coordinates":[[[-58.1349599,-32.2256386],[-58.1349577,-32.2256413],[-58.1343575,-32.2262486],[-58.1346459,-32.2264545],[-58.1352485,-32.2258447],[-58.1349599,-32.2256386]]]}},{"type":"Feature","properties":{"ID":0,"NCM":"0100010000000483--","SEC":0,"GRU":0,"MANZ":483},"geometry":{"type":"Polygon","coordinates":[[[-58.1514585,-32.2259049],[-58.1514497,-32.2259053],[-58.1513447,-32.2260091],[-58.1510252,-32.2263286],[-58.1508806,-32.2264763],[-58.1509565,-32.2265329],[-58.1513445,-32.2268127],[-58.1515815,-32.2269817],[-58.1518322,-32.2267271],[-58.151895,-32.226663],[-58.1519643,-32.2265962],[-58.1521613,-32.2264085],[-58.1514585,-32.2259049]]]}},{"type":"Feature","properties":{"ID":0,"NCM":"0100010000000051--","SEC":0,"GRU":0,"MANZ":51},"geometry":{"type":"Polygon","coordinates":[[[-58.1437806,-32.2261986],[-58.1437569,-32.2262026],[-58.1433891,-32.2265729],[-58.1433911,-32.2265984],[-58.1437024,-32.2268237],[-58.1440642,-32.227084],[-58.1440816,-32.227084],[-58.1444322,-32.2267262],[-58.1444648,-32.2266905],[-58.1443523,-32.2266094],[-58.1440913,-32.2264201],[-58.1437806,-32.2261986]]]}},{"type":"Feature","properties":{"ID":0,"NCM":"0100010000000021--","SEC":0,"GRU":0,"MANZ":21},"geometry":{"type":"Polygon","coordinates":[[[-58.1467339,-32.2262093],[-58.146702,-32.2262111],[-58.1464269,-32.2264869],[-58.146129,-32.2267822],[-58.1461297,-32.2268114],[-58.1465643,-32.2271285],[-58.1468189,-32.2273109],[-58.1468529,-32.2273126],[-58.1471954,-32.2269743],[-58.147444,-32.2267192],[-58.1472333,-32.2265686],[-58.1467339,-32.2262093]]]}},{"type":"Feature","properties":{"ID":0,"NCM":"0100010000000431--","SEC":0,"GRU":0,"MANZ":431},"geometry":{"type":"Polygon","coordinates":[[[-58.1538838,-32.2264312],[-58.1533922,-32.22692],[-58.1533243,-32.22699],[-58.1533264,-32.2270175],[-58.1537533,-32.2273239],[-58.1536911,-32.2273887],[-58.1539479,-32.2275755],[-58.1545568,-32.2269521],[-58.1545694,-32.22692],[-58.1541377,-32.2266079],[-58.1538838,-32.2264312]]]}},{"type":"Feature","properties":{"ID":0,"NCM":"0100010000000007--","SEC":0,"GRU":0,"MANZ":7},"geometry":{"type":"Polygon","coordinates":[[[-58.1468757,-32.2275549],[-58.1468546,-32.2275566],[-58.1465862,-32.2278227],[-58.1465152,-32.2278938],[-58.146527,-32.2279015],[-58.146715,-32.2280343],[-58.1471493,-32.2283423],[-58.1471769,-32.2283397],[-58.147496,-32.2280185],[-58.1474921,-32.2279998],[-58.1468757,-32.2275549]]]}},{"type":"Feature","properties":{"ID":0,"NCM":"0100010000000022--","SEC":0,"GRU":0,"MANZ":22},"geometry":{"type":"Polygon","coordinates":[[[-58.1466436,-32.227516],[-58.1467094,-32.227448],[-58.1467054,-32.2274332],[-58.1464354,-32.2272385],[-58.1463634,-32.2271882],[-58.1462827,-32.2271305],[-58.14599,-32.2269198],[-58.145965,-32.2269468],[-58.1458022,-32.2271099],[-58.1456454,-32.2272608],[-58.1456477,-32.2272778],[-58.1458205,-32.2274031],[-58.1463582,-32.2277829],[-58.1463885,-32.2277798],[-58.1466436,-32.227516]]]}},{"type":"Feature","properties":{"ID":0,"NCM":"0100010000000404--","SEC":0,"GRU":0,"MANZ":404},"geometry":{"type":"Polygon","coordinates":[[[-58.1553054,-32.2276969],[-58.155448,-32.2275509],[-58.1551189,-32.2273149],[-58.1545413,-32.2278934],[-58.1548764,-32.2281359],[-58.1553054,-32.2276969]]]}},{"type":"Feature","properties":{"ID":0,"NCM":"0100010000000430--","SEC":0,"GRU":0,"MANZ":430},"geometry":{"type":"Polygon","coordinates":[[[-58.1535674,-32.2274357],[-58.1530091,-32.2279928],[-58.153012,-32.2280255],[-58.1532795,-32.2282196],[-58.1533152,-32.2282161],[-58.1538648,-32.227667],[-58.153862,-32.2276332],[-58.1535862,-32.2274364],[-58.1535674,-32.2274357]]]}},{"type":"Feature","properties":{"ID":0,"NCM":"0100010000000083--","SEC":0,"GRU":0,"MANZ":83},"geometry":{"type":"Polygon","coordinates":[[[-58.1383658,-32.2281081],[-58.1383312,-32.2281102],[-58.1377556,-32.2286941],[-58.1380014,-32.2288719],[-58.138175,-32.2289915],[-58.1382024,-32.2289909],[-58.1384574,-32.2287321],[-58.1387035,-32.2284775],[-58.1387658,-32.2284147],[-58.138747,-32.2283804],[-58.1383658,-32.2281081]]]}},{"type":"Feature","properties":{"ID":0,"NCM":"0100010000000323--","SEC":0,"GRU":0,"MANZ":323},"geometry":{"type":"Polygon","coordinates":[[[-58.1580882,-32.2281629],[-58.1578589,-32.2283927],[-58.1578163,-32.2284367],[-58.1583644,-32.2288282],[-58.1585327,-32.2289474],[-58.1585472,-32.228932],[-58.158794,-32.2286744],[-58.1580882,-32.2281629]]]}},{"type":"Feature","properties":{"ID":0,"NCM":"0100010000000349--","SEC":0,"GRU":0,"MANZ":349},"geometry":{"type":"Polygon","coordinates":[[[-58.1572332,-32.2285963],[-58.157316,-32.2286562],[-58.1579083,-32.2280609],[-58.1572033,-32.2275565],[-58.1569993,-32.2277633],[-58.1566157,-32.2281499],[-58.1572332,-32.2285963]]]}},{"type":"Feature","properties":{"ID":0,"NCM":"0100010000000303--","SEC":0,"GRU":0,"MANZ":303},"geometry":{"type":"Polygon","coordinates":[[[-58.1596671,-32.2280696],[-58.1594537,-32.2282816],[-58.1593211,-32.2284192],[-58.1590711,-32.2286689],[-58.1597497,-32.2291406],[-58.1598434,-32.2289221],[-58.1599428,-32.228724],[-58.1600931,-32.2284023],[-58.1600862,-32.2283824],[-58.159812,-32.2281803],[-58.1596671,-32.2280696]]]}},{"type":"Feature","properties":{"ID":0,"NCM":"0100010000000053--","SEC":0,"GRU":0,"MANZ":53},"geometry":{"type":"Polygon","coordinates":[[[-58.1425391,-32.2274274],[-58.142489,-32.2274808],[-58.1424581,-32.2275132],[-58.1423626,-32.2276048],[-58.1421033,-32.2278653],[-58.1419586,-32.2280091],[-58.1419624,-32.2280381],[-58.142178,-32.228189],[-58.1424253,-32.2283656],[-58.1426438,-32.2285234],[-58.1427817,-32.2283866],[-58.1428226,-32.2283455],[-58.1432462,-32.2279305],[-58.1428211,-32.2276296],[-58.1425391,-32.2274274]]]}},{"type":"Feature","properties":{"ID":0,"NCM":"0100010000000376--","SEC":0,"GRU":0,"MANZ":376},"geometry":{"type":"Polygon","coordinates":[[[-58.1560055,-32.2279532],[-58.1558593,-32.2280956],[-58.1554101,-32.2285541],[-58.1557097,-32.228765],[-58.1563128,-32.2281721],[-58.1560055,-32.2279532]]]}},{"type":"Feature","properties":{"ID":0,"NCM":"0100010000000108--","SEC":0,"GRU":0,"MANZ":108},"geometry":{"type":"Polygon","coordinates":[[[-58.1375175,-32.2274968],[-58.1374938,-32.2275027],[-58.1374521,-32.2275414],[-58.1372365,-32.2277499],[-58.1369218,-32.2280709],[-58.1369237,-32.2280931],[-58.1373181,-32.2283807],[-58.1375999,-32.2285835],[-58.1376256,-32.2285809],[-58.1379165,-32.2282859],[-58.1381928,-32.2280035],[-58.1381943,-32.2279836],[-58.1379166,-32.2277814],[-58.1378348,-32.2277243],[-58.137678,-32.2276064],[-58.1375175,-32.2274968]]]}},{"type":"Feature","properties":{"ID":0,"NCM":"0100010000000727--","SEC":0,"GRU":0,"MANZ":727},"geometry":{"type":"Polygon","coordinates":[[[-58.131878,-32.2272967],[-58.13187,-32.2273033],[-58.1312853,-32.2278948],[-58.1317084,-32.2281992],[-58.1319494,-32.2283713],[-58.1319872,-32.2283723],[-58.1325482,-32.2278047],[-58.1325339,-32.2277663],[-58.1321916,-32.2275206],[-58.131878,-32.2272967]]]}},{"type":"Feature","properties":{"ID":0,"NCM":"0100010000000403--","SEC":0,"GRU":0,"MANZ":403},"geometry":{"type":"Polygon","coordinates":[[[-58.1540373,-32.2277591],[-58.1534658,-32.2283423],[-58.1537773,-32.2285659],[-58.1540571,-32.2282758],[-58.1543378,-32.2279788],[-58.1540373,-32.2277591]]]}},{"type":"Feature","properties":{"ID":0,"NCM":"0100010000000508--","SEC":0,"GRU":0,"MANZ":508},"geometry":{"type":"Polygon","coordinates":[[[-58.1498506,-32.2272197],[-58.1492954,-32.2268195],[-58.1491559,-32.2267252],[-58.1491435,-32.2267267],[-58.1486602,-32.2272172],[-58.1485687,-32.2273093],[-58.1486978,-32.2273992],[-58.1492432,-32.2277976],[-58.1492672,-32.2278138],[-58.1494338,-32.2276485],[-58.1498506,-32.2272197]]]}},{"type":"Feature","properties":{"ID":0,"NCM":"0100010000000481--","SEC":0,"GRU":0,"MANZ":481},"geometry":{"type":"Polygon","coordinates":[[[-58.1500042,-32.2273328],[-58.1494255,-32.2279285],[-58.1495045,-32.2279851],[-58.1501218,-32.2284339],[-58.1501483,-32.2284324],[-58.1503969,-32.2281771],[-58.1505953,-32.2279757],[-58.1507008,-32.2278647],[-58.1507167,-32.2278478],[-58.150369,-32.227597],[-58.1500042,-32.2273328]]]}},{"type":"Feature","properties":{"ID":0,"NCM":"0100010000000375--","SEC":0,"GRU":0,"MANZ":375},"geometry":{"type":"Polygon","coordinates":[[[-58.1549048,-32.2283825],[-58.1545675,-32.2287143],[-58.1543175,-32.2289642],[-58.1545528,-32.2291339],[-58.1546242,-32.2291848],[-58.1552137,-32.2286013],[-58.1549048,-32.2283825]]]}},{"type":"Feature","properties":{"ID":0,"NCM":"0100010000000024--","SEC":0,"GRU":0,"MANZ":24},"geometry":{"type":"Polygon","coordinates":[[[-58.144984,-32.227954],[-58.1449534,-32.2279581],[-58.1443873,-32.2285269],[-58.1443894,-32.2285483],[-58.1447174,-32.2287817],[-58.1451078,-32.2290645],[-58.145295,-32.2288793],[-58.145704,-32.2284641],[-58.1452405,-32.2281397],[-58.144984,-32.227954]]]}},{"type":"Feature","properties":{"ID":0,"NCM":"0100010000000667--","SEC":0,"GRU":0,"MANZ":667},"geometry":{"type":"Polygon","coordinates":[[[-58.1358787,-32.2276547],[-58.1356471,-32.2278971],[-58.1354643,-32.2280808],[-58.1352921,-32.228252],[-58.1354266,-32.2283526],[-58.1356085,-32.2284828],[-58.1359879,-32.2287486],[-58.1360898,-32.2286468],[-58.1362848,-32.2284483],[-58.1364678,-32.2282686],[-58.136579,-32.2281589],[-58.1365101,-32.2281107],[-58.1363442,-32.2279912],[-58.1361204,-32.2278267],[-58.1358787,-32.2276547]]]}},{"type":"Feature","properties":{"ID":0,"NCM":"0100010000000348--","SEC":0,"GRU":0,"MANZ":348},"geometry":{"type":"Polygon","coordinates":[[[-58.1558897,-32.2288676],[-58.1562531,-32.2291171],[-58.156331,-32.2291751],[-58.1566076,-32.2293661],[-58.1571807,-32.2287916],[-58.1571343,-32.228759],[-58.1570464,-32.2286938],[-58.1570423,-32.2286917],[-58.1564675,-32.22828],[-58.1558897,-32.2288676]]]}},{"type":"Feature","properties":{"ID":0,"NCM":"0100010000000706--","SEC":0,"GRU":0,"MANZ":706},"geometry":{"type":"Polygon","coordinates":[[[-58.1327436,-32.2279134],[-58.1327111,-32.2279162],[-58.1325714,-32.2280576],[-58.132155,-32.2284886],[-58.1321602,-32.2285192],[-58.1328023,-32.2289796],[-58.1328416,-32.2289769],[-58.1332733,-32.22854],[-58.133399,-32.2284086],[-58.1333968,-32.2283815],[-58.1327436,-32.2279134]]]}},{"type":"Feature","properties":{"ID":0,"NCM":"0100010000000507--","SEC":0,"GRU":0,"MANZ":507},"geometry":{"type":"Polygon","coordinates":[[[-58.1491389,-32.2279595],[-58.148747,-32.227674],[-58.1484648,-32.2274678],[-58.1483884,-32.2274887],[-58.1478608,-32.2280203],[-58.1478622,-32.2280527],[-58.1479635,-32.2281263],[-58.1485427,-32.2285396],[-58.148852,-32.2282327],[-58.1488564,-32.2282359],[-58.1491389,-32.2279595]]]}},{"type":"Feature","properties":{"ID":0,"NCM":"0100010000000480--","SEC":0,"GRU":0,"MANZ":480},"geometry":{"type":"Polygon","coordinates":[[[-58.1492695,-32.2280545],[-58.1489948,-32.2283343],[-58.1486868,-32.2286424],[-58.1486896,-32.2286444],[-58.1488425,-32.228757],[-58.1493935,-32.2291574],[-58.1494224,-32.2291543],[-58.1497209,-32.2288565],[-58.1499801,-32.2285962],[-58.1499912,-32.2285785],[-58.1498267,-32.2284574],[-58.149716,-32.2283797],[-58.1492695,-32.2280545]]]}},{"type":"Feature","properties":{"ID":0,"NCM":"0100010000000032--","SEC":0,"GRU":0,"MANZ":32},"geometry":{"type":"Polygon","coordinates":[[[-58.14339,-32.2280352],[-58.1433671,-32.2280349],[-58.143172,-32.2282358],[-58.1428851,-32.2285262],[-58.1428486,-32.228562],[-58.1427786,-32.2286321],[-58.1431437,-32.2288869],[-58.1432401,-32.2289555],[-58.1435129,-32.229151],[-58.1437193,-32.228942],[-58.1439801,-32.2286812],[-58.1441072,-32.2285518],[-58.1438342,-32.2283592],[-58.14339,-32.2280352]]]}},{"type":"Feature","properties":{"ID":0,"NCM":"0100010000000323--","SEC":0,"GRU":0,"MANZ":323},"geometry":{"type":"Polygon","coordinates":[[[-58.1577493,-32.228502],[-58.1577205,-32.2285314],[-58.1574782,-32.2287741],[-58.1582002,-32.2292851],[-58.1584597,-32.2290102],[-58.1577493,-32.228502]]]}},{"type":"Feature","properties":{"ID":0,"NCM":"0100010000000506--","SEC":0,"GRU":0,"MANZ":506},"geometry":{"type":"Polygon","coordinates":[[[-58.1477188,-32.2281613],[-58.147398,-32.2284943],[-58.1473996,-32.2285242],[-58.1480496,-32.228995],[-58.1480677,-32.2289922],[-58.1480917,-32.2289908],[-58.1483203,-32.2287644],[-58.1484081,-32.228675],[-58.1484078,-32.2286492],[-58.1477188,-32.2281613]]]}},{"type":"Feature","properties":{"ID":0,"NCM":"0100010000000081--","SEC":0,"GRU":0,"MANZ":81},"geometry":{"type":"Polygon","coordinates":[[[-58.1397088,-32.2278505],[-58.1396907,-32.2278527],[-58.139155,-32.2283936],[-58.1391251,-32.2284235],[-58.1391084,-32.2284392],[-58.1393331,-32.2286009],[-58.1395508,-32.2287588],[-58.1395789,-32.2287295],[-58.1397685,-32.2285381],[-58.1401296,-32.2281782],[-58.1401287,-32.2281521],[-58.1397088,-32.2278505]]]}},{"type":"Feature","properties":{"ID":0,"NCM":"0100010000000059--","SEC":0,"GRU":0,"MANZ":59},"geometry":{"type":"Polygon","coordinates":[[[-58.1410197,-32.227571],[-58.140978,-32.2275718],[-58.1408806,-32.2276701],[-58.140559,-32.2279877],[-58.1404163,-32.2281297],[-58.1404196,-32.2281516],[-58.1404835,-32.2281948],[-58.1407685,-32.2284052],[-58.1410765,-32.2286268],[-58.1411073,-32.2286245],[-58.141514,-32.2282188],[-58.1416848,-32.228045],[-58.1415423,-32.2279419],[-58.1413308,-32.2277918],[-58.141117,-32.2276371],[-58.1410902,-32.2276184],[-58.1410197,-32.227571]]]}},{"type":"Feature","properties":{"ID":0,"NCM":"0100010000000265--","SEC":0,"GRU":0,"MANZ":265},"geometry":{"type":"Polygon","coordinates":[[[-58.1570629,-32.2336713],[-58.1565978,-32.234129],[-58.1571956,-32.2345604],[-58.1574884,-32.2339759],[-58.1570629,-32.2336713]]]}},{"type":"Feature","properties":{"ID":0,"NCM":"0100010000000726--","SEC":0,"GRU":0,"MANZ":726},"geometry":{"type":"Polygon","coordinates":[[[-58.1311609,-32.2280482],[-58.1311265,-32.2280482],[-58.1305726,-32.2286087],[-58.1305801,-32.2286454],[-58.1311551,-32.2290556],[-58.1312294,-32.2291091],[-58.1312557,-32.2291029],[-58.1317977,-32.2285544],[-58.1318088,-32.2285108],[-58.1311609,-32.2280482]]]}},{"type":"Feature","properties":{"ID":0,"NCM":"0100010000000054--","SEC":0,"GRU":0,"MANZ":54},"geometry":{"type":"Polygon","coordinates":[[[-58.1418332,-32.2281482],[-58.141257,-32.2287304],[-58.1412607,-32.2287567],[-58.1413246,-32.2288022],[-58.141936,-32.2292413],[-58.1425119,-32.228656],[-58.1425047,-32.2286335],[-58.1422153,-32.2284267],[-58.1418332,-32.2281482]]]}},{"type":"Feature","properties":{"ID":0,"NCM":"0100010000000402--","SEC":0,"GRU":0,"MANZ":402},"geometry":{"type":"Polygon","coordinates":[[[-58.1533227,-32.2284845],[-58.1527412,-32.2290725],[-58.1532186,-32.2294193],[-58.1534318,-32.2295768],[-58.1536859,-32.229323],[-58.1537408,-32.2292685],[-58.1540238,-32.228984],[-58.1533227,-32.2284845]]]}},{"type":"Feature","properties":{"ID":0,"NCM":"0100010000000058--","SEC":0,"GRU":0,"MANZ":58},"geometry":{"type":"Polygon","coordinates":[[[-58.140281,-32.2282666],[-58.1399284,-32.2286241],[-58.1397014,-32.2288467],[-58.1396979,-32.2288657],[-58.1400374,-32.2291083],[-58.1403726,-32.2293512],[-58.1403954,-32.2293489],[-58.1406281,-32.229114],[-58.1409578,-32.2287754],[-58.1409562,-32.22875],[-58.1408008,-32.2286376],[-58.1405957,-32.2284947],[-58.1404515,-32.228391],[-58.1403187,-32.2282949],[-58.140281,-32.2282666]]]}},{"type":"Feature","properties":{"ID":0,"NCM":"0100010000000294--","SEC":0,"GRU":0,"MANZ":294},"geometry":{"type":"Polygon","coordinates":[[[-58.1536029,-32.2341445],[-58.1530106,-32.2347454],[-58.1536998,-32.235231],[-58.1537352,-32.2352565],[-58.154318,-32.2346387],[-58.154223,-32.2345704],[-58.1541741,-32.2345365],[-58.1536029,-32.2341445]]]}},{"type":"Feature","properties":{"ID":0,"NCM":"0100010000000277--","SEC":0,"GRU":0,"MANZ":277},"geometry":{"type":"Polygon","coordinates":[[[-58.1549534,-32.2342473],[-58.1545864,-32.2346236],[-58.1550735,-32.2349764],[-58.1553003,-32.2351435],[-58.1556168,-32.2348247],[-58.155665,-32.2347778],[-58.155661,-32.2347571],[-58.1554824,-32.2346303],[-58.1551617,-32.2343977],[-58.1549534,-32.2342473]]]}},{"type":"Feature","properties":{"ID":0,"NCM":"0100010000000276--","SEC":0,"GRU":0,"MANZ":276},"geometry":{"type":"Polygon","coordinates":[[[-58.1544824,-32.2347569],[-58.1538789,-32.2353601],[-58.1539802,-32.2354326],[-58.1545846,-32.2358643],[-58.1551759,-32.2352687],[-58.1544824,-32.2347569]]]}},{"type":"Feature","properties":{"ID":0,"NCM":"0100010000000264--","SEC":0,"GRU":0,"MANZ":264},"geometry":{"type":"Polygon","coordinates":[[[-58.1564621,-32.2342674],[-58.1559948,-32.2347283],[-58.1560098,-32.2347394],[-58.1560319,-32.2347549],[-58.1568107,-32.2353096],[-58.1571117,-32.2347367],[-58.1566646,-32.234412],[-58.1564621,-32.2342674]]]}},{"type":"Feature","properties":{"ID":0,"NCM":"0100010000000662--","SEC":0,"GRU":0,"MANZ":662},"geometry":{"type":"Polygon","coordinates":[[[-58.1322419,-32.2313308],[-58.131642,-32.231922],[-58.1318382,-32.2320583],[-58.1319367,-32.2321299],[-58.1323346,-32.2324153],[-58.1329316,-32.2318221],[-58.1322419,-32.2313308]]]}},{"type":"Feature","properties":{"ID":0,"NCM":"0100010000000557--","SEC":0,"GRU":0,"MANZ":557},"geometry":{"type":"Polygon","coordinates":[[[-58.1397532,-32.2316963],[-58.1391632,-32.2322945],[-58.1398517,-32.2327858],[-58.1404418,-32.2321875],[-58.1397532,-32.2316963]]]}},{"type":"Feature","properties":{"ID":0,"NCM":"0100010000000370--","SEC":0,"GRU":0,"MANZ":370},"geometry":{"type":"Polygon","coordinates":[[[-58.1515014,-32.2318012],[-58.1511596,-32.2321485],[-58.151143,-32.2321639],[-58.1518576,-32.232655],[-58.1522093,-32.2323069],[-58.152204,-32.232281],[-58.1515366,-32.2318024],[-58.1515014,-32.2318012]]]}},{"type":"Feature","properties":{"ID":0,"NCM":"0100010000000397--","SEC":0,"GRU":0,"MANZ":397},"geometry":{"type":"Polygon","coordinates":[[[-58.1501478,-32.231683],[-58.1498681,-32.2319684],[-58.1497735,-32.2320657],[-58.14956,-32.2322724],[-58.1496631,-32.2323474],[-58.1497605,-32.2324171],[-58.1502695,-32.2327786],[-58.1508544,-32.2321853],[-58.1508536,-32.2321826],[-58.1501761,-32.2317026],[-58.1501478,-32.231683]]]}},{"type":"Feature","properties":{"ID":0,"NCM":"0100010000000447--","SEC":0,"GRU":0,"MANZ":447},"geometry":{"type":"Polygon","coordinates":[[[-58.145567,-32.2333078],[-58.1453283,-32.2335467],[-58.145061,-32.2338184],[-58.1449694,-32.233912],[-58.1450273,-32.2339558],[-58.1456562,-32.2344246],[-58.1460641,-32.2340087],[-58.1462602,-32.2338099],[-58.145567,-32.2333078]]]}},{"type":"Feature","properties":{"ID":0,"NCM":"0100010000000001--","SEC":0,"GRU":0,"MANZ":1},"geometry":{"type":"Polygon","coordinates":[[[-58.1429887,-32.2314335],[-58.1424093,-32.232016],[-58.1424171,-32.2320435],[-58.1427459,-32.2322796],[-58.1430342,-32.2324843],[-58.1430513,-32.232483],[-58.1430615,-32.2324791],[-58.1436288,-32.2319111],[-58.1436251,-32.2318922],[-58.1434802,-32.2317844],[-58.1429887,-32.2314335]]]}},{"type":"Feature","properties":{"ID":0,"NCM":"0100010000000474--","SEC":0,"GRU":0,"MANZ":474},"geometry":{"type":"Polygon","coordinates":[[[-58.1454152,-32.2319667],[-58.1452542,-32.2321322],[-58.1448426,-32.2325467],[-58.1452151,-32.2328173],[-58.1455214,-32.2330374],[-58.1455527,-32.2330386],[-58.1457237,-32.2328674],[-58.1458255,-32.232765],[-58.1461135,-32.2324726],[-58.145722,-32.2321852],[-58.1454152,-32.2319667]]]}},{"type":"Feature","properties":{"ID":0,"NCM":"0100010000000574--","SEC":0,"GRU":0,"MANZ":574},"geometry":{"type":"Polygon","coordinates":[[[-58.1381802,-32.2318438],[-58.1377261,-32.232307],[-58.1375971,-32.2324367],[-58.1382832,-32.2329356],[-58.1386454,-32.2325724],[-58.1388786,-32.2323322],[-58.1381802,-32.2318438]]]}},{"type":"Feature","properties":{"ID":0,"NCM":"0100010000000280--","SEC":0,"GRU":0,"MANZ":280},"geometry":{"type":"Polygon","coordinates":[[[-58.1569141,-32.2323123],[-58.1563255,-32.2329002],[-58.1564141,-32.2329616],[-58.1568728,-32.233296],[-58.1570485,-32.2334178],[-58.1576337,-32.2328292],[-58.1569141,-32.2323123]]]}},{"type":"Feature","properties":{"ID":0,"NCM":"0100010000000343--","SEC":0,"GRU":0,"MANZ":343},"geometry":{"type":"Polygon","coordinates":[[[-58.1529299,-32.2318522],[-58.1525415,-32.2322512],[-58.153249,-32.2327491],[-58.1536333,-32.2323542],[-58.1534805,-32.2322446],[-58.1529299,-32.2318522]]]}},{"type":"Feature","properties":{"ID":0,"NCM":"0100010000000420--","SEC":0,"GRU":0,"MANZ":420},"geometry":{"type":"Polygon","coordinates":[[[-58.1464296,-32.2339286],[-58.1463491,-32.2340079],[-58.1458314,-32.2345433],[-58.1461755,-32.2347805],[-58.1465255,-32.2350343],[-58.1468142,-32.23474],[-58.1471342,-32.2344279],[-58.1464296,-32.2339286]]]}},{"type":"Feature","properties":{"ID":0,"NCM":"0100010000000500--","SEC":0,"GRU":0,"MANZ":500},"geometry":{"type":"Polygon","coordinates":[[[-58.1438471,-32.2320575],[-58.1432346,-32.232671],[-58.1434804,-32.2328421],[-58.1439342,-32.2331639],[-58.1445343,-32.232563],[-58.1442413,-32.2323508],[-58.1438471,-32.2320575]]]}},{"type":"Feature","properties":{"ID":0,"NCM":"0100010000000448--","SEC":0,"GRU":0,"MANZ":448},"geometry":{"type":"Polygon","coordinates":[[[-58.1462735,-32.2325841],[-58.145701,-32.2331678],[-58.1463973,-32.2336707],[-58.1469855,-32.2330974],[-58.1462735,-32.2325841]]]}},{"type":"Feature","properties":{"ID":0,"NCM":"0100010000000296--","SEC":0,"GRU":0,"MANZ":296},"geometry":{"type":"Polygon","coordinates":[[[-58.1547288,-32.2330238],[-58.1547062,-32.233048],[-58.1542967,-32.23346],[-58.1543025,-32.233519],[-58.1547116,-32.2338089],[-58.1550233,-32.2334993],[-58.1548631,-32.2333898],[-58.1548484,-32.2334058],[-58.1548269,-32.2333904],[-58.1548575,-32.2333571],[-58.1550406,-32.2334821],[-58.155179,-32.2333446],[-58.1547288,-32.2330238]]]}},{"type":"Feature","properties":{"ID":0,"NCM":"0100010000000573--","SEC":0,"GRU":0,"MANZ":573},"geometry":{"type":"Polygon","coordinates":[[[-58.1373595,-32.2326768],[-58.136883,-32.2331599],[-58.1375636,-32.2336572],[-58.1381634,-32.2330558],[-58.1380587,-32.2329828],[-58.1374776,-32.2325572],[-58.1373595,-32.2326768]]]}},{"type":"Feature","properties":{"ID":0,"NCM":"0100010000000297--","SEC":0,"GRU":0,"MANZ":297},"geometry":{"type":"Polygon","coordinates":[[[-58.1556553,-32.2334488],[-58.1561161,-32.2329876],[-58.1560227,-32.2329202],[-58.1553434,-32.2324438],[-58.1553241,-32.2324453],[-58.1551934,-32.2325705],[-58.1548909,-32.2328681],[-58.1548935,-32.2328985],[-58.1556553,-32.2334488]]]}},{"type":"Feature","properties":{"ID":0,"NCM":"0100010000000279--","SEC":0,"GRU":0,"MANZ":279},"geometry":{"type":"Polygon","coordinates":[[[-58.1556553,-32.2334488],[-58.1564214,-32.2340017],[-58.1564472,-32.2340005],[-58.1568807,-32.2335694],[-58.1568761,-32.2335364],[-58.1561161,-32.2329876],[-58.1556553,-32.2334488]]]}},{"type":"Feature","properties":{"ID":0,"NCM":"0100010000000317--","SEC":0,"GRU":0,"MANZ":317},"geometry":{"type":"Polygon","coordinates":[[[-58.1537975,-32.2324808],[-58.1534213,-32.2328579],[-58.1534237,-32.2328813],[-58.1535799,-32.232996],[-58.1541031,-32.2333726],[-58.1544969,-32.2329827],[-58.1537975,-32.2324808]]]}},{"type":"Feature","properties":{"ID":0,"NCM":"0100010000000542--","SEC":0,"GRU":0,"MANZ":542},"geometry":{"type":"Polygon","coordinates":[[[-58.1407283,-32.2321693],[-58.1410724,-32.2324197],[-58.141346,-32.2321467],[-58.1416207,-32.2318857],[-58.1416805,-32.2318254],[-58.1415668,-32.2317441],[-58.1413256,-32.2315705],[-58.1407283,-32.2321693]]]}},{"type":"Feature","properties":{"ID":0,"NCM":"0100010000000526--","SEC":0,"GRU":0,"MANZ":526},"geometry":{"type":"Polygon","coordinates":[[[-58.1407283,-32.2321693],[-58.1399722,-32.2329242],[-58.1415256,-32.2340126],[-58.1416087,-32.2339308],[-58.1421966,-32.2333539],[-58.141805,-32.2330732],[-58.1418748,-32.2330055],[-58.14158,-32.2327942],[-58.14146,-32.2327081],[-58.1420601,-32.2320967],[-58.1416805,-32.2318254],[-58.1416207,-32.2318857],[-58.141346,-32.2321467],[-58.1410724,-32.2324197],[-58.1407283,-32.2321693]]]}},{"type":"Feature","properties":{"ID":0,"NCM":"0100010000000527--","SEC":0,"GRU":0,"MANZ":527},"geometry":{"type":"Polygon","coordinates":[[[-58.1421966,-32.2333539],[-58.1422552,-32.2332963],[-58.1424965,-32.2330485],[-58.1428583,-32.2326847],[-58.1428573,-32.2326667],[-58.1421818,-32.2321838],[-58.1421337,-32.23223],[-58.1416482,-32.232725],[-58.14158,-32.2327942],[-58.1418748,-32.2330055],[-58.141805,-32.2330732],[-58.1421966,-32.2333539]]]}},{"type":"Feature","properties":{"ID":0,"NCM":"0100010000000318--","SEC":0,"GRU":0,"MANZ":318},"geometry":{"type":"Polygon","coordinates":[[[-58.154461,-32.2317998],[-58.153927,-32.232344],[-58.1546195,-32.2328371],[-58.154649,-32.2328354],[-58.1548805,-32.2325982],[-58.1551689,-32.2323095],[-58.1550439,-32.2322229],[-58.1546033,-32.2319028],[-58.154461,-32.2317998]]]}},{"type":"Feature","properties":{"ID":0,"NCM":"0100010000000296--","SEC":0,"GRU":0,"MANZ":296},"geometry":{"type":"Polygon","coordinates":[[[-58.1550516,-32.234051],[-58.1552731,-32.2338207],[-58.1555175,-32.2335858],[-58.1554299,-32.2335227],[-58.1554057,-32.2335061],[-58.1552592,-32.2334017],[-58.1552093,-32.2334521],[-58.1552944,-32.2335134],[-58.155266,-32.233532],[-58.1552488,-32.2335049],[-58.1551955,-32.233466],[-58.1547965,-32.233869],[-58.1549388,-32.2339698],[-58.1549876,-32.2340047],[-58.1550516,-32.234051]]]}},{"type":"Feature","properties":{"ID":0,"NCM":"0100010000000278--","SEC":0,"GRU":0,"MANZ":278},"geometry":{"type":"Polygon","coordinates":[[[-58.1555175,-32.2335858],[-58.1552731,-32.2338207],[-58.1550516,-32.234051],[-58.1558307,-32.2346143],[-58.1562995,-32.2341504],[-58.1555175,-32.2335858]]]}},{"type":"Feature","properties":{"ID":0,"NCM":"0100010000000424--","SEC":0,"GRU":0,"MANZ":424},"geometry":{"type":"Polygon","coordinates":[[[-58.1489748,-32.2313692],[-58.148726,-32.2316268],[-58.1487273,-32.2316622],[-58.1493824,-32.2321243],[-58.1494249,-32.2321209],[-58.1496738,-32.2318724],[-58.1489748,-32.2313692]]]}},{"type":"Feature","properties":{"ID":0,"NCM":"0100010000000555--","SEC":0,"GRU":0,"MANZ":555},"geometry":{"type":"Polygon","coordinates":[[[-58.138305,-32.2331544],[-58.1376998,-32.2337568],[-58.1381583,-32.2340863],[-58.1383953,-32.2342518],[-58.1385797,-32.2340674],[-58.1389978,-32.2336389],[-58.1387739,-32.2334812],[-58.138305,-32.2331544]]]}},{"type":"Feature","properties":{"ID":0,"NCM":"0100010000000627--","SEC":0,"GRU":0,"MANZ":627},"geometry":{"type":"Polygon","coordinates":[[[-58.1353993,-32.2310862],[-58.1350235,-32.2314638],[-58.1348009,-32.2316951],[-58.1352177,-32.231989],[-58.1358175,-32.2313871],[-58.1353993,-32.2310862]]]}},{"type":"Feature","properties":{"ID":0,"NCM":"0100010000000295--","SEC":0,"GRU":0,"MANZ":295},"geometry":{"type":"Polygon","coordinates":[[[-58.1540973,-32.2336294],[-58.1537357,-32.2340143],[-58.1544493,-32.2345224],[-58.1548155,-32.2341329],[-58.1540973,-32.2336294]]]}},{"type":"Feature","properties":{"ID":0,"NCM":"0100010000000556--","SEC":0,"GRU":0,"MANZ":556},"geometry":{"type":"Polygon","coordinates":[[[-58.1390373,-32.2324365],[-58.1390224,-32.2324403],[-58.1384228,-32.2330371],[-58.1384603,-32.2330644],[-58.1391224,-32.2335171],[-58.1397194,-32.2329331],[-58.1393293,-32.2326473],[-58.1392077,-32.2325623],[-58.1390373,-32.2324365]]]}},{"type":"Feature","properties":{"ID":0,"NCM":"0100010000000473--","SEC":0,"GRU":0,"MANZ":473},"geometry":{"type":"Polygon","coordinates":[[[-58.144716,-32.232697],[-58.1446861,-32.2326985],[-58.1441018,-32.2332908],[-58.14457,-32.2336351],[-58.1447808,-32.2337809],[-58.1448139,-32.2337788],[-58.1452988,-32.2332918],[-58.1453817,-32.2332025],[-58.1453984,-32.2331857],[-58.1452747,-32.2330986],[-58.144716,-32.232697]]]}},{"type":"Feature","properties":{"ID":0,"NCM":"0100010000000475--","SEC":0,"GRU":0,"MANZ":475},"geometry":{"type":"Polygon","coordinates":[[[-58.1461283,-32.2312479],[-58.1461234,-32.2312532],[-58.1455403,-32.2318252],[-58.1462459,-32.2323395],[-58.1462491,-32.2323359],[-58.1464387,-32.2321495],[-58.1466983,-32.2318897],[-58.1467133,-32.2318749],[-58.1468317,-32.2317605],[-58.1463546,-32.2314135],[-58.1461283,-32.2312479]]]}},{"type":"Feature","properties":{"ID":0,"NCM":"0100010000000575--","SEC":0,"GRU":0,"MANZ":575},"geometry":{"type":"Polygon","coordinates":[[[-58.1390003,-32.231028],[-58.1383421,-32.2316971],[-58.1390034,-32.2321787],[-58.1395887,-32.2315809],[-58.13937,-32.2314208],[-58.1394384,-32.2313509],[-58.1390003,-32.231028]]]}},{"type":"Feature","properties":{"ID":0,"NCM":"0100010000000298--","SEC":0,"GRU":0,"MANZ":298},"geometry":{"type":"Polygon","coordinates":[[[-58.156068,-32.2317074],[-58.1554941,-32.2322739],[-58.1554995,-32.2323055],[-58.1561768,-32.2327878],[-58.1567499,-32.2322036],[-58.1564815,-32.2320087],[-58.1561458,-32.2317624],[-58.156068,-32.2317074]]]}},{"type":"Feature","properties":{"ID":0,"NCM":"0100010000000421--","SEC":0,"GRU":0,"MANZ":421},"geometry":{"type":"Polygon","coordinates":[[[-58.1471455,-32.2332082],[-58.1465632,-32.2337894],[-58.1472672,-32.2342907],[-58.1478384,-32.2337206],[-58.147556,-32.2335138],[-58.1474861,-32.2334629],[-58.1471455,-32.2332082]]]}},{"type":"Feature","properties":{"ID":0,"NCM":"0100010000000263--","SEC":0,"GRU":0,"MANZ":263},"geometry":{"type":"Polygon","coordinates":[[[-58.1558573,-32.2355234],[-58.1564914,-32.2359678],[-58.1565589,-32.2358302],[-58.1567151,-32.2354978],[-58.1563463,-32.2352413],[-58.1561108,-32.2350777],[-58.1559334,-32.2349537],[-58.1559013,-32.2349572],[-58.1556636,-32.2352031],[-58.155558,-32.2353137],[-58.1558573,-32.2355234]]]}},{"type":"Feature","properties":{"ID":0,"NCM":"0100010000000252--","SEC":0,"GRU":0,"MANZ":252},"geometry":{"type":"Polygon","coordinates":[[[-58.155626,-32.2365874],[-58.1560446,-32.2368785],[-58.1563906,-32.2361733],[-58.1561911,-32.2360282],[-58.155626,-32.2365874]]]}},{"type":"Feature","properties":{"ID":0,"NCM":"0100010000000262--","SEC":0,"GRU":0,"MANZ":262},"geometry":{"type":"Polygon","coordinates":[[[-58.155626,-32.2365874],[-58.1561911,-32.2360282],[-58.1563906,-32.2361733],[-58.1564914,-32.2359678],[-58.1558573,-32.2355234],[-58.1557068,-32.2356762],[-58.1554131,-32.2354627],[-58.155301,-32.2355727],[-58.1548339,-32.2360367],[-58.155626,-32.2365874]]]}},{"type":"Feature","properties":{"ID":0,"NCM":"0100010000000501--","SEC":0,"GRU":0,"MANZ":501},"geometry":{"type":"Polygon","coordinates":[[[-58.1445572,-32.2313439],[-58.1445297,-32.2313525],[-58.1439865,-32.2319069],[-58.1439831,-32.2319392],[-58.1446714,-32.2324256],[-58.1452384,-32.2318592],[-58.1452378,-32.231835],[-58.1447783,-32.2315061],[-58.1445572,-32.2313439]]]}},{"type":"Feature","properties":{"ID":0,"NCM":"0100011020010000--","SEC":102,"GRU":1,"MANZ":0},"geometry":{"type":"Polygon","coordinates":[[[-58.1517705,-32.2453468],[-58.1521731,-32.2444673],[-58.1511096,-32.2436726],[-58.1496368,-32.2450811],[-58.1496793,-32.2451133],[-58.1497003,-32.2451283],[-58.1497432,-32.2451565],[-58.1497885,-32.245182],[-58.1498307,-32.2452056],[-58.1498541,-32.245218],[-58.1498794,-32.2452322],[-58.1499097,-32.24525],[-58.1499396,-32.2452687],[-58.1499683,-32.2452872],[-58.1499921,-32.2453019],[-58.150033,-32.2453284],[-58.1500548,-32.2453448],[-58.1501045,-32.2453816],[-58.1501306,-32.2454003],[-58.1501569,-32.2454214],[-58.1501868,-32.2454435],[-58.150215,-32.2454662],[-58.1502425,-32.2454908],[-58.1502672,-32.2455158],[-58.1502889,-32.2455388],[-58.1503087,-32.2455601],[-58.150357,-32.245613],[-58.1503745,-32.2456303],[-58.1503928,-32.2456489],[-58.1504133,-32.2456715],[-58.1504346,-32.2456922],[-58.150454,-32.2457145],[-58.1504761,-32.2457364],[-58.1505157,-32.245779],[-58.150537,-32.2457997],[-58.1505599,-32.2458197],[-58.1506065,-32.2458578],[-58.1506313,-32.2458762],[-58.1506566,-32.2458936],[-58.1507026,-32.2459205],[-58.1507383,-32.2459377],[-58.1507745,-32.2459506],[-58.1508092,-32.2459609],[-58.1508119,-32.2459606],[-58.1508812,-32.2459812],[-58.1509268,-32.2459903],[-58.1509581,-32.2459929],[-58.1509948,-32.245995],[-58.1510219,-32.2459953],[-58.1510491,-32.2459924],[-58.1510852,-32.2459866],[-58.151121,-32.2459752],[-58.1511475,-32.2459643],[-58.151176,-32.2459518],[-58.1512025,-32.2459409],[-58.1512333,-32.2459258],[-58.1512686,-32.2458999],[-58.1513043,-32.2458698],[-58.1513366,-32.2458386],[-58.1513658,-32.2458054],[-58.1513883,-32.2457757],[-58.1514046,-32.2457519],[-58.1514202,-32.2457234],[-58.151433,-32.2456986],[-58.1514446,-32.2456734],[-58.1514749,-32.2455997],[-58.1514834,-32.2455758],[-58.151488,-32.2455519],[-58.1514911,-32.2455285],[-58.1514967,-32.2454993],[-58.1515046,-32.2454675],[-58.1515171,-32.2454371],[-58.1515353,-32.2454116],[-58.1515557,-32.2453934],[-58.1515811,-32.2453789],[-58.1516127,-32.2453652],[-58.1516492,-32.2453584],[-58.1516981,-32.245353],[-58.1517396,-32.2453499],[-58.1517705,-32.2453468]]]}},{"type":"Feature","properties":{"ID":0,"NCM":"0100010180010000--","SEC":18,"GRU":1,"MANZ":0},"geometry":{"type":"Polygon","coordinates":[[[-58.2173396,-32.2758554],[-58.2157121,-32.27557],[-58.2158462,-32.2746866],[-58.2162719,-32.2724871],[-58.2166535,-32.2705698],[-58.2166498,-32.2704936],[-58.2166469,-32.2704175],[-58.2166447,-32.2703413],[-58.2166433,-32.270265],[-58.2166428,-32.2702142],[-58.2166426,-32.2701634],[-58.216643,-32.2700872],[-58.2166441,-32.270011],[-58.2166461,-32.2699348],[-58.2166478,-32.269884],[-58.2166498,-32.2698332],[-58.2166535,-32.269757],[-58.2166579,-32.2696809],[-58.2166632,-32.2696048],[-58.2166691,-32.2695287],[-58.2166759,-32.2694527],[-58.2166834,-32.2693768],[-58.2166917,-32.2693009],[-58.2167007,-32.269225],[-58.2167105,-32.2691493],[-58.2167211,-32.2690736],[-58.2167324,-32.2689979],[-58.2167445,-32.2689224],[-58.2167573,-32.268847],[-58.2167663,-32.2687967],[-58.2167756,-32.2687465],[-58.2167902,-32.2686713],[-58.2168055,-32.2685962],[-58.2168216,-32.2685212],[-58.2168385,-32.2684464],[-58.2168561,-32.2683716],[-58.2168744,-32.268297],[-58.2168935,-32.2682225],[-58.2169067,-32.268173],[-58.2169202,-32.2681235],[-58.216941,-32.2680493],[-58.2169626,-32.2679753],[-58.2169774,-32.2679261],[-58.2170002,-32.2678524],[-58.2170238,-32.2677788],[-58.2170481,-32.2677054],[-58.2170731,-32.2676322],[-58.2170989,-32.2675592],[-58.2171254,-32.2674864],[-58.2171435,-32.267438],[-58.2171712,-32.2673655],[-58.2171901,-32.2673173],[-58.217219,-32.2672451],[-58.2172486,-32.2671732],[-58.217279,-32.2671014],[-58.2172997,-32.2670537],[-58.2173654,-32.266896],[-58.2176794,-32.2670023],[-58.2216018,-32.2683299],[-58.2227489,-32.2680879],[-58.2234249,-32.2665548],[-58.218483,-32.2650124],[-58.2172628,-32.2646366],[-58.2171294,-32.2645946],[-58.2131102,-32.2633399],[-58.2111976,-32.2679962],[-58.2086959,-32.2739234],[-58.2072783,-32.2773201],[-58.2067382,-32.2786187],[-58.2063345,-32.2796176],[-58.205611,-32.2813188],[-58.2049329,-32.2829391],[-58.2049638,-32.2829492],[-58.2038778,-32.285482],[-58.2120465,-32.2881372],[-58.2135106,-32.2886212],[-58.2155664,-32.2892925],[-58.2169572,-32.2897262],[-58.2170042,-32.2894491],[-58.2172675,-32.2882816],[-58.2175652,-32.2869547],[-58.2179483,-32.2853056],[-58.2180425,-32.284872],[-58.2182148,-32.2840153],[-58.2182675,-32.2832609],[-58.2182634,-32.2827369],[-58.2181699,-32.2819015],[-58.2181638,-32.2818734],[-58.217977,-32.2805205],[-58.2179667,-32.2804023],[-58.217835,-32.2795354],[-58.2176365,-32.2780343],[-58.2173396,-32.2758554]]]}},{"type":"Feature","properties":{"ID":0,"NCM":"0100010170010000--","SEC":17,"GRU":1,"MANZ":0},"geometry":{"type":"Polygon","coordinates":[[[-58.1569934,-32.2493931],[-58.1575655,-32.251832],[-58.1581164,-32.2540199],[-58.1581609,-32.2541964],[-58.1581707,-32.2542392],[-58.1584899,-32.2556305],[-58.1588766,-32.2572756],[-58.1587731,-32.2572954],[-58.1591871,-32.2587574],[-58.1591981,-32.2587962],[-58.1592275,-32.2588792],[-58.1578966,-32.259099],[-58.1580133,-32.2601193],[-58.1584373,-32.260084],[-58.1586195,-32.2616638],[-58.1586402,-32.2618432],[-58.1588145,-32.2633541],[-58.1574439,-32.264156],[-58.1575859,-32.2648361],[-58.1523726,-32.2648314],[-58.152312,-32.2652794],[-58.1521097,-32.2665236],[-58.1518476,-32.2683482],[-58.1518019,-32.2687083],[-58.1519277,-32.2687029],[-58.1537924,-32.2689442],[-58.1563408,-32.2692579],[-58.1577219,-32.2694456],[-58.1577608,-32.2694491],[-58.1594729,-32.2697202],[-58.1595402,-32.2697262],[-58.1596629,-32.2697383],[-58.1605591,-32.2698907],[-58.1606055,-32.269899],[-58.1614298,-32.270039],[-58.161742,-32.2721632],[-58.1620159,-32.2724316],[-58.1652998,-32.2721028],[-58.1669412,-32.2719238],[-58.1698825,-32.2716184],[-58.1698991,-32.2715786],[-58.1697043,-32.2701124],[-58.1696098,-32.2694319],[-58.1693473,-32.2675343],[-58.1690757,-32.2653887],[-58.1690843,-32.2653878],[-58.1689664,-32.2645259],[-58.1687316,-32.2629353],[-58.1685996,-32.2619219],[-58.1684545,-32.2607672],[-58.1683606,-32.260169],[-58.1686954,-32.2599682],[-58.1702117,-32.2590371],[-58.1713197,-32.258338],[-58.1719702,-32.2579552],[-58.172261,-32.2577219],[-58.1722661,-32.2577158],[-58.1722948,-32.2576622],[-58.1723315,-32.2575707],[-58.1723374,-32.2574176],[-58.1722476,-32.2568885],[-58.1722028,-32.2565937],[-58.1723253,-32.2562921],[-58.1718646,-32.2563014],[-58.1714374,-32.2562831],[-58.1711106,-32.25623],[-58.1709156,-32.2562638],[-58.1705416,-32.2562053],[-58.1700611,-32.2561164],[-58.1699696,-32.2558694],[-58.1690984,-32.2560206],[-58.167938,-32.2561675],[-58.1662727,-32.256054],[-58.1661335,-32.2558224],[-58.1661009,-32.2557682],[-58.1660713,-32.255719],[-58.1660567,-32.2556947],[-58.1659943,-32.2555908],[-58.165961,-32.2555355],[-58.1659267,-32.2554784],[-58.1658913,-32.2554345],[-58.1658898,-32.2554265],[-58.1658853,-32.2554018],[-58.1658818,-32.2553788],[-58.1658738,-32.2553444],[-58.1658692,-32.255321],[-58.1658686,-32.2552845],[-58.1658706,-32.2552576],[-58.165872,-32.2552194],[-58.1658693,-32.2551944],[-58.1658659,-32.255168],[-58.1658617,-32.2551403],[-58.1658583,-32.255114],[-58.1658547,-32.2550721],[-58.1658512,-32.2550491],[-58.1658465,-32.2550256],[-58.1658423,-32.2550013],[-58.1658349,-32.2549781],[-58.1658284,-32.2549531],[-58.1658214,-32.2549289],[-58.1658011,-32.2548458],[-58.1657957,-32.254799],[-58.165795,-32.2547724],[-58.1657927,-32.2547463],[-58.165789,-32.2547111],[-58.1657803,-32.2546755],[-58.1657783,-32.2546568],[-58.1657797,-32.2546329],[-58.1657792,-32.254612],[-58.1657713,-32.2545916],[-58.1657579,-32.254569],[-58.1657276,-32.2545296],[-58.165727,-32.2545274],[-58.1657074,-32.254493],[-58.1656911,-32.2544694],[-58.1656692,-32.2544409],[-58.1656397,-32.2544145],[-58.1656271,-32.2544097],[-58.16561,-32.2544012],[-58.1655867,-32.2543882],[-58.1655644,-32.2543771],[-58.1655386,-32.2543587],[-58.1655316,-32.2543563],[-58.1655051,-32.2543419],[-58.1654694,-32.2543324],[-58.16545,-32.2543274],[-58.1654133,-32.2543187],[-58.1653797,-32.2543121],[-58.1653466,-32.2543045],[-58.1652857,-32.2542886],[-58.1652328,-32.2542751],[-58.1651525,-32.2542656],[-58.1650996,-32.2542522],[-58.1650723,-32.254243],[-58.1650304,-32.254225],[-58.1649831,-32.2542044],[-58.1649593,-32.2541929],[-58.1649171,-32.2541694],[-58.1648773,-32.25414],[-58.1648618,-32.254121],[-58.1648469,-32.2540847],[-58.164838,-32.2540622],[-58.1648283,-32.2540384],[-58.1648182,-32.2540155],[-58.164807,-32.2539924],[-58.164798,-32.2539699],[-58.1647875,-32.2539293],[-58.1647851,-32.2539066],[-58.1647829,-32.2538552],[-58.1647814,-32.2538305],[-58.1647729,-32.2537817],[-58.1647694,-32.2537587],[-58.1647647,-32.2537165],[-58.1647492,-32.2536689],[-58.1647377,-32.2536402],[-58.1647264,-32.253617],[-58.1647095,-32.2535856],[-58.1647,-32.2535552],[-58.1646857,-32.2535267],[-58.164669,-32.2535074],[-58.1646489,-32.2534805],[-58.1646307,-32.2534553],[-58.1646134,-32.2534249],[-58.1645846,-32.2533877],[-58.1645604,-32.2533518],[-58.1645358,-32.253317],[-58.1645073,-32.2532854],[-58.1644737,-32.25326],[-58.1644499,-32.2532452],[-58.1644193,-32.2532251],[-58.1643883,-32.2532027],[-58.1643558,-32.2531777],[-58.1643345,-32.2531537],[-58.1643083,-32.2531195],[-58.1642932,-32.2530963],[-58.1642836,-32.2530725],[-58.164235,-32.2529634],[-58.1642187,-32.2529431],[-58.1641981,-32.252905],[-58.1641884,-32.2528779],[-58.1641754,-32.2528498],[-58.1641638,-32.2528243],[-58.164139,-32.252774],[-58.1641275,-32.2527486],[-58.1641158,-32.2527264],[-58.1640762,-32.2526904],[-58.1640382,-32.2526659],[-58.1639953,-32.252641],[-58.1639511,-32.2526191],[-58.1639073,-32.2525995],[-58.1638612,-32.252576],[-58.1638137,-32.2525497],[-58.1637646,-32.2525208],[-58.1637182,-32.2524917],[-58.1636722,-32.2524648],[-58.1636277,-32.2524406],[-58.1635851,-32.252418],[-58.1635444,-32.2523971],[-58.1634224,-32.2523279],[-58.1633822,-32.2523028],[-58.1633453,-32.2522819],[-58.1632767,-32.2522406],[-58.1632453,-32.2522225],[-58.1631924,-32.2521903],[-58.1631403,-32.2521561],[-58.1631177,-32.2521417],[-58.1630916,-32.2521262],[-58.1630667,-32.2521111],[-58.1630288,-32.2520867],[-58.1629931,-32.2520629],[-58.1629614,-32.2520424],[-58.1629276,-32.2520203],[-58.1628653,-32.2519732],[-58.1628052,-32.25193],[-58.1627858,-32.2519143],[-58.1627667,-32.2518977],[-58.1627465,-32.2518774],[-58.162726,-32.2518547],[-58.1627047,-32.2518308],[-58.1626841,-32.2518082],[-58.1626629,-32.2517842],[-58.1626427,-32.2517606],[-58.1626229,-32.2517393],[-58.1626066,-32.2517191],[-58.1625895,-32.2517008],[-58.1625728,-32.2516815],[-58.1625518,-32.2516599],[-58.1625313,-32.2516372],[-58.1625092,-32.2516153],[-58.1624867,-32.2515943],[-58.1624657,-32.2515759],[-58.1624268,-32.2515445],[-58.1623921,-32.2515122],[-58.1623734,-32.2514946],[-58.1623544,-32.2514746],[-58.1623361,-32.2514559],[-58.1623122,-32.2514224],[-58.1622966,-32.251388],[-58.1622844,-32.2513481],[-58.1622758,-32.2513059],[-58.1622735,-32.2512831],[-58.1622716,-32.2512594],[-58.1622708,-32.251236],[-58.1622693,-32.2512114],[-58.1622689,-32.251187],[-58.1622678,-32.2511613],[-58.1622682,-32.2511383],[-58.1622678,-32.251064],[-58.1622699,-32.2510298],[-58.1622725,-32.250992],[-58.1622797,-32.2509555],[-58.1622852,-32.2509263],[-58.1622808,-32.2508864],[-58.1622754,-32.2508617],[-58.1622681,-32.2508353],[-58.1622554,-32.2507826],[-58.1622533,-32.2507736],[-58.1622466,-32.250733],[-58.1621594,-32.2505981],[-58.1621467,-32.250569],[-58.162124,-32.2505391],[-58.1620928,-32.2505045],[-58.1620554,-32.2504692],[-58.1620164,-32.2504411],[-58.16198,-32.2504193],[-58.1619439,-32.2504031],[-58.1619077,-32.2503901],[-58.1618718,-32.2503795],[-58.1618221,-32.250368],[-58.1617908,-32.2503621],[-58.1617496,-32.2503521],[-58.1617021,-32.2503413],[-58.1616505,-32.2503282],[-58.161593,-32.2503133],[-58.1615329,-32.2502988],[-58.161478,-32.2502903],[-58.1614263,-32.2502804],[-58.1613778,-32.250266],[-58.1613308,-32.2502477],[-58.1612836,-32.2502238],[-58.1612407,-32.2501989],[-58.1611982,-32.2501698],[-58.1611619,-32.2501381],[-58.1611253,-32.2501041],[-58.1610864,-32.2500694],[-58.1610548,-32.2500391],[-58.1610299,-32.2500207],[-58.1609986,-32.249996],[-58.1609732,-32.2499631],[-58.1609488,-32.2499405],[-58.1609209,-32.2499135],[-58.1608966,-32.2498875],[-58.1608764,-32.2498672],[-58.1608558,-32.2498479],[-58.1608341,-32.2498282],[-58.1608143,-32.2498069],[-58.1607924,-32.2497751],[-58.1607741,-32.2497564],[-58.1607497,-32.2497338],[-58.1607241,-32.2497108],[-58.1606989,-32.2496901],[-58.1606768,-32.2496714],[-58.160655,-32.2496517],[-58.1606356,-32.2496327],[-58.1606111,-32.2496133],[-58.1605719,-32.2495984],[-58.1605349,-32.2495874],[-58.1604983,-32.2495788],[-58.160462,-32.2495724],[-58.160428,-32.24957],[-58.1603927,-32.2495706],[-58.160357,-32.2495754],[-58.1603202,-32.2495799],[-58.1602856,-32.2495851],[-58.1602499,-32.24959],[-58.1602134,-32.2495968],[-58.160175,-32.2496019],[-58.1601327,-32.249607],[-58.1600897,-32.2496107],[-58.1600497,-32.2496165],[-58.1599733,-32.2496258],[-58.1599372,-32.2496316],[-58.1599007,-32.2496384],[-58.1598615,-32.2496455],[-58.1598203,-32.2496543],[-58.1597799,-32.249661],[-58.1597388,-32.2496664],[-58.1597019,-32.2496709],[-58.159669,-32.2496722],[-58.1596384,-32.2496708],[-58.1595471,-32.2496438],[-58.159484,-32.2496206],[-58.1594556,-32.2496045],[-58.1594311,-32.2495884],[-58.1594102,-32.2495668],[-58.1593877,-32.2495458],[-58.1593694,-32.2495271],[-58.1593167,-32.249463],[-58.159293,-32.2494417],[-58.1592655,-32.2494203],[-58.1592375,-32.2494032],[-58.1592061,-32.249385],[-58.1591292,-32.2493512],[-58.1590958,-32.2493347],[-58.1590631,-32.2493195],[-58.1590343,-32.2493043],[-58.1589921,-32.2492841],[-58.1589644,-32.2492726],[-58.158934,-32.2492614],[-58.1589086,-32.2492538],[-58.1588692,-32.2492487],[-58.1588382,-32.2492517],[-58.1588002,-32.2492525],[-58.1587735,-32.2492512],[-58.1587391,-32.2492498],[-58.1587043,-32.2492461],[-58.1586773,-32.2492425],[-58.1586471,-32.2492402],[-58.1585956,-32.2492392],[-58.1585615,-32.2492401],[-58.1584911,-32.2492413],[-58.1584547,-32.2492415],[-58.1584214,-32.2492404],[-58.1583642,-32.2492345],[-58.1583348,-32.2492302],[-58.1583028,-32.2492262],[-58.1582692,-32.2492195],[-58.1582364,-32.2492109],[-58.1582009,-32.2492026],[-58.1581705,-32.2491947],[-58.1581427,-32.2491897],[-58.1581045,-32.249185],[-58.1580682,-32.2491786],[-58.15804,-32.2491747],[-58.1580063,-32.2491713],[-58.1579754,-32.2491677],[-58.1579468,-32.2491647],[-58.1579067,-32.2491583],[-58.1578734,-32.2491539],[-58.1578372,-32.2491476],[-58.1578017,-32.2491393],[-58.1577663,-32.2491277],[-58.1577286,-32.2491121],[-58.1576909,-32.2490932],[-58.1576565,-32.2490698],[-58.1576263,-32.2490454],[-58.1576073,-32.2490254],[-58.1575721,-32.2490006],[-58.1575464,-32.2489842],[-58.1575173,-32.2489668],[-58.1574839,-32.2489502],[-58.1574477,-32.2489373],[-58.1569817,-32.2486188],[-58.1568881,-32.2488058],[-58.1569934,-32.2493931]]]}},{"type":"Feature","properties":{"ID":0,"NCM":"0100010170010000--","SEC":17,"GRU":1,"MANZ":0},"geometry":{"type":"Polygon","coordinates":[[[-58.1787523,-32.2581864],[-58.1786435,-32.2584289],[-58.1784365,-32.2588886],[-58.1780504,-32.2596637],[-58.1778562,-32.2600707],[-58.1768549,-32.2597456],[-58.1764592,-32.2596138],[-58.1754676,-32.2592825],[-58.174188,-32.2588659],[-58.1739181,-32.2587588],[-58.173904,-32.2587339],[-58.1739255,-32.2586607],[-58.1744239,-32.2575071],[-58.1732429,-32.2571223],[-58.1724154,-32.2568578],[-58.1724861,-32.2570752],[-58.1726176,-32.2576882],[-58.1726273,-32.2577271],[-58.1725433,-32.2577719],[-58.1724949,-32.2577921],[-58.1721866,-32.2579689],[-58.1715034,-32.258356],[-58.1698227,-32.2593741],[-58.1689341,-32.259922],[-58.168512,-32.2601749],[-58.1684651,-32.2602229],[-58.1686149,-32.2613355],[-58.1688559,-32.262809],[-58.1690505,-32.2643265],[-58.1692825,-32.265998],[-58.1694727,-32.2673592],[-58.1696437,-32.2686123],[-58.1697919,-32.2696916],[-58.1700702,-32.2715779],[-58.1717032,-32.2714014],[-58.1719545,-32.2713756],[-58.1720127,-32.2713679],[-58.1721463,-32.2713535],[-58.1751484,-32.2710563],[-58.1752827,-32.2710439],[-58.1756825,-32.2710097],[-58.175729,-32.2710125],[-58.175776,-32.2710193],[-58.1758177,-32.2710282],[-58.1758533,-32.2710377],[-58.1772572,-32.2716078],[-58.1780983,-32.2719328],[-58.178112,-32.2719017],[-58.1781097,-32.271901],[-58.1781785,-32.2717417],[-58.1782607,-32.2713585],[-58.1785134,-32.2703395],[-58.1785211,-32.2703178],[-58.1788397,-32.2690569],[-58.1789814,-32.2687559],[-58.1792988,-32.2681096],[-58.1796578,-32.2673722],[-58.1805542,-32.2655188],[-58.1806011,-32.2654382],[-58.1811923,-32.2642067],[-58.1820833,-32.2623585],[-58.1825,-32.2614869],[-58.1787523,-32.2581864]]]}},{"type":"Feature","properties":{"ID":0,"NCM":"0100010180010000--","SEC":18,"GRU":1,"MANZ":0},"geometry":{"type":"Polygon","coordinates":[[[-58.1923166,-32.2687055],[-58.191186,-32.2676397],[-58.1896754,-32.2660913],[-58.1889208,-32.2652812],[-58.1879954,-32.2643482],[-58.1878804,-32.2642905],[-58.1854942,-32.2630952],[-58.185146,-32.2629587],[-58.1842054,-32.2626001],[-58.183191,-32.2622167],[-58.1825933,-32.2615924],[-58.1820341,-32.2627581],[-58.1811177,-32.2646674],[-58.1807406,-32.2654855],[-58.1797456,-32.2675534],[-58.1794473,-32.2681616],[-58.179287,-32.2684899],[-58.179023,-32.2690421],[-58.178886,-32.269538],[-58.1786642,-32.2704862],[-58.1784194,-32.2714367],[-58.1782954,-32.2719545],[-58.1783201,-32.271963],[-58.1831362,-32.2739389],[-58.1843038,-32.2719396],[-58.1855728,-32.2724625],[-58.1844302,-32.2744637],[-58.1864811,-32.2752955],[-58.1889996,-32.2763087],[-58.1973532,-32.2796358],[-58.1978374,-32.2794256],[-58.1993883,-32.2800363],[-58.2012662,-32.2807773],[-58.2050511,-32.282286],[-58.2072268,-32.2770757],[-58.2084061,-32.274238],[-58.2084572,-32.2741165],[-58.2029657,-32.2719495],[-58.2018473,-32.2715081],[-58.200943,-32.271522],[-58.1998834,-32.2715242],[-58.1995068,-32.2714759],[-58.1981513,-32.271253],[-58.197126,-32.2710809],[-58.1970315,-32.2710339],[-58.1964803,-32.2707451],[-58.1958939,-32.2704637],[-58.1952734,-32.2701643],[-58.1946737,-32.2698698],[-58.1941752,-32.2696231],[-58.1936363,-32.269353],[-58.1930115,-32.2690559],[-58.1924465,-32.268779],[-58.1923166,-32.2687055]]]}},{"type":"Feature","properties":{"ID":0,"NCM":"0100010170020000--","SEC":17,"GRU":2,"MANZ":0},"geometry":{"type":"Polygon","coordinates":[[[-58.1407452,-32.2519536],[-58.1376203,-32.2523886],[-58.1377846,-32.2538602],[-58.1378855,-32.2548069],[-58.1379011,-32.2548117],[-58.1381312,-32.2545932],[-58.1391901,-32.2534953],[-58.1402799,-32.2524266],[-58.140324,-32.2523779],[-58.1407452,-32.2519536]]]}},{"type":"Feature","properties":{"ID":0,"NCM":"0100010170020000--","SEC":17,"GRU":2,"MANZ":0},"geometry":{"type":"Polygon","coordinates":[[[-58.1569934,-32.2493931],[-58.1492357,-32.250599],[-58.1496369,-32.2523841],[-58.1502639,-32.2552388],[-58.1539611,-32.2546949],[-58.1554195,-32.2544433],[-58.1568753,-32.2542074],[-58.1581164,-32.2540199],[-58.1575655,-32.251832],[-58.1569934,-32.2493931]]]}},{"type":"Feature","properties":{"ID":0,"NCM":"0100010170020000--","SEC":17,"GRU":2,"MANZ":0},"geometry":{"type":"Polygon","coordinates":[[[-58.1489837,-32.2506825],[-58.1432306,-32.2515737],[-58.1380669,-32.2567353],[-58.1381347,-32.2572221],[-58.1499423,-32.2552768],[-58.1489837,-32.2506825]]]}},{"type":"Feature","properties":{"ID":0,"NCM":"0100010170020000--","SEC":17,"GRU":2,"MANZ":0},"geometry":{"type":"Polygon","coordinates":[[[-58.1581707,-32.2542392],[-58.1570025,-32.2544102],[-58.1569149,-32.2567125],[-58.1568081,-32.256729],[-58.1568958,-32.2544258],[-58.1503247,-32.2553871],[-58.1507019,-32.2572943],[-58.1520145,-32.2571155],[-58.1520378,-32.2572209],[-58.1516483,-32.2572739],[-58.1507343,-32.257398],[-58.1507736,-32.2575787],[-58.1508694,-32.2580187],[-58.1513109,-32.2600475],[-58.1539166,-32.259638],[-58.1565151,-32.2591959],[-58.1565125,-32.2581318],[-58.1566731,-32.258108],[-58.1566875,-32.256846],[-58.1570076,-32.2567984],[-58.1569993,-32.2575196],[-58.1569932,-32.2580604],[-58.158014,-32.2579087],[-58.1586039,-32.257787],[-58.1586028,-32.2578688],[-58.1585899,-32.2588142],[-58.1585894,-32.2588555],[-58.1591871,-32.2587574],[-58.1587731,-32.2572954],[-58.1588766,-32.2572756],[-58.1584899,-32.2556305],[-58.1581707,-32.2542392]]]}},{"type":"Feature","properties":{"ID":0,"NCM":"0100010170020000--","SEC":17,"GRU":2,"MANZ":0},"geometry":{"type":"Polygon","coordinates":[[[-58.1381974,-32.2578616],[-58.1382387,-32.2582344],[-58.138274,-32.2586629],[-58.1383529,-32.2594173],[-58.1386257,-32.2621153],[-58.1468728,-32.2607773],[-58.1510675,-32.2600875],[-58.1501595,-32.2560453],[-58.1500332,-32.255491],[-58.1477089,-32.2558428],[-58.1454341,-32.256197],[-58.1435496,-32.2564852],[-58.1404519,-32.256995],[-58.1392662,-32.2571811],[-58.1381436,-32.2573751],[-58.1381974,-32.2578616]]]}},{"type":"Feature","properties":{"ID":0,"NCM":"0100010170020000--","SEC":17,"GRU":2,"MANZ":0},"geometry":{"type":"Polygon","coordinates":[[[-58.1523726,-32.2648314],[-58.1575859,-32.2648361],[-58.1574439,-32.264156],[-58.1569839,-32.2620941],[-58.1566174,-32.2604511],[-58.1565373,-32.2593201],[-58.1514336,-32.2601718],[-58.1514208,-32.2601713],[-58.1513947,-32.2601812],[-58.1513801,-32.2602011],[-58.1513754,-32.2602251],[-58.1513781,-32.2602501],[-58.151561,-32.261058],[-58.1518292,-32.2622483],[-58.1521429,-32.2636944],[-58.1523317,-32.2644689],[-58.1523603,-32.2646801],[-58.1523726,-32.2648314]]]}},{"type":"Feature","properties":{"ID":0,"NCM":"0100010170020000--","SEC":17,"GRU":2,"MANZ":0},"geometry":{"type":"Polygon","coordinates":[[[-58.1482016,-32.2428965],[-58.1480383,-32.2427678],[-58.1476513,-32.2424891],[-58.147184,-32.2423364],[-58.1466796,-32.2421769],[-58.1462897,-32.2420551],[-58.1462643,-32.2420414],[-58.1462377,-32.2420274],[-58.146214,-32.242013],[-58.1461734,-32.2419935],[-58.1461467,-32.2419829],[-58.1460992,-32.2419543],[-58.1460759,-32.2419389],[-58.1460522,-32.2419246],[-58.1460275,-32.2419123],[-58.1459993,-32.2418989],[-58.1459692,-32.2418875],[-58.1459654,-32.2418861],[-58.1459318,-32.2418756],[-58.1458991,-32.2418632],[-58.145872,-32.2418536],[-58.1458303,-32.2418337],[-58.1457654,-32.2417915],[-58.1457255,-32.2417676],[-58.1456822,-32.2417449],[-58.1456588,-32.241733],[-58.1456158,-32.2417127],[-58.1455362,-32.2416798],[-58.1454952,-32.2416613],[-58.1454652,-32.2416393],[-58.1454505,-32.2416104],[-58.1454424,-32.2415755],[-58.1454385,-32.2415466],[-58.1454377,-32.2415232],[-58.1454411,-32.2414931],[-58.1454427,-32.2414705],[-58.1454315,-32.2414427],[-58.1454173,-32.2414221],[-58.1453971,-32.241387],[-58.1453748,-32.2413535],[-58.145348,-32.2413209],[-58.1453377,-32.2413104],[-58.1453301,-32.2413026],[-58.1453106,-32.2412815],[-58.1452869,-32.2412545],[-58.1452637,-32.241223],[-58.1452439,-32.2411995],[-58.1452207,-32.241168],[-58.1452028,-32.2411497],[-58.1451849,-32.241128],[-58.145168,-32.2411043],[-58.1451434,-32.2410666],[-58.1451216,-32.2410413],[-58.145098,-32.2410236],[-58.1450705,-32.2410116],[-58.1450374,-32.2410001],[-58.144989,-32.2409862],[-58.1449561,-32.2409806],[-58.144927,-32.2409785],[-58.1448943,-32.2409787],[-58.1448595,-32.2409806],[-58.1448313,-32.2409799],[-58.1447945,-32.24098],[-58.1447801,-32.2409818],[-58.1446852,-32.2409969],[-58.1446796,-32.2409975],[-58.1446735,-32.240999],[-58.1446523,-32.241004],[-58.1446401,-32.2410071],[-58.1446292,-32.2410072],[-58.1446215,-32.241006],[-58.1446127,-32.2410044],[-58.1445132,-32.2409735],[-58.1445052,-32.2409698],[-58.1444944,-32.2409665],[-58.1444845,-32.2409611],[-58.1444614,-32.2409516],[-58.1444483,-32.240944],[-58.144436,-32.2409379],[-58.1444273,-32.2409329],[-58.1444213,-32.240931],[-58.1444148,-32.2409302],[-58.144279,-32.2408879],[-58.144269,-32.2408848],[-58.1441954,-32.2408619],[-58.1441779,-32.2408553],[-58.1441675,-32.240851],[-58.1441588,-32.2408459],[-58.1441429,-32.2408387],[-58.1441018,-32.2408109],[-58.144082,-32.2408001],[-58.1440668,-32.2407942],[-58.1440541,-32.2407891],[-58.1440205,-32.2407787],[-58.1440177,-32.2407782],[-58.1439198,-32.2407627],[-58.1438889,-32.2407528],[-58.1438001,-32.2407252],[-58.1437589,-32.2407135],[-58.1437337,-32.2407057],[-58.1436949,-32.2406948],[-58.143551,-32.24065],[-58.1435218,-32.2406421],[-58.1434874,-32.2406337],[-58.1434456,-32.2406265],[-58.1434075,-32.240617],[-58.1433791,-32.2406104],[-58.1433427,-32.2406003],[-58.1433134,-32.2405923],[-58.1432718,-32.2405817],[-58.1431159,-32.2405332],[-58.143082,-32.2405204],[-58.1430446,-32.240503],[-58.1429605,-32.2404583],[-58.1428836,-32.2404159],[-58.1428454,-32.2403971],[-58.1428088,-32.2403811],[-58.1427746,-32.2403658],[-58.1427224,-32.240345],[-58.142694,-32.240335],[-58.1426687,-32.2403214],[-58.1426049,-32.2402611],[-58.142586,-32.2402448],[-58.1425656,-32.2402292],[-58.1425455,-32.2402126],[-58.1425107,-32.2401798],[-58.1424791,-32.2401457],[-58.1424612,-32.2401274],[-58.1424401,-32.240107],[-58.142421,-32.2400849],[-58.1423895,-32.2400508],[-58.142363,-32.2400206],[-58.1423411,-32.2399895],[-58.1423137,-32.2399521],[-58.1423015,-32.2399298],[-58.1422856,-32.2398972],[-58.1422786,-32.2398679],[-58.1422733,-32.2398437],[-58.1422615,-32.2398111],[-58.1422477,-32.2397768],[-58.1422309,-32.2397496],[-58.1422067,-32.2397236],[-58.1421841,-32.2397003],[-58.1421589,-32.2396777],[-58.1421567,-32.2396756],[-58.1421289,-32.2396485],[-58.1421203,-32.2396337],[-58.1421117,-32.2396189],[-58.1420948,-32.2395951],[-58.1420802,-32.2395721],[-58.1420589,-32.2395458],[-58.1420416,-32.2395197],[-58.1420267,-32.2394942],[-58.1420138,-32.2394706],[-58.142003,-32.2394418],[-58.1419827,-32.2393881],[-58.1419675,-32.2393603],[-58.1419565,-32.2393384],[-58.1419396,-32.2393112],[-58.1419275,-32.2392889],[-58.1419182,-32.2392536],[-58.1419142,-32.2392281],[-58.1419076,-32.239196],[-58.1418956,-32.2391703],[-58.1418772,-32.2391404],[-58.1418575,-32.2391134],[-58.1418363,-32.2390964],[-58.1418075,-32.2390748],[-58.1417788,-32.2390404],[-58.1417633,-32.2390102],[-58.141755,-32.2389822],[-58.1417472,-32.2389497],[-58.1417302,-32.2389259],[-58.1417136,-32.2389046],[-58.1416945,-32.2388825],[-58.1416771,-32.2388597],[-58.1416574,-32.2388328],[-58.1416373,-32.2388069],[-58.1416132,-32.2387682],[-58.1415923,-32.2387282],[-58.1415724,-32.2386955],[-58.141558,-32.238669],[-58.1415321,-32.2386344],[-58.1415054,-32.2386018],[-58.1414774,-32.2385688],[-58.1414327,-32.2385179],[-58.1413984,-32.2384807],[-58.1413616,-32.2384461],[-58.1413407,-32.2384189],[-58.141324,-32.2384009],[-58.1413026,-32.2383746],[-58.1412826,-32.238358],[-58.1412584,-32.2383447],[-58.1412232,-32.2383222],[-58.1412053,-32.2383039],[-58.1411708,-32.2382736],[-58.1411478,-32.2382606],[-58.1410805,-32.2382305],[-58.1410476,-32.2382121],[-58.1410168,-32.2381922],[-58.1409959,-32.2381776],[-58.1409726,-32.2381622],[-58.1409601,-32.2381556],[-58.1409417,-32.2381457],[-58.1409077,-32.2381328],[-58.1408746,-32.2381214],[-58.140758,-32.2380851],[-58.1407331,-32.2380774],[-58.1406979,-32.2380676],[-58.1406697,-32.2380669],[-58.1406254,-32.2380623],[-58.1405998,-32.2380555],[-58.1404978,-32.2380238],[-58.1404571,-32.2380204],[-58.1404091,-32.2380309],[-58.1403818,-32.2380375],[-58.140349,-32.2380411],[-58.1402915,-32.2380452],[-58.1402483,-32.2380445],[-58.1402318,-32.2380197],[-58.1402074,-32.2380005],[-58.140164,-32.237994],[-58.1401372,-32.2379961],[-58.1401096,-32.2380002],[-58.1400731,-32.2380062],[-58.1400378,-32.2380091],[-58.1400069,-32.2380145],[-58.13998,-32.2380234],[-58.1399259,-32.2380448],[-58.1398839,-32.2380571],[-58.1398266,-32.2380797],[-58.1397764,-32.2381046],[-58.1397514,-32.2381153],[-58.1397037,-32.2381282],[-58.1396733,-32.2381326],[-58.1396267,-32.2381366],[-58.1395701,-32.2381386],[-58.1394942,-32.2381474],[-58.1394362,-32.2381432],[-58.139398,-32.2381371],[-58.1393177,-32.2381248],[-58.1392886,-32.2381228],[-58.139256,-32.2381195],[-58.1392057,-32.2381132],[-58.1391675,-32.2381105],[-58.1391253,-32.2381136],[-58.1390982,-32.2381167],[-58.1390479,-32.238123],[-58.1390054,-32.2381237],[-58.1389686,-32.2381365],[-58.1389446,-32.2381544],[-58.1389174,-32.238183],[-58.1388917,-32.2382142],[-58.1388673,-32.2382425],[-58.1388465,-32.2382591],[-58.1387977,-32.2382682],[-58.138769,-32.2382686],[-58.1387376,-32.2382657],[-58.1387087,-32.2382602],[-58.1386627,-32.2382471],[-58.1386177,-32.2382284],[-58.13858,-32.2382086],[-58.1385558,-32.2381953],[-58.1385345,-32.2381817],[-58.1385119,-32.2381678],[-58.1384734,-32.2381373],[-58.1384435,-32.2381119],[-58.1384205,-32.2380897],[-58.1383933,-32.2380581],[-58.1383701,-32.2380266],[-58.1383439,-32.2380023],[-58.1383167,-32.23798],[-58.138286,-32.2379566],[-58.1382651,-32.237942],[-58.1382426,-32.237928],[-58.1382164,-32.237911],[-58.1381955,-32.2378984],[-58.1381767,-32.2378821],[-58.1381474,-32.2378522],[-58.1381276,-32.2378287],[-58.1381085,-32.2378101],[-58.1380889,-32.2377924],[-58.1380664,-32.237775],[-58.1380413,-32.2377545],[-58.1380136,-32.2377366],[-58.1379894,-32.2377233],[-58.1379633,-32.2377056],[-58.1379578,-32.237702],[-58.1379287,-32.2376686],[-58.137896,-32.2376434],[-58.1378697,-32.2376318],[-58.1378359,-32.237619],[-58.1377988,-32.237604],[-58.1377619,-32.2375855],[-58.1377266,-32.2375665],[-58.1375994,-32.2374923],[-58.1375637,-32.2374742],[-58.1375202,-32.2374584],[-58.1374951,-32.2374471],[-58.1374657,-32.2374206],[-58.1374491,-32.2373993],[-58.1374361,-32.2373791],[-58.1374166,-32.2373453],[-58.1373952,-32.2373097],[-58.1373668,-32.2372905],[-58.1373333,-32.2372893],[-58.1372669,-32.2373045],[-58.1371994,-32.2373193],[-58.1371576,-32.2373248],[-58.1371272,-32.2373258],[-58.1370817,-32.2373116],[-58.1370779,-32.2372792],[-58.1370726,-32.2372568],[-58.1370493,-32.2372414],[-58.1370065,-32.2372304],[-58.1369681,-32.2372312],[-58.1369417,-32.2372357],[-58.1368769,-32.2372502],[-58.1368422,-32.2372614],[-58.1367982,-32.237272],[-58.1367693,-32.2372792],[-58.1367395,-32.2372884],[-58.1367085,-32.2372972],[-58.1366742,-32.2373074],[-58.1366443,-32.23732],[-58.1365943,-32.2373415],[-58.1365549,-32.2373604],[-58.1365211,-32.2373788],[-58.1364823,-32.2374025],[-58.1364595,-32.2374209],[-58.1364363,-32.2374368],[-58.1363858,-32.2374719],[-58.1363643,-32.2374872],[-58.1363425,-32.2375],[-58.1363193,-32.2375159],[-58.1362927,-32.2375366],[-58.1362686,-32.2375579],[-58.1362461,-32.2375787],[-58.1362256,-32.2375977],[-58.1361958,-32.2376197],[-58.1361665,-32.2376498],[-58.1361489,-32.2376686],[-58.1361142,-32.2377018],[-58.1360939,-32.2377174],[-58.1360667,-32.2377332],[-58.1360379,-32.2377462],[-58.1360048,-32.2377602],[-58.13599,-32.2377681],[-58.1365671,-32.2437397],[-58.1367049,-32.2449671],[-58.1368152,-32.2460093],[-58.1370177,-32.2465227],[-58.1370952,-32.2473383],[-58.1468867,-32.2458183],[-58.1479142,-32.2448722],[-58.1492319,-32.244433],[-58.1488969,-32.2436484],[-58.1482016,-32.2428965]]]}},{"type":"Feature","properties":{"ID":0,"NCM":"0100011020020000--","SEC":102,"GRU":2,"MANZ":0},"geometry":{"type":"Polygon","coordinates":[[[-58.1525936,-32.2421991],[-58.1523754,-32.2424004],[-58.1518003,-32.2429736],[-58.1512673,-32.243513],[-58.1523515,-32.244369],[-58.1531887,-32.2426475],[-58.1525936,-32.2421991]]]}},{"type":"Feature","properties":{"ID":0,"NCM":"0100010170020000--","SEC":17,"GRU":2,"MANZ":0},"geometry":{"type":"Polygon","coordinates":[[[-58.1480963,-32.2466902],[-58.1471452,-32.2476298],[-58.1457371,-32.2490468],[-58.1435355,-32.2512543],[-58.1435611,-32.251376],[-58.148455,-32.2506373],[-58.1489582,-32.25056],[-58.1487657,-32.2496668],[-58.1484814,-32.2484238],[-58.148285,-32.247487],[-58.1480978,-32.2466972],[-58.1480963,-32.2466902]]]}},{"type":"Feature","properties":{"ID":0,"NCM":"0100010170020000--","SEC":17,"GRU":2,"MANZ":0},"geometry":{"type":"Polygon","coordinates":[[[-58.1517705,-32.2453468],[-58.1517396,-32.2453499],[-58.1516981,-32.245353],[-58.1516492,-32.2453584],[-58.1516127,-32.2453652],[-58.1515811,-32.2453789],[-58.1515557,-32.2453934],[-58.1515353,-32.2454116],[-58.1515171,-32.2454371],[-58.1515046,-32.2454675],[-58.1514967,-32.2454993],[-58.1514911,-32.2455285],[-58.151488,-32.2455519],[-58.1514834,-32.2455758],[-58.1514749,-32.2455997],[-58.1514446,-32.2456734],[-58.151433,-32.2456986],[-58.1514202,-32.2457234],[-58.1514046,-32.2457519],[-58.1513883,-32.2457757],[-58.1513658,-32.2458054],[-58.1513366,-32.2458386],[-58.1513043,-32.2458698],[-58.1512686,-32.2458999],[-58.1512333,-32.2459258],[-58.1512025,-32.2459409],[-58.151176,-32.2459518],[-58.1511475,-32.2459643],[-58.151121,-32.2459752],[-58.1510852,-32.2459866],[-58.1510491,-32.2459924],[-58.1510219,-32.2459953],[-58.1509948,-32.245995],[-58.1509581,-32.2459929],[-58.1509268,-32.2459903],[-58.1508812,-32.2459812],[-58.1508119,-32.2459606],[-58.1508092,-32.2459609],[-58.1507745,-32.2459506],[-58.1507383,-32.2459377],[-58.1507026,-32.2459205],[-58.1506566,-32.2458936],[-58.1506313,-32.2458762],[-58.1506065,-32.2458578],[-58.1505599,-32.2458197],[-58.150537,-32.2457997],[-58.1505157,-32.245779],[-58.1504761,-32.2457364],[-58.150454,-32.2457145],[-58.1504346,-32.2456922],[-58.1504133,-32.2456715],[-58.1503928,-32.2456489],[-58.1503745,-32.2456303],[-58.150357,-32.245613],[-58.1503087,-32.2455601],[-58.1502889,-32.2455388],[-58.1502672,-32.2455158],[-58.1502425,-32.2454908],[-58.150215,-32.2454662],[-58.1501868,-32.2454435],[-58.1501569,-32.2454214],[-58.1501306,-32.2454003],[-58.1501045,-32.2453816],[-58.1500548,-32.2453448],[-58.150033,-32.2453284],[-58.1499921,-32.2453019],[-58.1499683,-32.2452872],[-58.1499396,-32.2452687],[-58.1499097,-32.24525],[-58.1498794,-32.2452322],[-58.1498541,-32.245218],[-58.1498307,-32.2452056],[-58.1497885,-32.245182],[-58.1497432,-32.2451565],[-58.1497003,-32.2451283],[-58.1496793,-32.2451133],[-58.1496368,-32.2450811],[-58.1492669,-32.2454998],[-58.1483213,-32.2464424],[-58.1483361,-32.246502],[-58.1492414,-32.2505126],[-58.1568889,-32.2492718],[-58.1567845,-32.2488001],[-58.1568829,-32.2485493],[-58.1565069,-32.2482848],[-58.1563547,-32.247725],[-58.1563652,-32.2476995],[-58.1563706,-32.2476768],[-58.1563734,-32.2476479],[-58.15637,-32.2476183],[-58.1563593,-32.2475875],[-58.1563478,-32.2475588],[-58.1563354,-32.2475386],[-58.1563175,-32.2475189],[-58.1562989,-32.247498],[-58.1562554,-32.2474586],[-58.1562313,-32.2474416],[-58.1562103,-32.2474232],[-58.1561828,-32.2474018],[-58.1561567,-32.2473864],[-58.1561329,-32.2473716],[-58.156103,-32.2473561],[-58.1560754,-32.2473413],[-58.1560408,-32.2473245],[-58.1560047,-32.2473083],[-58.1559728,-32.2472944],[-58.1559304,-32.2472807],[-58.1558888,-32.2472684],[-58.155821,-32.2472504],[-58.1555989,-32.2472198],[-58.1555622,-32.2472145],[-58.1555205,-32.2472087],[-58.1554788,-32.2471996],[-58.1554395,-32.2471913],[-58.1553493,-32.2471645],[-58.1553085,-32.2471502],[-58.1552704,-32.2471356],[-58.1552474,-32.2471222],[-58.1552198,-32.2471041],[-58.1551587,-32.2470573],[-58.155132,-32.2470339],[-58.155106,-32.2470119],[-58.1550796,-32.2469909],[-58.1550254,-32.2469461],[-58.1550009,-32.2469268],[-58.1549819,-32.2469101],[-58.1549521,-32.2468847],[-58.1549255,-32.2468548],[-58.1549028,-32.2468249],[-58.1548758,-32.246796],[-58.1548437,-32.2467699],[-58.1548007,-32.2467451],[-58.1547734,-32.2467326],[-58.1546764,-32.2467038],[-58.1546432,-32.2466961],[-58.1545449,-32.2466703],[-58.1544898,-32.2466561],[-58.1544401,-32.2466414],[-58.1543907,-32.2466289],[-58.1543333,-32.2466141],[-58.1542362,-32.2465853],[-58.1541916,-32.2465677],[-58.1541477,-32.2465514],[-58.1541023,-32.2465357],[-58.1540765,-32.2465258],[-58.1540465,-32.2465136],[-58.1540135,-32.2464994],[-58.1539917,-32.2464909],[-58.1539401,-32.2464511],[-58.1538854,-32.2464067],[-58.153837,-32.2463572],[-58.15381,-32.2463184],[-58.1537306,-32.2462789],[-58.1536417,-32.2462515],[-58.1534848,-32.2462262],[-58.153475,-32.2462195],[-58.1534512,-32.2462048],[-58.1534152,-32.246182],[-58.1533827,-32.2461602],[-58.1533499,-32.2461295],[-58.1533211,-32.2460924],[-58.1532973,-32.2460555],[-58.1532862,-32.2460225],[-58.1532871,-32.2459919],[-58.1532836,-32.2459689],[-58.1532649,-32.2459292],[-58.1532521,-32.2459066],[-58.1532397,-32.2458864],[-58.1532216,-32.2458579],[-58.1532007,-32.2458363],[-58.1531624,-32.2458095],[-58.1531336,-32.2457943],[-58.1531055,-32.2457838],[-58.1530801,-32.2457763],[-58.1530543,-32.2457697],[-58.1530227,-32.2457614],[-58.1529879,-32.2457544],[-58.1529505,-32.2457477],[-58.1529126,-32.245742],[-58.1528767,-32.2457379],[-58.1528439,-32.2457326],[-58.1528118,-32.2457286],[-58.1527748,-32.2457209],[-58.152732,-32.2457115],[-58.1527129,-32.2457064],[-58.1526458,-32.2457019],[-58.1525798,-32.2456871],[-58.152507,-32.2456664],[-58.152393,-32.2456056],[-58.1523215,-32.2455387],[-58.1523099,-32.2455334],[-58.1522783,-32.2455186],[-58.1522523,-32.2455031],[-58.1522281,-32.2454893],[-58.1522067,-32.2454753],[-58.1521661,-32.2454478],[-58.1521297,-32.2454227],[-58.1521003,-32.2453996],[-58.1520763,-32.245376],[-58.1520572,-32.2453607],[-58.1517705,-32.2453468]]]}},{"type":"Feature","properties":{"ID":0,"NCM":"0100010180020000--","SEC":18,"GRU":2,"MANZ":0},"geometry":{"type":"Polygon","coordinates":[[[-58.2005682,-32.2930653],[-58.1978691,-32.2926795],[-58.1974128,-32.2926143],[-58.1951627,-32.2922926],[-58.1942888,-32.2921677],[-58.1945271,-32.2916608],[-58.200779,-32.2925549],[-58.2019391,-32.2897315],[-58.202851,-32.2875272],[-58.200482,-32.2865657],[-58.2005172,-32.2865017],[-58.2028858,-32.2874395],[-58.2039904,-32.284797],[-58.2049932,-32.2824048],[-58.202355,-32.2813602],[-58.1979598,-32.2796418],[-58.1977382,-32.2799751],[-58.1954196,-32.2790242],[-58.1938132,-32.2783938],[-58.1913908,-32.2774219],[-58.1890895,-32.2815983],[-58.1877287,-32.2810523],[-58.1900501,-32.2768771],[-58.1886739,-32.2763191],[-58.1865358,-32.2754594],[-58.1835401,-32.2742479],[-58.1831274,-32.2740802],[-58.1781525,-32.2720891],[-58.1774151,-32.2718083],[-58.1757051,-32.2711274],[-58.1718996,-32.2715293],[-58.1725832,-32.2748085],[-58.1730482,-32.2769532],[-58.1736308,-32.279719],[-58.1738461,-32.2807557],[-58.1740818,-32.2818918],[-58.1746729,-32.2848091],[-58.1747902,-32.285375],[-58.1748295,-32.2859436],[-58.1749725,-32.2898651],[-58.1747883,-32.2937607],[-58.1746389,-32.2947787],[-58.1782176,-32.2956849],[-58.1812549,-32.2975648],[-58.185046,-32.2946723],[-58.1874623,-32.2946044],[-58.1870775,-32.2929399],[-58.1995754,-32.2954693],[-58.2005682,-32.2930653]]]}},{"type":"Feature","properties":{"ID":0,"NCM":"0100010170020000--","SEC":17,"GRU":2,"MANZ":0},"geometry":{"type":"Polygon","coordinates":[[[-58.1386398,-32.2622641],[-58.1387594,-32.2635338],[-58.1389028,-32.2648722],[-58.1389335,-32.2649088],[-58.1410337,-32.2648835],[-58.1411135,-32.2648829],[-58.1432028,-32.264873],[-58.1432457,-32.2648673],[-58.1446707,-32.2648643],[-58.1484207,-32.2648772],[-58.1490187,-32.2648644],[-58.1490028,-32.2647475],[-58.1520933,-32.2647327],[-58.1520206,-32.2643424],[-58.1518848,-32.2637291],[-58.1515855,-32.2624691],[-58.1513447,-32.2613255],[-58.1510929,-32.2602371],[-58.1430811,-32.2615378],[-58.1421794,-32.2616752],[-58.1408525,-32.261893],[-58.1407694,-32.2619151],[-58.1386863,-32.2622511],[-58.1386398,-32.2622641]]]}},{"type":"Feature","properties":{"ID":0,"NCM":"0100010170020000--","SEC":17,"GRU":2,"MANZ":0},"geometry":{"type":"Polygon","coordinates":[[[-58.1467461,-32.2459444],[-58.1422915,-32.2466348],[-58.1418629,-32.2467016],[-58.1390102,-32.2471459],[-58.1371064,-32.2474563],[-58.1373154,-32.2496569],[-58.1376028,-32.2522322],[-58.140926,-32.2517715],[-58.1416591,-32.251033],[-58.1431532,-32.24954],[-58.1445083,-32.2481771],[-58.1457461,-32.2469441],[-58.1467461,-32.2459444]]]}},{"type":"Feature","properties":{"ID":0,"NCM":"0100011020030000--","SEC":102,"GRU":3,"MANZ":0},"geometry":{"type":"Polygon","coordinates":[[[-58.1540148,-32.240982],[-58.1534599,-32.2414072],[-58.1533842,-32.241469],[-58.1531562,-32.2416801],[-58.152704,-32.2420973],[-58.1532577,-32.2425056],[-58.1536434,-32.2417122],[-58.1540148,-32.240982]]]}},{"type":"Feature","properties":{"ID":0,"NCM":"0100010180030000--","SEC":18,"GRU":3,"MANZ":0},"geometry":{"type":"Polygon","coordinates":[[[-58.2159047,-32.3036369],[-58.2159266,-32.3094524],[-58.2144817,-32.3157603],[-58.2144917,-32.3157874],[-58.2145233,-32.3158274],[-58.2145413,-32.3158644],[-58.2146373,-32.3160504],[-58.2146626,-32.3161072],[-58.2146674,-32.3161093],[-58.2146899,-32.31613],[-58.2146981,-32.3161415],[-58.2147329,-32.3161101],[-58.214748,-32.3160806],[-58.2147635,-32.3160578],[-58.2147835,-32.3160304],[-58.214804,-32.3160053],[-58.2148317,-32.315983],[-58.2148617,-32.315963],[-58.2148951,-32.3159386],[-58.2149314,-32.3159134],[-58.2149748,-32.3158871],[-58.2150025,-32.3158648],[-58.2150262,-32.3158439],[-58.2150668,-32.3158162],[-58.2151072,-32.3157912],[-58.2151416,-32.3157665],[-58.2151711,-32.3157398],[-58.215195,-32.3157207],[-58.2152193,-32.3157023],[-58.2152384,-32.3156845],[-58.2152721,-32.3156557],[-58.2152944,-32.3156384],[-58.2153307,-32.3155917],[-58.2153562,-32.3155687],[-58.2153854,-32.3155562],[-58.215419,-32.3155451],[-58.2154484,-32.3155304],[-58.2154738,-32.3155112],[-58.2155055,-32.3154758],[-58.2155164,-32.3154522],[-58.2155209,-32.3154299],[-58.2155219,-32.3154026],[-58.2155222,-32.3153768],[-58.2155257,-32.3153377],[-58.2155287,-32.315323],[-58.2155388,-32.315307],[-58.2155539,-32.3152871],[-58.215571,-32.3152624],[-58.2155843,-32.3152392],[-58.2156045,-32.3152072],[-58.2156301,-32.3151851],[-58.2156664,-32.3151609],[-58.2157019,-32.315131],[-58.2157296,-32.3151041],[-58.2157555,-32.3150739],[-58.2157786,-32.3150428],[-58.2157989,-32.3150109],[-58.2158181,-32.3149813],[-58.2158334,-32.3149533],[-58.2158662,-32.3148924],[-58.2159026,-32.3148081],[-58.2159092,-32.3147856],[-58.2159129,-32.3147621],[-58.2159197,-32.3147315],[-58.2159237,-32.3146999],[-58.2159297,-32.3146635],[-58.2159348,-32.3146295],[-58.2159406,-32.3146013],[-58.2159425,-32.3145745],[-58.2159281,-32.3145482],[-58.215906,-32.3145249],[-58.2158774,-32.3144941],[-58.2158517,-32.3144643],[-58.2158253,-32.3144287],[-58.2158027,-32.3143915],[-58.2157886,-32.3143571],[-58.2157764,-32.3143259],[-58.2157602,-32.3142963],[-58.2157497,-32.3142684],[-58.2157434,-32.3142309],[-58.215741,-32.3141919],[-58.215746,-32.3141579],[-58.2157539,-32.3141248],[-58.2157649,-32.3140845],[-58.2157751,-32.3140385],[-58.2158069,-32.31395],[-58.2158207,-32.3139106],[-58.2160457,-32.3133903],[-58.2161372,-32.3132384],[-58.2161465,-32.3132167],[-58.2161639,-32.3131839],[-58.2161863,-32.3131471],[-58.216233,-32.3130688],[-58.2162582,-32.3130329],[-58.2162873,-32.3129955],[-58.2163202,-32.3129566],[-58.2163542,-32.3129152],[-58.2163832,-32.3128778],[-58.2164045,-32.3128434],[-58.2164245,-32.3128196],[-58.2164367,-32.3127988],[-58.2164492,-32.3127699],[-58.2164924,-32.3126849],[-58.2166111,-32.3124104],[-58.2166197,-32.312383],[-58.2166286,-32.3123475],[-58.2166329,-32.3123078],[-58.2166382,-32.3122657],[-58.2166425,-32.3122261],[-58.2166439,-32.3121855],[-58.2166546,-32.3121014],[-58.2166606,-32.312065],[-58.2166649,-32.3120253],[-58.2166658,-32.312001],[-58.2166592,-32.3119716],[-58.2166533,-32.3119479],[-58.2166485,-32.3119218],[-58.2166419,-32.3118924],[-58.2166307,-32.3118588],[-58.2166223,-32.3118261],[-58.21661,-32.311795],[-58.2166024,-32.311768],[-58.2165965,-32.3117443],[-58.2165892,-32.3117092],[-58.216579,-32.3116732],[-58.2165741,-32.3116471],[-58.2165644,-32.311573],[-58.2165595,-32.3115469],[-58.216555,-32.3115127],[-58.2165466,-32.311428],[-58.216548,-32.3113875],[-58.2165502,-32.3113526],[-58.2165537,-32.3113073],[-58.2165546,-32.3112829],[-58.2165586,-32.3112514],[-58.2165597,-32.3112189],[-58.216564,-32.3111793],[-58.2165732,-32.3111356],[-58.2165884,-32.3110857],[-58.2166046,-32.3110334],[-58.2166257,-32.3109771],[-58.2166447,-32.3109256],[-58.2167114,-32.3107714],[-58.216734,-32.3107266],[-58.2167542,-32.3106946],[-58.2167665,-32.3106738],[-58.2167828,-32.3106434],[-58.2168055,-32.3105985],[-58.2168266,-32.3105422],[-58.216842,-32.3104842],[-58.2168518,-32.3104243],[-58.2168566,-32.3103684],[-58.2168573,-32.3103222],[-58.2168567,-32.3102865],[-58.2168653,-32.3102591],[-58.2168846,-32.3101995],[-58.2168953,-32.3101673],[-58.216905,-32.3101375],[-58.2169154,-32.3101134],[-58.2169219,-32.3100909],[-58.2170042,-32.3099006],[-58.2170124,-32.3098594],[-58.2170198,-32.3098125],[-58.217031,-32.3097121],[-58.2170376,-32.3096595],[-58.2170471,-32.3096078],[-58.2170538,-32.3095552],[-58.2170594,-32.309505],[-58.2170686,-32.3094614],[-58.2170718,-32.3094241],[-58.2170758,-32.3093926],[-58.2170821,-32.3093481],[-58.217083,-32.3093238],[-58.217087,-32.3092922],[-58.2170871,-32.3092622],[-58.2170816,-32.3092304],[-58.2170778,-32.3092019],[-58.2170715,-32.3091644],[-58.2170628,-32.3091398],[-58.2170531,-32.3091176],[-58.2170344,-32.309079],[-58.2170164,-32.309046],[-58.2170067,-32.3090239],[-58.2169962,-32.308996],[-58.21698,-32.3089664],[-58.216966,-32.3089319],[-58.2169511,-32.3088918],[-58.2169356,-32.3088459],[-58.2169264,-32.3088075],[-58.2168981,-32.3087167],[-58.2168869,-32.3086831],[-58.2168803,-32.3086537],[-58.2168755,-32.3086276],[-58.2168688,-32.3085982],[-58.2168661,-32.3085673],[-58.2168626,-32.3085307],[-58.2168574,-32.3084908],[-58.2168478,-32.3083566],[-58.2168436,-32.3083142],[-58.216846,-32.3082713],[-58.2168464,-32.3082331],[-58.2168466,-32.3082031],[-58.216852,-32.308131],[-58.2168601,-32.3080898],[-58.2168711,-32.3080495],[-58.2168777,-32.3080269],[-58.2168817,-32.3079954],[-58.2168859,-32.3079557],[-58.2168838,-32.3079086],[-58.2168798,-32.3078581],[-58.2168723,-32.3078011],[-58.2168724,-32.3077703],[-58.2168409,-32.3075088],[-58.2168622,-32.3074495],[-58.2169502,-32.3073174],[-58.2171419,-32.3071863],[-58.2171744,-32.3071545],[-58.2172169,-32.3071158],[-58.2172534,-32.3070835],[-58.2172889,-32.3070535],[-58.2173364,-32.3070328],[-58.2173858,-32.3070154],[-58.2174825,-32.3069854],[-58.2175215,-32.3069621],[-58.2175503,-32.3069328],[-58.2175537,-32.3069272],[-58.2176285,-32.3068164],[-58.2176399,-32.3067485],[-58.2176113,-32.3066658],[-58.2175156,-32.3065612],[-58.2175076,-32.3065477],[-58.2174786,-32.3065031],[-58.2174531,-32.3064651],[-58.2174321,-32.3064394],[-58.2174084,-32.3064047],[-58.2173877,-32.3063709],[-58.2173697,-32.306338],[-58.2173117,-32.3062488],[-58.2172881,-32.3062141],[-58.2172688,-32.3061917],[-58.2172488,-32.3061636],[-58.2172362,-32.3061405],[-58.2172221,-32.3061061],[-58.2172104,-32.3060587],[-58.2171977,-32.3060137],[-58.2171784,-32.3059394],[-58.2171735,-32.3059132],[-58.217163,-32.3058334],[-58.2171284,-32.305757],[-58.2170982,-32.3056929],[-58.2170823,-32.3056552],[-58.2170614,-32.3055994],[-58.2170494,-32.3055602],[-58.2170446,-32.3055341],[-58.2170387,-32.3055104],[-58.2170285,-32.3054744],[-58.2170191,-32.3054441],[-58.2170146,-32.3054099],[-58.2170235,-32.3053744],[-58.2170491,-32.3053004],[-58.2170907,-32.305204],[-58.217113,-32.3051673],[-58.217141,-32.3051323],[-58.2171589,-32.3051132],[-58.2171807,-32.3050927],[-58.2171996,-32.3050713],[-58.2172196,-32.3050474],[-58.2172424,-32.3050245],[-58.2172623,-32.3050006],[-58.2173079,-32.3049547],[-58.2173357,-32.3049278],[-58.2173652,-32.3049042],[-58.2173937,-32.304883],[-58.2174172,-32.3048658],[-58.2174584,-32.3048376],[-58.2174967,-32.3048085],[-58.2175272,-32.3047825],[-58.2175508,-32.3047653],[-58.2175705,-32.3047495],[-58.2176095,-32.3047262],[-58.2176292,-32.3047105],[-58.2176499,-32.3046923],[-58.2177067,-32.304628],[-58.2177199,-32.3046048],[-58.2177353,-32.3045768],[-58.2177498,-32.3045431],[-58.2177673,-32.3045102],[-58.2179557,-32.3040742],[-58.2179732,-32.3040414],[-58.2179885,-32.3040134],[-58.2180281,-32.3039218],[-58.2180455,-32.303889],[-58.2180517,-32.3038747],[-58.2159047,-32.3036369]]]}},{"type":"Feature","properties":{"ID":0,"NCM":"0100010170030000--","SEC":17,"GRU":3,"MANZ":0},"geometry":{"type":"Polygon","coordinates":[[[-58.1381974,-32.2578616],[-58.1380395,-32.2578817],[-58.137921,-32.2568437],[-58.1364837,-32.258279],[-58.1364009,-32.2583641],[-58.1362829,-32.2584786],[-58.1361745,-32.2585944],[-58.1355476,-32.2592292],[-58.1354978,-32.2592784],[-58.1353936,-32.2593919],[-58.134751,-32.2600234],[-58.1346282,-32.2601411],[-58.1346356,-32.2601431],[-58.1344981,-32.2602591],[-58.1328867,-32.2619449],[-58.1326509,-32.26217],[-58.1319742,-32.2625901],[-58.1319237,-32.2626171],[-58.1314127,-32.2628737],[-58.1312152,-32.2629434],[-58.1295056,-32.2636882],[-58.1288754,-32.263457],[-58.1265042,-32.2640964],[-58.1248624,-32.2643389],[-58.1247221,-32.2643603],[-58.1228735,-32.2644626],[-58.1207583,-32.2645307],[-58.1206984,-32.2645292],[-58.1205979,-32.2645312],[-58.118062,-32.2646367],[-58.1175283,-32.2646835],[-58.1110662,-32.2650867],[-58.1110495,-32.2658955],[-58.1117114,-32.2689867],[-58.1127683,-32.2705432],[-58.11273,-32.2723914],[-58.1134303,-32.2736343],[-58.113755,-32.275488],[-58.1137167,-32.2773361],[-58.1144171,-32.2785791],[-58.1158601,-32.2786066],[-58.1158495,-32.2786432],[-58.1158453,-32.2786766],[-58.1158603,-32.2787095],[-58.1158909,-32.278747],[-58.1159288,-32.2787916],[-58.1159584,-32.2788314],[-58.1159812,-32.2788666],[-58.1159988,-32.2788966],[-58.1160188,-32.2789297],[-58.1160398,-32.2789656],[-58.1160622,-32.2790019],[-58.1160793,-32.2790367],[-58.1160932,-32.2790705],[-58.1161048,-32.2790975],[-58.1161225,-32.2791325],[-58.1161383,-32.2791545],[-58.1161626,-32.2791877],[-58.1161841,-32.2792225],[-58.1162023,-32.27926],[-58.1162103,-32.2792958],[-58.116216,-32.2793334],[-58.1162286,-32.2793669],[-58.1162425,-32.2794007],[-58.1162537,-32.2794374],[-58.1162638,-32.2794751],[-58.116271,-32.2795057],[-58.1162778,-32.27953],[-58.116287,-32.2795575],[-58.116311,-32.2796377],[-58.1163242,-32.2796874],[-58.1163398,-32.2797403],[-58.1163512,-32.2797907],[-58.1163592,-32.2798389],[-58.116374,-32.2798866],[-58.1163861,-32.2799373],[-58.1163999,-32.2799909],[-58.1164124,-32.2800441],[-58.1164281,-32.2800983],[-58.1164444,-32.2801477],[-58.1164608,-32.2801984],[-58.1164758,-32.2802474],[-58.1164907,-32.2803001],[-58.1165064,-32.280358],[-58.1165217,-32.2804132],[-58.1165345,-32.2804604],[-58.1165475,-32.2804964],[-58.1165761,-32.2805779],[-58.1165923,-32.2806273],[-58.1166112,-32.2806775],[-58.1166283,-32.2807283],[-58.1166389,-32.2807773],[-58.1166546,-32.2808228],[-58.1166695,-32.2808718],[-58.1166819,-32.28092],[-58.1166917,-32.2809601],[-58.1166972,-32.2809877],[-58.1167062,-32.2810263],[-58.1167122,-32.2810491],[-58.1167174,-32.2810791],[-58.116724,-32.2811219],[-58.1167324,-32.281169],[-58.1167374,-32.2812175],[-58.1167439,-32.2812603],[-58.1167475,-32.2812998],[-58.1167531,-32.2813324],[-58.1167582,-32.2813661],[-58.1167639,-32.2813988],[-58.1167701,-32.2814316],[-58.1167752,-32.281469],[-58.1167768,-32.2815079],[-58.1167789,-32.2815456],[-58.1167847,-32.2815795],[-58.1167914,-32.2816112],[-58.1167946,-32.2816444],[-58.1168009,-32.2816735],[-58.1168036,-32.2816991],[-58.1168045,-32.2817291],[-58.1168027,-32.2817583],[-58.1168028,-32.2817656],[-58.1168096,-32.2817944],[-58.1168144,-32.2818196],[-58.1168217,-32.2818457],[-58.1168302,-32.2818708],[-58.1168322,-32.281899],[-58.1168289,-32.2819242],[-58.116813,-32.2819582],[-58.1167834,-32.282028],[-58.1167833,-32.282063],[-58.1167929,-32.2821097],[-58.1168041,-32.2821545],[-58.1168204,-32.2821995],[-58.1168356,-32.282233],[-58.1168449,-32.2822596],[-58.1168518,-32.2822817],[-58.1168621,-32.2823112],[-58.1168726,-32.2823557],[-58.1168843,-32.2824081],[-58.1168965,-32.2824644],[-58.1169063,-32.2825212],[-58.1169158,-32.2825717],[-58.1169233,-32.2826216],[-58.1169287,-32.2826733],[-58.1169285,-32.282717],[-58.1169321,-32.2827519],[-58.116939,-32.2827791],[-58.1169499,-32.2828037],[-58.1169588,-32.2828365],[-58.1169636,-32.2828755],[-58.1169594,-32.2829167],[-58.1169488,-32.2829435],[-58.1169295,-32.2829802],[-58.1169108,-32.283007],[-58.1168898,-32.2830269],[-58.1168351,-32.2830326],[-58.1168071,-32.2830291],[-58.1167804,-32.2830259],[-58.1166911,-32.2829985],[-58.1166646,-32.2829917],[-58.1166427,-32.283005],[-58.116634,-32.2830324],[-58.1166434,-32.2830815],[-58.1166432,-32.2831166],[-58.1166412,-32.283156],[-58.1166426,-32.2831927],[-58.1166408,-32.2832247],[-58.1166488,-32.2832509],[-58.1166702,-32.2832838],[-58.1166962,-32.283318],[-58.1167198,-32.2833353],[-58.1167515,-32.2833562],[-58.1167864,-32.2833694],[-58.1168333,-32.28337],[-58.11687,-32.283365],[-58.1169096,-32.2833621],[-58.1169421,-32.2833583],[-58.1169892,-32.2833515],[-58.1170475,-32.2833443],[-58.1171129,-32.2833343],[-58.1171703,-32.2833206],[-58.1172227,-32.2833066],[-58.1172764,-32.283293],[-58.1173228,-32.2832772],[-58.1173671,-32.2832632],[-58.1174194,-32.2832441],[-58.1174703,-32.2832197],[-58.1175296,-32.2831928],[-58.1175931,-32.2831647],[-58.1176597,-32.2831363],[-58.117724,-32.2831097],[-58.1177782,-32.2830862],[-58.117826,-32.283062],[-58.1178707,-32.2830332],[-58.1179775,-32.2829708],[-58.1180327,-32.2829464],[-58.1180813,-32.2829275],[-58.1181283,-32.2829105],[-58.1181736,-32.2828957],[-58.1182198,-32.2828823],[-58.1182693,-32.2828699],[-58.118313,-32.2828607],[-58.1183498,-32.282852],[-58.1183781,-32.2828444],[-58.1184269,-32.2828405],[-58.1184584,-32.2828427],[-58.118495,-32.2828502],[-58.1185277,-32.2828564],[-58.118556,-32.2828626],[-58.1185845,-32.2828701],[-58.1186134,-32.2828802],[-58.1187392,-32.2829187],[-58.1187825,-32.2829295],[-58.1188333,-32.28294],[-58.1188814,-32.2829447],[-58.118925,-32.2829443],[-58.118954,-32.2829369],[-58.1189793,-32.2829259],[-58.1190083,-32.2829148],[-58.1190485,-32.2828983],[-58.1191036,-32.2828813],[-58.1191645,-32.282875],[-58.1192257,-32.28288],[-58.1192758,-32.2828853],[-58.1193195,-32.2828812],[-58.1193598,-32.2828747],[-58.1193925,-32.2828722],[-58.1194491,-32.2828795],[-58.1194873,-32.2828762],[-58.1195296,-32.2828704],[-58.1195699,-32.2828552],[-58.1195985,-32.2828364],[-58.1196168,-32.2828108],[-58.1196274,-32.282784],[-58.1196348,-32.2827562],[-58.119639,-32.2827149],[-58.119632,-32.282669],[-58.1196076,-32.2826277],[-58.1195771,-32.2825833],[-58.1195367,-32.2825309],[-58.1194959,-32.2824758],[-58.1194585,-32.2824218],[-58.119424,-32.2823712],[-58.1193916,-32.2823137],[-58.119362,-32.2822533],[-58.1193357,-32.282199],[-58.1193104,-32.2821562],[-58.1192872,-32.282119],[-58.1192556,-32.2820805],[-58.1192208,-32.2820411],[-58.11919,-32.2819991],[-58.119161,-32.2819527],[-58.1191369,-32.2819002],[-58.1191101,-32.281847],[-58.1190635,-32.2817451],[-58.1190434,-32.2816813],[-58.1190153,-32.2816052],[-58.1189881,-32.2815217],[-58.118955,-32.2814402],[-58.1189222,-32.2813576],[-58.1188912,-32.2812692],[-58.1188599,-32.2811783],[-58.1188422,-32.2810965],[-58.1188372,-32.2810286],[-58.1188365,-32.2809746],[-58.1188338,-32.2809325],[-58.1188242,-32.2808995],[-58.1188184,-32.2808664],[-58.1188112,-32.2808242],[-58.1188091,-32.2807684],[-58.1188124,-32.2806981],[-58.118815,-32.2806175],[-58.1188191,-32.2805349],[-58.118821,-32.2804592],[-58.118824,-32.2804],[-58.1188305,-32.280357],[-58.1188373,-32.2803202],[-58.1188524,-32.280281],[-58.1188715,-32.2802343],[-58.1188924,-32.2801869],[-58.1189116,-32.2801452],[-58.1189296,-32.2801132],[-58.1189499,-32.2800844],[-58.1189767,-32.2800612],[-58.1190034,-32.2800469],[-58.1190378,-32.2800337],[-58.1190839,-32.2800152],[-58.1191476,-32.2799935],[-58.1192204,-32.2799694],[-58.1192935,-32.2799518],[-58.1193695,-32.2799463],[-58.1194423,-32.2799448],[-58.1195073,-32.2799409],[-58.1195661,-32.2799414],[-58.1196179,-32.279946],[-58.1196739,-32.2799494],[-58.1197442,-32.2799521],[-58.119818,-32.2799622],[-58.1199007,-32.2799775],[-58.119984,-32.2799981],[-58.1200683,-32.2800251],[-58.1201521,-32.2800533],[-58.1202373,-32.2800869],[-58.1203056,-32.2801291],[-58.1203392,-32.2801732],[-58.1203506,-32.2802055],[-58.1203597,-32.2802308],[-58.1203656,-32.2802551],[-58.120362,-32.2802966],[-58.1203521,-32.2803198],[-58.1203383,-32.2803507],[-58.1203256,-32.2803806],[-58.1203189,-32.2804085],[-58.1203214,-32.2804356],[-58.1203306,-32.280466],[-58.1203546,-32.2804771],[-58.1203795,-32.2804897],[-58.1204476,-32.2805131],[-58.1204774,-32.2805209],[-58.1205142,-32.2805297],[-58.1205562,-32.2805351],[-58.1205936,-32.2805302],[-58.120631,-32.2805167],[-58.1206674,-32.2805003],[-58.1207054,-32.2804819],[-58.1207449,-32.2804602],[-58.1207839,-32.2804446],[-58.1208271,-32.2804278],[-58.1208715,-32.2804101],[-58.1209187,-32.2803908],[-58.1209682,-32.2803696],[-58.1210153,-32.280349],[-58.1210591,-32.2803274],[-58.1211346,-32.2802917],[-58.1211707,-32.2802727],[-58.1212033,-32.2802514],[-58.1212318,-32.2802276],[-58.1212504,-32.2801995],[-58.1212603,-32.2801762],[-58.1212752,-32.2801307],[-58.1212858,-32.2801039],[-58.1212961,-32.2800795],[-58.1213041,-32.2800557],[-58.1213073,-32.2800204],[-58.1213077,-32.2799967],[-58.1213091,-32.2799709],[-58.1213061,-32.2799224],[-58.1213033,-32.2798977],[-58.1213096,-32.2798621],[-58.1213199,-32.279824],[-58.1213338,-32.2797894],[-58.1213685,-32.2797112],[-58.121389,-32.2796699],[-58.121407,-32.2796379],[-58.1214251,-32.2796159],[-58.1214487,-32.2795968],[-58.1214835,-32.2795774],[-58.1215364,-32.2795586],[-58.1215916,-32.2795379],[-58.1216526,-32.2795191],[-58.1217114,-32.279502],[-58.1217667,-32.2794915],[-58.1218303,-32.2794821],[-58.1218736,-32.2794653],[-58.1218974,-32.2794526],[-58.1219199,-32.2794395],[-58.1219416,-32.2794249],[-58.1219598,-32.2794079],[-58.1219764,-32.279388],[-58.1219988,-32.2793473],[-58.1220313,-32.2792708],[-58.1220423,-32.2792379],[-58.1220424,-32.2792116],[-58.1220401,-32.2791771],[-58.1220347,-32.279143],[-58.1220287,-32.2791086],[-58.1220198,-32.2790758],[-58.1220075,-32.2790457],[-58.1219908,-32.2790156],[-58.1219704,-32.2789856],[-58.1219491,-32.2789628],[-58.121927,-32.2789385],[-58.1218966,-32.2789129],[-58.1218645,-32.2788793],[-58.1218288,-32.2788471],[-58.1217963,-32.2788246],[-58.1217648,-32.2788137],[-58.1217291,-32.278799],[-58.1216829,-32.2787811],[-58.1216451,-32.2787608],[-58.1216216,-32.2787486],[-58.1215812,-32.2787136],[-58.1215265,-32.2786619],[-58.1215003,-32.2786438],[-58.1214787,-32.2786234],[-58.1214519,-32.2785964],[-58.1214222,-32.2785623],[-58.1213905,-32.2785188],[-58.1213607,-32.2784659],[-58.1213344,-32.2784115],[-58.1213148,-32.2783605],[-58.1213029,-32.2783243],[-58.1212976,-32.2782951],[-58.1212932,-32.2782725],[-58.1212924,-32.2782484],[-58.121298,-32.2782039],[-58.1213178,-32.2781573],[-58.1213405,-32.2781142],[-58.1213553,-32.278095],[-58.1213799,-32.2780612],[-58.1214027,-32.2780319],[-58.1214359,-32.277997],[-58.1214562,-32.2779769],[-58.1214763,-32.2779556],[-58.1214942,-32.277936],[-58.1215093,-32.2779144],[-58.1215249,-32.2778916],[-58.1215413,-32.2778703],[-58.1215703,-32.2778367],[-58.1216067,-32.2778065],[-58.1216338,-32.277786],[-58.1216606,-32.2777679],[-58.1216855,-32.2777543],[-58.1217344,-32.277738],[-58.1217845,-32.2777433],[-58.1218172,-32.2777583],[-58.1218364,-32.2777755],[-58.1218635,-32.277795],[-58.1218935,-32.277818],[-58.121926,-32.2778404],[-58.1219591,-32.2778631],[-58.121993,-32.2778873],[-58.1220265,-32.2779125],[-58.1220668,-32.2779374],[-58.1221057,-32.2779619],[-58.1221504,-32.2779781],[-58.1221931,-32.2779886],[-58.1222258,-32.2779949],[-58.1222554,-32.2779964],[-58.1222891,-32.2779967],[-58.1223482,-32.2779998],[-58.1223779,-32.2779976],[-58.1224101,-32.2779912],[-58.1224475,-32.2779864],[-58.1224829,-32.277981],[-58.1225237,-32.2779735],[-58.122569,-32.2779673],[-58.1226114,-32.2779578],[-58.1226495,-32.2779494],[-58.1226789,-32.2779409],[-58.1227099,-32.2779304],[-58.1227438,-32.2779182],[-58.1228191,-32.27789],[-58.1228531,-32.2778741],[-58.1228779,-32.2778592],[-58.1229121,-32.2778221],[-58.1229342,-32.2777925],[-58.1229645,-32.2777505],[-58.1229815,-32.2777244],[-58.1229987,-32.2776959],[-58.1230138,-32.2776742],[-58.1230387,-32.2776611],[-58.123061,-32.2776274],[-58.1230856,-32.2776161],[-58.1231127,-32.2776131],[-58.1231451,-32.277608],[-58.1231879,-32.2776061],[-58.1232172,-32.2776064],[-58.1232579,-32.2776113],[-58.1232867,-32.2776214],[-58.1233747,-32.2776659],[-58.1234213,-32.2776914],[-58.1234469,-32.2777005],[-58.1235248,-32.2777269],[-58.1235907,-32.277747],[-58.1236251,-32.2777563],[-58.1236547,-32.2777629],[-58.1236908,-32.2777714],[-58.1237281,-32.2777791],[-58.1237873,-32.2777872],[-58.1238267,-32.277788],[-58.1238549,-32.2777929],[-58.1238903,-32.2778013],[-58.1239301,-32.2778134],[-58.1239686,-32.2778303],[-58.124005,-32.2778539],[-58.1240411,-32.27788],[-58.1240779,-32.2779113],[-58.1241153,-32.2779465],[-58.1241535,-32.2779832],[-58.1241962,-32.2780214],[-58.1242539,-32.2780678],[-58.1243186,-32.2781252],[-58.1243843,-32.2781891],[-58.1244425,-32.2782482],[-58.1244821,-32.2782904],[-58.1245046,-32.2783136],[-58.1245281,-32.2783346],[-58.1245515,-32.2783542],[-58.1245729,-32.2783733],[-58.1245968,-32.2783931],[-58.1246238,-32.2784164],[-58.1246564,-32.2784402],[-58.1246867,-32.2784645],[-58.1247178,-32.2784865],[-58.1247566,-32.2785009],[-58.1248045,-32.2785131],[-58.1248587,-32.2785209],[-58.1249112,-32.278522],[-58.1249519,-32.2785182],[-58.1250062,-32.2785047],[-58.1250307,-32.2784922],[-58.1250611,-32.2784778],[-58.1251016,-32.2784639],[-58.1251512,-32.2784565],[-58.1252119,-32.2784488],[-58.1252771,-32.2784375],[-58.1253434,-32.2784253],[-58.125406,-32.2784132],[-58.1254601,-32.2784022],[-58.1255139,-32.2783986],[-58.1255745,-32.2784085],[-58.1256409,-32.2784275],[-58.1257036,-32.278448],[-58.1257622,-32.2784697],[-58.1258734,-32.2785062],[-58.1259281,-32.278523],[-58.1259817,-32.2785357],[-58.1260297,-32.2785441],[-58.1260666,-32.2785491],[-58.1260973,-32.2785498],[-58.1261265,-32.2785487],[-58.1261583,-32.2785534],[-58.1261992,-32.2785647],[-58.1262433,-32.2785807],[-58.1262868,-32.2785978],[-58.1263232,-32.2786127],[-58.1264582,-32.278654],[-58.1264851,-32.2786635],[-58.1266215,-32.2786928],[-58.126664,-32.278702],[-58.1267142,-32.2786999],[-58.1267473,-32.278695],[-58.1267843,-32.2786876],[-58.1268141,-32.2786867],[-58.1268434,-32.2786907],[-58.1268857,-32.2786986],[-58.1269325,-32.2787117],[-58.1269659,-32.2787232],[-58.1270032,-32.2787308],[-58.1270399,-32.2787346],[-58.1270733,-32.2787253],[-58.1271113,-32.2787364],[-58.1272006,-32.2787638],[-58.1272921,-32.278798],[-58.1273899,-32.2788455],[-58.1274959,-32.2788942],[-58.1276043,-32.2789374],[-58.1277112,-32.2789614],[-58.1278102,-32.2789592],[-58.1278933,-32.2789333],[-58.1279681,-32.2789012],[-58.1280357,-32.2788668],[-58.128099,-32.2788323],[-58.1281574,-32.2787989],[-58.1282139,-32.2787699],[-58.1282713,-32.2787387],[-58.1283996,-32.2786741],[-58.1284695,-32.2786379],[-58.1285468,-32.2785965],[-58.1286338,-32.2785581],[-58.1287273,-32.2785216],[-58.1288226,-32.2784932],[-58.1289221,-32.2784724],[-58.1290247,-32.2784562],[-58.1291318,-32.2784452],[-58.12924,-32.2784383],[-58.1293458,-32.2784356],[-58.1294173,-32.2784334],[-58.1295733,-32.2783867],[-58.1296923,-32.2783779],[-58.1297048,-32.2783781],[-58.1298921,-32.2783985],[-58.1299046,-32.2783987],[-58.129917,-32.2784024],[-58.1301616,-32.2784591],[-58.1302674,-32.278465],[-58.1303907,-32.2784765],[-58.1305016,-32.2784929],[-58.1305783,-32.2785102],[-58.1307572,-32.2785224],[-58.1308643,-32.2785289],[-58.1309735,-32.2785335],[-58.1310804,-32.278535],[-58.1311857,-32.2785334],[-58.1314047,-32.2785191],[-58.1315108,-32.2785191],[-58.1316994,-32.2785243],[-58.131773,-32.2785243],[-58.1318306,-32.2785206],[-58.1318811,-32.2785161],[-58.1319419,-32.2785134],[-58.1320195,-32.2785146],[-58.132111,-32.2785264],[-58.1322133,-32.278544],[-58.1323222,-32.2785598],[-58.1324312,-32.2785669],[-58.1325354,-32.2785662],[-58.132632,-32.2785608],[-58.1327305,-32.2785509],[-58.1328244,-32.2785396],[-58.1329176,-32.2785318],[-58.1330103,-32.2785302],[-58.1330965,-32.2785303],[-58.1331715,-32.2785357],[-58.1332368,-32.2785432],[-58.1333007,-32.278549],[-58.1333799,-32.2785532],[-58.1334862,-32.2785545],[-58.1335995,-32.2785479],[-58.1337064,-32.2785355],[-58.133802,-32.2785272],[-58.1338848,-32.2785213],[-58.1339493,-32.2785185],[-58.1339951,-32.27852],[-58.1340313,-32.2785198],[-58.1340649,-32.2785189],[-58.1341049,-32.2785148],[-58.1341575,-32.2785072],[-58.1342218,-32.2784943],[-58.1342983,-32.2784827],[-58.1343865,-32.2784709],[-58.1344781,-32.2784564],[-58.1345677,-32.2784413],[-58.1346548,-32.2784254],[-58.134739,-32.2784074],[-58.1348335,-32.2783862],[-58.1349403,-32.2783601],[-58.1350547,-32.2783301],[-58.1351743,-32.2782966],[-58.1352886,-32.2782615],[-58.1353919,-32.278228],[-58.1354871,-32.2781946],[-58.1355733,-32.2781634],[-58.1357183,-32.2781064],[-58.135784,-32.2780852],[-58.1359209,-32.2780508],[-58.136004,-32.2780337],[-58.1360889,-32.2780159],[-58.1361708,-32.2779947],[-58.1362459,-32.2779688],[-58.136311,-32.2779387],[-58.1363678,-32.2779073],[-58.1364236,-32.277878],[-58.1364736,-32.2778558],[-58.1365223,-32.2778382],[-58.1365667,-32.2778205],[-58.1366142,-32.2777987],[-58.1366606,-32.2777779],[-58.1367142,-32.2777592],[-58.1367766,-32.2777458],[-58.1368452,-32.2777368],[-58.1369191,-32.2777294],[-58.1370871,-32.2777119],[-58.137176,-32.2777004],[-58.1372533,-32.2776865],[-58.137312,-32.2776732],[-58.1379084,-32.2776254],[-58.1379489,-32.2777373],[-58.138177,-32.2785567],[-58.1381874,-32.2785837],[-58.138203,-32.2786173],[-58.1382218,-32.2786332],[-58.1382489,-32.2786454],[-58.1399727,-32.2780354],[-58.1423449,-32.2771918],[-58.1424561,-32.2771678],[-58.1444713,-32.2764401],[-58.1445251,-32.2764332],[-58.1461656,-32.2755308],[-58.1462684,-32.2754667],[-58.1462917,-32.2754503],[-58.1484395,-32.2742377],[-58.148571,-32.2741888],[-58.1486001,-32.2741829],[-58.1502164,-32.2732742],[-58.1501253,-32.272751],[-58.1506668,-32.272683],[-58.151938,-32.2725022],[-58.1520158,-32.2724912],[-58.1520014,-32.2724245],[-58.1520118,-32.2723952],[-58.1519359,-32.2714915],[-58.1518403,-32.2704292],[-58.1518429,-32.2703885],[-58.1518428,-32.2703861],[-58.1518247,-32.2702149],[-58.1516318,-32.2688716],[-58.1521744,-32.2648309],[-58.1490363,-32.2648016],[-58.1490542,-32.2648943],[-58.1388616,-32.2649266],[-58.1381974,-32.2578616]]]}},{"type":"Feature","properties":{"ID":0,"NCM":"0100010180030000--","SEC":18,"GRU":3,"MANZ":0},"geometry":{"type":"Polygon","coordinates":[[[-58.1875304,-32.2931553],[-58.187682,-32.2939917],[-58.1872548,-32.2954615],[-58.1873454,-32.2963599],[-58.1873288,-32.2972275],[-58.1873035,-32.2990632],[-58.1885837,-32.3020561],[-58.1888141,-32.3019193],[-58.1888381,-32.3019302],[-58.1888737,-32.3019523],[-58.1889139,-32.3019785],[-58.1889445,-32.3020045],[-58.1889646,-32.3020327],[-58.1889836,-32.3020633],[-58.1889941,-32.3020912],[-58.1890081,-32.3021257],[-58.1890201,-32.3021651],[-58.1890296,-32.3021954],[-58.1890369,-32.3022305],[-58.1890407,-32.3022591],[-58.1890367,-32.3022907],[-58.1890295,-32.3023296],[-58.1890198,-32.3023594],[-58.1890073,-32.3023883],[-58.1890111,-32.3024169],[-58.1890215,-32.3024448],[-58.189038,-32.3024664],[-58.1890552,-32.3024936],[-58.1890706,-32.3025176],[-58.1890818,-32.3025513],[-58.1890895,-32.3025783],[-58.1890968,-32.3026134],[-58.18912,-32.3026344],[-58.189151,-32.3026523],[-58.1892462,-32.302693],[-58.1892665,-32.302713],[-58.1892837,-32.3027403],[-58.1892953,-32.3027658],[-58.1892983,-32.3027886],[-58.1893046,-32.3028262],[-58.1893058,-32.3028978],[-58.1893078,-32.302923],[-58.1893115,-32.3029516],[-58.1893135,-32.3029768],[-58.1893173,-32.3030054],[-58.189322,-32.3030315],[-58.1893343,-32.3030628],[-58.1893536,-32.3030852],[-58.1893761,-32.3031004],[-58.1893946,-32.3031172],[-58.1894188,-32.3031357],[-58.1894413,-32.3031509],[-58.1894753,-32.3031616],[-58.1895019,-32.3031671],[-58.1895815,-32.303192],[-58.1896191,-32.3032092],[-58.1896529,-32.303228],[-58.1896743,-32.3032456],[-58.189705,-32.3032716],[-58.189864,-32.3033213],[-58.189895,-32.3033392],[-58.1899179,-32.3033682],[-58.1899343,-32.3033898],[-58.1899559,-32.3034294],[-58.1899728,-32.3034648],[-58.1899918,-32.3034953],[-58.1900168,-32.3035196],[-58.1900456,-32.3035423],[-58.1900737,-32.3035593],[-58.1900997,-32.3035811],[-58.1901264,-32.3036387],[-58.1901487,-32.303684],[-58.1901835,-32.3037004],[-58.1902342,-32.3037025],[-58.1902777,-32.3036914],[-58.1903155,-32.3036786],[-58.1903776,-32.3036542],[-58.1904193,-32.3036398],[-58.1904522,-32.3036309],[-58.1904819,-32.3036292],[-58.1905279,-32.3036272],[-58.1905804,-32.3036326],[-58.1906571,-32.3036566],[-58.1906816,-32.303667],[-58.1907203,-32.3036818],[-58.1907541,-32.3037006],[-58.1907812,-32.30372],[-58.1907948,-32.3037406],[-58.1908045,-32.3037628],[-58.1908122,-32.3037899],[-58.1908234,-32.3038235],[-58.1908287,-32.3038635],[-58.19083,-32.303905],[-58.1908345,-32.3039393],[-58.1908373,-32.3039702],[-58.1908353,-32.303997],[-58.1908345,-32.3040214],[-58.1908358,-32.3040629],[-58.1908375,-32.3040963],[-58.1908389,-32.3041378],[-58.1908423,-32.3041744],[-58.1908461,-32.304203],[-58.1908594,-32.3042318],[-58.190873,-32.3042525],[-58.1908941,-32.3042782],[-58.1909284,-32.3043108],[-58.1909575,-32.3043254],[-58.1910015,-32.3043282],[-58.1910354,-32.3043169],[-58.1910606,-32.3042809],[-58.1910767,-32.3042586],[-58.1910947,-32.3042395],[-58.1911353,-32.3042276],[-58.1911704,-32.3042358],[-58.1912358,-32.3042562],[-58.1912804,-32.3042647],[-58.191303,-32.3042498],[-58.1913052,-32.3042149],[-58.191311,-32.3041866],[-58.1913427,-32.3041582],[-58.1913724,-32.3041565],[-58.1913977,-32.3041726],[-58.1914203,-32.3042098],[-58.1914326,-32.304241],[-58.1914505,-32.304274],[-58.1914745,-32.3043006],[-58.1915015,-32.30432],[-58.1915325,-32.3043379],[-58.1915709,-32.3043609],[-58.191614,-32.304388],[-58.1916477,-32.3044068],[-58.191673,-32.3044229],[-58.1917025,-32.3044293],[-58.1917322,-32.3044277],[-58.1917757,-32.3044166],[-58.1917993,-32.3043993],[-58.1918296,-32.3043814],[-58.1918664,-32.304371],[-58.1919,-32.3043678],[-58.1919297,-32.3043661],[-58.1920024,-32.3043697],[-58.1920489,-32.3043814],[-58.1920847,-32.3043954],[-58.1921033,-32.3044121],[-58.1921295,-32.3044559],[-58.1921435,-32.3044904],[-58.1921615,-32.3045234],[-58.1921784,-32.3045588],[-58.1921979,-32.3046032],[-58.1922163,-32.30465],[-58.1922389,-32.3046872],[-58.1922634,-32.3046976],[-58.1923162,-32.3046949],[-58.1923516,-32.304695],[-58.1923891,-32.3046903],[-58.1924209,-32.3046838],[-58.1924747,-32.3046787],[-58.1924843,-32.3046789],[-58.1925109,-32.3046845],[-58.1925538,-32.3046897],[-58.1926062,-32.3046951],[-58.1926367,-32.3046992],[-58.1926633,-32.3047047],[-58.1927062,-32.3047099],[-58.1927455,-32.3047085],[-58.1927763,-32.3047044],[-58.1928049,-32.3046991],[-58.1844516,-32.3108585],[-58.1864487,-32.3128502],[-58.1955283,-32.3061197],[-58.1968821,-32.3060112],[-58.1968904,-32.3060301],[-58.196903,-32.3060532],[-58.1969205,-32.3060723],[-58.1969416,-32.3060981],[-58.1969688,-32.3061394],[-58.1969785,-32.3061616],[-58.1969939,-32.3061856],[-58.1970109,-32.306221],[-58.1970374,-32.3062567],[-58.1970685,-32.3062965],[-58.1970875,-32.3063271],[-58.1971039,-32.3063487],[-58.1971214,-32.3063678],[-58.197134,-32.3063909],[-58.1971612,-32.3064323],[-58.1972139,-32.3065117],[-58.1972438,-32.306532],[-58.197273,-32.3065466],[-58.1973923,-32.3065838],[-58.1974183,-32.3066056],[-58.1974368,-32.3066224],[-58.1974889,-32.306666],[-58.1975064,-32.3066851],[-58.1975257,-32.3067076],[-58.1975471,-32.3067252],[-58.1975904,-32.3067442],[-58.1976756,-32.3067708],[-58.1977051,-32.3067773],[-58.1977469,-32.3067849],[-58.1977803,-32.3067898],[-58.1978221,-32.3067974],[-58.1979022,-32.306806],[-58.197932,-32.3068043],[-58.197979,-32.3067999],[-58.1980339,-32.3067923],[-58.1980608,-32.3067898],[-58.1981089,-32.3067829],[-58.1981539,-32.3067832],[-58.1981883,-32.3067858],[-58.1982188,-32.3067898],[-58.1982521,-32.3067947],[-58.1982929,-32.3068047],[-58.1983582,-32.3068251],[-58.1983967,-32.3068481],[-58.1984152,-32.3068648],[-58.1984327,-32.306884],[-58.1984602,-32.3069172],[-58.1985009,-32.3069573],[-58.1985202,-32.3069798],[-58.1985424,-32.3070031],[-58.1985617,-32.3070256],[-58.1985845,-32.3070546],[-58.1986046,-32.3070828],[-58.1986187,-32.3071173],[-58.1986377,-32.3071479],[-58.1986492,-32.3071734],[-58.1986636,-32.3071998],[-58.1986772,-32.3072204],[-58.1987011,-32.3072471],[-58.1987379,-32.3072887],[-58.1987688,-32.3073367],[-58.1987785,-32.3073589],[-58.1987944,-32.3073967],[-58.1988017,-32.3074318],[-58.1988024,-32.3074676],[-58.198804,-32.307501],[-58.1988075,-32.3075377],[-58.1988105,-32.3075605],[-58.1988153,-32.3075867],[-58.1988173,-32.3076119],[-58.1988203,-32.3076348],[-58.1988251,-32.3076609],[-58.1988404,-32.307715],[-58.1988462,-32.3077387],[-58.1988578,-32.3077642],[-58.1988679,-32.3078002],[-58.198882,-32.3078348],[-58.1988954,-32.3078636],[-58.1989058,-32.3078915],[-58.1989145,-32.3079161],[-58.198925,-32.307944],[-58.1989344,-32.3079744],[-58.1989442,-32.3079966],[-58.1989533,-32.308035],[-58.198961,-32.308062],[-58.1989743,-32.3080909],[-58.198984,-32.3081131],[-58.1989999,-32.3081509],[-58.1990096,-32.3081731],[-58.1990212,-32.3081986],[-58.1990353,-32.3082331],[-58.1990514,-32.3082628],[-58.1990665,-32.3082949],[-58.1990824,-32.3083327],[-58.1991219,-32.3084053],[-58.1991335,-32.3084308],[-58.199146,-32.3084539],[-58.199158,-32.3084932],[-58.1991685,-32.3085211],[-58.1991833,-32.3085614],[-58.1991974,-32.3085959],[-58.1992188,-32.3086135],[-58.1992526,-32.3086323],[-58.1992828,-32.3086444],[-58.19976,-32.3087934],[-58.199792,-32.3088089],[-58.1998162,-32.3088274],[-58.1998386,-32.3088426],[-58.1998678,-32.3088572],[-58.1999956,-32.3088971],[-58.2000315,-32.308911],[-58.2000571,-32.308919],[-58.2000844,-32.3089303],[-58.2001203,-32.3089442],[-58.2001438,-32.308957],[-58.2001683,-32.3089674],[-58.200226,-32.3090128],[-58.2002521,-32.3090346],[-58.2002784,-32.3090483],[-58.2003246,-32.3090682],[-58.200347,-32.3090835],[-58.2003733,-32.3090971],[-58.2004071,-32.3091159],[-58.2004484,-32.3091397],[-58.2004829,-32.3091642],[-58.2005118,-32.3091869],[-58.2005332,-32.3092045],[-58.2005556,-32.3092198],[-58.2005976,-32.3092493],[-58.2006276,-32.3092696],[-58.2006564,-32.3092923],[-58.2006835,-32.3093117],[-58.2007077,-32.3093302],[-58.2007835,-32.3093785],[-58.2008127,-32.3093931],[-58.2008408,-32.3094101],[-58.2008707,-32.3094304],[-58.2009017,-32.3094483],[-58.2009344,-32.3094694],[-58.2009615,-32.3094888],[-58.2009857,-32.3095074],[-58.2010128,-32.3095268],[-58.2010427,-32.3095471],[-58.2010612,-32.3095638],[-58.2010787,-32.309583],[-58.2010991,-32.309603],[-58.2011294,-32.3096371],[-58.2011573,-32.3096622],[-58.2011936,-32.30969],[-58.2012322,-32.3097349],[-58.2012618,-32.3097633],[-58.2012843,-32.3097785],[-58.2013145,-32.3097907],[-58.2013493,-32.3098071],[-58.2013937,-32.3098237],[-58.2015045,-32.3098582],[-58.2015311,-32.3098638],[-58.2015673,-32.3098696],[-58.201596,-32.3098704],[-58.2016632,-32.309864],[-58.2017,-32.3098536],[-58.2017325,-32.3098528],[-58.2017804,-32.309854],[-58.201808,-32.3098572],[-58.2018491,-32.309859],[-58.2018778,-32.3098598],[-58.2019274,-32.3098643],[-58.201959,-32.309866],[-58.2019877,-32.3098667],[-58.2020203,-32.3098659],[-58.2020539,-32.3098627],[-58.2020971,-32.3098598],[-58.2021442,-32.3098553],[-58.2021855,-32.3098491],[-58.2022927,-32.309825],[-58.2023351,-32.3098163],[-58.2023843,-32.309807],[-58.2024317,-32.3097944],[-58.2024741,-32.3097858],[-58.2025109,-32.3097754],[-58.2025455,-32.3097698],[-58.2025773,-32.3097633],[-58.2026208,-32.3097522],[-58.2026583,-32.3097475],[-58.2026891,-32.3097434],[-58.2027615,-32.309755],[-58.2028226,-32.309767],[-58.2028637,-32.3097725],[-58.2029154,-32.3097698],[-58.2029565,-32.3097736],[-58.2029965,-32.3097778],[-58.2030301,-32.3097809],[-58.2030682,-32.3097795],[-58.203113,-32.3097816],[-58.2031681,-32.3097878],[-58.2032173,-32.3097899],[-58.2032722,-32.309793],[-58.2033285,-32.3097988],[-58.203391,-32.3098124],[-58.203448,-32.3098274],[-58.2035559,-32.3098611],[-58.20359,-32.3098871],[-58.2036218,-32.3099267],[-58.2036464,-32.3099553],[-58.2036834,-32.3099935],[-58.2037264,-32.3100374],[-58.2037645,-32.3100805],[-58.203796,-32.3101208],[-58.2038162,-32.3101454],[-58.2038343,-32.3101653],[-58.2038545,-32.3101928],[-58.2038733,-32.310223],[-58.2038898,-32.3102446],[-58.2039108,-32.3102788],[-58.2039376,-32.3103157],[-58.2039641,-32.3103477],[-58.2039958,-32.3103845],[-58.2040249,-32.3104172],[-58.204051,-32.3104422],[-58.2040848,-32.3104651],[-58.2041203,-32.3104871],[-58.2041557,-32.3105112],[-58.2042026,-32.3105338],[-58.2042597,-32.3105683],[-58.204305,-32.310593],[-58.2043503,-32.3106154],[-58.2043951,-32.3106405],[-58.2044443,-32.3106673],[-58.204487,-32.3106985],[-58.2045287,-32.3107344],[-58.2045766,-32.3107794],[-58.2046027,-32.3108228],[-58.2046334,-32.310865],[-58.2046439,-32.3108987],[-58.2046632,-32.3109427],[-58.204674,-32.310975],[-58.2047029,-32.3110279],[-58.2047161,-32.3110425],[-58.2047324,-32.3110572],[-58.204762,-32.3110809],[-58.2047961,-32.3110992],[-58.2048439,-32.3111283],[-58.2048636,-32.3111417],[-58.2048839,-32.3111503],[-58.2049131,-32.3111623],[-58.204952,-32.3111832],[-58.2049834,-32.3112006],[-58.2050142,-32.3112128],[-58.2050662,-32.3112348],[-58.2050982,-32.3112533],[-58.2051578,-32.3112825],[-58.2052199,-32.3113125],[-58.205294,-32.3113409],[-58.2053478,-32.3113577],[-58.2053801,-32.3113808],[-58.2054105,-32.3114014],[-58.2054952,-32.3114661],[-58.2055446,-32.3114996],[-58.2055961,-32.311527],[-58.205617,-32.3115442],[-58.2056452,-32.3115583],[-58.2056779,-32.3115826],[-58.2057177,-32.3116056],[-58.2057883,-32.3116502],[-58.2058593,-32.3117045],[-58.2059216,-32.3117363],[-58.2059878,-32.3117596],[-58.206079,-32.311788],[-58.2061233,-32.3118046],[-58.2062533,-32.3118451],[-58.2062838,-32.3118604],[-58.2063178,-32.3118736],[-58.2064127,-32.3119128],[-58.2065336,-32.3119571],[-58.2066241,-32.3119854],[-58.2066523,-32.3119916],[-58.2067021,-32.3120043],[-58.2067415,-32.312014],[-58.2067859,-32.3120227],[-58.2068046,-32.3120248],[-58.2020965,-32.3015159],[-58.2017777,-32.3007737],[-58.1995347,-32.2956154],[-58.1922138,-32.2941399],[-58.1875304,-32.2931553]]]}},{"type":"Feature","properties":{"ID":0,"NCM":"0100010170030000--","SEC":17,"GRU":3,"MANZ":0},"geometry":{"type":"Polygon","coordinates":[[[-58.130275,-32.237274],[-58.1302715,-32.2372642],[-58.130238,-32.2372284],[-58.1302237,-32.2372078],[-58.130209,-32.2371882],[-58.1301824,-32.2371742],[-58.1301543,-32.2371666],[-58.1301159,-32.2371547],[-58.1300584,-32.2371368],[-58.1300072,-32.2371198],[-58.1299436,-32.2371],[-58.1298914,-32.2370792],[-58.1298638,-32.2370579],[-58.1298326,-32.2370008],[-58.1298194,-32.2369713],[-58.1298036,-32.2369479],[-58.1297817,-32.2369261],[-58.1297666,-32.2369075],[-58.1297466,-32.2368782],[-58.1297216,-32.2368381],[-58.1296887,-32.2367944],[-58.1296547,-32.2367596],[-58.1296242,-32.236742],[-58.1295981,-32.2367362],[-58.1295697,-32.2367297],[-58.1295319,-32.2367099],[-58.1295086,-32.2366945],[-58.1294878,-32.2366765],[-58.1294658,-32.2366581],[-58.1294462,-32.2366405],[-58.1294107,-32.2366121],[-58.1293898,-32.2365976],[-58.1293653,-32.2365819],[-58.1293416,-32.2365641],[-58.1293195,-32.2365491],[-58.1292845,-32.2365198],[-58.129267,-32.2365005],[-58.1292469,-32.2364839],[-58.1292094,-32.2364699],[-58.1291779,-32.2364578],[-58.1291523,-32.2364383],[-58.1291339,-32.236421],[-58.129098,-32.2364064],[-58.1290728,-32.2363986],[-58.129048,-32.2363897],[-58.1290083,-32.2363774],[-58.128988,-32.2363711],[-58.128954,-32.2363617],[-58.1288388,-32.236326],[-58.1288001,-32.2363116],[-58.1287786,-32.2362971],[-58.1287653,-32.2362881],[-58.1287634,-32.2362609],[-58.1287581,-32.2362385],[-58.1287283,-32.2362223],[-58.1286961,-32.2362181],[-58.1286407,-32.2362459],[-58.1285944,-32.2362651],[-58.128564,-32.2362788],[-58.1285291,-32.2362934],[-58.1284951,-32.2363094],[-58.1284684,-32.2363208],[-58.1283977,-32.2363462],[-58.1283454,-32.2363635],[-58.1282897,-32.2363855],[-58.1282472,-32.2363989],[-58.1282133,-32.236408],[-58.1281751,-32.2364147],[-58.1281357,-32.2364209],[-58.128106,-32.2364267],[-58.1280696,-32.2364293],[-58.1279946,-32.2364234],[-58.1279494,-32.2364209],[-58.1276912,-32.2363731],[-58.1272569,-32.2362729],[-58.126897,-32.2361612],[-58.1268581,-32.2361503],[-58.1267637,-32.2361233],[-58.1266509,-32.2360883],[-58.1266018,-32.2360696],[-58.126565,-32.236057],[-58.1265268,-32.2360416],[-58.1264829,-32.2360264],[-58.126464,-32.2360199],[-58.1264241,-32.2360052],[-58.1263982,-32.2359959],[-58.1263674,-32.2359852],[-58.1263323,-32.235972],[-58.1262651,-32.2359512],[-58.1261988,-32.2359283],[-58.1261665,-32.2359148],[-58.1261294,-32.2358998],[-58.126094,-32.2358842],[-58.1260678,-32.2358691],[-58.1260322,-32.2358476],[-58.1259963,-32.235833],[-58.1259628,-32.2358192],[-58.1259208,-32.2358061],[-58.1258765,-32.2357889],[-58.125851,-32.2357787],[-58.1258248,-32.2357636],[-58.125796,-32.2357454],[-58.1257618,-32.2357267],[-58.125734,-32.2357123],[-58.1256962,-32.2356959],[-58.1256579,-32.2356806],[-58.1256148,-32.2356637],[-58.1255897,-32.2356525],[-58.1255623,-32.2356405],[-58.1255372,-32.2356292],[-58.1255031,-32.2356105],[-58.1254735,-32.2355875],[-58.1254515,-32.2355691],[-58.125425,-32.2355516],[-58.1253984,-32.2355376],[-58.1253657,-32.2355251],[-58.1253346,-32.235512],[-58.1253088,-32.2354994],[-58.1252756,-32.2354879],[-58.1252489,-32.2354773],[-58.1252406,-32.2354705],[-58.1252065,-32.2354526],[-58.1251961,-32.2354482],[-58.1251805,-32.2354434],[-58.1251616,-32.2354305],[-58.1251101,-32.2353984],[-58.1250803,-32.2353822],[-58.1249815,-32.2353439],[-58.1248747,-32.2353881],[-58.1248399,-32.2354197],[-58.1248049,-32.2354123],[-58.1247711,-32.2354087],[-58.1247445,-32.2354074],[-58.1247106,-32.2354073],[-58.1246623,-32.2354119],[-58.1246336,-32.2354123],[-58.1245991,-32.2354039],[-58.1245753,-32.235393],[-58.1245512,-32.2353636],[-58.12454,-32.2353358],[-58.1245193,-32.2353144],[-58.1244855,-32.2353108],[-58.1244485,-32.2353178],[-58.1244087,-32.2353471],[-58.1243872,-32.2353623],[-58.1243299,-32.235407],[-58.1242981,-32.2354272],[-58.124277,-32.2354414],[-58.1242484,-32.2354637],[-58.1242204,-32.2354909],[-58.1241997,-32.2355168],[-58.1241841,-32.2355374],[-58.1241638,-32.235575],[-58.1241522,-32.2355957],[-58.1241384,-32.2356215],[-58.1241168,-32.2356656],[-58.1240686,-32.2357778],[-58.1240473,-32.2358082],[-58.1240194,-32.2358446],[-58.1239868,-32.2358668],[-58.1239354,-32.2358693],[-58.1239027,-32.2358662],[-58.1238761,-32.2358648],[-58.1238308,-32.2358785],[-58.1238,-32.2359059],[-58.1237861,-32.2359351],[-58.1237725,-32.2359667],[-58.1237564,-32.236001],[-58.1237256,-32.2360631],[-58.1237098,-32.2360871],[-58.1236795,-32.2361008],[-58.1236537,-32.2361102],[-58.1236126,-32.2361298],[-58.123583,-32.2361703],[-58.1235662,-32.2361998],[-58.1235455,-32.2362291],[-58.1235212,-32.2362667],[-58.1235055,-32.2362999],[-58.1234872,-32.2363393],[-58.1234636,-32.236369],[-58.1234363,-32.2363883],[-58.1234108,-32.2364],[-58.1233777,-32.2364232],[-58.1233431,-32.2364564],[-58.1233161,-32.2364908],[-58.123298,-32.2365106],[-58.1232816,-32.2365298],[-58.123254,-32.2365686],[-58.1232428,-32.2365917],[-58.1232331,-32.2366141],[-58.1232207,-32.2366461],[-58.1232116,-32.2366768],[-58.1232062,-32.2367052],[-58.1232246,-32.2367225],[-58.1232359,-32.2367468],[-58.1232456,-32.2367845],[-58.1232277,-32.2368228],[-58.1231849,-32.2368465],[-58.1231251,-32.2368719],[-58.1230808,-32.2368893],[-58.1230304,-32.2369118],[-58.1229862,-32.2369386],[-58.1229538,-32.2369666],[-58.1229335,-32.2369916],[-58.1229187,-32.2370135],[-58.1229077,-32.237039],[-58.1228895,-32.237075],[-58.1228666,-32.2371187],[-58.1228396,-32.2371658],[-58.1228132,-32.237205],[-58.1227887,-32.2372367],[-58.1227655,-32.2372653],[-58.1227434,-32.2372978],[-58.1227215,-32.2373268],[-58.1227065,-32.2373522],[-58.1226914,-32.237381],[-58.1226704,-32.2374138],[-58.1226373,-32.2374625],[-58.1226016,-32.2375265],[-58.1225844,-32.237557],[-58.1225736,-32.2375791],[-58.1225376,-32.2376627],[-58.1225295,-32.2376879],[-58.1225223,-32.2377111],[-58.122516,-32.2377415],[-58.1225167,-32.2377683],[-58.1225264,-32.2377933],[-58.1225393,-32.2378297],[-58.1225376,-32.2378557],[-58.1225267,-32.2378812],[-58.1225034,-32.2379133],[-58.1224523,-32.2379529],[-58.1224204,-32.2379893],[-58.1223972,-32.2380179],[-58.1223789,-32.2380446],[-58.1223619,-32.2380716],[-58.1223367,-32.2381239],[-58.1223263,-32.238145],[-58.1222071,-32.2383842],[-58.122155,-32.2385056],[-58.122136,-32.2385529],[-58.1221136,-32.2386049],[-58.1220916,-32.2386593],[-58.1218049,-32.2393262],[-58.1217929,-32.2393606],[-58.1217889,-32.2393952],[-58.1217933,-32.2394197],[-58.1217854,-32.2394635],[-58.1217594,-32.2394924],[-58.1217234,-32.2395159],[-58.1216948,-32.2395382],[-58.121667,-32.2395712],[-58.1216448,-32.2396198],[-58.1216189,-32.2396799],[-58.1215947,-32.2397395],[-58.1215574,-32.2398388],[-58.121542,-32.2398872],[-58.1214662,-32.2400636],[-58.1214494,-32.2401058],[-58.1214334,-32.2401494],[-58.1213598,-32.2403207],[-58.1213471,-32.240363],[-58.1213412,-32.2404051],[-58.1213346,-32.2404458],[-58.121322,-32.2404847],[-58.121309,-32.2405211],[-58.1212963,-32.2405507],[-58.1212841,-32.2405758],[-58.1212683,-32.2406032],[-58.1212467,-32.2406312],[-58.1212191,-32.2406608],[-58.1211911,-32.2406879],[-58.1211696,-32.2407125],[-58.121156,-32.2407348],[-58.1209692,-32.2411692],[-58.1209353,-32.2412419],[-58.1209158,-32.2412809],[-58.1208968,-32.2413155],[-58.1208796,-32.241346],[-58.1208667,-32.2413697],[-58.120847,-32.2414156],[-58.1208381,-32.2414395],[-58.1208372,-32.2414796],[-58.120844,-32.2415048],[-58.1208427,-32.2415299],[-58.1208106,-32.2415477],[-58.1207758,-32.2415623],[-58.1207508,-32.2415857],[-58.1207269,-32.2416095],[-58.1207098,-32.2416273],[-58.1206916,-32.2416506],[-58.1206711,-32.2416823],[-58.1206449,-32.2417181],[-58.1206248,-32.2417616],[-58.1205468,-32.2419431],[-58.1205407,-32.2419667],[-58.1205409,-32.2420233],[-58.1205392,-32.2420494],[-58.1205334,-32.2420788],[-58.1205072,-32.2421238],[-58.1204871,-32.2421453],[-58.1204548,-32.2421793],[-58.1204298,-32.2422027],[-58.1204194,-32.2422237],[-58.1204072,-32.2422488],[-58.1203932,-32.2422815],[-58.1203795,-32.2423165],[-58.1203668,-32.2423461],[-58.1203424,-32.2423744],[-58.1203247,-32.2423966],[-58.1203093,-32.2424196],[-58.1202905,-32.2424507],[-58.1202728,-32.242473],[-58.1202568,-32.2424911],[-58.1202415,-32.2425141],[-58.1202252,-32.2425426],[-58.1202075,-32.2425775],[-58.1201954,-32.2425992],[-58.1201733,-32.2426316],[-58.1201549,-32.2426618],[-58.1200827,-32.2428266],[-58.120063,-32.2428471],[-58.1200444,-32.2428713],[-58.1200232,-32.2429017],[-58.12001,-32.2429323],[-58.1200034,-32.2429603],[-58.1200052,-32.2429909],[-58.1199929,-32.2430229],[-58.1199744,-32.2430438],[-58.1199507,-32.2430641],[-58.1199337,-32.2430878],[-58.11992,-32.2431101],[-58.1199061,-32.2431393],[-58.1198888,-32.2431732],[-58.1198673,-32.2432105],[-58.119841,-32.2432497],[-58.1198118,-32.2432892],[-58.1197874,-32.2433174],[-58.1197671,-32.2433424],[-58.1197272,-32.2434352],[-58.119702,-32.2434655],[-58.1196772,-32.243482],[-58.1196418,-32.2435011],[-58.1196067,-32.2435353],[-58.1195911,-32.2435651],[-58.1195763,-32.2435964],[-58.1195093,-32.2437524],[-58.1195051,-32.2437811],[-58.119502,-32.2438137],[-58.1194716,-32.2438274],[-58.1194325,-32.2438488],[-58.119404,-32.2438676],[-58.1193746,-32.2438886],[-58.1193551,-32.2439149],[-58.1193381,-32.2439512],[-58.1192851,-32.2440746],[-58.1192769,-32.2440998],[-58.1192736,-32.2441265],[-58.119278,-32.2441637],[-58.1192808,-32.2441889],[-58.1192752,-32.2442114],[-58.1192663,-32.2442352],[-58.1192545,-32.2442628],[-58.1192442,-32.2442931],[-58.11923,-32.2443292],[-58.1192191,-32.2443674],[-58.1192098,-32.2444015],[-58.1192008,-32.2444287],[-58.1191826,-32.2444774],[-58.1191704,-32.244506],[-58.1191557,-32.2445338],[-58.1191395,-32.2445588],[-58.1191231,-32.244578],[-58.1191019,-32.2445957],[-58.1190314,-32.2446489],[-58.119007,-32.2446645],[-58.1189732,-32.2446829],[-58.1189407,-32.2447017],[-58.1189,-32.244733],[-58.1188799,-32.2447545],[-58.1188582,-32.2447986],[-58.1188012,-32.2449312],[-58.1187737,-32.2449573],[-58.118756,-32.2449795],[-58.1187335,-32.2450095],[-58.1187135,-32.2450403],[-58.1186991,-32.2450705],[-58.1186858,-32.2450953],[-58.1186588,-32.2451516],[-58.1186271,-32.2452192],[-58.1186128,-32.245246],[-58.1185901,-32.2452736],[-58.1185713,-32.245292],[-58.1185494,-32.2453049],[-58.118517,-32.2453203],[-58.1184927,-32.2453324],[-58.1184672,-32.2453476],[-58.1184487,-32.2453701],[-58.1186856,-32.245441],[-58.1172195,-32.2478979],[-58.1144963,-32.2499073],[-58.1138438,-32.2517172],[-58.1128762,-32.2525896],[-58.1098631,-32.2537277],[-58.1098094,-32.2562513],[-58.1093879,-32.2580875],[-58.1083571,-32.2577955],[-58.1087213,-32.256738],[-58.1087234,-32.2540533],[-58.1100948,-32.2532758],[-58.1108651,-32.2530485],[-58.1112365,-32.252903],[-58.111499,-32.2526881],[-58.112062,-32.2523008],[-58.1123657,-32.2519783],[-58.112814,-32.2515024],[-58.1129812,-32.2511727],[-58.1131484,-32.2508431],[-58.1131512,-32.2505769],[-58.1130354,-32.2504559],[-58.1129124,-32.2503272],[-58.1126735,-32.2500775],[-58.1121709,-32.2504657],[-58.1116683,-32.250854],[-58.1113339,-32.2510496],[-58.1109996,-32.2512452],[-58.1103753,-32.2515146],[-58.1099992,-32.2516525],[-58.1088748,-32.2520339],[-58.1076095,-32.2527586],[-58.1063015,-32.2534838],[-58.1057238,-32.253963],[-58.1050249,-32.2545222],[-58.1048851,-32.255088],[-58.1044528,-32.2559949],[-58.1044992,-32.25809],[-58.1049711,-32.2599388],[-58.1094575,-32.2603198],[-58.1102662,-32.2616882],[-58.1108449,-32.2638112],[-58.1182168,-32.2636767],[-58.1192538,-32.2636842],[-58.1212052,-32.2636086],[-58.1212455,-32.2636081],[-58.1238863,-32.2635254],[-58.1250869,-32.2634182],[-58.1251227,-32.2634154],[-58.1262826,-32.2632162],[-58.1262987,-32.2631711],[-58.1262849,-32.2631481],[-58.1262722,-32.2631242],[-58.1262673,-32.2630976],[-58.1262616,-32.2630746],[-58.1262501,-32.2630461],[-58.126236,-32.2630117],[-58.1262235,-32.2629753],[-58.1262128,-32.2629432],[-58.1262106,-32.26291],[-58.1262181,-32.2628785],[-58.1262262,-32.262856],[-58.1262516,-32.2627962],[-58.1281938,-32.2622145],[-58.128298,-32.2621913],[-58.1302083,-32.2614071],[-58.1302655,-32.2613833],[-58.1306115,-32.2612482],[-58.1311224,-32.2613792],[-58.1311893,-32.2613934],[-58.1314979,-32.2612163],[-58.1316009,-32.2611627],[-58.1316305,-32.2611518],[-58.1316589,-32.2611329],[-58.1321181,-32.2608531],[-58.1326369,-32.2605087],[-58.1327038,-32.2604604],[-58.1331842,-32.2600919],[-58.1332195,-32.2600501],[-58.1334663,-32.2598641],[-58.133497,-32.2598335],[-58.1345195,-32.2589162],[-58.1350596,-32.2583698],[-58.1360632,-32.2573787],[-58.1362943,-32.2571283],[-58.1368061,-32.2566052],[-58.1370178,-32.2563993],[-58.1378038,-32.2556123],[-58.1378037,-32.2555811],[-58.1377119,-32.2546258],[-58.1375461,-32.2530939],[-58.1372959,-32.2507094],[-58.1371079,-32.2488912],[-58.1371164,-32.2488936],[-58.1368784,-32.2465916],[-58.1366984,-32.2465414],[-58.1334251,-32.2456459],[-58.1333023,-32.2456125],[-58.1314827,-32.2451182],[-58.1313614,-32.2450853],[-58.1305204,-32.2448568],[-58.1296215,-32.244611],[-58.129486,-32.244574],[-58.1290616,-32.244458],[-58.1293667,-32.2433007],[-58.1292907,-32.2422207],[-58.129196,-32.2418774],[-58.1293766,-32.2413325],[-58.1299689,-32.2410824],[-58.1305782,-32.2412012],[-58.1309728,-32.2414389],[-58.1314143,-32.2419485],[-58.1319478,-32.2421967],[-58.1334932,-32.2426306],[-58.1339066,-32.2427716],[-58.1341493,-32.2428292],[-58.1352709,-32.2432062],[-58.1353584,-32.2432926],[-58.1360844,-32.2443073],[-58.1363125,-32.2448854],[-58.1367049,-32.2449671],[-58.1365671,-32.2437397],[-58.13599,-32.2377681],[-58.1359747,-32.2377763],[-58.1359273,-32.2378043],[-58.1358998,-32.2378177],[-58.1358677,-32.2378227],[-58.1358401,-32.2378268],[-58.1358074,-32.2378363],[-58.135754,-32.2378532],[-58.1357197,-32.2378633],[-58.1356822,-32.2378713],[-58.1356524,-32.2378806],[-58.1356221,-32.2378942],[-58.1355935,-32.2379038],[-58.1355641,-32.237912],[-58.1355187,-32.2379291],[-58.1354893,-32.2379373],[-58.1354537,-32.2379505],[-58.1354174,-32.2379623],[-58.1353802,-32.2379727],[-58.1353391,-32.237983],[-58.1352975,-32.2379944],[-58.1352568,-32.2380037],[-58.1352108,-32.2380125],[-58.1351266,-32.238023],[-58.1351074,-32.2380254],[-58.1350679,-32.238035],[-58.1350385,-32.2380432],[-58.1350135,-32.238054],[-58.1349629,-32.2380648],[-58.1349237,-32.2380694],[-58.1348816,-32.2380713],[-58.1347912,-32.2380853],[-58.1346738,-32.2380937],[-58.1346176,-32.2381018],[-58.1345948,-32.2381202],[-58.1345479,-32.2381564],[-58.1345287,-32.2381724],[-58.1345012,-32.2381858],[-58.1344728,-32.2382013],[-58.1344437,-32.2382153],[-58.1344141,-32.2382304],[-58.1343615,-32.2382545],[-58.1343356,-32.2382672],[-58.1343076,-32.2382851],[-58.1342766,-32.2383032],[-58.1342458,-32.2383179],[-58.1342207,-32.238332],[-58.1341852,-32.2383418],[-58.1341596,-32.2383477],[-58.1341314,-32.2383563],[-58.1340669,-32.2383766],[-58.134038,-32.2383838],[-58.1340083,-32.2383896],[-58.1339785,-32.2383988],[-58.1339249,-32.2384064],[-58.1338974,-32.2384071],[-58.133868,-32.2384061],[-58.133837,-32.2384022],[-58.1338044,-32.238399],[-58.1337733,-32.2383986],[-58.1337449,-32.2384013],[-58.1336976,-32.2384132],[-58.1336621,-32.2384356],[-58.1336372,-32.2384556],[-58.1336088,-32.2384711],[-58.1335788,-32.2384744],[-58.1335418,-32.2384594],[-58.1335019,-32.2384447],[-58.1334526,-32.2384548],[-58.1334208,-32.2384657],[-58.1333831,-32.2384806],[-58.1333488,-32.2384907],[-58.133259,-32.2385194],[-58.1332333,-32.2385253],[-58.1332002,-32.2385358],[-58.1331566,-32.2385488],[-58.1331108,-32.2385635],[-58.133068,-32.2385744],[-58.1330285,-32.2385841],[-58.1329923,-32.2385925],[-58.1329555,-32.2386053],[-58.1329231,-32.2386172],[-58.1328691,-32.2386385],[-58.1328302,-32.238653],[-58.1327868,-32.2386718],[-58.132742,-32.2386937],[-58.1327166,-32.238702],[-58.1326856,-32.2387109],[-58.1326506,-32.2387196],[-58.1325749,-32.2387377],[-58.1325395,-32.238744],[-58.1325082,-32.2387504],[-58.1324708,-32.238755],[-58.1324288,-32.2387547],[-58.132393,-32.2387527],[-58.1323596,-32.2387482],[-58.1323081,-32.2387414],[-58.1322816,-32.2387366],[-58.1322371,-32.2387262],[-58.1321955,-32.2387156],[-58.1321679,-32.238707],[-58.1321148,-32.2386882],[-58.132086,-32.2386792],[-58.1320373,-32.2386629],[-58.1319708,-32.2386342],[-58.1319393,-32.2386221],[-58.1319114,-32.2386111],[-58.1318612,-32.238592],[-58.1318245,-32.2385667],[-58.1318144,-32.2385576],[-58.1318049,-32.238549],[-58.1317855,-32.2385245],[-58.131769,-32.2384997],[-58.1317209,-32.2384409],[-58.1316994,-32.2384088],[-58.1316714,-32.2383686],[-58.1316582,-32.2383497],[-58.1316431,-32.2383311],[-58.1316251,-32.2383128],[-58.131611,-32.2382888],[-58.1315982,-32.2382617],[-58.1315938,-32.2382372],[-58.1315789,-32.2382118],[-58.1315501,-32.2381936],[-58.1315016,-32.2381708],[-58.1314765,-32.2381596],[-58.1314471,-32.2381458],[-58.1314217,-32.2381321],[-58.1313869,-32.2381213],[-58.131361,-32.2381087],[-58.1313345,-32.2380912],[-58.131301,-32.2380681],[-58.1312652,-32.2380373],[-58.1312332,-32.2380043],[-58.1311944,-32.237968],[-58.1311519,-32.237934],[-58.131107,-32.2379119],[-58.1310654,-32.2378979],[-58.1310402,-32.2378901],[-58.1310154,-32.2378812],[-58.1309911,-32.2378586],[-58.1309644,-32.2378353],[-58.1309342,-32.2378109],[-58.1309101,-32.2377942],[-58.1308816,-32.2377749],[-58.1307972,-32.2377245],[-58.1307659,-32.2377055],[-58.1307355,-32.2376845],[-58.1306843,-32.2376328],[-58.1306523,-32.2375997],[-58.1306335,-32.23758],[-58.1306133,-32.2375576],[-58.1305854,-32.2375339],[-58.130554,-32.2375056],[-58.1305229,-32.2374798],[-58.1304969,-32.2374613],[-58.130463,-32.2374485],[-58.1304432,-32.2374433],[-58.1304165,-32.2374364],[-58.1303808,-32.2374276],[-58.1303405,-32.2374139],[-58.1303101,-32.2374022],[-58.1302819,-32.2373888],[-58.1302676,-32.2373682],[-58.1302844,-32.237326],[-58.1302844,-32.2373006],[-58.130275,-32.237274]]]}},{"type":"Feature","properties":{"ID":0,"NCM":"0100011020040241--","SEC":102,"GRU":4,"MANZ":241},"geometry":{"type":"Polygon","coordinates":[[[-58.1549676,-32.2387251],[-58.1539986,-32.2397575],[-58.1549437,-32.239201],[-58.1551136,-32.2388306],[-58.1549676,-32.2387251]]]}},{"type":"Feature","properties":{"ID":0,"NCM":"0100010170040000--","SEC":17,"GRU":4,"MANZ":0},"geometry":{"type":"Polygon","coordinates":[[[-58.1519701,-32.2688311],[-58.1519352,-32.2688352],[-58.1519018,-32.268841],[-58.1518788,-32.2688601],[-58.1518562,-32.2688818],[-58.1518401,-32.2689055],[-58.1518296,-32.2689297],[-58.151808,-32.2689829],[-58.1518156,-32.2690078],[-58.1518231,-32.2690364],[-58.1518987,-32.2696825],[-58.1519066,-32.2697375],[-58.1520417,-32.2710396],[-58.1521287,-32.2725676],[-58.1520145,-32.2726211],[-58.1505808,-32.2733625],[-58.1504141,-32.2734458],[-58.1518451,-32.2758072],[-58.153309,-32.2772785],[-58.1556187,-32.2777172],[-58.1558193,-32.2777376],[-58.1572229,-32.279374],[-58.1579021,-32.280156],[-58.159236,-32.2817127],[-58.1605659,-32.2832494],[-58.16124,-32.2840117],[-58.1616919,-32.2849016],[-58.1627708,-32.2870324],[-58.1628028,-32.2870856],[-58.1634018,-32.2883404],[-58.1686453,-32.2874601],[-58.1690873,-32.2886121],[-58.1694619,-32.2899041],[-58.1694984,-32.290006],[-58.1701017,-32.2922049],[-58.1704933,-32.2934576],[-58.1705772,-32.2938756],[-58.1705492,-32.2939057],[-58.1744219,-32.2948808],[-58.1744777,-32.2947948],[-58.1745399,-32.2946392],[-58.1745828,-32.2944373],[-58.1746292,-32.2940435],[-58.1747184,-32.2927867],[-58.1747226,-32.2927644],[-58.1747964,-32.2919964],[-58.174829,-32.2914072],[-58.1748258,-32.2903639],[-58.1748033,-32.2892081],[-58.1747758,-32.288106],[-58.1747326,-32.2871059],[-58.1746688,-32.2861306],[-58.1746457,-32.2852974],[-58.1739713,-32.2820586],[-58.1734433,-32.2795549],[-58.1726113,-32.2756541],[-58.1721993,-32.2736426],[-58.1717447,-32.2715422],[-58.1690747,-32.2718214],[-58.1652294,-32.2722185],[-58.1644857,-32.2723175],[-58.1623063,-32.272538],[-58.1617077,-32.2725725],[-58.1616044,-32.2721926],[-58.1613493,-32.270605],[-58.1613172,-32.2703196],[-58.1610688,-32.2701075],[-58.1554515,-32.269272],[-58.1538199,-32.2690541],[-58.1519701,-32.2688311]]]}},{"type":"Feature","properties":{"ID":0,"NCM":"0100010170040000--","SEC":17,"GRU":4,"MANZ":0},"geometry":{"type":"Polygon","coordinates":[[[-58.1503022,-32.2734971],[-58.1484967,-32.2743706],[-58.14845,-32.2744032],[-58.1474459,-32.2749701],[-58.1469037,-32.2752602],[-58.1467804,-32.2753276],[-58.1453266,-32.2761349],[-58.1452488,-32.2761856],[-58.1446914,-32.2765027],[-58.1481982,-32.2826225],[-58.1504037,-32.281707],[-58.1516525,-32.2838587],[-58.1525499,-32.2854212],[-58.1562694,-32.2848334],[-58.1571783,-32.2846888],[-58.159773,-32.2890574],[-58.1632743,-32.2884575],[-58.1611055,-32.2840491],[-58.1590143,-32.2816855],[-58.1573735,-32.2797396],[-58.1572477,-32.2796007],[-58.1572161,-32.2795538],[-58.156217,-32.2784025],[-58.1556911,-32.2778037],[-58.1532544,-32.2773763],[-58.1517826,-32.2759191],[-58.1503022,-32.2734971]]]}},{"type":"Feature","properties":{"ID":0,"NCM":"0100011020050000--","SEC":102,"GRU":5,"MANZ":0},"geometry":{"type":"Polygon","coordinates":[[[-58.1492319,-32.244433],[-58.1506079,-32.2430976],[-58.1490544,-32.2419756],[-58.1482016,-32.2428965],[-58.1488969,-32.2436484],[-58.1492319,-32.244433]]]}},{"type":"Feature","properties":{"ID":0,"NCM":"0100011020060000--","SEC":102,"GRU":6,"MANZ":0},"geometry":{"type":"Polygon","coordinates":[[[-58.1504665,-32.2404653],[-58.1491879,-32.2418355],[-58.1507404,-32.2429568],[-58.1520187,-32.2415864],[-58.1504665,-32.2404653]]]}},{"type":"Feature","properties":{"ID":0,"NCM":"0100011020070256--","SEC":102,"GRU":7,"MANZ":256},"geometry":{"type":"Polygon","coordinates":[[[-58.1511729,-32.2396901],[-58.1505883,-32.2403168],[-58.1512886,-32.2408226],[-58.1518731,-32.2401958],[-58.1511729,-32.2396901]]]}},{"type":"Feature","properties":{"ID":0,"NCM":"0100011020090000--","SEC":102,"GRU":9,"MANZ":0},"geometry":{"type":"Polygon","coordinates":[[[-58.153212,-32.2372466],[-58.1551799,-32.238641],[-58.1559782,-32.2370139],[-58.1544824,-32.2359672],[-58.153212,-32.2372466]]]}},{"type":"Feature","properties":{"ID":0,"NCM":"0100011020130000--","SEC":102,"GRU":13,"MANZ":0},"geometry":{"type":"Polygon","coordinates":[[[-58.1461734,-32.2419935],[-58.146214,-32.242013],[-58.1462377,-32.2420274],[-58.1462643,-32.2420414],[-58.1462897,-32.2420551],[-58.1466796,-32.2421769],[-58.147184,-32.2423364],[-58.1476513,-32.2424891],[-58.1480383,-32.2427678],[-58.1488904,-32.2418613],[-58.1473079,-32.2407577],[-58.1461734,-32.2419935]]]}},{"type":"Feature","properties":{"ID":0,"NCM":"0100011020140000--","SEC":102,"GRU":14,"MANZ":0},"geometry":{"type":"Polygon","coordinates":[[[-58.1487115,-32.2392694],[-58.1474466,-32.2406297],[-58.1490223,-32.2417362],[-58.1502939,-32.2403613],[-58.1487115,-32.2392694]]]}},{"type":"Feature","properties":{"ID":0,"NCM":"0100011020150000--","SEC":102,"GRU":15,"MANZ":0},"geometry":{"type":"Polygon","coordinates":[[[-58.1501056,-32.23777],[-58.148843,-32.239128],[-58.150425,-32.2402196],[-58.1516834,-32.2388588],[-58.1501056,-32.23777]]]}},{"type":"Feature","properties":{"ID":0,"NCM":"0100011020160273--","SEC":102,"GRU":16,"MANZ":273},"geometry":{"type":"Polygon","coordinates":[[[-58.1523824,-32.2368616],[-58.1518224,-32.237462],[-58.1525248,-32.2379598],[-58.1530848,-32.2373593],[-58.1523824,-32.2368616]]]}},{"type":"Feature","properties":{"ID":0,"NCM":"0100011020170000--","SEC":102,"GRU":17,"MANZ":0},"geometry":{"type":"Polygon","coordinates":[[[-58.153212,-32.2372466],[-58.1544824,-32.2359672],[-58.1537549,-32.2354581],[-58.1524815,-32.2367275],[-58.153212,-32.2372466]]]}},{"type":"Feature","properties":{"ID":0,"NCM":"0100011020270312--","SEC":102,"GRU":27,"MANZ":312},"geometry":{"type":"Polygon","coordinates":[[[-58.1506255,-32.2356472],[-58.1500748,-32.2362408],[-58.1507782,-32.2367393],[-58.1513306,-32.2361469],[-58.1506255,-32.2356472]]]}},{"type":"Feature","properties":{"ID":0,"NCM":"0100011010340351--","SEC":101,"GRU":34,"MANZ":351},"geometry":{"type":"Polygon","coordinates":[[[-58.1586825,-32.2260812],[-58.1580815,-32.2266846],[-58.15879,-32.2271869],[-58.159391,-32.2265836],[-58.1586825,-32.2260812]]]}},{"type":"Feature","properties":{"ID":0,"NCM":"0100011010350328--","SEC":101,"GRU":35,"MANZ":328},"geometry":{"type":"Polygon","coordinates":[[[-58.1617174,-32.2245148],[-58.1611456,-32.2250966],[-58.1614959,-32.2253433],[-58.1618324,-32.2245958],[-58.1617174,-32.2245148]]]}},{"type":"Feature","properties":{"ID":0,"NCM":"0100011010500000--","SEC":101,"GRU":50,"MANZ":0},"geometry":{"type":"Polygon","coordinates":[[[-58.1637472,-32.2206605],[-58.1628114,-32.2203136],[-58.162859,-32.22022],[-58.1628439,-32.220221],[-58.1627894,-32.2202249],[-58.1627322,-32.2202286],[-58.1626672,-32.2202298],[-58.1626044,-32.2202292],[-58.1625503,-32.2202258],[-58.1624983,-32.2202174],[-58.1624035,-32.220198],[-58.1623563,-32.2201886],[-58.1623064,-32.2201772],[-58.1622505,-32.2201626],[-58.1621902,-32.2201447],[-58.1620609,-32.2201038],[-58.1620002,-32.2200852],[-58.1618882,-32.2200497],[-58.1618334,-32.2200311],[-58.1617827,-32.2200113],[-58.1617411,-32.2199926],[-58.1617028,-32.2199748],[-58.1616607,-32.2199571],[-58.1616187,-32.2199376],[-58.1615785,-32.2199124],[-58.1615707,-32.2199069],[-58.1613968,-32.2200942],[-58.1592254,-32.2224318],[-58.1608489,-32.2235965],[-58.1620454,-32.2222931],[-58.1623718,-32.2222804],[-58.1629883,-32.2222699],[-58.1637472,-32.2206605]]]}},{"type":"Feature","properties":{"ID":0,"NCM":"0100011020380000--","SEC":102,"GRU":38,"MANZ":0},"geometry":{"type":"Polygon","coordinates":[[[-58.1422786,-32.2398679],[-58.1422856,-32.2398972],[-58.1423015,-32.2399298],[-58.1423137,-32.2399521],[-58.1423411,-32.2399895],[-58.142363,-32.2400206],[-58.1423895,-32.2400508],[-58.142421,-32.2400849],[-58.1424401,-32.240107],[-58.1424612,-32.2401274],[-58.1424791,-32.2401457],[-58.1425107,-32.2401798],[-58.1425455,-32.2402126],[-58.1425656,-32.2402292],[-58.142586,-32.2402448],[-58.1426049,-32.2402611],[-58.1426687,-32.2403214],[-58.142694,-32.240335],[-58.1427224,-32.240345],[-58.1427746,-32.2403658],[-58.1428088,-32.2403811],[-58.1428454,-32.2403971],[-58.1428836,-32.2404159],[-58.1429605,-32.2404583],[-58.1430446,-32.240503],[-58.143082,-32.2405204],[-58.1431159,-32.2405332],[-58.1432718,-32.2405817],[-58.1433134,-32.2405923],[-58.1433427,-32.2406003],[-58.1433791,-32.2406104],[-58.1434075,-32.240617],[-58.1434456,-32.2406265],[-58.1434874,-32.2406337],[-58.1435218,-32.2406421],[-58.143551,-32.24065],[-58.1436949,-32.2406948],[-58.1437337,-32.2407057],[-58.1437589,-32.2407135],[-58.1438001,-32.2407252],[-58.1438889,-32.2407528],[-58.1439198,-32.2407627],[-58.1440177,-32.2407782],[-58.1453559,-32.2393479],[-58.1437585,-32.2382636],[-58.1422786,-32.2398679]]]}},{"type":"Feature","properties":{"ID":0,"NCM":"0100011020390000--","SEC":102,"GRU":39,"MANZ":0},"geometry":{"type":"Polygon","coordinates":[[[-58.1451537,-32.2367833],[-58.1438888,-32.2381398],[-58.1454665,-32.2392342],[-58.1467315,-32.2378776],[-58.1451537,-32.2367833]]]}},{"type":"Feature","properties":{"ID":0,"NCM":"0100011020400363--","SEC":102,"GRU":40,"MANZ":363},"geometry":{"type":"Polygon","coordinates":[[[-58.1467151,-32.2366611],[-58.1461251,-32.2372758],[-58.1468267,-32.2377784],[-58.1474167,-32.2371637],[-58.1467151,-32.2366611]]]}},{"type":"Feature","properties":{"ID":0,"NCM":"0100011020400392--","SEC":102,"GRU":40,"MANZ":392},"geometry":{"type":"Polygon","coordinates":[[[-58.1465687,-32.2352949],[-58.1459772,-32.2359099],[-58.1466876,-32.2364033],[-58.1472772,-32.2357902],[-58.1465687,-32.2352949]]]}},{"type":"Feature","properties":{"ID":0,"NCM":"0100011020410365--","SEC":102,"GRU":41,"MANZ":365},"geometry":{"type":"Polygon","coordinates":[[[-58.1481948,-32.2351434],[-58.1475947,-32.2357486],[-58.1483001,-32.2362486],[-58.1489002,-32.2356433],[-58.1481948,-32.2351434]]]}},{"type":"Feature","properties":{"ID":0,"NCM":"0100011020420368--","SEC":102,"GRU":42,"MANZ":368},"geometry":{"type":"Polygon","coordinates":[[[-58.1504665,-32.2340824],[-58.1510051,-32.2335252],[-58.1507003,-32.2333067],[-58.1503031,-32.2330219],[-58.1497645,-32.233579],[-58.1504665,-32.2340824]]]}},{"type":"Feature","properties":{"ID":0,"NCM":"0100011010480379--","SEC":101,"GRU":48,"MANZ":379},"geometry":{"type":"Polygon","coordinates":[[[-58.1566466,-32.2251506],[-58.1563485,-32.2254558],[-58.1579118,-32.2265643],[-58.1585094,-32.2259585],[-58.1578049,-32.225459],[-58.1575072,-32.2257609],[-58.1566466,-32.2251506]]]}},{"type":"Feature","properties":{"ID":0,"NCM":"0100011010480408--","SEC":101,"GRU":48,"MANZ":408},"geometry":{"type":"Polygon","coordinates":[[[-58.1573421,-32.2244388],[-58.157046,-32.2247419],[-58.1577512,-32.225242],[-58.1580468,-32.2249394],[-58.157783,-32.2247515],[-58.1573421,-32.2244388]]]}},{"type":"Feature","properties":{"ID":0,"NCM":"0100011010490410--","SEC":101,"GRU":49,"MANZ":410},"geometry":{"type":"Polygon","coordinates":[[[-58.1591022,-32.2226726],[-58.1585107,-32.2232682],[-58.1592166,-32.2237662],[-58.1598085,-32.2231702],[-58.1591022,-32.2226726]]]}},{"type":"Feature","properties":{"ID":0,"NCM":"0100011010490381--","SEC":101,"GRU":49,"MANZ":381},"geometry":{"type":"Polygon","coordinates":[[[-58.1592445,-32.2240175],[-58.1586534,-32.2246127],[-58.1593574,-32.2251119],[-58.1599485,-32.2245167],[-58.1592445,-32.2240175]]]}},{"type":"Feature","properties":{"ID":0,"NCM":"0100011010490409--","SEC":101,"GRU":49,"MANZ":409},"geometry":{"type":"Polygon","coordinates":[[[-58.1583773,-32.2234025],[-58.1577862,-32.2239977],[-58.1584905,-32.2244972],[-58.1590817,-32.223902],[-58.1583773,-32.2234025]]]}},{"type":"Feature","properties":{"ID":0,"NCM":"0100011010490382--","SEC":101,"GRU":49,"MANZ":382},"geometry":{"type":"Polygon","coordinates":[[[-58.1599714,-32.2232849],[-58.1593794,-32.223881],[-58.1600853,-32.224379],[-58.1606778,-32.2237825],[-58.1599714,-32.2232849]]]}},{"type":"Feature","properties":{"ID":0,"NCM":"0100011010360355--","SEC":101,"GRU":36,"MANZ":355},"geometry":{"type":"Polygon","coordinates":[[[-58.1616314,-32.2231365],[-58.1610394,-32.2237333],[-58.1617412,-32.2242367],[-58.1623333,-32.22364],[-58.1616314,-32.2231365]]]}},{"type":"Feature","properties":{"ID":0,"NCM":"0100011020520000--","SEC":102,"GRU":52,"MANZ":0},"geometry":{"type":"Polygon","coordinates":[[[-58.1409601,-32.2381556],[-58.1409726,-32.2381622],[-58.1409959,-32.2381776],[-58.1410168,-32.2381922],[-58.1410476,-32.2382121],[-58.1410805,-32.2382305],[-58.1411478,-32.2382606],[-58.1411708,-32.2382736],[-58.1412053,-32.2383039],[-58.1412232,-32.2383222],[-58.1412584,-32.2383447],[-58.1412826,-32.238358],[-58.1413026,-32.2383746],[-58.141324,-32.2384009],[-58.1413407,-32.2384189],[-58.1413616,-32.2384461],[-58.1413984,-32.2384807],[-58.1414327,-32.2385179],[-58.1414774,-32.2385688],[-58.1415054,-32.2386018],[-58.1415321,-32.2386344],[-58.141558,-32.238669],[-58.1415724,-32.2386955],[-58.1415923,-32.2387282],[-58.1416132,-32.2387682],[-58.1416373,-32.2388069],[-58.1416574,-32.2388328],[-58.1416771,-32.2388597],[-58.1416945,-32.2388825],[-58.1417136,-32.2389046],[-58.1417302,-32.2389259],[-58.1417472,-32.2389497],[-58.141755,-32.2389822],[-58.1417633,-32.2390102],[-58.1417788,-32.2390404],[-58.1418075,-32.2390748],[-58.1418363,-32.2390964],[-58.1418575,-32.2391134],[-58.1418772,-32.2391404],[-58.1418956,-32.2391703],[-58.1419076,-32.239196],[-58.1419142,-32.2392281],[-58.1419182,-32.2392536],[-58.1419275,-32.2392889],[-58.1419396,-32.2393112],[-58.1419565,-32.2393384],[-58.1419675,-32.2393603],[-58.1419827,-32.2393881],[-58.142003,-32.2394418],[-58.1420138,-32.2394706],[-58.1420267,-32.2394942],[-58.1420416,-32.2395197],[-58.1420589,-32.2395458],[-58.1420802,-32.2395721],[-58.1420948,-32.2395951],[-58.1421117,-32.2396189],[-58.1421203,-32.2396337],[-58.1435454,-32.2381303],[-58.1428618,-32.2376573],[-58.1421622,-32.2384099],[-58.1412821,-32.2378081],[-58.1409601,-32.2381556]]]}},{"type":"Feature","properties":{"ID":0,"NCM":"0100011020530444--","SEC":102,"GRU":53,"MANZ":444},"geometry":{"type":"Polygon","coordinates":[[[-58.1441033,-32.2360434],[-58.1433912,-32.2355504],[-58.143144,-32.2358094],[-58.143856,-32.2363024],[-58.1441033,-32.2360434]]]}},{"type":"Feature","properties":{"ID":0,"NCM":"0100011020540000--","SEC":102,"GRU":54,"MANZ":0},"geometry":{"type":"Polygon","coordinates":[[[-58.1448385,-32.2340359],[-58.143531,-32.235409],[-58.14509,-32.2365364],[-58.1463889,-32.2351719],[-58.1448385,-32.2340359]]]}},{"type":"Feature","properties":{"ID":0,"NCM":"0100011010620461--","SEC":101,"GRU":62,"MANZ":461},"geometry":{"type":"Polygon","coordinates":[[[-58.1552094,-32.2236171],[-58.1546055,-32.2242184],[-58.1553092,-32.224718],[-58.1559137,-32.224116],[-58.1552094,-32.2236171]]]}},{"type":"Feature","properties":{"ID":0,"NCM":"0100011010630463--","SEC":101,"GRU":63,"MANZ":463},"geometry":{"type":"Polygon","coordinates":[[[-58.1566823,-32.222132],[-58.1560885,-32.2227298],[-58.1567929,-32.2232294],[-58.1573867,-32.2226315],[-58.1566823,-32.222132]]]}},{"type":"Feature","properties":{"ID":0,"NCM":"0100011010630437--","SEC":101,"GRU":63,"MANZ":437},"geometry":{"type":"Polygon","coordinates":[[[-58.1582815,-32.22201],[-58.1576864,-32.2226092],[-58.1583907,-32.2231087],[-58.1589863,-32.2225098],[-58.1582815,-32.22201]]]}},{"type":"Feature","properties":{"ID":0,"NCM":"0100011010630436--","SEC":101,"GRU":63,"MANZ":436},"geometry":{"type":"Polygon","coordinates":[[[-58.1575495,-32.222747],[-58.1569557,-32.2233449],[-58.1576601,-32.2238444],[-58.1582539,-32.2232465],[-58.1575495,-32.222747]]]}},{"type":"Feature","properties":{"ID":0,"NCM":"0100011010630464--","SEC":101,"GRU":63,"MANZ":464},"geometry":{"type":"Polygon","coordinates":[[[-58.1574143,-32.2213949],[-58.1568302,-32.2219831],[-58.1575256,-32.2224916],[-58.1581187,-32.2218945],[-58.1574143,-32.2213949]]]}},{"type":"Feature","properties":{"ID":0,"NCM":"0100011010640000--","SEC":101,"GRU":64,"MANZ":0},"geometry":{"type":"Polygon","coordinates":[[[-58.1587485,-32.2198924],[-58.1582186,-32.2204521],[-58.1587765,-32.2208276],[-58.1586449,-32.220969],[-58.1580856,-32.2205925],[-58.1575087,-32.2212017],[-58.1590752,-32.2223242],[-58.1603496,-32.2209609],[-58.1588537,-32.2198987],[-58.1587485,-32.2198924]]]}},{"type":"Feature","properties":{"ID":0,"NCM":"0100011010650440--","SEC":101,"GRU":65,"MANZ":440},"geometry":{"type":"Polygon","coordinates":[[[-58.1592725,-32.2199501],[-58.1604946,-32.2208296],[-58.1609032,-32.2204033],[-58.1607968,-32.220359],[-58.1607344,-32.2203329],[-58.1606827,-32.2203259],[-58.1606149,-32.2203135],[-58.160547,-32.2203012],[-58.1605261,-32.2202974],[-58.1604908,-32.22029],[-58.1603005,-32.2202612],[-58.1601856,-32.2202103],[-58.1601377,-32.2201901],[-58.1600883,-32.2201689],[-58.1599931,-32.2201281],[-58.1597745,-32.2200864],[-58.1596424,-32.2200582],[-58.1595408,-32.2200121],[-58.1592725,-32.2199501]]]}},{"type":"Feature","properties":{"ID":0,"NCM":"0100010140670000--","SEC":14,"GRU":67,"MANZ":0},"geometry":{"type":"Polygon","coordinates":[[[-58.2166535,-32.2705698],[-58.2162719,-32.2724871],[-58.2158462,-32.2746866],[-58.2157121,-32.27557],[-58.2173396,-32.2758554],[-58.2171516,-32.2745256],[-58.2167619,-32.271505],[-58.2167531,-32.2714547],[-58.2167446,-32.2714044],[-58.2167325,-32.2713289],[-58.2167212,-32.2712533],[-58.2167141,-32.2712028],[-58.2167073,-32.2711523],[-58.2166977,-32.2710765],[-58.2166889,-32.2710007],[-58.2166809,-32.2709247],[-58.2166736,-32.2708488],[-58.2166671,-32.2707727],[-58.2166632,-32.270722],[-58.216658,-32.2706459],[-58.2166535,-32.2705698]]]}},{"type":"Feature","properties":{"ID":0,"NCM":"0100011020660000--","SEC":102,"GRU":66,"MANZ":0},"geometry":{"type":"Polygon","coordinates":[[[-58.1382164,-32.237911],[-58.1382426,-32.237928],[-58.1382651,-32.237942],[-58.138286,-32.2379566],[-58.1383167,-32.23798],[-58.1383439,-32.2380023],[-58.1383701,-32.2380266],[-58.1383933,-32.2380581],[-58.1384205,-32.2380897],[-58.1384435,-32.2381119],[-58.1384734,-32.2381373],[-58.1385119,-32.2381678],[-58.1385345,-32.2381817],[-58.1385558,-32.2381953],[-58.13858,-32.2382086],[-58.1386177,-32.2382284],[-58.1386627,-32.2382471],[-58.1387087,-32.2382602],[-58.1387376,-32.2382657],[-58.138769,-32.2382686],[-58.1387977,-32.2382682],[-58.1388465,-32.2382591],[-58.1388673,-32.2382425],[-58.1388917,-32.2382142],[-58.1389174,-32.238183],[-58.1389446,-32.2381544],[-58.1389686,-32.2381365],[-58.1390054,-32.2381237],[-58.1390479,-32.238123],[-58.1390982,-32.2381167],[-58.1391253,-32.2381136],[-58.1391675,-32.2381105],[-58.1392057,-32.2381132],[-58.139256,-32.2381195],[-58.1392886,-32.2381228],[-58.1393177,-32.2381248],[-58.139398,-32.2381371],[-58.1394362,-32.2381432],[-58.1394942,-32.2381474],[-58.1395701,-32.2381386],[-58.1396267,-32.2381366],[-58.1396733,-32.2381326],[-58.1397037,-32.2381282],[-58.1397514,-32.2381153],[-58.1397764,-32.2381046],[-58.1398266,-32.2380797],[-58.1398839,-32.2380571],[-58.1399259,-32.2380448],[-58.13998,-32.2380234],[-58.1400069,-32.2380145],[-58.1400378,-32.2380091],[-58.1400731,-32.2380062],[-58.1401096,-32.2380002],[-58.1401372,-32.2379961],[-58.140164,-32.237994],[-58.1402074,-32.2380005],[-58.1402318,-32.2380197],[-58.1402483,-32.2380445],[-58.1402915,-32.2380452],[-58.140349,-32.2380411],[-58.1403818,-32.2380375],[-58.1404091,-32.2380309],[-58.1404571,-32.2380204],[-58.1404978,-32.2380238],[-58.1405998,-32.2380555],[-58.1406254,-32.2380623],[-58.1406697,-32.2380669],[-58.1406979,-32.2380676],[-58.1407331,-32.2380774],[-58.140758,-32.2380851],[-58.1432216,-32.2354034],[-58.1416141,-32.2342744],[-58.1382164,-32.237911]]]}},{"type":"Feature","properties":{"ID":0,"NCM":"0100010140670000--","SEC":14,"GRU":67,"MANZ":0},"geometry":{"type":"Polygon","coordinates":[[[-58.2229512,-32.2767867],[-58.2190283,-32.276197],[-58.2210155,-32.2684465],[-58.2216018,-32.2683299],[-58.2176794,-32.2670023],[-58.2174848,-32.2674632],[-58.2174664,-32.2675088],[-58.2174483,-32.2675545],[-58.2174306,-32.2676003],[-58.2174131,-32.2676462],[-58.217396,-32.2676922],[-58.2173792,-32.2677382],[-58.2173627,-32.2677844],[-58.2173466,-32.2678306],[-58.2173308,-32.2678769],[-58.2173153,-32.2679233],[-58.2172926,-32.267993],[-58.217278,-32.2680396],[-58.2172636,-32.2680863],[-58.2172496,-32.268133],[-58.2172359,-32.2681798],[-58.2172225,-32.2682266],[-58.217203,-32.2682971],[-58.2171905,-32.2683441],[-58.2171723,-32.2684147],[-58.2171606,-32.2684619],[-58.2171492,-32.2685092],[-58.2171381,-32.2685565],[-58.2171274,-32.2686038],[-58.217117,-32.2686512],[-58.2171069,-32.2686987],[-58.2170972,-32.2687462],[-58.2170832,-32.2688175],[-58.2170743,-32.2688651],[-58.2170657,-32.2689128],[-58.2170575,-32.2689605],[-58.2170496,-32.2690083],[-58.2170383,-32.26908],[-58.2170313,-32.2691278],[-58.2170246,-32.2691757],[-58.2170182,-32.2692236],[-58.2170121,-32.2692715],[-58.2170036,-32.2693435],[-58.2169984,-32.2693915],[-58.2169935,-32.2694396],[-58.2169869,-32.2695117],[-58.2169828,-32.2695598],[-58.2169791,-32.2696079],[-58.2169742,-32.2696801],[-58.2169713,-32.2697283],[-58.2169688,-32.2697764],[-58.2169666,-32.2698246],[-58.216964,-32.2698969],[-58.2169627,-32.2699451],[-58.2169617,-32.2699933],[-58.216961,-32.2700416],[-58.2169607,-32.2700898],[-58.2169608,-32.2701621],[-58.2169613,-32.2702103],[-58.2169622,-32.2702585],[-58.2169634,-32.2703068],[-58.2169649,-32.270355],[-58.2169678,-32.2704272],[-58.2169715,-32.2704995],[-58.2169744,-32.2705477],[-58.2169776,-32.2705958],[-58.2169831,-32.270668],[-58.2169893,-32.2707401],[-58.2169963,-32.2708122],[-58.217004,-32.2708842],[-58.2170096,-32.2709322],[-58.2177131,-32.2759809],[-58.2183062,-32.2806092],[-58.2210504,-32.2814325],[-58.2219404,-32.2790067],[-58.2225106,-32.2775824],[-58.2229512,-32.2767867]]]}},{"type":"Feature","properties":{"ID":0,"NCM":"0100011020680000--","SEC":102,"GRU":68,"MANZ":0},"geometry":{"type":"Polygon","coordinates":[[[-58.1417405,-32.2341392],[-58.1433376,-32.2352772],[-58.1446637,-32.2339145],[-58.1430771,-32.2327775],[-58.1417405,-32.2341392]]]}},{"type":"Feature","properties":{"ID":0,"NCM":"0100010140680000--","SEC":14,"GRU":68,"MANZ":0},"geometry":{"type":"Polygon","coordinates":[[[-58.2203784,-32.2605602],[-58.2185443,-32.2648994],[-58.2234117,-32.2664192],[-58.2253753,-32.2620727],[-58.2203784,-32.2605602]]]}},{"type":"Feature","properties":{"ID":0,"NCM":"0100011020800000--","SEC":102,"GRU":80,"MANZ":0},"geometry":{"type":"Polygon","coordinates":[[[-58.1351266,-32.238023],[-58.1352108,-32.2380125],[-58.1352568,-32.2380037],[-58.1352975,-32.2379944],[-58.1353391,-32.237983],[-58.1353802,-32.2379727],[-58.1354174,-32.2379623],[-58.1354537,-32.2379505],[-58.1354893,-32.2379373],[-58.1355187,-32.2379291],[-58.1355641,-32.237912],[-58.1355935,-32.2379038],[-58.1356221,-32.2378942],[-58.1356524,-32.2378806],[-58.1356822,-32.2378713],[-58.1357197,-32.2378633],[-58.135754,-32.2378532],[-58.1358074,-32.2378363],[-58.1358401,-32.2378268],[-58.1358677,-32.2378227],[-58.1358998,-32.2378177],[-58.1359273,-32.2378043],[-58.1359747,-32.2377763],[-58.13599,-32.2377681],[-58.1360048,-32.2377602],[-58.1360379,-32.2377462],[-58.1360667,-32.2377332],[-58.1360939,-32.2377174],[-58.1361142,-32.2377018],[-58.1361489,-32.2376686],[-58.1361665,-32.2376498],[-58.1361958,-32.2376197],[-58.1362256,-32.2375977],[-58.1362461,-32.2375787],[-58.1362686,-32.2375579],[-58.1362927,-32.2375366],[-58.1363193,-32.2375159],[-58.1363425,-32.2375],[-58.1363643,-32.2374872],[-58.1363858,-32.2374719],[-58.1364363,-32.2374368],[-58.1364595,-32.2374209],[-58.1364823,-32.2374025],[-58.1365211,-32.2373788],[-58.1365549,-32.2373604],[-58.1365943,-32.2373415],[-58.1366443,-32.23732],[-58.1366742,-32.2373074],[-58.1367085,-32.2372972],[-58.1367395,-32.2372884],[-58.1367693,-32.2372792],[-58.1367982,-32.237272],[-58.1368422,-32.2372614],[-58.1368769,-32.2372502],[-58.1369417,-32.2372357],[-58.1369681,-32.2372312],[-58.1370065,-32.2372304],[-58.1370493,-32.2372414],[-58.1370726,-32.2372568],[-58.1370779,-32.2372792],[-58.1370817,-32.2373116],[-58.1371272,-32.2373258],[-58.1371576,-32.2373248],[-58.1371994,-32.2373193],[-58.1372669,-32.2373045],[-58.1373333,-32.2372893],[-58.1373668,-32.2372905],[-58.1373952,-32.2373097],[-58.1374166,-32.2373453],[-58.1374361,-32.2373791],[-58.1374491,-32.2373993],[-58.1374657,-32.2374206],[-58.1374951,-32.2374471],[-58.1375202,-32.2374584],[-58.1375637,-32.2374742],[-58.1375994,-32.2374923],[-58.1377266,-32.2375665],[-58.1377619,-32.2375855],[-58.1377988,-32.237604],[-58.1378359,-32.237619],[-58.1378697,-32.2376318],[-58.137896,-32.2376434],[-58.1379287,-32.2376686],[-58.1379578,-32.237702],[-58.1379633,-32.2377056],[-58.1385617,-32.2370718],[-58.1370096,-32.2360211],[-58.1351266,-32.238023]]]}},{"type":"Feature","properties":{"ID":0,"NCM":"0100011020810522--","SEC":102,"GRU":81,"MANZ":522},"geometry":{"type":"Polygon","coordinates":[[[-58.138554,-32.2358343],[-58.1379778,-32.236446],[-58.13869,-32.236936],[-58.1392667,-32.2363238],[-58.138554,-32.2358343]]]}},{"type":"Feature","properties":{"ID":0,"NCM":"0100011020810538--","SEC":102,"GRU":81,"MANZ":538},"geometry":{"type":"Polygon","coordinates":[[[-58.1384048,-32.23451],[-58.1378313,-32.2351192],[-58.1385258,-32.2355963],[-58.1390994,-32.2349871],[-58.1384048,-32.23451]]]}},{"type":"Feature","properties":{"ID":0,"NCM":"0100011020810537--","SEC":102,"GRU":81,"MANZ":537},"geometry":{"type":"Polygon","coordinates":[[[-58.1376992,-32.2352595],[-58.1371199,-32.2358653],[-58.1378358,-32.2363578],[-58.1384151,-32.235752],[-58.1376992,-32.2352595]]]}},{"type":"Feature","properties":{"ID":0,"NCM":"0100011020810523--","SEC":102,"GRU":81,"MANZ":523},"geometry":{"type":"Polygon","coordinates":[[[-58.1392673,-32.2350748],[-58.1386863,-32.2356933],[-58.1394002,-32.2361837],[-58.1399826,-32.2355661],[-58.1392673,-32.2350748]]]}},{"type":"Feature","properties":{"ID":0,"NCM":"0100011020890000--","SEC":102,"GRU":89,"MANZ":0},"geometry":{"type":"Polygon","coordinates":[[[-58.1347912,-32.2380853],[-58.1355134,-32.2373158],[-58.1339742,-32.2362581],[-58.1318144,-32.2385576],[-58.1318245,-32.2385667],[-58.1318612,-32.238592],[-58.1319114,-32.2386111],[-58.1319393,-32.2386221],[-58.1319708,-32.2386342],[-58.1320373,-32.2386629],[-58.132086,-32.2386792],[-58.1321148,-32.2386882],[-58.1321679,-32.238707],[-58.1321955,-32.2387156],[-58.1322371,-32.2387262],[-58.1322816,-32.2387366],[-58.1323081,-32.2387414],[-58.1323596,-32.2387482],[-58.132393,-32.2387527],[-58.1324288,-32.2387547],[-58.1324708,-32.238755],[-58.1325082,-32.2387504],[-58.1325395,-32.238744],[-58.1325749,-32.2387377],[-58.1326506,-32.2387196],[-58.1326856,-32.2387109],[-58.1327166,-32.238702],[-58.132742,-32.2386937],[-58.1327868,-32.2386718],[-58.1328302,-32.238653],[-58.1328691,-32.2386385],[-58.1329231,-32.2386172],[-58.1329555,-32.2386053],[-58.1329923,-32.2385925],[-58.1330285,-32.2385841],[-58.133068,-32.2385744],[-58.1331108,-32.2385635],[-58.1331566,-32.2385488],[-58.1332002,-32.2385358],[-58.1332333,-32.2385253],[-58.133259,-32.2385194],[-58.1333488,-32.2384907],[-58.1333831,-32.2384806],[-58.1334208,-32.2384657],[-58.1334526,-32.2384548],[-58.1335019,-32.2384447],[-58.1335418,-32.2384594],[-58.1335788,-32.2384744],[-58.1336088,-32.2384711],[-58.1336372,-32.2384556],[-58.1336621,-32.2384356],[-58.1336976,-32.2384132],[-58.1337449,-32.2384013],[-58.1337733,-32.2383986],[-58.1338044,-32.238399],[-58.133837,-32.2384022],[-58.133868,-32.2384061],[-58.1338974,-32.2384071],[-58.1339249,-32.2384064],[-58.1339785,-32.2383988],[-58.1340083,-32.2383896],[-58.134038,-32.2383838],[-58.1340669,-32.2383766],[-58.1341314,-32.2383563],[-58.1341596,-32.2383477],[-58.1341852,-32.2383418],[-58.1342207,-32.238332],[-58.1342458,-32.2383179],[-58.1342766,-32.2383032],[-58.1343076,-32.2382851],[-58.1343356,-32.2382672],[-58.1343615,-32.2382545],[-58.1344141,-32.2382304],[-58.1344437,-32.2382153],[-58.1344728,-32.2382013],[-58.1345012,-32.2381858],[-58.1345287,-32.2381724],[-58.1345479,-32.2381564],[-58.1345948,-32.2381202],[-58.1346176,-32.2381018],[-58.1346738,-32.2380937],[-58.1347912,-32.2380853]]]}},{"type":"Feature","properties":{"ID":0,"NCM":"0100010140900000--","SEC":14,"GRU":90,"MANZ":0},"geometry":{"type":"Polygon","coordinates":[[[-58.2150087,-32.2588027],[-58.213168,-32.2632135],[-58.2182341,-32.2648115],[-58.2200729,-32.2604363],[-58.2150087,-32.2588027]]]}},{"type":"Feature","properties":{"ID":0,"NCM":"0100010090910000--","SEC":9,"GRU":91,"MANZ":0},"geometry":{"type":"Polygon","coordinates":[[[-58.2168866,-32.254392],[-58.2150588,-32.2586853],[-58.2201371,-32.2602848],[-58.2213807,-32.2573503],[-58.2207144,-32.2556582],[-58.2168866,-32.254392]]]}},{"type":"Feature","properties":{"ID":0,"NCM":"0100011020910571--","SEC":102,"GRU":91,"MANZ":571},"geometry":{"type":"Polygon","coordinates":[[[-58.1360028,-32.2340953],[-58.1354279,-32.2347121],[-58.1361166,-32.235185],[-58.1366892,-32.2345666],[-58.1360028,-32.2340953]]]}},{"type":"Feature","properties":{"ID":0,"NCM":"0100010090920000--","SEC":9,"GRU":92,"MANZ":0},"geometry":{"type":"Polygon","coordinates":[[[-58.218807,-32.2498737],[-58.2187825,-32.2498659],[-58.2172691,-32.2535121],[-58.2172778,-32.2535871],[-58.2195937,-32.2543488],[-58.2206915,-32.2547171],[-58.2228464,-32.2539658],[-58.2238593,-32.2515667],[-58.2214312,-32.2507085],[-58.2213665,-32.2506854],[-58.218807,-32.2498737]]]}},{"type":"Feature","properties":{"ID":0,"NCM":"0100010090930000--","SEC":9,"GRU":93,"MANZ":0},"geometry":{"type":"Polygon","coordinates":[[[-58.218807,-32.2498737],[-58.2213665,-32.2506854],[-58.2214312,-32.2507085],[-58.2238593,-32.2515667],[-58.2239399,-32.2513396],[-58.2239679,-32.2512734],[-58.2239951,-32.2512068],[-58.2240129,-32.2511624],[-58.224039,-32.2510955],[-58.2240559,-32.2510508],[-58.2240808,-32.2509836],[-58.2241049,-32.2509163],[-58.2241282,-32.2508487],[-58.2241509,-32.2507809],[-58.2241728,-32.250713],[-58.2241939,-32.2506449],[-58.2242076,-32.2505994],[-58.2242275,-32.250531],[-58.2242467,-32.2504625],[-58.2242651,-32.2503938],[-58.2242827,-32.250325],[-58.2242997,-32.2502561],[-58.2243158,-32.250187],[-58.2243312,-32.2501178],[-58.2243459,-32.2500485],[-58.2243598,-32.249979],[-58.2243729,-32.2499095],[-58.2243853,-32.2498399],[-58.2243969,-32.2497701],[-58.2244078,-32.2497003],[-58.2244146,-32.2496537],[-58.2244211,-32.2496071],[-58.2244272,-32.2495604],[-58.224433,-32.2495137],[-58.2244385,-32.249467],[-58.2244436,-32.2494202],[-58.2244484,-32.2493735],[-58.2244554,-32.249325],[-58.2244622,-32.2492765],[-58.2244686,-32.249228],[-58.2244746,-32.2491795],[-58.2244831,-32.2491066],[-58.2244908,-32.2490337],[-58.2244977,-32.2489607],[-58.2245018,-32.248912],[-58.2245074,-32.2488389],[-58.2245108,-32.2487902],[-58.2245137,-32.2487414],[-58.2245176,-32.2486683],[-58.2245206,-32.2485951],[-58.2245222,-32.2485463],[-58.2245235,-32.2484975],[-58.2245247,-32.2484242],[-58.2245252,-32.248351],[-58.224525,-32.2483022],[-58.2245246,-32.2482534],[-58.2245232,-32.2481802],[-58.2245211,-32.248107],[-58.2245193,-32.2480582],[-58.2245159,-32.247985],[-58.2245117,-32.2479118],[-58.2243799,-32.2462584],[-58.2208833,-32.2451454],[-58.218807,-32.2498737]]]}},{"type":"Feature","properties":{"ID":0,"NCM":"0100010090940000--","SEC":9,"GRU":94,"MANZ":0},"geometry":{"type":"Polygon","coordinates":[[[-58.2227074,-32.2405288],[-58.2227046,-32.2405349],[-58.2207593,-32.2449404],[-58.2244643,-32.2461806],[-58.223983,-32.2409166],[-58.2227074,-32.2405288]]]}},{"type":"Feature","properties":{"ID":0,"NCM":"0100011010960000--","SEC":101,"GRU":96,"MANZ":0},"geometry":{"type":"Polygon","coordinates":[[[-58.153088,-32.2180476],[-58.1539089,-32.2186517],[-58.1551512,-32.217424],[-58.1553385,-32.2172427],[-58.1545385,-32.2166221],[-58.153088,-32.2180476]]]}},{"type":"Feature","properties":{"ID":0,"NCM":"0100011010970000--","SEC":101,"GRU":97,"MANZ":0},"geometry":{"type":"Polygon","coordinates":[[[-58.155318,-32.215856],[-58.1546934,-32.2164699],[-58.1545385,-32.2166221],[-58.1553385,-32.2172427],[-58.1563715,-32.2162368],[-58.1563439,-32.2162141],[-58.1563402,-32.216211],[-58.1563137,-32.2161932],[-58.1562905,-32.2161769],[-58.1562674,-32.2161645],[-58.156226,-32.2161432],[-58.1562036,-32.216131],[-58.1561762,-32.216121],[-58.1561338,-32.2161081],[-58.1560781,-32.2160923],[-58.1560078,-32.2160703],[-58.1559437,-32.2160492],[-58.1558892,-32.2160305],[-58.1558434,-32.216016],[-58.1558017,-32.2160033],[-58.1557631,-32.215991],[-58.1555547,-32.2159277],[-58.1554998,-32.2159115],[-58.155336,-32.2158617],[-58.155318,-32.215856]]]}},{"type":"Feature","properties":{"ID":0,"NCM":"0100011020990000--","SEC":102,"GRU":99,"MANZ":0},"geometry":{"type":"Polygon","coordinates":[[[-58.1325028,-32.2352469],[-58.1311907,-32.2366462],[-58.1324401,-32.2375568],[-58.1337899,-32.2361314],[-58.1325028,-32.2352469]]]}},{"type":"Feature","properties":{"ID":0,"NCM":"0100011011060000--","SEC":101,"GRU":106,"MANZ":0},"geometry":{"type":"Polygon","coordinates":[[[-58.155318,-32.215856],[-58.1552823,-32.2158448],[-58.1552305,-32.2158291],[-58.1552008,-32.2158207],[-58.155162,-32.2157939],[-58.1551108,-32.2157588],[-58.1550491,-32.2157413],[-58.1550001,-32.2157165],[-58.154916,-32.2156793],[-58.1548809,-32.2156667],[-58.1548318,-32.215648],[-58.1547757,-32.2156232],[-58.1546068,-32.2155847],[-58.1545016,-32.2155411],[-58.1544386,-32.2155101],[-58.1543828,-32.2154733],[-58.1543267,-32.2154484],[-58.1542776,-32.2154297],[-58.1542283,-32.215417],[-58.154196,-32.2154042],[-58.1541652,-32.215392],[-58.154116,-32.2153793],[-58.1540526,-32.2153664],[-58.1539891,-32.2153594],[-58.153926,-32.2153345],[-58.1539153,-32.2153227],[-58.1538983,-32.215304],[-58.1538705,-32.2152796],[-58.1538399,-32.2152037],[-58.1538006,-32.2151749],[-58.1537685,-32.2151209],[-58.1537263,-32.2150752],[-58.1536807,-32.2150074],[-58.1536496,-32.214938],[-58.1535864,-32.2148544],[-58.1535658,-32.2147989],[-58.1535334,-32.2147679],[-58.1535145,-32.2147169],[-58.1534924,-32.214663],[-58.1534603,-32.214583],[-58.1534435,-32.2145367],[-58.1534201,-32.2144743],[-58.153389,-32.2144137],[-58.1533565,-32.2143255],[-58.1533006,-32.2142589],[-58.1529746,-32.2145818],[-58.1517162,-32.2157819],[-58.1522812,-32.2161938],[-58.1515543,-32.2169297],[-58.153088,-32.2180476],[-58.1545385,-32.2166221],[-58.1546934,-32.2164699],[-58.155318,-32.215856]]]}},{"type":"Feature","properties":{"ID":0,"NCM":"0100011021090000--","SEC":102,"GRU":109,"MANZ":0},"geometry":{"type":"Polygon","coordinates":[[[-58.130275,-32.237274],[-58.1323245,-32.2351244],[-58.1310374,-32.2342399],[-58.1290083,-32.2363774],[-58.129048,-32.2363897],[-58.1290728,-32.2363986],[-58.129098,-32.2364064],[-58.1291339,-32.236421],[-58.1291523,-32.2364383],[-58.1291779,-32.2364578],[-58.1292094,-32.2364699],[-58.1292469,-32.2364839],[-58.129267,-32.2365005],[-58.1292845,-32.2365198],[-58.1293195,-32.2365491],[-58.1293416,-32.2365641],[-58.1293653,-32.2365819],[-58.1293898,-32.2365976],[-58.1294107,-32.2366121],[-58.1294462,-32.2366405],[-58.1294658,-32.2366581],[-58.1294878,-32.2366765],[-58.1295086,-32.2366945],[-58.1295319,-32.2367099],[-58.1295697,-32.2367297],[-58.1295981,-32.2367362],[-58.1296242,-32.236742],[-58.1296547,-32.2367596],[-58.1296887,-32.2367944],[-58.1297216,-32.2368381],[-58.1297466,-32.2368782],[-58.1297666,-32.2369075],[-58.1297817,-32.2369261],[-58.1298036,-32.2369479],[-58.1298194,-32.2369713],[-58.1298326,-32.2370008],[-58.1298638,-32.2370579],[-58.1298914,-32.2370792],[-58.1299436,-32.2371],[-58.1300072,-32.2371198],[-58.1300584,-32.2371368],[-58.1301159,-32.2371547],[-58.1301543,-32.2371666],[-58.1301824,-32.2371742],[-58.130209,-32.2371882],[-58.1302237,-32.2372078],[-58.130238,-32.2372284],[-58.1302715,-32.2372642],[-58.130275,-32.237274]]]}},{"type":"Feature","properties":{"ID":0,"NCM":"0100011021100000--","SEC":102,"GRU":110,"MANZ":0},"geometry":{"type":"Polygon","coordinates":[[[-58.132442,-32.2327316],[-58.1311452,-32.2340923],[-58.1324258,-32.2349723],[-58.1336868,-32.2336421],[-58.132442,-32.2327316]]]}},{"type":"Feature","properties":{"ID":0,"NCM":"0100010151110000--","SEC":15,"GRU":111,"MANZ":0},"geometry":{"type":"Polygon","coordinates":[[[-58.2031716,-32.2714875],[-58.2018473,-32.2715081],[-58.2029657,-32.2719495],[-58.2031716,-32.2714875]]]}},{"type":"Feature","properties":{"ID":0,"NCM":"0100011021110000--","SEC":102,"GRU":111,"MANZ":0},"geometry":{"type":"Polygon","coordinates":[[[-58.1331989,-32.2319118],[-58.1325619,-32.2325862],[-58.1338236,-32.2335044],[-58.1344604,-32.2328302],[-58.1331989,-32.2319118]]]}},{"type":"Feature","properties":{"ID":0,"NCM":"0100010151120000--","SEC":15,"GRU":112,"MANZ":0},"geometry":{"type":"Polygon","coordinates":[[[-58.2076104,-32.2616355],[-58.2056983,-32.2660335],[-58.2111102,-32.2677454],[-58.2129748,-32.2633123],[-58.2076104,-32.2616355]]]}},{"type":"Feature","properties":{"ID":0,"NCM":"0100010151130000--","SEC":15,"GRU":113,"MANZ":0},"geometry":{"type":"Polygon","coordinates":[[[-58.2096141,-32.2570865],[-58.2076858,-32.2615071],[-58.2130348,-32.2631713],[-58.2148979,-32.2587669],[-58.2096141,-32.2570865]]]}},{"type":"Feature","properties":{"ID":0,"NCM":"0100010101140000--","SEC":10,"GRU":114,"MANZ":0},"geometry":{"type":"Polygon","coordinates":[[[-58.2115651,-32.2526269],[-58.2096644,-32.2569703],[-58.2149438,-32.2586488],[-58.2167772,-32.2543556],[-58.2115651,-32.2526269]]]}},{"type":"Feature","properties":{"ID":0,"NCM":"0100010101150000--","SEC":10,"GRU":115,"MANZ":0},"geometry":{"type":"Polygon","coordinates":[[[-58.213598,-32.2482272],[-58.2119253,-32.2518092],[-58.2171371,-32.2535392],[-58.2185612,-32.2499633],[-58.213598,-32.2482272]]]}},{"type":"Feature","properties":{"ID":0,"NCM":"0100010101160000--","SEC":10,"GRU":116,"MANZ":0},"geometry":{"type":"Polygon","coordinates":[[[-58.2136829,-32.2479793],[-58.218635,-32.2498122],[-58.2207075,-32.2450895],[-58.2157165,-32.243481],[-58.2136829,-32.2479793]]]}},{"type":"Feature","properties":{"ID":0,"NCM":"0100010101170000--","SEC":10,"GRU":117,"MANZ":0},"geometry":{"type":"Polygon","coordinates":[[[-58.2175569,-32.2389444],[-58.2156465,-32.2432853],[-58.2205599,-32.244875],[-58.2225721,-32.2404584],[-58.2175569,-32.2389444]]]}},{"type":"Feature","properties":{"ID":0,"NCM":"0100011021180000--","SEC":102,"GRU":118,"MANZ":0},"geometry":{"type":"Polygon","coordinates":[[[-58.1287786,-32.2362971],[-58.1294632,-32.2355437],[-58.1279228,-32.2345043],[-58.1264829,-32.2360264],[-58.1265268,-32.2360416],[-58.126565,-32.236057],[-58.1266018,-32.2360696],[-58.1266509,-32.2360883],[-58.1267637,-32.2361233],[-58.1268581,-32.2361503],[-58.126897,-32.2361612],[-58.1272569,-32.2362729],[-58.1276912,-32.2363731],[-58.1279494,-32.2364209],[-58.1279946,-32.2364234],[-58.1280696,-32.2364293],[-58.128106,-32.2364267],[-58.1281357,-32.2364209],[-58.1281751,-32.2364147],[-58.1282133,-32.236408],[-58.1282472,-32.2363989],[-58.1282897,-32.2363855],[-58.1283454,-32.2363635],[-58.1283977,-32.2363462],[-58.1284684,-32.2363208],[-58.1284951,-32.2363094],[-58.1285291,-32.2362934],[-58.128564,-32.2362788],[-58.1285944,-32.2362651],[-58.1286407,-32.2362459],[-58.1286961,-32.2362181],[-58.1287283,-32.2362223],[-58.1287581,-32.2362385],[-58.1287634,-32.2362609],[-58.1287653,-32.2362881],[-58.1287786,-32.2362971]]]}},{"type":"Feature","properties":{"ID":0,"NCM":"0100010041180000--","SEC":4,"GRU":118,"MANZ":0},"geometry":{"type":"Polygon","coordinates":[[[-58.2194991,-32.234608],[-58.2176475,-32.2387894],[-58.222753,-32.2403182],[-58.2237655,-32.2378929],[-58.2236176,-32.2358948],[-58.2194991,-32.234608]]]}},{"type":"Feature","properties":{"ID":0,"NCM":"0100011021190000--","SEC":102,"GRU":119,"MANZ":0},"geometry":{"type":"Polygon","coordinates":[[[-58.1299882,-32.2335189],[-58.1292035,-32.2329795],[-58.127961,-32.2342856],[-58.1287367,-32.234823],[-58.1299882,-32.2335189]]]}},{"type":"Feature","properties":{"ID":0,"NCM":"0100010041190000--","SEC":4,"GRU":119,"MANZ":0},"geometry":{"type":"Polygon","coordinates":[[[-58.2215012,-32.230051],[-58.2195625,-32.2344588],[-58.2236086,-32.2357734],[-58.223449,-32.2335643],[-58.2232648,-32.2306223],[-58.2215012,-32.230051]]]}},{"type":"Feature","properties":{"ID":0,"NCM":"0100011021200660--","SEC":102,"GRU":120,"MANZ":660},"geometry":{"type":"Polygon","coordinates":[[[-58.1307872,-32.2328217],[-58.1302104,-32.2334293],[-58.130898,-32.2339227],[-58.1314761,-32.2333161],[-58.1307872,-32.2328217]]]}},{"type":"Feature","properties":{"ID":0,"NCM":"0100010041200000--","SEC":4,"GRU":120,"MANZ":0},"geometry":{"type":"Polygon","coordinates":[[[-58.222836,-32.226938],[-58.221541,-32.2299518],[-58.2232377,-32.2305077],[-58.2229779,-32.2269884],[-58.222836,-32.226938]]]}},{"type":"Feature","properties":{"ID":0,"NCM":"0100011021300000--","SEC":102,"GRU":130,"MANZ":0},"geometry":{"type":"Polygon","coordinates":[[[-58.1261665,-32.2359148],[-58.1290054,-32.2328433],[-58.1270897,-32.2315267],[-58.1270286,-32.2317191],[-58.1270076,-32.2317681],[-58.1269892,-32.2317982],[-58.1269705,-32.2318259],[-58.1269526,-32.231855],[-58.1269363,-32.2318834],[-58.1269182,-32.231916],[-58.1268888,-32.2319623],[-58.1268659,-32.2319934],[-58.1268417,-32.2320275],[-58.1268218,-32.2320548],[-58.1268056,-32.2320798],[-58.1267772,-32.2321207],[-58.1267533,-32.2321572],[-58.1267382,-32.2321861],[-58.1267023,-32.2322443],[-58.1266813,-32.2322805],[-58.1266646,-32.23231],[-58.1266413,-32.2323421],[-58.1266202,-32.232369],[-58.1266074,-32.2323893],[-58.1265929,-32.2324103],[-58.1265767,-32.2324353],[-58.1265589,-32.232461],[-58.126544,-32.2324829],[-58.1265262,-32.2325086],[-58.1265129,-32.2325299],[-58.1264988,-32.2325533],[-58.1264863,-32.232576],[-58.1264708,-32.2326058],[-58.1264355,-32.2326689],[-58.1264204,-32.2326977],[-58.1263473,-32.232868],[-58.1263305,-32.2329102],[-58.126291,-32.2330147],[-58.1262746,-32.2330593],[-58.1262547,-32.2331086],[-58.1262276,-32.2331718],[-58.1261463,-32.2333673],[-58.1261364,-32.2333966],[-58.1260987,-32.2334843],[-58.1260863,-32.2335163],[-58.1260794,-32.2335419],[-58.1260732,-32.2335816],[-58.1260653,-32.2336127],[-58.1260527,-32.2336515],[-58.1260414,-32.2336873],[-58.1260282,-32.2337179],[-58.1260188,-32.2337462],[-58.1260087,-32.2337696],[-58.1259975,-32.2337927],[-58.1259729,-32.2338498],[-58.1259556,-32.2338838],[-58.1259428,-32.233904],[-58.1259145,-32.2339415],[-58.1258915,-32.233976],[-58.1258775,-32.2339959],[-58.1258578,-32.2340164],[-58.1258332,-32.2340388],[-58.1258082,-32.2340622],[-58.1257769,-32.2341034],[-58.1257612,-32.2341274],[-58.125744,-32.2341579],[-58.125724,-32.2341886],[-58.125706,-32.2342177],[-58.1256894,-32.2342438],[-58.1256702,-32.2342725],[-58.1256515,-32.2343002],[-58.1256312,-32.2343286],[-58.1256101,-32.2343556],[-58.1255909,-32.2343843],[-58.1255727,-32.234411],[-58.1255573,-32.234434],[-58.1255265,-32.2344868],[-58.1255057,-32.2345162],[-58.1254828,-32.2345472],[-58.1254583,-32.2345789],[-58.1254359,-32.2346089],[-58.1254148,-32.2346359],[-58.1253992,-32.2346565],[-58.1253726,-32.2346898],[-58.1253515,-32.2347168],[-58.1253327,-32.2347352],[-58.1253101,-32.234756],[-58.1252918,-32.2347734],[-58.1252562,-32.2347993],[-58.1252157,-32.2348238],[-58.1251885,-32.2348396],[-58.1251583,-32.2348626],[-58.1251064,-32.2349042],[-58.1250802,-32.2349239],[-58.1250557,-32.2349463],[-58.1250327,-32.2349681],[-58.1250106,-32.2349878],[-58.124987,-32.2350047],[-58.1249452,-32.2350357],[-58.1249104,-32.2350595],[-58.1248854,-32.235083],[-58.1248366,-32.2351268],[-58.1248225,-32.2351502],[-58.1248181,-32.2351731],[-58.1248289,-32.2352018],[-58.1248565,-32.2352104],[-58.1248997,-32.2352111],[-58.1249352,-32.235214],[-58.1249621,-32.2352178],[-58.1249928,-32.2352454],[-58.1249945,-32.2352997],[-58.1249815,-32.2353439],[-58.1250803,-32.2353822],[-58.1251101,-32.2353984],[-58.1251616,-32.2354305],[-58.1251805,-32.2354434],[-58.1251961,-32.2354482],[-58.1252065,-32.2354526],[-58.1252406,-32.2354705],[-58.1252489,-32.2354773],[-58.1252756,-32.2354879],[-58.1253088,-32.2354994],[-58.1253346,-32.235512],[-58.1253657,-32.2355251],[-58.1253984,-32.2355376],[-58.125425,-32.2355516],[-58.1254515,-32.2355691],[-58.1254735,-32.2355875],[-58.1255031,-32.2356105],[-58.1255372,-32.2356292],[-58.1255623,-32.2356405],[-58.1255897,-32.2356525],[-58.1256148,-32.2356637],[-58.1256579,-32.2356806],[-58.1256962,-32.2356959],[-58.125734,-32.2357123],[-58.1257618,-32.2357267],[-58.125796,-32.2357454],[-58.1258248,-32.2357636],[-58.125851,-32.2357787],[-58.1258765,-32.2357889],[-58.1259208,-32.2358061],[-58.1259628,-32.2358192],[-58.1259963,-32.235833],[-58.1260322,-32.2358476],[-58.1260678,-32.2358691],[-58.126094,-32.2358842],[-58.1261294,-32.2358998],[-58.1261665,-32.2359148]]]}},{"type":"Feature","properties":{"ID":0,"NCM":"0100011021310000--","SEC":102,"GRU":131,"MANZ":0},"geometry":{"type":"Polygon","coordinates":[[[-58.1278273,-32.2293787],[-58.1275117,-32.2301609],[-58.1273544,-32.230594],[-58.1273203,-32.2309372],[-58.1272085,-32.2313867],[-58.1291289,-32.2327066],[-58.1305034,-32.2313097],[-58.1278273,-32.2293787]]]}},{"type":"Feature","properties":{"ID":0,"NCM":"0100010151340000--","SEC":15,"GRU":134,"MANZ":0},"geometry":{"type":"Polygon","coordinates":[[[-58.2031716,-32.2714875],[-58.205511,-32.2661053],[-58.2018372,-32.2649706],[-58.2001295,-32.2644201],[-58.197126,-32.2710809],[-58.1981513,-32.271253],[-58.1995068,-32.2714759],[-58.1998834,-32.2715242],[-58.200943,-32.271522],[-58.2018473,-32.2715081],[-58.2031716,-32.2714875]]]}},{"type":"Feature","properties":{"ID":0,"NCM":"0100010151350000--","SEC":15,"GRU":135,"MANZ":0},"geometry":{"type":"Polygon","coordinates":[[[-58.2021686,-32.2599142],[-58.2001829,-32.2643135],[-58.2055359,-32.2659715],[-58.2074578,-32.2615841],[-58.2021686,-32.2599142]]]}},{"type":"Feature","properties":{"ID":0,"NCM":"0100010151360000--","SEC":15,"GRU":136,"MANZ":0},"geometry":{"type":"Polygon","coordinates":[[[-58.2040501,-32.2554203],[-58.2022185,-32.2598373],[-58.2075052,-32.2614888],[-58.2075258,-32.2614573],[-58.2094378,-32.2570868],[-58.2040501,-32.2554203]]]}},{"type":"Feature","properties":{"ID":0,"NCM":"0100010101370000--","SEC":10,"GRU":137,"MANZ":0},"geometry":{"type":"Polygon","coordinates":[[[-58.2092675,-32.2518704],[-58.2088261,-32.2517253],[-58.2061853,-32.2508782],[-58.204233,-32.2552647],[-58.2095077,-32.2569285],[-58.2104245,-32.2548373],[-58.2106136,-32.2544003],[-58.2084267,-32.2537168],[-58.2092675,-32.2518704]]]}},{"type":"Feature","properties":{"ID":0,"NCM":"0100010101380000--","SEC":10,"GRU":138,"MANZ":0},"geometry":{"type":"Polygon","coordinates":[[[-58.2081251,-32.2463503],[-58.2065223,-32.2500222],[-58.2117155,-32.2517575],[-58.2117221,-32.2517435],[-58.2134218,-32.2481176],[-58.2081251,-32.2463503]]]}},{"type":"Feature","properties":{"ID":0,"NCM":"0100010101390000--","SEC":10,"GRU":139,"MANZ":0},"geometry":{"type":"Polygon","coordinates":[[[-58.2136829,-32.2479793],[-58.2157165,-32.243481],[-58.2102048,-32.2417199],[-58.2090632,-32.2442569],[-58.2082387,-32.2461342],[-58.2136829,-32.2479793]]]}},{"type":"Feature","properties":{"ID":0,"NCM":"0100010101400000--","SEC":10,"GRU":140,"MANZ":0},"geometry":{"type":"Polygon","coordinates":[[[-58.2122018,-32.2372841],[-58.2102889,-32.2415993],[-58.2154725,-32.2432311],[-58.217284,-32.2388599],[-58.2122018,-32.2372841]]]}},{"type":"Feature","properties":{"ID":0,"NCM":"0100010041420000--","SEC":4,"GRU":142,"MANZ":0},"geometry":{"type":"Polygon","coordinates":[[[-58.2161459,-32.2283268],[-58.2141941,-32.2327407],[-58.2194166,-32.234424],[-58.2213498,-32.230021],[-58.2161459,-32.2283268]]]}},{"type":"Feature","properties":{"ID":0,"NCM":"0100010041430000--","SEC":4,"GRU":143,"MANZ":0},"geometry":{"type":"Polygon","coordinates":[[[-58.2181261,-32.2238078],[-58.2161832,-32.2282098],[-58.221379,-32.2299018],[-58.2226967,-32.2268885],[-58.2225787,-32.2252455],[-58.2181261,-32.2238078]]]}},{"type":"Feature","properties":{"ID":0,"NCM":"0100010151570000--","SEC":15,"GRU":157,"MANZ":0},"geometry":{"type":"Polygon","coordinates":[[[-58.1924465,-32.268779],[-58.1930115,-32.2690559],[-58.1936363,-32.269353],[-58.1941752,-32.2696231],[-58.1946737,-32.2698698],[-58.1952734,-32.2701643],[-58.1958939,-32.2704637],[-58.1964803,-32.2707451],[-58.1970315,-32.2710339],[-58.200011,-32.2643918],[-58.1988384,-32.264024],[-58.1969335,-32.2634253],[-58.1949796,-32.2628137],[-58.1924465,-32.268779]]]}},{"type":"Feature","properties":{"ID":0,"NCM":"0100010151580000--","SEC":15,"GRU":158,"MANZ":0},"geometry":{"type":"Polygon","coordinates":[[[-58.196907,-32.2582698],[-58.1950408,-32.2626848],[-58.2000814,-32.2642216],[-58.2020095,-32.2598772],[-58.196907,-32.2582698]]]}},{"type":"Feature","properties":{"ID":0,"NCM":"0100010151590000--","SEC":15,"GRU":159,"MANZ":0},"geometry":{"type":"Polygon","coordinates":[[[-58.1989242,-32.2537308],[-58.1969703,-32.2581233],[-58.2020537,-32.2597324],[-58.2039916,-32.2553172],[-58.1989242,-32.2537308]]]}},{"type":"Feature","properties":{"ID":0,"NCM":"0100010101600000--","SEC":10,"GRU":160,"MANZ":0},"geometry":{"type":"Polygon","coordinates":[[[-58.2033906,-32.24993],[-58.201489,-32.2493106],[-58.2009657,-32.2491378],[-58.1989795,-32.2535948],[-58.204131,-32.2552208],[-58.2059869,-32.2507857],[-58.2034698,-32.2499558],[-58.2028666,-32.2512933],[-58.2027867,-32.2512689],[-58.2033906,-32.24993]]]}},{"type":"Feature","properties":{"ID":0,"NCM":"0100010101610000--","SEC":10,"GRU":161,"MANZ":0},"geometry":{"type":"Polygon","coordinates":[[[-58.1998482,-32.2478064],[-58.2061617,-32.2499538],[-58.2078575,-32.2462731],[-58.2014923,-32.2441958],[-58.1998482,-32.2478064]]]}},{"type":"Feature","properties":{"ID":0,"NCM":"0100010101620000--","SEC":10,"GRU":162,"MANZ":0},"geometry":{"type":"Polygon","coordinates":[[[-58.2049455,-32.2400026],[-58.2029325,-32.2445247],[-58.2080486,-32.2461717],[-58.2100595,-32.2416625],[-58.2049455,-32.2400026]]]}},{"type":"Feature","properties":{"ID":0,"NCM":"0100010101630000--","SEC":10,"GRU":163,"MANZ":0},"geometry":{"type":"Polygon","coordinates":[[[-58.2068968,-32.235559],[-58.204866,-32.2398409],[-58.2101147,-32.2415512],[-58.2120495,-32.2371065],[-58.2068968,-32.235559]]]}},{"type":"Feature","properties":{"ID":0,"NCM":"0100010041640000--","SEC":4,"GRU":164,"MANZ":0},"geometry":{"type":"Polygon","coordinates":[[[-58.2088505,-32.2311314],[-58.2069727,-32.2353889],[-58.2121377,-32.2370233],[-58.2140033,-32.2328001],[-58.2088505,-32.2311314]]]}},{"type":"Feature","properties":{"ID":0,"NCM":"0100010041650000--","SEC":4,"GRU":165,"MANZ":0},"geometry":{"type":"Polygon","coordinates":[[[-58.2108547,-32.2266178],[-58.2089138,-32.230996],[-58.2140462,-32.2326933],[-58.2159986,-32.2282827],[-58.2159939,-32.2282812],[-58.2108547,-32.2266178]]]}},{"type":"Feature","properties":{"ID":0,"NCM":"0100010041660000--","SEC":4,"GRU":166,"MANZ":0},"geometry":{"type":"Polygon","coordinates":[[[-58.2128145,-32.2221236],[-58.2109063,-32.226481],[-58.2160463,-32.2281702],[-58.2179864,-32.2237592],[-58.2128145,-32.2221236]]]}},{"type":"Feature","properties":{"ID":0,"NCM":"0100010151790000--","SEC":15,"GRU":179,"MANZ":0},"geometry":{"type":"Polygon","coordinates":[[[-58.1879954,-32.2643482],[-58.1889208,-32.2652812],[-58.1896754,-32.2660913],[-58.191186,-32.2676397],[-58.1923166,-32.2687055],[-58.1930194,-32.2670187],[-58.194815,-32.2627718],[-58.1894819,-32.2610857],[-58.1879954,-32.2643482]]]}},{"type":"Feature","properties":{"ID":0,"NCM":"0100010151800000--","SEC":15,"GRU":180,"MANZ":0},"geometry":{"type":"Polygon","coordinates":[[[-58.1914813,-32.2565335],[-58.1895628,-32.2609765],[-58.1948929,-32.2626049],[-58.1967879,-32.2582157],[-58.1914813,-32.2565335]]]}},{"type":"Feature","properties":{"ID":0,"NCM":"0100010151810000--","SEC":15,"GRU":181,"MANZ":0},"geometry":{"type":"Polygon","coordinates":[[[-58.1951603,-32.2550596],[-58.197812,-32.2558881],[-58.1987783,-32.2536902],[-58.1934817,-32.2520234],[-58.1915252,-32.2564333],[-58.1941835,-32.2572584],[-58.1951603,-32.2550596]]]}},{"type":"Feature","properties":{"ID":0,"NCM":"0100010101820000--","SEC":10,"GRU":182,"MANZ":0},"geometry":{"type":"Polygon","coordinates":[[[-58.195545,-32.2473307],[-58.1935331,-32.2518969],[-58.1988343,-32.2535672],[-58.2007888,-32.2490827],[-58.195545,-32.2473307]]]}},{"type":"Feature","properties":{"ID":0,"NCM":"0100010101830000--","SEC":10,"GRU":183,"MANZ":0},"geometry":{"type":"Polygon","coordinates":[[[-58.1998482,-32.2478064],[-58.2014923,-32.2441958],[-58.1975244,-32.2429008],[-58.1959282,-32.2464906],[-58.1970098,-32.2468513],[-58.19849,-32.2473473],[-58.1986613,-32.2474057],[-58.1998482,-32.2478064]]]}},{"type":"Feature","properties":{"ID":0,"NCM":"0100010101840000--","SEC":10,"GRU":184,"MANZ":0},"geometry":{"type":"Polygon","coordinates":[[[-58.199555,-32.2382937],[-58.1975796,-32.242762],[-58.2027121,-32.2444468],[-58.2048372,-32.239968],[-58.199555,-32.2382937]]]}},{"type":"Feature","properties":{"ID":0,"NCM":"0100010101850000--","SEC":10,"GRU":185,"MANZ":0},"geometry":{"type":"Polygon","coordinates":[[[-58.2015203,-32.2338222],[-58.1996264,-32.2381737],[-58.2044746,-32.2397161],[-58.2065046,-32.2354171],[-58.2015203,-32.2338222]]]}},{"type":"Feature","properties":{"ID":0,"NCM":"0100010041860000--","SEC":4,"GRU":186,"MANZ":0},"geometry":{"type":"Polygon","coordinates":[[[-58.2035311,-32.2292906],[-58.2015915,-32.2336613],[-58.2067284,-32.2352743],[-58.2086975,-32.2310785],[-58.2035311,-32.2292906]]]}},{"type":"Feature","properties":{"ID":0,"NCM":"0100010041870000--","SEC":4,"GRU":187,"MANZ":0},"geometry":{"type":"Polygon","coordinates":[[[-58.2054839,-32.2249097],[-58.20359,-32.2291576],[-58.2087672,-32.2309475],[-58.2106942,-32.226573],[-58.2054839,-32.2249097]]]}},{"type":"Feature","properties":{"ID":0,"NCM":"0100010041880000--","SEC":4,"GRU":188,"MANZ":0},"geometry":{"type":"Polygon","coordinates":[[[-58.2074476,-32.2204074],[-58.2055313,-32.2247363],[-58.2107358,-32.2264784],[-58.2126649,-32.2220769],[-58.2074476,-32.2204074]]]}},{"type":"Feature","properties":{"ID":0,"NCM":"0100010152000000--","SEC":15,"GRU":200,"MANZ":0},"geometry":{"type":"Polygon","coordinates":[[[-58.1825933,-32.2615924],[-58.183191,-32.2622167],[-58.1842054,-32.2626001],[-58.185146,-32.2629587],[-58.1854942,-32.2630952],[-58.1878804,-32.2642905],[-58.1893178,-32.2610236],[-58.1861675,-32.2600484],[-58.1837601,-32.2592859],[-58.1836965,-32.2593093],[-58.1825933,-32.2615924]]]}},{"type":"Feature","properties":{"ID":0,"NCM":"0100010152010000--","SEC":15,"GRU":201,"MANZ":0},"geometry":{"type":"Polygon","coordinates":[[[-58.1859036,-32.2547531],[-58.1837909,-32.2591501],[-58.1894105,-32.2609291],[-58.1913481,-32.256491],[-58.1859036,-32.2547531]]]}},{"type":"Feature","properties":{"ID":0,"NCM":"0100010152020000--","SEC":15,"GRU":202,"MANZ":0},"geometry":{"type":"Polygon","coordinates":[[[-58.1881681,-32.2501497],[-58.1859576,-32.2546447],[-58.191394,-32.2563908],[-58.193335,-32.2519685],[-58.1881681,-32.2501497]]]}},{"type":"Feature","properties":{"ID":0,"NCM":"0100010102030000--","SEC":10,"GRU":203,"MANZ":0},"geometry":{"type":"Polygon","coordinates":[[[-58.1903364,-32.2455987],[-58.1882114,-32.250033],[-58.1933662,-32.2518404],[-58.1953978,-32.2472864],[-58.1903364,-32.2455987]]]}},{"type":"Feature","properties":{"ID":0,"NCM":"0100010102040000--","SEC":10,"GRU":204,"MANZ":0},"geometry":{"type":"Polygon","coordinates":[[[-58.1922638,-32.2412073],[-58.1906973,-32.2447517],[-58.1957755,-32.2464403],[-58.1974222,-32.2428671],[-58.1922638,-32.2412073]]]}},{"type":"Feature","properties":{"ID":0,"NCM":"0100010102050000--","SEC":10,"GRU":205,"MANZ":0},"geometry":{"type":"Polygon","coordinates":[[[-58.1942973,-32.2365973],[-58.1923164,-32.2410684],[-58.1974399,-32.2427161],[-58.1994318,-32.2382539],[-58.1942973,-32.2365973]]]}},{"type":"Feature","properties":{"ID":0,"NCM":"0100010102060000--","SEC":10,"GRU":206,"MANZ":0},"geometry":{"type":"Polygon","coordinates":[[[-58.1962456,-32.2321314],[-58.1943889,-32.2364332],[-58.1995036,-32.2380794],[-58.2013896,-32.2337509],[-58.1962456,-32.2321314]]]}},{"type":"Feature","properties":{"ID":0,"NCM":"0100010042070000--","SEC":4,"GRU":207,"MANZ":0},"geometry":{"type":"Polygon","coordinates":[[[-58.1982865,-32.2274732],[-58.1962929,-32.2320235],[-58.2014478,-32.2336197],[-58.2033944,-32.2292433],[-58.1982865,-32.2274732]]]}},{"type":"Feature","properties":{"ID":0,"NCM":"0100010042080000--","SEC":4,"GRU":208,"MANZ":0},"geometry":{"type":"Polygon","coordinates":[[[-58.2002128,-32.2231472],[-58.2001639,-32.2231617],[-58.1983296,-32.2273734],[-58.2034404,-32.2291128],[-58.2052942,-32.2248249],[-58.2002128,-32.2231472]]]}},{"type":"Feature","properties":{"ID":0,"NCM":"0100010042090000--","SEC":4,"GRU":209,"MANZ":0},"geometry":{"type":"Polygon","coordinates":[[[-58.2021178,-32.2187389],[-58.2002335,-32.2230214],[-58.205377,-32.2247262],[-58.2073196,-32.2203847],[-58.2021178,-32.2187389]]]}},{"type":"Feature","properties":{"ID":0,"NCM":"0100010162220000--","SEC":16,"GRU":222,"MANZ":0},"geometry":{"type":"Polygon","coordinates":[[[-58.1825,-32.2614869],[-58.1835714,-32.2592304],[-58.1784562,-32.2575981],[-58.1782769,-32.2580047],[-58.1787523,-32.2581864],[-58.1825,-32.2614869]]]}},{"type":"Feature","properties":{"ID":0,"NCM":"0100010162240000--","SEC":16,"GRU":224,"MANZ":0},"geometry":{"type":"Polygon","coordinates":[[[-58.1815918,-32.250579],[-58.1842514,-32.2514742],[-58.183162,-32.2537777],[-58.185822,-32.2546086],[-58.1880159,-32.2500867],[-58.1826714,-32.2481919],[-58.1815931,-32.2505763],[-58.1815918,-32.250579]]]}},{"type":"Feature","properties":{"ID":0,"NCM":"0100010112250000--","SEC":11,"GRU":225,"MANZ":0},"geometry":{"type":"Polygon","coordinates":[[[-58.1862943,-32.2492775],[-58.1867502,-32.2483412],[-58.1868314,-32.2481745],[-58.1873019,-32.2472083],[-58.187383,-32.2470417],[-58.1878535,-32.2460755],[-58.1879347,-32.2459089],[-58.1884018,-32.2449496],[-58.1846956,-32.2437087],[-58.1827347,-32.2480519],[-58.186267,-32.2493334],[-58.1862943,-32.2492775]]]}},{"type":"Feature","properties":{"ID":0,"NCM":"0100010112260000--","SEC":11,"GRU":226,"MANZ":0},"geometry":{"type":"Polygon","coordinates":[[[-58.1866742,-32.239383],[-58.1851012,-32.2428939],[-58.1905697,-32.2447084],[-58.1920924,-32.241143],[-58.1866742,-32.239383]]]}},{"type":"Feature","properties":{"ID":0,"NCM":"0100010112270000--","SEC":11,"GRU":227,"MANZ":0},"geometry":{"type":"Polygon","coordinates":[[[-58.1892163,-32.2389098],[-58.1893046,-32.238711],[-58.189724,-32.2377664],[-58.1897625,-32.2376797],[-58.1931694,-32.2387896],[-58.1941647,-32.2365479],[-58.188726,-32.2348003],[-58.1867347,-32.2392492],[-58.1887716,-32.2399112],[-58.1887969,-32.2398544],[-58.1892163,-32.2389098]]]}},{"type":"Feature","properties":{"ID":0,"NCM":"0100010112280000--","SEC":11,"GRU":228,"MANZ":0},"geometry":{"type":"Polygon","coordinates":[[[-58.1906242,-32.2305226],[-58.1887976,-32.2346662],[-58.1942109,-32.2364235],[-58.196045,-32.2322139],[-58.1906242,-32.2305226]]]}},{"type":"Feature","properties":{"ID":0,"NCM":"0100010052290000--","SEC":5,"GRU":229,"MANZ":0},"geometry":{"type":"Polygon","coordinates":[[[-58.1928534,-32.2255638],[-58.1906702,-32.23041],[-58.1961228,-32.2320893],[-58.1981373,-32.2274257],[-58.1928534,-32.2255638]]]}},{"type":"Feature","properties":{"ID":0,"NCM":"0100010052300000--","SEC":5,"GRU":230,"MANZ":0},"geometry":{"type":"Polygon","coordinates":[[[-58.1946934,-32.221448],[-58.1929094,-32.2254579],[-58.1982078,-32.2272944],[-58.2000422,-32.2230969],[-58.1946934,-32.221448]]]}},{"type":"Feature","properties":{"ID":0,"NCM":"0100010052310000--","SEC":5,"GRU":231,"MANZ":0},"geometry":{"type":"Polygon","coordinates":[[[-58.1967011,-32.2170017],[-58.194773,-32.2213245],[-58.2000853,-32.2229709],[-58.2019493,-32.2187075],[-58.1967011,-32.2170017]]]}},{"type":"Feature","properties":{"ID":0,"NCM":"0100010162450000--","SEC":16,"GRU":245,"MANZ":0},"geometry":{"type":"Polygon","coordinates":[[[-58.1724154,-32.2568578],[-58.1732429,-32.2571223],[-58.1744239,-32.2575071],[-58.1739255,-32.2586607],[-58.173904,-32.2587339],[-58.1739181,-32.2587588],[-58.174188,-32.2588659],[-58.1754676,-32.2592825],[-58.1764592,-32.2596138],[-58.1768549,-32.2597456],[-58.1778562,-32.2600707],[-58.1780504,-32.2596637],[-58.1784365,-32.2588886],[-58.1786435,-32.2584289],[-58.1787523,-32.2581864],[-58.1782769,-32.2580047],[-58.1780916,-32.2579396],[-58.1794838,-32.2548268],[-58.180278,-32.2530194],[-58.1777011,-32.2522017],[-58.1748347,-32.2512927],[-58.1725191,-32.2562339],[-58.1724438,-32.2564017],[-58.1723225,-32.2565721],[-58.1724154,-32.2568578]]]}},{"type":"Feature","properties":{"ID":0,"NCM":"0100010162460000--","SEC":16,"GRU":246,"MANZ":0},"geometry":{"type":"Polygon","coordinates":[[[-58.1770812,-32.246185],[-58.174887,-32.2511731],[-58.1803545,-32.2528969],[-58.1825363,-32.2481574],[-58.1770812,-32.246185]]]}},{"type":"Feature","properties":{"ID":0,"NCM":"0100010112470000--","SEC":11,"GRU":247,"MANZ":0},"geometry":{"type":"Polygon","coordinates":[[[-58.1818739,-32.2427725],[-58.179026,-32.2418147],[-58.1771349,-32.2460616],[-58.1799012,-32.2470424],[-58.1818739,-32.2427725]]]}},{"type":"Feature","properties":{"ID":0,"NCM":"0100010112480000--","SEC":11,"GRU":248,"MANZ":0},"geometry":{"type":"Polygon","coordinates":[[[-58.1809718,-32.237528],[-58.1793905,-32.2409865],[-58.1849462,-32.2428489],[-58.1865194,-32.2393342],[-58.1809718,-32.237528]]]}},{"type":"Feature","properties":{"ID":0,"NCM":"0100010112490000--","SEC":11,"GRU":249,"MANZ":0},"geometry":{"type":"Polygon","coordinates":[[[-58.183124,-32.2329325],[-58.1810767,-32.2374046],[-58.1866016,-32.2391859],[-58.188607,-32.2347144],[-58.183124,-32.2329325]]]}},{"type":"Feature","properties":{"ID":0,"NCM":"0100010112500000--","SEC":11,"GRU":250,"MANZ":0},"geometry":{"type":"Polygon","coordinates":[[[-58.1850009,-32.2288324],[-58.1831517,-32.2328721],[-58.1886547,-32.234608],[-58.1904966,-32.2304773],[-58.1850009,-32.2288324]]]}},{"type":"Feature","properties":{"ID":0,"NCM":"0100010052510000--","SEC":5,"GRU":251,"MANZ":0},"geometry":{"type":"Polygon","coordinates":[[[-58.1873053,-32.2236154],[-58.1849288,-32.2286783],[-58.1905534,-32.2303811],[-58.1927531,-32.2254606],[-58.1873053,-32.2236154]]]}},{"type":"Feature","properties":{"ID":0,"NCM":"0100010052530000--","SEC":5,"GRU":253,"MANZ":0},"geometry":{"type":"Polygon","coordinates":[[[-58.1912562,-32.2152353],[-58.1892988,-32.2195687],[-58.1946225,-32.2212762],[-58.1965474,-32.2169621],[-58.1912562,-32.2152353]]]}},{"type":"Feature","properties":{"ID":0,"NCM":"0100010162660000--","SEC":16,"GRU":266,"MANZ":0},"geometry":{"type":"Polygon","coordinates":[[[-58.1659943,-32.2555908],[-58.1660567,-32.2556947],[-58.1660713,-32.255719],[-58.1661009,-32.2557682],[-58.1661335,-32.2558224],[-58.1662727,-32.256054],[-58.167938,-32.2561675],[-58.1690984,-32.2560206],[-58.1699696,-32.2558694],[-58.1700611,-32.2561164],[-58.1705416,-32.2562053],[-58.1709156,-32.2562638],[-58.1711106,-32.25623],[-58.1714374,-32.2562831],[-58.1718646,-32.2563014],[-58.1723253,-32.2562921],[-58.1746714,-32.2512502],[-58.1733571,-32.250839],[-58.1721979,-32.2504799],[-58.1691479,-32.2494915],[-58.1683741,-32.2510509],[-58.166641,-32.2543322],[-58.1659943,-32.2555908]]]}},{"type":"Feature","properties":{"ID":0,"NCM":"0100010162670000--","SEC":16,"GRU":267,"MANZ":0},"geometry":{"type":"Polygon","coordinates":[[[-58.1716319,-32.2442899],[-58.1692086,-32.2493668],[-58.1747349,-32.2511253],[-58.1769542,-32.2461492],[-58.1716319,-32.2442899]]]}},{"type":"Feature","properties":{"ID":0,"NCM":"0100010112680000--","SEC":11,"GRU":268,"MANZ":0},"geometry":{"type":"Polygon","coordinates":[[[-58.1722236,-32.2430749],[-58.1717184,-32.244107],[-58.1770497,-32.2459375],[-58.1788846,-32.2417319],[-58.1784799,-32.2415907],[-58.1763487,-32.240894],[-58.1757459,-32.2406859],[-58.1757247,-32.240679],[-58.1742516,-32.2437713],[-58.1740895,-32.2437156],[-58.1722236,-32.2430749]]]}},{"type":"Feature","properties":{"ID":0,"NCM":"0100010112690000--","SEC":11,"GRU":269,"MANZ":0},"geometry":{"type":"Polygon","coordinates":[[[-58.1757698,-32.2357689],[-58.1741686,-32.2391717],[-58.1792675,-32.2409299],[-58.1808249,-32.2374898],[-58.1757698,-32.2357689]]]}},{"type":"Feature","properties":{"ID":0,"NCM":"0100010112700000--","SEC":11,"GRU":270,"MANZ":0},"geometry":{"type":"Polygon","coordinates":[[[-58.177788,-32.2311994],[-58.1758443,-32.2356662],[-58.1809011,-32.237347],[-58.1829723,-32.2328832],[-58.177788,-32.2311994]]]}},{"type":"Feature","properties":{"ID":0,"NCM":"0100010112710000--","SEC":11,"GRU":271,"MANZ":0},"geometry":{"type":"Polygon","coordinates":[[[-58.1795613,-32.2272397],[-58.1777882,-32.2311145],[-58.1829997,-32.2328242],[-58.1848698,-32.2287932],[-58.1828889,-32.2282022],[-58.1828733,-32.2282357],[-58.1823061,-32.2280716],[-58.1818377,-32.2290908],[-58.18036,-32.2286262],[-58.1808218,-32.2276206],[-58.1806229,-32.2275583],[-58.1806276,-32.2275481],[-58.1795613,-32.2272397]]]}},{"type":"Feature","properties":{"ID":0,"NCM":"0100010052720000--","SEC":5,"GRU":272,"MANZ":0},"geometry":{"type":"Polygon","coordinates":[[[-58.1796833,-32.2271399],[-58.1847132,-32.2286157],[-58.1871793,-32.2235822],[-58.182112,-32.2218876],[-58.1796833,-32.2271399]]]}},{"type":"Feature","properties":{"ID":0,"NCM":"0100010052730000--","SEC":5,"GRU":273,"MANZ":0},"geometry":{"type":"Polygon","coordinates":[[[-58.1839145,-32.2179667],[-58.1821002,-32.2217299],[-58.1871137,-32.2234152],[-58.1889491,-32.2196017],[-58.1839145,-32.2179667]]]}},{"type":"Feature","properties":{"ID":0,"NCM":"0100010052740000--","SEC":5,"GRU":274,"MANZ":0},"geometry":{"type":"Polygon","coordinates":[[[-58.1878506,-32.2157469],[-58.1879496,-32.2157792],[-58.1876288,-32.2164872],[-58.1888878,-32.2169032],[-58.1883118,-32.2181784],[-58.1870536,-32.2177626],[-58.1866297,-32.218701],[-58.1889999,-32.2194843],[-58.1910173,-32.2151593],[-58.1859067,-32.2135338],[-58.1839049,-32.2178089],[-58.1865308,-32.2186684],[-58.1878506,-32.2157469]]]}},{"type":"Feature","properties":{"ID":0,"NCM":"0100010162870000--","SEC":16,"GRU":287,"MANZ":0},"geometry":{"type":"Polygon","coordinates":[[[-58.1658898,-32.2554265],[-58.1690173,-32.2494508],[-58.1665298,-32.248635],[-58.1638062,-32.247763],[-58.1622678,-32.251064],[-58.1622682,-32.2511383],[-58.1622678,-32.2511613],[-58.1622689,-32.251187],[-58.1622693,-32.2512114],[-58.1622708,-32.251236],[-58.1622716,-32.2512594],[-58.1622735,-32.2512831],[-58.1622758,-32.2513059],[-58.1622844,-32.2513481],[-58.1622966,-32.251388],[-58.1623122,-32.2514224],[-58.1623361,-32.2514559],[-58.1623544,-32.2514746],[-58.1623734,-32.2514946],[-58.1623921,-32.2515122],[-58.1624268,-32.2515445],[-58.1624657,-32.2515759],[-58.1624867,-32.2515943],[-58.1625092,-32.2516153],[-58.1625313,-32.2516372],[-58.1625518,-32.2516599],[-58.1625728,-32.2516815],[-58.1625895,-32.2517008],[-58.1626066,-32.2517191],[-58.1626229,-32.2517393],[-58.1626427,-32.2517606],[-58.1626629,-32.2517842],[-58.1626841,-32.2518082],[-58.1627047,-32.2518308],[-58.162726,-32.2518547],[-58.1627465,-32.2518774],[-58.1627667,-32.2518977],[-58.1627858,-32.2519143],[-58.1628052,-32.25193],[-58.1628653,-32.2519732],[-58.1629276,-32.2520203],[-58.1629614,-32.2520424],[-58.1629931,-32.2520629],[-58.1630288,-32.2520867],[-58.1630667,-32.2521111],[-58.1630916,-32.2521262],[-58.1631177,-32.2521417],[-58.1631403,-32.2521561],[-58.1631924,-32.2521903],[-58.1632453,-32.2522225],[-58.1632767,-32.2522406],[-58.1633453,-32.2522819],[-58.1633822,-32.2523028],[-58.1634224,-32.2523279],[-58.1635444,-32.2523971],[-58.1635851,-32.252418],[-58.1636277,-32.2524406],[-58.1636722,-32.2524648],[-58.1637182,-32.2524917],[-58.1637646,-32.2525208],[-58.1638137,-32.2525497],[-58.1638612,-32.252576],[-58.1639073,-32.2525995],[-58.1639511,-32.2526191],[-58.1639953,-32.252641],[-58.1640382,-32.2526659],[-58.1640762,-32.2526904],[-58.1641158,-32.2527264],[-58.1641275,-32.2527486],[-58.164139,-32.252774],[-58.1641638,-32.2528243],[-58.1641754,-32.2528498],[-58.1641884,-32.2528779],[-58.1641981,-32.252905],[-58.1642187,-32.2529431],[-58.164235,-32.2529634],[-58.1642836,-32.2530725],[-58.1642932,-32.2530963],[-58.1643083,-32.2531195],[-58.1643345,-32.2531537],[-58.1643558,-32.2531777],[-58.1643883,-32.2532027],[-58.1644193,-32.2532251],[-58.1644499,-32.2532452],[-58.1644737,-32.25326],[-58.1645073,-32.2532854],[-58.1645358,-32.253317],[-58.1645604,-32.2533518],[-58.1645846,-32.2533877],[-58.1646134,-32.2534249],[-58.1646307,-32.2534553],[-58.1646489,-32.2534805],[-58.164669,-32.2535074],[-58.1646857,-32.2535267],[-58.1647,-32.2535552],[-58.1647095,-32.2535856],[-58.1647264,-32.253617],[-58.1647377,-32.2536402],[-58.1647492,-32.2536689],[-58.1647647,-32.2537165],[-58.1647694,-32.2537587],[-58.1647729,-32.2537817],[-58.1647814,-32.2538305],[-58.1647829,-32.2538552],[-58.1647851,-32.2539066],[-58.1647875,-32.2539293],[-58.164798,-32.2539699],[-58.164807,-32.2539924],[-58.1648182,-32.2540155],[-58.1648283,-32.2540384],[-58.164838,-32.2540622],[-58.1648469,-32.2540847],[-58.1648618,-32.254121],[-58.1648773,-32.25414],[-58.1649171,-32.2541694],[-58.1649593,-32.2541929],[-58.1649831,-32.2542044],[-58.1650304,-32.254225],[-58.1650723,-32.254243],[-58.1650996,-32.2542522],[-58.1651525,-32.2542656],[-58.1652328,-32.2542751],[-58.1652857,-32.2542886],[-58.1653466,-32.2543045],[-58.1653797,-32.2543121],[-58.1654133,-32.2543187],[-58.16545,-32.2543274],[-58.1654694,-32.2543324],[-58.1655051,-32.2543419],[-58.1655316,-32.2543563],[-58.1655386,-32.2543587],[-58.1655644,-32.2543771],[-58.1655867,-32.2543882],[-58.16561,-32.2544012],[-58.1656271,-32.2544097],[-58.1656397,-32.2544145],[-58.1656692,-32.2544409],[-58.1656911,-32.2544694],[-58.1657074,-32.254493],[-58.165727,-32.2545274],[-58.1657276,-32.2545296],[-58.1657579,-32.254569],[-58.1657713,-32.2545916],[-58.1657792,-32.254612],[-58.1657797,-32.2546329],[-58.1657783,-32.2546568],[-58.1657803,-32.2546755],[-58.165789,-32.2547111],[-58.1657927,-32.2547463],[-58.165795,-32.2547724],[-58.1657957,-32.254799],[-58.1658011,-32.2548458],[-58.1658214,-32.2549289],[-58.1658284,-32.2549531],[-58.1658349,-32.2549781],[-58.1658423,-32.2550013],[-58.1658465,-32.2550256],[-58.1658512,-32.2550491],[-58.1658547,-32.2550721],[-58.1658583,-32.255114],[-58.1658617,-32.2551403],[-58.1658659,-32.255168],[-58.1658693,-32.2551944],[-58.165872,-32.2552194],[-58.1658706,-32.2552576],[-58.1658686,-32.2552845],[-58.1658692,-32.255321],[-58.1658738,-32.2553444],[-58.1658818,-32.2553788],[-58.1658853,-32.2554018],[-58.1658898,-32.2554265]]]}},{"type":"Feature","properties":{"ID":0,"NCM":"0100010162880000--","SEC":16,"GRU":288,"MANZ":0},"geometry":{"type":"Polygon","coordinates":[[[-58.1663275,-32.2423746],[-58.1638583,-32.2476518],[-58.1690583,-32.2493164],[-58.1714883,-32.2442216],[-58.1663275,-32.2423746]]]}},{"type":"Feature","properties":{"ID":0,"NCM":"0100010112890000--","SEC":11,"GRU":289,"MANZ":0},"geometry":{"type":"Polygon","coordinates":[[[-58.1682839,-32.238224],[-58.1663835,-32.2422549],[-58.1715549,-32.2441115],[-58.173584,-32.2399565],[-58.171005,-32.2390694],[-58.1694733,-32.2385572],[-58.168292,-32.2382264],[-58.1682839,-32.238224]]]}},{"type":"Feature","properties":{"ID":0,"NCM":"0100010112900000--","SEC":11,"GRU":290,"MANZ":0},"geometry":{"type":"Polygon","coordinates":[[[-58.1702971,-32.2338935],[-58.1686956,-32.2373973],[-58.1740148,-32.2391274],[-58.1756311,-32.2357313],[-58.1702971,-32.2338935]]]}},{"type":"Feature","properties":{"ID":0,"NCM":"0100010112910000--","SEC":11,"GRU":291,"MANZ":0},"geometry":{"type":"Polygon","coordinates":[[[-58.1723066,-32.2294934],[-58.1703663,-32.2337479],[-58.1756592,-32.235607],[-58.1776078,-32.2311972],[-58.1723066,-32.2294934]]]}},{"type":"Feature","properties":{"ID":0,"NCM":"0100010112920000--","SEC":11,"GRU":292,"MANZ":0},"geometry":{"type":"Polygon","coordinates":[[[-58.1786065,-32.229035],[-58.1794296,-32.2271906],[-58.1741344,-32.2256328],[-58.1724039,-32.2293569],[-58.1762063,-32.2305939],[-58.1771369,-32.2285512],[-58.1786065,-32.229035]]]}},{"type":"Feature","properties":{"ID":0,"NCM":"0100010052930000--","SEC":5,"GRU":293,"MANZ":0},"geometry":{"type":"Polygon","coordinates":[[[-58.176802,-32.2199932],[-58.1742098,-32.225503],[-58.1794952,-32.2270858],[-58.1818952,-32.221676],[-58.176802,-32.2199932]]]}},{"type":"Feature","properties":{"ID":0,"NCM":"0100010052940000--","SEC":5,"GRU":294,"MANZ":0},"geometry":{"type":"Polygon","coordinates":[[[-58.1787772,-32.2162652],[-58.1770553,-32.2198832],[-58.1819423,-32.2215698],[-58.1837086,-32.2178785],[-58.1787772,-32.2162652]]]}},{"type":"Feature","properties":{"ID":0,"NCM":"0100010052950000--","SEC":5,"GRU":295,"MANZ":0},"geometry":{"type":"Polygon","coordinates":[[[-58.1805884,-32.2117933],[-58.1785801,-32.216072],[-58.1837707,-32.2177515],[-58.1857699,-32.2134985],[-58.1805884,-32.2117933]]]}},{"type":"Feature","properties":{"ID":0,"NCM":"0100010163060000--","SEC":16,"GRU":306,"MANZ":0},"geometry":{"type":"Polygon","coordinates":[[[-58.1622554,-32.2507826],[-58.1636637,-32.2477211],[-58.1628802,-32.2474714],[-58.160742,-32.2467852],[-58.1582956,-32.2459939],[-58.1569817,-32.2486188],[-58.1574477,-32.2489373],[-58.1574839,-32.2489502],[-58.1575173,-32.2489668],[-58.1575464,-32.2489842],[-58.1575721,-32.2490006],[-58.1576073,-32.2490254],[-58.1576263,-32.2490454],[-58.1576565,-32.2490698],[-58.1576909,-32.2490932],[-58.1577286,-32.2491121],[-58.1577663,-32.2491277],[-58.1578017,-32.2491393],[-58.1578372,-32.2491476],[-58.1578734,-32.2491539],[-58.1579067,-32.2491583],[-58.1579468,-32.2491647],[-58.1579754,-32.2491677],[-58.1580063,-32.2491713],[-58.15804,-32.2491747],[-58.1580682,-32.2491786],[-58.1581045,-32.249185],[-58.1581427,-32.2491897],[-58.1581705,-32.2491947],[-58.1582009,-32.2492026],[-58.1582364,-32.2492109],[-58.1582692,-32.2492195],[-58.1583028,-32.2492262],[-58.1583348,-32.2492302],[-58.1583642,-32.2492345],[-58.1584214,-32.2492404],[-58.1584547,-32.2492415],[-58.1584911,-32.2492413],[-58.1585615,-32.2492401],[-58.1585956,-32.2492392],[-58.1586471,-32.2492402],[-58.1586773,-32.2492425],[-58.1587043,-32.2492461],[-58.1587391,-32.2492498],[-58.1587735,-32.2492512],[-58.1588002,-32.2492525],[-58.1588382,-32.2492517],[-58.1588692,-32.2492487],[-58.1589086,-32.2492538],[-58.158934,-32.2492614],[-58.1589644,-32.2492726],[-58.1589921,-32.2492841],[-58.1590343,-32.2493043],[-58.1590631,-32.2493195],[-58.1590958,-32.2493347],[-58.1591292,-32.2493512],[-58.1592061,-32.249385],[-58.1592375,-32.2494032],[-58.1592655,-32.2494203],[-58.159293,-32.2494417],[-58.1593167,-32.249463],[-58.1593694,-32.2495271],[-58.1593877,-32.2495458],[-58.1594102,-32.2495668],[-58.1594311,-32.2495884],[-58.1594556,-32.2496045],[-58.159484,-32.2496206],[-58.1595471,-32.2496438],[-58.1596384,-32.2496708],[-58.159669,-32.2496722],[-58.1597019,-32.2496709],[-58.1597388,-32.2496664],[-58.1597799,-32.249661],[-58.1598203,-32.2496543],[-58.1598615,-32.2496455],[-58.1599007,-32.2496384],[-58.1599372,-32.2496316],[-58.1599733,-32.2496258],[-58.1600497,-32.2496165],[-58.1600897,-32.2496107],[-58.1601327,-32.249607],[-58.160175,-32.2496019],[-58.1602134,-32.2495968],[-58.1602499,-32.24959],[-58.1602856,-32.2495851],[-58.1603202,-32.2495799],[-58.160357,-32.2495754],[-58.1603927,-32.2495706],[-58.160428,-32.24957],[-58.160462,-32.2495724],[-58.1604983,-32.2495788],[-58.1605349,-32.2495874],[-58.1605719,-32.2495984],[-58.1606111,-32.2496133],[-58.1606356,-32.2496327],[-58.160655,-32.2496517],[-58.1606768,-32.2496714],[-58.1606989,-32.2496901],[-58.1607241,-32.2497108],[-58.1607497,-32.2497338],[-58.1607741,-32.2497564],[-58.1607924,-32.2497751],[-58.1608143,-32.2498069],[-58.1608341,-32.2498282],[-58.1608558,-32.2498479],[-58.1608764,-32.2498672],[-58.1608966,-32.2498875],[-58.1609209,-32.2499135],[-58.1609488,-32.2499405],[-58.1609732,-32.2499631],[-58.1609986,-32.249996],[-58.1610299,-32.2500207],[-58.1610548,-32.2500391],[-58.1610864,-32.2500694],[-58.1611253,-32.2501041],[-58.1611619,-32.2501381],[-58.1611982,-32.2501698],[-58.1612407,-32.2501989],[-58.1612836,-32.2502238],[-58.1613308,-32.2502477],[-58.1613778,-32.250266],[-58.1614263,-32.2502804],[-58.161478,-32.2502903],[-58.1615329,-32.2502988],[-58.161593,-32.2503133],[-58.1616505,-32.2503282],[-58.1617021,-32.2503413],[-58.1617496,-32.2503521],[-58.1617908,-32.2503621],[-58.1618221,-32.250368],[-58.1618718,-32.2503795],[-58.1619077,-32.2503901],[-58.1619439,-32.2504031],[-58.16198,-32.2504193],[-58.1620164,-32.2504411],[-58.1620554,-32.2504692],[-58.1620928,-32.2505045],[-58.162124,-32.2505391],[-58.1621467,-32.250569],[-58.1621594,-32.2505981],[-58.1622466,-32.250733],[-58.1622533,-32.2507736],[-58.1622554,-32.2507826]]]}},{"type":"Feature","properties":{"ID":0,"NCM":"0100010163070000--","SEC":16,"GRU":307,"MANZ":0},"geometry":{"type":"Polygon","coordinates":[[[-58.1609767,-32.2405336],[-58.1583667,-32.2459068],[-58.1637307,-32.247611],[-58.1661949,-32.2423297],[-58.1609767,-32.2405336]]]}},{"type":"Feature","properties":{"ID":0,"NCM":"0100010113080000--","SEC":11,"GRU":308,"MANZ":0},"geometry":{"type":"Polygon","coordinates":[[[-58.1630106,-32.2363261],[-58.1627418,-32.2369045],[-58.1631789,-32.2368561],[-58.1645852,-32.2368285],[-58.1630106,-32.2363261]]]}},{"type":"Feature","properties":{"ID":0,"NCM":"0100010113080000--","SEC":11,"GRU":308,"MANZ":0},"geometry":{"type":"Polygon","coordinates":[[[-58.1643599,-32.2377467],[-58.163263,-32.2377629],[-58.1622865,-32.2378457],[-58.1619224,-32.2385828],[-58.1615094,-32.2394274],[-58.1610372,-32.2404134],[-58.1662727,-32.2421972],[-58.1671379,-32.2403775],[-58.1674818,-32.2396278],[-58.1681454,-32.238195],[-58.1674318,-32.2380418],[-58.166468,-32.2378915],[-58.1654543,-32.2377903],[-58.1643599,-32.2377467]]]}},{"type":"Feature","properties":{"ID":0,"NCM":"0100010113090000--","SEC":11,"GRU":309,"MANZ":0},"geometry":{"type":"Polygon","coordinates":[[[-58.1701835,-32.2338543],[-58.1649426,-32.2320656],[-58.1630965,-32.2360799],[-58.1638751,-32.2363652],[-58.1653668,-32.2368433],[-58.1663194,-32.2369722],[-58.1672544,-32.2370888],[-58.1685642,-32.2373589],[-58.1701835,-32.2338543]]]}},{"type":"Feature","properties":{"ID":0,"NCM":"0100010113100002--","SEC":11,"GRU":310,"MANZ":2},"geometry":{"type":"Polygon","coordinates":[[[-58.1669211,-32.2277631],[-58.1664899,-32.2287114],[-58.1676885,-32.2290877],[-58.167811,-32.2288252],[-58.1678073,-32.2288199],[-58.1678039,-32.2288146],[-58.1678007,-32.2288092],[-58.1677977,-32.2288036],[-58.167795,-32.228798],[-58.1677925,-32.2287923],[-58.1677902,-32.2287865],[-58.1677882,-32.2287807],[-58.1677864,-32.2287748],[-58.1677848,-32.2287689],[-58.1677835,-32.2287629],[-58.1677824,-32.2287569],[-58.1677816,-32.2287509],[-58.1677811,-32.2287448],[-58.1677807,-32.2287387],[-58.1677807,-32.2287326],[-58.1677809,-32.2287266],[-58.1677813,-32.2287205],[-58.167782,-32.2287144],[-58.1677829,-32.2287084],[-58.1677841,-32.2287024],[-58.1677855,-32.2286965],[-58.1677872,-32.2286905],[-58.1677891,-32.2286847],[-58.1677913,-32.2286789],[-58.1677936,-32.2286732],[-58.1677963,-32.2286675],[-58.1677991,-32.2286619],[-58.1678022,-32.2286564],[-58.1678055,-32.228651],[-58.167809,-32.2286457],[-58.1678128,-32.2286406],[-58.1678167,-32.2286355],[-58.1678209,-32.2286305],[-58.1678252,-32.2286257],[-58.1678298,-32.228621],[-58.1678345,-32.2286165],[-58.1678395,-32.2286121],[-58.1678446,-32.2286078],[-58.1678498,-32.2286037],[-58.1678553,-32.2285998],[-58.1678609,-32.228596],[-58.1679106,-32.2286117],[-58.1679332,-32.2285632],[-58.1681357,-32.2286271],[-58.1678931,-32.2291519],[-58.1686022,-32.2293745],[-58.1685248,-32.2295424],[-58.1685225,-32.2295465],[-58.16852,-32.2295505],[-58.1685174,-32.2295544],[-58.1685146,-32.2295582],[-58.1685116,-32.229562],[-58.1685086,-32.2295656],[-58.1685053,-32.2295692],[-58.1685019,-32.2295727],[-58.1684984,-32.2295761],[-58.1684947,-32.2295793],[-58.1684909,-32.2295825],[-58.168487,-32.2295855],[-58.168483,-32.2295885],[-58.1684788,-32.2295913],[-58.1684745,-32.229594],[-58.1684702,-32.2295965],[-58.1684657,-32.2295989],[-58.1684611,-32.2296012],[-58.1684564,-32.2296034],[-58.1684517,-32.2296054],[-58.1684469,-32.2296073],[-58.168442,-32.229609],[-58.168437,-32.2296106],[-58.168432,-32.2296121],[-58.1684269,-32.2296133],[-58.1684217,-32.2296145],[-58.1684166,-32.2296155],[-58.1684113,-32.2296163],[-58.1684061,-32.229617],[-58.1684008,-32.2296175],[-58.1683955,-32.2296179],[-58.1683902,-32.2296181],[-58.1683849,-32.2296182],[-58.1683796,-32.2296181],[-58.1683743,-32.2296178],[-58.168369,-32.2296174],[-58.1683637,-32.2296169],[-58.1683585,-32.2296162],[-58.1683533,-32.2296153],[-58.1683481,-32.2296143],[-58.168343,-32.2296131],[-58.1683379,-32.2296118],[-58.1683329,-32.2296103],[-58.1683279,-32.2296087],[-58.168323,-32.2296069],[-58.1683182,-32.229605],[-58.1683135,-32.2296029],[-58.1683088,-32.2296008],[-58.1683043,-32.2295984],[-58.1682998,-32.229596],[-58.1682955,-32.2295934],[-58.1682912,-32.2295907],[-58.1682871,-32.2295879],[-58.1682831,-32.2295849],[-58.1682792,-32.2295818],[-58.1682754,-32.2295787],[-58.1682718,-32.2295754],[-58.1682683,-32.229572],[-58.1682649,-32.2295685],[-58.1682617,-32.2295649],[-58.1682586,-32.2295612],[-58.1682557,-32.2295574],[-58.168253,-32.2295536],[-58.1682504,-32.2295496],[-58.1682479,-32.2295456],[-58.1682457,-32.2295415],[-58.1682435,-32.2295374],[-58.1682416,-32.2295332],[-58.1682398,-32.2295289],[-58.1682383,-32.2295246],[-58.1682368,-32.2295203],[-58.1682356,-32.2295159],[-58.1682345,-32.2295115],[-58.1682337,-32.229507],[-58.168233,-32.2295025],[-58.1682325,-32.229498],[-58.1682321,-32.2294935],[-58.168232,-32.229489],[-58.168232,-32.2294845],[-58.1682323,-32.22948],[-58.1682327,-32.2294755],[-58.1682333,-32.229471],[-58.168234,-32.2294665],[-58.168235,-32.2294621],[-58.1682361,-32.2294577],[-58.1682374,-32.2294533],[-58.1682389,-32.229449],[-58.1676169,-32.2292457],[-58.1664241,-32.228856],[-58.1660581,-32.2296609],[-58.1691218,-32.230691],[-58.1700227,-32.2287418],[-58.1669211,-32.2277631]]]}},{"type":"Feature","properties":{"ID":0,"NCM":"0100010113100001--","SEC":11,"GRU":310,"MANZ":1},"geometry":{"type":"Polygon","coordinates":[[[-58.1702216,-32.2288045],[-58.169319,-32.2307573],[-58.1712934,-32.2314212],[-58.1722125,-32.2294327],[-58.1702216,-32.2288045]]]}},{"type":"Feature","properties":{"ID":0,"NCM":"0100010113100003--","SEC":11,"GRU":310,"MANZ":3},"geometry":{"type":"Polygon","coordinates":[[[-58.1659816,-32.229829],[-58.1650096,-32.2319665],[-58.1680583,-32.2329916],[-58.1690442,-32.2308588],[-58.1659816,-32.229829]]]}},{"type":"Feature","properties":{"ID":0,"NCM":"0100010113100004--","SEC":11,"GRU":310,"MANZ":4},"geometry":{"type":"Polygon","coordinates":[[[-58.1704409,-32.2332655],[-58.1712158,-32.231589],[-58.1692414,-32.2309251],[-58.1682556,-32.2330579],[-58.17023,-32.2337218],[-58.1704409,-32.2332655]]]}},{"type":"Feature","properties":{"ID":0,"NCM":"0100010113110000--","SEC":11,"GRU":311,"MANZ":0},"geometry":{"type":"Polygon","coordinates":[[[-58.1686585,-32.2240057],[-58.166995,-32.2276632],[-58.1722764,-32.2293184],[-58.1739949,-32.2255818],[-58.1686585,-32.2240057]]]}},{"type":"Feature","properties":{"ID":0,"NCM":"0100010053120000--","SEC":5,"GRU":312,"MANZ":0},"geometry":{"type":"Polygon","coordinates":[[[-58.1713916,-32.2181924],[-58.1687219,-32.2238696],[-58.1740369,-32.2254515],[-58.1766342,-32.2199975],[-58.1713916,-32.2181924]]]}},{"type":"Feature","properties":{"ID":0,"NCM":"0100010053130000--","SEC":5,"GRU":313,"MANZ":0},"geometry":{"type":"Polygon","coordinates":[[[-58.1746275,-32.2190809],[-58.1768495,-32.2198235],[-58.1785156,-32.2161816],[-58.1730991,-32.2144367],[-58.1715048,-32.217972],[-58.1746537,-32.2190243],[-58.1746275,-32.2190809]]]}},{"type":"Feature","properties":{"ID":0,"NCM":"0100010053140000--","SEC":5,"GRU":314,"MANZ":0},"geometry":{"type":"Polygon","coordinates":[[[-58.1804089,-32.2117496],[-58.1751079,-32.210013],[-58.1731499,-32.2143058],[-58.1784424,-32.2160292],[-58.1804089,-32.2117496]]]}},{"type":"Feature","properties":{"ID":0,"NCM":"0100010123230000--","SEC":12,"GRU":323,"MANZ":0},"geometry":{"type":"Polygon","coordinates":[[[-58.1568829,-32.2485493],[-58.1569384,-32.248408],[-58.1581631,-32.245951],[-58.1526667,-32.2441439],[-58.1520572,-32.2453607],[-58.1520763,-32.245376],[-58.1521003,-32.2453996],[-58.1521297,-32.2454227],[-58.1521661,-32.2454478],[-58.1522067,-32.2454753],[-58.1522281,-32.2454893],[-58.1522523,-32.2455031],[-58.1522783,-32.2455186],[-58.1523099,-32.2455334],[-58.1523215,-32.2455387],[-58.152393,-32.2456056],[-58.152507,-32.2456664],[-58.1525798,-32.2456871],[-58.1526458,-32.2457019],[-58.1527129,-32.2457064],[-58.152732,-32.2457115],[-58.1527748,-32.2457209],[-58.1528118,-32.2457286],[-58.1528439,-32.2457326],[-58.1528767,-32.2457379],[-58.1529126,-32.245742],[-58.1529505,-32.2457477],[-58.1529879,-32.2457544],[-58.1530227,-32.2457614],[-58.1530543,-32.2457697],[-58.1530801,-32.2457763],[-58.1531055,-32.2457838],[-58.1531336,-32.2457943],[-58.1531624,-32.2458095],[-58.1532007,-32.2458363],[-58.1532216,-32.2458579],[-58.1532397,-32.2458864],[-58.1532521,-32.2459066],[-58.1532649,-32.2459292],[-58.1532836,-32.2459689],[-58.1532871,-32.2459919],[-58.1532862,-32.2460225],[-58.1532973,-32.2460555],[-58.1533211,-32.2460924],[-58.1533499,-32.2461295],[-58.1533827,-32.2461602],[-58.1534152,-32.246182],[-58.1534512,-32.2462048],[-58.153475,-32.2462195],[-58.1534848,-32.2462262],[-58.1536417,-32.2462515],[-58.1537306,-32.2462789],[-58.15381,-32.2463184],[-58.153837,-32.2463572],[-58.1538854,-32.2464067],[-58.1539401,-32.2464511],[-58.1539917,-32.2464909],[-58.1540135,-32.2464994],[-58.1540465,-32.2465136],[-58.1540765,-32.2465258],[-58.1541023,-32.2465357],[-58.1541477,-32.2465514],[-58.1541916,-32.2465677],[-58.1542362,-32.2465853],[-58.1543333,-32.2466141],[-58.1543907,-32.2466289],[-58.1544401,-32.2466414],[-58.1544898,-32.2466561],[-58.1545449,-32.2466703],[-58.1546432,-32.2466961],[-58.1546764,-32.2467038],[-58.1547734,-32.2467326],[-58.1548007,-32.2467451],[-58.1548437,-32.2467699],[-58.1548758,-32.246796],[-58.1549028,-32.2468249],[-58.1549255,-32.2468548],[-58.1549521,-32.2468847],[-58.1549819,-32.2469101],[-58.1550009,-32.2469268],[-58.1550254,-32.2469461],[-58.1550796,-32.2469909],[-58.155106,-32.2470119],[-58.155132,-32.2470339],[-58.1551587,-32.2470573],[-58.1552198,-32.2471041],[-58.1552474,-32.2471222],[-58.1552704,-32.2471356],[-58.1553085,-32.2471502],[-58.1553493,-32.2471645],[-58.1554395,-32.2471913],[-58.1554788,-32.2471996],[-58.1555205,-32.2472087],[-58.1555622,-32.2472145],[-58.1555989,-32.2472198],[-58.155821,-32.2472504],[-58.1558888,-32.2472684],[-58.1559304,-32.2472807],[-58.1559728,-32.2472944],[-58.1560047,-32.2473083],[-58.1560408,-32.2473245],[-58.1560754,-32.2473413],[-58.156103,-32.2473561],[-58.1561329,-32.2473716],[-58.1561567,-32.2473864],[-58.1561828,-32.2474018],[-58.1562103,-32.2474232],[-58.1562313,-32.2474416],[-58.1562554,-32.2474586],[-58.1562989,-32.247498],[-58.1563175,-32.2475189],[-58.1563354,-32.2475386],[-58.1563478,-32.2475588],[-58.1563593,-32.2475875],[-58.15637,-32.2476183],[-58.1563734,-32.2476479],[-58.1563706,-32.2476768],[-58.1563652,-32.2476995],[-58.1563547,-32.247725],[-58.1565069,-32.2482848],[-58.1568829,-32.2485493]]]}},{"type":"Feature","properties":{"ID":0,"NCM":"0100010123240000--","SEC":12,"GRU":324,"MANZ":0},"geometry":{"type":"Polygon","coordinates":[[[-58.1572348,-32.2391789],[-58.1571575,-32.2391495],[-58.1563558,-32.2395569],[-58.1560068,-32.23974],[-58.1555801,-32.2399682],[-58.155197,-32.2401994],[-58.1547007,-32.240502],[-58.1545629,-32.2406008],[-58.1544708,-32.2407853],[-58.1543999,-32.2409259],[-58.154087,-32.2415377],[-58.1535683,-32.2425656],[-58.1528168,-32.2440784],[-58.1539229,-32.2444319],[-58.1545981,-32.2446387],[-58.156012,-32.2451109],[-58.1582079,-32.2458511],[-58.1608412,-32.2404911],[-58.1582312,-32.2395557],[-58.1576054,-32.23932],[-58.1572348,-32.2391789]]]}},{"type":"Feature","properties":{"ID":0,"NCM":"0100010123250002--","SEC":12,"GRU":325,"MANZ":2},"geometry":{"type":"Polygon","coordinates":[[[-58.1604479,-32.2354349],[-58.1606197,-32.2361558],[-58.1607293,-32.2364572],[-58.1609335,-32.2368692],[-58.1613278,-32.2370431],[-58.1613355,-32.2370458],[-58.1624554,-32.2369333],[-58.1627525,-32.2362394],[-58.1625732,-32.2361824],[-58.1622215,-32.2360602],[-58.1604479,-32.2354349]]]}},{"type":"Feature","properties":{"ID":0,"NCM":"0100010123250001--","SEC":12,"GRU":325,"MANZ":1},"geometry":{"type":"Polygon","coordinates":[[[-58.1620755,-32.2378702],[-58.1612624,-32.237975],[-58.1605678,-32.2381006],[-58.1597017,-32.2382999],[-58.1589861,-32.2385019],[-58.1581525,-32.238789],[-58.1575457,-32.2390167],[-58.1573179,-32.2390978],[-58.1581522,-32.239396],[-58.160898,-32.2403559],[-58.1620755,-32.2378702]]]}},{"type":"Feature","properties":{"ID":0,"NCM":"0100010123250000--","SEC":12,"GRU":325,"MANZ":0},"geometry":{"type":"Polygon","coordinates":[[[-58.1578362,-32.2345588],[-58.1575326,-32.2346572],[-58.1555668,-32.2385682],[-58.1560291,-32.2387571],[-58.1571264,-32.2382534],[-58.1589858,-32.2375759],[-58.1597941,-32.2372411],[-58.1600052,-32.2370259],[-58.1597238,-32.2357404],[-58.1595753,-32.2354534],[-58.1594329,-32.2352911],[-58.15929,-32.235153],[-58.1591456,-32.2350131],[-58.1578362,-32.2345588]]]}},{"type":"Feature","properties":{"ID":0,"NCM":"0100010123260008--","SEC":12,"GRU":326,"MANZ":8},"geometry":{"type":"Polygon","coordinates":[[[-58.157737,-32.2342519],[-58.1576625,-32.2344217],[-58.1585193,-32.2346743],[-58.157737,-32.2342519]]]}},{"type":"Feature","properties":{"ID":0,"NCM":"0100010123260003--","SEC":12,"GRU":326,"MANZ":3},"geometry":{"type":"Polygon","coordinates":[[[-58.1633025,-32.2315124],[-58.1629331,-32.2323125],[-58.1632983,-32.2324344],[-58.1636671,-32.2316357],[-58.1633025,-32.2315124]]]}},{"type":"Feature","properties":{"ID":0,"NCM":"0100010123270000--","SEC":12,"GRU":327,"MANZ":0},"geometry":{"type":"Polygon","coordinates":[[[-58.1646245,-32.2270159],[-58.1615145,-32.226039],[-58.1611282,-32.2268797],[-58.1622199,-32.2272467],[-58.1616828,-32.2284011],[-58.1605961,-32.2280376],[-58.16038,-32.2285078],[-58.165629,-32.2302634],[-58.1668191,-32.2277052],[-58.1659178,-32.2274222],[-58.1654148,-32.2285105],[-58.16412,-32.2281037],[-58.1646245,-32.2270159]]]}},{"type":"Feature","properties":{"ID":0,"NCM":"0100010123280000--","SEC":12,"GRU":328,"MANZ":0},"geometry":{"type":"Polygon","coordinates":[[[-58.1632172,-32.2223899],[-58.1615768,-32.2259425],[-58.1668749,-32.2276264],[-58.1685344,-32.2239527],[-58.1632172,-32.2223899]]]}},{"type":"Feature","properties":{"ID":0,"NCM":"0100010063290000--","SEC":6,"GRU":329,"MANZ":0},"geometry":{"type":"Polygon","coordinates":[[[-58.1698218,-32.2211328],[-58.1684459,-32.2216953],[-58.1659936,-32.2230654],[-58.1685561,-32.2238224],[-58.1698218,-32.2211328]]]}},{"type":"Feature","properties":{"ID":0,"NCM":"0100010063290000--","SEC":6,"GRU":329,"MANZ":0},"geometry":{"type":"Polygon","coordinates":[[[-58.162859,-32.22022],[-58.1628114,-32.2203136],[-58.1637472,-32.2206605],[-58.1639815,-32.2207473],[-58.1632806,-32.2222526],[-58.1641574,-32.2225229],[-58.1656536,-32.2229621],[-58.1658394,-32.2229643],[-58.1682742,-32.2215924],[-58.1688063,-32.2213926],[-58.1699228,-32.2209344],[-58.1712757,-32.218074],[-58.1672675,-32.2167499],[-58.1661397,-32.2163746],[-58.1648222,-32.2191924],[-58.1645733,-32.2191074],[-58.1635957,-32.2187735],[-58.162859,-32.22022]]]}},{"type":"Feature","properties":{"ID":0,"NCM":"0100010063300000--","SEC":6,"GRU":330,"MANZ":0},"geometry":{"type":"Polygon","coordinates":[[[-58.1686786,-32.2130815],[-58.1683713,-32.213767],[-58.1682951,-32.2139371],[-58.1679462,-32.2147167],[-58.1679138,-32.214789],[-58.1668551,-32.2144462],[-58.1660933,-32.2162276],[-58.1687069,-32.2170864],[-58.1695536,-32.2153228],[-58.1707925,-32.2157323],[-58.1721253,-32.2161728],[-58.1729033,-32.2144262],[-58.1718628,-32.214095],[-58.170806,-32.2137586],[-58.1693236,-32.2132868],[-58.1686786,-32.2130815]]]}},{"type":"Feature","properties":{"ID":0,"NCM":"0100010063310000--","SEC":6,"GRU":331,"MANZ":0},"geometry":{"type":"Polygon","coordinates":[[[-58.1714861,-32.2105957],[-58.1716845,-32.2106593],[-58.1724115,-32.2108924],[-58.1721786,-32.211433],[-58.172137,-32.2115302],[-58.1706633,-32.2110616],[-58.1686316,-32.2104241],[-58.1681908,-32.2114564],[-58.1677276,-32.212541],[-58.1717315,-32.2138396],[-58.1721839,-32.2128445],[-58.1714885,-32.2126263],[-58.1715231,-32.2125465],[-58.1724189,-32.2128275],[-58.1719305,-32.2139019],[-58.1730019,-32.2142376],[-58.1749011,-32.2099669],[-58.173071,-32.2093618],[-58.1718821,-32.2089772],[-58.1718568,-32.208969],[-58.1714394,-32.2099377],[-58.1713727,-32.2100924],[-58.1711959,-32.2105027],[-58.1714861,-32.2105957]]]}},{"type":"Feature","properties":{"ID":0,"NCM":"0100010063410000--","SEC":6,"GRU":341,"MANZ":0},"geometry":{"type":"Polygon","coordinates":[[[-58.1609032,-32.2204033],[-58.1613968,-32.2200942],[-58.1615707,-32.2199069],[-58.1615785,-32.2199124],[-58.1616187,-32.2199376],[-58.1616607,-32.2199571],[-58.1617028,-32.2199748],[-58.1617411,-32.2199926],[-58.1617827,-32.2200113],[-58.1618334,-32.2200311],[-58.1618882,-32.2200497],[-58.1620002,-32.2200852],[-58.1620609,-32.2201038],[-58.1621902,-32.2201447],[-58.1622505,-32.2201626],[-58.1623064,-32.2201772],[-58.1623563,-32.2201886],[-58.1624035,-32.220198],[-58.1624983,-32.2202174],[-58.1625503,-32.2202258],[-58.1626044,-32.2202292],[-58.1626672,-32.2202298],[-58.1627322,-32.2202286],[-58.1627894,-32.2202249],[-58.1628439,-32.220221],[-58.162859,-32.22022],[-58.1635957,-32.2187735],[-58.1645733,-32.2191074],[-58.1658553,-32.2162829],[-58.162821,-32.2156507],[-58.162034,-32.2174038],[-58.161931,-32.2173823],[-58.1606149,-32.2203135],[-58.1606827,-32.2203259],[-58.1607344,-32.2203329],[-58.1607968,-32.220359],[-58.1609032,-32.2204033]]]}},{"type":"Feature","properties":{"ID":0,"NCM":"0100010063420000--","SEC":6,"GRU":342,"MANZ":0},"geometry":{"type":"Polygon","coordinates":[[[-58.1621902,-32.2109067],[-58.1603349,-32.2150138],[-58.1658771,-32.216146],[-58.1674497,-32.2126018],[-58.1633711,-32.2112844],[-58.1621902,-32.2109067]]]}},{"type":"Feature","properties":{"ID":0,"NCM":"0100010063430000--","SEC":6,"GRU":343,"MANZ":0},"geometry":{"type":"Polygon","coordinates":[[[-58.1648441,-32.211628],[-58.1675039,-32.2124664],[-58.1694071,-32.2081638],[-58.1641909,-32.2064574],[-58.1622842,-32.2107688],[-58.1635566,-32.2111879],[-58.1641217,-32.2113664],[-58.1648117,-32.2097875],[-58.1647739,-32.2096314],[-58.1648589,-32.209437],[-58.1652366,-32.2095563],[-58.1651516,-32.2097507],[-58.1650031,-32.209848],[-58.1643131,-32.2114269],[-58.1647555,-32.2115666],[-58.1656014,-32.2096716],[-58.1657032,-32.2097037],[-58.1648441,-32.211628]]]}},{"type":"Feature","properties":{"ID":0,"NCM":"0100010063530000--","SEC":6,"GRU":353,"MANZ":0},"geometry":{"type":"Polygon","coordinates":[[[-58.1582628,-32.2194029],[-58.1602273,-32.2151153],[-58.1580413,-32.2144383],[-58.1549853,-32.2134662],[-58.154196,-32.2154042],[-58.1542283,-32.215417],[-58.1542776,-32.2154297],[-58.1543267,-32.2154484],[-58.1543828,-32.2154733],[-58.1544386,-32.2155101],[-58.1545016,-32.2155411],[-58.1546068,-32.2155847],[-58.1547757,-32.2156232],[-58.1548318,-32.215648],[-58.1548809,-32.2156667],[-58.154916,-32.2156793],[-58.1550001,-32.2157165],[-58.1550491,-32.2157413],[-58.1551108,-32.2157588],[-58.155162,-32.2157939],[-58.1552008,-32.2158207],[-58.1552305,-32.2158291],[-58.1552823,-32.2158448],[-58.155318,-32.215856],[-58.155336,-32.2158617],[-58.1554998,-32.2159115],[-58.1555547,-32.2159277],[-58.1557631,-32.215991],[-58.1558017,-32.2160033],[-58.1558434,-32.216016],[-58.1558892,-32.2160305],[-58.1559437,-32.2160492],[-58.1560078,-32.2160703],[-58.1560781,-32.2160923],[-58.1561338,-32.2161081],[-58.1561762,-32.216121],[-58.1562036,-32.216131],[-58.156226,-32.2161432],[-58.1562674,-32.2161645],[-58.1562905,-32.2161769],[-58.1563137,-32.2161932],[-58.1563402,-32.216211],[-58.1563439,-32.2162141],[-58.1563715,-32.2162368],[-58.1564108,-32.2162705],[-58.1564521,-32.2163151],[-58.156496,-32.2163648],[-58.1565366,-32.216407],[-58.1565796,-32.2164494],[-58.156585,-32.2164546],[-58.156631,-32.2164987],[-58.1566973,-32.216559],[-58.1567751,-32.2166207],[-58.15685,-32.2166814],[-58.1569088,-32.2167346],[-58.1569407,-32.2167742],[-58.1569559,-32.2168113],[-58.1569695,-32.2168562],[-58.1569784,-32.2169023],[-58.1569863,-32.2169492],[-58.1569893,-32.2169903],[-58.1569827,-32.217029],[-58.1569755,-32.2170729],[-58.1569717,-32.2171206],[-58.1569692,-32.2171671],[-58.1569706,-32.2172137],[-58.1569817,-32.2172626],[-58.1569952,-32.2173134],[-58.1570154,-32.2173635],[-58.1570426,-32.2174125],[-58.1570683,-32.2174653],[-58.1570871,-32.2175188],[-58.1571004,-32.2175663],[-58.1571027,-32.217605],[-58.157104,-32.2176423],[-58.1571038,-32.2176813],[-58.1571052,-32.2177186],[-58.1571101,-32.2177532],[-58.1571203,-32.2177905],[-58.1571287,-32.2178284],[-58.1571305,-32.2178626],[-58.1571378,-32.2178974],[-58.1571309,-32.2179832],[-58.1571358,-32.2180351],[-58.1571433,-32.2180923],[-58.1571468,-32.2181476],[-58.1571473,-32.2181743],[-58.1571478,-32.2182011],[-58.1571661,-32.2182539],[-58.1571911,-32.2183044],[-58.1572275,-32.2183567],[-58.1572519,-32.2183844],[-58.1572763,-32.2184122],[-58.1573202,-32.2184543],[-58.1573413,-32.2184741],[-58.1573597,-32.2184913],[-58.1573917,-32.2185271],[-58.157416,-32.2185638],[-58.1574384,-32.2186048],[-58.1574615,-32.2186444],[-58.1574882,-32.2186851],[-58.1575228,-32.218726],[-58.1575595,-32.2187621],[-58.1575986,-32.2187925],[-58.1576328,-32.2188153],[-58.1576605,-32.2188362],[-58.1576791,-32.2188555],[-58.1576934,-32.2188756],[-58.1577073,-32.2188966],[-58.1577247,-32.2189187],[-58.1577389,-32.2189409],[-58.1577513,-32.2189615],[-58.1577695,-32.2189779],[-58.1578107,-32.2190187],[-58.1578444,-32.2190485],[-58.1578817,-32.2190794],[-58.1579202,-32.219115],[-58.157931,-32.2191268],[-58.1579547,-32.2191526],[-58.1579854,-32.219195],[-58.1580172,-32.2192351],[-58.158052,-32.2192679],[-58.158085,-32.2192937],[-58.1581158,-32.2193129],[-58.1581701,-32.2193418],[-58.1581972,-32.2193566],[-58.1582194,-32.2193693],[-58.1582534,-32.2193943],[-58.1582628,-32.2194029]]]}},{"type":"Feature","properties":{"ID":0,"NCM":"0100010063540000--","SEC":6,"GRU":354,"MANZ":0},"geometry":{"type":"Polygon","coordinates":[[[-58.1604018,-32.2144721],[-58.1590151,-32.2140407],[-58.1591852,-32.2136586],[-58.1591821,-32.2136576],[-58.1596399,-32.212629],[-58.1597917,-32.212288],[-58.1611647,-32.2127153],[-58.1619793,-32.2108394],[-58.1605993,-32.2103987],[-58.1601358,-32.2102476],[-58.1595447,-32.2116425],[-58.1596457,-32.2116732],[-58.1594854,-32.2120392],[-58.159084,-32.2119265],[-58.1592446,-32.2115561],[-58.1593434,-32.2115877],[-58.1599361,-32.2101869],[-58.158706,-32.2097822],[-58.157938,-32.2095292],[-58.1573026,-32.2101879],[-58.1569815,-32.2105328],[-58.1567155,-32.2108028],[-58.1566836,-32.2108358],[-58.1558577,-32.2116221],[-58.1554938,-32.2119617],[-58.1549071,-32.2133183],[-58.1554045,-32.2134716],[-58.1560698,-32.2136766],[-58.1563801,-32.2137685],[-58.1573599,-32.2141037],[-58.157634,-32.214186],[-58.1587995,-32.2145415],[-58.1601847,-32.2149719],[-58.1604018,-32.2144721]]]}},{"type":"Feature","properties":{"ID":0,"NCM":"0100010063540002--","SEC":6,"GRU":354,"MANZ":2},"geometry":{"type":"Polygon","coordinates":[[[-58.1567021,-32.2091222],[-58.1556705,-32.2114176],[-58.1563402,-32.210729],[-58.1575968,-32.2094169],[-58.1567021,-32.2091222]]]}},{"type":"Feature","properties":{"ID":0,"NCM":"0100010063550011--","SEC":6,"GRU":355,"MANZ":11},"geometry":{"type":"Polygon","coordinates":[[[-58.1577198,-32.2068253],[-58.1567582,-32.2089612],[-58.1577302,-32.2092946],[-58.1596437,-32.2074483],[-58.1577198,-32.2068253]]]}},{"type":"Feature","properties":{"ID":0,"NCM":"0100010063550000--","SEC":6,"GRU":355,"MANZ":0},"geometry":{"type":"Polygon","coordinates":[[[-58.1599219,-32.2075545],[-58.1630307,-32.2085604],[-58.1640128,-32.206399],[-58.1618168,-32.2056758],[-58.1599219,-32.2075545]]]}},{"type":"Feature","properties":{"ID":0,"NCM":"0100010063650000--","SEC":6,"GRU":365,"MANZ":0},"geometry":{"type":"Polygon","coordinates":[[[-58.1539153,-32.2153227],[-58.1547543,-32.2134006],[-58.1542693,-32.2132447],[-58.1533006,-32.2142589],[-58.1533565,-32.2143255],[-58.153389,-32.2144137],[-58.1534201,-32.2144743],[-58.1534435,-32.2145367],[-58.1534603,-32.214583],[-58.1534924,-32.214663],[-58.1535145,-32.2147169],[-58.1535334,-32.2147679],[-58.1535658,-32.2147989],[-58.1535864,-32.2148544],[-58.1536496,-32.214938],[-58.1536807,-32.2150074],[-58.1537263,-32.2150752],[-58.1537685,-32.2151209],[-58.1538006,-32.2151749],[-58.1538399,-32.2152037],[-58.1538705,-32.2152796],[-58.1538983,-32.215304],[-58.1539153,-32.2153227]]]}},{"type":"Feature","properties":{"ID":0,"NCM":"0100010063650000--","SEC":6,"GRU":365,"MANZ":0},"geometry":{"type":"Polygon","coordinates":[[[-58.1519702,-32.2129601],[-58.1522116,-32.2131266],[-58.1523289,-32.2132101],[-58.1524295,-32.2132913],[-58.1524474,-32.2133103],[-58.1524848,-32.2133467],[-58.1525167,-32.2133884],[-58.1525418,-32.2134232],[-58.152564,-32.2134495],[-58.152583,-32.2134737],[-58.1526059,-32.2135002],[-58.1526301,-32.2135293],[-58.1526555,-32.2135614],[-58.1526766,-32.2135901],[-58.1526949,-32.2136141],[-58.1527102,-32.2136356],[-58.1527273,-32.2136625],[-58.1527518,-32.2137063],[-58.1527893,-32.2137655],[-58.1528281,-32.2138256],[-58.1528636,-32.2138798],[-58.1530159,-32.2140862],[-58.1539539,-32.2131432],[-58.1517212,-32.2123109],[-58.1515396,-32.2122103],[-58.1515393,-32.2122455],[-58.1515422,-32.2122811],[-58.1515596,-32.2123784],[-58.1515885,-32.2124716],[-58.1516234,-32.2125514],[-58.1516691,-32.2126617],[-58.1517312,-32.212749],[-58.1518068,-32.2128473],[-58.1519702,-32.2129601]]]}},{"type":"Feature","properties":{"ID":0,"NCM":"0100010063660001--","SEC":6,"GRU":366,"MANZ":1},"geometry":{"type":"Polygon","coordinates":[[[-58.1552448,-32.2122948],[-58.1544261,-32.2131246],[-58.1548171,-32.2132534],[-58.1552448,-32.2122948]]]}},{"type":"Feature","properties":{"ID":0,"NCM":"0100010063660000--","SEC":6,"GRU":366,"MANZ":0},"geometry":{"type":"Polygon","coordinates":[[[-58.1557525,-32.2108787],[-58.1545343,-32.2104715],[-58.1543368,-32.2104055],[-58.1552012,-32.2085358],[-58.1504239,-32.2069393],[-58.1504133,-32.2069814],[-58.1504589,-32.2070695],[-58.1504783,-32.2071069],[-58.1505038,-32.2071562],[-58.1505318,-32.2072102],[-58.1505433,-32.2072323],[-58.1505765,-32.2072494],[-58.1506328,-32.2072783],[-58.150678,-32.2073015],[-58.1507178,-32.2073219],[-58.150745,-32.2073359],[-58.1507818,-32.2073548],[-58.1508106,-32.2073696],[-58.1508451,-32.2073873],[-58.1509075,-32.2074193],[-58.1509429,-32.2074375],[-58.1509799,-32.2074565],[-58.1510242,-32.2074793],[-58.151165,-32.2075162],[-58.1512233,-32.2075316],[-58.1512516,-32.207539],[-58.1512981,-32.2075512],[-58.1513402,-32.2075623],[-58.1513743,-32.2075713],[-58.151513,-32.2076077],[-58.1515434,-32.2076157],[-58.151602,-32.2076311],[-58.1517244,-32.2076633],[-58.151823,-32.207783],[-58.1518495,-32.2078152],[-58.1519116,-32.2078906],[-58.151935,-32.2079191],[-58.1519503,-32.2079376],[-58.1519746,-32.2079671],[-58.1519749,-32.2079942],[-58.1519754,-32.2080407],[-58.1519757,-32.2080642],[-58.1519759,-32.208087],[-58.1519767,-32.208154],[-58.1519774,-32.2082182],[-58.1519782,-32.2082876],[-58.1519789,-32.2083504],[-58.1519797,-32.2084175],[-58.1519766,-32.2084378],[-58.151968,-32.2084947],[-58.1519623,-32.2085323],[-58.151955,-32.208581],[-58.1519476,-32.2086299],[-58.1519407,-32.2086756],[-58.151933,-32.2087264],[-58.1519253,-32.2087773],[-58.1519169,-32.2088329],[-58.1519087,-32.2088875],[-58.1519007,-32.20894],[-58.1518927,-32.2089931],[-58.1518852,-32.2090427],[-58.1518787,-32.2090858],[-58.1518672,-32.2091621],[-58.151859,-32.2092164],[-58.1518423,-32.2093266],[-58.1518346,-32.2093778],[-58.1518232,-32.2094531],[-58.1518091,-32.2095464],[-58.1517961,-32.2096325],[-58.1517812,-32.2097309],[-58.1517713,-32.2097965],[-58.1517699,-32.2098055],[-58.1517561,-32.2098973],[-58.1517537,-32.2099128],[-58.1517603,-32.2099727],[-58.1517631,-32.2099984],[-58.1517655,-32.2100198],[-58.15177,-32.2100426],[-58.151771,-32.2100696],[-58.151774,-32.2100976],[-58.1517826,-32.2101754],[-58.1517879,-32.2102232],[-58.1517939,-32.2102783],[-58.1518012,-32.210344],[-58.1518092,-32.2104171],[-58.1518238,-32.2105498],[-58.1518265,-32.2105745],[-58.1518454,-32.2107466],[-58.1518567,-32.2108411],[-58.1518347,-32.2109404],[-58.1518069,-32.2110655],[-58.1517679,-32.2112414],[-58.151759,-32.2112816],[-58.1517509,-32.2113178],[-58.1517437,-32.2113507],[-58.151735,-32.2113895],[-58.151712,-32.2114933],[-58.1517002,-32.2115463],[-58.1516948,-32.2115707],[-58.1516725,-32.2116711],[-58.1516274,-32.2118759],[-58.1516135,-32.2118979],[-58.1515999,-32.2119187],[-58.1515735,-32.2119813],[-58.1515629,-32.2120046],[-58.151554,-32.21203],[-58.1516166,-32.2120725],[-58.154098,-32.2129984],[-58.155391,-32.2116986],[-58.155708,-32.21098],[-58.1557257,-32.2109397],[-58.1557525,-32.2108787]]]}},{"type":"Feature","properties":{"ID":0,"NCM":"0100010063670000--","SEC":6,"GRU":367,"MANZ":0},"geometry":{"type":"Polygon","coordinates":[[[-58.154181,-32.2031597],[-58.153615,-32.2035025],[-58.1530267,-32.2039217],[-58.152701,-32.2050916],[-58.1524124,-32.2053951],[-58.1524074,-32.2054004],[-58.1523743,-32.2054351],[-58.1523358,-32.2054757],[-58.1522995,-32.2055138],[-58.1522854,-32.2055287],[-58.1522648,-32.2055401],[-58.1522204,-32.2055648],[-58.152174,-32.2055907],[-58.1521189,-32.2056213],[-58.1520652,-32.2056512],[-58.1520155,-32.2056789],[-58.1518791,-32.2057548],[-58.1518364,-32.2057698],[-58.1518073,-32.2057799],[-58.1517773,-32.2057904],[-58.151741,-32.205803],[-58.1517073,-32.2058148],[-58.1516544,-32.2058333],[-58.151624,-32.2058439],[-58.1515501,-32.2058697],[-58.151478,-32.2058949],[-58.1513999,-32.2059221],[-58.1513249,-32.2059483],[-58.151234,-32.20598],[-58.151096,-32.2060282],[-58.1510073,-32.2060592],[-58.1509223,-32.2060889],[-58.1508265,-32.2061223],[-58.1507615,-32.2062027],[-58.1507429,-32.2062256],[-58.1507162,-32.2062587],[-58.1506805,-32.2063028],[-58.1506383,-32.206355],[-58.1505953,-32.2064082],[-58.1505413,-32.206475],[-58.150521,-32.2065552],[-58.1504991,-32.206642],[-58.1504894,-32.2066801],[-58.1504455,-32.2068539],[-58.156637,-32.2088877],[-58.157599,-32.2067219],[-58.1564118,-32.2063308],[-58.156287,-32.2066169],[-58.1560836,-32.2065527],[-58.1571592,-32.2041411],[-58.154181,-32.2031597]]]}},{"type":"Feature","properties":{"ID":0,"NCM":"0100010041190000--","SEC":4,"GRU":119,"MANZ":0},"geometry":{"type":"Polygon","coordinates":[[[-58.2235424,-32.2307228],[-58.2239518,-32.2359047],[-58.2246591,-32.2361218],[-58.2266249,-32.2317134],[-58.2235424,-32.2307228]]]}},{"type":"Feature","properties":{"ID":0,"NCM":"0100010000000369--","SEC":0,"GRU":0,"MANZ":369},"geometry":{"type":"Polygon","coordinates":[[[-58.1510096,-32.2323006],[-58.1504217,-32.2328875],[-58.1507341,-32.2331081],[-58.1513259,-32.2325171],[-58.1512684,-32.2324756],[-58.1510096,-32.2323006]]]}},{"type":"Feature","properties":{"ID":0,"NCM":"0100010000000378--","SEC":0,"GRU":0,"MANZ":378},"geometry":{"type":"Polygon","coordinates":[[[-58.1570634,-32.226198],[-58.156474,-32.2267931],[-58.1567703,-32.2270096],[-58.1573651,-32.2264154],[-58.1571418,-32.2262551],[-58.1570634,-32.226198]]]}},{"type":"Feature","properties":{"ID":0,"NCM":"0100010000000406--","SEC":0,"GRU":0,"MANZ":406},"geometry":{"type":"Polygon","coordinates":[[[-58.156212,-32.2255782],[-58.155621,-32.2261699],[-58.155921,-32.2263891],[-58.1565124,-32.2257969],[-58.156212,-32.2255782]]]}},{"type":"Feature","properties":{"ID":0,"NCM":"0100010000000580--","SEC":0,"GRU":0,"MANZ":580},"geometry":{"type":"Polygon","coordinates":[[[-58.1519252,-32.2180612],[-58.1516627,-32.2183198],[-58.1523331,-32.2188156],[-58.1525984,-32.2185543],[-58.1524363,-32.2184367],[-58.1522331,-32.2182881],[-58.1521311,-32.218212],[-58.1519252,-32.2180612]]]}},{"type":"Feature","properties":{"ID":0,"NCM":"0100011010620434--","SEC":101,"GRU":62,"MANZ":434},"geometry":{"type":"Polygon","coordinates":[[[-58.1560795,-32.2242349],[-58.1554756,-32.2248362],[-58.1561797,-32.225336],[-58.1567835,-32.2247347],[-58.1560795,-32.2242349]]]}},{"type":"Feature","properties":{"ID":0,"NCM":"0100010000000531--","SEC":0,"GRU":0,"MANZ":531},"geometry":{"type":"Polygon","coordinates":[[[-58.1545263,-32.2199383],[-58.1542793,-32.2201798],[-58.1549051,-32.2206424],[-58.1551521,-32.2204009],[-58.1545263,-32.2199383]]]}},{"type":"Feature","properties":{"ID":0,"NCM":"0100010000000531--","SEC":0,"GRU":0,"MANZ":531},"geometry":{"type":"Polygon","coordinates":[[[-58.1548818,-32.2195907],[-58.1546097,-32.2198567],[-58.1552355,-32.2203192],[-58.1555076,-32.2200532],[-58.1548818,-32.2195907]]]}},{"type":"Feature","properties":{"ID":0,"NCM":"0100010000000561--","SEC":0,"GRU":0,"MANZ":561},"geometry":{"type":"Polygon","coordinates":[[[-58.1523769,-32.2190257],[-58.1521746,-32.219221],[-58.1521147,-32.2192791],[-58.1527944,-32.2197734],[-58.1529288,-32.2196453],[-58.1530466,-32.2195307],[-58.1530406,-32.2195023],[-58.1526432,-32.2192169],[-58.1525628,-32.2191594],[-58.1523769,-32.2190257]]]}},{"type":"Feature","properties":{"ID":0,"NCM":"0100010000000341--","SEC":0,"GRU":0,"MANZ":341},"geometry":{"type":"Polygon","coordinates":[[[-58.1518781,-32.2329172],[-58.151288,-32.2335102],[-58.1520003,-32.2340082],[-58.1525875,-32.2334132],[-58.1518781,-32.2329172]]]}},{"type":"Feature","properties":{"ID":0,"NCM":"0100010000000316--","SEC":0,"GRU":0,"MANZ":316},"geometry":{"type":"Polygon","coordinates":[[[-58.1532577,-32.2330269],[-58.1528887,-32.2333992],[-58.153587,-32.233888],[-58.1539559,-32.2335157],[-58.1532577,-32.2330269]]]}},{"type":"Feature","properties":{"ID":0,"NCM":"0100010000000342--","SEC":0,"GRU":0,"MANZ":342},"geometry":{"type":"Polygon","coordinates":[[[-58.1523802,-32.2324127],[-58.1520104,-32.2327843],[-58.1527224,-32.2332827],[-58.1530922,-32.2329111],[-58.1523802,-32.2324127]]]}},{"type":"Feature","properties":{"ID":0,"NCM":"0100010000000820--","SEC":0,"GRU":0,"MANZ":820},"geometry":{"type":"Polygon","coordinates":[[[-58.1432319,-32.21004],[-58.1439094,-32.2105471],[-58.1440696,-32.210667],[-58.1441604,-32.2105772],[-58.1440034,-32.2104578],[-58.144748,-32.2097336],[-58.1440588,-32.2092179],[-58.1432319,-32.21004]]]}},{"type":"Feature","properties":{"ID":0,"NCM":"0100011020420396--","SEC":102,"GRU":42,"MANZ":396},"geometry":{"type":"Polygon","coordinates":[[[-58.1496023,-32.2334628],[-58.1501329,-32.2329165],[-58.1494302,-32.2324153],[-58.148863,-32.2329992],[-58.1495658,-32.2335005],[-58.1496023,-32.2334628]]]}},{"type":"Feature","properties":{"ID":0,"NCM":"0100011020420395--","SEC":102,"GRU":42,"MANZ":395},"geometry":{"type":"Polygon","coordinates":[[[-58.1494307,-32.2336395],[-58.148728,-32.2331383],[-58.1481608,-32.2337222],[-58.1488636,-32.2342234],[-58.1494307,-32.2336395]]]}},{"type":"Feature","properties":{"ID":0,"NCM":"0100011010480407--","SEC":101,"GRU":48,"MANZ":407},"geometry":{"type":"Polygon","coordinates":[[[-58.1566466,-32.2251506],[-58.1575072,-32.2257609],[-58.1578049,-32.225459],[-58.1569427,-32.2248476],[-58.1566466,-32.2251506]]]}},{"type":"Feature","properties":{"ID":0,"NCM":"0100011010480380--","SEC":101,"GRU":48,"MANZ":380},"geometry":{"type":"Polygon","coordinates":[[[-58.1573421,-32.2244388],[-58.157783,-32.2247515],[-58.1580468,-32.2249394],[-58.1582116,-32.2250568],[-58.1579134,-32.225357],[-58.1586178,-32.2258565],[-58.1592219,-32.2252483],[-58.1576443,-32.2241295],[-58.1573421,-32.2244388]]]}},{"type":"Feature","properties":{"ID":0,"NCM":"0100011020910554--","SEC":102,"GRU":91,"MANZ":554},"geometry":{"type":"Polygon","coordinates":[[[-58.137558,-32.2339198],[-58.1369908,-32.2345418],[-58.1376796,-32.235015],[-58.1382563,-32.2343993],[-58.137558,-32.2339198]]]}},{"type":"Feature","properties":{"ID":0,"NCM":"0100011020910553--","SEC":102,"GRU":91,"MANZ":553},"geometry":{"type":"Polygon","coordinates":[[[-58.1372652,-32.2349609],[-58.1366827,-32.2355725],[-58.1369712,-32.2357711],[-58.137548,-32.2351554],[-58.1372652,-32.2349609]]]}},{"type":"Feature","properties":{"ID":0,"NCM":"0100011010620435--","SEC":101,"GRU":62,"MANZ":435},"geometry":{"type":"Polygon","coordinates":[[[-58.1567925,-32.2235249],[-58.1561845,-32.2241303],[-58.1568885,-32.2246302],[-58.1574965,-32.2240248],[-58.1567925,-32.2235249]]]}},{"type":"Feature","properties":{"ID":0,"NCM":"0100011010620462--","SEC":101,"GRU":62,"MANZ":462},"geometry":{"type":"Polygon","coordinates":[[[-58.1559224,-32.2229072],[-58.1553285,-32.2235005],[-58.1560377,-32.2239973],[-58.1566264,-32.223407],[-58.1559224,-32.2229072]]]}},{"type":"Feature","properties":{"ID":0,"NCM":"0100011020070257--","SEC":102,"GRU":7,"MANZ":257},"geometry":{"type":"Polygon","coordinates":[[[-58.1518445,-32.23897],[-58.1512642,-32.2395922],[-58.1519644,-32.2400979],[-58.1525447,-32.2394757],[-58.1518445,-32.23897]]]}},{"type":"Feature","properties":{"ID":0,"NCM":"0100011020070246--","SEC":102,"GRU":7,"MANZ":246},"geometry":{"type":"Polygon","coordinates":[[[-58.1520347,-32.2403126],[-58.1514502,-32.2409393],[-58.1521544,-32.2414479],[-58.1527399,-32.2408201],[-58.1520347,-32.2403126]]]}},{"type":"Feature","properties":{"ID":0,"NCM":"0100011020070247--","SEC":102,"GRU":7,"MANZ":247},"geometry":{"type":"Polygon","coordinates":[[[-58.1527064,-32.2395925],[-58.152126,-32.2402147],[-58.1528263,-32.2407205],[-58.1534066,-32.2400982],[-58.1527064,-32.2395925]]]}},{"type":"Feature","properties":{"ID":0,"NCM":"0100011020080259--","SEC":102,"GRU":8,"MANZ":259},"geometry":{"type":"Polygon","coordinates":[[[-58.153247,-32.2374635],[-58.1530578,-32.2376647],[-58.1528611,-32.2378757],[-58.1526719,-32.2380789],[-58.1530243,-32.2383243],[-58.1533758,-32.2385705],[-58.1539514,-32.2379539],[-58.153247,-32.2374635]]]}},{"type":"Feature","properties":{"ID":0,"NCM":"0100011020160291--","SEC":102,"GRU":16,"MANZ":291},"geometry":{"type":"Polygon","coordinates":[[[-58.1515108,-32.2362439],[-58.1509508,-32.2368443],[-58.1516595,-32.2373466],[-58.1522195,-32.2367461],[-58.1515108,-32.2362439]]]}},{"type":"Feature","properties":{"ID":0,"NCM":"0100011020160290--","SEC":102,"GRU":16,"MANZ":290},"geometry":{"type":"Polygon","coordinates":[[[-58.150819,-32.2369856],[-58.1502501,-32.2375956],[-58.1509588,-32.2380979],[-58.1515277,-32.2374879],[-58.150819,-32.2369856]]]}},{"type":"Feature","properties":{"ID":0,"NCM":"0100011020160272--","SEC":102,"GRU":16,"MANZ":272},"geometry":{"type":"Polygon","coordinates":[[[-58.1516865,-32.2376077],[-58.1511174,-32.2382179],[-58.1514206,-32.2384328],[-58.1519884,-32.237824],[-58.1516865,-32.2376077]]]}},{"type":"Feature","properties":{"ID":0,"NCM":"0100011020160272--","SEC":102,"GRU":16,"MANZ":272},"geometry":{"type":"Polygon","coordinates":[[[-58.1520854,-32.2378941],[-58.1515184,-32.2385021],[-58.1518198,-32.2387157],[-58.1523842,-32.2381105],[-58.1520854,-32.2378941]]]}},{"type":"Feature","properties":{"ID":0,"NCM":"0100011020170293--","SEC":102,"GRU":17,"MANZ":293},"geometry":{"type":"Polygon","coordinates":[[[-58.1535912,-32.2353436],[-58.1528883,-32.234841],[-58.1523132,-32.2354205],[-58.1530095,-32.2359234],[-58.1535912,-32.2353436]]]}},{"type":"Feature","properties":{"ID":0,"NCM":"0100011020260335--","SEC":102,"GRU":26,"MANZ":335},"geometry":{"type":"Polygon","coordinates":[[[-58.1483272,-32.2377991],[-58.147615,-32.2373076],[-58.1470325,-32.2379366],[-58.1477448,-32.2384281],[-58.1483272,-32.2377991]]]}},{"type":"Feature","properties":{"ID":0,"NCM":"0100011020270338--","SEC":102,"GRU":27,"MANZ":338},"geometry":{"type":"Polygon","coordinates":[[[-58.149765,-32.2350374],[-58.1492125,-32.2356297],[-58.1499193,-32.2361306],[-58.15047,-32.235537],[-58.149765,-32.2350374]]]}},{"type":"Feature","properties":{"ID":0,"NCM":"0100011020270337--","SEC":102,"GRU":27,"MANZ":337},"geometry":{"type":"Polygon","coordinates":[[[-58.1490808,-32.235771],[-58.1485013,-32.2363923],[-58.1492027,-32.2368893],[-58.1497801,-32.2362666],[-58.1490808,-32.235771]]]}},{"type":"Feature","properties":{"ID":0,"NCM":"0100011010340352--","SEC":101,"GRU":34,"MANZ":352},"geometry":{"type":"Polygon","coordinates":[[[-58.1594301,-32.2253307],[-58.1588195,-32.2259436],[-58.1595281,-32.226446],[-58.1601387,-32.225833],[-58.1594301,-32.2253307]]]}},{"type":"Feature","properties":{"ID":0,"NCM":"0100011010340325--","SEC":101,"GRU":34,"MANZ":325},"geometry":{"type":"Polygon","coordinates":[[[-58.1602627,-32.2272016],[-58.1595541,-32.2266992],[-58.1589465,-32.2272977],[-58.1596549,-32.2278002],[-58.1602627,-32.2272016]]]}},{"type":"Feature","properties":{"ID":0,"NCM":"0100011010340326--","SEC":101,"GRU":34,"MANZ":326},"geometry":{"type":"Polygon","coordinates":[[[-58.1603015,-32.2259485],[-58.1596909,-32.2265615],[-58.1603995,-32.2270638],[-58.1610019,-32.2264451],[-58.1603015,-32.2259485]]]}},{"type":"Feature","properties":{"ID":0,"NCM":"0100011010230305--","SEC":101,"GRU":23,"MANZ":305},"geometry":{"type":"Polygon","coordinates":[[[-58.1607506,-32.226986],[-58.1605623,-32.2271793],[-58.16064,-32.2272344],[-58.1607506,-32.226986]]]}},{"type":"Feature","properties":{"ID":0,"NCM":"0100011010360356--","SEC":101,"GRU":36,"MANZ":356},"geometry":{"type":"Polygon","coordinates":[[[-58.1623602,-32.2224018],[-58.1617682,-32.2229986],[-58.1624232,-32.2234681],[-58.1627831,-32.222705],[-58.1623602,-32.2224018]]]}},{"type":"Feature","properties":{"ID":0,"NCM":"0100011020400364--","SEC":102,"GRU":40,"MANZ":364},"geometry":{"type":"Polygon","coordinates":[[[-58.1474391,-32.2359067],[-58.1468491,-32.2365214],[-58.1475508,-32.237024],[-58.1481407,-32.2364093],[-58.1474391,-32.2359067]]]}},{"type":"Feature","properties":{"ID":0,"NCM":"0100011020410366--","SEC":102,"GRU":41,"MANZ":366},"geometry":{"type":"Polygon","coordinates":[[[-58.1489046,-32.2344276],[-58.1483315,-32.2350055],[-58.1490369,-32.2355055],[-58.14961,-32.2349275],[-58.1489046,-32.2344276]]]}},{"type":"Feature","properties":{"ID":0,"NCM":"0100011020410394--","SEC":102,"GRU":41,"MANZ":394},"geometry":{"type":"Polygon","coordinates":[[[-58.1480363,-32.2338122],[-58.1474642,-32.2343891],[-58.1481696,-32.234889],[-58.1487417,-32.2343121],[-58.1480363,-32.2338122]]]}},{"type":"Feature","properties":{"ID":0,"NCM":"0100011020410393--","SEC":102,"GRU":41,"MANZ":393},"geometry":{"type":"Polygon","coordinates":[[[-58.1473275,-32.234527],[-58.1467281,-32.2351315],[-58.1474335,-32.2356314],[-58.1480329,-32.2350269],[-58.1473275,-32.234527]]]}},{"type":"Feature","properties":{"ID":0,"NCM":"0100011020530444--","SEC":102,"GRU":53,"MANZ":444},"geometry":{"type":"Polygon","coordinates":[[[-58.1435252,-32.2366489],[-58.1437725,-32.2363899],[-58.1430605,-32.235897],[-58.1428134,-32.236156],[-58.1435252,-32.2366489]]]}},{"type":"Feature","properties":{"ID":0,"NCM":"0100011020530417--","SEC":102,"GRU":53,"MANZ":417},"geometry":{"type":"Polygon","coordinates":[[[-58.1440281,-32.2364183],[-58.1447435,-32.236914],[-58.1449872,-32.2366578],[-58.1442723,-32.2361625],[-58.1440281,-32.2364183]]]}},{"type":"Feature","properties":{"ID":0,"NCM":"0100011020530416--","SEC":102,"GRU":53,"MANZ":416},"geometry":{"type":"Polygon","coordinates":[[[-58.1436821,-32.236768],[-58.1435252,-32.2366489],[-58.1433918,-32.2367891],[-58.1431452,-32.2370481],[-58.1430616,-32.2371353],[-58.1428182,-32.2373933],[-58.1429785,-32.2375085],[-58.1436907,-32.2380018],[-58.1442689,-32.2373964],[-58.1443976,-32.2372615],[-58.1436821,-32.236768]]]}},{"type":"Feature","properties":{"ID":0,"NCM":"0100011011270000--","SEC":101,"GRU":127,"MANZ":0},"geometry":{"type":"Polygon","coordinates":[[[-58.1515396,-32.2122103],[-58.1515428,-32.2121679],[-58.1515437,-32.2121291],[-58.1505758,-32.2114404],[-58.1492914,-32.212745],[-58.1508298,-32.2138397],[-58.1518068,-32.2128473],[-58.1517312,-32.212749],[-58.1516691,-32.2126617],[-58.1516234,-32.2125514],[-58.1515885,-32.2124716],[-58.1515596,-32.2123784],[-58.1515422,-32.2122811],[-58.1515393,-32.2122455],[-58.1515396,-32.2122103]]]}},{"type":"Feature","properties":{"ID":0,"NCM":"0100011020420367--","SEC":102,"GRU":42,"MANZ":367},"geometry":{"type":"Polygon","coordinates":[[[-58.1504665,-32.2340824],[-58.1497645,-32.233579],[-58.1493981,-32.233958],[-58.1501063,-32.2344551],[-58.1504665,-32.2340824]]]}},{"type":"Feature","properties":{"ID":0,"NCM":"0100010052520000--","SEC":5,"GRU":252,"MANZ":0},"geometry":{"type":"Polygon","coordinates":[[[-58.18924,-32.2196988],[-58.1873748,-32.2235023],[-58.1928049,-32.2253398],[-58.1945643,-32.2214065],[-58.18924,-32.2196988]]]}},{"type":"Feature","properties":{"ID":0,"NCM":"0100010081800000--","SEC":8,"GRU":180,"MANZ":0},"geometry":{"type":"Polygon","coordinates":[[[-58.2476234,-32.2570224],[-58.2469378,-32.2587143],[-58.2493883,-32.2594348],[-58.2504444,-32.2597408],[-58.2511277,-32.2580713],[-58.2476234,-32.2570224]]]}},{"type":"Feature","properties":{"ID":0,"NCM":"0100010063550003--","SEC":6,"GRU":355,"MANZ":3},"geometry":{"type":"Polygon","coordinates":[[[-58.1622264,-32.2084544],[-58.1619398,-32.2090851],[-58.162683,-32.2093256],[-58.1629696,-32.2086949],[-58.1622264,-32.2084544]]]}},{"type":"Feature","properties":{"ID":0,"NCM":"0100010063550002--","SEC":6,"GRU":355,"MANZ":2},"geometry":{"type":"Polygon","coordinates":[[[-58.1614732,-32.2082108],[-58.1611867,-32.2088414],[-58.1617812,-32.2090338],[-58.1620678,-32.2084031],[-58.1614732,-32.2082108]]]}},{"type":"Feature","properties":{"ID":0,"NCM":"0100010063550001--","SEC":6,"GRU":355,"MANZ":1},"geometry":{"type":"Polygon","coordinates":[[[-58.1605715,-32.207919],[-58.1602849,-32.2085497],[-58.1610281,-32.2087901],[-58.1613147,-32.2081595],[-58.1605715,-32.207919]]]}},{"type":"Feature","properties":{"ID":0,"NCM":"0100010063550004--","SEC":6,"GRU":355,"MANZ":4},"geometry":{"type":"Polygon","coordinates":[[[-58.1602237,-32.2086842],[-58.1599945,-32.2091887],[-58.1607377,-32.2094292],[-58.160967,-32.2089247],[-58.1602237,-32.2086842]]]}},{"type":"Feature","properties":{"ID":0,"NCM":"0100010063550005--","SEC":6,"GRU":355,"MANZ":5},"geometry":{"type":"Polygon","coordinates":[[[-58.1611255,-32.208976],[-58.1608963,-32.2094805],[-58.1614908,-32.2096729],[-58.1617201,-32.2091684],[-58.1611255,-32.208976]]]}},{"type":"Feature","properties":{"ID":0,"NCM":"0100010063550006--","SEC":6,"GRU":355,"MANZ":6},"geometry":{"type":"Polygon","coordinates":[[[-58.1618787,-32.2092196],[-58.1616494,-32.2097242],[-58.1623926,-32.2099646],[-58.1626219,-32.2094601],[-58.1618787,-32.2092196]]]}},{"type":"Feature","properties":{"ID":0,"NCM":"0100010063550009--","SEC":6,"GRU":355,"MANZ":9},"geometry":{"type":"Polygon","coordinates":[[[-58.1615883,-32.2098587],[-58.1613017,-32.2104894],[-58.1620449,-32.2107298],[-58.1623315,-32.2100992],[-58.1615883,-32.2098587]]]}},{"type":"Feature","properties":{"ID":0,"NCM":"0100010063550008--","SEC":6,"GRU":355,"MANZ":8},"geometry":{"type":"Polygon","coordinates":[[[-58.1608351,-32.2096151],[-58.1605485,-32.2102457],[-58.1611431,-32.2104381],[-58.1614297,-32.2098074],[-58.1608351,-32.2096151]]]}},{"type":"Feature","properties":{"ID":0,"NCM":"0100010063550007--","SEC":6,"GRU":355,"MANZ":7},"geometry":{"type":"Polygon","coordinates":[[[-58.1599333,-32.2093233],[-58.1596467,-32.2099539],[-58.16039,-32.2101944],[-58.1606766,-32.2095638],[-58.1599333,-32.2093233]]]}},{"type":"Feature","properties":{"ID":0,"NCM":"0100010063550010--","SEC":6,"GRU":355,"MANZ":10},"geometry":{"type":"Polygon","coordinates":[[[-58.158586,-32.2088807],[-58.1580315,-32.2094313],[-58.1594882,-32.2099026],[-58.1597751,-32.2092713],[-58.158586,-32.2088807]]]}},{"type":"Feature","properties":{"ID":0,"NCM":"0100011010350353--","SEC":101,"GRU":35,"MANZ":353},"geometry":{"type":"Polygon","coordinates":[[[-58.1605361,-32.2254356],[-58.1608463,-32.22512],[-58.1601359,-32.2246195],[-58.1595458,-32.22522],[-58.1602562,-32.2257204],[-58.1605361,-32.2254356]]]}},{"type":"Feature","properties":{"ID":0,"NCM":"0100011020980000--","SEC":102,"GRU":98,"MANZ":0},"geometry":{"type":"Polygon","coordinates":[[[-58.1304432,-32.2374433],[-58.130463,-32.2374485],[-58.1304969,-32.2374613],[-58.1305229,-32.2374798],[-58.130554,-32.2375056],[-58.1305854,-32.2375339],[-58.1306133,-32.2375576],[-58.1306335,-32.23758],[-58.1306523,-32.2375997],[-58.1306843,-32.2376328],[-58.1307355,-32.2376845],[-58.1307659,-32.2377055],[-58.1307972,-32.2377245],[-58.1308816,-32.2377749],[-58.1309101,-32.2377942],[-58.1309342,-32.2378109],[-58.1309644,-32.2378353],[-58.1309911,-32.2378586],[-58.1310154,-32.2378812],[-58.1310402,-32.2378901],[-58.1310654,-32.2378979],[-58.131107,-32.2379119],[-58.1311519,-32.237934],[-58.1311944,-32.237968],[-58.1312332,-32.2380043],[-58.1312652,-32.2380373],[-58.131301,-32.2380681],[-58.1313345,-32.2380912],[-58.131361,-32.2381087],[-58.1313869,-32.2381213],[-58.1314217,-32.2381321],[-58.1314471,-32.2381458],[-58.1314765,-32.2381596],[-58.1315016,-32.2381708],[-58.1315501,-32.2381936],[-58.1315789,-32.2382118],[-58.1315938,-32.2382372],[-58.1315982,-32.2382617],[-58.131611,-32.2382888],[-58.1316251,-32.2383128],[-58.1316431,-32.2383311],[-58.1316582,-32.2383497],[-58.1316714,-32.2383686],[-58.1323071,-32.2376973],[-58.1310585,-32.2367872],[-58.1304432,-32.2374433]]]}},{"type":"Feature","properties":{"ID":0,"NCM":"0100011021000000--","SEC":102,"GRU":100,"MANZ":0},"geometry":{"type":"Polygon","coordinates":[[[-58.1338771,-32.2337812],[-58.1326292,-32.2351121],[-58.133917,-32.2359971],[-58.1351425,-32.2347028],[-58.1338771,-32.2337812]]]}},{"type":"Feature","properties":{"ID":0,"NCM":"0100011021010000--","SEC":102,"GRU":101,"MANZ":0},"geometry":{"type":"Polygon","coordinates":[[[-58.1352874,-32.2322771],[-58.1340093,-32.2336403],[-58.1352755,-32.2345624],[-58.1365613,-32.2332044],[-58.1352874,-32.2322771]]]}},{"type":"Feature","properties":{"ID":0,"NCM":"0100011010350327--","SEC":101,"GRU":35,"MANZ":327},"geometry":{"type":"Polygon","coordinates":[[[-58.1605361,-32.2254356],[-58.1603627,-32.2257967],[-58.1610654,-32.2262994],[-58.1614158,-32.2255211],[-58.1610096,-32.225235],[-58.160698,-32.2255521],[-58.1605361,-32.2254356]]]}},{"type":"Feature","properties":{"ID":0,"NCM":"0100011021110626--","SEC":102,"GRU":111,"MANZ":626},"geometry":{"type":"Polygon","coordinates":[[[-58.1346953,-32.231846],[-58.1341203,-32.2324548],[-58.1345319,-32.2327544],[-58.1351069,-32.2321457],[-58.1346953,-32.231846]]]}},{"type":"Feature","properties":{"ID":0,"NCM":"0100011021110644--","SEC":102,"GRU":111,"MANZ":644},"geometry":{"type":"Polygon","coordinates":[[[-58.1338453,-32.2312273],[-58.1332704,-32.2318361],[-58.1339592,-32.2323375],[-58.1345342,-32.2317288],[-58.1338453,-32.2312273]]]}},{"type":"Feature","properties":{"ID":0,"NCM":"0100011021200680--","SEC":102,"GRU":120,"MANZ":680},"geometry":{"type":"Polygon","coordinates":[[[-58.1299363,-32.232211],[-58.129358,-32.2328175],[-58.130048,-32.2333127],[-58.1306263,-32.2327062],[-58.1299363,-32.232211]]]}},{"type":"Feature","properties":{"ID":0,"NCM":"0100011021200681--","SEC":102,"GRU":120,"MANZ":681},"geometry":{"type":"Polygon","coordinates":[[[-58.1306481,-32.2314645],[-58.1300698,-32.232071],[-58.1307571,-32.2325642],[-58.1313353,-32.2319576],[-58.1306481,-32.2314645]]]}},{"type":"Feature","properties":{"ID":0,"NCM":"0100011021200661--","SEC":102,"GRU":120,"MANZ":661},"geometry":{"type":"Polygon","coordinates":[[[-58.1314973,-32.232074],[-58.1309192,-32.2326805],[-58.1316096,-32.233176],[-58.1321877,-32.2325694],[-58.1314973,-32.232074]]]}},{"type":"Feature","properties":{"ID":0,"NCM":"0100010170030001--","SEC":17,"GRU":3,"MANZ":1},"geometry":{"type":"Polygon","coordinates":[[[-58.1363125,-32.2448854],[-58.1360844,-32.2443073],[-58.1353584,-32.2432926],[-58.1352709,-32.2432062],[-58.1341493,-32.2428292],[-58.1339066,-32.2427716],[-58.1334932,-32.2426306],[-58.1319478,-32.2421967],[-58.1314143,-32.2419485],[-58.1309728,-32.2414389],[-58.1305782,-32.2412012],[-58.1299689,-32.2410824],[-58.1293766,-32.2413325],[-58.129196,-32.2418774],[-58.1293092,-32.2420321],[-58.1296868,-32.2422353],[-58.1296596,-32.2420074],[-58.1298705,-32.2415106],[-58.1301869,-32.2415605],[-58.1305782,-32.2416793],[-58.131187,-32.2423092],[-58.1325473,-32.2427841],[-58.1338829,-32.24315],[-58.1349831,-32.243783],[-58.1358343,-32.2445439],[-58.1361295,-32.2449476],[-58.1363125,-32.2448854]]]}},{"type":"Feature","properties":{"ID":0,"NCM":"0100010170030002--","SEC":17,"GRU":3,"MANZ":2},"geometry":{"type":"Polygon","coordinates":[[[-58.1322427,-32.2428275],[-58.1321776,-32.2429003],[-58.1326951,-32.2436864],[-58.1343605,-32.2442729],[-58.1359645,-32.2452562],[-58.1361235,-32.2451714],[-58.1357421,-32.2446188],[-58.1348875,-32.2438596],[-58.1338345,-32.2432539],[-58.1324889,-32.2428852],[-58.1322427,-32.2428275]]]}},{"type":"Feature","properties":{"ID":0,"NCM":"0100010170030003--","SEC":17,"GRU":3,"MANZ":3},"geometry":{"type":"Polygon","coordinates":[[[-58.1299468,-32.2416324],[-58.1297805,-32.242034],[-58.1298216,-32.2423395],[-58.1304206,-32.2427828],[-58.1310264,-32.2431002],[-58.1324982,-32.2436183],[-58.1319352,-32.2427492],[-58.131734,-32.242675],[-58.1310945,-32.2423899],[-58.1305197,-32.2417787],[-58.1301723,-32.2416706],[-58.1299468,-32.2416324]]]}},{"type":"Feature","properties":{"ID":0,"NCM":"0100010170030008--","SEC":17,"GRU":3,"MANZ":8},"geometry":{"type":"Polygon","coordinates":[[[-58.1292907,-32.2422207],[-58.1293667,-32.2433007],[-58.1290616,-32.244458],[-58.129486,-32.244574],[-58.1298046,-32.2433721],[-58.1297006,-32.2424169],[-58.1292907,-32.2422207]]]}},{"type":"Feature","properties":{"ID":0,"NCM":"0100010170030007--","SEC":17,"GRU":3,"MANZ":7},"geometry":{"type":"Polygon","coordinates":[[[-58.1313614,-32.2450853],[-58.1316373,-32.2443404],[-58.1311289,-32.243993],[-58.1311008,-32.2439363],[-58.1309196,-32.2435701],[-58.130717,-32.2442899],[-58.1306105,-32.2446682],[-58.1306119,-32.2446706],[-58.1306131,-32.244673],[-58.1306143,-32.2446754],[-58.1306153,-32.2446779],[-58.1306163,-32.2446804],[-58.1306171,-32.2446829],[-58.1306178,-32.2446854],[-58.1306185,-32.244688],[-58.130619,-32.2446906],[-58.1306194,-32.2446931],[-58.1306197,-32.2446958],[-58.13062,-32.2446984],[-58.1306201,-32.244701],[-58.13062,-32.2447036],[-58.1306199,-32.2447062],[-58.1306197,-32.2447088],[-58.1306194,-32.2447114],[-58.130619,-32.244714],[-58.1306184,-32.2447166],[-58.1306178,-32.2447192],[-58.130617,-32.2447217],[-58.1306162,-32.2447242],[-58.1306152,-32.2447267],[-58.1306142,-32.2447292],[-58.130613,-32.2447316],[-58.1306118,-32.244734],[-58.1306105,-32.2447364],[-58.130609,-32.2447387],[-58.1306075,-32.2447409],[-58.1306058,-32.2447432],[-58.1306041,-32.2447453],[-58.1306023,-32.2447475],[-58.1306004,-32.2447495],[-58.1305985,-32.2447515],[-58.1305964,-32.2447535],[-58.1305943,-32.2447554],[-58.1305921,-32.2447572],[-58.1305898,-32.244759],[-58.1305874,-32.2447607],[-58.130585,-32.2447623],[-58.1305825,-32.2447638],[-58.13058,-32.2447653],[-58.1305774,-32.2447667],[-58.1305747,-32.244768],[-58.130572,-32.2447693],[-58.1305692,-32.2447704],[-58.1305664,-32.2447715],[-58.1305636,-32.2447725],[-58.1305607,-32.2447734],[-58.1305578,-32.2447742],[-58.1305548,-32.244775],[-58.1305518,-32.2447756],[-58.1305488,-32.2447762],[-58.1305458,-32.2447766],[-58.1305427,-32.244777],[-58.1305397,-32.2447773],[-58.1305366,-32.2447775],[-58.1305335,-32.2447776],[-58.1305304,-32.2447777],[-58.1305274,-32.2447776],[-58.1305243,-32.2447774],[-58.1305212,-32.2447772],[-58.1305182,-32.2447768],[-58.1305151,-32.2447764],[-58.1305121,-32.2447759],[-58.1305091,-32.2447753],[-58.1305061,-32.2447746],[-58.1305032,-32.2447738],[-58.1305003,-32.2447729],[-58.1304974,-32.244772],[-58.1304946,-32.2447709],[-58.1304918,-32.2447698],[-58.1304891,-32.2447686],[-58.1304864,-32.2447673],[-58.1304838,-32.244766],[-58.1304812,-32.2447645],[-58.1304787,-32.244763],[-58.1304762,-32.2447614],[-58.1304738,-32.2447598],[-58.1304715,-32.244758],[-58.1304693,-32.2447562],[-58.1304671,-32.2447544],[-58.130465,-32.2447524],[-58.130463,-32.2447505],[-58.1304611,-32.2447484],[-58.1304592,-32.2447463],[-58.1304575,-32.2447442],[-58.1304558,-32.244742],[-58.1304542,-32.2447397],[-58.1304527,-32.2447374],[-58.1304514,-32.2447351],[-58.1304501,-32.2447327],[-58.1304489,-32.2447303],[-58.1304478,-32.2447279],[-58.1304468,-32.2447254],[-58.1304459,-32.2447229],[-58.1304451,-32.2447203],[-58.1304444,-32.2447178],[-58.1304438,-32.2447152],[-58.1304433,-32.2447126],[-58.130443,-32.24471],[-58.1304427,-32.2447074],[-58.1304425,-32.2447048],[-58.1304425,-32.2447022],[-58.1304425,-32.2446996],[-58.1304427,-32.244697],[-58.130443,-32.2446943],[-58.1304433,-32.2446917],[-58.1304438,-32.2446892],[-58.1304444,-32.2446866],[-58.1304451,-32.244684],[-58.1304459,-32.2446815],[-58.1304468,-32.244679],[-58.1304478,-32.2446765],[-58.1304489,-32.2446741],[-58.1304501,-32.2446717],[-58.1304514,-32.2446693],[-58.1304528,-32.244667],[-58.1304543,-32.2446647],[-58.1304558,-32.2446624],[-58.1304575,-32.2446602],[-58.1304593,-32.2446581],[-58.1304611,-32.244656],[-58.130463,-32.2446539],[-58.130465,-32.2446519],[-58.1304671,-32.24465],[-58.1304693,-32.2446482],[-58.1304716,-32.2446464],[-58.1304739,-32.2446446],[-58.1304763,-32.244643],[-58.1304787,-32.2446414],[-58.1304812,-32.2446399],[-58.1304838,-32.2446384],[-58.1304864,-32.2446371],[-58.1304891,-32.2446358],[-58.1305411,-32.2444512],[-58.1307878,-32.2435745],[-58.1308819,-32.2432405],[-58.1306921,-32.2431399],[-58.1305013,-32.2430388],[-58.1302723,-32.2429174],[-58.1302349,-32.2428879],[-58.1298471,-32.2425819],[-58.1299076,-32.2431529],[-58.1299329,-32.2433918],[-58.1298536,-32.2437022],[-58.1296215,-32.244611],[-58.1305204,-32.2448568],[-58.1313614,-32.2450853]]]}},{"type":"Feature","properties":{"ID":0,"NCM":"0100010170030006--","SEC":17,"GRU":3,"MANZ":6},"geometry":{"type":"Polygon","coordinates":[[[-58.1314827,-32.2451182],[-58.1333023,-32.2456125],[-58.1333786,-32.2454062],[-58.1334934,-32.2450956],[-58.1332738,-32.2450243],[-58.1326597,-32.244825],[-58.1325281,-32.2451808],[-58.1325294,-32.2451832],[-58.1325306,-32.2451856],[-58.1325317,-32.245188],[-58.1325328,-32.2451905],[-58.1325337,-32.245193],[-58.1325345,-32.2451955],[-58.1325352,-32.245198],[-58.1325358,-32.2452006],[-58.1325363,-32.2452032],[-58.1325367,-32.2452058],[-58.132537,-32.2452084],[-58.1325372,-32.245211],[-58.1325373,-32.2452136],[-58.1325372,-32.2452162],[-58.1325371,-32.2452188],[-58.1325368,-32.2452214],[-58.1325365,-32.245224],[-58.132536,-32.2452266],[-58.1325355,-32.2452292],[-58.1325348,-32.2452317],[-58.132534,-32.2452342],[-58.1325332,-32.2452367],[-58.1325322,-32.2452392],[-58.1325311,-32.2452417],[-58.1325299,-32.2452441],[-58.1325286,-32.2452464],[-58.1325273,-32.2452488],[-58.1325258,-32.2452511],[-58.1325242,-32.2452533],[-58.1325226,-32.2452555],[-58.1325208,-32.2452577],[-58.132519,-32.2452598],[-58.1325171,-32.2452618],[-58.1325151,-32.2452638],[-58.132513,-32.2452657],[-58.1325109,-32.2452676],[-58.1325086,-32.2452694],[-58.1325063,-32.2452711],[-58.132504,-32.2452728],[-58.1325015,-32.2452744],[-58.132499,-32.2452759],[-58.1324965,-32.2452773],[-58.1324938,-32.2452787],[-58.1324912,-32.24528],[-58.1324884,-32.2452812],[-58.1324857,-32.2452823],[-58.1324828,-32.2452833],[-58.13248,-32.2452843],[-58.1324771,-32.2452852],[-58.1324742,-32.245286],[-58.1324712,-32.2452867],[-58.1324682,-32.2452873],[-58.1324652,-32.2452878],[-58.1324622,-32.2452882],[-58.1324591,-32.2452886],[-58.1324561,-32.2452888],[-58.132453,-32.245289],[-58.1324499,-32.245289],[-58.1324468,-32.245289],[-58.1324438,-32.2452889],[-58.1324407,-32.2452887],[-58.1324377,-32.2452884],[-58.1324346,-32.245288],[-58.1324316,-32.2452876],[-58.1324286,-32.245287],[-58.1324256,-32.2452863],[-58.1324227,-32.2452856],[-58.1324197,-32.2452848],[-58.1324169,-32.2452839],[-58.132414,-32.2452829],[-58.1324112,-32.2452818],[-58.1324085,-32.2452806],[-58.1324058,-32.2452794],[-58.1324031,-32.2452781],[-58.1324005,-32.2452767],[-58.132398,-32.2452752],[-58.1323955,-32.2452736],[-58.1323931,-32.245272],[-58.1323908,-32.2452703],[-58.1323885,-32.2452686],[-58.1323863,-32.2452667],[-58.1323842,-32.2452648],[-58.1323821,-32.2452629],[-58.1323802,-32.2452609],[-58.1323783,-32.2452588],[-58.1323765,-32.2452567],[-58.1323748,-32.2452545],[-58.1323732,-32.2452523],[-58.1323717,-32.24525],[-58.1323703,-32.2452477],[-58.1323689,-32.2452454],[-58.1323677,-32.245243],[-58.1323666,-32.2452405],[-58.1323655,-32.2452381],[-58.1323646,-32.2452356],[-58.1323638,-32.2452331],[-58.132363,-32.2452305],[-58.1323624,-32.245228],[-58.1323619,-32.2452254],[-58.1323615,-32.2452228],[-58.1323612,-32.2452202],[-58.132361,-32.2452176],[-58.1323609,-32.245215],[-58.1323609,-32.2452124],[-58.1323611,-32.2452098],[-58.1323613,-32.2452072],[-58.1323616,-32.2452046],[-58.1323621,-32.245202],[-58.1323626,-32.2451994],[-58.1323633,-32.2451969],[-58.132364,-32.2451943],[-58.1323649,-32.2451918],[-58.1323659,-32.2451893],[-58.1323669,-32.2451869],[-58.1323681,-32.2451845],[-58.1323694,-32.2451821],[-58.1323707,-32.2451798],[-58.1323722,-32.2451775],[-58.1323737,-32.2451752],[-58.1323754,-32.245173],[-58.1323771,-32.2451708],[-58.1323789,-32.2451687],[-58.1323808,-32.2451667],[-58.1323828,-32.2451647],[-58.1323849,-32.2451628],[-58.132387,-32.2451609],[-58.1323892,-32.2451591],[-58.1323915,-32.2451573],[-58.1323939,-32.2451557],[-58.1323963,-32.2451541],[-58.1323988,-32.2451525],[-58.1324014,-32.2451511],[-58.132404,-32.2451497],[-58.1324067,-32.2451484],[-58.1325404,-32.2447869],[-58.132296,-32.2447071],[-58.1321589,-32.2446339],[-58.1319734,-32.2445347],[-58.1317441,-32.2444123],[-58.1315555,-32.2449217],[-58.1314827,-32.2451182]]]}},{"type":"Feature","properties":{"ID":0,"NCM":"0100010170030005--","SEC":17,"GRU":3,"MANZ":5},"geometry":{"type":"Polygon","coordinates":[[[-58.1366984,-32.2465414],[-58.1366116,-32.2458991],[-58.1358082,-32.2453991],[-58.135676,-32.2460235],[-58.1356773,-32.2460259],[-58.1356785,-32.2460283],[-58.1356795,-32.2460307],[-58.1356805,-32.2460332],[-58.1356814,-32.2460357],[-58.1356822,-32.2460382],[-58.1356829,-32.2460407],[-58.1356835,-32.2460433],[-58.1356839,-32.2460458],[-58.1356843,-32.2460484],[-58.1356846,-32.246051],[-58.1356847,-32.2460536],[-58.1356848,-32.2460562],[-58.1356847,-32.2460588],[-58.1356846,-32.2460614],[-58.1356843,-32.246064],[-58.1356839,-32.2460665],[-58.1356834,-32.2460691],[-58.1356829,-32.2460716],[-58.1356822,-32.2460742],[-58.1356814,-32.2460767],[-58.1356805,-32.2460792],[-58.1356795,-32.2460816],[-58.1356784,-32.246084],[-58.1356772,-32.2460864],[-58.1356759,-32.2460888],[-58.1356745,-32.2460911],[-58.1356731,-32.2460934],[-58.1356715,-32.2460956],[-58.1356698,-32.2460978],[-58.1356681,-32.2460999],[-58.1356663,-32.246102],[-58.1356643,-32.246104],[-58.1356623,-32.246106],[-58.1356603,-32.2461079],[-58.1356581,-32.2461097],[-58.1356559,-32.2461115],[-58.1356536,-32.2461132],[-58.1356512,-32.2461149],[-58.1356488,-32.2461164],[-58.1356463,-32.2461179],[-58.1356437,-32.2461194],[-58.1356411,-32.2461207],[-58.1356385,-32.246122],[-58.1356358,-32.2461232],[-58.135633,-32.2461243],[-58.1356302,-32.2461253],[-58.1356273,-32.2461263],[-58.1356245,-32.2461271],[-58.1356215,-32.2461279],[-58.1356186,-32.2461286],[-58.1356156,-32.2461292],[-58.1356126,-32.2461297],[-58.1356096,-32.2461301],[-58.1356066,-32.2461305],[-58.1356035,-32.2461307],[-58.1356005,-32.2461309],[-58.1355974,-32.2461309],[-58.1355944,-32.2461309],[-58.1355913,-32.2461308],[-58.1355883,-32.2461306],[-58.1355852,-32.2461303],[-58.1355822,-32.2461299],[-58.1355792,-32.2461294],[-58.1355762,-32.2461289],[-58.1355733,-32.2461282],[-58.1355703,-32.2461275],[-58.1355674,-32.2461267],[-58.1355646,-32.2461258],[-58.1355618,-32.2461248],[-58.135559,-32.2461237],[-58.1355562,-32.2461226],[-58.1355535,-32.2461213],[-58.1355509,-32.24612],[-58.1355483,-32.2461186],[-58.1355458,-32.2461172],[-58.1355433,-32.2461156],[-58.1355409,-32.246114],[-58.1355386,-32.2461123],[-58.1355364,-32.2461106],[-58.1355342,-32.2461088],[-58.135532,-32.2461069],[-58.13553,-32.2461049],[-58.1355281,-32.246103],[-58.1355262,-32.2461009],[-58.1355244,-32.2460988],[-58.1355227,-32.2460966],[-58.1355211,-32.2460944],[-58.1355196,-32.2460922],[-58.1355181,-32.2460899],[-58.1355168,-32.2460875],[-58.1355156,-32.2460852],[-58.1355144,-32.2460828],[-58.1355134,-32.2460803],[-58.1355125,-32.2460778],[-58.1355116,-32.2460753],[-58.1355109,-32.2460728],[-58.1355103,-32.2460703],[-58.1355097,-32.2460677],[-58.1355093,-32.2460652],[-58.135509,-32.2460626],[-58.1355088,-32.24606],[-58.1355087,-32.2460574],[-58.1355087,-32.2460548],[-58.1355088,-32.2460522],[-58.135509,-32.2460496],[-58.1355093,-32.246047],[-58.1355097,-32.2460444],[-58.1355103,-32.2460419],[-58.1355109,-32.2460393],[-58.1355116,-32.2460368],[-58.1355125,-32.2460343],[-58.1355134,-32.2460319],[-58.1355145,-32.2460294],[-58.1355156,-32.246027],[-58.1355168,-32.2460246],[-58.1355182,-32.2460223],[-58.1355196,-32.24602],[-58.1355211,-32.2460177],[-58.1355227,-32.2460155],[-58.1355244,-32.2460134],[-58.1355262,-32.2460113],[-58.1355281,-32.2460092],[-58.13553,-32.2460072],[-58.1355321,-32.2460053],[-58.1355342,-32.2460034],[-58.1355364,-32.2460016],[-58.1355386,-32.2459999],[-58.135541,-32.2459982],[-58.1355434,-32.2459966],[-58.1355458,-32.245995],[-58.1355484,-32.2459936],[-58.1355509,-32.2459922],[-58.1355536,-32.2459909],[-58.135694,-32.245328],[-58.1355237,-32.245222],[-58.135062,-32.2449347],[-58.1345571,-32.2451579],[-58.1343669,-32.2456724],[-58.1343682,-32.2456748],[-58.1343694,-32.2456772],[-58.1343705,-32.2456796],[-58.1343715,-32.245682],[-58.1343724,-32.2456845],[-58.1343732,-32.245687],[-58.1343739,-32.2456896],[-58.1343745,-32.2456921],[-58.134375,-32.2456947],[-58.1343754,-32.2456972],[-58.1343757,-32.2456998],[-58.1343758,-32.2457024],[-58.1343759,-32.245705],[-58.1343759,-32.2457076],[-58.1343757,-32.2457102],[-58.1343755,-32.2457128],[-58.1343751,-32.2457154],[-58.1343746,-32.2457179],[-58.1343741,-32.2457205],[-58.1343734,-32.245723],[-58.1343726,-32.2457255],[-58.1343717,-32.245728],[-58.1343708,-32.2457305],[-58.1343697,-32.2457329],[-58.1343685,-32.2457353],[-58.1343672,-32.2457377],[-58.1343658,-32.24574],[-58.1343644,-32.2457423],[-58.1343628,-32.2457445],[-58.1343612,-32.2457467],[-58.1343594,-32.2457488],[-58.1343576,-32.2457509],[-58.1343557,-32.2457529],[-58.1343537,-32.2457549],[-58.1343516,-32.2457568],[-58.1343495,-32.2457586],[-58.1343473,-32.2457604],[-58.134345,-32.2457621],[-58.1343426,-32.2457638],[-58.1343402,-32.2457654],[-58.1343377,-32.2457669],[-58.1343351,-32.2457683],[-58.1343325,-32.2457697],[-58.1343299,-32.2457709],[-58.1343272,-32.2457721],[-58.1343244,-32.2457732],[-58.1343216,-32.2457743],[-58.1343188,-32.2457752],[-58.1343159,-32.2457761],[-58.134313,-32.2457769],[-58.13431,-32.2457776],[-58.1343071,-32.2457782],[-58.1343041,-32.2457787],[-58.134301,-32.2457791],[-58.134298,-32.2457794],[-58.134295,-32.2457797],[-58.1342919,-32.2457798],[-58.1342889,-32.2457799],[-58.1342858,-32.2457799],[-58.1342828,-32.2457798],[-58.1342797,-32.2457796],[-58.1342767,-32.2457793],[-58.1342737,-32.2457789],[-58.1342707,-32.2457784],[-58.1342677,-32.2457779],[-58.1342647,-32.2457772],[-58.1342618,-32.2457765],[-58.1342589,-32.2457757],[-58.134256,-32.2457748],[-58.1342532,-32.2457738],[-58.1342504,-32.2457727],[-58.1342477,-32.2457715],[-58.134245,-32.2457703],[-58.1342424,-32.245769],[-58.1342398,-32.2457676],[-58.1342373,-32.2457661],[-58.1342348,-32.2457646],[-58.1342324,-32.245763],[-58.1342301,-32.2457613],[-58.1342278,-32.2457596],[-58.1342256,-32.2457577],[-58.1342235,-32.2457559],[-58.1342215,-32.2457539],[-58.1342195,-32.2457519],[-58.1342177,-32.2457499],[-58.1342159,-32.2457478],[-58.1342142,-32.2457456],[-58.1342126,-32.2457434],[-58.1342111,-32.2457411],[-58.1342097,-32.2457388],[-58.1342083,-32.2457365],[-58.1342071,-32.2457341],[-58.134206,-32.2457317],[-58.1342049,-32.2457293],[-58.134204,-32.2457268],[-58.1342032,-32.2457243],[-58.1342025,-32.2457218],[-58.1342018,-32.2457192],[-58.1342013,-32.2457167],[-58.1342009,-32.2457141],[-58.1342006,-32.2457115],[-58.1342004,-32.2457089],[-58.1342003,-32.2457063],[-58.1342003,-32.2457037],[-58.1342004,-32.2457011],[-58.1342006,-32.2456986],[-58.134201,-32.245696],[-58.1342014,-32.2456934],[-58.1342019,-32.2456908],[-58.1342026,-32.2456883],[-58.1342033,-32.2456858],[-58.1342042,-32.2456833],[-58.1342051,-32.2456808],[-58.1342062,-32.2456784],[-58.1342073,-32.245676],[-58.1342086,-32.2456736],[-58.1342099,-32.2456713],[-58.1342114,-32.245669],[-58.1342129,-32.2456667],[-58.1342145,-32.2456645],[-58.1342162,-32.2456624],[-58.134218,-32.2456603],[-58.1342199,-32.2456583],[-58.1342219,-32.2456563],[-58.1342239,-32.2456543],[-58.134226,-32.2456525],[-58.1342282,-32.2456507],[-58.1342305,-32.2456489],[-58.1342329,-32.2456473],[-58.1342353,-32.2456457],[-58.1342377,-32.2456441],[-58.1342403,-32.2456427],[-58.1342429,-32.2456413],[-58.1342455,-32.24564],[-58.1344018,-32.2452171],[-58.1336204,-32.2451129],[-58.1334251,-32.2456459],[-58.1366984,-32.2465414]]]}},{"type":"Feature","properties":{"ID":0,"NCM":"0100010170030004--","SEC":17,"GRU":3,"MANZ":4},"geometry":{"type":"Polygon","coordinates":[[[-58.1310121,-32.2432825],[-58.1309789,-32.2433995],[-58.1312415,-32.2439227],[-58.1319112,-32.2443763],[-58.1323587,-32.2446053],[-58.1336246,-32.2450029],[-58.134402,-32.2451054],[-58.1349601,-32.2448619],[-58.1342804,-32.2444388],[-58.1310121,-32.2432825]]]}},{"type":"Feature","properties":{"ID":0,"NCM":"0100010162230001--","SEC":16,"GRU":223,"MANZ":1},"geometry":{"type":"Polygon","coordinates":[[[-58.1804134,-32.2530692],[-58.1800474,-32.2539153],[-58.1853276,-32.2555411],[-58.1857214,-32.2547036],[-58.1804134,-32.2530692]]]}},{"type":"Feature","properties":{"ID":0,"NCM":"0100010162230002--","SEC":16,"GRU":223,"MANZ":2},"geometry":{"type":"Polygon","coordinates":[[[-58.1829789,-32.2549329],[-58.1826789,-32.2556365],[-58.1849534,-32.2563366],[-58.1852842,-32.2556428],[-58.1829789,-32.2549329]]]}},{"type":"Feature","properties":{"ID":0,"NCM":"0100010162230003--","SEC":16,"GRU":223,"MANZ":3},"geometry":{"type":"Polygon","coordinates":[[[-58.1792388,-32.2557842],[-58.181896,-32.2565727],[-58.1819141,-32.2565311],[-58.1820948,-32.2565875],[-58.1844848,-32.2573331],[-58.1849062,-32.2564371],[-58.1824874,-32.2556821],[-58.1828268,-32.2548861],[-58.1800036,-32.2540166],[-58.1792388,-32.2557842]]]}},{"type":"Feature","properties":{"ID":0,"NCM":"0100010123270001--","SEC":12,"GRU":327,"MANZ":1},"geometry":{"type":"Polygon","coordinates":[[[-58.1603147,-32.2286499],[-58.1600257,-32.2292788],[-58.1609311,-32.2295818],[-58.1612186,-32.2289524],[-58.1603147,-32.2286499]]]}},{"type":"Feature","properties":{"ID":0,"NCM":"0100010123270002--","SEC":12,"GRU":327,"MANZ":2},"geometry":{"type":"Polygon","coordinates":[[[-58.159971,-32.2294543],[-58.15968,-32.2300825],[-58.1605669,-32.2303793],[-58.1608544,-32.2297499],[-58.159971,-32.2294543]]]}},{"type":"Feature","properties":{"ID":0,"NCM":"0100010123260005--","SEC":12,"GRU":326,"MANZ":5},"geometry":{"type":"Polygon","coordinates":[[[-58.1592416,-32.2309829],[-58.1587177,-32.2321296],[-58.1606501,-32.2327569],[-58.1611693,-32.231625],[-58.1608,-32.2315026],[-58.1606503,-32.2314532],[-58.1602805,-32.2313288],[-58.1601312,-32.2312788],[-58.159761,-32.231155],[-58.1596116,-32.231105],[-58.1592416,-32.2309829]]]}},{"type":"Feature","properties":{"ID":0,"NCM":"0100010123260006--","SEC":12,"GRU":326,"MANZ":6},"geometry":{"type":"Polygon","coordinates":[[[-58.1586437,-32.2323145],[-58.1578705,-32.2339837],[-58.1591815,-32.2347493],[-58.1596681,-32.234916],[-58.1606177,-32.2329572],[-58.1586437,-32.2323145]]]}},{"type":"Feature","properties":{"ID":0,"NCM":"0100010123260007--","SEC":12,"GRU":326,"MANZ":7},"geometry":{"type":"Polygon","coordinates":[[[-58.1629675,-32.2347013],[-58.1627872,-32.2346388],[-58.1626313,-32.234583],[-58.162605,-32.2345736],[-58.1624725,-32.2345263],[-58.1621082,-32.2344022],[-58.1619748,-32.2343568],[-58.1623674,-32.2335405],[-58.1608237,-32.2330261],[-58.1604053,-32.2338863],[-58.1598784,-32.2349922],[-58.1629421,-32.2360557],[-58.1634638,-32.2348736],[-58.1631005,-32.2347475],[-58.1629675,-32.2347013]]]}},{"type":"Feature","properties":{"ID":0,"NCM":"0100010112270001--","SEC":11,"GRU":227,"MANZ":1},"geometry":{"type":"Polygon","coordinates":[[[-58.1930825,-32.2388578],[-58.1918936,-32.2384715],[-58.1914742,-32.2394161],[-58.1926631,-32.2398025],[-58.1930825,-32.2388578]]]}},{"type":"Feature","properties":{"ID":0,"NCM":"0100010112270002--","SEC":11,"GRU":227,"MANZ":2},"geometry":{"type":"Polygon","coordinates":[[[-58.1916955,-32.2384071],[-58.1905066,-32.2380207],[-58.1900872,-32.2389654],[-58.1912761,-32.2393517],[-58.1916955,-32.2384071]]]}},{"type":"Feature","properties":{"ID":0,"NCM":"0100010112270005--","SEC":11,"GRU":227,"MANZ":5},"geometry":{"type":"Polygon","coordinates":[[[-58.189999,-32.2391641],[-58.1895795,-32.2401087],[-58.1907684,-32.2404951],[-58.1911878,-32.2395505],[-58.189999,-32.2391641]]]}},{"type":"Feature","properties":{"ID":0,"NCM":"1700010112270006--","SEC":11,"GRU":227,"MANZ":6},"geometry":{"type":"Polygon","coordinates":[[[-58.1913859,-32.2396149],[-58.1909665,-32.2405595],[-58.1921554,-32.2409459],[-58.1925748,-32.2400012],[-58.1913859,-32.2396149]]]}},{"type":"Feature","properties":{"ID":0,"NCM":"0100010112270003--","SEC":11,"GRU":227,"MANZ":3},"geometry":{"type":"Polygon","coordinates":[[[-58.1893046,-32.238711],[-58.1898891,-32.238901],[-58.1903085,-32.2379564],[-58.189724,-32.2377664],[-58.1893046,-32.238711]]]}},{"type":"Feature","properties":{"ID":0,"NCM":"0100010123260001--","SEC":12,"GRU":326,"MANZ":1},"geometry":{"type":"Polygon","coordinates":[[[-58.1648164,-32.232032],[-58.1644777,-32.2319133],[-58.1644441,-32.2319255],[-58.1640949,-32.2326815],[-58.1641095,-32.2327106],[-58.1644241,-32.2328208],[-58.1644578,-32.2328086],[-58.1648164,-32.232032]]]}},{"type":"Feature","properties":{"ID":0,"NCM":"0100010000000672--","SEC":0,"GRU":0,"MANZ":672},"geometry":{"type":"Polygon","coordinates":[[[-58.1493226,-32.215327],[-58.1499076,-32.2147304],[-58.1497368,-32.2146089],[-58.1498729,-32.2144706],[-58.1500437,-32.2145921],[-58.1506378,-32.214004],[-58.1495903,-32.213254],[-58.1491031,-32.2129064],[-58.1482888,-32.2137304],[-58.1477844,-32.2142361],[-58.1481834,-32.2145196],[-58.1485941,-32.2148086],[-58.1493226,-32.215327]]]}},{"type":"Feature","properties":{"ID":0,"NCM":"0100010063540001--","SEC":6,"GRU":354,"MANZ":1},"geometry":{"type":"Polygon","coordinates":[[[-58.1609372,-32.2132391],[-58.1597623,-32.2128611],[-58.1594546,-32.2135525],[-58.1606361,-32.2139326],[-58.1609372,-32.2132391]]]}},{"type":"Feature","properties":{"ID":0,"NCM":"0100010112270004--","SEC":11,"GRU":227,"MANZ":4},"geometry":{"type":"Polygon","coordinates":[[[-58.1892163,-32.2389098],[-58.1887969,-32.2398544],[-58.1893814,-32.2400444],[-58.1898008,-32.2390997],[-58.1892163,-32.2389098]]]}},{"type":"Feature","properties":{"ID":0,"NCM":"0100010123260002--","SEC":12,"GRU":326,"MANZ":2},"geometry":{"type":"Polygon","coordinates":[[[-58.1638543,-32.2316991],[-58.1634866,-32.2324954],[-58.1636692,-32.2325563],[-58.1638265,-32.2326115],[-58.16386,-32.2325996],[-58.1642093,-32.2318433],[-58.1641942,-32.231814],[-58.1638543,-32.2316991]]]}},{"type":"Feature","properties":{"ID":0,"NCM":"0100010123260004--","SEC":12,"GRU":326,"MANZ":4},"geometry":{"type":"Polygon","coordinates":[[[-58.1618061,-32.2310064],[-58.160913,-32.2328425],[-58.1617055,-32.2330998],[-58.1621202,-32.2322437],[-58.1621932,-32.2320634],[-58.1621975,-32.2320649],[-58.1625719,-32.2312658],[-58.1618061,-32.2310064]]]}},{"type":"Feature","properties":{"ID":0,"NCM":"0100011030000020--","SEC":103,"GRU":0,"MANZ":20},"geometry":{"type":"Polygon","coordinates":[[[-58.2364989,-32.2943394],[-58.2362868,-32.295099],[-58.2371825,-32.2952742],[-58.2373946,-32.2945146],[-58.2364989,-32.2943394]]]}},{"type":"Feature","properties":{"ID":0,"NCM":"0100010000000592--","SEC":0,"GRU":0,"MANZ":592},"geometry":{"type":"Polygon","coordinates":[[[-58.1370927,-32.2320788],[-58.1374237,-32.2323146],[-58.138006,-32.2317241],[-58.1376769,-32.2314839],[-58.1370927,-32.2320788]]]}},{"type":"Feature","properties":{"ID":0,"NCM":"0100011020910553--","SEC":102,"GRU":91,"MANZ":553},"geometry":{"type":"Polygon","coordinates":[[[-58.1371659,-32.2348925],[-58.1368596,-32.2346818],[-58.1362829,-32.2352975],[-58.1365833,-32.2355042],[-58.1371659,-32.2348925]]]}},{"type":"Feature","properties":{"ID":0,"NCM":"0100011010860000--","SEC":101,"GRU":86,"MANZ":0},"geometry":{"type":"Polygon","coordinates":[[[-58.156585,-32.2164546],[-58.1555628,-32.2174081],[-58.157095,-32.2185382],[-58.1572519,-32.2183844],[-58.1572275,-32.2183567],[-58.1571911,-32.2183044],[-58.1571661,-32.2182539],[-58.1571478,-32.2182011],[-58.1571473,-32.2181743],[-58.1571468,-32.2181476],[-58.1571433,-32.2180923],[-58.1571358,-32.2180351],[-58.1571309,-32.2179832],[-58.1571378,-32.2178974],[-58.1571305,-32.2178626],[-58.1571287,-32.2178284],[-58.1571203,-32.2177905],[-58.1571101,-32.2177532],[-58.1571052,-32.2177186],[-58.1571038,-32.2176813],[-58.157104,-32.2176423],[-58.1571027,-32.217605],[-58.1571004,-32.2175663],[-58.1570871,-32.2175188],[-58.1570683,-32.2174653],[-58.1570426,-32.2174125],[-58.1570154,-32.2173635],[-58.1569952,-32.2173134],[-58.1569817,-32.2172626],[-58.1569706,-32.2172137],[-58.1569692,-32.2171671],[-58.1569717,-32.2171206],[-58.1569755,-32.2170729],[-58.1569827,-32.217029],[-58.1569893,-32.2169903],[-58.1569863,-32.2169492],[-58.1569784,-32.2169023],[-58.1569695,-32.2168562],[-58.1569559,-32.2168113],[-58.1569407,-32.2167742],[-58.1569088,-32.2167346],[-58.15685,-32.2166814],[-58.1567751,-32.2166207],[-58.1566973,-32.216559],[-58.156631,-32.2164987],[-58.156585,-32.2164546]]]}},{"type":"Feature","properties":{"ID":0,"NCM":"0100010151810001--","SEC":15,"GRU":181,"MANZ":1},"geometry":{"type":"Polygon","coordinates":[[[-58.1965559,-32.2555917],[-58.1961453,-32.2565228],[-58.1973396,-32.2568934],[-58.1977493,-32.2559645],[-58.1965559,-32.2555917]]]}},{"type":"Feature","properties":{"ID":0,"NCM":"0100010151810002--","SEC":15,"GRU":181,"MANZ":2},"geometry":{"type":"Polygon","coordinates":[[[-58.1952224,-32.255175],[-58.194808,-32.2561078],[-58.1959356,-32.2564577],[-58.196349,-32.255527],[-58.1952224,-32.255175]]]}},{"type":"Feature","properties":{"ID":0,"NCM":"0100010151810003--","SEC":15,"GRU":181,"MANZ":3},"geometry":{"type":"Polygon","coordinates":[[[-58.1947331,-32.2562765],[-58.1943015,-32.257248],[-58.1954255,-32.2576062],[-58.19586,-32.2566262],[-58.1947331,-32.2562765]]]}},{"type":"Feature","properties":{"ID":0,"NCM":"0100010151810004--","SEC":15,"GRU":181,"MANZ":4},"geometry":{"type":"Polygon","coordinates":[[[-58.196071,-32.25669],[-58.1956377,-32.2576738],[-58.196832,-32.2580445],[-58.1972653,-32.2570625],[-58.196071,-32.25669]]]}},{"type":"Feature","properties":{"ID":0,"NCM":"0100010101370001--","SEC":10,"GRU":137,"MANZ":1},"geometry":{"type":"Polygon","coordinates":[[[-58.2105141,-32.2522803],[-58.2101638,-32.2530495],[-58.211075,-32.2533343],[-58.2114045,-32.2525731],[-58.2105141,-32.2522803]]]}},{"type":"Feature","properties":{"ID":0,"NCM":"0100010101370002--","SEC":10,"GRU":137,"MANZ":2},"geometry":{"type":"Polygon","coordinates":[[[-58.2094456,-32.251929],[-58.2090884,-32.2527134],[-58.2099846,-32.2529935],[-58.210336,-32.2522218],[-58.2094456,-32.251929]]]}},{"type":"Feature","properties":{"ID":0,"NCM":"0100010101370003--","SEC":10,"GRU":137,"MANZ":3},"geometry":{"type":"Polygon","coordinates":[[[-58.2090195,-32.2528647],[-58.2086749,-32.2536215],[-58.2095711,-32.2539016],[-58.2099157,-32.2531448],[-58.2090195,-32.2528647]]]}},{"type":"Feature","properties":{"ID":0,"NCM":"0100010101370004--","SEC":10,"GRU":137,"MANZ":4},"geometry":{"type":"Polygon","coordinates":[[[-58.2100949,-32.2532009],[-58.2097503,-32.2539576],[-58.2106795,-32.254248],[-58.2110091,-32.2534866],[-58.2100949,-32.2532009]]]}},{"type":"Feature","properties":{"ID":0,"NCM":"0100010123270003--","SEC":12,"GRU":327,"MANZ":3},"geometry":{"type":"Polygon","coordinates":[[[-58.1610501,-32.2298195],[-58.1607643,-32.2304454],[-58.1616445,-32.2307399],[-58.1619354,-32.2301116],[-58.1610501,-32.2298195]]]}},{"type":"Feature","properties":{"ID":0,"NCM":"0100010123270004--","SEC":12,"GRU":327,"MANZ":4},"geometry":{"type":"Polygon","coordinates":[[[-58.1618454,-32.2308071],[-58.1627265,-32.2311019],[-58.1630174,-32.2304736],[-58.1621347,-32.2301824],[-58.1618454,-32.2308071]]]}},{"type":"Feature","properties":{"ID":0,"NCM":"0100010123270005--","SEC":12,"GRU":327,"MANZ":5},"geometry":{"type":"Polygon","coordinates":[[[-58.1632176,-32.2305448],[-58.1629283,-32.2311694],[-58.163812,-32.2314651],[-58.164103,-32.2308368],[-58.1632176,-32.2305448]]]}},{"type":"Feature","properties":{"ID":0,"NCM":"0100010123270006--","SEC":12,"GRU":327,"MANZ":6},"geometry":{"type":"Polygon","coordinates":[[[-58.1643032,-32.230908],[-58.1640139,-32.2315326],[-58.1649004,-32.2318292],[-58.1651903,-32.2312062],[-58.1643032,-32.230908]]]}},{"type":"Feature","properties":{"ID":0,"NCM":"0100010123270007--","SEC":12,"GRU":327,"MANZ":7},"geometry":{"type":"Polygon","coordinates":[[[-58.1646838,-32.2300925],[-58.1643834,-32.2307411],[-58.1652683,-32.2310385],[-58.165572,-32.2303855],[-58.1646838,-32.2300925]]]}},{"type":"Feature","properties":{"ID":0,"NCM":"0100010123270008--","SEC":12,"GRU":327,"MANZ":8},"geometry":{"type":"Polygon","coordinates":[[[-58.1635973,-32.2297313],[-58.1632979,-32.2303779],[-58.1641783,-32.230679],[-58.1644819,-32.2300273],[-58.1635973,-32.2297313]]]}},{"type":"Feature","properties":{"ID":0,"NCM":"0100010123270009--","SEC":12,"GRU":327,"MANZ":9},"geometry":{"type":"Polygon","coordinates":[[[-58.162505,-32.2293828],[-58.1622061,-32.2300283],[-58.1630924,-32.2303207],[-58.1633896,-32.2296788],[-58.162505,-32.2293828]]]}},{"type":"Feature","properties":{"ID":0,"NCM":"0100010123270010--","SEC":12,"GRU":327,"MANZ":10},"geometry":{"type":"Polygon","coordinates":[[[-58.1623041,-32.2293156],[-58.1614159,-32.2290184],[-58.1611186,-32.2296695],[-58.1620049,-32.2299619],[-58.1623041,-32.2293156]]]}},{"type":"Feature","properties":{"ID":0,"NCM":"0100010063550013--","SEC":6,"GRU":355,"MANZ":13},"geometry":{"type":"Polygon","coordinates":[[[-58.1582955,-32.205546],[-58.1594838,-32.2059327],[-58.1598865,-32.2050383],[-58.1586996,-32.2046487],[-58.1582955,-32.205546]]]}},{"type":"Feature","properties":{"ID":0,"NCM":"0100010063550014--","SEC":6,"GRU":355,"MANZ":14},"geometry":{"type":"Polygon","coordinates":[[[-58.1604284,-32.2064331],[-58.1596026,-32.2061602],[-58.1591948,-32.2070548],[-58.1596355,-32.2071982],[-58.1604284,-32.2064331]]]}},{"type":"Feature","properties":{"ID":0,"NCM":"0100010063550015--","SEC":6,"GRU":355,"MANZ":15},"geometry":{"type":"Polygon","coordinates":[[[-58.1582197,-32.2057144],[-58.157818,-32.2066068],[-58.1590063,-32.2069935],[-58.159408,-32.206101],[-58.1582197,-32.2057144]]]}},{"type":"Feature","properties":{"ID":0,"NCM":"0100010063550012--","SEC":6,"GRU":355,"MANZ":12},"geometry":{"type":"Polygon","coordinates":[[[-58.160557,-32.2062819],[-58.1613458,-32.2055206],[-58.1600835,-32.2051047],[-58.1596774,-32.2059957],[-58.160557,-32.2062819]]]}},{"type":"Feature","properties":{"ID":0,"NCM":"0100010063310001--","SEC":6,"GRU":331,"MANZ":1},"geometry":{"type":"Polygon","coordinates":[[[-58.1703375,-32.2095944],[-58.1707364,-32.2086541],[-58.1695436,-32.2082884],[-58.1691495,-32.2092114],[-58.1703375,-32.2095944]]]}},{"type":"Feature","properties":{"ID":0,"NCM":"0100010063310002--","SEC":6,"GRU":331,"MANZ":2},"geometry":{"type":"Polygon","coordinates":[[[-58.1690771,-32.2093809],[-58.168685,-32.2102991],[-58.1698748,-32.2106853],[-58.1702717,-32.2097496],[-58.1690771,-32.2093809]]]}},{"type":"Feature","properties":{"ID":0,"NCM":"0100010000000049--","SEC":0,"GRU":0,"MANZ":49},"geometry":{"type":"Polygon","coordinates":[[[-58.1449932,-32.2249638],[-58.1447955,-32.2251606],[-58.1444083,-32.2255473],[-58.1444102,-32.2255763],[-58.1446639,-32.2257608],[-58.1450751,-32.2260544],[-58.1451078,-32.2260523],[-58.1456754,-32.2254841],[-58.145678,-32.2254808],[-58.1456799,-32.2254772],[-58.145681,-32.2254733],[-58.1456814,-32.2254693],[-58.145681,-32.2254654],[-58.1456798,-32.2254615],[-58.1456778,-32.2254579],[-58.1456752,-32.2254546],[-58.145672,-32.2254518],[-58.1454998,-32.2253293],[-58.1450501,-32.2250048],[-58.145008,-32.2249746],[-58.1449932,-32.2249638]]]}},{"type":"Feature","properties":{"ID":0,"NCM":"0100010063410001--","SEC":6,"GRU":341,"MANZ":1},"geometry":{"type":"Polygon","coordinates":[[[-58.1613597,-32.2154191],[-58.1603171,-32.2152117],[-58.159935,-32.2160564],[-58.1609624,-32.2162616],[-58.1613597,-32.2154191]]]}},{"type":"Feature","properties":{"ID":0,"NCM":"0100011020280340--","SEC":102,"GRU":28,"MANZ":340},"geometry":{"type":"Polygon","coordinates":[[[-58.1511704,-32.2336403],[-58.1501378,-32.2346681],[-58.1498819,-32.2349337],[-58.1501452,-32.2351181],[-58.1504464,-32.2353286],[-58.1510017,-32.2357181],[-58.1514574,-32.2360373],[-58.1517766,-32.2357162],[-58.1527426,-32.2347415],[-58.151824,-32.2341024],[-58.1512541,-32.2336987],[-58.1511704,-32.2336403]]]}},{"type":"Feature","properties":{"ID":0,"NCM":"0100010000000145--","SEC":0,"GRU":0,"MANZ":145},"geometry":{"type":"Polygon","coordinates":[[[-58.1402695,-32.2203368],[-58.1402368,-32.2203378],[-58.1396659,-32.2209227],[-58.1396698,-32.2209518],[-58.1403424,-32.2214339],[-58.1403768,-32.2214316],[-58.1409554,-32.2208529],[-58.1409529,-32.2208268],[-58.1402695,-32.2203368]]]}},{"type":"Feature","properties":{"ID":0,"NCM":"0100010000000324--","SEC":0,"GRU":0,"MANZ":324},"geometry":{"type":"Polygon","coordinates":[[[-58.1587844,-32.2274445],[-58.1581749,-32.228053],[-58.1588884,-32.2285685],[-58.1595033,-32.2279546],[-58.1587844,-32.2274445]]]}},{"type":"Feature","properties":{"ID":0,"NCM":"0100010000000055--","SEC":0,"GRU":0,"MANZ":55},"geometry":{"type":"Polygon","coordinates":[[[-58.1411089,-32.2288817],[-58.1405445,-32.2294475],[-58.1405459,-32.2294715],[-58.1412276,-32.2299576],[-58.1416386,-32.2295387],[-58.1418142,-32.2293629],[-58.1411499,-32.2288859],[-58.1411089,-32.2288817]]]}},{"type":"Feature","properties":{"ID":0,"NCM":"0100011020400391--","SEC":102,"GRU":40,"MANZ":391},"geometry":{"type":"Polygon","coordinates":[[[-58.1458512,-32.2360424],[-58.1452613,-32.236657],[-58.1459629,-32.2371596],[-58.1465529,-32.2365449],[-58.1458512,-32.2360424]]]}},{"type":"Feature","properties":{"ID":0,"NCM":"0100011020170292--","SEC":102,"GRU":17,"MANZ":292},"geometry":{"type":"Polygon","coordinates":[[[-58.1528958,-32.2360367],[-58.1521945,-32.235527],[-58.1516188,-32.2361065],[-58.1523178,-32.2366129],[-58.1528958,-32.2360367]]]}},{"type":"Feature","properties":{"ID":0,"NCM":"0100010000000098--","SEC":0,"GRU":0,"MANZ":98},"geometry":{"type":"Polygon","coordinates":[[[-58.1442621,-32.2207226],[-58.1442296,-32.220724],[-58.1436773,-32.2212782],[-58.1436801,-32.2213015],[-58.1443709,-32.2218105],[-58.1443909,-32.2218092],[-58.1449561,-32.2212391],[-58.1449534,-32.2212153],[-58.1442621,-32.2207226]]]}},{"type":"Feature","properties":{"ID":0,"NCM":"0100011010350354--","SEC":101,"GRU":35,"MANZ":354},"geometry":{"type":"Polygon","coordinates":[[[-58.1608437,-32.2238994],[-58.1602719,-32.2244812],[-58.1609823,-32.2249816],[-58.1615541,-32.2243998],[-58.1608437,-32.2238994]]]}},{"type":"Feature","properties":{"ID":0,"NCM":"0100010000000425--","SEC":0,"GRU":0,"MANZ":425},"geometry":{"type":"Polygon","coordinates":[[[-58.1498069,-32.2305355],[-58.1494377,-32.2309052],[-58.1501308,-32.2314074],[-58.150501,-32.2310384],[-58.1498069,-32.2305355]]]}},{"type":"Feature","properties":{"ID":0,"NCM":"0100010000000149--","SEC":0,"GRU":0,"MANZ":149},"geometry":{"type":"Polygon","coordinates":[[[-58.1431507,-32.2174352],[-58.1431257,-32.2174373],[-58.1425352,-32.2180262],[-58.1426182,-32.2180889],[-58.1432439,-32.2185477],[-58.1432638,-32.2185428],[-58.143841,-32.2179657],[-58.14384,-32.2179386],[-58.1431507,-32.2174352]]]}},{"type":"Feature","properties":{"ID":0,"NCM":"0100010000000301--","SEC":0,"GRU":0,"MANZ":301},"geometry":{"type":"Polygon","coordinates":[[[-58.1582135,-32.2295248],[-58.1576485,-32.2301172],[-58.1583506,-32.2306102],[-58.1589226,-32.230029],[-58.1582135,-32.2295248]]]}},{"type":"Feature","properties":{"ID":0,"NCM":"0100011020910572--","SEC":102,"GRU":91,"MANZ":572},"geometry":{"type":"Polygon","coordinates":[[[-58.1367095,-32.2333371],[-58.1361345,-32.233954],[-58.1368204,-32.2344249],[-58.137393,-32.2338065],[-58.1367095,-32.2333371]]]}},{"type":"Feature","properties":{"ID":0,"NCM":"0100010000000347--","SEC":0,"GRU":0,"MANZ":347},"geometry":{"type":"Polygon","coordinates":[[[-58.1557573,-32.2290016],[-58.1551875,-32.2295865],[-58.1554435,-32.2297697],[-58.1558835,-32.2300839],[-58.1564733,-32.2294937],[-58.1564577,-32.2294827],[-58.1557573,-32.2290016]]]}},{"type":"Feature","properties":{"ID":0,"NCM":"0100011020260336--","SEC":102,"GRU":26,"MANZ":336},"geometry":{"type":"Polygon","coordinates":[[[-58.149037,-32.2370326],[-58.1483248,-32.2365411],[-58.1477475,-32.2371644],[-58.1484598,-32.237656],[-58.149037,-32.2370326]]]}},{"type":"Feature","properties":{"ID":0,"NCM":"0100011020080258--","SEC":102,"GRU":8,"MANZ":258},"geometry":{"type":"Polygon","coordinates":[[[-58.152552,-32.2382206],[-58.1519814,-32.2388324],[-58.1526765,-32.2393344],[-58.1532471,-32.2387227],[-58.152552,-32.2382206]]]}},{"type":"Feature","properties":{"ID":0,"NCM":"0100010000000405--","SEC":0,"GRU":0,"MANZ":405},"geometry":{"type":"Polygon","coordinates":[[[-58.1554823,-32.2263062],[-58.1548772,-32.226898],[-58.1555847,-32.2274085],[-58.1561822,-32.2268176],[-58.1557383,-32.226496],[-58.1554823,-32.2263062]]]}},{"type":"Feature","properties":{"ID":0,"NCM":"0100011020080249--","SEC":102,"GRU":8,"MANZ":249},"geometry":{"type":"Polygon","coordinates":[[[-58.154101,-32.2380992],[-58.1535416,-32.2386989],[-58.1542407,-32.2392039],[-58.1548001,-32.2386041],[-58.154101,-32.2380992]]]}},{"type":"Feature","properties":{"ID":0,"NCM":"0100011020080248--","SEC":102,"GRU":8,"MANZ":248},"geometry":{"type":"Polygon","coordinates":[[[-58.1534102,-32.2388405],[-58.1528396,-32.2394522],[-58.1535384,-32.2399569],[-58.1541089,-32.2393452],[-58.1534102,-32.2388405]]]}},{"type":"Feature","properties":{"ID":0,"NCM":"0100011020260310--","SEC":102,"GRU":26,"MANZ":310},"geometry":{"type":"Polygon","coordinates":[[[-58.1491951,-32.2371417],[-58.148627,-32.2377551],[-58.1493401,-32.2382472],[-58.1499081,-32.2376337],[-58.1491951,-32.2371417]]]}},{"type":"Feature","properties":{"ID":0,"NCM":"0100011020260309--","SEC":102,"GRU":26,"MANZ":309},"geometry":{"type":"Polygon","coordinates":[[[-58.1484938,-32.2379105],[-58.1479166,-32.2385339],[-58.1486317,-32.2390122],[-58.1492089,-32.2383888],[-58.1484938,-32.2379105]]]}},{"type":"Feature","properties":{"ID":0,"NCM":"0100010063310003--","SEC":6,"GRU":331,"MANZ":3},"geometry":{"type":"Polygon","coordinates":[[[-58.1714861,-32.2105957],[-58.1711959,-32.2105027],[-58.1713727,-32.2100924],[-58.1713471,-32.2100844],[-58.1713418,-32.2100881],[-58.1713364,-32.2100916],[-58.1713309,-32.2100949],[-58.1713252,-32.2100981],[-58.1713194,-32.2101011],[-58.1713135,-32.2101039],[-58.1713075,-32.2101065],[-58.1713014,-32.210109],[-58.1712952,-32.2101113],[-58.1712889,-32.2101134],[-58.1712825,-32.2101153],[-58.171276,-32.2101171],[-58.1712695,-32.2101186],[-58.1712629,-32.21012],[-58.1712562,-32.2101211],[-58.1712495,-32.2101221],[-58.1712428,-32.2101228],[-58.1712361,-32.2101234],[-58.1712293,-32.2101238],[-58.1712225,-32.2101239],[-58.1712158,-32.2101239],[-58.171209,-32.2101237],[-58.1712022,-32.2101232],[-58.1711955,-32.2101226],[-58.1711888,-32.2101218],[-58.1711821,-32.2101208],[-58.1711755,-32.2101195],[-58.1711689,-32.2101181],[-58.1711624,-32.2101165],[-58.171156,-32.2101147],[-58.1711496,-32.2101128],[-58.1711433,-32.2101106],[-58.1711371,-32.2101082],[-58.171131,-32.2101057],[-58.1711251,-32.210103],[-58.1711192,-32.2101001],[-58.1711134,-32.2100971],[-58.1711078,-32.2100938],[-58.1711023,-32.2100904],[-58.171097,-32.2100869],[-58.1710918,-32.2100832],[-58.1710867,-32.2100794],[-58.1710818,-32.2100754],[-58.1710771,-32.2100712],[-58.1710726,-32.2100669],[-58.1710682,-32.2100625],[-58.171064,-32.210058],[-58.17106,-32.2100534],[-58.1710562,-32.2100486],[-58.1710526,-32.2100437],[-58.1710492,-32.2100387],[-58.1710459,-32.2100337],[-58.1710429,-32.2100285],[-58.1710401,-32.2100233],[-58.1710376,-32.2100179],[-58.1710352,-32.2100125],[-58.1710331,-32.2100071],[-58.1710312,-32.2100015],[-58.1710295,-32.2099959],[-58.171028,-32.2099903],[-58.1710268,-32.2099846],[-58.170471,-32.2098115],[-58.1700731,-32.2107497],[-58.1712486,-32.2111312],[-58.1713592,-32.210882],[-58.1713552,-32.2108773],[-58.1713515,-32.2108725],[-58.1713479,-32.2108676],[-58.1713446,-32.2108626],[-58.1713414,-32.2108575],[-58.1713385,-32.2108524],[-58.1713358,-32.2108471],[-58.1713332,-32.2108418],[-58.1713309,-32.2108364],[-58.1713289,-32.2108309],[-58.171327,-32.2108254],[-58.1713254,-32.2108198],[-58.171324,-32.2108142],[-58.1713228,-32.2108085],[-58.1713219,-32.2108028],[-58.1713212,-32.2107971],[-58.1713207,-32.2107913],[-58.1713205,-32.2107856],[-58.1713205,-32.2107798],[-58.1713207,-32.2107741],[-58.1713211,-32.2107684],[-58.1713218,-32.2107626],[-58.1713227,-32.210757],[-58.1713239,-32.2107513],[-58.1713253,-32.2107457],[-58.1713269,-32.2107401],[-58.1713287,-32.2107345],[-58.1713308,-32.2107291],[-58.171333,-32.2107237],[-58.1713355,-32.2107183],[-58.1713383,-32.210713],[-58.1713412,-32.2107079],[-58.1713443,-32.2107028],[-58.1713476,-32.2106978],[-58.1713512,-32.2106929],[-58.1713549,-32.2106881],[-58.1713588,-32.2106834],[-58.1713629,-32.2106788],[-58.1713672,-32.2106744],[-58.1713717,-32.2106701],[-58.1713763,-32.2106659],[-58.1713812,-32.2106618],[-58.1713861,-32.210658],[-58.1713913,-32.2106542],[-58.1713965,-32.2106506],[-58.1714019,-32.2106472],[-58.1714075,-32.2106439],[-58.1714132,-32.2106408],[-58.171419,-32.2106378],[-58.1714249,-32.2106351],[-58.1714309,-32.2106325],[-58.1714371,-32.21063],[-58.1714433,-32.2106278],[-58.1714496,-32.2106257],[-58.171456,-32.2106239],[-58.1714625,-32.2106222],[-58.171469,-32.2106207],[-58.1714756,-32.2106194],[-58.1714861,-32.2105957]]]}},{"type":"Feature","properties":{"ID":0,"NCM":"0100010000000374--","SEC":0,"GRU":0,"MANZ":374},"geometry":{"type":"Polygon","coordinates":[[[-58.1541865,-32.2291006],[-58.1536039,-32.2296917],[-58.1542948,-32.2301859],[-58.1548886,-32.2296089],[-58.1541865,-32.2291006]]]}},{"type":"Feature","properties":{"ID":0,"NCM":"0100011020270311--","SEC":102,"GRU":27,"MANZ":311},"geometry":{"type":"Polygon","coordinates":[[[-58.149943,-32.2363821],[-58.1493656,-32.2370048],[-58.1500669,-32.2375018],[-58.1506464,-32.2368805],[-58.149943,-32.2363821]]]}},{"type":"Feature","properties":{"ID":0,"NCM":"0100010000000769--","SEC":0,"GRU":0,"MANZ":769},"geometry":{"type":"Polygon","coordinates":[[[-58.1282581,-32.2273256],[-58.1281481,-32.2274425],[-58.1280594,-32.227528],[-58.1280054,-32.227593],[-58.1279679,-32.2276292],[-58.1279174,-32.2277134],[-58.1278939,-32.2277778],[-58.1278691,-32.2278466],[-58.1278539,-32.2278968],[-58.1278314,-32.2279694],[-58.1278258,-32.2280034],[-58.1278097,-32.2280771],[-58.1278005,-32.228109],[-58.1277873,-32.2281559],[-58.1277635,-32.2282207],[-58.1277466,-32.2282764],[-58.1277915,-32.2285088],[-58.1278046,-32.228577],[-58.127811,-32.2286101],[-58.1278162,-32.228637],[-58.1278512,-32.2286931],[-58.1278847,-32.2287604],[-58.1279914,-32.2289103],[-58.1282253,-32.2289295],[-58.1291004,-32.2278624],[-58.1282581,-32.2273256]]]}},{"type":"Feature","properties":{"ID":0,"NCM":"0100011020900570--","SEC":102,"GRU":90,"MANZ":570},"geometry":{"type":"Polygon","coordinates":[[[-58.1359848,-32.2353273],[-58.1352921,-32.2348584],[-58.1347238,-32.2354604],[-58.1354029,-32.2359236],[-58.1359848,-32.2353273]]]}},{"type":"Feature","properties":{"ID":0,"NCM":"0100010162230004--","SEC":16,"GRU":223,"MANZ":4},"geometry":{"type":"Polygon","coordinates":[[[-58.1843725,-32.257482],[-58.183163,-32.257102],[-58.1828466,-32.2578215],[-58.1840354,-32.258201],[-58.1843725,-32.257482]]]}},{"type":"Feature","properties":{"ID":0,"NCM":"0100010162230005--","SEC":16,"GRU":223,"MANZ":5},"geometry":{"type":"Polygon","coordinates":[[[-58.182964,-32.2570395],[-58.181896,-32.256704],[-58.1815821,-32.2574178],[-58.1826487,-32.2577564],[-58.182964,-32.2570395]]]}},{"type":"Feature","properties":{"ID":0,"NCM":"0100010162230007--","SEC":16,"GRU":223,"MANZ":7},"geometry":{"type":"Polygon","coordinates":[[[-58.1839568,-32.2583685],[-58.1827715,-32.2579921],[-58.1824592,-32.2587024],[-58.1836281,-32.2590696],[-58.1839568,-32.2583685]]]}},{"type":"Feature","properties":{"ID":0,"NCM":"0100010162230006--","SEC":16,"GRU":223,"MANZ":6},"geometry":{"type":"Polygon","coordinates":[[[-58.1825728,-32.257929],[-58.1815078,-32.2575867],[-58.1811922,-32.2583044],[-58.1822602,-32.2586399],[-58.1825728,-32.257929]]]}},{"type":"Feature","properties":{"ID":0,"NCM":"0100010112250001--","SEC":11,"GRU":225,"MANZ":1},"geometry":{"type":"Polygon","coordinates":[[[-58.1889002,-32.2451154],[-58.1884291,-32.2460828],[-58.1896475,-32.2465112],[-58.1901299,-32.2455204],[-58.1889002,-32.2451154]]]}},{"type":"Feature","properties":{"ID":0,"NCM":"0100010112250002--","SEC":11,"GRU":225,"MANZ":2},"geometry":{"type":"Polygon","coordinates":[[[-58.188348,-32.2462494],[-58.1878775,-32.2472158],[-58.1890958,-32.2476442],[-58.1895663,-32.2466779],[-58.188348,-32.2462494]]]}},{"type":"Feature","properties":{"ID":0,"NCM":"0100010112250003--","SEC":11,"GRU":225,"MANZ":3},"geometry":{"type":"Polygon","coordinates":[[[-58.1877964,-32.2473823],[-58.1873259,-32.2483485],[-58.1885443,-32.2487769],[-58.1890147,-32.2478108],[-58.1877964,-32.2473823]]]}},{"type":"Feature","properties":{"ID":0,"NCM":"0100010112250004--","SEC":11,"GRU":225,"MANZ":4},"geometry":{"type":"Polygon","coordinates":[[[-58.1872448,-32.2485151],[-58.1867889,-32.2494514],[-58.1880073,-32.2498798],[-58.1884632,-32.2489435],[-58.1872448,-32.2485151]]]}},{"type":"Feature","properties":{"ID":0,"NCM":"0100010063660002--","SEC":6,"GRU":366,"MANZ":2},"geometry":{"type":"Polygon","coordinates":[[[-58.1553699,-32.2086638],[-58.1549488,-32.2095749],[-58.1561567,-32.2099601],[-58.156554,-32.2090595],[-58.1553699,-32.2086638]]]}},{"type":"Feature","properties":{"ID":0,"NCM":"0100010063670001--","SEC":6,"GRU":367,"MANZ":1},"geometry":{"type":"Polygon","coordinates":[[[-58.1573575,-32.2042065],[-58.1569514,-32.2050975],[-58.1581385,-32.2054886],[-58.1585428,-32.204597],[-58.1573575,-32.2042065]]]}},{"type":"Feature","properties":{"ID":0,"NCM":"0100010063670002--","SEC":6,"GRU":367,"MANZ":2},"geometry":{"type":"Polygon","coordinates":[[[-58.1576666,-32.2065511],[-58.1580709,-32.2056595],[-58.1568856,-32.2052689],[-58.1564794,-32.2061599],[-58.1576666,-32.2065511]]]}},{"type":"Feature","properties":{"ID":0,"NCM":"0100010063550016--","SEC":6,"GRU":355,"MANZ":16},"geometry":{"type":"Polygon","coordinates":[[[-58.1591419,-32.2083289],[-58.1587031,-32.2087645],[-58.1598362,-32.2091368],[-58.1600655,-32.2086322],[-58.1591419,-32.2083289]]]}},{"type":"Feature","properties":{"ID":0,"NCM":"0100010063550017--","SEC":6,"GRU":355,"MANZ":17},"geometry":{"type":"Polygon","coordinates":[[[-58.1598075,-32.2076681],[-58.1592589,-32.2082127],[-58.1601266,-32.2084977],[-58.1604132,-32.207867],[-58.1598075,-32.2076681]]]}},{"type":"Feature","properties":{"ID":0,"NCM":"0100010000000019--","SEC":0,"GRU":0,"MANZ":19},"geometry":{"type":"Polygon","coordinates":[[[-58.148162,-32.2247464],[-58.1480323,-32.2248729],[-58.1475678,-32.225345],[-58.1475701,-32.2253706],[-58.1476278,-32.2254133],[-58.1479267,-32.2256259],[-58.1480172,-32.2256876],[-58.1482686,-32.2258657],[-58.14829,-32.2258708],[-58.1485911,-32.2255607],[-58.1488672,-32.2252828],[-58.1488676,-32.2252557],[-58.1482727,-32.2248259],[-58.148162,-32.2247464]]]}},{"type":"Feature","properties":{"ID":0,"NCM":"0100010000000433--","SEC":0,"GRU":0,"MANZ":433},"geometry":{"type":"Polygon","coordinates":[[[-58.155331,-32.2249704],[-58.1547616,-32.2255449],[-58.1554608,-32.2260534],[-58.1560474,-32.2254646],[-58.155331,-32.2249704]]]}},{"type":"Feature","properties":{"ID":0,"NCM":"0100010000000460--","SEC":0,"GRU":0,"MANZ":460},"geometry":{"type":"Polygon","coordinates":[[[-58.1551695,-32.224859],[-58.15444,-32.2243558],[-58.1538857,-32.2249239],[-58.1546089,-32.2254337],[-58.1551695,-32.224859]]]}},{"type":"Feature","properties":{"ID":0,"NCM":"0100010000000459--","SEC":0,"GRU":0,"MANZ":459},"geometry":{"type":"Polygon","coordinates":[[[-58.1537372,-32.2250762],[-58.1531617,-32.2256661],[-58.1538678,-32.2261734],[-58.1544673,-32.2255681],[-58.1537372,-32.2250762]]]}},{"type":"Feature","properties":{"ID":0,"NCM":"0100010000000546--","SEC":0,"GRU":0,"MANZ":546},"geometry":{"type":"Polygon","coordinates":[[[-58.1543468,-32.2191933],[-58.1537386,-32.2197819],[-58.1541276,-32.2200708],[-58.1547357,-32.2194822],[-58.1543468,-32.2191933]]]}},{"type":"Feature","properties":{"ID":0,"NCM":"0100010000000546--","SEC":0,"GRU":0,"MANZ":546},"geometry":{"type":"Polygon","coordinates":[[[-58.1539976,-32.218933],[-58.1533911,-32.2195201],[-58.1536449,-32.2197087],[-58.154251,-32.2191221],[-58.1539976,-32.218933]]]}},{"type":"Feature","properties":{"ID":0,"NCM":"0100011010860532--","SEC":101,"GRU":86,"MANZ":532},"geometry":{"type":"Polygon","coordinates":[[[-58.1553074,-32.2191804],[-58.1550154,-32.2194569],[-58.1556407,-32.2199262],[-58.1559328,-32.2196496],[-58.1553074,-32.2191804]]]}},{"type":"Feature","properties":{"ID":0,"NCM":"0100011010860532--","SEC":101,"GRU":86,"MANZ":532},"geometry":{"type":"Polygon","coordinates":[[[-58.155632,-32.2188732],[-58.1553939,-32.2190985],[-58.1560061,-32.2195802],[-58.1562414,-32.2193574],[-58.155632,-32.2188732]]]}},{"type":"Feature","properties":{"ID":0,"NCM":"0100011010860533--","SEC":101,"GRU":86,"MANZ":533},"geometry":{"type":"Polygon","coordinates":[[[-58.1560626,-32.2184814],[-58.1557812,-32.2187478],[-58.1563813,-32.219225],[-58.1566644,-32.2189569],[-58.1560626,-32.2184814]]]}},{"type":"Feature","properties":{"ID":0,"NCM":"0100011010860548--","SEC":101,"GRU":86,"MANZ":548},"geometry":{"type":"Polygon","coordinates":[[[-58.155847,-32.2177422],[-58.1552213,-32.2183346],[-58.1556038,-32.2186111],[-58.1562233,-32.2180246],[-58.155847,-32.2177422]]]}},{"type":"Feature","properties":{"ID":0,"NCM":"0100011010860548--","SEC":101,"GRU":86,"MANZ":548},"geometry":{"type":"Polygon","coordinates":[[[-58.155481,-32.2174853],[-58.1548732,-32.2180734],[-58.1551292,-32.2182666],[-58.155741,-32.2176804],[-58.155481,-32.2174853]]]}},{"type":"Feature","properties":{"ID":0,"NCM":"0100011010860547--","SEC":101,"GRU":86,"MANZ":547},"geometry":{"type":"Polygon","coordinates":[[[-58.1550866,-32.2184752],[-58.1544737,-32.2190556],[-58.1548508,-32.2193385],[-58.1554627,-32.2187574],[-58.1550866,-32.2184752]]]}},{"type":"Feature","properties":{"ID":0,"NCM":"0100011010860547--","SEC":101,"GRU":86,"MANZ":547},"geometry":{"type":"Polygon","coordinates":[[[-58.1547364,-32.2182126],[-58.1541293,-32.2187972],[-58.1543841,-32.2189884],[-58.154987,-32.2184007],[-58.1547364,-32.2182126]]]}},{"type":"Feature","properties":{"ID":0,"NCM":"0100011010780518--","SEC":101,"GRU":78,"MANZ":518},"geometry":{"type":"Polygon","coordinates":[[[-58.1571249,-32.2199177],[-58.1564176,-32.2194235],[-58.1558324,-32.220025],[-58.1565418,-32.2205207],[-58.1571249,-32.2199177]]]}},{"type":"Feature","properties":{"ID":0,"NCM":"0100010000000423--","SEC":0,"GRU":0,"MANZ":423},"geometry":{"type":"Polygon","coordinates":[[[-58.1485602,-32.2317743],[-58.1479888,-32.232352],[-58.1486884,-32.23287],[-58.1492483,-32.23229],[-58.1492407,-32.2322629],[-58.1485602,-32.2317743]]]}},{"type":"Feature","properties":{"ID":0,"NCM":"0100010000000449--","SEC":0,"GRU":0,"MANZ":449},"geometry":{"type":"Polygon","coordinates":[[[-58.1484056,-32.2316633],[-58.14774,-32.2311855],[-58.1476797,-32.2311868],[-58.1464375,-32.2324313],[-58.1464408,-32.2324647],[-58.1471281,-32.2329557],[-58.1484056,-32.2316633]]]}},{"type":"Feature","properties":{"ID":0,"NCM":"0100011020900552--","SEC":102,"GRU":90,"MANZ":552},"geometry":{"type":"Polygon","coordinates":[[[-58.1355703,-32.236038],[-58.1362612,-32.2365124],[-58.136837,-32.2359042],[-58.1361479,-32.2354377],[-58.1355703,-32.236038]]]}},{"type":"Feature","properties":{"ID":0,"NCM":"0100010123270011--","SEC":12,"GRU":327,"MANZ":11},"geometry":{"type":"Polygon","coordinates":[[[-58.1606733,-32.2278697],[-58.1615609,-32.2281681],[-58.1619427,-32.2273474],[-58.161051,-32.2270476],[-58.1606733,-32.2278697]]]}},{"type":"Feature","properties":{"ID":0,"NCM":"0100010151110001--","SEC":15,"GRU":111,"MANZ":1},"geometry":{"type":"Polygon","coordinates":[[[-58.2098139,-32.2675514],[-58.209371,-32.2685656],[-58.2105579,-32.2689378],[-58.2109869,-32.2679193],[-58.2098139,-32.2675514]]]}},{"type":"Feature","properties":{"ID":0,"NCM":"0100010151110002--","SEC":15,"GRU":111,"MANZ":2},"geometry":{"type":"Polygon","coordinates":[[[-58.2085398,-32.26715],[-58.2080962,-32.2681658],[-58.2091724,-32.2685033],[-58.2096153,-32.2674891],[-58.2085398,-32.26715]]]}},{"type":"Feature","properties":{"ID":0,"NCM":"0100010151110003--","SEC":15,"GRU":111,"MANZ":3},"geometry":{"type":"Polygon","coordinates":[[[-58.2070691,-32.2666905],[-58.2066262,-32.2677047],[-58.2076989,-32.2680412],[-58.2081418,-32.267027],[-58.2070691,-32.2666905]]]}},{"type":"Feature","properties":{"ID":0,"NCM":"0100010151110004--","SEC":15,"GRU":111,"MANZ":4},"geometry":{"type":"Polygon","coordinates":[[[-58.2056966,-32.26626],[-58.2052537,-32.2672742],[-58.2064321,-32.2676438],[-58.2068751,-32.2666297],[-58.2056966,-32.26626]]]}},{"type":"Feature","properties":{"ID":0,"NCM":"0100010151110005--","SEC":15,"GRU":111,"MANZ":5},"geometry":{"type":"Polygon","coordinates":[[[-58.2092972,-32.2687346],[-58.2088542,-32.2697488],[-58.2100574,-32.2701261],[-58.2104864,-32.2691076],[-58.2092972,-32.2687346]]]}},{"type":"Feature","properties":{"ID":0,"NCM":"0100010151110006--","SEC":15,"GRU":111,"MANZ":6},"geometry":{"type":"Polygon","coordinates":[[[-58.2080224,-32.2683348],[-58.2075794,-32.269349],[-58.2086556,-32.2696865],[-58.2090985,-32.2686723],[-58.2080224,-32.2683348]]]}},{"type":"Feature","properties":{"ID":0,"NCM":"0100010151110007--","SEC":15,"GRU":111,"MANZ":7},"geometry":{"type":"Polygon","coordinates":[[[-58.2065524,-32.2678737],[-58.2061094,-32.2688879],[-58.2071821,-32.2692244],[-58.2076251,-32.2682102],[-58.2065524,-32.2678737]]]}},{"type":"Feature","properties":{"ID":0,"NCM":"0100010151110008--","SEC":15,"GRU":111,"MANZ":8},"geometry":{"type":"Polygon","coordinates":[[[-58.2051798,-32.2674432],[-58.2047369,-32.2684574],[-58.2059153,-32.268827],[-58.2063583,-32.2678129],[-58.2051798,-32.2674432]]]}},{"type":"Feature","properties":{"ID":0,"NCM":"0100010151110009--","SEC":15,"GRU":111,"MANZ":9},"geometry":{"type":"Polygon","coordinates":[[[-58.2087804,-32.2699178],[-58.2083375,-32.270932],[-58.2095568,-32.2713145],[-58.2099859,-32.2702959],[-58.2087804,-32.2699178]]]}},{"type":"Feature","properties":{"ID":0,"NCM":"0100010151110010--","SEC":15,"GRU":111,"MANZ":10},"geometry":{"type":"Polygon","coordinates":[[[-58.2075056,-32.269518],[-58.2070626,-32.2705322],[-58.2081388,-32.2708697],[-58.2085818,-32.2698555],[-58.2075056,-32.269518]]]}},{"type":"Feature","properties":{"ID":0,"NCM":"0100010151110011--","SEC":15,"GRU":111,"MANZ":11},"geometry":{"type":"Polygon","coordinates":[[[-58.2060356,-32.2690569],[-58.2055926,-32.2700711],[-58.2066653,-32.2704076],[-58.2071083,-32.2693934],[-58.2060356,-32.2690569]]]}},{"type":"Feature","properties":{"ID":0,"NCM":"0100010151110017--","SEC":15,"GRU":111,"MANZ":17},"geometry":{"type":"Polygon","coordinates":[[[-58.2077469,-32.2722843],[-58.2072639,-32.2733899],[-58.2084854,-32.2738579],[-58.2089847,-32.2726725],[-58.2077469,-32.2722843]]]}},{"type":"Feature","properties":{"ID":0,"NCM":"0100010151110018--","SEC":15,"GRU":111,"MANZ":18},"geometry":{"type":"Polygon","coordinates":[[[-58.206472,-32.2718844],[-58.2060208,-32.2729174],[-58.2070702,-32.2733163],[-58.2075482,-32.272222],[-58.206472,-32.2718844]]]}},{"type":"Feature","properties":{"ID":0,"NCM":"0100010151110013--","SEC":15,"GRU":111,"MANZ":13},"geometry":{"type":"Polygon","coordinates":[[[-58.2082636,-32.2711011],[-58.2078207,-32.2721153],[-58.2090562,-32.2725028],[-58.2094853,-32.2714842],[-58.2082636,-32.2711011]]]}},{"type":"Feature","properties":{"ID":0,"NCM":"0100010151110014--","SEC":15,"GRU":111,"MANZ":14},"geometry":{"type":"Polygon","coordinates":[[[-58.2069888,-32.2707012],[-58.2065458,-32.2717154],[-58.207622,-32.2720529],[-58.208065,-32.2710388],[-58.2069888,-32.2707012]]]}},{"type":"Feature","properties":{"ID":0,"NCM":"0100010151110015--","SEC":15,"GRU":111,"MANZ":15},"geometry":{"type":"Polygon","coordinates":[[[-58.2055188,-32.2702401],[-58.2050758,-32.2712543],[-58.2061485,-32.2715908],[-58.2065915,-32.2705766],[-58.2055188,-32.2702401]]]}},{"type":"Feature","properties":{"ID":0,"NCM":"0100010151110016--","SEC":15,"GRU":111,"MANZ":16},"geometry":{"type":"Polygon","coordinates":[[[-58.2041462,-32.2698096],[-58.2037032,-32.2708238],[-58.2048817,-32.2711935],[-58.2053247,-32.2701793],[-58.2041462,-32.2698096]]]}},{"type":"Feature","properties":{"ID":0,"NCM":"0100010151110019--","SEC":15,"GRU":111,"MANZ":19},"geometry":{"type":"Polygon","coordinates":[[[-58.205002,-32.2714234],[-58.2045866,-32.2723743],[-58.2050988,-32.2725934],[-58.2056334,-32.2727702],[-58.2060747,-32.2717598],[-58.205002,-32.2714234]]]}},{"type":"Feature","properties":{"ID":0,"NCM":"0100010151110020--","SEC":15,"GRU":111,"MANZ":20},"geometry":{"type":"Polygon","coordinates":[[[-58.2036294,-32.2709928],[-58.2032492,-32.2718632],[-58.2043984,-32.2723],[-58.2048079,-32.2713625],[-58.2036294,-32.2709928]]]}},{"type":"Feature","properties":{"ID":0,"NCM":"0100010151110012--","SEC":15,"GRU":111,"MANZ":12},"geometry":{"type":"Polygon","coordinates":[[[-58.204663,-32.2686264],[-58.20422,-32.2696406],[-58.2053985,-32.2700103],[-58.2058415,-32.2689961],[-58.204663,-32.2686264]]]}},{"type":"Feature","properties":{"ID":0,"NCM":"0100010123270012--","SEC":12,"GRU":327,"MANZ":12},"geometry":{"type":"Polygon","coordinates":[[[-58.1648234,-32.2270784],[-58.164398,-32.227999],[-58.1652917,-32.2282796],[-58.1657188,-32.2273597],[-58.1648234,-32.2270784]]]}},{"type":"Feature","properties":{"ID":0,"NCM":"0100011011160654--","SEC":101,"GRU":116,"MANZ":654},"geometry":{"type":"Polygon","coordinates":[[[-58.1507931,-32.2141237],[-58.1507789,-32.2141377],[-58.1501979,-32.2147121],[-58.1506804,-32.2150592],[-58.1512731,-32.2144689],[-58.1507931,-32.2141237]]]}},{"type":"Feature","properties":{"ID":0,"NCM":"0100011010860533--","SEC":101,"GRU":86,"MANZ":533},"geometry":{"type":"Polygon","coordinates":[[[-58.1564169,-32.2181459],[-58.1561525,-32.2183963],[-58.1567563,-32.21887],[-58.1570206,-32.2186197],[-58.1564169,-32.2181459]]]}},{"type":"Feature","properties":{"ID":0,"NCM":"0100011011170655--","SEC":101,"GRU":117,"MANZ":655},"geometry":{"type":"Polygon","coordinates":[[[-58.1519702,-32.2129601],[-58.1507931,-32.2141237],[-58.1512731,-32.2144689],[-58.1513403,-32.2145172],[-58.1520672,-32.2150398],[-58.1530159,-32.2140862],[-58.1528636,-32.2138798],[-58.1528281,-32.2138256],[-58.1527893,-32.2137655],[-58.1527518,-32.2137063],[-58.1527273,-32.2136625],[-58.1527102,-32.2136356],[-58.1526949,-32.2136141],[-58.1526766,-32.2135901],[-58.1526555,-32.2135614],[-58.1526301,-32.2135293],[-58.1526059,-32.2135002],[-58.152583,-32.2134737],[-58.152564,-32.2134495],[-58.1525418,-32.2134232],[-58.1525167,-32.2133884],[-58.1524848,-32.2133467],[-58.1524474,-32.2133103],[-58.1524295,-32.2132913],[-58.1523289,-32.2132101],[-58.1522116,-32.2131266],[-58.1519702,-32.2129601]]]}},{"type":"Feature","properties":{"ID":0,"NCM":"0100011010780519--","SEC":101,"GRU":78,"MANZ":519},"geometry":{"type":"Polygon","coordinates":[[[-58.157931,-32.2191268],[-58.1579202,-32.219115],[-58.1578817,-32.2190794],[-58.1578444,-32.2190485],[-58.1578107,-32.2190187],[-58.1577695,-32.2189779],[-58.1577513,-32.2189615],[-58.1577389,-32.2189409],[-58.1577247,-32.2189187],[-58.1577073,-32.2188966],[-58.1576934,-32.2188756],[-58.1576791,-32.2188555],[-58.1576605,-32.2188362],[-58.1576328,-32.2188153],[-58.1575986,-32.2187925],[-58.1575595,-32.2187621],[-58.1575228,-32.218726],[-58.1574882,-32.2186851],[-58.1574615,-32.2186444],[-58.1574384,-32.2186048],[-58.157416,-32.2185638],[-58.1573917,-32.2185271],[-58.1573597,-32.2184913],[-58.1573413,-32.2184741],[-58.1565162,-32.2193221],[-58.1572145,-32.2198239],[-58.157931,-32.2191268]]]}},{"type":"Feature","properties":{"ID":0,"NCM":"0100010000000591--","SEC":0,"GRU":0,"MANZ":591},"geometry":{"type":"Polygon","coordinates":[[[-58.136368,-32.2328167],[-58.1366972,-32.233054],[-58.1367788,-32.2329687],[-58.137288,-32.2324522],[-58.1369573,-32.2322167],[-58.136368,-32.2328167]]]}},{"type":"Feature","properties":{"ID":0,"NCM":"0100010000000091--","SEC":0,"GRU":0,"MANZ":91},"geometry":{"type":"Polygon","coordinates":[[[-58.1451175,-32.2213317],[-58.1450797,-32.2213359],[-58.1445137,-32.2219162],[-58.1449397,-32.2222234],[-58.1455123,-32.2216474],[-58.1455111,-32.2216182],[-58.1451175,-32.2213317]]]}},{"type":"Feature","properties":{"ID":0,"NCM":"0100010090490001--","SEC":9,"GRU":49,"MANZ":1},"geometry":{"type":"Polygon","coordinates":[[[-58.2356257,-32.2461659],[-58.2354708,-32.2446679],[-58.2347589,-32.2444327],[-58.2341721,-32.2457156],[-58.2356257,-32.2461659]]]}},{"type":"Feature","properties":{"ID":0,"NCM":"0100010090490002--","SEC":9,"GRU":49,"MANZ":2},"geometry":{"type":"Polygon","coordinates":[[[-58.2337069,-32.2440459],[-58.2332741,-32.2449421],[-58.2341639,-32.245236],[-58.2345704,-32.2443471],[-58.2337069,-32.2440459]]]}},{"type":"Feature","properties":{"ID":0,"NCM":"0100010090490003--","SEC":9,"GRU":49,"MANZ":3},"geometry":{"type":"Polygon","coordinates":[[[-58.2331972,-32.2451101],[-58.2327583,-32.2460903],[-58.2336424,-32.2463762],[-58.234087,-32.245404],[-58.2331972,-32.2451101]]]}},{"type":"Feature","properties":{"ID":0,"NCM":"0100010090490005--","SEC":9,"GRU":49,"MANZ":5},"geometry":{"type":"Polygon","coordinates":[[[-58.2340326,-32.2460341],[-58.233314,-32.2475919],[-58.2342038,-32.2478859],[-58.2343735,-32.2475149],[-58.2341577,-32.2474506],[-58.2340326,-32.2460341]]]}},{"type":"Feature","properties":{"ID":0,"NCM":"0100010090490006--","SEC":9,"GRU":49,"MANZ":6},"geometry":{"type":"Polygon","coordinates":[[[-58.2326757,-32.2462503],[-58.2322234,-32.2472392],[-58.2331132,-32.2475332],[-58.2335655,-32.2465442],[-58.2326757,-32.2462503]]]}},{"type":"Feature","properties":{"ID":0,"NCM":"0100010090490007--","SEC":9,"GRU":49,"MANZ":7},"geometry":{"type":"Polygon","coordinates":[[[-58.2347521,-32.2482499],[-58.2343288,-32.2481102],[-58.2338778,-32.2490962],[-58.2343144,-32.2492362],[-58.2347521,-32.2482499]]]}},{"type":"Feature","properties":{"ID":0,"NCM":"0100010090490008--","SEC":9,"GRU":49,"MANZ":8},"geometry":{"type":"Polygon","coordinates":[[[-58.2332371,-32.24776],[-58.2327872,-32.2487435],[-58.2336795,-32.2490321],[-58.2341294,-32.2480485],[-58.2332371,-32.24776]]]}},{"type":"Feature","properties":{"ID":0,"NCM":"0100010090490004--","SEC":9,"GRU":49,"MANZ":4},"geometry":{"type":"Polygon","coordinates":[[[-58.2345768,-32.2475754],[-58.2344068,-32.2479397],[-58.2348296,-32.2480752],[-58.234996,-32.2477003],[-58.2345768,-32.2475754]]]}},{"type":"Feature","properties":{"ID":0,"NCM":"0100011011160635--","SEC":101,"GRU":116,"MANZ":635},"geometry":{"type":"Polygon","coordinates":[[[-58.1513403,-32.2145172],[-58.1507447,-32.2151061],[-58.1510612,-32.2153375],[-58.150923,-32.2154742],[-58.1506072,-32.2152434],[-58.1504623,-32.215389],[-58.1503581,-32.2154937],[-58.1500179,-32.2158358],[-58.150751,-32.2163628],[-58.151322,-32.2157888],[-58.1520531,-32.2150539],[-58.1520672,-32.2150398],[-58.1513403,-32.2145172]]]}},{"type":"Feature","properties":{"ID":0,"NCM":"0100011011160653--","SEC":101,"GRU":116,"MANZ":653},"geometry":{"type":"Polygon","coordinates":[[[-58.1504623,-32.215389],[-58.1503978,-32.2153425],[-58.1505429,-32.215197],[-58.1500597,-32.2148487],[-58.1494745,-32.2154367],[-58.1499513,-32.2157852],[-58.1502937,-32.2154467],[-58.1503581,-32.2154937],[-58.1504623,-32.215389]]]}},{"type":"Feature","properties":{"ID":0,"NCM":"0100010123240001--","SEC":12,"GRU":324,"MANZ":1},"geometry":{"type":"Polygon","coordinates":[[[-58.1555197,-32.2386618],[-58.1553106,-32.2390777],[-58.1558964,-32.2388157],[-58.1555197,-32.2386618]]]}},{"type":"Feature","properties":{"ID":0,"NCM":"0100010090490009--","SEC":9,"GRU":49,"MANZ":9},"geometry":{"type":"Polygon","coordinates":[[[-58.2321465,-32.2474073],[-58.2316967,-32.2483908],[-58.2325889,-32.2486794],[-58.2330388,-32.2476958],[-58.2321465,-32.2474073]]]}},{"type":"Feature","properties":{"ID":0,"NCM":"0100010000000804--","SEC":0,"GRU":0,"MANZ":804},"geometry":{"type":"Polygon","coordinates":[[[-58.1479089,-32.2095267],[-58.1480504,-32.2093807],[-58.1516274,-32.2118759],[-58.1516725,-32.2116711],[-58.1516948,-32.2115707],[-58.1517002,-32.2115463],[-58.151712,-32.2114933],[-58.151735,-32.2113895],[-58.1517437,-32.2113507],[-58.1517509,-32.2113178],[-58.151759,-32.2112816],[-58.1517679,-32.2112414],[-58.1518069,-32.2110655],[-58.1518347,-32.2109404],[-58.1518567,-32.2108411],[-58.1518454,-32.2107466],[-58.1518265,-32.2105745],[-58.1518238,-32.2105498],[-58.1518092,-32.2104171],[-58.1518012,-32.210344],[-58.1517939,-32.2102783],[-58.1517879,-32.2102232],[-58.1517826,-32.2101754],[-58.151774,-32.2100976],[-58.151771,-32.2100696],[-58.15177,-32.2100426],[-58.1517655,-32.2100198],[-58.1517631,-32.2099984],[-58.1517603,-32.2099727],[-58.1517537,-32.2099128],[-58.1517561,-32.2098973],[-58.1517699,-32.2098055],[-58.1517713,-32.2097965],[-58.1517812,-32.2097309],[-58.1517961,-32.2096325],[-58.1518091,-32.2095464],[-58.1518232,-32.2094531],[-58.1518346,-32.2093778],[-58.1518423,-32.2093266],[-58.151859,-32.2092164],[-58.1518672,-32.2091621],[-58.1518787,-32.2090858],[-58.1518852,-32.2090427],[-58.1518927,-32.2089931],[-58.1519007,-32.20894],[-58.1519087,-32.2088875],[-58.1519169,-32.2088329],[-58.1519253,-32.2087773],[-58.151933,-32.2087264],[-58.1519407,-32.2086756],[-58.1519476,-32.2086299],[-58.151955,-32.208581],[-58.1519623,-32.2085323],[-58.151968,-32.2084947],[-58.1519766,-32.2084378],[-58.1519797,-32.2084175],[-58.1519789,-32.2083504],[-58.1519782,-32.2082876],[-58.1519774,-32.2082182],[-58.1519767,-32.208154],[-58.1519759,-32.208087],[-58.1519757,-32.2080642],[-58.1519754,-32.2080407],[-58.1519749,-32.2079942],[-58.1519746,-32.2079671],[-58.1519503,-32.2079376],[-58.151935,-32.2079191],[-58.1519116,-32.2078906],[-58.1518495,-32.2078152],[-58.151823,-32.207783],[-58.1517244,-32.2076633],[-58.151602,-32.2076311],[-58.1515434,-32.2076157],[-58.151513,-32.2076077],[-58.1513743,-32.2075713],[-58.1513402,-32.2075623],[-58.1512981,-32.2075512],[-58.1512516,-32.207539],[-58.1512233,-32.2075316],[-58.151165,-32.2075162],[-58.1510242,-32.2074793],[-58.1509799,-32.2074565],[-58.1509429,-32.2074375],[-58.1509075,-32.2074193],[-58.1508451,-32.2073873],[-58.1508106,-32.2073696],[-58.1507818,-32.2073548],[-58.150745,-32.2073359],[-58.1507178,-32.2073219],[-58.150678,-32.2073015],[-58.1506328,-32.2072783],[-58.1505765,-32.2072494],[-58.1505433,-32.2072323],[-58.1505318,-32.2072102],[-58.1505038,-32.2071562],[-58.1504783,-32.2071069],[-58.1504589,-32.2070695],[-58.1504133,-32.2069814],[-58.1504239,-32.2069393],[-58.1504455,-32.2068539],[-58.1504894,-32.2066801],[-58.1504991,-32.206642],[-58.150521,-32.2065552],[-58.1505413,-32.206475],[-58.1505953,-32.2064082],[-58.1506383,-32.206355],[-58.1506805,-32.2063028],[-58.1507162,-32.2062587],[-58.1507429,-32.2062256],[-58.1507615,-32.2062027],[-58.1508265,-32.2061223],[-58.1509223,-32.2060889],[-58.1510073,-32.2060592],[-58.151096,-32.2060282],[-58.151234,-32.20598],[-58.1513249,-32.2059483],[-58.1513999,-32.2059221],[-58.151478,-32.2058949],[-58.1515501,-32.2058697],[-58.151624,-32.2058439],[-58.1516544,-32.2058333],[-58.1517073,-32.2058148],[-58.151741,-32.205803],[-58.1517773,-32.2057904],[-58.1518073,-32.2057799],[-58.1518364,-32.2057698],[-58.1518791,-32.2057548],[-58.1520155,-32.2056789],[-58.1520652,-32.2056512],[-58.1521189,-32.2056213],[-58.152174,-32.2055907],[-58.1522204,-32.2055648],[-58.1522648,-32.2055401],[-58.1522854,-32.2055287],[-58.1522995,-32.2055138],[-58.1523358,-32.2054757],[-58.1523743,-32.2054351],[-58.1524074,-32.2054004],[-58.1524124,-32.2053951],[-58.152701,-32.2050916],[-58.1530267,-32.2039217],[-58.153615,-32.2035025],[-58.154181,-32.2031597],[-58.1543967,-32.2030291],[-58.1547133,-32.2026308],[-58.1547651,-32.2023976],[-58.154687,-32.202132],[-58.15352,-32.2011519],[-58.1528032,-32.2009329],[-58.1522467,-32.2009499],[-58.1512661,-32.2009293],[-58.1499379,-32.2008479],[-58.1486692,-32.200916],[-58.1477163,-32.2016746],[-58.1467513,-32.2031141],[-58.1443921,-32.2070475],[-58.1435728,-32.208571],[-58.1442815,-32.2091621],[-58.1443237,-32.2091973],[-58.1444872,-32.2093225],[-58.144744,-32.2095085],[-58.144754,-32.2095136],[-58.1447644,-32.2095182],[-58.1447751,-32.209522],[-58.1449603,-32.2096318],[-58.145605,-32.2101327],[-58.1456404,-32.2101314],[-58.1458801,-32.2098934],[-58.1460322,-32.2097403],[-58.1463345,-32.2094187],[-58.1466879,-32.2090566],[-58.1468331,-32.2091609],[-58.1470719,-32.2089205],[-58.1479089,-32.2095267]]]}},{"type":"Feature","properties":{"ID":0,"NCM":"0100011020420367--","SEC":102,"GRU":42,"MANZ":367},"geometry":{"type":"Polygon","coordinates":[[[-58.1492971,-32.2340601],[-58.1490269,-32.2343381],[-58.1497373,-32.2348367],[-58.1500066,-32.2345581],[-58.1492971,-32.2340601]]]}},{"type":"Feature","properties":{"ID":0,"NCM":"0100011011060617--","SEC":101,"GRU":106,"MANZ":617},"geometry":{"type":"Polygon","coordinates":[[[-58.1515787,-32.2159192],[-58.1513262,-32.2161717],[-58.1509833,-32.2165135],[-58.1513933,-32.2168123],[-58.1519946,-32.216212],[-58.1515787,-32.2159192]]]}},{"type":"Feature","properties":{"ID":0,"NCM":"0100010180020001--","SEC":18,"GRU":2,"MANZ":1},"geometry":{"type":"Polygon","coordinates":[[[-58.2005682,-32.2930653],[-58.2007087,-32.2927251],[-58.1980096,-32.2923393],[-58.1978691,-32.2926795],[-58.2005682,-32.2930653]]]}},{"type":"Feature","properties":{"ID":0,"NCM":"0100010180020002--","SEC":18,"GRU":2,"MANZ":2},"geometry":{"type":"Polygon","coordinates":[[[-58.1951627,-32.2922926],[-58.1974128,-32.2926143],[-58.1975533,-32.292274],[-58.1953032,-32.2919524],[-58.1951627,-32.2922926]]]}},{"type":"Feature","properties":{"ID":0,"NCM":"0100010063310005--","SEC":6,"GRU":331,"MANZ":5},"geometry":{"type":"Polygon","coordinates":[[[-58.1714394,-32.2099377],[-58.1718568,-32.208969],[-58.1712869,-32.208786],[-58.1708068,-32.2086319],[-58.170389,-32.2096105],[-58.1710935,-32.2098299],[-58.1710987,-32.2098263],[-58.1711041,-32.2098228],[-58.1711096,-32.2098195],[-58.1711153,-32.2098163],[-58.1711211,-32.2098133],[-58.171127,-32.2098105],[-58.171133,-32.2098078],[-58.1711391,-32.2098053],[-58.1711453,-32.209803],[-58.1711517,-32.2098009],[-58.171158,-32.209799],[-58.1711645,-32.2097973],[-58.171171,-32.2097957],[-58.1711776,-32.2097944],[-58.1711843,-32.2097932],[-58.171191,-32.2097923],[-58.1711977,-32.2097915],[-58.1712044,-32.209791],[-58.1712112,-32.2097906],[-58.171218,-32.2097904],[-58.1712247,-32.2097905],[-58.1712315,-32.2097907],[-58.1712383,-32.2097911],[-58.171245,-32.2097917],[-58.1712517,-32.2097926],[-58.1712584,-32.2097936],[-58.171265,-32.2097948],[-58.1712716,-32.2097962],[-58.1712781,-32.2097978],[-58.1712845,-32.2097996],[-58.1712909,-32.2098016],[-58.1712972,-32.2098038],[-58.1713034,-32.2098061],[-58.1713095,-32.2098087],[-58.1713155,-32.2098114],[-58.1713213,-32.2098142],[-58.1713271,-32.2098173],[-58.1713327,-32.2098205],[-58.1713382,-32.2098239],[-58.1713435,-32.2098275],[-58.1713487,-32.2098312],[-58.1713538,-32.209835],[-58.1713587,-32.209839],[-58.1713634,-32.2098431],[-58.1713679,-32.2098474],[-58.1713723,-32.2098518],[-58.1713765,-32.2098563],[-58.1713805,-32.209861],[-58.1713843,-32.2098658],[-58.1713879,-32.2098706],[-58.1713913,-32.2098756],[-58.1713946,-32.2098807],[-58.1713976,-32.2098858],[-58.1714004,-32.2098911],[-58.1714029,-32.2098964],[-58.1714053,-32.2099018],[-58.1714074,-32.2099073],[-58.1714093,-32.2099128],[-58.171411,-32.2099184],[-58.1714125,-32.209924],[-58.1714137,-32.2099297],[-58.1714394,-32.2099377]]]}},{"type":"Feature","properties":{"ID":0,"NCM":"0100010063310006--","SEC":6,"GRU":331,"MANZ":6},"geometry":{"type":"Polygon","coordinates":[[[-58.1716845,-32.2106593],[-58.171674,-32.210683],[-58.171678,-32.2106877],[-58.1716817,-32.2106925],[-58.1716853,-32.2106974],[-58.1716886,-32.2107023],[-58.1716918,-32.2107074],[-58.1716947,-32.2107126],[-58.1716974,-32.2107179],[-58.1716999,-32.2107232],[-58.1717022,-32.2107286],[-58.1717043,-32.2107341],[-58.1717062,-32.2107396],[-58.1717078,-32.2107452],[-58.1717092,-32.2107508],[-58.1717104,-32.2107565],[-58.1717113,-32.2107622],[-58.171712,-32.2107679],[-58.1717125,-32.2107736],[-58.1717127,-32.2107794],[-58.1717127,-32.2107851],[-58.1717125,-32.2107909],[-58.171712,-32.2107966],[-58.1717114,-32.2108023],[-58.1717104,-32.210808],[-58.1717093,-32.2108137],[-58.1717079,-32.2108193],[-58.1717063,-32.2108249],[-58.1717045,-32.2108304],[-58.1717024,-32.2108359],[-58.1717001,-32.2108413],[-58.1716976,-32.2108467],[-58.1716949,-32.2108519],[-58.171692,-32.2108571],[-58.1716889,-32.2108622],[-58.1716856,-32.2108672],[-58.171682,-32.2108721],[-58.1716783,-32.2108769],[-58.1716744,-32.2108816],[-58.1716702,-32.2108862],[-58.171666,-32.2108906],[-58.1716615,-32.2108949],[-58.1716568,-32.2108991],[-58.171652,-32.2109031],[-58.1716471,-32.210907],[-58.1716419,-32.2109108],[-58.1716367,-32.2109144],[-58.1716312,-32.2109178],[-58.1716257,-32.2109211],[-58.17162,-32.2109242],[-58.1716142,-32.2109271],[-58.1716083,-32.2109299],[-58.1716022,-32.2109325],[-58.1715961,-32.2109349],[-58.1715899,-32.2109372],[-58.1715836,-32.2109392],[-58.1715772,-32.2109411],[-58.1715707,-32.2109428],[-58.1715642,-32.2109443],[-58.1715576,-32.2109456],[-58.1714468,-32.2111955],[-58.1721786,-32.211433],[-58.1724115,-32.2108924],[-58.1716845,-32.2106593]]]}},{"type":"Feature","properties":{"ID":0,"NCM":"0100010063660003--","SEC":6,"GRU":366,"MANZ":3},"geometry":{"type":"Polygon","coordinates":[[[-58.1557525,-32.2108787],[-58.1560821,-32.2101288],[-58.1548712,-32.2097427],[-58.1545343,-32.2104715],[-58.1557525,-32.2108787]]]}},{"type":"Feature","properties":{"ID":0,"NCM":"0100010063540003--","SEC":6,"GRU":354,"MANZ":3},"geometry":{"type":"Polygon","coordinates":[[[-58.1591852,-32.2136586],[-58.1590151,-32.2140407],[-58.1604018,-32.2144721],[-58.1605626,-32.2141017],[-58.1591852,-32.2136586]]]}},{"type":"Feature","properties":{"ID":0,"NCM":"0100010063540004--","SEC":6,"GRU":354,"MANZ":4},"geometry":{"type":"Polygon","coordinates":[[[-58.1611647,-32.2127153],[-58.1597917,-32.212288],[-58.1596399,-32.212629],[-58.1610107,-32.21307],[-58.1611647,-32.2127153]]]}},{"type":"Feature","properties":{"ID":0,"NCM":"0100011030000010--","SEC":103,"GRU":0,"MANZ":10},"geometry":{"type":"Polygon","coordinates":[[[-58.2386441,-32.2947741],[-58.2384224,-32.2955672],[-58.2393153,-32.2957521],[-58.2395375,-32.2949575],[-58.2386441,-32.2947741]]]}},{"type":"Feature","properties":{"ID":0,"NCM":"0100011030000011--","SEC":103,"GRU":0,"MANZ":11},"geometry":{"type":"Polygon","coordinates":[[[-58.2375734,-32.2945507],[-58.2373515,-32.2953454],[-58.2382441,-32.2955302],[-58.2384652,-32.2947391],[-58.2375734,-32.2945507]]]}},{"type":"Feature","properties":{"ID":0,"NCM":"0100010112680001--","SEC":11,"GRU":268,"MANZ":1},"geometry":{"type":"Polygon","coordinates":[[[-58.172696,-32.2421097],[-58.1745426,-32.2427479],[-58.1755395,-32.2406188],[-58.1753393,-32.2405537],[-58.1737219,-32.2400139],[-58.172696,-32.2421097]]]}},{"type":"Feature","properties":{"ID":0,"NCM":"0100011030000034--","SEC":103,"GRU":0,"MANZ":34},"geometry":{"type":"Polygon","coordinates":[[[-58.2325115,-32.2964427],[-58.2322993,-32.2972023],[-58.233195,-32.2973776],[-58.2334071,-32.296618],[-58.2325115,-32.2964427]]]}},{"type":"Feature","properties":{"ID":0,"NCM":"0100010123260009--","SEC":12,"GRU":326,"MANZ":9},"geometry":{"type":"Polygon","coordinates":[[[-58.1639873,-32.2328529],[-58.1635533,-32.2336973],[-58.1639485,-32.233828],[-58.1643494,-32.2330283],[-58.1642961,-32.2330099],[-58.164306,-32.2329885],[-58.1642914,-32.2329594],[-58.1639873,-32.2328529]]]}},{"type":"Feature","properties":{"ID":0,"NCM":"0100010123260010--","SEC":12,"GRU":326,"MANZ":10},"geometry":{"type":"Polygon","coordinates":[[[-58.1637364,-32.2328345],[-58.1633699,-32.2327154],[-58.1629983,-32.233518],[-58.1633649,-32.2336371],[-58.1637364,-32.2328345]]]}},{"type":"Feature","properties":{"ID":0,"NCM":"0100010123260011--","SEC":12,"GRU":326,"MANZ":11},"geometry":{"type":"Polygon","coordinates":[[[-58.1631978,-32.2326543],[-58.1628313,-32.2325352],[-58.1624597,-32.2333378],[-58.1628262,-32.2334569],[-58.1631978,-32.2326543]]]}},{"type":"Feature","properties":{"ID":0,"NCM":"0100010123260012--","SEC":12,"GRU":326,"MANZ":12},"geometry":{"type":"Polygon","coordinates":[[[-58.1626565,-32.2324854],[-58.16229,-32.2323663],[-58.1619184,-32.2331689],[-58.1622849,-32.233288],[-58.1626565,-32.2324854]]]}},{"type":"Feature","properties":{"ID":0,"NCM":"0100011030000045--","SEC":103,"GRU":0,"MANZ":45},"geometry":{"type":"Polygon","coordinates":[[[-58.2290882,-32.2967338],[-58.2288766,-32.2974935],[-58.2297167,-32.297658],[-58.2299288,-32.2968984],[-58.2290882,-32.2967338]]]}},{"type":"Feature","properties":{"ID":0,"NCM":"0100010180030000--","SEC":18,"GRU":3,"MANZ":0},"geometry":{"type":"Polygon","coordinates":[[[-58.2037977,-32.2856076],[-58.2034563,-32.2864358],[-58.2021515,-32.289628],[-58.2010419,-32.292331],[-58.1999742,-32.2949202],[-58.1997805,-32.2954347],[-58.199794,-32.2956196],[-58.2003131,-32.2969975],[-58.2011809,-32.2990373],[-58.2015732,-32.2999114],[-58.2027314,-32.3025999],[-58.2048497,-32.3075121],[-58.2070421,-32.3120488],[-58.2070641,-32.3120519],[-58.2070887,-32.3120571],[-58.2071286,-32.3120596],[-58.2071727,-32.3120616],[-58.2072199,-32.3120705],[-58.2072726,-32.3120785],[-58.2073103,-32.3120878],[-58.2073462,-32.3120887],[-58.2074146,-32.3120988],[-58.2074687,-32.3121044],[-58.2075313,-32.3121181],[-58.2075939,-32.3121348],[-58.2077107,-32.3121712],[-58.2077597,-32.3121923],[-58.2077941,-32.3122085],[-58.2078185,-32.3122185],[-58.2078971,-32.312243],[-58.2079471,-32.3122614],[-58.2080155,-32.3122827],[-58.208055,-32.3122924],[-58.2081004,-32.312304],[-58.2081449,-32.3123075],[-58.2081809,-32.3123132],[-58.2082172,-32.3123159],[-58.2082589,-32.3123261],[-58.2083115,-32.3123321],[-58.2083545,-32.3123378],[-58.2083953,-32.3123381],[-58.208437,-32.3123366],[-58.2084781,-32.312341],[-58.2085222,-32.3123413],[-58.2085582,-32.3123439],[-58.2086021,-32.3123474],[-58.2086627,-32.312345],[-58.2087268,-32.3123458],[-58.2087836,-32.3123435],[-58.2088267,-32.3123348],[-58.2088722,-32.3123342],[-58.208908,-32.3123319],[-58.2089458,-32.3123305],[-58.2089911,-32.312325],[-58.2090372,-32.3123254],[-58.2090833,-32.3123221],[-58.2091308,-32.3123153],[-58.2091784,-32.3123107],[-58.2092218,-32.3123055],[-58.2092613,-32.3123005],[-58.2093031,-32.312299],[-58.2093341,-32.3122982],[-58.2093733,-32.3122945],[-58.2094148,-32.3122916],[-58.2094683,-32.312283],[-58.2095236,-32.3122827],[-58.2096073,-32.3122816],[-58.2096386,-32.3122808],[-58.2097126,-32.3122761],[-58.209754,-32.3122772],[-58.2097989,-32.31228],[-58.2098567,-32.312284],[-58.2099148,-32.3122911],[-58.2099715,-32.3122951],[-58.2100222,-32.3123023],[-58.2102216,-32.3123343],[-58.2102572,-32.3123404],[-58.2103192,-32.312342],[-58.2103494,-32.3123413],[-58.2103521,-32.3123392],[-58.2103617,-32.3123394],[-58.2103723,-32.3123372],[-58.2103953,-32.3123362],[-58.2104242,-32.3123288],[-58.2104617,-32.3123241],[-58.2105019,-32.3123203],[-58.2105345,-32.3123195],[-58.2105613,-32.3123169],[-58.2105861,-32.3123192],[-58.2106137,-32.3123223],[-58.2106452,-32.3123239],[-58.2106728,-32.3123271],[-58.2106948,-32.3123285],[-58.2107443,-32.312333],[-58.2107662,-32.3123344],[-58.2107843,-32.3123373],[-58.2108147,-32.3123413],[-58.2108671,-32.3123467],[-58.2109224,-32.312353],[-58.2109613,-32.3123597],[-58.2109794,-32.3123626],[-58.2110276,-32.3123776],[-58.2110542,-32.3123832],[-58.2110825,-32.312392],[-58.2111091,-32.3123975],[-58.2111545,-32.3124117],[-58.2111754,-32.3124155],[-58.2113938,-32.3124836],[-58.2114587,-32.3125187],[-58.211477,-32.3125258],[-58.2116531,-32.3125807],[-58.2116912,-32.3126019],[-58.2117355,-32.3126275],[-58.2117709,-32.3126558],[-58.2118045,-32.3126808],[-58.2118306,-32.3127077],[-58.2118573,-32.3127258],[-58.2119071,-32.3127606],[-58.2119418,-32.3127851],[-58.2119651,-32.3128018],[-58.2119838,-32.3128097],[-58.2120443,-32.3128313],[-58.2121291,-32.3128631],[-58.2122165,-32.3128904],[-58.2122628,-32.3129132],[-58.2123009,-32.3129276],[-58.2123803,-32.3129524],[-58.2124233,-32.3129687],[-58.2124619,-32.3129836],[-58.2124999,-32.313004],[-58.2125332,-32.3130196],[-58.2125739,-32.3130378],[-58.2126149,-32.3130576],[-58.2126404,-32.3130888],[-58.2126689,-32.3131181],[-58.2126932,-32.3131579],[-58.2127167,-32.3131924],[-58.2127344,-32.3132209],[-58.212758,-32.3132471],[-58.2127733,-32.3132704],[-58.2127918,-32.3133001],[-58.212818,-32.3133353],[-58.2128345,-32.3133605],[-58.212846,-32.3133946],[-58.2128691,-32.3134327],[-58.2128815,-32.3134798],[-58.2128896,-32.3135207],[-58.2128981,-32.3135536],[-58.2129026,-32.3135783],[-58.2129091,-32.3135968],[-58.2129191,-32.3136118],[-58.2129498,-32.3136463],[-58.2129733,-32.3136849],[-58.2130109,-32.3137361],[-58.2130252,-32.3137669],[-58.2130619,-32.3138343],[-58.2130823,-32.3138671],[-58.213096,-32.3139058],[-58.2131118,-32.3139394],[-58.2131209,-32.3139777],[-58.2131374,-32.3140121],[-58.2131487,-32.3140491],[-58.2131741,-32.3140871],[-58.2131865,-32.3141278],[-58.2132084,-32.3141679],[-58.2132305,-32.3142521],[-58.2132462,-32.3142848],[-58.2132579,-32.3143101],[-58.2132821,-32.3143409],[-58.2132928,-32.3143751],[-58.2133025,-32.3143965],[-58.2133155,-32.3144168],[-58.2134179,-32.3145443],[-58.2134693,-32.3146217],[-58.2134869,-32.314639],[-58.2135136,-32.3146473],[-58.2135526,-32.3146697],[-58.2135984,-32.3146976],[-58.2136175,-32.3147205],[-58.2136385,-32.3147523],[-58.2136572,-32.3147818],[-58.2136886,-32.3148394],[-58.2137036,-32.3148622],[-58.2137184,-32.3148855],[-58.2137366,-32.3149104],[-58.2137516,-32.3149332],[-58.2137738,-32.3149642],[-58.2137948,-32.3149922],[-58.2138178,-32.3150252],[-58.2138301,-32.3150466],[-58.2139653,-32.3151852],[-58.2139799,-32.3152128],[-58.2140325,-32.3152632],[-58.2140433,-32.3152824],[-58.2140735,-32.3153331],[-58.2141125,-32.3153693],[-58.2141623,-32.3154012],[-58.2141863,-32.3154262],[-58.2156053,-32.3096147],[-58.2155905,-32.3036038],[-58.2155738,-32.3005364],[-58.2155542,-32.2995998],[-58.2155595,-32.2980468],[-58.2155973,-32.2965777],[-58.2157392,-32.2951907],[-58.2162049,-32.2930751],[-58.2169226,-32.2898625],[-58.211194,-32.2880025],[-58.2050094,-32.2859977],[-58.2037977,-32.2856076]]]}},{"type":"Feature","properties":{"ID":0,"NCM":"0100010000000089--","SEC":0,"GRU":0,"MANZ":89},"geometry":{"type":"Polygon","coordinates":[[[-58.1436599,-32.222776],[-58.1430794,-32.2233588],[-58.1430829,-32.2233856],[-58.143457,-32.2236557],[-58.1435091,-32.2236578],[-58.1440734,-32.2230959],[-58.1440705,-32.2230681],[-58.1436599,-32.222776]]]}},{"type":"Feature","properties":{"ID":0,"NCM":"0100010000000045--","SEC":0,"GRU":0,"MANZ":45},"geometry":{"type":"Polygon","coordinates":[[[-58.1472778,-32.2226742],[-58.1479374,-32.2231508],[-58.1479897,-32.2231895],[-58.1481151,-32.2230676],[-58.1485504,-32.2226342],[-58.1485413,-32.2225737],[-58.1482794,-32.2223854],[-58.1481399,-32.2222845],[-58.1478778,-32.2221043],[-58.1478506,-32.2221084],[-58.1472778,-32.2226742]]]}},{"type":"Feature","properties":{"ID":0,"NCM":"0100010123260013--","SEC":12,"GRU":326,"MANZ":13},"geometry":{"type":"Polygon","coordinates":[[[-58.1611693,-32.231625],[-58.1614809,-32.2309457],[-58.1611107,-32.2308222],[-58.1608,-32.2315026],[-58.1611693,-32.231625]]]}},{"type":"Feature","properties":{"ID":0,"NCM":"0100010123260014--","SEC":12,"GRU":326,"MANZ":14},"geometry":{"type":"Polygon","coordinates":[[[-58.1602805,-32.2313288],[-58.1606503,-32.2314532],[-58.1609612,-32.2307724],[-58.1605904,-32.2306501],[-58.1602805,-32.2313288]]]}},{"type":"Feature","properties":{"ID":0,"NCM":"0100010123260015--","SEC":12,"GRU":326,"MANZ":15},"geometry":{"type":"Polygon","coordinates":[[[-58.159761,-32.231155],[-58.1601312,-32.2312788],[-58.1604416,-32.230599],[-58.1600713,-32.2304755],[-58.159761,-32.231155]]]}},{"type":"Feature","properties":{"ID":0,"NCM":"0100010123260016--","SEC":12,"GRU":326,"MANZ":16},"geometry":{"type":"Polygon","coordinates":[[[-58.1592416,-32.2309829],[-58.1596116,-32.231105],[-58.1599218,-32.2304257],[-58.1595532,-32.2303007],[-58.1592416,-32.2309829]]]}},{"type":"Feature","properties":{"ID":0,"NCM":"0100010170020001--","SEC":17,"GRU":2,"MANZ":1},"geometry":{"type":"Polygon","coordinates":[[[-58.1585899,-32.2588142],[-58.1586028,-32.2578688],[-58.1582819,-32.2579215],[-58.1582711,-32.2588665],[-58.1585899,-32.2588142]]]}},{"type":"Feature","properties":{"ID":0,"NCM":"0100010170020002--","SEC":17,"GRU":2,"MANZ":2},"geometry":{"type":"Polygon","coordinates":[[[-58.158117,-32.2579486],[-58.157477,-32.2580536],[-58.1574662,-32.2589986],[-58.1581044,-32.2588939],[-58.158117,-32.2579486]]]}},{"type":"Feature","properties":{"ID":0,"NCM":"0100010170020003--","SEC":17,"GRU":2,"MANZ":3},"geometry":{"type":"Polygon","coordinates":[[[-58.1573122,-32.2580806],[-58.1566722,-32.2581857],[-58.1566614,-32.2591307],[-58.1572996,-32.259026],[-58.1573122,-32.2580806]]]}},{"type":"Feature","properties":{"ID":0,"NCM":"0100011021190659--","SEC":102,"GRU":119,"MANZ":659},"geometry":{"type":"Polygon","coordinates":[[[-58.1300707,-32.2335756],[-58.1295265,-32.2341505],[-58.1302276,-32.23463],[-58.1307704,-32.2340566],[-58.1300707,-32.2335756]]]}},{"type":"Feature","properties":{"ID":0,"NCM":"0100011021190658--","SEC":102,"GRU":119,"MANZ":658},"geometry":{"type":"Polygon","coordinates":[[[-58.1293934,-32.2342911],[-58.1288293,-32.2348871],[-58.1295265,-32.2353707],[-58.1300945,-32.2347706],[-58.1293934,-32.2342911]]]}},{"type":"Feature","properties":{"ID":0,"NCM":"0100010180020003--","SEC":18,"GRU":2,"MANZ":3},"geometry":{"type":"Polygon","coordinates":[[[-58.1901344,-32.2769395],[-58.1895824,-32.2779143],[-58.1907442,-32.2783864],[-58.1912829,-32.2774062],[-58.1901344,-32.2769395]]]}},{"type":"Feature","properties":{"ID":0,"NCM":"0100010180020004--","SEC":18,"GRU":2,"MANZ":4},"geometry":{"type":"Polygon","coordinates":[[[-58.1895041,-32.2780823],[-58.1889521,-32.2790571],[-58.1901139,-32.2795292],[-58.1906527,-32.2785491],[-58.1895041,-32.2780823]]]}},{"type":"Feature","properties":{"ID":0,"NCM":"0100010180020005--","SEC":18,"GRU":2,"MANZ":5},"geometry":{"type":"Polygon","coordinates":[[[-58.1888738,-32.2792251],[-58.1883218,-32.2801999],[-58.1894836,-32.280672],[-58.1900224,-32.2796919],[-58.1888738,-32.2792251]]]}},{"type":"Feature","properties":{"ID":0,"NCM":"0100010180020006--","SEC":18,"GRU":2,"MANZ":6},"geometry":{"type":"Polygon","coordinates":[[[-58.1882398,-32.2803747],[-58.187873,-32.2810223],[-58.1890337,-32.2814966],[-58.1893883,-32.2808414],[-58.1882398,-32.2803747]]]}},{"type":"Feature","properties":{"ID":0,"NCM":"0100010180010001--","SEC":18,"GRU":1,"MANZ":1},"geometry":{"type":"Polygon","coordinates":[[[-58.1843071,-32.2721407],[-58.1838483,-32.2729561],[-58.1848412,-32.2733653],[-58.1853,-32.2725499],[-58.1843071,-32.2721407]]]}},{"type":"Feature","properties":{"ID":0,"NCM":"0100010180010002--","SEC":18,"GRU":1,"MANZ":2},"geometry":{"type":"Polygon","coordinates":[[[-58.1837568,-32.2731187],[-58.1832947,-32.2739282],[-58.1842958,-32.2743347],[-58.1847497,-32.2735279],[-58.1837568,-32.2731187]]]}},{"type":"Feature","properties":{"ID":0,"NCM":"0100011020250308--","SEC":102,"GRU":25,"MANZ":308},"geometry":{"type":"Polygon","coordinates":[[[-58.1479397,-32.2397595],[-58.1485068,-32.2391454],[-58.1477861,-32.2386646],[-58.147218,-32.2392781],[-58.1479397,-32.2397595]]]}},{"type":"Feature","properties":{"ID":0,"NCM":"0100011020250334--","SEC":102,"GRU":25,"MANZ":334},"geometry":{"type":"Polygon","coordinates":[[[-58.1470513,-32.2391666],[-58.1476194,-32.2385531],[-58.1468975,-32.2380719],[-58.1463329,-32.2386817],[-58.1470513,-32.2391666]]]}},{"type":"Feature","properties":{"ID":0,"NCM":"0100011020250333--","SEC":102,"GRU":25,"MANZ":333},"geometry":{"type":"Polygon","coordinates":[[[-58.1463566,-32.2399188],[-58.1469235,-32.2393046],[-58.1462028,-32.2388241],[-58.1456392,-32.2394347],[-58.1463566,-32.2399188]]]}},{"type":"Feature","properties":{"ID":0,"NCM":"0100011020250307--","SEC":102,"GRU":25,"MANZ":307},"geometry":{"type":"Polygon","coordinates":[[[-58.1472404,-32.2405146],[-58.1478085,-32.2399012],[-58.1470868,-32.2394197],[-58.1465196,-32.2400338],[-58.1472404,-32.2405146]]]}},{"type":"Feature","properties":{"ID":0,"NCM":"0100011020240306--","SEC":102,"GRU":24,"MANZ":306},"geometry":{"type":"Polygon","coordinates":[[[-58.1471091,-32.2406562],[-58.1463874,-32.2401748],[-58.1458194,-32.2407883],[-58.1465411,-32.2412697],[-58.1471091,-32.2406562]]]}},{"type":"Feature","properties":{"ID":0,"NCM":"0100011020240332--","SEC":102,"GRU":24,"MANZ":332},"geometry":{"type":"Polygon","coordinates":[[[-58.1455031,-32.239573],[-58.1449384,-32.2401828],[-58.1456568,-32.2406677],[-58.1462249,-32.2400542],[-58.1455031,-32.239573]]]}},{"type":"Feature","properties":{"ID":0,"NCM":"0100011020240331--","SEC":102,"GRU":24,"MANZ":331},"geometry":{"type":"Polygon","coordinates":[[[-58.144279,-32.2408879],[-58.1444148,-32.2409302],[-58.1444213,-32.240931],[-58.1444273,-32.2409329],[-58.144436,-32.2409379],[-58.1444483,-32.240944],[-58.1444614,-32.2409516],[-58.1444845,-32.2409611],[-58.1444944,-32.2409665],[-58.1445052,-32.2409698],[-58.1445132,-32.2409735],[-58.1446127,-32.2410044],[-58.1446215,-32.241006],[-58.1446292,-32.2410072],[-58.1446401,-32.2410071],[-58.1446523,-32.241004],[-58.1446735,-32.240999],[-58.1446796,-32.2409975],[-58.1446852,-32.2409969],[-58.1447801,-32.2409818],[-58.1447945,-32.24098],[-58.1448313,-32.2409799],[-58.1448595,-32.2409806],[-58.1448943,-32.2409787],[-58.144927,-32.2409785],[-58.1449561,-32.2409806],[-58.144989,-32.2409862],[-58.1450374,-32.2410001],[-58.1450705,-32.2410116],[-58.145098,-32.2410236],[-58.1451216,-32.2410413],[-58.1451434,-32.2410666],[-58.145168,-32.2411043],[-58.1451849,-32.241128],[-58.1452028,-32.2411497],[-58.145525,-32.2408033],[-58.1448033,-32.2403218],[-58.144279,-32.2408879]]]}},{"type":"Feature","properties":{"ID":0,"NCM":"0100011020240305--","SEC":102,"GRU":24,"MANZ":305},"geometry":{"type":"Polygon","coordinates":[[[-58.1453377,-32.2413104],[-58.145348,-32.2413209],[-58.1453748,-32.2413535],[-58.1453971,-32.241387],[-58.1454173,-32.2414221],[-58.1454315,-32.2414427],[-58.1454427,-32.2414705],[-58.1454411,-32.2414931],[-58.1454377,-32.2415232],[-58.1454385,-32.2415466],[-58.1454424,-32.2415755],[-58.1454505,-32.2416104],[-58.1454652,-32.2416393],[-58.1454952,-32.2416613],[-58.1455362,-32.2416798],[-58.1456158,-32.2417127],[-58.1456588,-32.241733],[-58.1456822,-32.2417449],[-58.1457255,-32.2417676],[-58.1457654,-32.2417915],[-58.1458303,-32.2418337],[-58.145872,-32.2418536],[-58.1458991,-32.2418632],[-58.1459318,-32.2418756],[-58.1459654,-32.2418861],[-58.1459692,-32.2418875],[-58.146411,-32.2414121],[-58.1456893,-32.2409307],[-58.1453377,-32.2413104]]]}},{"type":"Feature","properties":{"ID":0,"NCM":"0100010063410002--","SEC":6,"GRU":341,"MANZ":2},"geometry":{"type":"Polygon","coordinates":[[[-58.1613597,-32.2154191],[-58.1609624,-32.2162616],[-58.1622036,-32.216513],[-58.162587,-32.2156677],[-58.1623805,-32.2156247],[-58.1613597,-32.2154191]]]}},{"type":"Feature","properties":{"ID":0,"NCM":"0100010063410003--","SEC":6,"GRU":341,"MANZ":3},"geometry":{"type":"Polygon","coordinates":[[[-58.1604975,-32.2172769],[-58.1617429,-32.2175291],[-58.1621273,-32.2166814],[-58.1608853,-32.2164299],[-58.1604975,-32.2172769]]]}},{"type":"Feature","properties":{"ID":0,"NCM":"0100010063410004--","SEC":6,"GRU":341,"MANZ":4},"geometry":{"type":"Polygon","coordinates":[[[-58.1600322,-32.218292],[-58.1612821,-32.2185452],[-58.1616665,-32.2176975],[-58.1604203,-32.2174449],[-58.1600322,-32.218292]]]}},{"type":"Feature","properties":{"ID":0,"NCM":"0100010063410005--","SEC":6,"GRU":341,"MANZ":5},"geometry":{"type":"Polygon","coordinates":[[[-58.1604908,-32.22029],[-58.1612057,-32.2187136],[-58.1599554,-32.2184603],[-58.1592725,-32.2199501],[-58.1595408,-32.2200121],[-58.1596424,-32.2200582],[-58.1597745,-32.2200864],[-58.1599931,-32.2201281],[-58.1600883,-32.2201689],[-58.1601377,-32.2201901],[-58.1601856,-32.2202103],[-58.1603005,-32.2202612],[-58.1604908,-32.22029]]]}},{"type":"Feature","properties":{"ID":0,"NCM":"0100010123260017--","SEC":12,"GRU":326,"MANZ":17},"geometry":{"type":"Polygon","coordinates":[[[-58.1634638,-32.2348736],[-58.1638657,-32.2339932],[-58.1635004,-32.2338715],[-58.1631005,-32.2347475],[-58.1634638,-32.2348736]]]}},{"type":"Feature","properties":{"ID":0,"NCM":"0100010123260018--","SEC":12,"GRU":326,"MANZ":18},"geometry":{"type":"Polygon","coordinates":[[[-58.162605,-32.2345736],[-58.1626313,-32.234583],[-58.1627872,-32.2346388],[-58.1629675,-32.2347013],[-58.1633656,-32.2338291],[-58.1630002,-32.2337073],[-58.162605,-32.2345736]]]}},{"type":"Feature","properties":{"ID":0,"NCM":"0100010123260019--","SEC":12,"GRU":326,"MANZ":19},"geometry":{"type":"Polygon","coordinates":[[[-58.1621082,-32.2344022],[-58.1624725,-32.2345263],[-58.1628665,-32.2336628],[-58.1625011,-32.233541],[-58.1621082,-32.2344022]]]}},{"type":"Feature","properties":{"ID":0,"NCM":"0100011010780492--","SEC":101,"GRU":78,"MANZ":492},"geometry":{"type":"Polygon","coordinates":[[[-58.1582628,-32.2194029],[-58.1582534,-32.2193943],[-58.1582194,-32.2193693],[-58.1581972,-32.2193566],[-58.1581701,-32.2193418],[-58.1581158,-32.2193129],[-58.158085,-32.2192937],[-58.158052,-32.2192679],[-58.1574156,-32.2198914],[-58.1581221,-32.2203847],[-58.1586638,-32.2198132],[-58.1586426,-32.2197934],[-58.1586009,-32.2197922],[-58.1585669,-32.2197845],[-58.1585582,-32.2197821],[-58.1587255,-32.2196058],[-58.1586849,-32.2195944],[-58.1586272,-32.2195736],[-58.1585575,-32.2195427],[-58.1584796,-32.2195043],[-58.1584106,-32.2194774],[-58.1583902,-32.2194712],[-58.1583682,-32.2194645],[-58.1583357,-32.2194688],[-58.1583112,-32.2194477],[-58.1582892,-32.2194269],[-58.1582628,-32.2194029]]]}},{"type":"Feature","properties":{"ID":0,"NCM":"0100011010780491--","SEC":101,"GRU":78,"MANZ":491},"geometry":{"type":"Polygon","coordinates":[[[-58.1572768,-32.2200277],[-58.1566756,-32.2206178],[-58.1574129,-32.221133],[-58.1579891,-32.2205251],[-58.1572768,-32.2200277]]]}},{"type":"Feature","properties":{"ID":0,"NCM":"0100010000000731--","SEC":0,"GRU":0,"MANZ":731},"geometry":{"type":"Polygon","coordinates":[[[-58.1444832,-32.2146285],[-58.1442036,-32.2149176],[-58.1439117,-32.2152158],[-58.1440705,-32.2153345],[-58.1445739,-32.2157084],[-58.1449161,-32.2153669],[-58.1449718,-32.2153097],[-58.1450323,-32.215251],[-58.1450954,-32.215188],[-58.14517,-32.2151129],[-58.1444832,-32.2146285]]]}},{"type":"Feature","properties":{"ID":0,"NCM":"0100010162230008--","SEC":16,"GRU":223,"MANZ":8},"geometry":{"type":"Polygon","coordinates":[[[-58.1806954,-32.2571418],[-58.1814134,-32.2573704],[-58.181732,-32.2566384],[-58.1791949,-32.2558857],[-58.1785062,-32.2574773],[-58.1810199,-32.258275],[-58.1813385,-32.2575428],[-58.1806206,-32.2573121],[-58.1806954,-32.2571418]]]}},{"type":"Feature","properties":{"ID":0,"NCM":"0100010000000580--","SEC":0,"GRU":0,"MANZ":580},"geometry":{"type":"Polygon","coordinates":[[[-58.1522945,-32.2176968],[-58.1520024,-32.217985],[-58.1526728,-32.2184808],[-58.1529676,-32.21819],[-58.1528055,-32.2180723],[-58.1526023,-32.2179237],[-58.1525003,-32.2178477],[-58.1522945,-32.2176968]]]}},{"type":"Feature","properties":{"ID":0,"NCM":"0100010041410001--","SEC":4,"GRU":141,"MANZ":1},"geometry":{"type":"Polygon","coordinates":[[[-58.2168912,-32.2337346],[-58.215991,-32.2357897],[-58.2184659,-32.236604],[-58.2193602,-32.2345473],[-58.2168912,-32.2337346]]]}},{"type":"Feature","properties":{"ID":0,"NCM":"0100010041410002--","SEC":4,"GRU":141,"MANZ":2},"geometry":{"type":"Polygon","coordinates":[[[-58.2132542,-32.2348887],[-58.2157776,-32.2357194],[-58.2166927,-32.2336693],[-58.214154,-32.2328336],[-58.2132542,-32.2348887]]]}},{"type":"Feature","properties":{"ID":0,"NCM":"0100010041410003--","SEC":4,"GRU":141,"MANZ":3},"geometry":{"type":"Polygon","coordinates":[[[-58.2159365,-32.2359142],[-58.2150372,-32.2379696],[-58.2175115,-32.238784],[-58.2184112,-32.2367288],[-58.2159365,-32.2359142]]]}},{"type":"Feature","properties":{"ID":0,"NCM":"0100010041410004--","SEC":4,"GRU":141,"MANZ":4},"geometry":{"type":"Polygon","coordinates":[[[-58.2131997,-32.2350133],[-58.2123015,-32.237069],[-58.2148069,-32.2378937],[-58.2157221,-32.2358437],[-58.2131997,-32.2350133]]]}},{"type":"Feature","properties":{"ID":0,"NCM":"0100010063300001--","SEC":6,"GRU":330,"MANZ":1},"geometry":{"type":"Polygon","coordinates":[[[-58.1709225,-32.2158791],[-58.1706075,-32.2165867],[-58.1717603,-32.2169815],[-58.1720816,-32.2162603],[-58.1709225,-32.2158791]]]}},{"type":"Feature","properties":{"ID":0,"NCM":"0100010063300002--","SEC":6,"GRU":330,"MANZ":2},"geometry":{"type":"Polygon","coordinates":[[[-58.1695948,-32.2154405],[-58.1692677,-32.2161218],[-58.1704206,-32.2165106],[-58.1707515,-32.2158228],[-58.1695948,-32.2154405]]]}},{"type":"Feature","properties":{"ID":0,"NCM":"0100010063300003--","SEC":6,"GRU":330,"MANZ":3},"geometry":{"type":"Polygon","coordinates":[[[-58.1691876,-32.2162887],[-58.1688307,-32.217032],[-58.1699807,-32.2174219],[-58.1703403,-32.2166775],[-58.1691876,-32.2162887]]]}},{"type":"Feature","properties":{"ID":0,"NCM":"0100010063300004--","SEC":6,"GRU":330,"MANZ":4},"geometry":{"type":"Polygon","coordinates":[[[-58.1705373,-32.2167443],[-58.1701701,-32.2174861],[-58.1713321,-32.2178798],[-58.171668,-32.2171256],[-58.1705373,-32.2167443]]]}},{"type":"Feature","properties":{"ID":0,"NCM":"0100010112250005--","SEC":11,"GRU":225,"MANZ":5},"geometry":{"type":"Polygon","coordinates":[[[-58.1884018,-32.2449496],[-58.1879347,-32.2459089],[-58.1882339,-32.2460141],[-58.1887024,-32.2450502],[-58.1884018,-32.2449496]]]}},{"type":"Feature","properties":{"ID":0,"NCM":"0100010112250006--","SEC":11,"GRU":225,"MANZ":6},"geometry":{"type":"Polygon","coordinates":[[[-58.187383,-32.2470417],[-58.1876815,-32.2471467],[-58.188152,-32.2461805],[-58.1878535,-32.2460755],[-58.187383,-32.2470417]]]}},{"type":"Feature","properties":{"ID":0,"NCM":"0100010112250007--","SEC":11,"GRU":225,"MANZ":7},"geometry":{"type":"Polygon","coordinates":[[[-58.1868314,-32.2481745],[-58.1871298,-32.2482795],[-58.1876003,-32.2473133],[-58.1873019,-32.2472083],[-58.1868314,-32.2481745]]]}},{"type":"Feature","properties":{"ID":0,"NCM":"0100010112250008--","SEC":11,"GRU":225,"MANZ":8},"geometry":{"type":"Polygon","coordinates":[[[-58.1862943,-32.2492775],[-58.1865927,-32.2493824],[-58.1870486,-32.2484462],[-58.1867502,-32.2483412],[-58.1862943,-32.2492775]]]}},{"type":"Feature","properties":{"ID":0,"NCM":"0100010170020004--","SEC":17,"GRU":2,"MANZ":4},"geometry":{"type":"Polygon","coordinates":[[[-58.1566731,-32.258108],[-58.1569932,-32.2580604],[-58.1569993,-32.2575196],[-58.1570076,-32.2567984],[-58.1566875,-32.256846],[-58.1566731,-32.258108]]]}},{"type":"Feature","properties":{"ID":0,"NCM":"0100011020900551--","SEC":102,"GRU":90,"MANZ":551},"geometry":{"type":"Polygon","coordinates":[[[-58.1354362,-32.2361774],[-58.134591,-32.235601],[-58.134099,-32.2361221],[-58.1356259,-32.2371835],[-58.1361295,-32.2366515],[-58.1354362,-32.2361774]]]}},{"type":"Feature","properties":{"ID":0,"NCM":"0100010090480001--","SEC":9,"GRU":48,"MANZ":1},"geometry":{"type":"Polygon","coordinates":[[[-58.2342712,-32.2494082],[-58.2322446,-32.2540977],[-58.2349995,-32.2549673],[-58.2362326,-32.2521274],[-58.2360203,-32.2499751],[-58.2342712,-32.2494082]]]}},{"type":"Feature","properties":{"ID":0,"NCM":"0100010063410006--","SEC":6,"GRU":341,"MANZ":6},"geometry":{"type":"Polygon","coordinates":[[[-58.1608853,-32.2164299],[-58.1598589,-32.2162246],[-58.1594752,-32.2170727],[-58.1604975,-32.2172769],[-58.1608853,-32.2164299]]]}},{"type":"Feature","properties":{"ID":0,"NCM":"0100010063410007--","SEC":6,"GRU":341,"MANZ":7},"geometry":{"type":"Polygon","coordinates":[[[-58.1588537,-32.2198987],[-58.1588801,-32.2199038],[-58.1589523,-32.2199179],[-58.1592105,-32.2199683],[-58.1592725,-32.2199501],[-58.1599554,-32.2184603],[-58.1600322,-32.218292],[-58.1604203,-32.2174449],[-58.1593991,-32.217241],[-58.1583902,-32.2194712],[-58.1584106,-32.2194774],[-58.1584796,-32.2195043],[-58.1585575,-32.2195427],[-58.1586272,-32.2195736],[-58.1586849,-32.2195944],[-58.1587255,-32.2196058],[-58.1585582,-32.2197821],[-58.1585669,-32.2197845],[-58.1586009,-32.2197922],[-58.1586426,-32.2197934],[-58.1586638,-32.2198132],[-58.1586749,-32.2198237],[-58.1587485,-32.2198924],[-58.1588537,-32.2198987]]]}},{"type":"Feature","properties":{"ID":0,"NCM":"0100010162240001--","SEC":16,"GRU":224,"MANZ":1},"geometry":{"type":"Polygon","coordinates":[[[-58.1829803,-32.2511414],[-58.1825048,-32.2521478],[-58.1836339,-32.252528],[-58.1841094,-32.2515216],[-58.1829803,-32.2511414]]]}},{"type":"Feature","properties":{"ID":0,"NCM":"0100010162240002--","SEC":16,"GRU":224,"MANZ":2},"geometry":{"type":"Polygon","coordinates":[[[-58.1815547,-32.2506589],[-58.1810871,-32.251665],[-58.1823087,-32.252081],[-58.1827818,-32.2510775],[-58.1815547,-32.2506589]]]}},{"type":"Feature","properties":{"ID":0,"NCM":"0100010162240003--","SEC":16,"GRU":224,"MANZ":3},"geometry":{"type":"Polygon","coordinates":[[[-58.1810091,-32.2518327],[-58.1804941,-32.2529407],[-58.1817206,-32.2533255],[-58.1822294,-32.2522494],[-58.1810091,-32.2518327]]]}},{"type":"Feature","properties":{"ID":0,"NCM":"0100010162240004--","SEC":16,"GRU":224,"MANZ":4},"geometry":{"type":"Polygon","coordinates":[[[-58.1824268,-32.2523154],[-58.1819196,-32.2533879],[-58.183063,-32.2537467],[-58.1835551,-32.2526976],[-58.1824268,-32.2523154]]]}},{"type":"Feature","properties":{"ID":0,"NCM":"0100010112470001--","SEC":11,"GRU":247,"MANZ":1},"geometry":{"type":"Polygon","coordinates":[[[-58.1834305,-32.2432887],[-58.1830103,-32.2442158],[-58.1840872,-32.2445418],[-58.1844982,-32.2436428],[-58.1834305,-32.2432887]]]}},{"type":"Feature","properties":{"ID":0,"NCM":"0100010112470002--","SEC":11,"GRU":247,"MANZ":2},"geometry":{"type":"Polygon","coordinates":[[[-58.1821183,-32.2428536],[-58.1816977,-32.2437853],[-58.1827642,-32.244135],[-58.1831833,-32.2432068],[-58.1821183,-32.2428536]]]}},{"type":"Feature","properties":{"ID":0,"NCM":"0100010112470003--","SEC":11,"GRU":247,"MANZ":3},"geometry":{"type":"Polygon","coordinates":[[[-58.1829358,-32.2443845],[-58.1825178,-32.2453103],[-58.1835878,-32.2456592],[-58.1840158,-32.2447113],[-58.1829358,-32.2443845]]]}},{"type":"Feature","properties":{"ID":0,"NCM":"0100010112470004--","SEC":11,"GRU":247,"MANZ":4},"geometry":{"type":"Polygon","coordinates":[[[-58.1816119,-32.2439754],[-58.1811939,-32.2449012],[-58.1822678,-32.2452347],[-58.1826857,-32.2443089],[-58.1816119,-32.2439754]]]}},{"type":"Feature","properties":{"ID":0,"NCM":"0100010112470005--","SEC":11,"GRU":247,"MANZ":5},"geometry":{"type":"Polygon","coordinates":[[[-58.1824418,-32.2454786],[-58.1820238,-32.2464044],[-58.1830938,-32.2467534],[-58.1835118,-32.2458276],[-58.1824418,-32.2454786]]]}},{"type":"Feature","properties":{"ID":0,"NCM":"0100010112470006--","SEC":11,"GRU":247,"MANZ":6},"geometry":{"type":"Polygon","coordinates":[[[-58.1811179,-32.2450695],[-58.1806999,-32.2459953],[-58.1817738,-32.2463288],[-58.1821918,-32.245403],[-58.1811179,-32.2450695]]]}},{"type":"Feature","properties":{"ID":0,"NCM":"0100010112470007--","SEC":11,"GRU":247,"MANZ":7},"geometry":{"type":"Polygon","coordinates":[[[-58.1819478,-32.2465728],[-58.1815042,-32.2475552],[-58.1825622,-32.247931],[-58.1830178,-32.2469217],[-58.1819478,-32.2465728]]]}},{"type":"Feature","properties":{"ID":0,"NCM":"0100010112470008--","SEC":11,"GRU":247,"MANZ":8},"geometry":{"type":"Polygon","coordinates":[[[-58.1812755,-32.2474792],[-58.1816978,-32.2464971],[-58.1806239,-32.2461636],[-58.1802067,-32.2470875],[-58.1812755,-32.2474792]]]}},{"type":"Feature","properties":{"ID":0,"NCM":"0100010112680001--","SEC":11,"GRU":268,"MANZ":1},"geometry":{"type":"Polygon","coordinates":[[[-58.1740895,-32.2437156],[-58.1744642,-32.2429154],[-58.1726108,-32.2422839],[-58.1722236,-32.2430749],[-58.1740895,-32.2437156]]]}},{"type":"Feature","properties":{"ID":0,"NCM":"0100010123260020--","SEC":12,"GRU":326,"MANZ":20},"geometry":{"type":"Polygon","coordinates":[[[-58.1625746,-32.2317297],[-58.1623855,-32.2321266],[-58.1627515,-32.2322468],[-58.1629361,-32.2318484],[-58.1625746,-32.2317297]]]}},{"type":"Feature","properties":{"ID":0,"NCM":"0100010063300005--","SEC":6,"GRU":330,"MANZ":5},"geometry":{"type":"Polygon","coordinates":[[[-58.1686786,-32.2130815],[-58.1675865,-32.2127338],[-58.1672929,-32.2134225],[-58.1683713,-32.213767],[-58.1686786,-32.2130815]]]}},{"type":"Feature","properties":{"ID":0,"NCM":"0100010063300006--","SEC":6,"GRU":330,"MANZ":6},"geometry":{"type":"Polygon","coordinates":[[[-58.1682951,-32.2139371],[-58.1672204,-32.2135922],[-58.1668861,-32.2143737],[-58.1679462,-32.2147167],[-58.1682951,-32.2139371]]]}},{"type":"Feature","properties":{"ID":0,"NCM":"0100010112920001--","SEC":11,"GRU":292,"MANZ":1},"geometry":{"type":"Polygon","coordinates":[[[-58.1772501,-32.2287804],[-58.1768738,-32.2296064],[-58.1774276,-32.2297887],[-58.1778054,-32.2289594],[-58.1772501,-32.2287804]]]}},{"type":"Feature","properties":{"ID":0,"NCM":"0100011010230304--","SEC":101,"GRU":23,"MANZ":304},"geometry":{"type":"Polygon","coordinates":[[[-58.1604255,-32.2273171],[-58.1598178,-32.2279157],[-58.1601961,-32.2281839],[-58.1605588,-32.2274116],[-58.1604255,-32.2273171]]]}},{"type":"Feature","properties":{"ID":0,"NCM":"0100010170010001--","SEC":17,"GRU":1,"MANZ":1},"geometry":{"type":"Polygon","coordinates":[[[-58.1569839,-32.2620941],[-58.1568241,-32.2606469],[-58.1576383,-32.2605669],[-58.1574798,-32.2591672],[-58.1565373,-32.2593201],[-58.1566174,-32.2604511],[-58.1569839,-32.2620941]]]}},{"type":"Feature","properties":{"ID":0,"NCM":"0100010170010002--","SEC":17,"GRU":1,"MANZ":2},"geometry":{"type":"Polygon","coordinates":[[[-58.1580485,-32.261797],[-58.1578978,-32.2606891],[-58.1578335,-32.2606443],[-58.157758,-32.2607366],[-58.1570592,-32.2608052],[-58.1572054,-32.2618798],[-58.1580485,-32.261797]]]}},{"type":"Feature","properties":{"ID":0,"NCM":"0100010170010003--","SEC":17,"GRU":1,"MANZ":3},"geometry":{"type":"Polygon","coordinates":[[[-58.1580729,-32.2619761],[-58.1572297,-32.2620589],[-58.1575394,-32.2632843],[-58.1582333,-32.2631552],[-58.1580729,-32.2619761]]]}},{"type":"Feature","properties":{"ID":0,"NCM":"0100010170010004--","SEC":17,"GRU":1,"MANZ":4},"geometry":{"type":"Polygon","coordinates":[[[-58.1574439,-32.264156],[-58.1588145,-32.2633541],[-58.1586402,-32.2618432],[-58.1582734,-32.26188],[-58.158466,-32.2632955],[-58.1573765,-32.2634983],[-58.1569839,-32.2620941],[-58.1574439,-32.264156]]]}},{"type":"Feature","properties":{"ID":0,"NCM":"0100010170010005--","SEC":17,"GRU":1,"MANZ":5},"geometry":{"type":"Polygon","coordinates":[[[-58.1586195,-32.2616638],[-58.1584373,-32.260084],[-58.1580133,-32.2601193],[-58.1578966,-32.259099],[-58.1576876,-32.2591335],[-58.1578337,-32.2604103],[-58.1580986,-32.2605951],[-58.158249,-32.2617009],[-58.1586195,-32.2616638]]]}},{"type":"Feature","properties":{"ID":0,"NCM":"0100011010360329--","SEC":101,"GRU":36,"MANZ":329},"geometry":{"type":"Polygon","coordinates":[[[-58.1620086,-32.2244286],[-58.1621663,-32.2240634],[-58.1619033,-32.224353],[-58.1620086,-32.2244286]]]}},{"type":"Feature","properties":{"ID":0,"NCM":"0100011010370357--","SEC":101,"GRU":37,"MANZ":357},"geometry":{"type":"Polygon","coordinates":[[[-58.1629269,-32.2224001],[-58.1626856,-32.2223968],[-58.1628669,-32.2225272],[-58.1629269,-32.2224001]]]}},{"type":"Feature","properties":{"ID":0,"NCM":"0100010112710001--","SEC":11,"GRU":271,"MANZ":1},"geometry":{"type":"Polygon","coordinates":[[[-58.1816464,-32.2278723],[-58.1812568,-32.2287051],[-58.1817125,-32.2288583],[-58.1821053,-32.2280136],[-58.1816464,-32.2278723]]]}},{"type":"Feature","properties":{"ID":0,"NCM":"0100010112710002--","SEC":11,"GRU":271,"MANZ":2},"geometry":{"type":"Polygon","coordinates":[[[-58.1810357,-32.2276842],[-58.180653,-32.2285021],[-58.1811088,-32.2286553],[-58.1814968,-32.2278262],[-58.1810357,-32.2276842]]]}},{"type":"Feature","properties":{"ID":0,"NCM":"0100011020530417--","SEC":102,"GRU":53,"MANZ":417},"geometry":{"type":"Polygon","coordinates":[[[-58.1436821,-32.236768],[-58.1443976,-32.2372615],[-58.1446564,-32.2370048],[-58.14394,-32.2365106],[-58.1436821,-32.236768]]]}},{"type":"Feature","properties":{"ID":0,"NCM":"0100010112920002--","SEC":11,"GRU":292,"MANZ":2},"geometry":{"type":"Polygon","coordinates":[[[-58.1767957,-32.2297778],[-58.1764184,-32.2306058],[-58.1769722,-32.2307881],[-58.177351,-32.2299568],[-58.1767957,-32.2297778]]]}},{"type":"Feature","properties":{"ID":0,"NCM":"0100010112920003--","SEC":11,"GRU":292,"MANZ":3},"geometry":{"type":"Polygon","coordinates":[[[-58.1775002,-32.2300036],[-58.1771206,-32.2308369],[-58.1776743,-32.2310192],[-58.1780531,-32.2301879],[-58.1775002,-32.2300036]]]}},{"type":"Feature","properties":{"ID":0,"NCM":"0100010111920004--","SEC":11,"GRU":192,"MANZ":4},"geometry":{"type":"Polygon","coordinates":[[[-58.1779541,-32.2290074],[-58.1775769,-32.2298355],[-58.1781297,-32.2300198],[-58.1785095,-32.2291863],[-58.1779541,-32.2290074]]]}},{"type":"Feature","properties":{"ID":0,"NCM":"0100011020520442--","SEC":102,"GRU":52,"MANZ":442},"geometry":{"type":"Polygon","coordinates":[[[-58.141985,-32.2370507],[-58.1417385,-32.2373162],[-58.1424539,-32.2378053],[-58.1426973,-32.2375435],[-58.141985,-32.2370507]]]}},{"type":"Feature","properties":{"ID":0,"NCM":"0100011020520442--","SEC":102,"GRU":52,"MANZ":442},"geometry":{"type":"Polygon","coordinates":[[[-58.1416564,-32.2374046],[-58.1414148,-32.2376649],[-58.1421284,-32.2381555],[-58.1423717,-32.2378938],[-58.1416564,-32.2374046]]]}},{"type":"Feature","properties":{"ID":0,"NCM":"0100011020530443--","SEC":102,"GRU":53,"MANZ":443},"geometry":{"type":"Polygon","coordinates":[[[-58.1433918,-32.2367891],[-58.1426797,-32.236296],[-58.1424328,-32.2365548],[-58.1431452,-32.2370481],[-58.1433918,-32.2367891]]]}},{"type":"Feature","properties":{"ID":0,"NCM":"0100011020530443--","SEC":102,"GRU":53,"MANZ":443},"geometry":{"type":"Polygon","coordinates":[[[-58.1430616,-32.2371353],[-58.1423495,-32.2366422],[-58.1421,-32.2369037],[-58.1428122,-32.237389],[-58.1428182,-32.2373933],[-58.1430616,-32.2371353]]]}},{"type":"Feature","properties":{"ID":0,"NCM":"0100010052740003--","SEC":5,"GRU":274,"MANZ":3},"geometry":{"type":"Polygon","coordinates":[[[-58.1875536,-32.2166558],[-58.1871297,-32.2175943],[-58.1881902,-32.2179447],[-58.1886141,-32.2170062],[-58.1875536,-32.2166558]]]}},{"type":"Feature","properties":{"ID":0,"NCM":"0100010000000772--","SEC":0,"GRU":0,"MANZ":772},"geometry":{"type":"Polygon","coordinates":[[[-58.1309446,-32.2266089],[-58.1301923,-32.2260611],[-58.1295968,-32.2266554],[-58.1303359,-32.2272025],[-58.1309446,-32.2266089]]]}},{"type":"Feature","properties":{"ID":0,"NCM":"0100010123260021--","SEC":12,"GRU":326,"MANZ":21},"geometry":{"type":"Polygon","coordinates":[[[-58.1627584,-32.2313306],[-58.1626152,-32.2316396],[-58.1629764,-32.2317621],[-58.1631198,-32.2314515],[-58.1627584,-32.2313306]]]}}]}