{"type":"FeatureCollection","features":[{"type":"Feature","properties":{},"geometry":{"type":"Polygon","coordinates":[[[-58.132891083936684,-32.2441939641559],[-58.13289113564123,-32.24419563821177],[-58.13289135882868,-32.244197302067626],[-58.13289175180047,-32.24419894306046],[-58.13289231156585,-32.24420054870136],[-58.13289303386466,-32.244202106770416],[-58.1328939131998,-32.24420360540978],[-58.132894942879,-32.24420503321387],[-58.13289611506576,-32.24420637931628],[-58.13289742083908,-32.24420763347235],[-58.1328988502612,-32.24420878613715],[-58.13290039245339,-32.24420982853823],[-58.13290203567857,-32.24421075274228],[-58.132903767430875,-32.24421155171553],[-58.13290557453057,-32.24421221937736],[-58.13290744322456,-32.24421275064638],[-58.13290935929093,-32.24421314147937],[-58.13291130814724,-32.24421338890181],[-58.13291327496154,-32.2442134910307],[-58.13291524476516,-32.24421344708877],[-58.13291720256667,-32.24421325741044],[-58.132919133466046,-32.24421292343925],[-58.13292102276796,-32.24421244771698],[-58.13292285609366,-32.24421183386409],[-58.132924619490446,-32.244211086552454],[-58.132926299537786,-32.24421021146952],[-58.13292788344949,-32.244209215275205],[-58.132929359171044,-32.24420810555116],[-58.13293071547132,-32.24420689074306],[-58.13293194202803,-32.244205580096335],[-58.13293302950638,-32.24420418358579],[-58.132933969629946,-32.24420271183973],[-58.13293475524389,-32.24420117605903],[-58.13293538036919,-32.24419958793191],[-58.13293584024825,-32.244197959544984],[-58.13293613138116,-32.24419630329126],[-58.13293625155221,-32.24419463177582],[-58.13293619984684,-32.24419295771991],[-58.13293597665857,-32.24419129386412],[-58.132935583686006,-32.24418965287139],[-58.13293502391992,-32.244188047230665],[-58.132934301620466,-32.24418648916182],[-58.13293342228481,-32.24418499052272],[-58.132932392605206,-32.24418356271891],[-58.13293122041815,-32.24418221661682],[-58.132929914644706,-32.24418096246111],[-58.132928485222585,-32.24417980979665],[-58.13292694303056,-32.24417876739591],[-58.13292529980566,-32.2441778431922],[-58.13292356805378,-32.24417704421925],[-58.13292176095462,-32.244176376557704],[-58.13291989226127,-32.2441758452889],[-58.13291797619563,-32.2441754544561],[-58.1329160273401,-32.244175207033784],[-58.13291406052662,-32.244175104904976],[-58.13291209072384,-32.24417514884692],[-58.13291013292313,-32.24417533852521],[-58.13290820202453,-32.244175672496276],[-58.13290631272334,-32.24417614821841],[-58.13290447939827,-32.24417676207107],[-58.132902716002,-32.244177509382446],[-58.13290103595508,-32.2441783844651],[-58.132899452043645,-32.24417938065908],[-58.13289797632221,-32.24418049038278],[-58.132896620021945,-32.24418170519053],[-58.13289539346506,-32.24418301583691],[-58.13289430598645,-32.24418441234711],[-58.13289336586246,-32.24418588409287],[-58.13289258024796,-32.244187419873306],[-58.13289195512204,-32.244189008000184],[-58.132891495242255,-32.24419063638692],[-58.13289120410856,-32.244192292640534],[-58.132891083936684,-32.2441939641559]]]}},{"type":"Feature","properties":{},"geometry":{"type":"Polygon","coordinates":[[[-58.16747564983139,-32.213382549547745],[-58.16747574202157,-32.213385497585776],[-58.16747613608801,-32.21338842757474],[-58.167476829031656,-32.21339131721568],[-58.16747781557879,-32.21339414451668],[-58.16747908822125,-32.21339688796023],[-58.16748063727345,-32.213399526667075],[-58.167482450946196,-32.213402040555074],[-58.16748451543637,-32.213404410491975],[-58.167486815031964,-32.213406618441155],[-58.16748933223166,-32.213408647598754],[-58.16749204787805,-32.213410482521645],[-58.16749494130345,-32.213412109244956],[-58.16749799048708,-32.21341351538831],[-58.167501172222835,-32.21341469025012],[-58.16750446229576,-32.21341562488895],[-58.16750783566638,-32.213416312191626],[-58.16751126666128,-32.213416746927386],[-58.16751472916852,-32.21341692578756],[-58.16751819683626,-32.21341684741098],[-58.16752164327346,-32.213416512394076],[-58.167525042250595,-32.21341592328658],[-58.16752836789939,-32.21341508457193],[-58.167531594909626,-32.213414002633264],[-58.16753469872176,-32.21341268570483],[-58.167537655713915,-32.2134111438092],[-58.16754044338156,-32.213409388681185],[-58.16754304050887,-32.213407433678356],[-58.1675454273301,-32.213405293679486],[-58.16754758568014,-32.21340298497127],[-58.16754949913264,-32.21340052512438],[-58.16755115312506,-32.21339793285975],[-58.16755253506955,-32.213395227906105],[-58.1675536344487,-32.21339243084975],[-58.16755444289558,-32.213389562978016],[-58.16755495425746,-32.21338664611714],[-58.16755516464259,-32.213383702466196],[-58.16755507244984,-32.21338075442813],[-58.16755467838088,-32.2133778244393],[-58.167553985434836,-32.2133749347987],[-58.16755299888548,-32.213372107498216],[-58.16755172624108,-32.21336936405534],[-58.16755017718724,-32.21336672534928],[-58.167548363513234,-32.213364211462206],[-58.1675462990222,-32.2133618415263],[-58.167543999426194,-32.21335963357816],[-58.16754148222652,-32.21335760442165],[-58.16753876658059,-32.21335576949982],[-58.16753587315612,-32.21335414277754],[-58.16753282397378,-32.213352736635144],[-58.16752964223971,-32.21335156177418],[-58.16752635216877,-32.21335062713608],[-58.16752297880036,-32.21334993983397],[-58.16751954780789,-32.21334950509864],[-58.167516085303184,-32.21334932623868],[-58.16751261763801,-32.21334940461531],[-58.16750917120335,-32.21334973963204],[-58.1675057722286,-32.2133503287392],[-58.16750244658201,-32.21335116745334],[-58.16749921957374,-32.21335224939132],[-58.167496115763235,-32.21335356631898],[-58.16749315877235,-32.21335510821369],[-58.16749037110555,-32.21335686334071],[-58.16748777397868,-32.21335881834246],[-58.167485387157406,-32.213360958340274],[-58.167483228806894,-32.213363267047406],[-58.16748131535349,-32.21336572689328],[-58.16747966135977,-32.213368319156956],[-58.16747827941361,-32.213371024109755],[-58.16747718003248,-32.21337382116537],[-58.167476371583355,-32.21337668903654],[-58.16747586021905,-32.21337960589702],[-58.16747564983139,-32.213382549547745]]]}},{"type":"Feature","properties":{},"geometry":{"type":"Polygon","coordinates":[[[-58.14395771323386,-32.20909747271941],[-58.14395791338087,-32.20910392597398],[-58.14395877430983,-32.20911033984126],[-58.14396028946866,-32.20911666550785],[-58.14396244732624,-32.20912285483157],[-58.14396523146007,-32.20912886070794],[-58.14396862068134,-32.20913463742855],[-58.14397258919612,-32.20914014102901],[-58.14397710680165,-32.20914532962356],[-58.14398213911631,-32.209150163723834],[-58.14398764784115,-32.209154606539336],[-58.14399359105144,-32.209158624257476],[-58.143999923515764,-32.209162186300965],[-58.144006597040175,-32.20916526556043],[-58.14401356083503,-32.2091678386008],[-58.14402076190162,-32.209169885839636],[-58.144028145435314,-32.20917139169618],[-58.144035655242845,-32.20917234470991],[-58.144043234169935,-32.2091727376278],[-58.144050824536215,-32.209172567459504],[-58.14405836857429,-32.2091718355001],[-58.144065808869314,-32.20917054732024],[-58.144073088796056,-32.20916871272376],[-58.14408015294972,-32.20916634567312],[-58.14408694756774,-32.20916346418299],[-58.14409342093888,-32.209160090183325],[-58.144099523796804,-32.209156249352326],[-58.14410520969505,-32.209151970921106],[-58.144110435360446,-32.20914728745116],[-58.14411516102256,-32.20914223458661],[-58.144119350716224,-32.209136850782826],[-58.144122972555444,-32.20913117701387],[-58.14412599897589,-32.20912525646061],[-58.14412840694473,-32.20911913418208],[-58.144130178136024,-32.20911285677255],[-58.14413129907003,-32.20910647200692],[-58.144131761215924,-32.20910002847715],[-58.14413156105661,-32.20909357522239],[-58.14413070011555,-32.209087161355825],[-58.1441291849452,-32.209080835690834],[-58.14412702707702,-32.209074646369544],[-58.14412424293381,-32.20906864049636],[-58.144120853704734,-32.2090628637796],[-58.14411688518391,-32.209057360183515],[-58.14411236757426,-32.20905217159377],[-58.14410733525758,-32.209047337498546],[-58.14410182653285,-32.209042894688224],[-58.14409588332481,-32.20903887697519],[-58.14408955086479,-32.20903531493663],[-58.14408287734664,-32.20903223568174],[-58.14407591355976,-32.20902966264546],[-58.14406871250268,-32.209027615410086],[-58.14406132897972,-32.20902610955629],[-58.14405381918377,-32.2090251565445],[-58.14404624026882,-32.20902476362769],[-58.14403864991483,-32.20902493379617],[-58.144031105888864,-32.20902566575486],[-58.14402366560535,-32.209026953933126],[-58.14401638568923,-32.209028788527164],[-58.144009321544914,-32.20903115557463],[-58.14400252693471,-32.20903403706091],[-58.14399605356963,-32.20903741105621],[-58.14398995071581,-32.2090412518824],[-58.1439842648196,-32.20904553030856],[-58.14397903915408,-32.20905021377333],[-58.14397431348973,-32.20905526663275],[-58.14397012379174,-32.20906065043163],[-58.14396650194629,-32.209066324196],[-58.14396347551785,-32.20907224474519],[-58.14396106753949,-32.20907836702025],[-58.143959296337485,-32.209084644427044],[-58.14395817539188,-32.209091029190716],[-58.14395771323386,-32.20909747271941]]]}},{"type":"Feature","properties":{},"geometry":{"type":"Polygon","coordinates":[[[-58.155990733550354,-32.26637168377525],[-58.155990873736265,-32.26637618636123],[-58.1559914752569,-32.26638066143248],[-58.15599253353442,-32.26638507493101],[-58.155994040514756,-32.2663893932674],[-58.15599598472891,-32.266393583576516],[-58.155998351380326,-32.26639761396754],[-58.15600112245737,-32.26640145376675],[-58.15600427687054,-32.26640507375091],[-58.15600779061284,-32.26640844636977],[-58.15601163694259,-32.266411545955606],[-58.156015786586885,-32.26641434891866],[-58.156020207964445,-32.26641683392668],[-58.156024867425856,-32.26641898206725],[-58.156029729509804,-32.266420776991644],[-58.156034757212836,-32.26642220503942],[-58.15603991227104,-32.26642325534225],[-58.15604515545123,-32.26642391990666],[-58.156050446849626,-32.26642419367492],[-58.156055746195364,-32.266424074563474],[-58.156061013157206,-32.26642356347884],[-58.1560662076503,-32.26642266431066],[-58.15607129014135,-32.26642138390218],[-58.156076221949476,-32.26641973199811],[-58.156080965540596,-32.2664177211704],[-58.156085484813055,-32.266415366722754],[-58.156089745372455,-32.26641268657391],[-58.15609371479332,-32.26640970112147],[-58.156097362865964,-32.26640643308656],[-58.156100661826336,-32.266402907340925],[-58.15610358656737,-32.266399150717625],[-58.15610611483007,-32.2663951918069],[-58.15610822737284,-32.26639106073842],[-58.15610990811802,-32.26638678895219],[-58.156111144274135,-32.266382408959075],[-58.15611192643339,-32.266377954093464],[-58.15611224864313,-32.266373458259636],[-58.15611210845123,-32.26636895567356],[-58.15611150692468,-32.266364480602654],[-58.15611044864155,-32.26636006710492],[-58.156108941656036,-32.2663557487697],[-58.1561069974373,-32.26635155846215],[-58.15610463078207,-32.26634752807299],[-58.15610185970207,-32.26634368827594],[-58.156098705286915,-32.266340068294106],[-58.15609519154363,-32.26633669567773],[-58.156091345213945,-32.26633359609441],[-58.15608719557072,-32.26633079313385],[-58.15608277419529,-32.26632830812822],[-58.156078114736914,-32.2663261599899],[-58.15607325265688,-32.26632436506748],[-58.1560682249585,-32.26632293702141],[-58.15606306990553,-32.26632188671992],[-58.15605782673098,-32.26632122215645],[-58.15605253533853,-32.26632094838872],[-58.156047235998784,-32.26632106750026],[-58.15604196904285,-32.26632157858454],[-58.156036774555375,-32.26632247775193],[-58.156031692069504,-32.26632375815921],[-58.15602676026596,-32.26632541006174],[-58.156022016678655,-32.266327420887556],[-58.156017497409145,-32.26632977533306],[-58.156013236851756,-32.26633245547957],[-58.156009267431855,-32.266335440929545],[-58.156005619359156,-32.26633870896193],[-58.15600232039768,-32.26634223470507],[-58.155999395654526,-32.26634599132597],[-58.15599686738879,-32.266349950234485],[-58.155994754842105,-32.26635408130095],[-58.155993074092294,-32.266358353085494],[-58.155991837930955,-32.26636273307729],[-58.15599105576604,-32.26636718794193],[-58.155990733550354,-32.26637168377525]]]}},{"type":"Feature","properties":{},"geometry":{"type":"Polygon","coordinates":[[[-58.1555042652128,-32.26636457870872],[-58.155504405374636,-32.26636908129435],[-58.15550500687124,-32.26637355636706],[-58.15550606512491,-32.2663779698688],[-58.155507572081795,-32.266382288210146],[-58.15550951627308,-32.26638647852593],[-58.155511882902346,-32.2663905089253],[-58.15551465395814,-32.26639434873442],[-58.15551780835112,-32.26639796873003],[-58.15552132207446,-32.26640134136176],[-58.15552516838662,-32.26640444096179],[-58.155529318014835,-32.26640724394028],[-58.155533739377915,-32.26640972896485],[-58.15553839882661,-32.26641187712294],[-58.155543260899634,-32.26641367206571],[-58.15554828859366,-32.26641510013258],[-58.15555344364484,-32.26641615045504],[-58.15555868682006,-32.26641681503951],[-58.15556397821554,-32.266417088828106],[-58.15556927756046,-32.26641696973709],[-58.155574544523596,-32.266416458672836],[-58.155579739020055,-32.26641555952484],[-58.15558482151654,-32.26641427913619],[-58.15558975333212,-32.266412627251434],[-58.15559449693268,-32.26641061644239],[-58.15559901621645,-32.2664082620126],[-58.15560327678898,-32.266405581880704],[-58.15560724622468,-32.26640259644413],[-58.15561089431376,-32.26639932842391],[-58.15561419329203,-32.26639580269166],[-58.15561711805232,-32.266392046080355],[-58.15561964633544,-32.266388087180125],[-58.15562175889967,-32.2663839561206],[-58.155623439667174,-32.26637968434168],[-58.155624675846326,-32.26637530435418],[-58.155625458029135,-32.26637084949246],[-58.15562578026278,-32.26636635366075],[-58.155625640094925,-32.266361851075004],[-58.155625038592405,-32.26635737600266],[-58.15562398033311,-32.2663529625017],[-58.15562247337105,-32.266348644161525],[-58.155620529175195,-32.26634445384732],[-58.155618162542126,-32.266340423449826],[-58.155615391483366,-32.26633658364285],[-58.15561223708839,-32.26633296364957],[-58.15560872336407,-32.26632959102032],[-58.15560487705195,-32.2663264914228],[-58.15560072742484,-32.26632368844678],[-58.15559630606386,-32.26632120342463],[-58.15559164661825,-32.266319055268795],[-58.155586784549115,-32.26631726032801],[-58.15558175685973,-32.26631583226283],[-58.15557660181378,-32.266314781941695],[-58.15557135864421,-32.26631411735817],[-58.15556606725467,-32.26631384357011],[-58.15556076791575,-32.26631396266121],[-58.15555550095852,-32.266314473725124],[-58.15555030646768,-32.26631537287233],[-58.15554522397637,-32.266316653259786],[-58.15554029216536,-32.266318305143],[-58.155535548568636,-32.26632031595015],[-58.1555310292878,-32.2663226703778],[-58.15552676871728,-32.26632535050737],[-58.15552279928255,-32.26632833594147],[-58.15551915119343,-32.266331603959166],[-58.15551585221405,-32.266335129688926],[-58.15551292745165,-32.26633888629782],[-58.15551039916548,-32.26634284519583],[-58.155508286597346,-32.266346976253345],[-58.155506605825195,-32.26635124803059],[-58.15550536964083,-32.266355628016754],[-58.15550458745235,-32.26636008287752],[-58.1555042652128,-32.26636457870872]]]}},{"type":"Feature","properties":{},"geometry":{"type":"Polygon","coordinates":[[[-58.13557698605632,-32.21573152400928],[-58.13557719509152,-32.21573828418042],[-58.135578096388876,-32.21574500313887],[-58.13557968308911,-32.21575162974938],[-58.13558194311663,-32.215758113579305],[-58.135584859271376,-32.215764405282854],[-58.1355884093598,-32.215770456976244],[-58.135592566363634,-32.21577622260244],[-58.13559729864568,-32.21578165828147],[-58.13560257019048,-32.21578672264448],[-58.13560834087836,-32.21579137714856],[-58.13561456679097,-32.21579558637003],[-58.13562120054528,-32.21579931827414],[-58.135628191654384,-32.215802544458754],[-58.135635486911625,-32.215805240370614],[-58.13564303079561,-32.21580738549215],[-58.13565076589269,-32.21580896349765],[-58.13565863333398,-32.21580996237753],[-58.13566657324335,-32.21581037452964],[-58.13567452519317,-32.21581019681727],[-58.135682428664104,-32.21580943059292],[-58.13569022350585,-32.21580808168801],[-58.1356978503948,-32.21580616036855],[-58.135705251285586,-32.215803681256986],[-58.135712369852826,-32.21580066322086],[-58.13571915191987,-32.215797129229315],[-58.13572554587098,-32.21579310617823],[-58.13573150304431,-32.215788624685494],[-58.13573697810212,-32.215783718858034],[-58.135741929375925,-32.21577842603225],[-58.13574631918358,-32.21577278648977],[-58.135750114116036,-32.215766843151016],[-58.13575328529163,-32.2157606412484],[-58.13575580857594,-32.215754227982224],[-58.13575766476534,-32.21574765216135],[-58.135758839733256,-32.21574096383179],[-58.13575932453761,-32.21573421389579],[-58.13575911548889,-32.21572745372446],[-58.13575821417827,-32.21572073476676],[-58.13575662746537,-32.21571410815803],[-58.135754367426216,-32.21570762433076],[-58.135751451261186,-32.215701332630715],[-58.13574790116419,-32.215695280941524],[-58.135743744153686,-32.21568951532014],[-58.13573901186714,-32.21568407964637],[-58.13573374032011,-32.215679015288906],[-58.135727969632335,-32.21567436079051],[-58.135721743722215,-32.21567015157468],[-58.13571510997263,-32.21566641967597],[-58.135708118870376,-32.21566319349638],[-58.1357008236219,-32.215660497589006],[-58.13569327974834,-32.21565835247126],[-58.135685544663026,-32.21565677446877],[-58.13567767723447,-32.21565577559103],[-58.13566973733841,-32.21565536344009],[-58.135661785402114,-32.215655541152685],[-58.13565388194445,-32.21565630737625],[-58.135646087115376,-32.21565765627941],[-58.13563846023804,-32.215659577596206],[-58.13563105935754,-32.215662056704296],[-58.13562394079888,-32.2156650747362],[-58.13561715873849,-32.215668608722915],[-58.135610764791885,-32.21567263176873],[-58.13560480762079,-32.21567711325592],[-58.135599332562855,-32.21568201907771],[-58.135594381286595,-32.215687311897874],[-58.13558999147422,-32.215692951434946],[-58.13558619653491,-32.2156988947687],[-58.135583025350535,-32.21570509666683],[-58.135580502055795,-32.21571150992919],[-58.13557864585465,-32.21571808574704],[-58.135577470874,-32.21572477407449],[-58.13557698605632,-32.21573152400928]]]}},{"type":"Feature","properties":{},"geometry":{"type":"Polygon","coordinates":[[[-58.15872780326617,-32.23054948915211],[-58.1587278277719,-32.23055027529266],[-58.158727932793305,-32.2305510566263],[-58.15872811753114,-32.23055182720658],[-58.158728380579426,-32.23055258116894],[-58.15872871993624,-32.23055331277529],[-58.15872913301881,-32.23055401645762],[-58.15872961668339,-32.23055468686051],[-58.15873016724897,-32.23055531888179],[-58.15873078052543,-32.230555907711384],[-58.15873145184535,-32.230556448867965],[-58.15873217609958,-32.23055693823295],[-58.15873294777613,-32.230557372082025],[-58.15873376100207,-32.23055774711332],[-58.15873460958823,-32.23055806047263],[-58.15873548707637,-32.230558309775105],[-58.1587363867883,-32.230558493123354],[-58.158737301876634,-32.230558609122035],[-58.15873822537701,-32.23055865688831],[-58.15873915026101,-32.23055863605866],[-58.15874006948974,-32.230558546791606],[-58.1587409760673,-32.230558389766514],[-58.158741863094086,-32.23055816617846],[-58.15874272381926,-32.23055787772904],[-58.15874355169222,-32.230557526613595],[-58.158744340412326,-32.23055711550426],[-58.15874508397695,-32.230556647529895],[-58.15874577672714,-32.230556126252],[-58.15874641339061,-32.23055555563785],[-58.15874698912197,-32.23055494003017],[-58.15874749953957,-32.2305542841141],[-58.15874794075884,-32.230553592881556],[-58.15874830942181,-32.230552871593225],[-58.15874860272274,-32.23055212573856],[-58.15874881842942,-32.23055136099398],[-58.15874895490024,-32.2305505831796],[-58.15874901109653,-32.23054979821513],[-58.15874898659062,-32.23054901207458],[-58.15874888156903,-32.230548230740965],[-58.158748696831026,-32.23054746016069],[-58.15874843378258,-32.23054670619837],[-58.15874809442564,-32.2305459745921],[-58.158747681342945,-32.23054527090981],[-58.15874719767827,-32.23054460050697],[-58.15874664711265,-32.23054396848577],[-58.15874603383617,-32.23054337965626],[-58.158745362516235,-32.230542838499765],[-58.15874463826203,-32.23054234913483],[-58.158743866585546,-32.230541915285826],[-58.15874305335972,-32.230541540254606],[-58.158742204773674,-32.230541226895355],[-58.15874132728566,-32.23054097759295],[-58.1587404275739,-32.230540794244725],[-58.15873951248574,-32.23054067824607],[-58.15873858898554,-32.23054063047981],[-58.158737664101714,-32.230540651309475],[-58.15873674487317,-32.230540740576515],[-58.158735838295776,-32.23054089760158],[-58.15873495126915,-32.23054112118962],[-58.15873409054412,-32.230541409638974],[-58.15873326267127,-32.23054176075436],[-58.158732473951254,-32.230542171863625],[-58.15873173038669,-32.23054263983793],[-58.158731037636535,-32.23054316111575],[-58.15873040097306,-32.2305437317298],[-58.158729825241664,-32.23054434733741],[-58.158729314823994,-32.23054500325341],[-58.15872887360465,-32.230545694485905],[-58.15872850494156,-32.230546415774164],[-58.15872821164049,-32.23054716162877],[-58.158727995933624,-32.230547926373326],[-58.15872785946265,-32.230548704187655],[-58.15872780326617,-32.23054948915211]]]}},{"type":"Feature","properties":{},"geometry":{"type":"Polygon","coordinates":[[[-58.16124819193535,-32.23056275381053],[-58.16124819929359,-32.2305629896528],[-58.16124823080652,-32.23056322405251],[-58.16124828623432,-32.23056345522571],[-58.16124836515514,-32.23056368141308],[-58.161248466968374,-32.23056390089318],[-58.161248590899106,-32.23056411199562],[-58.16124873600419,-32.230564313113796],[-58.161248901179285,-32.23056450271708],[-58.1612490851673,-32.23056467936246],[-58.16124928656797,-32.23056484170559],[-58.16124950384854,-32.230564988510906],[-58.16124973535535,-32.23056511866114],[-58.1612499793265,-32.2305652311658],[-58.16125023390522,-32.23056532516861],[-58.161250497154015,-32.23056539995417],[-58.1612507670694,-32.230565454953336],[-58.161251041597154,-32.23056548974752],[-58.16125131864796,-32.2305655040719],[-58.16125159611329,-32.23056549781747],[-58.161251871881475,-32.23056547103186],[-58.16125214385374,-32.230565423918854],[-58.16125240996021,-32.230565356837104],[-58.161252668175685,-32.230565270297056],[-58.16125291653493,-32.23056516495736],[-58.16125315314785,-32.23056504161975],[-58.161253376213615,-32.23056490122287],[-58.16125358403458,-32.230564744835206],[-58.161253775029145,-32.230564573647015],[-58.16125394774368,-32.23056438896108],[-58.16125410086373,-32.23056419218303],[-58.16125423322396,-32.23056398481044],[-58.161254343817035,-32.23056376842152],[-58.16125443180127,-32.23056354466314],[-58.16125449650705,-32.23056331523826],[-58.16125453744194,-32.230563081892896],[-58.161254554294366,-32.23056284640298],[-58.16125454693613,-32.230562610560725],[-58.16125451542317,-32.230562376161046],[-58.16125445999536,-32.23056214498781],[-58.16125438107453,-32.23056191880046],[-58.16125427926129,-32.230561699320376],[-58.16125415533053,-32.23056148821792],[-58.161254010225434,-32.230561287099746],[-58.16125384505034,-32.23056109749648],[-58.161253661062325,-32.2305609208511],[-58.16125345966165,-32.23056075850799],[-58.16125324238111,-32.23056061170268],[-58.16125301087429,-32.23056048155244],[-58.16125276690314,-32.23056036904781],[-58.16125251232443,-32.23056027504499],[-58.16125224907566,-32.23056020025942],[-58.16125197916028,-32.23056014526026],[-58.161251704632555,-32.23056011046609],[-58.16125142758175,-32.23056009614171],[-58.161251150116435,-32.23056010239612],[-58.16125087434826,-32.23056012918177],[-58.161250602376015,-32.23056017629474],[-58.16125033626955,-32.23056024337651],[-58.161250078054124,-32.23056032991656],[-58.16124982969486,-32.23056043525622],[-58.161249593081976,-32.23056055859385],[-58.1612493700162,-32.23056069899072],[-58.16124916219522,-32.23056085537838],[-58.16124897120066,-32.23056102656657],[-58.161248798486135,-32.23056121125248],[-58.16124864536608,-32.230561408030525],[-58.161248513005845,-32.23056161540313],[-58.16124840241275,-32.23056183179203],[-58.1612483144285,-32.230562055550386],[-58.16124824972272,-32.23056228497528],[-58.161248208787796,-32.230562518320625],[-58.16124819193535,-32.23056275381053]]]}},{"type":"Feature","properties":{},"geometry":{"type":"Polygon","coordinates":[[[-58.16118108358421,-32.230547759772804],[-58.16118109584765,-32.230548152843234],[-58.161181148368904,-32.23054854350941],[-58.16118124074829,-32.23054892879814],[-58.16118137228269,-32.23054930577713],[-58.16118154197108,-32.23054967157738],[-58.161181748522026,-32.230550023414885],[-58.16118199036355,-32.23055035861197],[-58.16118226565509,-32.230550674617575],[-58.16118257230153,-32.23055096902668],[-58.161182907969064,-32.230551239598746],[-58.1611832701031,-32.230551484274436],[-58.16118365594755,-32.23055170119171],[-58.16118406256592,-32.23055188869966],[-58.161184486863604,-32.230552045371226],[-58.16118492561143,-32.230552170014064],[-58.161185375470254,-32.23055226167958],[-58.16118583301642,-32.230552319670096],[-58.16118629476765,-32.23055234354432],[-58.16118675720982,-32.23055233312051],[-58.16118721682341,-32.23055228847803],[-58.1611876701105,-32.230552209956606],[-58.16118811362129,-32.23055209815388],[-58.161188543980415,-32.230551953920695],[-58.161188957912564,-32.23055177835479],[-58.16118935226746,-32.23055157279229],[-58.16118972404387,-32.23055133879767],[-58.161190070412296,-32.23055107815175],[-58.16119038873667,-32.23055079283826],[-58.161190676594394,-32.23055048502854],[-58.16119093179463,-32.23055015706524],[-58.16119115239523,-32.23054981144434],[-58.161191336717216,-32.23054945079625],[-58.16119148335785,-32.23054907786574],[-58.16119159120105,-32.23054869549099],[-58.161191659426116,-32.230548306582094],[-58.161191687513785,-32.23054791409893],[-58.16119167525031,-32.230547521028505],[-58.16119162272899,-32.23054713036232],[-58.161191530349576,-32.230546745073596],[-58.16119139881514,-32.230546368094586],[-58.161191229126715,-32.23054600229439],[-58.16119102257573,-32.2305456504569],[-58.16119078073419,-32.23054531525982],[-58.16119050544264,-32.23054499925424],[-58.161190198796184,-32.23054470484512],[-58.161189863128655,-32.230544434273106],[-58.161189500994624,-32.23054418959741],[-58.161189115150194,-32.23054397268018],[-58.161188708531846,-32.230543785172244],[-58.161188284234186,-32.23054362850069],[-58.1611878454864,-32.23054350385784],[-58.1611873956276,-32.23054341219237],[-58.1611869380815,-32.23054335420185],[-58.16118647633029,-32.23054333032765],[-58.16118601388819,-32.230543340751446],[-58.16118555427464,-32.23054338539393],[-58.161185100987595,-32.23054346391531],[-58.161184657476845,-32.23054357571806],[-58.161184227117744,-32.230543719951214],[-58.16118381318562,-32.23054389551712],[-58.16118341883074,-32.23054410107959],[-58.161183047054365,-32.2305443350742],[-58.161182700685956,-32.23054459572009],[-58.16118238236155,-32.23054488103358],[-58.161182094503836,-32.23054518884329],[-58.161181839303566,-32.23054551680655],[-58.16118161870297,-32.23054586242743],[-58.16118143438093,-32.2305462230755],[-58.161181287740284,-32.230546596006015],[-58.161181179897014,-32.230546978380765],[-58.16118111167193,-32.230547367289645],[-58.16118108358421,-32.230547759772804]]]}},{"type":"Feature","properties":{},"geometry":{"type":"Polygon","coordinates":[[[-58.15872780326617,-32.23054948915211],[-58.1587278277719,-32.23055027529266],[-58.158727932793305,-32.2305510566263],[-58.15872811753114,-32.23055182720658],[-58.158728380579426,-32.23055258116894],[-58.15872871993624,-32.23055331277529],[-58.15872913301881,-32.23055401645762],[-58.15872961668339,-32.23055468686051],[-58.15873016724897,-32.23055531888179],[-58.15873078052543,-32.230555907711384],[-58.15873145184535,-32.230556448867965],[-58.15873217609958,-32.23055693823295],[-58.15873294777613,-32.230557372082025],[-58.15873376100207,-32.23055774711332],[-58.15873460958823,-32.23055806047263],[-58.15873548707637,-32.230558309775105],[-58.1587363867883,-32.230558493123354],[-58.158737301876634,-32.230558609122035],[-58.15873822537701,-32.23055865688831],[-58.15873915026101,-32.23055863605866],[-58.15874006948974,-32.230558546791606],[-58.1587409760673,-32.230558389766514],[-58.158741863094086,-32.23055816617846],[-58.15874272381926,-32.23055787772904],[-58.15874355169222,-32.230557526613595],[-58.158744340412326,-32.23055711550426],[-58.15874508397695,-32.230556647529895],[-58.15874577672714,-32.230556126252],[-58.15874641339061,-32.23055555563785],[-58.15874698912197,-32.23055494003017],[-58.15874749953957,-32.2305542841141],[-58.15874794075884,-32.230553592881556],[-58.15874830942181,-32.230552871593225],[-58.15874860272274,-32.23055212573856],[-58.15874881842942,-32.23055136099398],[-58.15874895490024,-32.2305505831796],[-58.15874901109653,-32.23054979821513],[-58.15874898659062,-32.23054901207458],[-58.15874888156903,-32.230548230740965],[-58.158748696831026,-32.23054746016069],[-58.15874843378258,-32.23054670619837],[-58.15874809442564,-32.2305459745921],[-58.158747681342945,-32.23054527090981],[-58.15874719767827,-32.23054460050697],[-58.15874664711265,-32.23054396848577],[-58.15874603383617,-32.23054337965626],[-58.158745362516235,-32.230542838499765],[-58.15874463826203,-32.23054234913483],[-58.158743866585546,-32.230541915285826],[-58.15874305335972,-32.230541540254606],[-58.158742204773674,-32.230541226895355],[-58.15874132728566,-32.23054097759295],[-58.1587404275739,-32.230540794244725],[-58.15873951248574,-32.23054067824607],[-58.15873858898554,-32.23054063047981],[-58.158737664101714,-32.230540651309475],[-58.15873674487317,-32.230540740576515],[-58.158735838295776,-32.23054089760158],[-58.15873495126915,-32.23054112118962],[-58.15873409054412,-32.230541409638974],[-58.15873326267127,-32.23054176075436],[-58.158732473951254,-32.230542171863625],[-58.15873173038669,-32.23054263983793],[-58.158731037636535,-32.23054316111575],[-58.15873040097306,-32.2305437317298],[-58.158729825241664,-32.23054434733741],[-58.158729314823994,-32.23054500325341],[-58.15872887360465,-32.230545694485905],[-58.15872850494156,-32.230546415774164],[-58.15872821164049,-32.23054716162877],[-58.158727995933624,-32.230547926373326],[-58.15872785946265,-32.230548704187655],[-58.15872780326617,-32.23054948915211]]]}},{"type":"Feature","properties":{},"geometry":{"type":"Polygon","coordinates":[[[-58.16124819193535,-32.23056275381053],[-58.16124819929359,-32.2305629896528],[-58.16124823080652,-32.23056322405251],[-58.16124828623432,-32.23056345522571],[-58.16124836515514,-32.23056368141308],[-58.161248466968374,-32.23056390089318],[-58.161248590899106,-32.23056411199562],[-58.16124873600419,-32.230564313113796],[-58.161248901179285,-32.23056450271708],[-58.1612490851673,-32.23056467936246],[-58.16124928656797,-32.23056484170559],[-58.16124950384854,-32.230564988510906],[-58.16124973535535,-32.23056511866114],[-58.1612499793265,-32.2305652311658],[-58.16125023390522,-32.23056532516861],[-58.161250497154015,-32.23056539995417],[-58.1612507670694,-32.230565454953336],[-58.161251041597154,-32.23056548974752],[-58.16125131864796,-32.2305655040719],[-58.16125159611329,-32.23056549781747],[-58.161251871881475,-32.23056547103186],[-58.16125214385374,-32.230565423918854],[-58.16125240996021,-32.230565356837104],[-58.161252668175685,-32.230565270297056],[-58.16125291653493,-32.23056516495736],[-58.16125315314785,-32.23056504161975],[-58.161253376213615,-32.23056490122287],[-58.16125358403458,-32.230564744835206],[-58.161253775029145,-32.230564573647015],[-58.16125394774368,-32.23056438896108],[-58.16125410086373,-32.23056419218303],[-58.16125423322396,-32.23056398481044],[-58.161254343817035,-32.23056376842152],[-58.16125443180127,-32.23056354466314],[-58.16125449650705,-32.23056331523826],[-58.16125453744194,-32.230563081892896],[-58.161254554294366,-32.23056284640298],[-58.16125454693613,-32.230562610560725],[-58.16125451542317,-32.230562376161046],[-58.16125445999536,-32.23056214498781],[-58.16125438107453,-32.23056191880046],[-58.16125427926129,-32.230561699320376],[-58.16125415533053,-32.23056148821792],[-58.161254010225434,-32.230561287099746],[-58.16125384505034,-32.23056109749648],[-58.161253661062325,-32.2305609208511],[-58.16125345966165,-32.23056075850799],[-58.16125324238111,-32.23056061170268],[-58.16125301087429,-32.23056048155244],[-58.16125276690314,-32.23056036904781],[-58.16125251232443,-32.23056027504499],[-58.16125224907566,-32.23056020025942],[-58.16125197916028,-32.23056014526026],[-58.161251704632555,-32.23056011046609],[-58.16125142758175,-32.23056009614171],[-58.161251150116435,-32.23056010239612],[-58.16125087434826,-32.23056012918177],[-58.161250602376015,-32.23056017629474],[-58.16125033626955,-32.23056024337651],[-58.161250078054124,-32.23056032991656],[-58.16124982969486,-32.23056043525622],[-58.161249593081976,-32.23056055859385],[-58.1612493700162,-32.23056069899072],[-58.16124916219522,-32.23056085537838],[-58.16124897120066,-32.23056102656657],[-58.161248798486135,-32.23056121125248],[-58.16124864536608,-32.230561408030525],[-58.161248513005845,-32.23056161540313],[-58.16124840241275,-32.23056183179203],[-58.1612483144285,-32.230562055550386],[-58.16124824972272,-32.23056228497528],[-58.161248208787796,-32.230562518320625],[-58.16124819193535,-32.23056275381053]]]}},{"type":"Feature","properties":{},"geometry":{"type":"Polygon","coordinates":[[[-58.16118108358421,-32.230547759772804],[-58.16118109584765,-32.230548152843234],[-58.161181148368904,-32.23054854350941],[-58.16118124074829,-32.23054892879814],[-58.16118137228269,-32.23054930577713],[-58.16118154197108,-32.23054967157738],[-58.161181748522026,-32.230550023414885],[-58.16118199036355,-32.23055035861197],[-58.16118226565509,-32.230550674617575],[-58.16118257230153,-32.23055096902668],[-58.161182907969064,-32.230551239598746],[-58.1611832701031,-32.230551484274436],[-58.16118365594755,-32.23055170119171],[-58.16118406256592,-32.23055188869966],[-58.161184486863604,-32.230552045371226],[-58.16118492561143,-32.230552170014064],[-58.161185375470254,-32.23055226167958],[-58.16118583301642,-32.230552319670096],[-58.16118629476765,-32.23055234354432],[-58.16118675720982,-32.23055233312051],[-58.16118721682341,-32.23055228847803],[-58.1611876701105,-32.230552209956606],[-58.16118811362129,-32.23055209815388],[-58.161188543980415,-32.230551953920695],[-58.161188957912564,-32.23055177835479],[-58.16118935226746,-32.23055157279229],[-58.16118972404387,-32.23055133879767],[-58.161190070412296,-32.23055107815175],[-58.16119038873667,-32.23055079283826],[-58.161190676594394,-32.23055048502854],[-58.16119093179463,-32.23055015706524],[-58.16119115239523,-32.23054981144434],[-58.161191336717216,-32.23054945079625],[-58.16119148335785,-32.23054907786574],[-58.16119159120105,-32.23054869549099],[-58.161191659426116,-32.230548306582094],[-58.161191687513785,-32.23054791409893],[-58.16119167525031,-32.230547521028505],[-58.16119162272899,-32.23054713036232],[-58.161191530349576,-32.230546745073596],[-58.16119139881514,-32.230546368094586],[-58.161191229126715,-32.23054600229439],[-58.16119102257573,-32.2305456504569],[-58.16119078073419,-32.23054531525982],[-58.16119050544264,-32.23054499925424],[-58.161190198796184,-32.23054470484512],[-58.161189863128655,-32.230544434273106],[-58.161189500994624,-32.23054418959741],[-58.161189115150194,-32.23054397268018],[-58.161188708531846,-32.230543785172244],[-58.161188284234186,-32.23054362850069],[-58.1611878454864,-32.23054350385784],[-58.1611873956276,-32.23054341219237],[-58.1611869380815,-32.23054335420185],[-58.16118647633029,-32.23054333032765],[-58.16118601388819,-32.230543340751446],[-58.16118555427464,-32.23054338539393],[-58.161185100987595,-32.23054346391531],[-58.161184657476845,-32.23054357571806],[-58.161184227117744,-32.230543719951214],[-58.16118381318562,-32.23054389551712],[-58.16118341883074,-32.23054410107959],[-58.161183047054365,-32.2305443350742],[-58.161182700685956,-32.23054459572009],[-58.16118238236155,-32.23054488103358],[-58.161182094503836,-32.23054518884329],[-58.161181839303566,-32.23054551680655],[-58.16118161870297,-32.23054586242743],[-58.16118143438093,-32.2305462230755],[-58.161181287740284,-32.230546596006015],[-58.161181179897014,-32.230546978380765],[-58.16118111167193,-32.230547367289645],[-58.16118108358421,-32.230547759772804]]]}},{"type":"Feature","properties":{},"geometry":{"type":"Polygon","coordinates":[[[-58.15872780326617,-32.23054948915211],[-58.1587278277719,-32.23055027529266],[-58.158727932793305,-32.2305510566263],[-58.15872811753114,-32.23055182720658],[-58.158728380579426,-32.23055258116894],[-58.15872871993624,-32.23055331277529],[-58.15872913301881,-32.23055401645762],[-58.15872961668339,-32.23055468686051],[-58.15873016724897,-32.23055531888179],[-58.15873078052543,-32.230555907711384],[-58.15873145184535,-32.230556448867965],[-58.15873217609958,-32.23055693823295],[-58.15873294777613,-32.230557372082025],[-58.15873376100207,-32.23055774711332],[-58.15873460958823,-32.23055806047263],[-58.15873548707637,-32.230558309775105],[-58.1587363867883,-32.230558493123354],[-58.158737301876634,-32.230558609122035],[-58.15873822537701,-32.23055865688831],[-58.15873915026101,-32.23055863605866],[-58.15874006948974,-32.230558546791606],[-58.1587409760673,-32.230558389766514],[-58.158741863094086,-32.23055816617846],[-58.15874272381926,-32.23055787772904],[-58.15874355169222,-32.230557526613595],[-58.158744340412326,-32.23055711550426],[-58.15874508397695,-32.230556647529895],[-58.15874577672714,-32.230556126252],[-58.15874641339061,-32.23055555563785],[-58.15874698912197,-32.23055494003017],[-58.15874749953957,-32.2305542841141],[-58.15874794075884,-32.230553592881556],[-58.15874830942181,-32.230552871593225],[-58.15874860272274,-32.23055212573856],[-58.15874881842942,-32.23055136099398],[-58.15874895490024,-32.2305505831796],[-58.15874901109653,-32.23054979821513],[-58.15874898659062,-32.23054901207458],[-58.15874888156903,-32.230548230740965],[-58.158748696831026,-32.23054746016069],[-58.15874843378258,-32.23054670619837],[-58.15874809442564,-32.2305459745921],[-58.158747681342945,-32.23054527090981],[-58.15874719767827,-32.23054460050697],[-58.15874664711265,-32.23054396848577],[-58.15874603383617,-32.23054337965626],[-58.158745362516235,-32.230542838499765],[-58.15874463826203,-32.23054234913483],[-58.158743866585546,-32.230541915285826],[-58.15874305335972,-32.230541540254606],[-58.158742204773674,-32.230541226895355],[-58.15874132728566,-32.23054097759295],[-58.1587404275739,-32.230540794244725],[-58.15873951248574,-32.23054067824607],[-58.15873858898554,-32.23054063047981],[-58.158737664101714,-32.230540651309475],[-58.15873674487317,-32.230540740576515],[-58.158735838295776,-32.23054089760158],[-58.15873495126915,-32.23054112118962],[-58.15873409054412,-32.230541409638974],[-58.15873326267127,-32.23054176075436],[-58.158732473951254,-32.230542171863625],[-58.15873173038669,-32.23054263983793],[-58.158731037636535,-32.23054316111575],[-58.15873040097306,-32.2305437317298],[-58.158729825241664,-32.23054434733741],[-58.158729314823994,-32.23054500325341],[-58.15872887360465,-32.230545694485905],[-58.15872850494156,-32.230546415774164],[-58.15872821164049,-32.23054716162877],[-58.158727995933624,-32.230547926373326],[-58.15872785946265,-32.230548704187655],[-58.15872780326617,-32.23054948915211]]]}},{"type":"Feature","properties":{},"geometry":{"type":"Polygon","coordinates":[[[-58.16124819193535,-32.23056275381053],[-58.16124819929359,-32.2305629896528],[-58.16124823080652,-32.23056322405251],[-58.16124828623432,-32.23056345522571],[-58.16124836515514,-32.23056368141308],[-58.161248466968374,-32.23056390089318],[-58.161248590899106,-32.23056411199562],[-58.16124873600419,-32.230564313113796],[-58.161248901179285,-32.23056450271708],[-58.1612490851673,-32.23056467936246],[-58.16124928656797,-32.23056484170559],[-58.16124950384854,-32.230564988510906],[-58.16124973535535,-32.23056511866114],[-58.1612499793265,-32.2305652311658],[-58.16125023390522,-32.23056532516861],[-58.161250497154015,-32.23056539995417],[-58.1612507670694,-32.230565454953336],[-58.161251041597154,-32.23056548974752],[-58.16125131864796,-32.2305655040719],[-58.16125159611329,-32.23056549781747],[-58.161251871881475,-32.23056547103186],[-58.16125214385374,-32.230565423918854],[-58.16125240996021,-32.230565356837104],[-58.161252668175685,-32.230565270297056],[-58.16125291653493,-32.23056516495736],[-58.16125315314785,-32.23056504161975],[-58.161253376213615,-32.23056490122287],[-58.16125358403458,-32.230564744835206],[-58.161253775029145,-32.230564573647015],[-58.16125394774368,-32.23056438896108],[-58.16125410086373,-32.23056419218303],[-58.16125423322396,-32.23056398481044],[-58.161254343817035,-32.23056376842152],[-58.16125443180127,-32.23056354466314],[-58.16125449650705,-32.23056331523826],[-58.16125453744194,-32.230563081892896],[-58.161254554294366,-32.23056284640298],[-58.16125454693613,-32.230562610560725],[-58.16125451542317,-32.230562376161046],[-58.16125445999536,-32.23056214498781],[-58.16125438107453,-32.23056191880046],[-58.16125427926129,-32.230561699320376],[-58.16125415533053,-32.23056148821792],[-58.161254010225434,-32.230561287099746],[-58.16125384505034,-32.23056109749648],[-58.161253661062325,-32.2305609208511],[-58.16125345966165,-32.23056075850799],[-58.16125324238111,-32.23056061170268],[-58.16125301087429,-32.23056048155244],[-58.16125276690314,-32.23056036904781],[-58.16125251232443,-32.23056027504499],[-58.16125224907566,-32.23056020025942],[-58.16125197916028,-32.23056014526026],[-58.161251704632555,-32.23056011046609],[-58.16125142758175,-32.23056009614171],[-58.161251150116435,-32.23056010239612],[-58.16125087434826,-32.23056012918177],[-58.161250602376015,-32.23056017629474],[-58.16125033626955,-32.23056024337651],[-58.161250078054124,-32.23056032991656],[-58.16124982969486,-32.23056043525622],[-58.161249593081976,-32.23056055859385],[-58.1612493700162,-32.23056069899072],[-58.16124916219522,-32.23056085537838],[-58.16124897120066,-32.23056102656657],[-58.161248798486135,-32.23056121125248],[-58.16124864536608,-32.230561408030525],[-58.161248513005845,-32.23056161540313],[-58.16124840241275,-32.23056183179203],[-58.1612483144285,-32.230562055550386],[-58.16124824972272,-32.23056228497528],[-58.161248208787796,-32.230562518320625],[-58.16124819193535,-32.23056275381053]]]}},{"type":"Feature","properties":{},"geometry":{"type":"Polygon","coordinates":[[[-58.16118108358421,-32.230547759772804],[-58.16118109584765,-32.230548152843234],[-58.161181148368904,-32.23054854350941],[-58.16118124074829,-32.23054892879814],[-58.16118137228269,-32.23054930577713],[-58.16118154197108,-32.23054967157738],[-58.161181748522026,-32.230550023414885],[-58.16118199036355,-32.23055035861197],[-58.16118226565509,-32.230550674617575],[-58.16118257230153,-32.23055096902668],[-58.161182907969064,-32.230551239598746],[-58.1611832701031,-32.230551484274436],[-58.16118365594755,-32.23055170119171],[-58.16118406256592,-32.23055188869966],[-58.161184486863604,-32.230552045371226],[-58.16118492561143,-32.230552170014064],[-58.161185375470254,-32.23055226167958],[-58.16118583301642,-32.230552319670096],[-58.16118629476765,-32.23055234354432],[-58.16118675720982,-32.23055233312051],[-58.16118721682341,-32.23055228847803],[-58.1611876701105,-32.230552209956606],[-58.16118811362129,-32.23055209815388],[-58.161188543980415,-32.230551953920695],[-58.161188957912564,-32.23055177835479],[-58.16118935226746,-32.23055157279229],[-58.16118972404387,-32.23055133879767],[-58.161190070412296,-32.23055107815175],[-58.16119038873667,-32.23055079283826],[-58.161190676594394,-32.23055048502854],[-58.16119093179463,-32.23055015706524],[-58.16119115239523,-32.23054981144434],[-58.161191336717216,-32.23054945079625],[-58.16119148335785,-32.23054907786574],[-58.16119159120105,-32.23054869549099],[-58.161191659426116,-32.230548306582094],[-58.161191687513785,-32.23054791409893],[-58.16119167525031,-32.230547521028505],[-58.16119162272899,-32.23054713036232],[-58.161191530349576,-32.230546745073596],[-58.16119139881514,-32.230546368094586],[-58.161191229126715,-32.23054600229439],[-58.16119102257573,-32.2305456504569],[-58.16119078073419,-32.23054531525982],[-58.16119050544264,-32.23054499925424],[-58.161190198796184,-32.23054470484512],[-58.161189863128655,-32.230544434273106],[-58.161189500994624,-32.23054418959741],[-58.161189115150194,-32.23054397268018],[-58.161188708531846,-32.230543785172244],[-58.161188284234186,-32.23054362850069],[-58.1611878454864,-32.23054350385784],[-58.1611873956276,-32.23054341219237],[-58.1611869380815,-32.23054335420185],[-58.16118647633029,-32.23054333032765],[-58.16118601388819,-32.230543340751446],[-58.16118555427464,-32.23054338539393],[-58.161185100987595,-32.23054346391531],[-58.161184657476845,-32.23054357571806],[-58.161184227117744,-32.230543719951214],[-58.16118381318562,-32.23054389551712],[-58.16118341883074,-32.23054410107959],[-58.161183047054365,-32.2305443350742],[-58.161182700685956,-32.23054459572009],[-58.16118238236155,-32.23054488103358],[-58.161182094503836,-32.23054518884329],[-58.161181839303566,-32.23054551680655],[-58.16118161870297,-32.23054586242743],[-58.16118143438093,-32.2305462230755],[-58.161181287740284,-32.230546596006015],[-58.161181179897014,-32.230546978380765],[-58.16118111167193,-32.230547367289645],[-58.16118108358421,-32.230547759772804]]]}},{"type":"Feature","properties":{},"geometry":{"type":"Polygon","coordinates":[[[-58.2381592461966,-32.23231068376752],[-58.23815927083426,-32.23231145266157],[-58.23815937422024,-32.23231221680457],[-58.23815955556771,-32.23231297038095],[-58.238159813496516,-32.23231370765555],[-58.23816014604366,-32.23231442301725],[-58.238160550678266,-32.232315111021705],[-58.238161024320796,-32.23231576643281],[-58.23816156336657,-32.232316384262475],[-58.23816216371312,-32.23231695980866],[-58.238162820791445,-32.23231748869107],[-58.23816352960079,-32.23231796688463],[-58.238164284746674,-32.23231839075001],[-58.23816508048199,-32.23231875706125],[-58.23816591075069,-32.232319063030616],[-58.238166769233956,-32.23231930632941],[-58.23816764939821,-32.232319485106025],[-58.23816854454483,-32.232319597999826],[-58.238169447861246,-32.23231964415168],[-58.238170352472665,-32.23231962321028],[-58.23817125149444,-32.23231953533504],[-58.23817213808448,-32.232319381194735],[-58.23817300549528,-32.23231916196247],[-58.238173847125324,-32.23231887930672],[-58.23817465656929,-32.2323185353787],[-58.23817542766686,-32.232318132795854],[-58.23817615454948,-32.23231767462215],[-58.23817683168513,-32.23231716434452],[-58.238177453920414,-32.23231660584649],[-58.238178016519726,-32.232316003378585],[-58.23817851520138,-32.232315361525934],[-58.23817894617008,-32.23231468517344],[-58.238179306145895,-32.23231397946855],[-58.23817959238923,-32.232313249782095],[-58.23817980272155,-32.23231250166743],[-58.23817993554212,-32.23231174081818],[-58.23817998984012,-32.23231097302485],[-58.23817996520227,-32.23231020413082],[-58.23817986181613,-32.23230943998783],[-58.238179680468484,-32.23230868641145],[-58.23817942253953,-32.232307949136896],[-58.238179089992244,-32.23230723377525],[-58.23817868535755,-32.23230654577084],[-58.23817821171492,-32.2323058903598],[-58.23817767266908,-32.232305272530205],[-58.238177072322515,-32.23230469698408],[-58.238176415244176,-32.232304168101734],[-58.23817570643488,-32.232303689908264],[-58.238174951289054,-32.23230326604299],[-58.23817415555384,-32.23230289973177],[-58.238173325285246,-32.232302593762476],[-58.23817246680211,-32.23230235046373],[-58.23817158663802,-32.23230217168716],[-58.23817069149155,-32.232302058793366],[-58.238169788175306,-32.23230201264155],[-58.23816888356407,-32.23230203358294],[-58.23816798454248,-32.232302121458176],[-58.238167097952605,-32.23230227559845],[-58.23816623054195,-32.232302494830684],[-58.23816538891203,-32.23230277748639],[-58.23816457946817,-32.23230312141437],[-58.2381638083707,-32.23230352399713],[-58.23816308148813,-32.23230398217076],[-58.238162404352494,-32.23230449244833],[-58.238161782117224,-32.23230505094629],[-58.23816121951787,-32.23230565341412],[-58.23816072083616,-32.23230629526669],[-58.23816028986736,-32.232306971619124],[-58.23815992989142,-32.23230767732396],[-58.238159643647975,-32.23230840701036],[-58.2381594333155,-32.23230915512499],[-58.238159300494765,-32.232309915974206],[-58.2381592461966,-32.23231068376752]]]}},{"type":"Feature","properties":{},"geometry":{"type":"Polygon","coordinates":[[[-58.238183827749324,-32.232318025976234],[-58.23818385238721,-32.232318794870245],[-58.238183955773394,-32.232319559013256],[-58.23818413712109,-32.23232031258961],[-58.238184395050105,-32.23232104986417],[-58.23818472759748,-32.23232176522579],[-58.23818513223229,-32.23232245323019],[-58.238185605875046,-32.23232310864121],[-58.23818614492104,-32.23232372647077],[-58.2381867452678,-32.23232430201685],[-58.23818740234632,-32.232324830899145],[-58.23818811115586,-32.23232530909257],[-58.23818886630192,-32.232325732957776],[-58.2381896620374,-32.23232609926891],[-58.23819049230626,-32.23232640523809],[-58.23819135078966,-32.23232664853673],[-58.238192230954034,-32.23232682731318],[-58.23819312610077,-32.23232694020681],[-58.23819402941729,-32.23232698635848],[-58.238194934028776,-32.2323269654169],[-58.238195833050604,-32.2323268775415],[-58.23819671964068,-32.23232672340102],[-58.238197587051516,-32.23232650416858],[-58.23819842868155,-32.232326221512686],[-58.2381992381255,-32.232325877584486],[-58.238200009223036,-32.232325475001524],[-58.23820073610559,-32.23232501682766],[-58.23820141324118,-32.23232450654991],[-58.23820203547637,-32.23232394805174],[-58.23820259807557,-32.23232334558374],[-58.238203096757104,-32.232322703730965],[-58.238203527725645,-32.232322027378395],[-58.23820388770133,-32.232321321673425],[-58.238204173944474,-32.23232059198691],[-58.238204384276614,-32.232319843872205],[-58.238204517096996,-32.232319083022915],[-58.2382045713948,-32.23231831522958],[-58.23820454675676,-32.23231754633553],[-58.23820444337039,-32.23231678219255],[-58.23820426202253,-32.23231602861622],[-58.23820400409336,-32.2323152913417],[-58.23820367154586,-32.2323145759801],[-58.238203266910936,-32.23231388797579],[-58.2382027932681,-32.232313232564806],[-58.23820225422206,-32.23231261473532],[-58.238201653875265,-32.232312039189324],[-58.23820099679673,-32.23231151030709],[-58.23820028798724,-32.232311032113735],[-58.238199532841236,-32.2323106082486],[-58.238198737105854,-32.232310241937554],[-58.2381979068371,-32.2323099359684],[-58.23819704835383,-32.232309692669816],[-58.23819616818961,-32.23230951389342],[-58.23819527304304,-32.23230940099981],[-58.23819436972669,-32.23230935484815],[-58.23819346511538,-32.23230937578972],[-58.23819256609373,-32.23230946366512],[-58.238191679503814,-32.23230961780557],[-58.23819081209315,-32.23230983703797],[-58.23818997046323,-32.23231011969384],[-58.23818916101938,-32.23231046362197],[-58.23818838992194,-32.23231086620488],[-58.23818766303944,-32.23231132437868],[-58.23818698590388,-32.23231183465637],[-58.238186363668696,-32.23231239315445],[-58.238185801069456,-32.23231299562239],[-58.238185302387855,-32.23231363747507],[-58.23818487141921,-32.23231431382758],[-58.238184511443436,-32.232315019532486],[-58.238184225200136,-32.232315749218955],[-58.23818401486785,-32.232316497333635],[-58.23818388204731,-32.232317258182896],[-58.238183827749324,-32.232318025976234]]]}},{"type":"Feature","properties":{},"geometry":{"type":"Polygon","coordinates":[[[-58.23820751489343,-32.23232431897694],[-58.23820753953151,-32.23232508787098],[-58.23820764291791,-32.23232585201395],[-58.23820782426581,-32.232326605590295],[-58.238208082195044,-32.2323273428648],[-58.238208414742616,-32.23232805822639],[-58.23820881937765,-32.2323287462307],[-58.2382092930206,-32.23232940164163],[-58.23820983206679,-32.232330019471114],[-58.23821043241374,-32.23233059501708],[-58.23821108949245,-32.23233112389927],[-58.23821179830217,-32.23233160209254],[-58.238212553448406,-32.23233202595764],[-58.238213349184015,-32.2323323922686],[-58.23821417945303,-32.23233269823764],[-58.23821503793657,-32.23233294153613],[-58.238215918101055,-32.232333120312404],[-58.238216813247895,-32.23233323320589],[-58.23821771656449,-32.2323332793574],[-58.23821862117604,-32.23233325841565],[-58.23821952019791,-32.23233317054007],[-58.238220406788024,-32.23233301639944],[-58.23822127419886,-32.23233279716683],[-58.238222115828904,-32.23233251451077],[-58.238222925272844,-32.23233217058244],[-58.238223696370326,-32.2323317679993],[-58.2382244232528,-32.23233130982531],[-58.23822510038831,-32.23233079954742],[-58.23822572262342,-32.23233024104914],[-58.23822628522251,-32.232329638581014],[-58.238226783903905,-32.232328996728164],[-58.238227214872325,-32.23232832037551],[-58.23822757484785,-32.23232761467046],[-58.238227861090834,-32.23232688498388],[-58.23822807142281,-32.232326136869126],[-58.238228204242986,-32.23232537601982],[-58.2382282585406,-32.23232460822645],[-58.23822823390236,-32.23232383933241],[-58.238228130515786,-32.23232307518945],[-58.23822794916772,-32.23232232161313],[-58.238227691238336,-32.232321584338656],[-58.23822735869063,-32.23232086897712],[-58.238226954055506,-32.23232018097286],[-58.238226480412465,-32.232319525562],[-58.2382259413662,-32.23231890773259],[-58.23822534101922,-32.2323183321867],[-58.2382246839405,-32.23231780330459],[-58.238223975130836,-32.23231732511137],[-58.23822321998467,-32.23231690124636],[-58.23822242424913,-32.232316534935435],[-58.23822159398024,-32.23231622896646],[-58.238220735496846,-32.232315985668016],[-58.238219855332495,-32.232315806891776],[-58.238218960185826,-32.23231569399833],[-58.23821805686941,-32.23231564784685],[-58.238217152258024,-32.23231566878858],[-58.238216253236324,-32.232315756664136],[-58.23821536664637,-32.232315910804765],[-58.23821449923569,-32.23231613003735],[-58.23821365760577,-32.23231641269335],[-58.23821284816196,-32.23231675662164],[-58.23821207706457,-32.232317159204705],[-58.23821135018214,-32.232317617378634],[-58.23821067304665,-32.23231812765645],[-58.238210050811546,-32.232318686154656],[-58.23820948821242,-32.23231928862271],[-58.23820898953096,-32.23231993047548],[-58.238208558562455,-32.232320606828075],[-58.238208198586825,-32.23232131253305],[-58.238207912343704,-32.23232204221957],[-58.238207702011586,-32.232322790334294],[-58.238207569191204,-32.23232355118358],[-58.23820751489343,-32.23232431897694]]]}},{"type":"Feature","properties":{},"geometry":{"type":"Polygon","coordinates":[[[-58.23831849833981,-32.25474704260751],[-58.23831861168907,-32.25475058026875],[-58.238319087447806,-32.25475409607333],[-58.238319921995256,-32.254757563263794],[-58.23832110898006,-32.25476095545279],[-58.23832263936855,-32.254764246823655],[-58.238324501513596,-32.25476741232708],[-58.23832668124317,-32.25477042787164],[-58.238329161968245,-32.25477327050726],[-58.238331924809025,-32.254775918599684],[-58.23833494873859,-32.25477835199534],[-58.23833821074305,-32.25478055217461],[-58.23834168599657,-32.25478250239276],[-58.23834534805034,-32.25478418780746],[-58.23834916903391,-32.25478559559165],[-58.23835311986725,-32.25478671503123],[-58.23835717048212,-32.25478753760662],[-58.23836129005083,-32.25478805705743],[-58.238365447220964,-32.254788269430406],[-58.23836961035388,-32.25478817310921],[-58.2383737477656,-32.25478776882691],[-58.238377827967874,-32.254787059660345],[-58.23838181990785,-32.254786051006704],[-58.23838569320443,-32.25478475054248],[-58.238389418379455,-32.25478316816496],[-58.23839296708207,-32.25478131591705],[-58.238396312304474,-32.25477920789546],[-58.238399428587485,-32.25477686014352],[-58.238402292214325,-32.2547742905291],[-58.23840488139107,-32.25477151860848],[-58.23840717641248,-32.2547685654777],[-58.23840915981212,-32.25476545361188],[-58.238410816495126,-32.25476220669422],[-58.23841213385316,-32.25475884943572],[-58.238413101860395,-32.25475540738717],[-58.2384137131497,-32.25475190674462],[-58.238413963068865,-32.254748374150125],[-58.2384138497159,-32.25474483648884],[-58.2384133739535,-32.2547413206845],[-58.238412539402596,-32.25473785349452],[-58.2384113524146,-32.25473446130627],[-58.238409822023314,-32.25473116993637],[-58.23840795987592,-32.2547280044341],[-58.23840578014454,-32.25472498889087],[-58.238403299418245,-32.2547221462567],[-58.23840053657686,-32.2547194981658],[-58.23839751264734,-32.25471706477171],[-58.23839425064357,-32.254714864593964],[-58.238390775391366,-32.2547129143773],[-58.2383871133395,-32.25471122896397],[-58.238383292358336,-32.254709821181],[-58.23837934152787,-32.25470870174244],[-58.238375290916245,-32.2547078791679],[-58.23837117135102,-32.25470735971765],[-58.23836701418455,-32.254707147344995],[-58.23836285105534,-32.254707243666246],[-58.23835871364726,-32.2547076479483],[-58.23835463344845,-32.25470835711437],[-58.238350641511666,-32.25470936576727],[-58.23834676821789,-32.25471066623055],[-58.23834304304521,-32.25471224860689],[-58.2383394943444,-32.254714100853484],[-58.238336149123235,-32.25471620887364],[-58.238333032840806,-32.254718556624034],[-58.23833016921391,-32.25472112623691],[-58.23832758003649,-32.25472389815598],[-58.238325285013765,-32.25472685128528],[-58.23832330161222,-32.254729963149735],[-58.238321644926806,-32.25473321006618],[-58.23832032756589,-32.25473656732364],[-58.23831935955543,-32.25474000937137],[-58.23831874826263,-32.25474351001332],[-58.23831849833981,-32.25474704260751]]]}},{"type":"Feature","properties":{},"geometry":{"type":"Polygon","coordinates":[[[-58.238408104964954,-32.25477505408352],[-58.23840821831768,-32.25477859174479],[-58.23840869407997,-32.25478210754911],[-58.238409528631074,-32.254785574739124],[-58.23841071561955,-32.254788966927364],[-58.238412246011755,-32.25479225829726],[-58.238414108160505,-32.25479542379949],[-58.238416287893735,-32.254798439342636],[-58.23841876862242,-32.254801281976576],[-58.2384215314667,-32.254803930067155],[-58.23842455539966,-32.254806363460794],[-58.23842781740737,-32.25480856363783],[-58.23843129266396,-32.25481051385362],[-58.23843495472062,-32.25481219926581],[-58.238438775706854,-32.25481360704738],[-58.23844272654263,-32.254814726484234],[-58.23844677715966,-32.25481554905679],[-58.238450896730285,-32.254816068504766],[-58.23845505390206,-32.25481628087483],[-58.23845921703631,-32.254816184550705],[-58.23846335444904,-32.25481578026551],[-58.23846743465203,-32.25481507109608],[-58.23847142659239,-32.254814062439635],[-58.23847529988903,-32.25481276197264],[-58.23847902506381,-32.25481117959248],[-58.23848257376582,-32.25480932734202],[-58.23848591898735,-32.25480721931803],[-58.238489035269154,-32.25480487156386],[-58.23849189889449,-32.25480230194734],[-58.23849448806941,-32.25479953002484],[-58.23849678308877,-32.25479657689237],[-58.238498766486074,-32.25479346502507],[-58.238500423166506,-32.254790218106145],[-58.23850174052175,-32.25478686084663],[-58.238502708525964,-32.254783418797295],[-58.23850331981209,-32.25477991815422],[-58.23850356972791,-32.254776385559445],[-58.2385034563715,-32.254772847898124],[-58.23850298060554,-32.25476933209401],[-58.238502146050976,-32.2547658649045],[-58.23850095905932,-32.25476247271698],[-58.238499428664305,-32.25475918134806],[-58.23849756651321,-32.254756015846986],[-58.23849538677816,-32.254753000305165],[-58.23849290604827,-32.25475015767267],[-58.23849014320339,-32.254747509583616],[-58.23848711927048,-32.254745076191554],[-58.23848385726346,-32.25474287601604],[-58.23848038200819,-32.25474092580175],[-58.23847671995343,-32.25473924039092],[-58.23847289896961,-32.25473783261057],[-58.2384689481367,-32.254736713174744],[-58.23846489752289,-32.25473589060301],[-58.23846077795576,-32.25473537115562],[-58.238456620787666,-32.25473515878586],[-58.23845245765711,-32.25473525511002],[-58.23844832024801,-32.25473565939498],[-58.23844424004851,-32.25473636856394],[-58.238440248111324,-32.254737377219655],[-58.238436374817496,-32.254738677685665],[-58.23843264964506,-32.25474026006467],[-58.23842910094484,-32.25474211231381],[-58.23842575572455,-32.254744220336356],[-58.23842263944334,-32.25474656808901],[-58.23841977581797,-32.25474913770396],[-58.23841718664233,-32.25475190962491],[-58.23841489162168,-32.2547548627559],[-58.23841290822247,-32.25475797462185],[-58.23841125153963,-32.25476122153955],[-58.23840993418151,-32.254764578798024],[-58.23840896617406,-32.25476802084655],[-58.23840835488444,-32.25477152148905],[-58.238408104964954,-32.25477505408352]]]}},{"type":"Feature","properties":{},"geometry":{"type":"Polygon","coordinates":[[[-58.238497711647824,-32.25480306549772],[-58.23849782500402,-32.25480660315901],[-58.2384983007699,-32.25481011896313],[-58.23849913532462,-32.25481358615265],[-58.2385003223168,-32.25481697834019],[-58.238501852712695,-32.2548202697091],[-58.238503714865146,-32.25482343521013],[-58.23850589460206,-32.25482645075184],[-58.23850837533434,-32.25482929338415],[-58.23851113818212,-32.254831941472865],[-58.23851416211848,-32.254834374864444],[-58.23851742412943,-32.254836575039285],[-58.23852089938907,-32.25483852525269],[-58.23852456144863,-32.25484021066237],[-58.238528382437536,-32.25484161844131],[-58.23853233327574,-32.25484273787545],[-58.238536383894974,-32.25484356044522],[-58.23854050346751,-32.25484407989032],[-58.23854466064088,-32.254844292257474],[-58.238548823776476,-32.25484419593045],[-58.23855296119023,-32.25484379164236],[-58.23855704139391,-32.25484308247004],[-58.23856103333468,-32.25484207381077],[-58.23856490663139,-32.25484077334103],[-58.23856863180589,-32.254839190958215],[-58.23857218050735,-32.25483733870524],[-58.23857552572796,-32.25483523067883],[-58.238578642008555,-32.25483288292241],[-58.23858150563238,-32.25483031330382],[-58.23858409480552,-32.25482754137942],[-58.2385863898228,-32.254824588245256],[-58.238588373217766,-32.254821476376456],[-58.238590029895626,-32.25481822945629],[-58.238591347248054,-32.254814872195745],[-58.23859231524927,-32.25481143014563],[-58.23859292653223,-32.25480792950202],[-58.23859317644472,-32.25480439690696],[-58.23859306308484,-32.25480085924561],[-58.23859258731531,-32.25479734344173],[-58.23859175275711,-32.2547938762527],[-58.23859056576176,-32.254790484065914],[-58.23858903536304,-32.25478719269797],[-58.23858717320824,-32.25478402719809],[-58.23858499346954,-32.25478101165771],[-58.23858251273603,-32.254778169026864],[-58.238579749887656,-32.25477552093967],[-58.23857672595135,-32.254773087549616],[-58.23857346394108,-32.25477088737634],[-58.23856998868274,-32.25476893716439],[-58.23856632662508,-32.25476725175609],[-58.2385625056386,-32.25476584397837],[-58.23855855480326,-32.25476472454527],[-58.23855450418728,-32.25476390197633],[-58.238550384618236,-32.254763382531806],[-58.238546227448516,-32.254763170164956],[-58.23854206431663,-32.254763266492034],[-58.23853792690652,-32.25476367077991],[-58.23853384670629,-32.25476437995172],[-58.23852985476873,-32.25476538861025],[-58.23852598147481,-32.254766689079034],[-58.23852225630266,-32.25476827146068],[-58.23851870760302,-32.25477012371234],[-58.23851536238363,-32.254772231737284],[-58.238512246103625,-32.2547745794922],[-58.23850938247975,-32.25477714910922],[-58.238506793305916,-32.254779921032075],[-58.23850449828733,-32.25478287416477],[-58.23850251489046,-32.25478598603218],[-58.23850085821019,-32.25478923295114],[-58.23849954085488,-32.25479259021065],[-58.23849857285043,-32.25479603225995],[-58.23849796156398,-32.25479953290297],[-58.238497711647824,-32.25480306549772]]]}},{"type":"Feature","properties":{},"geometry":{"type":"Polygon","coordinates":[[[-58.2382885092542,-32.25482406959109],[-58.23828862260225,-32.25482760725229],[-58.2382890983601,-32.254831123056896],[-58.23828993290696,-32.254834590247505],[-58.23829111989148,-32.25483798243673],[-58.23829265028002,-32.254841273807926],[-58.23829451242546,-32.25484443931179],[-58.23829669215573,-32.25484745485686],[-58.23829917288182,-32.25485029749306],[-58.238301935723925,-32.25485294558617],[-58.23830495965512,-32.25485537898256],[-58.23830822166148,-32.25485757916267],[-58.238311696917165,-32.254859529381704],[-58.238315358973374,-32.254861214797344],[-58.23831917995961,-32.25486262258251],[-58.23832313079582,-32.25486374202315],[-58.23832718141375,-32.254864564599565],[-58.238331300985706,-32.254865084051495],[-58.23833545815922,-32.25486529642557],[-58.23833962129566,-32.25486520010548],[-58.23834375871098,-32.2548647958243],[-58.2383478389169,-32.25486408665885],[-58.23835183086059,-32.2548630780063],[-58.23835570416086,-32.25486177754313],[-58.23835942933958,-32.25486019516666],[-58.238362978045835,-32.254858342919725],[-58.2383663232718,-32.254856234899066],[-58.2383694395583,-32.25485388714804],[-58.23837230318848,-32.254851317534424],[-58.23837489236838,-32.25484854561458],[-58.23837718739281,-32.254845592484486],[-58.238379170795255,-32.25484248061925],[-58.23838082748085,-32.2548392337021],[-58.23838214484122,-32.254835876444034],[-58.238383112850514,-32.25483243439582],[-58.238383724141634,-32.25482893375354],[-58.23838397406231,-32.25482540115919],[-58.238383860710556,-32.25482186349794],[-58.238383384949096,-32.25481834769355],[-58.23838255039875,-32.25481488050343],[-58.238381363411044,-32.25481148831495],[-58.23837983301968,-32.25480819694471],[-58.23837797087191,-32.254805031442025],[-58.23837579113982,-32.25480201589827],[-58.23837331041251,-32.254799173263514],[-58.23837054756982,-32.25479652517193],[-58.23836752363868,-32.254794091777086],[-58.238364261632995,-32.25479189159853],[-58.23836078637864,-32.25478994138098],[-58.23835712432432,-32.254788255966716],[-58.238353303340524,-32.25478684818275],[-58.238349352507164,-32.25478572874317],[-58.23834530189247,-32.25478490616756],[-58.23834118232401,-32.25478438671621],[-58.238337025154145,-32.254784174342454],[-58.23833286202142,-32.254784270662576],[-58.23832872460975,-32.25478467494354],[-58.23832464440729,-32.25478538410851],[-58.2383206524668,-32.25478639276031],[-58.23831677916931,-32.25478769322251],[-58.23831305399294,-32.25478927559783],[-58.2383095052885,-32.25479112784344],[-58.23830616006375,-32.254793235862635],[-58.238303043777854,-32.25479558361216],[-58.23830018014763,-32.25479815322419],[-58.23829759096702,-32.25480092514252],[-58.23829529594126,-32.25480387827113],[-58.238293312536946,-32.25480699013499],[-58.238291655848926,-32.25481023705091],[-58.23829033848568,-32.25481359430793],[-58.238289370473154,-32.254817036355334],[-58.238288759178545,-32.25482053699704],[-58.2382885092542,-32.25482406959109]]]}},{"type":"Feature","properties":{},"geometry":{"type":"Polygon","coordinates":[[[-58.23837811594365,-32.25485208109038],[-58.23837822929516,-32.25485561875159],[-58.238378705056576,-32.254859134555964],[-58.238379539607074,-32.254862601746126],[-58.23838072659528,-32.25486599393461],[-58.238382256987535,-32.254869285304835],[-58.23838411913667,-32.2548724508075],[-58.23838629887061,-32.254875466351145],[-58.2383887796003,-32.254878308985695],[-58.238391542445896,-32.254880957076956],[-58.238394566380485,-32.25488339047132],[-58.2383978283901,-32.25488559064918],[-58.23840130364886,-32.25488754086586],[-58.23840496570795,-32.25488922627898],[-58.23840878669684,-32.25489063406155],[-58.2384127375355,-32.254891753499436],[-58.23841678815561,-32.254892576073054],[-58.238420907729484,-32.25489309552211],[-58.238425064904625,-32.25489330789329],[-58.23842922804237,-32.25489321157027],[-58.238433365458725,-32.254892807286204],[-58.23843744566536,-32.25489209811788],[-58.23844143760941,-32.25489108946251],[-58.23844531090978,-32.254889788996586],[-58.23844903608823,-32.254888206617466],[-58.2384525847939,-32.25488635436799],[-58.238455930018986,-32.25488424634495],[-58.238459046304264,-32.25488189859166],[-58.23846190993293,-32.25487932897597],[-58.238464499111046,-32.25487655705422],[-58.2384667941334,-32.254873603922434],[-58.23846877753351,-32.25487049205572],[-58.238470434216524,-32.254867245137305],[-58.23847175157412,-32.25486388787824],[-58.2384727195804,-32.25486044582925],[-58.23847333086834,-32.25485694518641],[-58.23847358078568,-32.254853412591785],[-58.23847346743047,-32.25484987493053],[-58.238472991665425,-32.25484635912636],[-58.23847215711144,-32.25484289193671],[-58.23847097012005,-32.25483949974896],[-58.23846943972499,-32.25483620837969],[-58.23846757757352,-32.25483304287821],[-58.238465397837764,-32.25483002733588],[-58.23846291710684,-32.25482718470278],[-58.23846015426065,-32.25482453661304],[-58.23845713032611,-32.254822103220235],[-58.238453868317194,-32.2548199030439],[-58.23845039305976,-32.25481795282871],[-58.23844673100256,-32.25481626741694],[-58.23844291001608,-32.25481485963563],[-58.23843895918029,-32.25481374019877],[-58.23843490856341,-32.25481291762596],[-58.23843078899306,-32.25481239817747],[-58.23842663182157,-32.25481218580663],[-58.2384224686875,-32.254812282129656],[-58.238418331274815,-32.25481268641353],[-58.23841425107163,-32.254813395581365],[-58.23841025913076,-32.254814404235994],[-58.238406385833215,-32.25481570470093],[-58.238402660657094,-32.254817287078914],[-58.23839911195324,-32.25481913932703],[-58.238395766729376,-32.254821247348644],[-58.23839265044469,-32.254823595100405],[-58.23838978681598,-32.25482616471455],[-58.238387197637174,-32.25482893663476],[-58.2383849026135,-32.254831889765065],[-58.23838291921149,-32.254835001630404],[-58.238381262526076,-32.25483824854758],[-58.23837994516562,-32.25484160580563],[-58.23837897715608,-32.25484504785381],[-58.238378365864655,-32.254848548496064],[-58.23837811594365,-32.25485208109038]]]}},{"type":"Feature","properties":{},"geometry":{"type":"Polygon","coordinates":[[[-58.23846772269085,-32.254880092527884],[-58.23846783604581,-32.25488363018913],[-58.238468311810784,-32.25488714599328],[-58.23846914636492,-32.25489061318296],[-58.23847033335684,-32.25489400537072],[-58.2384718637528,-32.25489729673998],[-58.23847372590562,-32.254900462241416],[-58.23847590564323,-32.25490347778365],[-58.23847838637652,-32.254906320416545],[-58.23848114922562,-32.25490896850595],[-58.2384841731636,-32.25491140189829],[-58.23848743517645,-32.25491360207394],[-58.238490910438294,-32.25491555228823],[-58.238494572500265,-32.254917237698855],[-58.23849839349183,-32.25491864547878],[-58.23850234433293,-32.254919764913936],[-58.23850639495521,-32.25492058748476],[-58.238510514530994,-32.254921106930965],[-58.238514671707776,-32.25492131929922],[-58.23851883484686,-32.25492122297331],[-58.23852297226421,-32.25492081868633],[-58.23852705247155,-32.25492010951513],[-58.23853104441601,-32.25491910085694],[-58.23853491771643,-32.25491780038827],[-58.238538642894625,-32.254916218006485],[-58.23854219159972,-32.2549143657545],[-58.238545536823906,-32.254912257729046],[-58.238548653107976,-32.2549099099735],[-58.238551516735136,-32.25490734035574],[-58.238554105911454,-32.2549045684321],[-58.23855640093175,-32.25490161529861],[-58.238558384329515,-32.25489850343043],[-58.238560041009954,-32.25489525651078],[-58.23856135836473,-32.25489189925065],[-58.23856232636802,-32.25488845720088],[-58.23856293765278,-32.254884956557525],[-58.23856318756678,-32.2548814239626],[-58.23856307420811,-32.25487788630131],[-58.23856259843949,-32.25487437049738],[-58.2385617638819,-32.25487090330822],[-58.238560576886805,-32.25486751112118],[-58.238559046488035,-32.25486421975289],[-58.23855718433286,-32.25486105425261],[-58.23855500459344,-32.25485803871172],[-58.23855252385892,-32.254855196080264],[-58.238549761009224,-32.25485254799238],[-58.2385467370713,-32.254850114601616],[-58.23854347505913,-32.25484791442748],[-58.238539999798604,-32.25484596421466],[-58.23853633773854,-32.254844278805415],[-58.23853251674939,-32.25484287102672],[-58.23852856591117,-32.25484175159257],[-58.23852451529211,-32.25484092902258],[-58.23852039571982,-32.254840409576964],[-58.2385162385467,-32.254840197209006],[-58.23851207541133,-32.25484029353496],[-58.238507937997625,-32.254840697821734],[-58.23850385779374,-32.25484140699243],[-58.23849986585246,-32.25484241564989],[-58.23849599255485,-32.25484371611758],[-58.238492267378994,-32.25484529849821],[-58.238488718675725,-32.25484715074888],[-58.23848537345276,-32.254849258772886],[-58.238482257169274,-32.2548516065269],[-58.23847939354207,-32.2548541761431],[-58.23847680436506,-32.25485694806522],[-58.23847450934347,-32.254859901197214],[-58.23847252594379,-32.25486301306403],[-58.238470869260944,-32.25486625998248],[-58.238469551903286,-32.25486961724156],[-58.23846858389676,-32.254873059290496],[-58.238467972608504,-32.254876559933265],[-58.23846772269085,-32.254880092527884]]]}},{"type":"Feature","properties":{},"geometry":{"type":"Polygon","coordinates":[[[-58.23877024641624,-32.25507849768949],[-58.23877047718026,-32.25508569879559],[-58.23877144565158,-32.25509285540861],[-58.238773144459685,-32.255099913062466],[-58.23877556067582,-32.25510681804409],[-58.23877867591125,-32.25511351780235],[-58.23878246645728,-32.25511996134803],[-58.238786903465716,-32.25512609964178],[-58.23879195316829,-32.25513188596741],[-58.238797577133774,-32.25513727628744],[-58.238803732560456,-32.25514222957818],[-58.2388103726018,-32.25514670814206],[-58.23881744672303,-32.255150677894434],[-58.23882490108577,-32.25515410862297],[-58.23883267895774,-32.25515697421772],[-58.2388407211445,-32.25515925286972],[-58.23884896644005,-32.25516092723701],[-58.238857352092516,-32.25516198457657],[-58.23886581428189,-32.25516241684142],[-58.23887428860561,-32.25516222074173],[-58.23888271056879,-32.25516139776996],[-58.23889101607504,-32.25515995418938],[-58.23889914191424,-32.2551579009866],[-58.23890702624376,-32.255155253787706],[-58.23891460905889,-32.25515203273957],[-58.23892183264975,-32.255148262356336],[-58.23892864204039,-32.255143971332984],[-58.23893498540716,-32.25513919232685],[-58.23894081447316,-32.255133961709134],[-58.23894608487571,-32.25512831928805],[-58.23895075650389,-32.25512230800593],[-58.23895479380382,-32.25511597361231],[-58.238958166049336,-32.25510936431582],[-58.238960847575726,-32.25510253041726],[-58.238962817975064,-32.25509552392676],[-58.238964062251604,-32.255088398168006],[-58.23896457093579,-32.25508120737233],[-58.23896434015642,-32.25507400626605],[-58.238963371670025,-32.25506684965394],[-58.238961672847545,-32.25505979200212],[-58.238959256618216,-32.255052887023574],[-58.23895614137115,-32.25504618726931],[-58.23895235081539,-32.25503974372844],[-58.238947913799464,-32.2550336054402],[-58.23894286409183,-32.25502781912055],[-58.238937240123875,-32.25502242880683],[-58.2389310846974,-32.25501747552252],[-58.23892444465892,-32.25501299696504],[-58.23891737054313,-32.2550090272188],[-58.23890991618823,-32.25500559649595],[-58.238902138326296,-32.25500273090625],[-58.23889409615142,-32.255000452258535],[-58.23888585086927,-32.254998777894656],[-58.23887746523129,-32.25499772055747],[-58.23886900305708,-32.254997288293914],[-58.23886052874872,-32.25499748439379],[-58.23885210680063,-32.25499830736463],[-58.238843801308754,-32.25499975094318],[-58.23883567548275,-32.25500180414291],[-58.23882779116486,-32.25500445133778],[-58.23882020835944,-32.255007672381105],[-58.238812984776075,-32.255011442758864],[-58.23880617539048,-32.25501573377621],[-58.23879983202621,-32.255020512776035],[-58.23879400295999,-32.25502574338731],[-58.23878873255458,-32.25503138580199],[-58.23878406092097,-32.255037397078],[-58.23878002361317,-32.25504373146594],[-58.23877665135763,-32.25505034075737],[-58.23877396981935,-32.25505717465164],[-58.238771999406616,-32.255064181138735],[-58.23877075511559,-32.25507130689511],[-58.23877024641624,-32.25507849768949]]]}},{"type":"Feature","properties":{},"geometry":{"type":"Polygon","coordinates":[[[-58.23868861181826,-32.25526427247957],[-58.238688842575584,-32.25527147358539],[-58.23868981104172,-32.25527863019872],[-58.23869150984621,-32.25528568785337],[-58.23869392606034,-32.2552925928363],[-58.23869704129536,-32.25529929259642],[-58.23870083184259,-32.25530573614443],[-58.23870526885382,-32.255311874440984],[-58.23871031856076,-32.25531766076991],[-58.23871594253219,-32.255323051093654],[-58.238722097966274,-32.25532800438853],[-58.238728738016476,-32.25533248295691],[-58.23873581214796,-32.255336452714126],[-58.23874326652225,-32.25533988344781],[-58.23875104440697,-32.25534274904798],[-58.23875908660761,-32.25534502770562],[-58.238767331918034,-32.25534670207871],[-58.23877571758627,-32.25534775942425],[-58.238784179792184,-32.255348191695155],[-58.2387926541331,-32.255347995601575],[-58.23880107611399,-32.25534717263588],[-58.23880938163833,-32.25534572906138],[-58.23881750749589,-32.25534367586454],[-58.238825391843854,-32.25534102867147],[-58.23883297467741,-32.25533780762897],[-58.238840198286525,-32.25533403725114],[-58.238847007695085,-32.25532974623294],[-58.23885335107933,-32.255324967231644],[-58.23885918016224,-32.25531973661842],[-58.23886445058096,-32.25531409420146],[-58.238869122224486,-32.25530808292305],[-58.238873159538834,-32.25530174853272],[-58.238876531797686,-32.25529513923903],[-58.23887921333625,-32.25528830534281],[-58.238881183746514,-32.25528129885416],[-58.238882428032625,-32.2552741730967],[-58.23888293672499,-32.25526698230182],[-58.238882705952314,-32.25525978119581],[-58.2388817374711,-32.25525262458343],[-58.23888003865224,-32.25524556693081],[-58.23887762242494,-32.25523866195093],[-58.238874507178274,-32.25523196219482],[-58.23887071662132,-32.255225518651635],[-58.2388662796026,-32.25521938036056],[-58.23886122989058,-32.25521359403762],[-58.238855605916704,-32.25520820372021],[-58.2388494504828,-32.25520325043177],[-58.238842810435465,-32.25519877186977],[-58.238835736309426,-32.2551948021187],[-58.23882828194298,-32.25519137139069],[-58.23882050406829,-32.25518850579559],[-58.238812461879554,-32.25518622714223],[-58.23880421658254,-32.25518455277252],[-58.23879583092877,-32.25518349542937],[-58.238787368738016,-32.25518306315977],[-58.23877889441246,-32.25518325925354],[-58.23877047244665,-32.25518408221829],[-58.238762166936674,-32.25518552579078],[-58.23875404109232,-32.255187578984554],[-58.238746156756,-32.25519022617362],[-58.23873857393214,-32.25519344721132],[-58.23873135033054,-32.25519721758362],[-58.23872454092703,-32.255201508595846],[-58.23871819754525,-32.255206287590816],[-58.238712368462146,-32.2552115181976],[-58.23870709804055,-32.25521716060817],[-58.23870242639158,-32.25522317188046],[-58.2386983890694,-32.255229506265124],[-58.23869501680051,-32.25523611555372],[-58.238692335250065,-32.255242949445666],[-58.23869036482639,-32.25524995593095],[-58.23868912052579,-32.255257081686004],[-58.23868861181826,-32.25526427247957]]]}},{"type":"Feature","properties":{},"geometry":{"type":"Polygon","coordinates":[[[-58.238516376740975,-32.254966444060265],[-58.23851640696947,-32.25496738743659],[-58.238516533840695,-32.254968324984326],[-58.23851675638913,-32.25496924956817],[-58.23851707292101,-32.25497015415148],[-58.23851748102734,-32.25497103184981],[-58.23851797760222,-32.254971875983365],[-58.23851855886639,-32.25497268012777],[-58.23851922039609,-32.25497343816304],[-58.23851995715668,-32.25497414431999],[-58.23852076354097,-32.25497479322439],[-58.23852163341187,-32.25497537993769],[-58.23852256014918,-32.25497589999459],[-58.23852353669983,-32.254976349437236],[-58.23852455563168,-32.25497672484501],[-58.23852560919004,-32.25497702336088],[-58.23852668935672,-32.25497724271293],[-58.23852778791097,-32.254977381231775],[-58.23852889649214,-32.254977437863204],[-58.23853000666324,-32.25497741217621],[-58.23853110997522,-32.254977304366285],[-58.23853219803118,-32.25497711525393],[-58.238533262550376,-32.254976846278396],[-58.23853429543116,-32.25497649948678],[-58.238535288812685,-32.25497607751834],[-58.23853623513471,-32.254975583584546],[-58.23853712719516,-32.254975021444494],[-58.2385379582049,-32.25497439537645],[-58.238538721839475,-32.25497371014515],[-58.238539412287125,-32.2549729709656],[-58.23854002429317,-32.25497218346345],[-58.23854055319985,-32.25497135363204],[-58.23854099498186,-32.25497048778689],[-58.23854134627698,-32.254969592517604],[-58.238541604411665,-32.25496867463773],[-58.23854176742133,-32.25496774113289],[-58.2385418340654,-32.25496679910761],[-58.23854180383665,-32.254965855731285],[-58.238541676965156,-32.25496491818355],[-58.23854145441648,-32.25496399359977],[-58.23854113788437,-32.254963089016506],[-58.238540729777846,-32.25496221131825],[-58.238540233202805,-32.25496136718477],[-58.23853965193849,-32.25496056304045],[-58.2385389904087,-32.254959805005306],[-58.23853825364807,-32.25495909884844],[-58.238537447263795,-32.25495844994416],[-58.238536577392935,-32.25495786323097],[-58.23853565065573,-32.254957343174155],[-58.238534674105225,-32.25495689373163],[-58.23853365517354,-32.25495651832393],[-58.23853260161537,-32.25495621980815],[-58.238531521448934,-32.25495600045614],[-58.23853042289491,-32.25495586193733],[-58.23852931431401,-32.25495580530594],[-58.23852820414317,-32.25495583099294],[-58.238527100831455,-32.25495593880283],[-58.23852601277574,-32.25495612791517],[-58.238524948256774,-32.25495639689064],[-58.238523915376184,-32.2549567436822],[-58.23852292199483,-32.254957165650545],[-58.23852197567293,-32.25495765958424],[-58.23852108361257,-32.254958221724195],[-58.23852025260286,-32.254958847792125],[-58.2385194889683,-32.254959533023325],[-58.23851879852059,-32.254960272202744],[-58.238518186514455,-32.25496105970481],[-58.238517657607645,-32.254961889536126],[-58.238517215825475,-32.25496275538118],[-58.23851686453014,-32.25496365065041],[-58.238516606395216,-32.2549645685302],[-58.2385164433853,-32.25496550203501],[-58.238516376740975,-32.254966444060265]]]}},{"type":"Feature","properties":{},"geometry":{"type":"Polygon","coordinates":[[[-58.238494710688315,-32.25499973660422],[-58.23849475603069,-32.2550011516687],[-58.238494946337255,-32.255002557990316],[-58.23849528015966,-32.255003944866125],[-58.23849575495729,-32.255005301741136],[-58.23849636711672,-32.255006618288746],[-58.238497111979015,-32.2550078844892],[-58.238497983875305,-32.25500909070595],[-58.23849897616997,-32.25501022775899],[-58.23850008131103,-32.255011286994616],[-58.23850129088772,-32.255012260351414],[-58.23850259569441,-32.255013140421546],[-58.23850398580075,-32.25501392050715],[-58.238505450627166,-32.255014594671316],[-58.23850697902545,-32.25501515778321],[-58.23850855936359,-32.25501560555724],[-58.23851017961421,-32.25501593458556],[-58.23851182744624,-32.25501614236406],[-58.23851349031866,-32.25501622731142],[-58.23851515557604,-32.255016188781156],[-58.238516810544716,-32.25501602706649],[-58.23851844262939,-32.25501574339817],[-58.23852003940893,-32.25501533993509],[-58.23852158873082,-32.25501481974784],[-58.23852307880383,-32.25501418679537],[-58.238524498287546,-32.25501344589482],[-58.2385258363789,-32.255012602684914],[-58.238527082894166,-32.25501166358298],[-58.23852822834661,-32.25501063573614],[-58.23852926401867,-32.255009526966944],[-58.238530182028235,-32.25500834571381],[-58.2385309753887,-32.25500710096678],[-58.23853163806215,-32.255005802199115],[-58.23853216500519,-32.255004459295236],[-58.23853255220754,-32.2550030824755],[-58.23853279672228,-32.25500168221825],[-58.238532896688575,-32.25500026918035],[-58.238532851345596,-32.254998854115875],[-58.238532661038455,-32.25499744779429],[-58.2385323272155,-32.25499606091857],[-58.23853185241735,-32.25499470404366],[-58.23853124025748,-32.25499338749622],[-58.23853049539482,-32.25499212129593],[-58.23852962349823,-32.2549909150794],[-58.23852863120337,-32.25498977802659],[-58.238527526062214,-32.254988718791225],[-58.238526316485526,-32.254987745434654],[-58.238525011678945,-32.25498686536478],[-58.238523621572824,-32.254986085279405],[-58.23852215674672,-32.25498541111546],[-58.23852062834881,-32.25498484800376],[-58.23851904801115,-32.254984400229915],[-58.23851742776103,-32.25498407120173],[-58.23851577992957,-32.254983863423305],[-58.238514117057726,-32.254983778475996],[-58.23851245180094,-32.25498381700626],[-58.23851079683284,-32.2549839787209],[-58.23850916474872,-32.25498426238915],[-58.238507567969705,-32.25498466585211],[-58.23850601864825,-32.2549851860392],[-58.238504528575625,-32.25498581899148],[-58.238503109092186,-32.25498655989181],[-58.23850177100104,-32.25498740310149],[-58.23850052448586,-32.25498834220319],[-58.2384993790334,-32.25498937004977],[-58.23849834336125,-32.25499047881872],[-58.23849742535147,-32.25499166007161],[-58.23849663199069,-32.254992904818444],[-58.238495969316865,-32.2549942035859],[-58.238495442373356,-32.25499554648961],[-58.23849505517052,-32.254996923309236],[-58.2384948106552,-32.25499832356638],[-58.238494710688315,-32.25499973660422]]]}},{"type":"Feature","properties":{},"geometry":{"type":"Polygon","coordinates":[[[-58.23847486709261,-32.25497093808576],[-58.238474884505045,-32.25497148150356],[-58.238474957587066,-32.254972021563916],[-58.238475085782504,-32.25497255415661],[-58.23847526811573,-32.254973075228335],[-58.23847550319905,-32.2549735808134],[-58.238475789243324,-32.25497406706397],[-58.23847612407164,-32.25497453027943],[-58.238476505135715,-32.25497496693441],[-58.23847692953543,-32.25497537370569],[-58.23847739404085,-32.25497574749752],[-58.238477895116795,-32.25497608546509],[-58.2384784289498,-32.25497638503628],[-58.23847899147705,-32.25497664393116],[-58.23847957841736,-32.25497686017939],[-58.238480185303786,-32.254977032135194],[-58.23848080751757,-32.254977158489886],[-58.238481440323234,-32.25497723828182],[-58.238482078904795,-32.25497727090375],[-58.23848271840224,-32.254977256107374],[-58.238483353948595,-32.25497719400532],[-58.23848398070699,-32.25497708507022],[-58.23848459390738,-32.25497693013114],[-58.238485188883,-32.254976730367254],[-58.23848576110567,-32.25497648729889],[-58.238486306220466,-32.254976202775936],[-58.23848682007869,-32.25497587896378],[-58.23848729876961,-32.25497551832686],[-58.238487738650086,-32.25497512360982],[-58.23848813637237,-32.25497469781667],[-58.23848848890954,-32.25497424418799],[-58.238488793578576,-32.254973766176185],[-58.238489048060785,-32.25497326741915],[-58.23848925041938,-32.254972751712785],[-58.23848939911431,-32.254972222981905],[-58.238489493013894,-32.25497168525047],[-58.23848953140352,-32.25497114261093],[-58.23848951399101,-32.254970599193115],[-58.23848944090889,-32.25497005913277],[-58.23848931271338,-32.25496952654008],[-58.23848913038008,-32.254969005468375],[-58.2384888952967,-32.25496849988336],[-58.238488609252336,-32.254968013632805],[-58.238488274424,-32.254967550417355],[-58.23848789335989,-32.25496711376242],[-58.23848746896015,-32.25496670699116],[-58.23848700445475,-32.25496633319939],[-58.238486503378816,-32.25496599523185],[-58.238485969545856,-32.25496569566071],[-58.23848540701864,-32.25496543676585],[-58.238484820078384,-32.25496522051765],[-58.238484213192024,-32.25496504856187],[-58.238483590978326,-32.25496492220719],[-58.23848295817274,-32.254964842415276],[-58.23848231959128,-32.254964809793364],[-58.23848168009391,-32.25496482458974],[-58.23848104454764,-32.25496488669178],[-58.238480417789326,-32.254964995626864],[-58.238479804589,-32.25496515056593],[-58.23847920961346,-32.2549653503298],[-58.238478637390834,-32.25496559339815],[-58.23847809227609,-32.25496587792105],[-58.23847757841787,-32.254966201733154],[-58.23847709972698,-32.25496656237006],[-58.2384766598465,-32.25496695708707],[-58.2384762621242,-32.254967382880174],[-58.238475909587,-32.25496783650882],[-58.23847560491793,-32.25496831452062],[-58.23847535043567,-32.25496881327759],[-58.238475148077,-32.25496932898394],[-58.23847499938201,-32.25496985771482],[-58.23847490548233,-32.25497039544623],[-58.23847486709261,-32.25497093808576]]]}},{"type":"Feature","properties":{},"geometry":{"type":"Polygon","coordinates":[[[-58.238458064490125,-32.25496571798038],[-58.23845808190242,-32.254966261398195],[-58.23845815498436,-32.254966801458544],[-58.23845828317968,-32.25496733405126],[-58.2384584655128,-32.25496785512301],[-58.238458700596006,-32.25496836070809],[-58.2384589866402,-32.25496884695871],[-58.2384593214684,-32.25496931017422],[-58.238459702532374,-32.254969746829225],[-58.23846012693199,-32.25497015360055],[-58.23846059143732,-32.25497052739244],[-58.23846109251316,-32.25497086536008],[-58.23846162634607,-32.25497116493134],[-58.238462188873235,-32.254971423826284],[-58.238462775813474,-32.25497164007461],[-58.23846338269984,-32.25497181203049],[-58.23846400491354,-32.25497193838526],[-58.23846463771915,-32.25497201817727],[-58.23846527630068,-32.254972050799275],[-58.23846591579809,-32.254972036003],[-58.238466551344416,-32.25497197390102],[-58.23846717810278,-32.254971864966016],[-58.23846779130317,-32.254971710027014],[-58.238468386278775,-32.25497151026319],[-58.238468958501464,-32.2549712671949],[-58.23846950361626,-32.25497098267203],[-58.238470017474526,-32.254970658859946],[-58.23847049616548,-32.25497029822308],[-58.238470936046006,-32.25496990350609],[-58.23847133376834,-32.25496947771303],[-58.23847168630556,-32.25496902408439],[-58.23847199097467,-32.254968546072604],[-58.23847224545695,-32.254968047315636],[-58.23847244781562,-32.25496753160929],[-58.23847259651062,-32.25496700287843],[-58.23847269041031,-32.25496646514701],[-58.238472728800026,-32.25496592250749],[-58.23847271138764,-32.25496537908968],[-58.23847263830562,-32.25496483902931],[-58.238472510110185,-32.25496430643661],[-58.238472327777004,-32.25496378536489],[-58.23847209269373,-32.25496327977983],[-58.23847180664949,-32.25496279352924],[-58.23847147182124,-32.254962330313774],[-58.238471090757244,-32.25496189365879],[-58.238470666357614,-32.25496148688749],[-58.238470201852294,-32.25496111309563],[-58.23846970077646,-32.25496077512804],[-58.23846916694358,-32.25496047555682],[-58.23846860441647,-32.25496021666189],[-58.23846801747627,-32.254960000413625],[-58.23846741058999,-32.25495982845774],[-58.23846678837637,-32.254959702103],[-58.23846615557083,-32.25495962231099],[-58.23846551698941,-32.254959589688994],[-58.23846487749207,-32.254959604485286],[-58.23846424194582,-32.25495966658725],[-58.23846361518755,-32.25495977552225],[-58.23846300198723,-32.254959930461254],[-58.23846240701168,-32.25496013022503],[-58.23846183478906,-32.254960373293294],[-58.2384612896743,-32.25496065781615],[-58.23846077581607,-32.25496098162818],[-58.23846029712511,-32.25496134226502],[-58.2384598572446,-32.25496173698196],[-58.238459459522254,-32.25496216277501],[-58.238459106985,-32.25496261640362],[-58.23845880231585,-32.254963094415345],[-58.238458547833524,-32.25496359317231],[-58.238458345474776,-32.25496410887862],[-58.23845819677968,-32.25496463760945],[-58.23845810287991,-32.25496517534087],[-58.238458064490125,-32.25496571798038]]]}},{"type":"Feature","properties":{},"geometry":{"type":"Polygon","coordinates":[[[-58.23846108549477,-32.254992272176416],[-58.23846111572267,-32.25499321555273],[-58.23846124259336,-32.25499415310051],[-58.23846146514128,-32.25499507768443],[-58.23846178167267,-32.25499598226784],[-58.23846218977857,-32.25499685996635],[-58.23846268635305,-32.2549977041001],[-58.23846326761688,-32.254998508244775],[-58.238463929146285,-32.25499926628029],[-58.238464665906626,-32.25499997243756],[-58.23846547229072,-32.25500062134232],[-58.23846634216151,-32.25500120805597],[-58.238467268898724,-32.2550017281133],[-58.23846824544933,-32.25500217755635],[-58.23846926438122,-32.25500255296458],[-58.23847031793968,-32.255002851480896],[-58.238471398106505,-32.25500307083344],[-58.23847249666097,-32.25500320935277],[-58.23847360524239,-32.25500326598469],[-58.23847471541381,-32.2550032402982],[-58.23847581872614,-32.255003132488774],[-58.238476906782495,-32.25500294337691],[-58.23847797130214,-32.25500267440186],[-58.238479004183404,-32.255002327610725],[-58.238479997565435,-32.25500190564274],[-58.238480943888035,-32.25500141170937],[-58.23848183594906,-32.25500084956975],[-58.238482666959406,-32.25500022350208],[-58.238483430594606,-32.254999538271136],[-58.2384841210429,-32.25499879909193],[-58.23848473304959,-32.254998011590075],[-58.23848526195691,-32.25499718175891],[-58.238485703739585,-32.25499631591398],[-58.23848605503536,-32.25499542064487],[-58.23848631317067,-32.25499450276512],[-58.23848647618097,-32.254993569260385],[-58.23848654282563,-32.25499262723517],[-58.23848651259746,-32.25499168385884],[-58.23848638572651,-32.2549907463111],[-58.23848616317835,-32.25498982172722],[-58.238485846646725,-32.25498891714385],[-58.23848543854062,-32.254988039445415],[-58.23848494196598,-32.25498719531174],[-58.238484360702024,-32.25498639116718],[-58.23848369917253,-32.25498563313175],[-58.23848296241215,-32.2549849269746],[-58.238482156028056,-32.254984278069955],[-58.23848128615733,-32.254983691356415],[-58.238480359420194,-32.25498317129919],[-58.23847938286972,-32.25498272185623],[-58.238478363938015,-32.254982346448074],[-58.23847731037974,-32.254982047931826],[-58.23847623021316,-32.25498182857936],[-58.23847513165894,-32.25498169006006],[-58.23847402307777,-32.25498163342816],[-58.23847291290664,-32.25498165911466],[-58.23847180959456,-32.254981766924075],[-58.23847072153844,-32.254981956035905],[-58.23846965701903,-32.254982225010885],[-58.23846862413796,-32.25498257180197],[-58.23846763075609,-32.254982993769865],[-58.23846668443363,-32.25498348770316],[-58.238465792372686,-32.25498404984266],[-58.23846496136237,-32.25498467591023],[-58.2384641977272,-32.25498536114105],[-58.23846350727884,-32.254986100320146],[-58.238462895272065,-32.254986887821914],[-58.23846236636459,-32.254987717652966],[-58.23846192458178,-32.25498858349782],[-58.23846157328578,-32.25498947876685],[-58.23846131515023,-32.25499039664653],[-58.238461152139685,-32.254991330151235],[-58.23846108549477,-32.254992272176416]]]}},{"type":"Feature","properties":{},"geometry":{"type":"Polygon","coordinates":[[[-58.23848558527273,-32.254953988113755],[-58.2384856155009,-32.25495493149007],[-58.23848574237181,-32.25495586903781],[-58.23848596491989,-32.254956793621695],[-58.23848628145143,-32.25495769820507],[-58.238486689557405,-32.254958575903494],[-58.23848718613194,-32.25495942003716],[-58.23848776739576,-32.25496022418172],[-58.2384884289251,-32.25496098221711],[-58.23848916568536,-32.25496168837425],[-58.238489972069296,-32.254962337278826],[-58.238490841939885,-32.25496292399232],[-58.23849176867688,-32.254963444049466],[-58.23849274522723,-32.25496389349233],[-58.2384937641588,-32.25496426890033],[-58.23849481771692,-32.25496456741645],[-58.23849589788337,-32.25496478676876],[-58.238496996437426,-32.254964925287865],[-58.238498105018394,-32.25496498191956],[-58.23849921518934,-32.25496495623283],[-58.238500318501195,-32.25496484842316],[-58.23850140655706,-32.25496465931107],[-58.23850247107619,-32.25496439033581],[-58.23850350395693,-32.25496404354444],[-58.23850449733844,-32.254963621576245],[-58.23850544366049,-32.25496312764268],[-58.23850633572099,-32.25496256550286],[-58.23850716673083,-32.254961939435],[-58.2385079303655,-32.2549612542039],[-58.2385086208133,-32.254960515024536],[-58.23850923281952,-32.25495972752252],[-58.238509761726384,-32.25495889769125],[-58.23851020350861,-32.2549580318462],[-58.23851055480399,-32.254957136577026],[-58.23851081293894,-32.2549562186972],[-58.23851097594889,-32.25495528519243],[-58.238511042593245,-32.25495434316717],[-58.23851101236482,-32.25495339979085],[-58.23851088549365,-32.2549524622431],[-58.23851066294533,-32.254951537659245],[-58.23851034641358,-32.25495063307594],[-58.23850993830738,-32.254949755377574],[-58.23850944173268,-32.254948911244],[-58.238508860468734,-32.25494810709952],[-58.2385081989393,-32.25494734906425],[-58.23850746217901,-32.25494664290722],[-58.23850665579507,-32.254945994002746],[-58.238505785924524,-32.25494540728936],[-58.23850485918763,-32.25494488723232],[-58.238503882637424,-32.254944437789575],[-58.238502863706,-32.25494406238165],[-58.238501810148094,-32.2549437638656],[-58.23850072998188,-32.254943544513345],[-58.23849963142808,-32.25494340599428],[-58.23849852284737,-32.25494334936263],[-58.23849741267668,-32.25494337504935],[-58.23849630936508,-32.254943482859],[-58.23849522130948,-32.25494367197105],[-58.23849415679057,-32.25494394094626],[-58.23849312391003,-32.25494428773755],[-58.238492130528684,-32.25494470970566],[-58.238491184206765,-32.25494520363916],[-58.23849029214635,-32.25494576577888],[-58.23848946113656,-32.25494639184661],[-58.23848869750188,-32.25494707707761],[-58.238488007054016,-32.25494781625686],[-58.23848739504773,-32.25494860375878],[-58.23848686614072,-32.25494943358994],[-58.238486424358314,-32.254950299434896],[-58.238486073062745,-32.254951194704006],[-58.238485814927564,-32.25495211258375],[-58.23848565191736,-32.25495304608851],[-58.23848558527273,-32.254953988113755]]]}},{"type":"Feature","properties":{},"geometry":{"type":"Polygon","coordinates":[[[-58.238428557513345,-32.254981411550254],[-58.23842859277885,-32.25498251215595],[-58.23842874079425,-32.254983605961705],[-58.23842900043305,-32.25498468464301],[-58.23842936971928,-32.25498573999041],[-58.23842984584241,-32.254986763972106],[-58.2384304251789,-32.25498774879496],[-58.2384311033196,-32.25498868696387],[-58.23843187510351,-32.25498957133884],[-58.238432734656875,-32.254990395189196],[-58.23843367543795,-32.25499115224497],[-58.23843469028682,-32.25499183674448],[-58.23843577147992,-32.254992443478294],[-58.238436910788664,-32.25499296782879],[-58.23843809954225,-32.25499340580534],[-58.238439328693545,-32.254993754074675],[-58.23844058888793,-32.25499400998626],[-58.23844187053461,-32.25499417159247],[-58.23844316387943,-32.25499423766335],[-58.23844445907929,-32.254994207696065],[-58.2384457462769,-32.2549940819187],[-58.23844701567593,-32.25499386128852],[-58.238448257615474,-32.25499354748458],[-58.2384494626436,-32.254993142895195],[-58.23845062158936,-32.25499265059949],[-58.23845172563243,-32.254992074344145],[-58.23845276637038,-32.254991418514834],[-58.23845373588258,-32.25499068810277],[-58.23845462679044,-32.254989888666884],[-58.238455432313636,-32.254989026291334],[-58.238456146321624,-32.25498810753933],[-58.238456763380405,-32.25498713940312],[-58.23845727879375,-32.25498612925083],[-58.2384576886391,-32.254985084770325],[-58.238457989797254,-32.254984013910686],[-58.23845817997623,-32.25498292482188],[-58.23845825772867,-32.25498182579247],[-58.23845822246282,-32.25498072518676],[-58.23845807444707,-32.25497963138104],[-58.238457814807916,-32.254978552699804],[-58.2384574455214,-32.25497749735247],[-58.23845696939797,-32.25497647337086],[-58.23845639006127,-32.254975488548126],[-58.23845571192037,-32.254974550379316],[-58.23845494013635,-32.25497366600451],[-58.23845408058294,-32.2549728421543],[-58.23845313980187,-32.25497208509868],[-58.23845212495306,-32.25497140059932],[-58.23845104376011,-32.25497079386564],[-58.238449904451535,-32.25497026951528],[-58.23844871569817,-32.25496983153885],[-58.238447486547166,-32.254969483269605],[-58.23844622635308,-32.25496922735812],[-58.23844494470676,-32.254969065751965],[-58.238443651362275,-32.254968999681104],[-58.23844235616278,-32.25496902964838],[-58.23844106896553,-32.254969155425734],[-58.238439799566834,-32.25496937605589],[-58.23843855762759,-32.254969689859735],[-58.23843735259972,-32.25497009444904],[-58.238436193654216,-32.254970586744626],[-58.238435089611315,-32.25497116299983],[-58.23843404887348,-32.25497181882901],[-58.23843307936134,-32.25497254924092],[-58.23843218845347,-32.25497334867665],[-58.238431382930216,-32.25497421105205],[-58.23843066892209,-32.25497512980392],[-58.23843005186313,-32.25497609793999],[-58.23842953644954,-32.25497710809217],[-58.238429126603926,-32.25497815257259],[-58.238428825445446,-32.25497922343212],[-58.238428635266125,-32.25498031252087],[-58.238428557513345,-32.254981411550254]]]}},{"type":"Feature","properties":{},"geometry":{"type":"Polygon","coordinates":[[[-58.238437651639444,-32.25494013340603],[-58.238437696980945,-32.25494154847052],[-58.238437887286544,-32.2549429547922],[-58.238438221107884,-32.254944341668136],[-58.23843869590441,-32.25494569854334],[-58.238439308062624,-32.25494701509118],[-58.23844005292366,-32.25494828129194],[-58.238440924818654,-32.25494948750905],[-58.23844191711197,-32.2549506245625],[-58.23844302225167,-32.25495168379858],[-58.23844423182696,-32.25495265715588],[-58.238445536632256,-32.25495353722657],[-58.23844692673716,-32.25495431731276],[-58.238448391562194,-32.25495499147753],[-58.23844991995912,-32.25495555459008],[-58.238451500295916,-32.254956002364786],[-58.238453120545245,-32.25495633139379],[-58.23845476837603,-32.254956539173],[-58.23845643124729,-32.25495662412107],[-58.238458096503564,-32.25495658559152],[-58.23845975147124,-32.25495642387756],[-58.238461383554956,-32.254956140209956],[-58.23846298033366,-32.25495573674756],[-58.23846452965482,-32.25495521656098],[-58.23846601972718,-32.25495458360915],[-58.2384674392104,-32.25495384270923],[-58.238468777301335,-32.25495299949991],[-58.23847002381632,-32.25495206039852],[-58.238471169268614,-32.25495103255219],[-58.23847220494062,-32.254949923783464],[-58.23847312295027,-32.25494874253072],[-58.238473916310944,-32.254947497784045],[-58.238474578984714,-32.254946199016686],[-58.2384751059282,-32.25494485611307],[-58.23847549313109,-32.254943479293495],[-58.238475737646496,-32.25494207903638],[-58.23847583761357,-32.25494066599853],[-58.238475792271466,-32.25493925093405],[-58.23847560196529,-32.25493784461241],[-58.23847526814338,-32.254936457736555],[-58.23847479334636,-32.25493510086146],[-58.23847418118769,-32.25493378431378],[-58.23847343632629,-32.254932518113186],[-58.238472564431,-32.25493131189629],[-58.23847157213749,-32.254930174843096],[-58.2384704669977,-32.25492911560724],[-58.23846925742242,-32.25492814225021],[-58.23846795261723,-32.25492726217976],[-58.238466562512514,-32.25492648209378],[-58.23846509768779,-32.25492580792924],[-58.238463569291255,-32.25492524481688],[-58.23846198895493,-32.25492479704236],[-58.238460368706114,-32.254924468013485],[-58.23845872087588,-32.25492426023437],[-58.23845705800521,-32.254924175286334],[-58.238455392749536,-32.2549242138159],[-58.238453737782464,-32.25492437552981],[-58.23845210569926,-32.25492465919735],[-58.23845050892108,-32.254925062659616],[-58.23844895960037,-32.254925582846035],[-58.238447469528374,-32.25492621579768],[-58.23844605004546,-32.2549269566974],[-58.23844471195472,-32.254927799906504],[-58.23844346543982,-32.254928739007646],[-58.23844231998753,-32.25492976685373],[-58.238441284315414,-32.254930875622215],[-58.238440366305554,-32.25493205687468],[-58.238439572944564,-32.25493330162117],[-58.23843891027041,-32.254934600388324],[-58.23843838332647,-32.254935943291784],[-58.23843799612307,-32.25493732011123],[-58.23843775160709,-32.254938720368244],[-58.238437651639444,-32.25494013340603]]]}},{"type":"Feature","properties":{},"geometry":{"type":"Polygon","coordinates":[[[-58.23837697037972,-32.2550790161437],[-58.23837710892023,-32.25508333995173],[-58.238377690407276,-32.25508763704587],[-58.23837871041546,-32.25509187472267],[-58.23838016118192,-32.255096020730825],[-58.238382031665566,-32.2551000435167],[-58.23838430763092,-32.25510391246444],[-58.238386971756505,-32.255107598129015],[-58.238390003766796,-32.25511107246026],[-58.23839338058638,-32.255114309016385],[-58.23839707651558,-32.255117283165234],[-58.23840106342622,-32.2551199722717],[-58.238405310975445,-32.25512235587002],[-58.23840978683681,-32.25512441581957],[-58.238414456946316,-32.25512613644287],[-58.23841928576152,-32.25512750464489],[-58.23842423653221,-32.2551285100128],[-58.23842927157997,-32.2551291448951],[-58.238434352584974,-32.255129404459964],[-58.23843944087765,-32.25512928673194],[-58.238444497732964,-32.255128792606996],[-58.23844948466511,-32.25512792584572],[-58.23845436372049,-32.25512669304472],[-58.23845909776649,-32.25512510358636],[-58.23846365077408,-32.25512316956737],[-58.238467988092104,-32.255120905706875],[-58.23847207671095,-32.255118329234186],[-58.238475885513715,-32.25511545975789],[-58.238479385513095,-32.255112319116414],[-58.238482550071964,-32.255108931211986],[-58.23848535510617,-32.255105321828616],[-58.238487779267714,-32.25510151843596],[-58.238489804107296,-32.255097549980114],[-58.23849141421469,-32.255093446663444],[-58.23849259733609,-32.25508923971471],[-58.238493344467265,-32.25508496115131],[-58.238493649922134,-32.25508064353574],[-58.23849351137609,-32.25507631972767],[-58.23849292988361,-32.25507202263384],[-58.23849190987026,-32.25506778495778],[-58.23849045909902,-32.255063638950745],[-58.23848858861119,-32.25505961616631],[-58.23848631264235,-32.255055747220304],[-58.23848364851404,-32.25505206155772],[-58.238480616501924,-32.25504858722862],[-58.23847723968146,-32.25504535067479],[-58.23847354375232,-32.25504237652825],[-58.23846955684273,-32.2550396874241],[-58.23846530929546,-32.255037303827976],[-58.23846083343692,-32.25503524388048],[-58.238456163331044,-32.255033523259],[-58.238451334520114,-32.25503215505852],[-58.23844638375426,-32.25503114969184],[-58.238441348711724,-32.25503051481039],[-58.23843626771219,-32.255030255246],[-58.23843117942505,-32.2550303729741],[-58.23842612257517,-32.25503086709871],[-58.23842113564821,-32.25503173385924],[-58.23841625659758,-32.25503296665914],[-58.23841152255577,-32.255034556116065],[-58.23840696955169,-32.25503649013331],[-58.238402632236365,-32.25503875399183],[-58.23839854361933,-32.25504133046235],[-58.23839473481748,-32.25504419993639],[-58.238391234818025,-32.25504734057552],[-58.23838807025811,-32.25505072847766],[-58.23838526522196,-32.2550543378588],[-58.23838284105758,-32.25505814124943],[-58.238380816214374,-32.255062109703445],[-58.238379206102685,-32.25506621301856],[-58.23837802297647,-32.25507041996608],[-58.238377275840065,-32.25507469852862],[-58.23837697037972,-32.2550790161437]]]}},{"type":"Feature","properties":{},"geometry":{"type":"Polygon","coordinates":[[[-58.23796154113766,-32.254970989647695],[-58.237961571360394,-32.25497193302396],[-58.2379616982259,-32.25497287057204],[-58.237961920768655,-32.25497379515667],[-58.23796223729497,-32.25497469974116],[-58.2379626453959,-32.25497557744112],[-58.23796314196556,-32.25497642157668],[-58.23796372322474,-32.254977225723465],[-58.23796438474972,-32.25497798376147],[-58.23796512150589,-32.2549786899215],[-58.23796592788609,-32.25497933882932],[-58.23796679775329,-32.2549799255463],[-58.23796772448727,-32.254980445607195],[-58.23796870103501,-32.25498089505402],[-58.23796971996442,-32.25498127046619],[-58.237970773520786,-32.25498156898663],[-58.23797185368596,-32.25498178834338],[-58.23797295223919,-32.254981926867025],[-58.23797406081982,-32.25498198350331],[-58.23797517099089,-32.2549819578212],[-58.23797627430336,-32.25498185001615],[-58.2379773623603,-32.254981660908626],[-58.23797842688094,-32.25498139193784],[-58.237979459763686,-32.254981045150835],[-58.2379804531476,-32.25498062318686],[-58.23798139947249,-32.25498012925731],[-58.237982291536206,-32.25497956712133],[-58.23798312254963,-32.254978941057054],[-58.23798388618824,-32.25497825582927],[-58.23798457664029,-32.254977516652914],[-58.237985188651024,-32.254976729153626],[-58.237985717562665,-32.25497589932471],[-58.237986159349866,-32.25497503348168],[-58.23798651065039,-32.254974138214145],[-58.23798676879061,-32.25497322033559],[-58.23798693180594,-32.25497228683168],[-58.23798699845573,-32.25497134480689],[-58.23798696823273,-32.25497040143063],[-58.23798684136697,-32.25496946388255],[-58.23798661882397,-32.25496853929797],[-58.237986302297415,-32.25496763471352],[-58.23798589419629,-32.25496675701365],[-58.237985397626474,-32.25496591287817],[-58.23798481636715,-32.25496510873147],[-58.237984154842096,-32.25496435069359],[-58.237983418085875,-32.25496364453363],[-58.237982611705675,-32.25496299562594],[-58.23798174183854,-32.25496240890906],[-58.23798081510465,-32.25496188884827],[-58.23797983855704,-32.254961439401555],[-58.237978819627806,-32.25496106398948],[-58.23797776607162,-32.2549607654691],[-58.23797668590671,-32.25496054611241],[-58.237975587353716,-32.254960407588804],[-58.23797447877333,-32.25496035095255],[-58.23797336860251,-32.254960376634656],[-58.23797226529033,-32.25496048443969],[-58.23797117723363,-32.25496067354718],[-58.2379701127132,-32.254960942517926],[-58.23796907983068,-32.25496128930485],[-58.23796808644693,-32.25496171126874],[-58.23796714012218,-32.25496220519818],[-58.237966248058534,-32.25496276733409],[-58.23796541704515,-32.254963393398235],[-58.23796465340654,-32.25496407862593],[-58.237963962954446,-32.254964817802154],[-58.237963350943616,-32.25496560530135],[-58.23796282203185,-32.254966435130164],[-58.237962380244454,-32.2549673009731],[-58.23796202894375,-32.254968196240576],[-58.237961770803274,-32.254969114119056],[-58.237961607787696,-32.254970047622955],[-58.23796154113766,-32.254970989647695]]]}},{"type":"Feature","properties":{},"geometry":{"type":"Polygon","coordinates":[[[-58.23796976819286,-32.254949545793245],[-58.23796979841568,-32.2549504891695],[-58.237969925281256,-32.25495142671758],[-58.23797014782406,-32.254952351302194],[-58.23797046435039,-32.254953255886676],[-58.23797087245131,-32.2549541335866],[-58.23797136902094,-32.25495497772213],[-58.23797195028007,-32.254955781868894],[-58.23797261180497,-32.25495653990684],[-58.237973348561034,-32.254957246066844],[-58.23797415494112,-32.25495789497459],[-58.23797502480817,-32.2549584816915],[-58.237975951542,-32.25495900175235],[-58.237976928089545,-32.2549594511991],[-58.23797794701876,-32.25495982661119],[-58.23797900057493,-32.254960125131554],[-58.23798008073986,-32.25496034448823],[-58.23798117929285,-32.254960483011786],[-58.23798228787324,-32.254960539648],[-58.23798339804406,-32.25496051396581],[-58.23798450135624,-32.254960406160684],[-58.237985589412915,-32.254960217053075],[-58.23798665393329,-32.25495994808221],[-58.23798768681574,-32.25495960129512],[-58.23798868019939,-32.254959179331074],[-58.23798962652401,-32.254958685401455],[-58.237990518587466,-32.254958123265396],[-58.23799134960064,-32.25495749720106],[-58.23799211323901,-32.25495681197321],[-58.237992803690815,-32.2549560727968],[-58.23799341570132,-32.25495528529745],[-58.23799394461275,-32.25495445546849],[-58.23799438639977,-32.25495358962544],[-58.23799473770011,-32.25495269435787],[-58.23799499584019,-32.254951776479295],[-58.23799515885539,-32.254950842975354],[-58.23799522550505,-32.25494990095057],[-58.23799519528196,-32.25494895757431],[-58.23799506841614,-32.25494802002623],[-58.2379948458731,-32.25494709544165],[-58.23799452934653,-32.25494619085722],[-58.237994121245414,-32.25494531315736],[-58.237993624675624,-32.254944469021915],[-58.23799304341636,-32.25494366487524],[-58.23799238189137,-32.254942906837414],[-58.23799164513525,-32.25494220067752],[-58.23799083875519,-32.25494155176987],[-58.23798996888818,-32.254940965053066],[-58.23798904215445,-32.25494044499232],[-58.23798806560702,-32.25493999554568],[-58.23798704667799,-32.25493962013367],[-58.23798599312203,-32.25493932161339],[-58.23798491295733,-32.254939102256756],[-58.23798381440458,-32.25493896373324],[-58.23798270582444,-32.25493890709706],[-58.2379815956539,-32.25493893277926],[-58.23798049234197,-32.25493904058437],[-58.23797940428556,-32.254939229691956],[-58.2379783397654,-32.25493949866277],[-58.23797730688315,-32.25493984544977],[-58.23797631349967,-32.25494026741374],[-58.23797536717519,-32.25494076134326],[-58.2379744751118,-32.25494132347921],[-58.23797364409869,-32.25494194954344],[-58.23797288046032,-32.2549426347712],[-58.23797219000845,-32.25494337394746],[-58.23797157799786,-32.25494416144671],[-58.23797104908628,-32.25494499127558],[-58.2379706072991,-32.25494585711855],[-58.23797025599854,-32.25494675238605],[-58.23796999785823,-32.25494767026456],[-58.237969834842794,-32.25494860376846],[-58.23796976819286,-32.254949545793245]]]}},{"type":"Feature","properties":{},"geometry":{"type":"Polygon","coordinates":[[[-58.23798042675059,-32.25492855024713],[-58.23798045697352,-32.25492949362341],[-58.237980583839175,-32.25493043117147],[-58.237980806382055,-32.254931355756085],[-58.23798112290842,-32.25493226034054],[-58.23798153100936,-32.25493313804044],[-58.237982027579,-32.25493398217592],[-58.2379826088381,-32.25493478632265],[-58.23798327036295,-32.254935544360514],[-58.23798400711893,-32.25493625052046],[-58.23798481349891,-32.25493689942815],[-58.23798568336585,-32.254937486144996],[-58.237986610099526,-32.254938006205755],[-58.237987586646916,-32.254938455652415],[-58.23798860557594,-32.254938831064415],[-58.237989659131905,-32.25493912958468],[-58.237990739296635,-32.25493934894126],[-58.237991837849385,-32.254939487464725],[-58.23799294642954,-32.25493954410082],[-58.237994056600094,-32.25493951841853],[-58.23799515991202,-32.25493941061331],[-58.23799624796841,-32.25493922150559],[-58.237997312488524,-32.25493895253462],[-58.2379983453707,-32.25493860574745],[-58.237999338754065,-32.25493818378331],[-58.23800028507839,-32.254937689853584],[-58.23800117714159,-32.25493712771743],[-58.238002008154474,-32.25493650165303],[-58.23800277179259,-32.2549358164251],[-58.238003462244144,-32.25493507724863],[-58.23800407425443,-32.254934289749215],[-58.23800460316563,-32.25493345992021],[-58.23800504495244,-32.2549325940771],[-58.2380053962526,-32.254931698809486],[-58.2380056543925,-32.25493078093088],[-58.23800581740753,-32.2549298474269],[-58.238005884057074,-32.254928905402096],[-58.23800585383386,-32.25492796202585],[-58.238005726967934,-32.25492702447779],[-58.238005504424834,-32.25492609989322],[-58.23800518789823,-32.254925195308815],[-58.23800477979709,-32.25492431760899],[-58.23800428322728,-32.25492347347359],[-58.238003701968054,-32.254922669326966],[-58.238003040443125,-32.25492191128917],[-58.23800230368709,-32.254921205129364],[-58.23800149730712,-32.25492055622178],[-58.238000627440215,-32.25491996950503],[-58.23799970070663,-32.25491944944439],[-58.237998724159375,-32.25491899999783],[-58.23799770523053,-32.254918624585905],[-58.237996651674756,-32.25491832606572],[-58.23799557151027,-32.25491810670919],[-58.237994472957766,-32.254917968185765],[-58.23799336437787,-32.254917911549704],[-58.237992254207576,-32.254917937231994],[-58.23799115089592,-32.25491804503721],[-58.23799006283976,-32.25491823414489],[-58.23798899831989,-32.25491850311579],[-58.23798796543792,-32.2549188499029],[-58.23798697205471,-32.254919271866974],[-58.237986025730514,-32.254919765796586],[-58.237985133667415,-32.25492032793264],[-58.237984302654546,-32.25492095399694],[-58.23798353901644,-32.254921639224754],[-58.237982848564826,-32.25492237840111],[-58.237982236554465,-32.25492316590043],[-58.23798170764314,-32.25492399572933],[-58.23798126585615,-32.254924861572356],[-58.23798091455579,-32.25492575683991],[-58.23798065641565,-32.25492667471844],[-58.23798049340038,-32.25492760822236],[-58.23798042675059,-32.25492855024713]]]}},{"type":"Feature","properties":{},"geometry":{"type":"Polygon","coordinates":[[[-58.23798865379708,-32.25490710639104],[-58.2379886840201,-32.2549080497673],[-58.23798881088584,-32.25490898731536],[-58.237989033428754,-32.254909911899965],[-58.23798934995515,-32.25491081648439],[-58.23798975805608,-32.254911694184266],[-58.237990254625686,-32.254912538319715],[-58.23799083588472,-32.25491334246641],[-58.2379914974095,-32.25491410050426],[-58.23799223416539,-32.25491480666413],[-58.23799304054525,-32.254915455571755],[-58.237993910412044,-32.25491604228854],[-58.23799483714555,-32.25491656234923],[-58.23799581369277,-32.254917011795825],[-58.23799683262159,-32.254917387207776],[-58.23799788617736,-32.25491768572796],[-58.23799896634185,-32.25491790508445],[-58.23800006489435,-32.254918043607844],[-58.23800117347426,-32.25491810024387],[-58.23800228364457,-32.25491807456149],[-58.238003386956215,-32.25491796675618],[-58.23800447501234,-32.254917777648366],[-58.23800553953216,-32.25491750867734],[-58.238006572414065,-32.25491716189007],[-58.238007565797155,-32.25491673992585],[-58.238008512121226,-32.254916245996064],[-58.238009404184155,-32.25491568385985],[-58.23801023519679,-32.254915057795365],[-58.23801099883466,-32.254914372567384],[-58.23801168928597,-32.254913633390856],[-58.23801230129601,-32.2549128458914],[-58.238012830207026,-32.25491201606235],[-58.238013271993644,-32.254911150219186],[-58.23801362329362,-32.25491025495155],[-58.238013881433375,-32.254909337072924],[-58.23801404444826,-32.25490840356895],[-58.238014111097705,-32.25490746154413],[-58.23801408087441,-32.254906518167864],[-58.238013954008416,-32.2549055806198],[-58.23801373146527,-32.254904656035244],[-58.23801341493865,-32.254903751450854],[-58.238013006837505,-32.25490287375105],[-58.238012510267744,-32.254902029615685],[-58.238011929008564,-32.25490122546909],[-58.23801126748369,-32.25490046743136],[-58.23801053072777,-32.254899761271574],[-58.23800972434791,-32.254899112364065],[-58.238008854481166,-32.254898525647384],[-58.238007927747745,-32.254898005586796],[-58.238006951200674,-32.2548975561403],[-58.23800593227202,-32.254897180728456],[-58.238004878716474,-32.254896882208335],[-58.238003798552214,-32.2548966628519],[-58.23800269999994,-32.25489652432856],[-58.238001591420314,-32.25489646769256],[-58.23800048125026,-32.25489649337493],[-58.23799937793887,-32.254896601180235],[-58.237998289882995,-32.254896790287994],[-58.23799722536339,-32.254897059258994],[-58.23799619248169,-32.25489740604617],[-58.23799519909877,-32.254897828010314],[-58.237994252774826,-32.254898321940004],[-58.23799336071199,-32.254898884076106],[-58.23799252969939,-32.254899510140476],[-58.23799176606152,-32.254900195368364],[-58.237991075610154,-32.25490093454477],[-58.2379904636,-32.254901722044124],[-58.23798993468887,-32.254902551873094],[-58.23798949290209,-32.25490341771615],[-58.23798914160191,-32.25490431298373],[-58.237988883461924,-32.25490523086229],[-58.237988720446765,-32.25490616436624],[-58.23798865379708,-32.25490710639104]]]}},{"type":"Feature","properties":{},"geometry":{"type":"Polygon","coordinates":[[[-58.237999288327416,-32.25488735397771],[-58.23799931855056,-32.25488829735398],[-58.237999445416385,-32.25488923490207],[-58.237999667959365,-32.25489015948662],[-58.237999984485796,-32.254891064071046],[-58.23800039258678,-32.25489194177088],[-58.238000889156375,-32.254892785906286],[-58.238001470415384,-32.25489359005292],[-58.238002131940114,-32.254894348090716],[-58.23800286869595,-32.25489505425055],[-58.23800367507572,-32.25489570315809],[-58.2380045449424,-32.25489628987482],[-58.23800547167579,-32.25489680993541],[-58.23800644822284,-32.25489725938191],[-58.23800746715151,-32.25489763479377],[-58.23800852070707,-32.25489793331385],[-58.238009600871365,-32.25489815267028],[-58.23801069942367,-32.254898291193555],[-58.23801180800333,-32.25489834782947],[-58.238012918173396,-32.25489832214699],[-58.23801402148479,-32.25489821434157],[-58.238015109540676,-32.25489802523368],[-58.23801617406025,-32.25489775626253],[-58.238017206941876,-32.25489740947517],[-58.23801820032471,-32.254896987510854],[-58.2380191466485,-32.25489649358099],[-58.23802003871116,-32.254895931444686],[-58.23802086972354,-32.25489530538014],[-58.23802163336116,-32.254894620152065],[-58.23802232381224,-32.25489388097547],[-58.238022935822066,-32.254893093475935],[-58.23802346473284,-32.25489226364684],[-58.23802390651926,-32.254891397803654],[-58.238024257819056,-32.25489050253595],[-58.238024515958614,-32.25488958465732],[-58.238024678973375,-32.2548886511533],[-58.23802474562267,-32.25488770912848],[-58.23802471539926,-32.254886765752204],[-58.238024588533186,-32.25488582820413],[-58.238024365989965,-32.2548849036196],[-58.23802404946328,-32.254883999035236],[-58.23802364136212,-32.254883121335475],[-58.23802314479237,-32.254882277200146],[-58.23802256353321,-32.2548814730536],[-58.23802190200839,-32.254880715015915],[-58.238021165252526,-32.2548800088562],[-58.23802035887276,-32.25487935994875],[-58.23801948900611,-32.25487877323215],[-58.238018562272835,-32.254878253171654],[-58.2380175857259,-32.25487780372524],[-58.23801656679742,-32.25487742831348],[-58.23801551324204,-32.25487712979347],[-58.238014433078,-32.25487691043711],[-58.23801333452593,-32.254876771913864],[-58.23801222594655,-32.25487671527798],[-58.23801111577674,-32.254876740960434],[-58.238010012465594,-32.25487684876585],[-58.23800892440996,-32.254877037873726],[-58.238007859890615,-32.25487730684481],[-58.23800682700919,-32.2548776536321],[-58.23800583362652,-32.25487807559633],[-58.238004887302836,-32.2548785695261],[-58.23800399524027,-32.254879131662314],[-58.23800316422793,-32.25487975772676],[-58.238002400590304,-32.25488044295472],[-58.23800171013919,-32.25488118213119],[-58.238001098129274,-32.25488196963062],[-58.23800056921836,-32.25488279945963],[-58.23800012743178,-32.25488366530273],[-58.23799977613178,-32.25488456057034],[-58.23799951799197,-32.25488547844895],[-58.23799935497698,-32.25488641195291],[-58.237999288327416,-32.25488735397771]]]}},{"type":"Feature","properties":{},"geometry":{"type":"Polygon","coordinates":[[[-58.23800751536535,-32.25486591011994],[-58.23800754558858,-32.25486685349622],[-58.23800767245446,-32.25486779104429],[-58.23800789499749,-32.25486871562885],[-58.23800821152396,-32.25486962021325],[-58.238008619624914,-32.254870497913046],[-58.23800911619448,-32.254871342048446],[-58.238009697453464,-32.25487214619503],[-58.23801035897811,-32.25487290423279],[-58.23801109573383,-32.254873610392565],[-58.238011902113485,-32.25487425930005],[-58.238012771980024,-32.25487484601672],[-58.23801369871325,-32.25487536607725],[-58.23801467526013,-32.25487581552368],[-58.23801569418858,-32.25487619093546],[-58.23801674774395,-32.25487648945546],[-58.238017827908,-32.254876708811814],[-58.23801892646007,-32.25487684733502],[-58.23802003503948,-32.25487690397085],[-58.23802114520928,-32.25487687828829],[-58.23802224852042,-32.254876770482795],[-58.23802333657601,-32.25487658137481],[-58.23802440109531,-32.25487631240359],[-58.23802543397667,-32.25487596561616],[-58.23802642735924,-32.25487554365176],[-58.23802737368276,-32.25487504972182],[-58.23802826574517,-32.25487448758545],[-58.23802909675729,-32.25487386152083],[-58.23802986039464,-32.25487317629269],[-58.238030550845494,-32.254872437116056],[-58.2380311628551,-32.254871649616476],[-58.23803169176567,-32.25487081978733],[-58.23803213355189,-32.2548699539441],[-58.23803248485151,-32.25486905867639],[-58.23803274299094,-32.254868140797704],[-58.238032906005564,-32.25486720729368],[-58.238032972654736,-32.25486626526883],[-58.238032942431246,-32.25486532189256],[-58.238032815565106,-32.254864384344486],[-58.238032593021835,-32.254863459759974],[-58.23803227649513,-32.25486255517562],[-58.238031868393975,-32.25486167747589],[-58.23803137182425,-32.25486083334059],[-58.23803079056515,-32.25486002919409],[-58.23803012904041,-32.25485927115644],[-58.23802939228464,-32.25485856499677],[-58.238028585904985,-32.254857916089385],[-58.238027716038495,-32.254857329372825],[-58.238026789305366,-32.254856809312415],[-58.238025812758615,-32.25485635986607],[-58.23802479383034,-32.25485598445438],[-58.23802374027518,-32.25485568593445],[-58.238022660111355,-32.25485546657816],[-58.23802156155955,-32.25485532805499],[-58.2380204529804,-32.254855271419174],[-58.23801934281084,-32.25485529710174],[-58.23801823949997,-32.254855404907225],[-58.23801715144463,-32.254855594015176],[-58.23801608692555,-32.254855862986346],[-58.23801505404438,-32.25485620977371],[-58.238014060661996,-32.254856631738015],[-58.2380131143386,-32.25485712566786],[-58.23801222227629,-32.25485768780414],[-58.2380113912642,-32.25485831386867],[-58.23801062762683,-32.25485899909667],[-58.23800993717594,-32.254859738273204],[-58.23800932516624,-32.25486052577268],[-58.23800879625553,-32.254861355601726],[-58.238008354469144,-32.25486222144487],[-58.23800800316932,-32.25486311671252],[-58.23800774502966,-32.25486403459113],[-58.2380075820148,-32.25486496809511],[-58.23800751536535,-32.25486591011994]]]}},{"type":"Feature","properties":{},"geometry":{"type":"Polygon","coordinates":[[[-58.238018181913596,-32.25484449998535],[-58.23801821213693,-32.25484544336163],[-58.23801833900291,-32.25484638090971],[-58.238018561546,-32.25484730549424],[-58.238018878072516,-32.25484821007862],[-58.2380192861735,-32.2548490877784],[-58.23801978274305,-32.254849931913746],[-58.23802036400199,-32.25485073606029],[-58.238021025526585,-32.25485149409799],[-58.238021762282244,-32.25485220025771],[-58.23802256866178,-32.254852849165125],[-58.23802343852819,-32.25485343588172],[-58.238024365261275,-32.25485395594216],[-58.238025341808,-32.254854405388514],[-58.23802636073626,-32.254854780800194],[-58.23802741429141,-32.25485507932011],[-58.23802849445526,-32.25485529867635],[-58.23802959300708,-32.25485543719946],[-58.23803070158624,-32.25485549383519],[-58.23803181175579,-32.25485546815254],[-58.238032915066654,-32.25485536034692],[-58.238034003121975,-32.25485517123884],[-58.23803506764099,-32.25485490226752],[-58.23803610052208,-32.25485455547998],[-58.23803709390434,-32.2548541335155],[-58.238038040227586,-32.25485363958547],[-58.23803893228972,-32.254853077449006],[-58.23803976330157,-32.2548524513843],[-58.238040526938676,-32.254851766156094],[-58.23804121738927,-32.25485102697938],[-58.23804182939862,-32.254850239479744],[-58.23804235830896,-32.25484940965054],[-58.238042800094966,-32.254848543807256],[-58.23804315139439,-32.254847648539496],[-58.23804340953364,-32.2548467306608],[-58.2380435725481,-32.25484579715675],[-58.238043639197144,-32.2548448551319],[-58.23804360897353,-32.25484391175563],[-58.23804348210731,-32.254842974207556],[-58.23804325956396,-32.25484204962306],[-58.238042943037236,-32.25484114503872],[-58.23804253493605,-32.254840267339006],[-58.238042038366316,-32.25483942320375],[-58.23804145710725,-32.254838619057296],[-58.23804079558258,-32.25483786101971],[-58.238040058826876,-32.254837154860105],[-58.23803925244734,-32.25483650595278],[-58.238038382580974,-32.25483591923633],[-58.23803745584799,-32.254835399175974],[-58.23803647930141,-32.25483494972971],[-58.23803546037331,-32.254834574318124],[-58.238034406818365,-32.254834275798274],[-58.23803332665476,-32.254834056442085],[-58.238032228103165,-32.254833917919036],[-58.23803111952427,-32.254833861283316],[-58.23803000935499,-32.25483388696599],[-58.238028906044384,-32.25483399477157],[-58.23802781798931,-32.25483418387962],[-58.238026753470514,-32.25483445285089],[-58.23802572058964,-32.254834799638346],[-58.23802472720753,-32.25483522160278],[-58.23802378088441,-32.2548357155327],[-58.238022888822385,-32.254836277669064],[-58.23802205781057,-32.254836903733654],[-58.238021294173464,-32.25483758896174],[-58.23802060372281,-32.25483832813835],[-58.238019991713365,-32.25483911563789],[-58.23801946280289,-32.25483994546699],[-58.23801902101672,-32.25484081131019],[-58.23801866971707,-32.25484170657787],[-58.238018411577606,-32.254842624456515],[-58.238018248562895,-32.25484355796053],[-58.238018181913596,-32.25484449998535]]]}},{"type":"Feature","properties":{},"geometry":{"type":"Polygon","coordinates":[[[-58.238026408942794,-32.254823056125915],[-58.23802643916622,-32.25482399950221],[-58.23802656603226,-32.25482493705027],[-58.238026788575404,-32.25482586163481],[-58.23802710510194,-32.25482676621917],[-58.238027513202894,-32.254827643918915],[-58.238028009772435,-32.25482848805423],[-58.23802859103132,-32.25482929220074],[-58.23802925255583,-32.2548300502384],[-58.23802998931138,-32.25483075639806],[-58.23803079569081,-32.254831405305424],[-58.23803166555709,-32.25483199202196],[-58.23803259229,-32.25483251208233],[-58.23803356883654,-32.25483296152862],[-58.2380345877646,-32.25483333694023],[-58.238035641319534,-32.25483363546007],[-58.23803672148314,-32.25483385481624],[-58.23803782003474,-32.25483399333926],[-58.23803892861364,-32.2548340499749],[-58.238040038782934,-32.25483402429217],[-58.238041142093536,-32.254833916486476],[-58.23804223014859,-32.25483372737832],[-58.238043294667335,-32.254833458406914],[-58.23804432754813,-32.2548331116193],[-58.23804532093013,-32.25483268965474],[-58.238046267253104,-32.254832195724646],[-58.23804715931497,-32.254831633588104],[-58.23804799032658,-32.254831007523336],[-58.23804875396342,-32.25483032229508],[-58.238049444413775,-32.254829583118294],[-58.238050056422914,-32.254828795618614],[-58.23805058533304,-32.25482796578935],[-58.23805102711885,-32.25482709994606],[-58.23805137841811,-32.25482620467825],[-58.238051636557216,-32.25482528679953],[-58.23805179957153,-32.254824353295454],[-58.23805186622046,-32.25482341127059],[-58.23805183599677,-32.254822467894314],[-58.23805170913049,-32.25482153034626],[-58.2380514865871,-32.25482060576175],[-58.23805117006033,-32.254819701177446],[-58.238050761959165,-32.25481882347778],[-58.23805026538947,-32.25481797934253],[-58.23804968413045,-32.25481717519612],[-58.23804902260586,-32.254816417158565],[-58.23804828585025,-32.25481571099902],[-58.238047479470836,-32.25481506209175],[-58.238046609604616,-32.254814475375355],[-58.23804568287179,-32.25481395531507],[-58.2380447063254,-32.25481350586888],[-58.23804368739749,-32.25481313045735],[-58.23804263384275,-32.25481283193757],[-58.23804155367937,-32.254812612581475],[-58.238040455128036,-32.25481247405849],[-58.23803934654939,-32.25481241742286],[-58.23803823638037,-32.254812443105614],[-58.23803713307002,-32.25481255091128],[-58.238036045015214,-32.25481274001942],[-58.23803498049669,-32.254813008990766],[-58.2380339476161,-32.2548133557783],[-58.23803295423427,-32.2548137777428],[-58.23803200791141,-32.2548142716728],[-58.238031115849644,-32.254814833809235],[-58.23803028483808,-32.25481545987389],[-58.238029521201234,-32.25481614510205],[-58.23802883075082,-32.2548168842787],[-58.23802821874161,-32.254817671778284],[-58.23802768983132,-32.254818501607446],[-58.23802724804534,-32.254819367450665],[-58.23802689674588,-32.254820262718376],[-58.23802663860656,-32.254821180597055],[-58.23802647559198,-32.25482211410109],[-58.238026408942794,-32.254823056125915]]]}},{"type":"Feature","properties":{},"geometry":{"type":"Polygon","coordinates":[[[-58.23794560719627,-32.25488085927447],[-58.237945652530136,-32.2548822743389],[-58.237945842828026,-32.25488368066106],[-58.23794617664167,-32.254885067538034],[-58.237946651430484,-32.25488642441483],[-58.237947263581155,-32.25488774096481],[-58.23794800843475,-32.254889007168224],[-58.23794888032254,-32.254890213388514],[-58.23794987260893,-32.25489135044558],[-58.237950977742,-32.254892409685745],[-58.23795218731105,-32.254893383047566],[-58.237953492110535,-32.25489426312314],[-58.2379548822101,-32.25489504321459],[-58.237956347030284,-32.25489571738491],[-58.2379578754229,-32.2548962805033],[-58.23795945575596,-32.25489672828403],[-58.23796107600216,-32.254897057319255],[-58.23796272383046,-32.254897265104795],[-58.23796438669987,-32.25489735005931],[-58.23796605195495,-32.25489731153622],[-58.237967706922085,-32.2548971498287],[-58.237969339005986,-32.25489686616746],[-58.237970935785484,-32.254896462711336],[-58.237972485108145,-32.254895942530844],[-58.23797397518265,-32.2548953095849],[-58.237975394668645,-32.254894568690624],[-58.23797673276298,-32.25489372548664],[-58.23797797928195,-32.254892786390236],[-58.2379791247388,-32.25489175854854],[-58.2379801604159,-32.25489064978401],[-58.23798107843111,-32.254889468535055],[-58.23798187179779,-32.25488822379167],[-58.237982534477965,-32.25488692502713],[-58.23798306142822,-32.25488558212578],[-58.23798344863817,-32.25488420530796],[-58.237983693160906,-32.25488280505205],[-58.23798379313546,-32.25488139201484],[-58.237983747801,-32.25487997695044],[-58.237983557502524,-32.254878570628314],[-58.23798322368834,-32.25487718375141],[-58.23798274889899,-32.25487582687472],[-58.237982136747895,-32.25487451032491],[-58.23798139189391,-32.25487324412167],[-58.23798052000583,-32.25487203790161],[-58.23797952771925,-32.25487090084477],[-58.237978422586075,-32.254869841604844],[-58.23797721301703,-32.25486886824328],[-58.23797590821767,-32.254867988167945],[-58.23797451811831,-32.254867208076746],[-58.237973053298425,-32.25486653390663],[-58.23797152490621,-32.25486597078844],[-58.2379699445736,-32.25486552300787],[-58.237968324327916,-32.254865193972776],[-58.237966676500164,-32.25486498618733],[-58.23796501363136,-32.25486490123286],[-58.237963348376866,-32.254864939755976],[-58.23796169341031,-32.25486510146343],[-58.23796006132699,-32.254865385124596],[-58.23795846454798,-32.25486578858061],[-58.23795691522578,-32.254866308760946],[-58.23795542515163,-32.25486694170671],[-58.237954005665934,-32.25486768260078],[-58.23795266757178,-32.25486852580454],[-58.23795142105291,-32.25486946490069],[-58.237950275596056,-32.25487049274214],[-58.237949239918855,-32.25487160150641],[-58.23794832190344,-32.25487278275512],[-58.23794752853644,-32.2548740274983],[-58.237946865855875,-32.25487532626265],[-58.237946338905175,-32.25487666916382],[-58.23794595169469,-32.25487804598153],[-58.23794570717139,-32.25487944623735],[-58.23794560719627,-32.25488085927447]]]}},{"type":"Feature","properties":{},"geometry":{"type":"Polygon","coordinates":[[[-58.23795917470906,-32.2548456933176],[-58.23795922004315,-32.254847108382016],[-58.2379594103412,-32.25484851470417],[-58.23795974415493,-32.25484990158111],[-58.237960218943826,-32.254851258457876],[-58.23796083109446,-32.254852575007796],[-58.23796157594799,-32.25485384121112],[-58.237962447835656,-32.25485504743131],[-58.23796344012185,-32.254856184488276],[-58.237964545254684,-32.25485724372833],[-58.23796575482344,-32.25485821709001],[-58.23796705962257,-32.25485909716544],[-58.23796844972174,-32.25485987725673],[-58.23796991454148,-32.25486055142689],[-58.23797144293359,-32.254861114545086],[-58.23797302326616,-32.25486156232562],[-58.23797464351178,-32.25486189136066],[-58.237976291339486,-32.25486209914602],[-58.23797795420828,-32.25486218410033],[-58.23797961946272,-32.25486214557703],[-58.23798127442921,-32.25486198386932],[-58.23798290651242,-32.254861700207876],[-58.23798450329126,-32.25486129675155],[-58.23798605261324,-32.25486077657087],[-58.23798754268707,-32.25486014362475],[-58.23798896217241,-32.25485940273027],[-58.2379903002661,-32.25485855952611],[-58.237991546784436,-32.25485762042957],[-58.23799269224067,-32.2548565925877],[-58.23799372791717,-32.25485548382305],[-58.237994645931835,-32.25485430257397],[-58.237995439298025,-32.254853057830466],[-58.237996101977735,-32.25485175906583],[-58.23799662892755,-32.25485041616441],[-58.23799701613713,-32.25484903934652],[-58.23799726065955,-32.254847639090556],[-58.237997360633805,-32.25484622605335],[-58.23799731529912,-32.25484481098892],[-58.23799712500049,-32.254843404666815],[-58.2379967911862,-32.25484201778995],[-58.23799631639682,-32.25484066091329],[-58.23799570424571,-32.25483934436353],[-58.23799495939181,-32.25483807816038],[-58.237994087503864,-32.2548368719404],[-58.23799309521748,-32.25483573488367],[-58.23799199008453,-32.25483467564386],[-58.23799078051579,-32.25483370228244],[-58.23798947571677,-32.254832822207256],[-58.23798808561781,-32.25483204211621],[-58.237986620798374,-32.25483136794626],[-58.23798509240664,-32.25483080482825],[-58.23798351207455,-32.25483035704788],[-58.237981891829435,-32.254830028012975],[-58.23798024400227,-32.254829820227705],[-58.237978581134094,-32.254829735273454],[-58.23797691588025,-32.254829773796764],[-58.23797526091435,-32.25482993550444],[-58.23797362883168,-32.25483021916581],[-58.23797203205335,-32.25483062262201],[-58.23797048273182,-32.25483114280255],[-58.23796899265835,-32.25483177574847],[-58.237967573173314,-32.254832516642736],[-58.237966235079824,-32.254833359846664],[-58.23796498856158,-32.254834298942974],[-58.23796384310533,-32.25483532678458],[-58.237962807428715,-32.25483643554899],[-58.23796188941384,-32.254837616797836],[-58.23796109604735,-32.25483886154111],[-58.237960433367256,-32.254840160305555],[-58.237959906416975,-32.254841503206805],[-58.2379595192069,-32.25484288002457],[-58.237959274683924,-32.25484428028043],[-58.23795917470906,-32.2548456933176]]]}},{"type":"Feature","properties":{},"geometry":{"type":"Polygon","coordinates":[[[-58.237928563991936,-32.2549160027149],[-58.23792860932554,-32.25491741777928],[-58.23792879962322,-32.25491882410146],[-58.237929133436694,-32.25492021097847],[-58.23792960822542,-32.25492156785533],[-58.23793022037604,-32.254922884405396],[-58.23793096522966,-32.25492415060891],[-58.23793183711753,-32.25492535682928],[-58.237932829404066,-32.2549264938865],[-58.23793393453735,-32.25492755312681],[-58.23793514410665,-32.25492852648881],[-58.23793644890644,-32.25492940656457],[-58.23793783900637,-32.25493018665622],[-58.23793930382697,-32.25493086082675],[-58.237940832220055,-32.25493142394534],[-58.23794241255362,-32.25493187172632],[-58.23794403280038,-32.25493220076178],[-58.23794568062926,-32.25493240854756],[-58.23794734349927,-32.25493249350232],[-58.23794900875498,-32.25493245497948],[-58.237950663722785,-32.2549322932722],[-58.23795229580735,-32.25493200961121],[-58.23795389258756,-32.25493160615533],[-58.237955441910906,-32.25493108597507],[-58.23795693198612,-32.254930453029374],[-58.23795835147279,-32.2549297121353],[-58.23795968956783,-32.25492886893153],[-58.23796093608745,-32.25492792983531],[-58.23796208154494,-32.2549269019938],[-58.237963117222655,-32.25492579322944],[-58.23796403523846,-32.25492461198064],[-58.23796482860569,-32.25492336723739],[-58.23796549128641,-32.25492206847294],[-58.237966018237124,-32.2549207255717],[-58.23796640544751,-32.254919348753944],[-58.23796664997062,-32.254917948498075],[-58.23796674994551,-32.25491653546092],[-58.23796670461132,-32.254915120396525],[-58.23796651431306,-32.25491371407439],[-58.237966180499036,-32.25491232719747],[-58.23796570570979,-32.25491097032072],[-58.237965093558714,-32.25490965377082],[-58.237964348704715,-32.25490838756749],[-58.237963476816546,-32.25490718134732],[-58.23796248452983,-32.25490604429033],[-58.23796137939645,-32.254904985050274],[-58.237960169827154,-32.25490401168851],[-58.23795886502749,-32.254903131613005],[-58.237957474927754,-32.25490235152161],[-58.237956010107446,-32.254901677351285],[-58.237954481714766,-32.254901114232894],[-58.23795290138165,-32.25490066645209],[-58.237951281135416,-32.25490033741676],[-58.23794963330711,-32.25490012963105],[-58.237947970437666,-32.254900044676354],[-58.237946305182554,-32.25490008319921],[-58.237944650215326,-32.25490024490644],[-58.237943018131325,-32.254900528567354],[-58.23794142135163,-32.254900932023126],[-58.237939872028726,-32.25490145220321],[-58.237938381953896,-32.254902085148736],[-58.237936962467494,-32.25490282604259],[-58.237935624372675,-32.25490366924613],[-58.23793437785314,-32.2549046083421],[-58.23793323239563,-32.254905636183366],[-58.23793219671781,-32.254906744947476],[-58.23793127870181,-32.25490792619603],[-58.23793048533426,-32.25490917093909],[-58.23792982265317,-32.25491046970332],[-58.23792929570199,-32.254911812604405],[-58.237928908491085,-32.254913189422034],[-58.23792866396742,-32.254914589677796],[-58.237928563991936,-32.2549160027149]]]}},{"type":"Feature","properties":{},"geometry":{"type":"Polygon","coordinates":[[[-58.23791403751564,-32.254949471764576],[-58.23791408284901,-32.254950886828965],[-58.23791427314651,-32.254952293151135],[-58.23791460695984,-32.25495368002817],[-58.23791508174852,-32.25495503690508],[-58.2379156938991,-32.2549563534552],[-58.23791643875279,-32.2549576196588],[-58.23791731064075,-32.25495882587928],[-58.23791830292744,-32.2549599629366],[-58.23791940806095,-32.254961022177056],[-58.2379206176305,-32.254961995539205],[-58.237921922430615,-32.25496287561511],[-58.2379233125309,-32.25496365570693],[-58.237924777351914,-32.25496432987764],[-58.23792630574546,-32.254964892996426],[-58.23792788607952,-32.25496534077758],[-58.23792950632678,-32.25496566981325],[-58.23793115415622,-32.25496587759927],[-58.23793281702684,-32.25496596255423],[-58.23793448228316,-32.254965924031595],[-58.23793613725158,-32.254965762324524],[-58.2379377693368,-32.254965478663735],[-58.237939366117644,-32.25496507520808],[-58.23794091544164,-32.254964555028025],[-58.2379424055175,-32.254963922082524],[-58.23794382500483,-32.25496318118863],[-58.23794516310049,-32.25496233798504],[-58.23794640962073,-32.254961398889016],[-58.23794755507881,-32.25496037104764],[-58.2379485907571,-32.254959262283435],[-58.23794950877345,-32.25495808103476],[-58.23795030214119,-32.25495683629161],[-58.237950964822375,-32.25495553752728],[-58.23795149177353,-32.2549541946261],[-58.23795187898429,-32.25495281780843],[-58.23795212350773,-32.25495141755261],[-58.23795222348291,-32.25495000451549],[-58.237952178148944,-32.25494858945109],[-58.23795198785086,-32.25494718312895],[-58.23795165403698,-32.254945796251995],[-58.2379511792478,-32.2549444393752],[-58.237950567096746,-32.25494312282523],[-58.237949822242705,-32.254941856621826],[-58.23794895035443,-32.25494065040156],[-58.23794795806756,-32.254939513344446],[-58.237946852933966,-32.254938454104256],[-58.237945643364405,-32.25493748074237],[-58.23794433856441,-32.25493660066671],[-58.23794294846433,-32.25493582057513],[-58.23794148364361,-32.25493514640463],[-58.23793995525046,-32.254934583286044],[-58.23793837491687,-32.25493413550504],[-58.2379367546701,-32.254933806469495],[-58.23793510684123,-32.254933598683586],[-58.23793344397121,-32.25493351372867],[-58.237931778715485,-32.2549335522513],[-58.23793012374763,-32.25493371395832],[-58.23792849166297,-32.25493399761904],[-58.23792689488263,-32.2549344010746],[-58.23792534555909,-32.2549349212545],[-58.23792385548361,-32.25493555419982],[-58.23792243599656,-32.25493629509349],[-58.2379210979011,-32.25493713829685],[-58.237919851380944,-32.254938077392644],[-58.237918705922866,-32.25493910523376],[-58.23791767024447,-32.25494021399772],[-58.2379167522279,-32.254941395246156],[-58.23791595885985,-32.254942639989075],[-58.23791529617831,-32.25494393875321],[-58.23791476922668,-32.25494528165422],[-58.237914382015404,-32.254946658471766],[-58.237914137491394,-32.254948058727486],[-58.23791403751564,-32.254949471764576]]]}},{"type":"Feature","properties":{},"geometry":{"type":"Polygon","coordinates":[[[-58.23797268670824,-32.254812612125576],[-58.23797273204256,-32.25481402718998],[-58.23797292234078,-32.254815433512135],[-58.237973256154625,-32.25481682038905],[-58.237973730943565,-32.254818177265776],[-58.2379743430942,-32.254819493815624],[-58.23797508794768,-32.25482076001889],[-58.23797595983523,-32.25482196623898],[-58.23797695212126,-32.25482310329584],[-58.237978057253876,-32.25482416253577],[-58.23797926682236,-32.25482513589731],[-58.23798057162117,-32.2548260159726],[-58.237981961719974,-32.254826796063725],[-58.237983426539294,-32.25482747023372],[-58.237984954930965,-32.25482803335175],[-58.23798653526302,-32.2548284811321],[-58.237988155508134,-32.25482881016695],[-58.23798980333528,-32.25482901795211],[-58.23799146620349,-32.254829102906214],[-58.237993131457316,-32.254829064382726],[-58.23799478642319,-32.2548289026748],[-58.23799641850577,-32.25482861901315],[-58.23799801528398,-32.25482821555664],[-58.23799956460532,-32.25482769537577],[-58.23800105467852,-32.25482706242946],[-58.23800247416322,-32.25482632153481],[-58.238003812256295,-32.25482547833048],[-58.23800505877402,-32.25482453923375],[-58.238006204229684,-32.25482351139177],[-58.23800723990563,-32.25482240262698],[-58.238008157919786,-32.25482122137777],[-58.23800895128546,-32.25481997663416],[-58.23800961396473,-32.25481867786944],[-58.23801014091413,-32.25481733496794],[-58.238010528123326,-32.25481595814998],[-58.23801077264543,-32.25481455789399],[-58.23801087261945,-32.25481314485675],[-58.23801082728453,-32.25481172979232],[-58.23801063698573,-32.2548103234702],[-58.238010303171336,-32.254808936593356],[-58.238009828381884,-32.254807579716754],[-58.23800921623079,-32.25480626316706],[-58.23800847137694,-32.25480499696398],[-58.2380075994891,-32.254803790744106],[-58.238006607202884,-32.25480265368747],[-58.23800550207015,-32.25480159444779],[-58.23800429250169,-32.25480062108649],[-58.23800298770299,-32.25479974101145],[-58.238001597604395,-32.254798960920574],[-58.23800013278538,-32.25479828675081],[-58.237998604394086,-32.25479772363297],[-58.237997024062494,-32.25479727585278],[-58.237995403817905,-32.25479694681807],[-58.23799375599132,-32.254796739033],[-58.237992093123694,-32.25479665407892],[-58.23799042787045,-32.25479669260244],[-58.23798877290518,-32.25479685431033],[-58.23798714082312,-32.25479713797189],[-58.23798554404544,-32.254797541428275],[-58.237983994724566,-32.254798061609016],[-58.23798250465173,-32.25479869455512],[-58.23798108516733,-32.25479943544956],[-58.23797974707445,-32.25480027865366],[-58.2379785005568,-32.25480121775012],[-58.23797735510114,-32.254802245591875],[-58.23797631942508,-32.254803354356426],[-58.23797540141072,-32.254804535605395],[-58.23797460804472,-32.254805780348775],[-58.23797394536509,-32.254807079113306],[-58.2379734184152,-32.25480842201465],[-58.23797303120549,-32.254809798832454],[-58.237972786682846,-32.25481119908837],[-58.23797268670824,-32.254812612125576]]]}}]}