{"type":"FeatureCollection","features":[{"type":"Feature","properties":{"ID":null,"NCP":"0100010102030000--008--","SEC":10,"GRU":203,"NMANZ":0,"LMANZ":null,"NPARC":8,"LPARC":null,"OBJETO":null,"NOMBRE":null,"AREA":null},"geometry":{"type":"Polygon","coordinates":[[[-58.19286328340183,-32.246436041592226],[-58.19236522320898,-32.24747820216698],[-58.19190915187577,-32.24846614671257],[-58.1907918107337,-32.250951691922495],[-58.19124219046267,-32.25111452312647],[-58.192279964364,-32.248843461744194],[-58.19328144876782,-32.24657520640281],[-58.19286328340183,-32.246436041592226]]]}},{"type":"Feature","properties":{"ID":null,"NCP":"0100010000000474--016--","SEC":0,"GRU":0,"NMANZ":474,"LMANZ":null,"NPARC":16,"LPARC":null,"OBJETO":"I007460","NOMBRE":"GONZALEZ MARCELO F Y O. \"POSEEDOR\"","AREA":null},"geometry":{"type":"Polygon","coordinates":[[[-58.145898776628094,-32.232429489734045],[-58.14583691793045,-32.23249273442033],[-58.14598551636757,-32.232600679113006],[-58.14604657567389,-32.23253781111281],[-58.145898776628094,-32.232429489734045]]]}},{"type":"Feature","properties":{"ID":null,"NCP":"0100010000000474--017--","SEC":0,"GRU":0,"NMANZ":474,"LMANZ":null,"NPARC":17,"LPARC":null,"OBJETO":"I007456","NOMBRE":"FIGUEROA NESTOR O Y OTRA \"POSEEDOR\"","AREA":null},"geometry":{"type":"Polygon","coordinates":[[[-58.14604945916814,-32.232537577724514],[-58.146113457026914,-32.23247259305637],[-58.14596337597356,-32.23236238118808],[-58.145899559853845,-32.232427499256346],[-58.14604945916814,-32.232537577724514]]]}},{"type":"Feature","properties":{"ID":null,"NCP":"0100010000000475--006--","SEC":0,"GRU":0,"NMANZ":475,"LMANZ":null,"NPARC":6,"LPARC":null,"OBJETO":"I006303","NOMBRE":"MACHADO CIPRIANO ERNESTO \"POSEEDOR\"","AREA":null},"geometry":{"type":"Polygon","coordinates":[[[-58.14606608202065,-32.23169931391552],[-58.14576991363335,-32.23199257099603],[-58.145996315586906,-32.232157574655375],[-58.14629390571677,-32.231863741629454],[-58.14618898272291,-32.23178517179693],[-58.14606608202065,-32.23169931391552]]]}},{"type":"Feature","properties":{"ID":null,"NCP":"0100010000000097--015--","SEC":0,"GRU":0,"NMANZ":97,"LMANZ":null,"NPARC":15,"LPARC":null,"OBJETO":"I008088","NOMBRE":"ROTTOLI HUGO DANIEL \"POSEEDOR\"","AREA":null},"geometry":{"type":"Polygon","coordinates":[[[-58.145375473219225,-32.22029098623195],[-58.14507893293641,-32.22058781882156],[-58.145163096119305,-32.22064822508598],[-58.14545656835336,-32.22034927553606],[-58.145375473219225,-32.22029098623195]]]}},{"type":"Feature","properties":{"ID":null,"NCP":"0100010000000124--017--","SEC":0,"GRU":0,"NMANZ":124,"LMANZ":null,"NPARC":17,"LPARC":null,"OBJETO":"I007719","NOMBRE":"ANZORANDIA EDUARDO M.","AREA":null},"geometry":{"type":"Polygon","coordinates":[[[-58.14391532697579,-32.21852660776143],[-58.1440783546999,-32.21864192133545],[-58.144377303503376,-32.21832753282298],[-58.14433615778644,-32.21829839715846],[-58.14417849963055,-32.218458448535785],[-58.14406479252442,-32.218377309866064],[-58.14402233694061,-32.218422261397755],[-58.14391532697579,-32.21852660776143]]]}},{"type":"Feature","properties":{"ID":null,"NCP":"0100010000000002--021--","SEC":0,"GRU":0,"NMANZ":2,"LMANZ":null,"NPARC":21,"LPARC":null,"OBJETO":"I007840","NOMBRE":"VASQUEZ GUILLERMO LEONIDAS \"POSEEDO","AREA":null},"geometry":{"type":"Polygon","coordinates":[[[-58.14374107710502,-32.23095328721937],[-58.143758622459636,-32.230935972890876],[-58.1438173128589,-32.23087903472066],[-58.143860603257735,-32.23083571866799],[-58.1437105087865,-32.230727343159785],[-58.143687959824426,-32.230728310143604],[-58.1435804796426,-32.2308367600328],[-58.14374107710502,-32.23095328721937]]]}},{"type":"Feature","properties":{"ID":null,"NCP":"0100010000000002--022--","SEC":0,"GRU":0,"NMANZ":2,"LMANZ":null,"NPARC":22,"LPARC":null,"OBJETO":"I007981","NOMBRE":"BARRAGAN TERESA ISABEL \"POSEEDOR\"","AREA":null},"geometry":{"type":"Polygon","coordinates":[[[-58.14334473737237,-32.23107461342518],[-58.1432236873433,-32.231196747936146],[-58.14346936869179,-32.231372697011516],[-58.1435526262662,-32.23143128666964],[-58.14367192275032,-32.231311920984325],[-58.14334473737237,-32.23107461342518]]]}},{"type":"Feature","properties":{"ID":null,"NCP":"0100010000000071--017--","SEC":0,"GRU":0,"NMANZ":71,"LMANZ":null,"NPARC":17,"LPARC":null,"OBJETO":"I008271","NOMBRE":"VIOLET INES BEATRIZ \"POSEEDORA\"","AREA":null},"geometry":{"type":"Polygon","coordinates":[[[-58.14793905087875,-32.219940277327055],[-58.14786632062335,-32.22001236602251],[-58.14808547890096,-32.2201689149007],[-58.14815678013913,-32.220096035254734],[-58.14793905087875,-32.219940277327055]]]}},{"type":"Feature","properties":{"ID":null,"NCP":"0100010000000079--019--","SEC":0,"GRU":0,"NMANZ":79,"LMANZ":null,"NPARC":19,"LPARC":null,"OBJETO":"I008232","NOMBRE":"DE SIMONE MARIO ALBERTO \"POSEEDOR\"","AREA":null},"geometry":{"type":"Polygon","coordinates":[[[-58.14109412460109,-32.22682514740635],[-58.14108343040158,-32.226836223784986],[-58.141048113408296,-32.22687150601559],[-58.14110257189434,-32.226911399805374],[-58.14126853974505,-32.2270319215823],[-58.141314654419595,-32.22698516771921],[-58.141226168965424,-32.226920836454845],[-58.14109412460109,-32.22682514740635]]]}},{"type":"Feature","properties":{"ID":null,"NCP":"0100010000000150--018--","SEC":0,"GRU":0,"NMANZ":150,"LMANZ":null,"NPARC":18,"LPARC":null,"OBJETO":"I007933","NOMBRE":"ESCOBAR MONICA INES \"POSEEDOR\"","AREA":null},"geometry":{"type":"Polygon","coordinates":[[[-58.14383846672037,-32.217341368700005],[-58.14360767259364,-32.21756142892112],[-58.14379369373144,-32.217699962333775],[-58.144020551149644,-32.21747422050101],[-58.14383846672037,-32.217341368700005]]]}},{"type":"Feature","properties":{"ID":null,"NCP":"0100010000000025--021--","SEC":0,"GRU":0,"NMANZ":25,"LMANZ":null,"NPARC":21,"LPARC":null,"OBJETO":"I007594","NOMBRE":"BOGADO MARIA ELENA POSEEDOR","AREA":null},"geometry":{"type":"Polygon","coordinates":[[[-58.143795429347215,-32.229116139394065],[-58.143933305438146,-32.22921594207416],[-58.14409661771513,-32.22905562160218],[-58.14395854437689,-32.22895149823301],[-58.143795429347215,-32.229116139394065]]]}},{"type":"Feature","properties":{"ID":null,"NCP":"0100010000000025--022--","SEC":0,"GRU":0,"NMANZ":25,"LMANZ":null,"NPARC":22,"LPARC":null,"OBJETO":"I007593","NOMBRE":"LUNA CARLOS MARIA \"POSEEDOR\"","AREA":null},"geometry":{"type":"Polygon","coordinates":[[[-58.143933305438146,-32.22921594207416],[-58.143795429347215,-32.229116139394065],[-58.143658795784816,-32.22925403832062],[-58.14379446520255,-32.2293522393676],[-58.143933305438146,-32.22921594207416]]]}},{"type":"Feature","properties":{"ID":null,"NCP":"0100010000000097--016--","SEC":0,"GRU":0,"NMANZ":97,"LMANZ":null,"NPARC":16,"LPARC":null,"OBJETO":"I008089","NOMBRE":"ACOSTA EDGAR PAUL \"POSEEDOR\"","AREA":null},"geometry":{"type":"Polygon","coordinates":[[[-58.14507893293641,-32.22058781882156],[-58.145375473219225,-32.22029098623195],[-58.145294497411506,-32.22023278257348],[-58.14527447060314,-32.22025434302718],[-58.14513413757746,-32.22039152383754],[-58.14499801045032,-32.2205297383702],[-58.14507893293641,-32.22058781882156]]]}},{"type":"Feature","properties":{"ID":null,"NCP":"0100010000000178--014--","SEC":0,"GRU":0,"NMANZ":178,"LMANZ":null,"NPARC":14,"LPARC":null,"OBJETO":"I007481","NOMBRE":"LUPINACCI LEONARDO M. \"POSEEDOR\"","AREA":null},"geometry":{"type":"Polygon","coordinates":[[[-58.14271327464756,-32.215937660130535],[-58.14261608988468,-32.21604012786594],[-58.14273148674591,-32.216127717704076],[-58.14283074998972,-32.21601987747671],[-58.14271327464756,-32.215937660130535]]]}},{"type":"Feature","properties":{"ID":null,"NCP":"0100010000000178--015--","SEC":0,"GRU":0,"NMANZ":178,"LMANZ":null,"NPARC":15,"LPARC":null,"OBJETO":"I007568","NOMBRE":"JOANNAS DELMA HONORARIA \"POSEEDOR\"","AREA":null},"geometry":{"type":"Polygon","coordinates":[[[-58.14219992573285,-32.216025196057885],[-58.14234307055678,-32.21612650771827],[-58.142614206692976,-32.215868330465725],[-58.14211818546901,-32.21552117841838],[-58.14198229644224,-32.215657073928575],[-58.14223335383308,-32.21583328456975],[-58.142107206185166,-32.21595957749445],[-58.14219992573285,-32.216025196057885]]]}},{"type":"Feature","properties":{"ID":null,"NCP":"0100010000000178--017--","SEC":0,"GRU":0,"NMANZ":178,"LMANZ":null,"NPARC":17,"LPARC":null,"OBJETO":"I008316","NOMBRE":"GOMEZ INES POSEEDOR","AREA":null},"geometry":{"type":"Polygon","coordinates":[[[-58.14234307055678,-32.21612650771827],[-58.14219992573285,-32.216025196057885],[-58.14190588183725,-32.216319464966595],[-58.1420483974305,-32.21642441369705],[-58.14234307055678,-32.21612650771827]]]}},{"type":"Feature","properties":{"ID":null,"NCP":"0100010000000180--024--","SEC":0,"GRU":0,"NMANZ":180,"LMANZ":null,"NPARC":24,"LPARC":null,"OBJETO":"I008087","NOMBRE":"PAREDES ROBERTO DANIEL PÓSEEDOR","AREA":null},"geometry":{"type":"Polygon","coordinates":[[[-58.14108207524167,-32.215916126647976],[-58.140872340189695,-32.21612247491107],[-58.1409775629761,-32.2162020991508],[-58.141191189210446,-32.2159941225273],[-58.14108207524167,-32.215916126647976]]]}},{"type":"Feature","properties":{"ID":null,"NCP":"0100010000000398--014--","SEC":0,"GRU":0,"NMANZ":398,"LMANZ":null,"NPARC":14,"LPARC":null,"OBJETO":"I008187","NOMBRE":"RUIZ MARIA ISABEL \"POSEEDOR\"","AREA":null},"geometry":{"type":"Polygon","coordinates":[[[-58.15066155545977,-32.231493988826934],[-58.15074077923143,-32.231553349640215],[-58.150926326607845,-32.23135776411215],[-58.15084920272881,-32.23130151894517],[-58.15066155545977,-32.231493988826934]]]}},{"type":"Feature","properties":{"ID":null,"NCP":"0100010000000403--017--","SEC":0,"GRU":0,"NMANZ":403,"LMANZ":null,"NPARC":17,"LPARC":null,"OBJETO":"I007977","NOMBRE":"AUDISIO ELSA CATALINA POSEEDOR","AREA":null},"geometry":{"type":"Polygon","coordinates":[[[-58.15382228473289,-32.227978494789866],[-58.153744036037445,-32.22805835882045],[-58.15390106009797,-32.228166832781234],[-58.15397690476957,-32.22809150456445],[-58.15382228473289,-32.227978494789866]]]}},{"type":"Feature","properties":{"ID":null,"NCP":"0100010000000448--017--","SEC":0,"GRU":0,"NMANZ":448,"LMANZ":null,"NPARC":17,"LPARC":null,"OBJETO":"I008227","NOMBRE":"FERNANDEZ ROSA HAYDEE POSEEDOR","AREA":null},"geometry":{"type":"Polygon","coordinates":[[[-58.14634865852407,-32.233136074479454],[-58.14663377713881,-32.23284381707693],[-58.1465086716225,-32.232753617690875],[-58.14622171783382,-32.233044205534675],[-58.14634865852407,-32.233136074479454]]]}},{"type":"Feature","properties":{"ID":null,"NCP":"0100010000000479--018--","SEC":0,"GRU":0,"NMANZ":479,"LMANZ":null,"NPARC":18,"LPARC":null,"OBJETO":"I007908","NOMBRE":"ZUFIAURRE ROSA ELIZABETH POSESION","AREA":null},"geometry":{"type":"Polygon","coordinates":[[[-58.14848327919124,-32.229008903104315],[-58.14830958589643,-32.229188353743766],[-58.14838212560929,-32.22923968482096],[-58.148555794257234,-32.229060259200736],[-58.14848327919124,-32.229008903104315]]]}},{"type":"Feature","properties":{"ID":null,"NCP":"0100010000000501--015--","SEC":0,"GRU":0,"NMANZ":501,"LMANZ":null,"NPARC":15,"LPARC":null,"OBJETO":"I007558","NOMBRE":"MARTINEZ EVANGELINA SOLEDAD POSEEEDOR","AREA":null},"geometry":{"type":"Polygon","coordinates":[[[-58.14423927153077,-32.23164865648265],[-58.14415728170928,-32.231732565166965],[-58.14438794166661,-32.23189881768997],[-58.144470762996846,-32.23181550040097],[-58.14423927153077,-32.23164865648265]]]}},{"type":"Feature","properties":{"ID":null,"NCP":"0100010000000516--012--","SEC":0,"GRU":0,"NMANZ":516,"LMANZ":null,"NPARC":12,"LPARC":null,"OBJETO":"I008318","NOMBRE":"LUNA ESTEBAN DAVID Y OTRO POSEEDOR","AREA":null},"geometry":{"type":"Polygon","coordinates":[[[-58.155293634232905,-32.221368795531625],[-58.15551862903986,-32.22153433629246],[-58.15565804482261,-32.221393721999334],[-58.155433054485194,-32.221228184640395],[-58.155293634232905,-32.221368795531625]]]}},{"type":"Feature","properties":{"ID":null,"NCP":"0100010000000474--019--","SEC":0,"GRU":0,"NMANZ":474,"LMANZ":null,"NPARC":19,"LPARC":null,"OBJETO":"I007569","NOMBRE":"CORREA LUIS Y OTRA POSEEDOR","AREA":null},"geometry":{"type":"Polygon","coordinates":[[[-58.14493699065174,-32.23245162818519],[-58.14484256263181,-32.23254673800639],[-58.14506763463734,-32.232710244796316],[-58.145163807374395,-32.2326143580137],[-58.14493699065174,-32.23245162818519]]]}},{"type":"Feature","properties":{"ID":null,"NCP":"0100010000000474--018--","SEC":0,"GRU":0,"NMANZ":474,"LMANZ":null,"NPARC":18,"LPARC":null,"OBJETO":"I007540","NOMBRE":"MOREL CHEVILLET JORGE A. Y O. POSEE","AREA":null},"geometry":{"type":"Polygon","coordinates":[[[-58.14596337597356,-32.23236238118808],[-58.14589321626851,-32.232310862987674],[-58.14576434062376,-32.23244018234516],[-58.14583574364232,-32.23249261728834],[-58.145899559853845,-32.232427499256346],[-58.14596337597356,-32.23236238118808]]]}},{"type":"Feature","properties":{"ID":null,"NCP":"0100010000000475--016--","SEC":0,"GRU":0,"NMANZ":475,"LMANZ":null,"NPARC":16,"LPARC":null,"OBJETO":"I008358","NOMBRE":"PALACIOS NELIDA.ELVIRA Y OTRO POSEEDOR","AREA":null},"geometry":{"type":"Polygon","coordinates":[[[-58.146120279929775,-32.23207278883869],[-58.146020468749036,-32.232175178267305],[-58.146246169293406,-32.23233967746182],[-58.14635044756631,-32.23223631251002],[-58.146120279929775,-32.23207278883869]],[[-58.14634458703469,-32.232236272633884],[-58.14624586312241,-32.23233469086496],[-58.146135605220735,-32.23225452429504],[-58.146232074603006,-32.232156373041214],[-58.14634458703469,-32.232236272633884]]]}},{"type":"Feature","properties":{"ID":null,"NCP":"0100010000000555--017--","SEC":0,"GRU":0,"NMANZ":555,"LMANZ":null,"NPARC":17,"LPARC":null,"OBJETO":"I008201","NOMBRE":"SANCHEZ ALEJANDRA MARIA DE L. POSEEDOR","AREA":null},"geometry":{"type":"Polygon","coordinates":[[[-58.13795548563235,-32.233730573531105],[-58.13783400684535,-32.23385325404062],[-58.13793605487929,-32.23392658667111],[-58.13805623328556,-32.23380519369473],[-58.13795548563235,-32.233730573531105]]]}},{"type":"Feature","properties":{"ID":null,"NCP":"0100010000000556--017--","SEC":0,"GRU":0,"NMANZ":556,"LMANZ":null,"NPARC":17,"LPARC":null,"OBJETO":"I008225","NOMBRE":"FIRPO CARLOS ALBERTO POSEDOR","AREA":null},"geometry":{"type":"Polygon","coordinates":[[[-58.13909227010402,-32.23277324589873],[-58.139143104479686,-32.23272159797188],[-58.138907676276034,-32.23255443456959],[-58.1388562339578,-32.23260564570273],[-58.13885754032054,-32.23260657330356],[-58.13909227010402,-32.23277324589873]]]}},{"type":"Feature","properties":{"ID":null,"NCP":"0100010000000556--018--","SEC":0,"GRU":0,"NMANZ":556,"LMANZ":null,"NPARC":18,"LPARC":null,"OBJETO":"I008226","NOMBRE":"FIRPO CARINA ELIZABETH POSEDOR","AREA":null},"geometry":{"type":"Polygon","coordinates":[[[-58.13909227010402,-32.23277324589873],[-58.13885754032054,-32.23260657330356],[-58.13879548694286,-32.232666119611906],[-58.1387901231135,-32.23267145906445],[-58.139026940281155,-32.232839620412356],[-58.13909227010402,-32.23277324589873]]]}},{"type":"Feature","properties":{"ID":null,"NCP":"0100010000000612--014--","SEC":0,"GRU":0,"NMANZ":612,"LMANZ":null,"NPARC":14,"LPARC":null,"OBJETO":"I007368","NOMBRE":"RAMOS OMAR RICARDO \"POSEEDOR\"","AREA":null},"geometry":{"type":"Polygon","coordinates":[[[-58.13814816229365,-32.22980235498845],[-58.13807642882639,-32.229875926028605],[-58.13816057334073,-32.229937420940686],[-58.13816299329396,-32.22993502858397],[-58.13825989462348,-32.23000584632528],[-58.138257474670716,-32.230008238683844],[-58.13827275371889,-32.23001940495078],[-58.13834557348814,-32.22994660892821],[-58.13814816229365,-32.22980235498845]]]}},{"type":"Feature","properties":{"ID":null,"NCP":"0100010000000756--020--","SEC":0,"GRU":0,"NMANZ":756,"LMANZ":null,"NPARC":20,"LPARC":null,"OBJETO":"I006839","NOMBRE":"SANCHEZ RAMON \"POSEEDOR\"","AREA":null},"geometry":{"type":"Polygon","coordinates":[[[-58.14608746578753,-32.211756336497004],[-58.14626395833299,-32.211579097024064],[-58.146149019364756,-32.21149683106159],[-58.14597178982323,-32.211674820380516],[-58.14608746578753,-32.211756336497004]]]}},{"type":"Feature","properties":{"ID":null,"NCP":"0100010000000756--021--","SEC":0,"GRU":0,"NMANZ":756,"LMANZ":null,"NPARC":21,"LPARC":null,"OBJETO":"I007259","NOMBRE":"ORTIZ TIMOTEO \"POSEEDOR\"","AREA":null},"geometry":{"type":"Polygon","coordinates":[[[-58.14626395833299,-32.211579097024064],[-58.14608746578753,-32.211756336497004],[-58.14620223480475,-32.21183721325058],[-58.14637889743895,-32.21166136284269],[-58.14626395833299,-32.211579097024064]]]}},{"type":"Feature","properties":{"ID":null,"NCP":"0100010000000578--008--","SEC":0,"GRU":0,"NMANZ":578,"LMANZ":null,"NPARC":8,"LPARC":null,"OBJETO":"I008122","NOMBRE":"DUARTEZ MARIA APOLINARIA POSEEDOR","AREA":null},"geometry":{"type":"Polygon","coordinates":[[[-58.1506416088667,-32.22007021920638],[-58.15073664438868,-32.21997485561875],[-58.15065512221493,-32.21991497874363],[-58.15056000762711,-32.220013167153574],[-58.1506416088667,-32.22007021920638]],[[-58.1506416088667,-32.22007021920638],[-58.150585476411045,-32.22003083554481],[-58.15063343503079,-32.21998365436605],[-58.15068818999102,-32.22002307256056],[-58.1506416088667,-32.22007021920638]]]}},{"type":"Feature","properties":{"ID":null,"NCP":"0100010000000578--010--","SEC":0,"GRU":0,"NMANZ":578,"LMANZ":null,"NPARC":10,"LPARC":null,"OBJETO":"I008203","NOMBRE":"SANCHEZ CLAUDIA POSEEDOR","AREA":null},"geometry":{"type":"Polygon","coordinates":[[[-58.15076925813216,-32.22015955705132],[-58.15086173624794,-32.22006673356621],[-58.15080191342138,-32.220022794700874],[-58.150707105021716,-32.22011607534008],[-58.15076925813216,-32.22015955705132]]]}},{"type":"Feature","properties":{"ID":null,"NCP":"0100010000000559--018--","SEC":0,"GRU":0,"NMANZ":559,"LMANZ":null,"NPARC":18,"LPARC":null,"OBJETO":"I007948","NOMBRE":"DELORENZI GUSTAVO POSEEDOR","AREA":null},"geometry":{"type":"Polygon","coordinates":[[[-58.15065605511986,-32.22116382403183],[-58.150759568819794,-32.221060705829686],[-58.15051842840154,-32.22088790236787],[-58.150415984183624,-32.22098967517192],[-58.15065605511986,-32.22116382403183]]]}},{"type":"Feature","properties":{"ID":null,"NCP":"0100010000000754--023--","SEC":0,"GRU":0,"NMANZ":754,"LMANZ":null,"NPARC":23,"LPARC":null,"OBJETO":"I007261","NOMBRE":"SIGOT DANILO OSCAR  \"POSEEDOR\"","AREA":null},"geometry":{"type":"Polygon","coordinates":[[[-58.14523345112324,-32.212756202031265],[-58.145167692146124,-32.21282206211473],[-58.144970910448095,-32.213019145569305],[-58.14499931368389,-32.21303964177453],[-58.14474237873879,-32.21328860249002],[-58.14482473529399,-32.213348738996906],[-58.14507855736531,-32.21309691948314],[-58.14505546427574,-32.21308016123466],[-58.145380266106514,-32.212748158390724],[-58.14529901242769,-32.21269070500767],[-58.14523345112324,-32.212756202031265]]]}},{"type":"Feature","properties":{"ID":null,"NCP":"0100010000000579--033--","SEC":0,"GRU":0,"NMANZ":579,"LMANZ":null,"NPARC":33,"LPARC":null,"OBJETO":"I007972","NOMBRE":"LEIVA GERARDO POSEEDOR","AREA":null},"geometry":{"type":"Polygon","coordinates":[[[-58.151490005653564,-32.21895959018125],[-58.151409074203876,-32.21890135127392],[-58.15127849542467,-32.21903466658025],[-58.15136081641357,-32.219093271748676],[-58.151490005653564,-32.21895959018125]]]}},{"type":"Feature","properties":{"ID":null,"NCP":"0100010000000579--034--","SEC":0,"GRU":0,"NMANZ":579,"LMANZ":null,"NPARC":34,"LPARC":null,"OBJETO":"I008362","NOMBRE":"FAURE MARTA YOLANDA POSEEDOR","AREA":null},"geometry":{"type":"Polygon","coordinates":[[[-58.151490005653564,-32.21895959018125],[-58.15136081641357,-32.219093271748676],[-58.1514389955564,-32.219148924951845],[-58.15156777673692,-32.21901554063129],[-58.151490005653564,-32.21895959018125]]]}},{"type":"Feature","properties":{"ID":null,"NCP":"0100010000000611--017--","SEC":0,"GRU":0,"NMANZ":611,"LMANZ":null,"NPARC":17,"LPARC":null,"OBJETO":"I007682","NOMBRE":"RODRIGUEZ FABIANA ANDREA Y OTRA POS","AREA":null},"geometry":{"type":"Polygon","coordinates":[[[-58.13726014280814,-32.23067721269578],[-58.13704033462052,-32.230523514448784],[-58.136967126269724,-32.23059638893127],[-58.137184044471645,-32.23075408080016],[-58.13726014280814,-32.23067721269578]]]}},{"type":"Feature","properties":{"ID":null,"NCP":"0100010000000733--014--","SEC":0,"GRU":0,"NMANZ":733,"LMANZ":null,"NPARC":14,"LPARC":null,"OBJETO":"I003593","NOMBRE":"RAFFO MIGUEL ESTEBAN","AREA":null},"geometry":{"type":"Polygon","coordinates":[[[-58.14628626995298,-32.21339908932808],[-58.146137808520145,-32.21354706160958],[-58.14648636548504,-32.213798883687396],[-58.146640531190585,-32.2136483530061],[-58.14628626995298,-32.21339908932808]]]}},{"type":"Feature","properties":{"ID":null,"NCP":"0100011020280340--005--","SEC":102,"GRU":28,"NMANZ":340,"LMANZ":null,"NPARC":5,"LPARC":null,"OBJETO":"I020496","NOMBRE":"NATAL OSCAR ARIEL POSEEDOR","AREA":null},"geometry":{"type":"Polygon","coordinates":[[[-58.150447230660525,-32.23436009302765],[-58.15101007432807,-32.2347576249538],[-58.15126296763206,-32.23493623954458],[-58.15144201866395,-32.23475799096652],[-58.15062630564819,-32.234181862745714],[-58.150447230660525,-32.23436009302765]]]}},{"type":"Feature","properties":{"ID":null,"NCP":"0100011020280340--007--","SEC":102,"GRU":28,"NMANZ":340,"LMANZ":null,"NPARC":7,"LPARC":null,"OBJETO":"I020231","NOMBRE":"NATAL OSCAR ARIEL   \"POSEEDOR\"","AREA":null},"geometry":{"type":"Polygon","coordinates":[[[-58.150447230660525,-32.23436009302765],[-58.15032818321297,-32.2344785799017],[-58.150892170704,-32.23487705683423],[-58.15101007432807,-32.2347576249538],[-58.150447230660525,-32.23436009302765]]]}},{"type":"Feature","properties":{"ID":null,"NCP":"0100010090250000--005--","SEC":9,"GRU":25,"NMANZ":0,"LMANZ":null,"NPARC":5,"LPARC":null,"OBJETO":"I031580","NOMBRE":"DEYMONNAZ OSCAR RODOLFO (POSEEDOR)","AREA":null},"geometry":{"type":"Polygon","coordinates":[[[-58.23553984243392,-32.259147273199986],[-58.23536287511148,-32.25958448294792],[-58.23710941449193,-32.26016066236914],[-58.23729350877509,-32.26017662979872],[-58.23743264646093,-32.26015577936326],[-58.23761867530874,-32.25998821688027],[-58.23765920670114,-32.25986256771662],[-58.23765906404904,-32.25984414606777],[-58.23553984243392,-32.259147273199986]]]}},{"type":"Feature","properties":{"ID":null,"NCP":"0100010000000614--008--","SEC":0,"GRU":0,"NMANZ":614,"LMANZ":null,"NPARC":8,"LPARC":null,"OBJETO":"I003976","NOMBRE":"ROMANO MARIA M. Y OTROS","AREA":null},"geometry":{"type":"Polygon","coordinates":[[[-58.149459373830105,-32.21876894659609],[-58.14925007677001,-32.21861418363221],[-58.1491784135569,-32.21868740220655],[-58.14916901643303,-32.21868075543309],[-58.14912259200326,-32.21872818971599],[-58.149114299847724,-32.218722056497256],[-58.149044757943436,-32.218791675207065],[-58.148954962232196,-32.218725761883405],[-58.14888407344237,-32.21879871382556],[-58.149200231923366,-32.21902555626215],[-58.149459373830105,-32.21876894659609]]]}},{"type":"Feature","properties":{"ID":null,"NCP":"0100010000000093--020--","SEC":0,"GRU":0,"NMANZ":93,"LMANZ":null,"NPARC":20,"LPARC":null,"OBJETO":"I008401","NOMBRE":"DIAZ DE MALGOR OLGA BEATRIZ POSEEDO","AREA":null},"geometry":{"type":"Polygon","coordinates":[[[-58.146569590395366,-32.22021577174197],[-58.14652193850745,-32.22026346811099],[-58.146562114980746,-32.22029288055619],[-58.146609791842266,-32.220245159170965],[-58.146569590395366,-32.22021577174197]]]}},{"type":"Feature","properties":{"ID":null,"NCP":"0100010000000448--018--","SEC":0,"GRU":0,"NMANZ":448,"LMANZ":null,"NPARC":18,"LPARC":null,"OBJETO":"I008609","NOMBRE":"VILLALBA ANDREA LORENA  (POSEEDOR)","AREA":null},"geometry":{"type":"Polygon","coordinates":[[[-58.14634865852407,-32.233136074479454],[-58.14646393100626,-32.233219503137995],[-58.146748972392736,-32.232926865678614],[-58.14663377713881,-32.23284381707693],[-58.14634865852407,-32.233136074479454]]]}},{"type":"Feature","properties":{"ID":null,"NCP":"0100010000000691--024--","SEC":0,"GRU":0,"NMANZ":691,"LMANZ":null,"NPARC":24,"LPARC":null,"OBJETO":"I008600","NOMBRE":"HERNANDEZ DANIEL ALBERTO (POSEEDOR)","AREA":null},"geometry":{"type":"Polygon","coordinates":[[[-58.14794979961884,-32.21496452589649],[-58.147871230773426,-32.214906398960586],[-58.14779384042622,-32.214984037718686],[-58.14803188968614,-32.21515479591344],[-58.14810578821764,-32.21507992928908],[-58.14803087672036,-32.215024508368735],[-58.14794979961884,-32.21496452589649]]]}},{"type":"Feature","properties":{"ID":null,"NCP":"0100010000000190--018--","SEC":0,"GRU":0,"NMANZ":190,"LMANZ":null,"NPARC":18,"LPARC":null,"OBJETO":"I008605","NOMBRE":"ROMERO RAQUEL ELENA Y OTRO POSEEDOR","AREA":null},"geometry":{"type":"Polygon","coordinates":[[[-58.13338286930942,-32.223088853750845],[-58.13339113298164,-32.223094786520186],[-58.13368003544796,-32.22280205166709],[-58.13367377989377,-32.22279759057308],[-58.1334897581749,-32.22298405369361],[-58.133487727130635,-32.222982605269614],[-58.13338286930942,-32.223088853750845]]]}},{"type":"Feature","properties":{"ID":null,"NCP":"0100010000000670--025--","SEC":0,"GRU":0,"NMANZ":670,"LMANZ":null,"NPARC":25,"LPARC":null,"OBJETO":"I008685","NOMBRE":"DE SALVO C.Y REY POSEEDOR","AREA":null},"geometry":{"type":"Polygon","coordinates":[[[-58.14751109943895,-32.21629873745337],[-58.14731998739104,-32.21616207048413],[-58.14724567987291,-32.21623506432665],[-58.14743828945345,-32.216372488698596],[-58.14751109943895,-32.21629873745337]]]}},{"type":"Feature","properties":{"ID":null,"NCP":"0100010000000578--009--","SEC":0,"GRU":0,"NMANZ":578,"LMANZ":null,"NPARC":9,"LPARC":null,"OBJETO":"I008688","NOMBRE":"BARRETO HORACIO RAUL Y OTRO (POSES)","AREA":null},"geometry":{"type":"Polygon","coordinates":[[[-58.15076925813216,-32.22015955705132],[-58.150880268739535,-32.2202379437935],[-58.15097198274478,-32.220147707568756],[-58.15086173624794,-32.22006673356621],[-58.15076925813216,-32.22015955705132]],[[-58.15086515707926,-32.220072218415154],[-58.15091938493313,-32.22011204779031],[-58.15082991285309,-32.220200078216614],[-58.15077490404065,-32.22016101716752],[-58.15086515707926,-32.220072218415154]]]}},{"type":"Feature","properties":{"ID":null,"NCP":"0100010000000529--023--","SEC":0,"GRU":0,"NMANZ":529,"LMANZ":null,"NPARC":23,"LPARC":null,"OBJETO":"I008691","NOMBRE":"SABANO MARCELO DANIEL \"POSEEDOR\"","AREA":null},"geometry":{"type":"Polygon","coordinates":[[[-58.15366586900897,-32.22121132835614],[-58.15343824511421,-32.221439963045974],[-58.153527675212366,-32.221504302042376],[-58.15375354763676,-32.221274463895824],[-58.15366586900897,-32.22121132835614]]]}},{"type":"Feature","properties":{"ID":null,"NCP":"0100010000000559--004--","SEC":0,"GRU":0,"NMANZ":559,"LMANZ":null,"NPARC":4,"LPARC":null,"OBJETO":"I004254","NOMBRE":"ESQUIVEL C/RODAS DE POLLIAN S. Y OTRO","AREA":null},"geometry":{"type":"Polygon","coordinates":[[[-58.15065605511986,-32.22116382403183],[-58.150415984183624,-32.22098967517192],[-58.15032152951912,-32.221083509348645],[-58.15056430334959,-32.221258962837744],[-58.15065605511986,-32.22116382403183]]]}},{"type":"Feature","properties":{"ID":null,"NCP":"0100010000000179--019--","SEC":0,"GRU":0,"NMANZ":179,"LMANZ":null,"NPARC":19,"LPARC":null,"OBJETO":"I008698","NOMBRE":"DERENDINGER DIANA B. POSEEDORA","AREA":null},"geometry":{"type":"Polygon","coordinates":[[[-58.1419800284171,-32.215430593750106],[-58.141977232018085,-32.21541895827197],[-58.14170524800016,-32.21521873133847],[-58.141580286617184,-32.215341409753826],[-58.14185842372104,-32.215550222105904],[-58.1419800284171,-32.215430593750106]]]}},{"type":"Feature","properties":{"ID":null,"NCP":"0100010000000476--021--","SEC":0,"GRU":0,"NMANZ":476,"LMANZ":null,"NPARC":21,"LPARC":null,"OBJETO":"I008699","NOMBRE":"GONZALEZ  JUAN PEDRO \"POSEEDOR\"","AREA":null},"geometry":{"type":"Polygon","coordinates":[[[-58.14690563888325,-32.23107849411976],[-58.146781607522904,-32.230984911295415],[-58.14649011108396,-32.23127523697918],[-58.146616797195385,-32.231366057441434],[-58.14690563888325,-32.23107849411976]]]}},{"type":"Feature","properties":{"ID":null,"NCP":"0100010000000713--019--","SEC":0,"GRU":0,"NMANZ":713,"LMANZ":null,"NPARC":19,"LPARC":null,"OBJETO":"I008621","NOMBRE":"IZAGUIRRE DE ANCHORENA S. H. POSES.","AREA":null},"geometry":{"type":"Polygon","coordinates":[[[-58.1470896485752,-32.21345585187945],[-58.14700687182513,-32.213542739668284],[-58.14724659606563,-32.213716960344755],[-58.147332027466284,-32.213631996984205],[-58.1470896485752,-32.21345585187945]]]}},{"type":"Feature","properties":{"ID":null,"NCP":"0100010000000736--019--","SEC":0,"GRU":0,"NMANZ":736,"LMANZ":null,"NPARC":19,"LPARC":null,"OBJETO":"I007920","NOMBRE":"PEREZ REY RICARDO M.POSEEDOR","AREA":null},"geometry":{"type":"Polygon","coordinates":[[[-58.14829280968689,-32.21157862244972],[-58.148224702062876,-32.21164835605693],[-58.14826331764622,-32.211676023036894],[-58.148332655377814,-32.21160795223776],[-58.148531755448374,-32.21175450621638],[-58.14860861417664,-32.21167626554647],[-58.148369439926675,-32.21150013538441],[-58.14829280968689,-32.21157862244972]]]}},{"type":"Feature","properties":{"ID":null,"NCP":"0100010000000736--022--","SEC":0,"GRU":0,"NMANZ":736,"LMANZ":null,"NPARC":22,"LPARC":null,"OBJETO":"I008379","NOMBRE":"ARGUET LIA MABEL POSEEDOR","AREA":null},"geometry":{"type":"Polygon","coordinates":[[[-58.14853086132045,-32.21133478779765],[-58.148652183291176,-32.21142222414559],[-58.148726675329286,-32.211345921402916],[-58.1486053523917,-32.211258486119014],[-58.14853086132045,-32.21133478779765]]]}},{"type":"Feature","properties":{"ID":null,"NCP":"0100010000000736--023--","SEC":0,"GRU":0,"NMANZ":736,"LMANZ":null,"NPARC":23,"LPARC":null,"OBJETO":"I008230","NOMBRE":"URIARTE PUYOL MARIO ALBERTO (POSEE","AREA":null},"geometry":{"type":"Polygon","coordinates":[[[-58.1486053523917,-32.211258486119014],[-58.14851614378778,-32.211194194534315],[-58.14820488234573,-32.21151389862514],[-58.14829280968689,-32.21157862244972],[-58.148369439926675,-32.21150013538441],[-58.14844730815533,-32.21142035873277],[-58.14853086132045,-32.21133478779765],[-58.1486053523917,-32.211258486119014]]]}},{"type":"Feature","properties":{"ID":null,"NCP":"0100010000000758--014--","SEC":0,"GRU":0,"NMANZ":758,"LMANZ":null,"NPARC":14,"LPARC":null,"OBJETO":"I008381","NOMBRE":"SABIONE ADELA SILVIA POSEEDORA","AREA":null},"geometry":{"type":"Polygon","coordinates":[[[-58.14850855120971,-32.21006632922983],[-58.14865339061666,-32.21017199544893],[-58.148719922624586,-32.21010531421853],[-58.14857508311289,-32.209999648200174],[-58.14850855120971,-32.21006632922983]]]}},{"type":"Feature","properties":{"ID":null,"NCP":"0100010000000758--015--","SEC":0,"GRU":0,"NMANZ":758,"LMANZ":null,"NPARC":15,"LPARC":null,"OBJETO":"I008380","NOMBRE":"TORRIERI FELIPE C/SILVA OLGA F","AREA":null},"geometry":{"type":"Polygon","coordinates":[[[-58.14857508311289,-32.209999648200174],[-58.14844663125921,-32.20990593727543],[-58.148380145647664,-32.20997265183111],[-58.14850855120971,-32.21006632922983],[-58.14857508311289,-32.209999648200174]]]}},{"type":"Feature","properties":{"ID":null,"NCP":"0100010000000715--014--","SEC":0,"GRU":0,"NMANZ":715,"LMANZ":null,"NPARC":14,"LPARC":null,"OBJETO":"I007919","NOMBRE":"TONONI C/ROTUNDO CARLOS A. Y O","AREA":null},"geometry":{"type":"Polygon","coordinates":[[[-58.14881539150489,-32.21216654187938],[-58.148735723429205,-32.21210801973285],[-58.14865334924918,-32.21204886544671],[-58.148482844449966,-32.21221660557033],[-58.14864358811578,-32.21233457052743],[-58.14881539150489,-32.21216654187938]],[[-58.14873202876804,-32.212109325413664],[-58.14881267691695,-32.212167013253115],[-58.14864293351222,-32.2123289942749],[-58.148564203735944,-32.21227366789295],[-58.148484869786486,-32.212215787179105],[-58.1486531272157,-32.212052350157116],[-58.14873202876804,-32.212109325413664]]]}},{"type":"Feature","properties":{"ID":null,"NCP":"0100010000000151--020--","SEC":0,"GRU":0,"NMANZ":151,"LMANZ":null,"NPARC":20,"LPARC":null,"OBJETO":"I008664","NOMBRE":"BREM JUAN DE DIOS. POSEEDOR","AREA":null},"geometry":{"type":"Polygon","coordinates":[[[-58.142762215923355,-32.21694730956946],[-58.14290078357405,-32.216545816614435],[-58.14261207650146,-32.2168366721006],[-58.142762215923355,-32.21694730956946]]]}},{"type":"Feature","properties":{"ID":null,"NCP":"0100010000000580--034--","SEC":0,"GRU":0,"NMANZ":580,"LMANZ":null,"NPARC":34,"LPARC":null,"OBJETO":"I008736","NOMBRE":"MIQUEO MIRIAM SOLEDAD (POSEEDOR)","AREA":null},"geometry":{"type":"Polygon","coordinates":[[[-58.15214562331847,-32.21842250556157],[-58.15206576626679,-32.218364959891346],[-58.15192059392826,-32.218510539825196],[-58.15199959236453,-32.21856895507869],[-58.15214562331847,-32.21842250556157]]]}},{"type":"Feature","properties":{"ID":null,"NCP":"0100010000000056--019--","SEC":0,"GRU":0,"NMANZ":56,"LMANZ":null,"NPARC":19,"LPARC":null,"OBJETO":"I007549","NOMBRE":"PEREYRA SILVIA ESTER POSEEDOR","AREA":null},"geometry":{"type":"Polygon","coordinates":[[[-58.14058389505703,-32.23039624189335],[-58.140388580475225,-32.23059190802413],[-58.14039633489467,-32.23059743872121],[-58.140499744889354,-32.23067114964088],[-58.14069719801424,-32.23047806951652],[-58.14058959005201,-32.23040035134404],[-58.14058389505703,-32.23039624189335]]]}},{"type":"Feature","properties":{"ID":null,"NCP":"0100010000000056--020--","SEC":0,"GRU":0,"NMANZ":56,"LMANZ":null,"NPARC":20,"LPARC":null,"OBJETO":"I007545","NOMBRE":"PEREYRA CLAUDIO MARCELINIO POSEEDOR","AREA":null},"geometry":{"type":"Polygon","coordinates":[[[-58.14058389505703,-32.23039624189335],[-58.1404732939453,-32.23031643313005],[-58.14027745620562,-32.23051265055905],[-58.140388580475225,-32.23059190802413],[-58.14058389505703,-32.23039624189335]]]}},{"type":"Feature","properties":{"ID":null,"NCP":"0100010000000125--021--","SEC":0,"GRU":0,"NMANZ":125,"LMANZ":null,"NPARC":21,"LPARC":null,"OBJETO":"I008864","NOMBRE":"ALVAREZ HERNAN LUIS \"POSEEDOR\"","AREA":null},"geometry":{"type":"Polygon","coordinates":[[[-58.14341291798327,-32.21923501336371],[-58.143417434616346,-32.219238288782705],[-58.1436282242144,-32.21902632575511],[-58.14345183200509,-32.21889955532158],[-58.143237681483235,-32.21910793237579],[-58.14341291798327,-32.21923501336371]]]}},{"type":"Feature","properties":{"ID":null,"NCP":"0100010000000490--006--","SEC":0,"GRU":0,"NMANZ":490,"LMANZ":null,"NPARC":6,"LPARC":null,"OBJETO":"I008675","NOMBRE":"SALAS ENRIQUE","AREA":null},"geometry":{"type":"Polygon","coordinates":[[[-58.156086659592404,-32.22145179332542],[-58.156198691630955,-32.221531326831176],[-58.15639518066267,-32.22133766766794],[-58.156276854121565,-32.22125622449432],[-58.156086659592404,-32.22145179332542]]]}},{"type":"Feature","properties":{"ID":null,"NCP":"0100010000000490--007--","SEC":0,"GRU":0,"NMANZ":490,"LMANZ":null,"NPARC":7,"LPARC":null,"OBJETO":"I008676","NOMBRE":"PEREZ SERGIO J. POSEEDOR","AREA":null},"geometry":{"type":"Polygon","coordinates":[[[-58.156086659592404,-32.22145179332542],[-58.156276854121565,-32.22125622449432],[-58.156152070587154,-32.22117033675433],[-58.155963429926935,-32.22136431015939],[-58.156086659592404,-32.22145179332542]]]}},{"type":"Feature","properties":{"ID":null,"NCP":"0100010000000490--008--","SEC":0,"GRU":0,"NMANZ":490,"LMANZ":null,"NPARC":8,"LPARC":null,"OBJETO":"I008674","NOMBRE":"PERALTA MAURO SEBASTIAN POSEEDOR","AREA":null},"geometry":{"type":"Polygon","coordinates":[[[-58.156152070587154,-32.22117033675433],[-58.156276854121565,-32.22125622449432],[-58.15639518066267,-32.22133766766794],[-58.156499519575405,-32.221237128583596],[-58.15625707778025,-32.22106236108419],[-58.156152070587154,-32.22117033675433]]]}},{"type":"Feature","properties":{"ID":null,"NCP":"0100010000000180--025--","SEC":0,"GRU":0,"NMANZ":180,"LMANZ":null,"NPARC":25,"LPARC":null,"OBJETO":"I008404","NOMBRE":"DROZ NERIS ANGEL POSEEDOR","AREA":null},"geometry":{"type":"Polygon","coordinates":[[[-58.14051852649351,-32.21568208550627],[-58.14041331340554,-32.215785816410154],[-58.14045582774746,-32.21581409530385],[-58.140462817258324,-32.21580696069781],[-58.14052465158074,-32.21585228909614],[-58.14052365563881,-32.21585334337677],[-58.14077455983981,-32.216027396119934],[-58.14087022273741,-32.21593338604319],[-58.14058050756322,-32.21572657322573],[-58.14051852649351,-32.21568208550627]]]}},{"type":"Feature","properties":{"ID":null,"NCP":"0100010000000145--021--","SEC":0,"GRU":0,"NMANZ":145,"LMANZ":null,"NPARC":21,"LPARC":null,"OBJETO":"I008340","NOMBRE":"OTERO JULIO ALBERTO Y OTROS POSEEDOR","AREA":null},"geometry":{"type":"Polygon","coordinates":[[[-58.14008339056309,-32.2209182812078],[-58.139895469334114,-32.22111353425336],[-58.13997370774567,-32.22116962378348],[-58.14016712428831,-32.2209734826781],[-58.14008339056309,-32.2209182812078]]]}},{"type":"Feature","properties":{"ID":null,"NCP":"0100010000000651--015--","SEC":0,"GRU":0,"NMANZ":651,"LMANZ":null,"NPARC":15,"LPARC":null,"OBJETO":"I007199","NOMBRE":"AGUILAR JUSTA TOMASA ESMERALDA POSEEDOR","AREA":null},"geometry":{"type":"Polygon","coordinates":[[[-58.148788487329305,-32.21697873995428],[-58.14855779784895,-32.21681385831338],[-58.148469982343535,-32.21690145021494],[-58.148702879138966,-32.21706530217581],[-58.148788487329305,-32.21697873995428]]]}},{"type":"Feature","properties":{"ID":null,"NCP":"0100010000000030--018--","SEC":0,"GRU":0,"NMANZ":30,"LMANZ":null,"NPARC":18,"LPARC":null,"OBJETO":"I008883","NOMBRE":"DEL REAL DELIA BEATRIZ POSEEDOR","AREA":null},"geometry":{"type":"Polygon","coordinates":[[[-58.141910237452485,-32.230446814799464],[-58.142108523003245,-32.23026033584935],[-58.142015887264876,-32.23019281513964],[-58.14182162764754,-32.23038268041864],[-58.141910237452485,-32.230446814799464]]]}},{"type":"Feature","properties":{"ID":null,"NCP":"0100010000000203--016--","SEC":0,"GRU":0,"NMANZ":203,"LMANZ":null,"NPARC":16,"LPARC":null,"OBJETO":"I008888","NOMBRE":"MOREYRA JUAN SALVADOR POSEEDOR","AREA":null},"geometry":{"type":"Polygon","coordinates":[[[-58.138442670128555,-32.21706416288886],[-58.13836992206248,-32.217013788982705],[-58.13814776837237,-32.217238355019134],[-58.138218934952825,-32.217290309161676],[-58.138442670128555,-32.21706416288886]]]}},{"type":"Feature","properties":{"ID":null,"NCP":"0100010000000002--019--","SEC":0,"GRU":0,"NMANZ":2,"LMANZ":null,"NPARC":19,"LPARC":null,"OBJETO":"I007431","NOMBRE":"BLANC RAUL JORGE Y OTRA  \"POSEEDOR\"","AREA":null},"geometry":{"type":"Polygon","coordinates":[[[-58.14399674234276,-32.23120778490799],[-58.14418382538842,-32.23134508433949],[-58.14425256861703,-32.23127646007027],[-58.144064857990806,-32.23113869684087],[-58.14399674234276,-32.23120778490799]]]}},{"type":"Feature","properties":{"ID":null,"NCP":"0100010000000736--024--","SEC":0,"GRU":0,"NMANZ":736,"LMANZ":null,"NPARC":24,"LPARC":null,"OBJETO":"I008913","NOMBRE":"ALEGRE MANUEL ERNESTO (POSEEDOR)","AREA":null},"geometry":{"type":"Polygon","coordinates":[[[-58.14826331764622,-32.211676023036894],[-58.148224702062876,-32.21164835605693],[-58.14819824593926,-32.211629400971944],[-58.14797479693524,-32.21184885617774],[-58.148064029741775,-32.21191471447872],[-58.148288235370224,-32.211693875870836],[-58.14826331764622,-32.211676023036894]]]}},{"type":"Feature","properties":{"ID":null,"NCP":"0100010000000453--009--","SEC":0,"GRU":0,"NMANZ":453,"LMANZ":null,"NPARC":9,"LPARC":null,"OBJETO":"I001958","NOMBRE":"NUNEZ OMAR ALBERTO \"POSEEDOR\"","AREA":null},"geometry":{"type":"Polygon","coordinates":[[[-58.149923969998035,-32.22973530792956],[-58.149750070886,-32.229907939132374],[-58.14986965223609,-32.22999121141608],[-58.150040324652956,-32.229819208992154],[-58.149923969998035,-32.22973530792956]]]}},{"type":"Feature","properties":{"ID":null,"NCP":"0100010170010000--007--","SEC":17,"GRU":1,"NMANZ":0,"LMANZ":null,"NPARC":7,"LPARC":null,"OBJETO":"I030830","NOMBRE":"VIOLLAZ ARMANDO ALBERTO","AREA":null},"geometry":{"type":"Polygon","coordinates":[[[-58.164707016402716,-32.25615788675867],[-58.15877308382329,-32.257295427921946],[-58.15925286331268,-32.25898956621651],[-58.15954294679415,-32.25977835493885],[-58.16376741711325,-32.257208860425436],[-58.164707016402716,-32.25615788675867]]]}},{"type":"Feature","properties":{"ID":null,"NCP":"0100010000000612--015--","SEC":0,"GRU":0,"NMANZ":612,"LMANZ":null,"NPARC":15,"LPARC":null,"OBJETO":"I008917","NOMBRE":"MORELLI ABEL AMADEO Y OT. \"POSEEDORES\"","AREA":null},"geometry":{"type":"Polygon","coordinates":[[[-58.13792381671237,-32.23002319134124],[-58.13785001951758,-32.23009895337783],[-58.13805249057514,-32.230244624685994],[-58.138125056060076,-32.23016957357798],[-58.13792381671237,-32.23002319134124]]]}},{"type":"Feature","properties":{"ID":null,"NCP":"0100010000000300--016--","SEC":0,"GRU":0,"NMANZ":300,"LMANZ":null,"NPARC":16,"LPARC":null,"OBJETO":"I008919","NOMBRE":"ORTIZ MARINA ISABEL POSEEDOR","AREA":null},"geometry":{"type":"Polygon","coordinates":[[[-58.1580558465566,-32.230897506605814],[-58.157784138419046,-32.23070701483482],[-58.15771118821009,-32.230778240246636],[-58.15798265319849,-32.23097227043836],[-58.1580558465566,-32.230897506605814]]]}},{"type":"Feature","properties":{"ID":null,"NCP":"0100010000000612--016--","SEC":0,"GRU":0,"NMANZ":612,"LMANZ":null,"NPARC":16,"LPARC":null,"OBJETO":"I008920","NOMBRE":"CARDOZO LUIS MARIA \"POSEEDOR\"","AREA":null},"geometry":{"type":"Polygon","coordinates":[[[-58.13785001951758,-32.23009895337783],[-58.13792381671237,-32.23002319134124],[-58.13769908978352,-32.22986086044482],[-58.13762372020095,-32.22993690681178],[-58.13785001951758,-32.23009895337783]]]}},{"type":"Feature","properties":{"ID":null,"NCP":"0000000088--018--","SEC":8,"GRU":8,"NMANZ":18,"LMANZ":null,"NPARC":0,"LPARC":null,"OBJETO":null,"NOMBRE":null,"AREA":null},"geometry":{"type":"Polygon","coordinates":[[[-58.14375876585494,-32.22340920366704],[-58.14385591170714,-32.22331248437277],[-58.14364019825269,-32.223159382287506],[-58.14375074099384,-32.223282988806446],[-58.14375876585494,-32.22340920366704]]]}},{"type":"Feature","properties":{"ID":null,"NCP":"0100010000000651--016--","SEC":0,"GRU":0,"NMANZ":651,"LMANZ":null,"NPARC":16,"LPARC":null,"OBJETO":"I008958","NOMBRE":"ANZORANDIA MARTA ELENA POSEEDOR","AREA":null},"geometry":{"type":"Polygon","coordinates":[[[-58.148554661005015,-32.21680456004692],[-58.14879899680257,-32.21697903458257],[-58.14889507297957,-32.216882824968614],[-58.14865375557775,-32.216709476978814],[-58.148554661005015,-32.21680456004692]]]}},{"type":"Feature","properties":{"ID":null,"NCP":"0100010000000736--026--","SEC":0,"GRU":0,"NMANZ":736,"LMANZ":null,"NPARC":26,"LPARC":null,"OBJETO":"I008965","NOMBRE":"FOLLONIER GUILLERMO A Y OTROS POSEED.","AREA":null},"geometry":{"type":"Polygon","coordinates":[[[-58.14761961803009,-32.21147475921714],[-58.14755369817799,-32.21153742922598],[-58.14776035682598,-32.21168781917846],[-58.14782510938323,-32.21162534937952],[-58.14761961803009,-32.21147475921714]]]}},{"type":"Feature","properties":{"ID":null,"NCP":"0100010000000652--013--","SEC":0,"GRU":0,"NMANZ":652,"LMANZ":null,"NPARC":13,"LPARC":null,"OBJETO":"I009016","NOMBRE":"BAUZA HORACIO JERONIMO POSEEDOR","AREA":null},"geometry":{"type":"Polygon","coordinates":[[[-58.14914863509631,-32.21578283231571],[-58.14922634233308,-32.21570355343101],[-58.14946449117839,-32.215872259801166],[-58.14957986880059,-32.215754728709165],[-58.149340349420704,-32.215586067459306],[-58.14914863509631,-32.21578283231571]]]}},{"type":"Feature","properties":{"ID":null,"NCP":"0100010000000501--017--","SEC":0,"GRU":0,"NMANZ":501,"LMANZ":null,"NPARC":17,"LPARC":null,"OBJETO":"I009019","NOMBRE":"MOREND MARINA YOLANDA POSEEDOR","AREA":null},"geometry":{"type":"Polygon","coordinates":[[[-58.14423927153077,-32.23164865648265],[-58.144470762996846,-32.23181550040097],[-58.144483497535,-32.23180188933748],[-58.14425251034598,-32.23163538596613],[-58.14423927153077,-32.23164865648265]]]}},{"type":"Feature","properties":{"ID":null,"NCP":"0100010000000611--019--","SEC":0,"GRU":0,"NMANZ":611,"LMANZ":null,"NPARC":19,"LPARC":null,"OBJETO":"I009020","NOMBRE":"CASTRO GLADIS RAMONA POSEEDOR","AREA":null},"geometry":{"type":"Polygon","coordinates":[[[-58.13755537950213,-32.23037898783097],[-58.13776903682991,-32.230529764425086],[-58.13784218047068,-32.23045767098465],[-58.1376284705512,-32.23030515658441],[-58.13755537950213,-32.23037898783097]]]}},{"type":"Feature","properties":{"ID":null,"NCP":"0100010000000151--021--","SEC":0,"GRU":0,"NMANZ":151,"LMANZ":null,"NPARC":21,"LPARC":null,"OBJETO":"I009037","NOMBRE":"SACK GUSTAVO JAVIER (POSEEDOR)","AREA":null},"geometry":{"type":"Polygon","coordinates":[[[-58.142797102234844,-32.216973017166886],[-58.142976542436294,-32.217105245633206],[-58.143129368218986,-32.21695505229363],[-58.143194274752794,-32.216891263569885],[-58.14294291500744,-32.21669748583973],[-58.142797102234844,-32.216973017166886]]]}},{"type":"Feature","properties":{"ID":null,"NCP":"0100010000000736--027--","SEC":0,"GRU":0,"NMANZ":736,"LMANZ":null,"NPARC":27,"LPARC":null,"OBJETO":"I009048","NOMBRE":"MARTINEZ ALBERTO EUSEBIO POSEEDOR","AREA":null},"geometry":{"type":"Polygon","coordinates":[[[-58.14796659170582,-32.21149354735313],[-58.147758473663174,-32.21133764268242],[-58.147683405827095,-32.21141069791247],[-58.14777986801279,-32.211477567830215],[-58.14778091458034,-32.211476549639286],[-58.14789753389482,-32.21156194183338],[-58.14796659170582,-32.21149354735313]]]}},{"type":"Feature","properties":{"ID":null,"NCP":"0100010000000730--016--","SEC":0,"GRU":0,"NMANZ":730,"LMANZ":null,"NPARC":16,"LPARC":null,"OBJETO":"I008608","NOMBRE":"CATELOTTI MARCELO MIGUEL POSEEDOR","AREA":null},"geometry":{"type":"Polygon","coordinates":[[[-58.14433894545623,-32.21577185185468],[-58.144223723169155,-32.215687469273895],[-58.143980994782986,-32.215939819337876],[-58.14409782436829,-32.21602272272784],[-58.14433894545623,-32.21577185185468]]]}},{"type":"Feature","properties":{"ID":null,"NCP":"0100010000000480--019--","SEC":0,"GRU":0,"NMANZ":480,"LMANZ":null,"NPARC":19,"LPARC":null,"OBJETO":"I009075","NOMBRE":"BLANC DIEGO LORENZO POSEEDOR","AREA":null},"geometry":{"type":"Polygon","coordinates":[[[-58.14942124474226,-32.22864047827135],[-58.14934270450634,-32.228721633445524],[-58.149389461107056,-32.2287543261289],[-58.149638368340334,-32.2289388591141],[-58.149720903854735,-32.22885650903107],[-58.14942124474226,-32.22864047827135]]]}},{"type":"Feature","properties":{"ID":null,"NCP":"0100010000000527--015--","SEC":0,"GRU":0,"NMANZ":527,"LMANZ":null,"NPARC":15,"LPARC":null,"OBJETO":"I009018","NOMBRE":"PALACIO REGINA POSEEDOR","AREA":null},"geometry":{"type":"Polygon","coordinates":[[[-58.14276691805671,-32.23260204625384],[-58.142385174163564,-32.232982823316476],[-58.14219738589369,-32.23284821173297],[-58.14198965055704,-32.23305757365217],[-58.14227820275248,-32.23327269367022],[-58.14286837670612,-32.232674573587055],[-58.14276691805671,-32.23260204625384]]]}},{"type":"Feature","properties":{"ID":null,"NCP":"0100010000000651--017--","SEC":0,"GRU":0,"NMANZ":651,"LMANZ":null,"NPARC":17,"LPARC":null,"OBJETO":"I009113","NOMBRE":"CAMAGNI MARTA ROSA JOSEFA POSEEDOR","AREA":null},"geometry":{"type":"Polygon","coordinates":[[[-58.148554661005015,-32.21680456004692],[-58.14845974690422,-32.21690052404726],[-58.14870330930031,-32.21707579201394],[-58.14879899680257,-32.21697903458257],[-58.148554661005015,-32.21680456004692]],[[-58.148788487329305,-32.21697873995428],[-58.148702879138966,-32.21706530217581],[-58.148469982343535,-32.21690145021494],[-58.14855779784895,-32.21681385831338],[-58.148788487329305,-32.21697873995428]]]}},{"type":"Feature","properties":{"ID":null,"NCP":"0100010000000161--022--","SEC":0,"GRU":0,"NMANZ":161,"LMANZ":null,"NPARC":22,"LPARC":null,"OBJETO":"I009118","NOMBRE":"DALLAZUANA ANA BEATRIZ POSEEDOR","AREA":null},"geometry":{"type":"Polygon","coordinates":[[[-58.13615750546265,-32.223454422282884],[-58.13591986251932,-32.22369607474938],[-58.136028641743025,-32.223773373697405],[-58.1362660725674,-32.22353193714882],[-58.13615750546265,-32.223454422282884]]]}},{"type":"Feature","properties":{"ID":null,"NCP":"0100010000000578--013--","SEC":0,"GRU":0,"NMANZ":578,"LMANZ":null,"NPARC":13,"LPARC":null,"OBJETO":"I009119","NOMBRE":"BALDERRAMA JORGE FABIAN POSEEDOR","AREA":null},"geometry":{"type":"Polygon","coordinates":[[[-58.15086515707926,-32.220072218415154],[-58.15077490404065,-32.22016101716752],[-58.15082991285309,-32.220200078216614],[-58.15091938493313,-32.22011204779031],[-58.15086515707926,-32.220072218415154]]]}},{"type":"Feature","properties":{"ID":null,"NCP":"0100010000000149--022--","SEC":0,"GRU":0,"NMANZ":149,"LMANZ":null,"NPARC":22,"LPARC":null,"OBJETO":"I008403","NOMBRE":"VILLALBA O.J POSEEDOR","AREA":null},"geometry":{"type":"Polygon","coordinates":[[[-58.14324695718286,-32.217938709892564],[-58.143123198706085,-32.218056984500535],[-58.14349170470911,-32.21831494125657],[-58.143608729397386,-32.218197930848326],[-58.14324695718286,-32.217938709892564]]]}},{"type":"Feature","properties":{"ID":null,"NCP":"0100010000000105--024--","SEC":0,"GRU":0,"NMANZ":105,"LMANZ":null,"NPARC":24,"LPARC":null,"OBJETO":"I008486","NOMBRE":"BRITOS LILIANA HELVECIA POSEEDORA","AREA":null},"geometry":{"type":"Polygon","coordinates":[[[-58.13982541847159,-32.225632174744185],[-58.13973627229579,-32.22572479814069],[-58.13971869134984,-32.22574279633716],[-58.139783907072356,-32.22579240581455],[-58.139894481643175,-32.22568035319554],[-58.13982541847159,-32.225632174744185]]]}},{"type":"Feature","properties":{"ID":null,"NCP":"0100010000000490--009--","SEC":0,"GRU":0,"NMANZ":490,"LMANZ":null,"NPARC":9,"LPARC":null,"OBJETO":"I008586","NOMBRE":"MARTINEZ DANIEL A.  (POSEEDOR)","AREA":null},"geometry":{"type":"Polygon","coordinates":[[[-58.15701219293046,-32.221088776542466],[-58.156721242190784,-32.221391780808446],[-58.156965206846465,-32.22156495822023],[-58.157249973101436,-32.221261281538546],[-58.15701219293046,-32.221088776542466]]]}},{"type":"Feature","properties":{"ID":null,"NCP":"0100010000000559--021--","SEC":0,"GRU":0,"NMANZ":559,"LMANZ":null,"NPARC":21,"LPARC":null,"OBJETO":"I007260","NOMBRE":"MARINEZ SORIA OSCAR \"POSEEDOR\"","AREA":null},"geometry":{"type":"Polygon","coordinates":[[[-58.151005430874626,-32.22139107651001],[-58.1511264170805,-32.2214798930514],[-58.15122119714686,-32.22138638517551],[-58.15096029133293,-32.22119528205851],[-58.15086695294025,-32.22128941886214],[-58.151005430874626,-32.22139107651001]]]}},{"type":"Feature","properties":{"ID":null,"NCP":"0100010000000163--026--","SEC":0,"GRU":0,"NMANZ":163,"LMANZ":null,"NPARC":26,"LPARC":null,"OBJETO":"I009123","NOMBRE":"BALAGUE JUAN JOSE Y OTRO POSEEDOR","AREA":null},"geometry":{"type":"Polygon","coordinates":[[[-58.1351832283196,-32.22480910750836],[-58.135129083404145,-32.22486465721916],[-58.13533565188558,-32.22501214800341],[-58.13538692732727,-32.22496046498306],[-58.1351832283196,-32.22480910750836]]]}},{"type":"Feature","properties":{"ID":null,"NCP":"0100010000000046--025--","SEC":0,"GRU":0,"NMANZ":46,"LMANZ":null,"NPARC":25,"LPARC":null,"OBJETO":"I009120","NOMBRE":"FERNANDEZ PERFECTO EUGENIO ADAN POSEEDOR","AREA":null},"geometry":{"type":"Polygon","coordinates":[[[-58.147304365617494,-32.22290733238016],[-58.147136282537346,-32.22307554693442],[-58.14728401114756,-32.2231850014845],[-58.14745540518549,-32.223015167580186],[-58.147304365617494,-32.22290733238016]]]}},{"type":"Feature","properties":{"ID":null,"NCP":"0100010000000046--026--","SEC":0,"GRU":0,"NMANZ":46,"LMANZ":null,"NPARC":26,"LPARC":null,"OBJETO":"I009215","NOMBRE":"LAVALLENA CELIA MANUELA POSEEDOR","AREA":null},"geometry":{"type":"Polygon","coordinates":[[[-58.147218626130524,-32.22342463211494],[-58.147134649450905,-32.223510120001954],[-58.14743918756298,-32.2237219698798],[-58.14752510198499,-32.22363647014726],[-58.147218626130524,-32.22342463211494]]]}},{"type":"Feature","properties":{"ID":null,"NCP":"0100010000000757--022--","SEC":0,"GRU":0,"NMANZ":757,"LMANZ":null,"NPARC":22,"LPARC":null,"OBJETO":"I021058","NOMBRE":"MARTINEZ LUCIANA DORA POSEEDOR","AREA":null},"geometry":{"type":"Polygon","coordinates":[[[-58.14721952312054,-32.210454659531905],[-58.14714696052527,-32.2105258699953],[-58.1473773822384,-32.21068365459629],[-58.14745023719648,-32.21061104308369],[-58.14721952312054,-32.210454659531905]]]}},{"type":"Feature","properties":{"ID":null,"NCP":"0100011030000044--002--","SEC":103,"GRU":0,"NMANZ":44,"LMANZ":null,"NPARC":2,"LPARC":null,"OBJETO":"I032396","NOMBRE":"BOURLOT NORMA BEATRIZ POSEEDOR","AREA":null},"geometry":{"type":"Polygon","coordinates":[[[-58.230107761782115,-32.29693337382434],[-58.229895619479265,-32.297692984093764],[-58.23079129944933,-32.297868301644115],[-58.23100343483051,-32.29710868963982],[-58.230107761782115,-32.29693337382434]]]}},{"type":"Feature","properties":{"ID":null,"NCP":"0100011030000045--002--","SEC":103,"GRU":0,"NMANZ":45,"LMANZ":null,"NPARC":2,"LPARC":null,"OBJETO":"I032397","NOMBRE":"BOURLOT NORMA BEATRIZ","AREA":null},"geometry":{"type":"Polygon","coordinates":[[[-58.229088168544436,-32.296733793828615],[-58.22887660031279,-32.29749351603952],[-58.22971669078848,-32.29765796032475],[-58.22992883447405,-32.29689835040189],[-58.229088168544436,-32.296733793828615]]]}},{"type":"Feature","properties":{"ID":null,"NCP":"0100010000000480--020--","SEC":0,"GRU":0,"NMANZ":480,"LMANZ":null,"NPARC":20,"LPARC":null,"OBJETO":"I009260","NOMBRE":"RODRIGUEZ LUIS ALBERTO POSEEDOR","AREA":null},"geometry":{"type":"Polygon","coordinates":[[[-58.14942124474226,-32.22864047827135],[-58.14930889237368,-32.22855778475631],[-58.149228147692796,-32.228639169061246],[-58.14934270450634,-32.228721633445524],[-58.14942124474226,-32.22864047827135]]]}},{"type":"Feature","properties":{"ID":null,"NCP":"0100010000000200--030--","SEC":0,"GRU":0,"NMANZ":200,"LMANZ":null,"NPARC":30,"LPARC":null,"OBJETO":"I009268","NOMBRE":"HERMIN MARIA DEL CARMEN","AREA":null},"geometry":{"type":"Polygon","coordinates":[[[-58.1362604446644,-32.219398823554094],[-58.13619635064899,-32.21946085374515],[-58.13637557080752,-32.21958982378038],[-58.13644019350467,-32.21952492803214],[-58.1362604446644,-32.219398823554094]]]}},{"type":"Feature","properties":{"ID":null,"NCP":"0100010000000736--028--","SEC":0,"GRU":0,"NMANZ":736,"LMANZ":null,"NPARC":28,"LPARC":null,"OBJETO":"I009303","NOMBRE":"TERZAGHI JULIO ROBERTO POSEEDOR","AREA":null},"geometry":{"type":"Polygon","coordinates":[[[-58.148652183291176,-32.21142222414559],[-58.14877276791029,-32.21150912156563],[-58.148847517564775,-32.21143300997733],[-58.148726675329286,-32.211345921402916],[-58.148652183291176,-32.21142222414559]]]}},{"type":"Feature","properties":{"ID":null,"NCP":"0100010000000712--019--","SEC":0,"GRU":0,"NMANZ":712,"LMANZ":null,"NPARC":19,"LPARC":null,"OBJETO":"I009315","NOMBRE":"BLANCO MARIO ALFREDO POSEEDOR","AREA":null},"geometry":{"type":"Polygon","coordinates":[[[-58.14723320083873,-32.21451663702818],[-58.14698558430719,-32.21434446497003],[-58.146900518655634,-32.21442969924756],[-58.14714886262507,-32.214602392304386],[-58.14723320083873,-32.21451663702818]],[[-58.14698670014971,-32.21435118258878],[-58.14722446972961,-32.21451640989187],[-58.14714587891645,-32.21459632119307],[-58.14690748946479,-32.21443055029578],[-58.14698670014971,-32.21435118258878]]]}},{"type":"Feature","properties":{"ID":null,"NCP":"0100010000000420--017--","SEC":0,"GRU":0,"NMANZ":420,"LMANZ":null,"NPARC":17,"LPARC":null,"OBJETO":"I009319","NOMBRE":"VIOLLAZ VICTOR HUGO POSEEDOR","AREA":null},"geometry":{"type":"Polygon","coordinates":[[[-58.146429600017264,-32.23392857176046],[-58.14632947144862,-32.2340280708875],[-58.14644823613719,-32.234109686054],[-58.14654364127032,-32.23400939063099],[-58.146429600017264,-32.23392857176046]]]}},{"type":"Feature","properties":{"ID":null,"NCP":"0100011030000043--002--","SEC":103,"GRU":0,"NMANZ":43,"LMANZ":null,"NPARC":2,"LPARC":null,"OBJETO":"I032482","NOMBRE":"BOURLOT NORMA BEATRIZ POSEEDOR","AREA":null},"geometry":{"type":"Polygon","coordinates":[[[-58.230362278493715,-32.29602201618031],[-58.23015014078973,-32.29678162713191],[-58.231045812455406,-32.29695694260085],[-58.23125794323803,-32.29619732991453],[-58.230362278493715,-32.29602201618031]]]}},{"type":"Feature","properties":{"ID":null,"NCP":"0100010000000404--032--","SEC":0,"GRU":0,"NMANZ":404,"LMANZ":null,"NPARC":32,"LPARC":null,"OBJETO":"I009354","NOMBRE":"SAMPALLO ROBERTO BENJAMIN POSEEDOR","AREA":null},"geometry":{"type":"Polygon","coordinates":[[[-58.15501171875808,-32.227729909929636],[-58.154936972052404,-32.22780397458041],[-58.155092790353464,-32.22791443099557],[-58.15516589780937,-32.227839603019056],[-58.15501171875808,-32.227729909929636]]]}},{"type":"Feature","properties":{"ID":null,"NCP":"0100010000000105--025--","SEC":0,"GRU":0,"NMANZ":105,"LMANZ":null,"NPARC":25,"LPARC":null,"OBJETO":"I009355","NOMBRE":"USTIA JULIA BORBONIA POSEEDOR","AREA":null},"geometry":{"type":"Polygon","coordinates":[[[-58.14021863791774,-32.22583008733189],[-58.14005602832433,-32.22598614504597],[-58.140134191608716,-32.226041449134684],[-58.14029466016816,-32.225885069496215],[-58.14021863791774,-32.22583008733189]]]}},{"type":"Feature","properties":{"ID":null,"NCP":"0100010000000818--013--","SEC":0,"GRU":0,"NMANZ":818,"LMANZ":null,"NPARC":13,"LPARC":null,"OBJETO":"I009371","NOMBRE":"MUNICIPALIDAD DE COLON POSEEEDOR","AREA":null},"geometry":{"type":"Polygon","coordinates":[[[-58.14217302501657,-32.211073131243936],[-58.14205098359839,-32.21119076318721],[-58.142734619853165,-32.21169116891554],[-58.1429044715609,-32.21152525448441],[-58.142523412711384,-32.211248441997846],[-58.142474552978854,-32.211296245801186],[-58.14217302501657,-32.211073131243936]]]}},{"type":"Feature","properties":{"ID":null,"NCP":"0100010000000217--009--","SEC":0,"GRU":0,"NMANZ":217,"LMANZ":null,"NPARC":9,"LPARC":null,"OBJETO":"I009387","NOMBRE":"TREBOUX ALBA ESTHER POSEEDOR","AREA":null},"geometry":{"type":"Polygon","coordinates":[[[-58.131840308203834,-32.221478099708584],[-58.1317789075165,-32.22153902826393],[-58.13192940140837,-32.221820385606854],[-58.1320882145183,-32.22165863062029],[-58.131840308203834,-32.221478099708584]]]}},{"type":"Feature","properties":{"ID":null,"NCP":"0100010000000105--026--","SEC":0,"GRU":0,"NMANZ":105,"LMANZ":null,"NPARC":26,"LPARC":null,"OBJETO":"I009391","NOMBRE":"CASSE ESTER MARIA POSEEDOR","AREA":null},"geometry":{"type":"Polygon","coordinates":[[[-58.139711302902455,-32.22539434339783],[-58.139622595173144,-32.22548476540592],[-58.13969050453146,-32.22553387503602],[-58.13977906742313,-32.22544326011792],[-58.139711302902455,-32.22539434339783]]]}},{"type":"Feature","properties":{"ID":null,"NCP":"0100010000000628--013--","SEC":0,"GRU":0,"NMANZ":628,"LMANZ":null,"NPARC":13,"LPARC":null,"OBJETO":"I009418","NOMBRE":"ANDERI AURORA ESTELA POSESION","AREA":null},"geometry":{"type":"Polygon","coordinates":[[[-58.135624191927796,-32.23084763945731],[-58.13552870440118,-32.23094737885424],[-58.135737114705634,-32.23109885429581],[-58.135836563029955,-32.230998262914454],[-58.135624191927796,-32.23084763945731]]]}},{"type":"Feature","properties":{"ID":null,"NCP":"0100010000000420--018--","SEC":0,"GRU":0,"NMANZ":420,"LMANZ":null,"NPARC":18,"LPARC":null,"OBJETO":"I009434","NOMBRE":"RODRIGUEZ MARIA CRISTINA POSEEDOR","AREA":null},"geometry":{"type":"Polygon","coordinates":[[[-58.14664910098811,-32.23408413230531],[-58.146355191656724,-32.23438858525572],[-58.14648384595028,-32.23447859345701],[-58.146781684524655,-32.23417809267987],[-58.14664910098811,-32.23408413230531]]]}},{"type":"Feature","properties":{"ID":null,"NCP":"0100010170030000--061--","SEC":17,"GRU":3,"NMANZ":0,"LMANZ":null,"NPARC":61,"LPARC":null,"OBJETO":"I031581","NOMBRE":"BOUVET NERI JOSE","AREA":null},"geometry":{"type":"Polygon","coordinates":[[[-58.136999640121665,-32.25507084731879],[-58.13626689194225,-32.255697821799885],[-58.137409380078914,-32.25600726963799],[-58.13780384803652,-32.25561234458974],[-58.13777596046537,-32.25529226055956],[-58.136999640121665,-32.25507084731879]]]}},{"type":"Feature","properties":{"ID":null,"NCP":"0100010000000002--028--","SEC":0,"GRU":0,"NMANZ":2,"LMANZ":null,"NPARC":28,"LPARC":null,"OBJETO":"I009444","NOMBRE":"VAZQUEZ DIEGO ELIAS","AREA":null},"geometry":{"type":"Polygon","coordinates":[[[-58.14374107710502,-32.23095328721937],[-58.143814143407965,-32.23100620154377],[-58.143931444326,-32.23088686921665],[-58.143860603257735,-32.23083571866799],[-58.1438173128589,-32.23087903472066],[-58.143758622459636,-32.230935972890876],[-58.14374107710502,-32.23095328721937]]]}},{"type":"Feature","properties":{"ID":null,"NCP":"0100010000000651--018--","SEC":0,"GRU":0,"NMANZ":651,"LMANZ":null,"NPARC":18,"LPARC":null,"OBJETO":"I009451","NOMBRE":"REQUELME JORGE EDUARDO Y OTROS POSEEDOR","AREA":null},"geometry":{"type":"Polygon","coordinates":[[[-58.14889507297957,-32.216882824968614],[-58.148994630934,-32.21678321534447],[-58.14875731996051,-32.21661021315445],[-58.14865375557775,-32.216709476978814],[-58.14889507297957,-32.216882824968614]],[[-58.148771496472875,-32.21662522950665],[-58.148991625043244,-32.216783722630105],[-58.148894643719906,-32.21688009395756],[-58.14867348638817,-32.21671890379328],[-58.148771496472875,-32.21662522950665]]]}},{"type":"Feature","properties":{"ID":null,"NCP":"0100010000000376--034--","SEC":0,"GRU":0,"NMANZ":376,"LMANZ":null,"NPARC":34,"LPARC":null,"OBJETO":"I009453","NOMBRE":"SANCHEZ JORGE ALBERTO","AREA":null},"geometry":{"type":"Polygon","coordinates":[[[-58.15587114556014,-32.22835537182188],[-58.1557138468183,-32.228244083301156],[-58.155635263664436,-32.22832429526934],[-58.155791908471805,-32.22843540304176],[-58.15587114556014,-32.22835537182188]]]}},{"type":"Feature","properties":{"ID":null,"NCP":"0100010000000376--035--","SEC":0,"GRU":0,"NMANZ":376,"LMANZ":null,"NPARC":35,"LPARC":null,"OBJETO":"I009255","NOMBRE":"DE LOS SANTOS MARTIN VICENTE POSEEDOR","AREA":null},"geometry":{"type":"Polygon","coordinates":[[[-58.155256306328866,-32.228156270375806],[-58.1551148466147,-32.22830226774808],[-58.15518905824288,-32.228356314913135],[-58.15533485571388,-32.22821631772034],[-58.155256306328866,-32.228156270375806]]]}},{"type":"Feature","properties":{"ID":null,"NCP":"0100010000000475--018--","SEC":0,"GRU":0,"NMANZ":475,"LMANZ":null,"NPARC":18,"LPARC":null,"OBJETO":"I009462","NOMBRE":"VALLEJOS VICTORINO POSEEDOR","AREA":null},"geometry":{"type":"Polygon","coordinates":[[[-58.14634458703469,-32.232236272633884],[-58.146232074603006,-32.232156373041214],[-58.146135605220735,-32.23225452429504],[-58.14624586312241,-32.23233469086496],[-58.14634458703469,-32.232236272633884]]]}},{"type":"Feature","properties":{"ID":null,"NCP":"0100010000000404--033--","SEC":0,"GRU":0,"NMANZ":404,"LMANZ":null,"NPARC":33,"LPARC":null,"OBJETO":"I009464","NOMBRE":"MUNAR MARCELO GUSTAVO POSEEDOR","AREA":null},"geometry":{"type":"Polygon","coordinates":[[[-58.15438932537111,-32.22754328921269],[-58.154247310969325,-32.227689046285974],[-58.15432512758856,-32.22774297590641],[-58.154469508634094,-32.22759885869839],[-58.15438932537111,-32.22754328921269]]]}},{"type":"Feature","properties":{"ID":null,"NCP":"0100010000000475--019--","SEC":0,"GRU":0,"NMANZ":475,"LMANZ":null,"NPARC":19,"LPARC":null,"OBJETO":"I009465","NOMBRE":"ACEVEDO JOSE ADOLFO","AREA":null},"geometry":{"type":"Polygon","coordinates":[[[-58.146120279929775,-32.23207278883869],[-58.14635044756631,-32.23223631251002],[-58.14644877113365,-32.232139472261935],[-58.146289981323434,-32.23202086793612],[-58.14622357382009,-32.23197260515206],[-58.14621546252158,-32.231980668342885],[-58.146120279929775,-32.23207278883869]]]}},{"type":"Feature","properties":{"ID":null,"NCP":"0100010000000474--020--","SEC":0,"GRU":0,"NMANZ":474,"LMANZ":null,"NPARC":20,"LPARC":null,"OBJETO":"I009466","NOMBRE":"NUNEZ STELLA MARIS POSEEDOR","AREA":null},"geometry":{"type":"Polygon","coordinates":[[[-58.1459854612174,-32.2326025623563],[-58.14583574364232,-32.23249261728834],[-58.14576434062376,-32.23244018234516],[-58.14569723845582,-32.23250771406217],[-58.145920814233435,-32.23266820840594],[-58.1459854612174,-32.2326025623563]]]}},{"type":"Feature","properties":{"ID":null,"NCP":"0100010000000041--020--","SEC":0,"GRU":0,"NMANZ":41,"LMANZ":null,"NPARC":20,"LPARC":null,"OBJETO":"I009502","NOMBRE":"MENDEZ FABIO EMILIANO POSEEDOR","AREA":null},"geometry":{"type":"Polygon","coordinates":[[[-58.14940850077028,-32.22197175716062],[-58.14921991111749,-32.222166714235456],[-58.149352314328304,-32.222262166694414],[-58.14954484538585,-32.222069411950365],[-58.14940850077028,-32.22197175716062]]]}},{"type":"Feature","properties":{"ID":null,"NCP":"0100010000000666--024--","SEC":0,"GRU":0,"NMANZ":666,"LMANZ":null,"NPARC":24,"LPARC":null,"OBJETO":"I009506","NOMBRE":"GARIN DE ALVARES ADRIANA ESTER POSEEDOR","AREA":null},"geometry":{"type":"Polygon","coordinates":[[[-58.134958762610395,-32.228584873049904],[-58.13495290760456,-32.228590684961304],[-58.1352934463337,-32.22883272153334],[-58.135298688893975,-32.22882748223471],[-58.134958762610395,-32.228584873049904]]]}},{"type":"Feature","properties":{"ID":null,"NCP":"0100010000000343--011--","SEC":0,"GRU":0,"NMANZ":343,"LMANZ":null,"NPARC":11,"LPARC":null,"OBJETO":"I009510","NOMBRE":"SAMPALLO MARIO LUJAN POSEEDOR","AREA":null},"geometry":{"type":"Polygon","coordinates":[[[-58.15292988288217,-32.231852172777984],[-58.15274843959688,-32.2320386182606],[-58.152986984303375,-32.232207068681404],[-58.15316798787761,-32.232021887283054],[-58.15292988288217,-32.231852172777984]]]}},{"type":"Feature","properties":{"ID":null,"NCP":"0100010000000714--017--","SEC":0,"GRU":0,"NMANZ":714,"LMANZ":null,"NPARC":17,"LPARC":null,"OBJETO":"I009512","NOMBRE":"NUÑEZ STELLA M. Y FERNANDEZ MARTIN POSEEDOR","AREA":null},"geometry":{"type":"Polygon","coordinates":[[[-58.14813051684262,-32.21322547076985],[-58.14808966532536,-32.213267182585724],[-58.148313285199094,-32.213425471737466],[-58.14842849196843,-32.2133086461309],[-58.14820493928939,-32.21314948091204],[-58.14813051684262,-32.21322547076985]]]}},{"type":"Feature","properties":{"ID":null,"NCP":"0100010000000177--018--","SEC":0,"GRU":0,"NMANZ":177,"LMANZ":null,"NPARC":18,"LPARC":null,"OBJETO":"I009523","NOMBRE":"BURGALLES HELVECIA ENCARNAC.POSEEDOR","AREA":null},"geometry":{"type":"Polygon","coordinates":[[[-58.14163575336559,-32.21721815373568],[-58.141409124292615,-32.21704602491439],[-58.14130364850807,-32.2171523820488],[-58.14153161939808,-32.217320363842674],[-58.14163575336559,-32.21721815373568]]]}},{"type":"Feature","properties":{"ID":null,"NCP":"0100010000000111--023--","SEC":0,"GRU":0,"NMANZ":111,"LMANZ":null,"NPARC":23,"LPARC":null,"OBJETO":"I009527","NOMBRE":"GONZALEZ ROSA MARIA POSEEDOR","AREA":null},"geometry":{"type":"Polygon","coordinates":[[[-58.138452397707255,-32.22572826814218],[-58.138391237437624,-32.225683892481086],[-58.138096990920396,-32.225975266052224],[-58.13817960364799,-32.226035122214284],[-58.138473209962704,-32.225743368739515],[-58.138452397707255,-32.22572826814218]],[[-58.138452397707255,-32.22572826814218],[-58.13831068491652,-32.22586859770252],[-58.13825051229453,-32.225824938588495],[-58.13839154454521,-32.225685283011806],[-58.138452397707255,-32.22572826814218]]]}},{"type":"Feature","properties":{"ID":null,"NCP":"0100011020170293--013--","SEC":102,"GRU":17,"NMANZ":293,"LMANZ":null,"NPARC":13,"LPARC":null,"OBJETO":"I021143","NOMBRE":"NATTERI PAOLA ANABELLA POSEEDOR","AREA":null},"geometry":{"type":"Polygon","coordinates":[[[-58.152703671989165,-32.23502704433556],[-58.1526007470097,-32.235130741052146],[-58.15280739957666,-32.23527980588453],[-58.15291052659004,-32.23517627717817],[-58.152703671989165,-32.23502704433556]]]}},{"type":"Feature","properties":{"ID":null,"NCP":"0100010000000712--020--","SEC":0,"GRU":0,"NMANZ":712,"LMANZ":null,"NPARC":20,"LPARC":null,"OBJETO":"I009528","NOMBRE":"ALEMAN AURELIANO A. Y OTRO POSEEDOR","AREA":null},"geometry":{"type":"Polygon","coordinates":[[[-58.14698670014971,-32.21435118258878],[-58.14690748946479,-32.21443055029578],[-58.14714587891645,-32.21459632119307],[-58.14722446972961,-32.21451640989187],[-58.14698670014971,-32.21435118258878]]]}},{"type":"Feature","properties":{"ID":null,"NCP":"0100010000000714--018--","SEC":0,"GRU":0,"NMANZ":714,"LMANZ":null,"NPARC":18,"LPARC":null,"OBJETO":"I009531","NOMBRE":"FERNANDEZ MARCELO F. Y OTRO POSEEDOR","AREA":null},"geometry":{"type":"Polygon","coordinates":[[[-58.14832802563391,-32.21301867881986],[-58.148217476560646,-32.212943312386884],[-58.14802089336147,-32.21314882354309],[-58.14813051684262,-32.21322547076985],[-58.14820493928939,-32.21314948091204],[-58.14832802563391,-32.21301867881986]]]}},{"type":"Feature","properties":{"ID":null,"NCP":"0100010000000016--022--","SEC":0,"GRU":0,"NMANZ":16,"LMANZ":null,"NPARC":22,"LPARC":null,"OBJETO":"I009532","NOMBRE":"DE CESARE HUGO RICARDO POSEEDOR","AREA":null},"geometry":{"type":"Polygon","coordinates":[[[-58.15016033870335,-32.223530096333334],[-58.15045597319555,-32.223237120894474],[-58.1503452229851,-32.22315643669194],[-58.15005785672798,-32.223456257588374],[-58.15016033870335,-32.223530096333334]]]}},{"type":"Feature","properties":{"ID":null,"NCP":"0100011030000009--002--","SEC":103,"GRU":0,"NMANZ":9,"LMANZ":null,"NPARC":2,"LPARC":null,"OBJETO":"I031363","NOMBRE":"MOREL - POSESION","AREA":null},"geometry":{"type":"Polygon","coordinates":[[[-58.23840339266739,-32.29568426608458],[-58.23819611248636,-32.29642304249118],[-58.23863070303226,-32.296510036263584],[-58.238834627211524,-32.29577505530906],[-58.23840339266739,-32.29568426608458]]]}},{"type":"Feature","properties":{"ID":null,"NCP":"0100011030000012--002--","SEC":103,"GRU":0,"NMANZ":12,"LMANZ":null,"NPARC":2,"LPARC":null,"OBJETO":"I032620","NOMBRE":"ORCELLET HORACIO DANIEL POSEEDOR","AREA":null},"geometry":{"type":"Polygon","coordinates":[[[-58.23821458725431,-32.295636430915096],[-58.23732050172061,-32.29546147732153],[-58.23710850589217,-32.29621496715054],[-58.238002830677964,-32.296395094736646],[-58.23821458725431,-32.295636430915096]]]}},{"type":"Feature","properties":{"ID":null,"NCP":"0100010000000016--023--","SEC":0,"GRU":0,"NMANZ":16,"LMANZ":null,"NPARC":23,"LPARC":null,"OBJETO":"I009529","NOMBRE":"RICHARD LUIS MARIO POSEEDOR","AREA":null},"geometry":{"type":"Polygon","coordinates":[[[-58.15026399963372,-32.223602768194034],[-58.150540590136366,-32.22332487566911],[-58.150456313256655,-32.22323892091447],[-58.15016422999841,-32.223528899725906],[-58.15016820977248,-32.22352935754161],[-58.1501721687782,-32.223529930894216],[-58.15017610237513,-32.22353061911167],[-58.15018000595262,-32.223531421387285],[-58.15018387493518,-32.22353233678073],[-58.150187704787925,-32.22353336421901],[-58.15019149102179,-32.22353450249786],[-58.150195229198864,-32.2235357502831],[-58.15019891493752,-32.223537106112154],[-58.15020254391764,-32.22353856839585],[-58.15020611188565,-32.22354013542017],[-58.150209614659374,-32.22354180534842],[-58.1502130481332,-32.223543576223214],[-58.15021640828266,-32.22354544596889],[-58.150219691169234,-32.22354741239387],[-58.15022289294498,-32.22354947319325],[-58.150226009857036,-32.22355162595155],[-58.15022903825198,-32.223553868145466],[-58.150231974580166,-32.223556197146856],[-58.15023481539984,-32.22355861022586],[-58.15023755738122,-32.223561104554086],[-58.150240197310346,-32.22356367720782],[-58.1502427320929,-32.223566325171646],[-58.150245158757805,-32.22356904534178],[-58.15024747446068,-32.22357183452992],[-58.15024967648725,-32.22357468946673],[-58.15025176225645,-32.22357760680589],[-58.150253729323495,-32.22358058312795],[-58.15025557538272,-32.22358361494425],[-58.15025729827031,-32.223586698701176],[-58.15025889596681,-32.22358983078416],[-58.15026036659952,-32.22359300752199],[-58.150261708444646,-32.223596225191194],[-58.15026291992939,-32.22359948002022],[-58.15026399963372,-32.223602768194034]]]}},{"type":"Feature","properties":{"ID":null,"NCP":"0100010000000689--023--","SEC":0,"GRU":0,"NMANZ":689,"LMANZ":null,"NPARC":23,"LPARC":null,"OBJETO":"I009545","NOMBRE":"CORREA MARTA ROSA POSEEDOR","AREA":null},"geometry":{"type":"Polygon","coordinates":[[[-58.146019578411064,-32.216014584457696],[-58.14611866287214,-32.21608765253836],[-58.146114192856444,-32.21612867667417],[-58.14616951898948,-32.21616956074074],[-58.14612563154565,-32.216212372441746],[-58.14616031396463,-32.21623711717509],[-58.14627661601809,-32.21612319909399],[-58.14606665411743,-32.215967559354105],[-58.146019578411064,-32.216014584457696]]]}},{"type":"Feature","properties":{"ID":null,"NCP":"0100010000000689--024--","SEC":0,"GRU":0,"NMANZ":689,"LMANZ":null,"NPARC":24,"LPARC":null,"OBJETO":"I009546","NOMBRE":"CORREA ANA LIA POSEEDOR","AREA":null},"geometry":{"type":"Polygon","coordinates":[[[-58.14612563154565,-32.216212372441746],[-58.14616951898948,-32.21616956074074],[-58.146114192856444,-32.21612867667417],[-58.14611866287214,-32.21608765253836],[-58.146019578411064,-32.216014584457696],[-58.14594802036413,-32.21608603774556],[-58.14612563154565,-32.216212372441746]]]}},{"type":"Feature","properties":{"ID":null,"NCP":"0100010000000714--019--","SEC":0,"GRU":0,"NMANZ":714,"LMANZ":null,"NPARC":19,"LPARC":null,"OBJETO":"I009547","NOMBRE":"FERNANDEZ ANTONIO RUBEN POSEEDOR","AREA":null},"geometry":{"type":"Polygon","coordinates":[[[-58.14832802563391,-32.21301867881986],[-58.14820493928939,-32.21314948091204],[-58.14842849196843,-32.2133086461309],[-58.14855894784569,-32.21317620899537],[-58.14832802563391,-32.21301867881986]]]}},{"type":"Feature","properties":{"ID":null,"NCP":"0100010000000503--022--","SEC":0,"GRU":0,"NMANZ":503,"LMANZ":null,"NPARC":22,"LPARC":null,"OBJETO":"I009551","NOMBRE":"MALCENIDO IRMA ANGELICA","AREA":null},"geometry":{"type":"Polygon","coordinates":[[[-58.14592014434802,-32.230366718192364],[-58.14563449622301,-32.23065310408676],[-58.145735963145725,-32.23072561567748],[-58.145892562511705,-32.230559644615184],[-58.145909659639514,-32.23057185184586],[-58.14595076351401,-32.23052841980476],[-58.14593658306933,-32.23051852718314],[-58.14601627867921,-32.230435991917794],[-58.14592014434802,-32.230366718192364]]]}},{"type":"Feature","properties":{"ID":null,"NCP":"0100011020170293--014--","SEC":102,"GRU":17,"NMANZ":293,"LMANZ":null,"NPARC":14,"LPARC":null,"OBJETO":"I021155","NOMBRE":"RAMIREZ RENE MARIANO POSEEDOR","AREA":null},"geometry":{"type":"Polygon","coordinates":[[[-58.15297922867727,-32.23510760125701],[-58.15289869464516,-32.23504894306166],[-58.15291925424213,-32.23502830350291],[-58.152857401003544,-32.234983952970666],[-58.15287110739831,-32.23497019326947],[-58.15280625479065,-32.23492369203269],[-58.152703671989165,-32.23502704433556],[-58.15291052659004,-32.23517627717817],[-58.15297922867727,-32.23510760125701]]]}},{"type":"Feature","properties":{"ID":null,"NCP":"0100011020170293--015--","SEC":102,"GRU":17,"NMANZ":293,"LMANZ":null,"NPARC":15,"LPARC":null,"OBJETO":"I021156","NOMBRE":"VIOLLAZ ALICIA BEATRIZ POSEEDOR","AREA":null},"geometry":{"type":"Polygon","coordinates":[[[-58.15297922867727,-32.23510760125701],[-58.15291052659004,-32.23517627717817],[-58.15280739957666,-32.23527980588453],[-58.15293373257799,-32.23537096216111],[-58.153220544724064,-32.235080685705704],[-58.15309532018731,-32.234990345468454],[-58.15297922867727,-32.23510760125701]]]}},{"type":"Feature","properties":{"ID":null,"NCP":"0100010000000713--022--","SEC":0,"GRU":0,"NMANZ":713,"LMANZ":null,"NPARC":22,"LPARC":null,"OBJETO":"I009553","NOMBRE":"MIQUEO MIRIAM S. Y BRAVO AGUSTIN D. POSEEDOR","AREA":null},"geometry":{"type":"Polygon","coordinates":[[[-58.14775223667514,-32.21320502443513],[-58.14766959634453,-32.213143204266075],[-58.14758686753913,-32.213226083426434],[-58.14767130718587,-32.213286957492215],[-58.14775223667514,-32.21320502443513]]]}},{"type":"Feature","properties":{"ID":null,"NCP":"0100010000000057--021--","SEC":0,"GRU":0,"NMANZ":57,"LMANZ":null,"NPARC":21,"LPARC":null,"OBJETO":"I009554","NOMBRE":"GUISOLFI HUGO CESAR POSEEDOR","AREA":null},"geometry":{"type":"Polygon","coordinates":[[[-58.139970421698656,-32.22977669084605],[-58.13997729875514,-32.2297697717284],[-58.139804673598086,-32.2296445182003],[-58.13980056054516,-32.229648645084374],[-58.13969348278036,-32.22957483123374],[-58.13962366317628,-32.22964506184469],[-58.13963370956953,-32.229652298924464],[-58.139691804773456,-32.22959141434796],[-58.139970421698656,-32.22977669084605]]]}},{"type":"Feature","properties":{"ID":null,"NCP":"0100010000000016--024--","SEC":0,"GRU":0,"NMANZ":16,"LMANZ":null,"NPARC":24,"LPARC":null,"OBJETO":"I009555","NOMBRE":"ALCOBA OLGA NOEMI Y OTRO POSEEDOR","AREA":null},"geometry":{"type":"Polygon","coordinates":[[[-58.150193097980164,-32.222709092733915],[-58.15010440746272,-32.22280039067537],[-58.15034610910024,-32.222958306104054],[-58.15042863260552,-32.222872211086866],[-58.150193097980164,-32.222709092733915]]]}},{"type":"Feature","properties":{"ID":null,"NCP":"0100010000000580--035--","SEC":0,"GRU":0,"NMANZ":580,"LMANZ":null,"NPARC":35,"LPARC":null,"OBJETO":"I009571","NOMBRE":"BARRETO ARGENTINA POSEEDOR","AREA":null},"geometry":{"type":"Polygon","coordinates":[[[-58.15222398644936,-32.2186260479165],[-58.15229006676855,-32.21855918073593],[-58.152211177313035,-32.2185002483074],[-58.15208064561372,-32.21862888803093],[-58.15216184537715,-32.21868892881742],[-58.15222398644936,-32.2186260479165]]]}},{"type":"Feature","properties":{"ID":null,"NCP":"0100010000000404--034--","SEC":0,"GRU":0,"NMANZ":404,"LMANZ":null,"NPARC":34,"LPARC":null,"OBJETO":"I009574","NOMBRE":"DIZ MARIA SILVINA POSEEDOR","AREA":null},"geometry":{"type":"Polygon","coordinates":[[[-58.154442349601446,-32.22733260135511],[-58.15436771298287,-32.22740706506698],[-58.154522301379515,-32.22751901917826],[-58.154596937984124,-32.227444555363775],[-58.154442349601446,-32.22733260135511]]]}},{"type":"Feature","properties":{"ID":null,"NCP":"0100010000000528--023--","SEC":0,"GRU":0,"NMANZ":528,"LMANZ":null,"NPARC":23,"LPARC":null,"OBJETO":"I009576","NOMBRE":"ROUGIER VERONICA CECILIA POSEEDOR","AREA":null},"geometry":{"type":"Polygon","coordinates":[[[-58.152485674162314,-32.22189849653698],[-58.15241669826383,-32.22196846083451],[-58.15260492227918,-32.22210014730392],[-58.152674913358524,-32.22203237167487],[-58.152485674162314,-32.22189849653698]]]}},{"type":"Feature","properties":{"ID":null,"NCP":"0100011030000030--001--","SEC":103,"GRU":0,"NMANZ":30,"LMANZ":null,"NPARC":1,"LPARC":null,"OBJETO":"I031879","NOMBRE":"MORENO ROSA DORA(POSEEDORA)","AREA":null},"geometry":{"type":"Polygon","coordinates":[[[-58.23424675096561,-32.29428687097581],[-58.23414070318863,-32.29466667275178],[-58.23503500601397,-32.294846820676156],[-58.23524709371355,-32.29408721525197],[-58.234650930424486,-32.29396712541427],[-58.234544884754854,-32.2943469276207],[-58.23424675096561,-32.29428687097581]]]}},{"type":"Feature","properties":{"ID":null,"NCP":"0100010030750001--005--","SEC":3,"GRU":75,"NMANZ":1,"LMANZ":null,"NPARC":5,"LPARC":null,"OBJETO":"I032825","NOMBRE":"BONDAZ RUBEN  JOSE POSEEDOR","AREA":null},"geometry":{"type":"Polygon","coordinates":[[[-58.23358205673007,-32.23120213361432],[-58.233923681997275,-32.2313161200773],[-58.23391221102594,-32.23121635084063],[-58.23362005837339,-32.23111798421507],[-58.23358205673007,-32.23120213361432]]]}},{"type":"Feature","properties":{"ID":null,"NCP":"0100010030750001--006--","SEC":3,"GRU":75,"NMANZ":1,"LMANZ":null,"NPARC":6,"LPARC":null,"OBJETO":"I032826","NOMBRE":"BONDAZ RUBEN  JOSE POSEEDOR","AREA":null},"geometry":{"type":"Polygon","coordinates":[[[-58.233248448926766,-32.23089545855577],[-58.233901005041545,-32.23111888617066],[-58.233252413552194,-32.23088636839377],[-58.233248448926766,-32.23089545855577]]]}},{"type":"Feature","properties":{"ID":null,"NCP":"0100010030750001--007--","SEC":3,"GRU":75,"NMANZ":1,"LMANZ":null,"NPARC":7,"LPARC":null,"OBJETO":"I032827","NOMBRE":"BONDAZ RUBEN  JOSE POSEEDOR","AREA":null},"geometry":{"type":"Polygon","coordinates":[[[-58.23350701872051,-32.23136829441904],[-58.23394644509177,-32.23151410249625],[-58.233923681997275,-32.2313161200773],[-58.23358205673007,-32.23120213361432],[-58.23350701872051,-32.23136829441904]]]}},{"type":"Feature","properties":{"ID":null,"NCP":"0100010000000321--018--","SEC":0,"GRU":0,"NMANZ":321,"LMANZ":null,"NPARC":18,"LPARC":null,"OBJETO":"I009638","NOMBRE":"GRAS DE OLIVERA MARIA POSEEDOR","AREA":null},"geometry":{"type":"Polygon","coordinates":[[[-58.15651723295223,-32.23004322209063],[-58.156578750389485,-32.230087208669026],[-58.1568640337935,-32.229798946774444],[-58.15680251639889,-32.2297549603352],[-58.15651723295223,-32.23004322209063]]]}},{"type":"Feature","properties":{"ID":null,"NCP":"0100010000000577--019--","SEC":0,"GRU":0,"NMANZ":577,"LMANZ":null,"NPARC":19,"LPARC":null,"OBJETO":"I009639","NOMBRE":"NUÑEZ JOSE OSCAR POSEEDOR","AREA":null},"geometry":{"type":"Polygon","coordinates":[[[-58.150622300559796,-32.220505479039815],[-58.15069282107825,-32.22043226919946],[-58.15056075959861,-32.22033714271487],[-58.15049108060713,-32.22028695143248],[-58.15042243927534,-32.22035738464241],[-58.15041886174836,-32.22036105555637],[-58.15049069087839,-32.22041201836911],[-58.15055927625179,-32.220342165576554],[-58.15069055115939,-32.22043462070013],[-58.150622300559796,-32.220505479039815]],[[-58.150491360668184,-32.220289489903365],[-58.15055940656955,-32.220338531067156],[-58.15049040114218,-32.220407714525116],[-58.15042405734564,-32.22035855017511],[-58.150491360668184,-32.220289489903365]]]}},{"type":"Feature","properties":{"ID":null,"NCP":"0100011011270000--006--","SEC":101,"GRU":127,"NMANZ":0,"LMANZ":null,"NPARC":6,"LPARC":null,"OBJETO":"I021174","NOMBRE":"ALVAREZ PEDRO DOMINGO Y OTRA POSEEDOR","AREA":null},"geometry":{"type":"Polygon","coordinates":[[[-58.15042385364328,-32.211594734664324],[-58.150321771173836,-32.21169842586145],[-58.15048439234974,-32.21181414199703],[-58.15058647477738,-32.211710450668235],[-58.15042385364328,-32.211594734664324]]]}},{"type":"Feature","properties":{"ID":null,"NCP":"0100010000000447--019--","SEC":0,"GRU":0,"NMANZ":447,"LMANZ":null,"NPARC":19,"LPARC":null,"OBJETO":"I009648","NOMBRE":"BENITEZ SONIA BEATRIZ POSEEDOR","AREA":null},"geometry":{"type":"Polygon","coordinates":[[[-58.145738764106405,-32.23395514844337],[-58.14596206477938,-32.234113046859456],[-58.14606414912358,-32.23400871561578],[-58.14584177719154,-32.23384990231163],[-58.145738764106405,-32.23395514844337]]]}},{"type":"Feature","properties":{"ID":null,"NCP":"0100010000000057--022--","SEC":0,"GRU":0,"NMANZ":57,"LMANZ":null,"NPARC":22,"LPARC":null,"OBJETO":"I009653","NOMBRE":"GUISOLFI HUGO CESAR POSEEDOR","AREA":null},"geometry":{"type":"Polygon","coordinates":[[[-58.13962366317628,-32.22964506184469],[-58.13954460529478,-32.22972483045266],[-58.139821402045676,-32.22992575270606],[-58.13990111965589,-32.22984640739194],[-58.13963370956953,-32.229652298924464],[-58.13962366317628,-32.22964506184469]]]}},{"type":"Feature","properties":{"ID":null,"NCP":"0100010000000715--015--","SEC":0,"GRU":0,"NMANZ":715,"LMANZ":null,"NPARC":15,"LPARC":null,"OBJETO":"I009654","NOMBRE":"ROTUNDO CARLOS ANTONIO POSEEDOR","AREA":null},"geometry":{"type":"Polygon","coordinates":[[[-58.14873202876804,-32.212109325413664],[-58.1486531272157,-32.212052350157116],[-58.148484869786486,-32.212215787179105],[-58.148564203735944,-32.21227366789295],[-58.14873202876804,-32.212109325413664]]]}},{"type":"Feature","properties":{"ID":null,"NCP":"0100010000000715--016--","SEC":0,"GRU":0,"NMANZ":715,"LMANZ":null,"NPARC":16,"LPARC":null,"OBJETO":"I009655","NOMBRE":"BARRIOS FABIANA MARINA","AREA":null},"geometry":{"type":"Polygon","coordinates":[[[-58.14873202876804,-32.212109325413664],[-58.148564203735944,-32.21227366789295],[-58.14864293351222,-32.2123289942749],[-58.14881267691695,-32.212167013253115],[-58.14873202876804,-32.212109325413664]]]}},{"type":"Feature","properties":{"ID":null,"NCP":"0100010000000715--017--","SEC":0,"GRU":0,"NMANZ":715,"LMANZ":null,"NPARC":17,"LPARC":null,"OBJETO":"I009656","NOMBRE":"DA SILVA MACORIO ALEJANDRO A. POSEEEDOR","AREA":null},"geometry":{"type":"Polygon","coordinates":[[[-58.14864358811578,-32.21233457052743],[-58.148739952141405,-32.21240521046642],[-58.14891130494139,-32.21223626035652],[-58.14881539150489,-32.21216654187938],[-58.14864358811578,-32.21233457052743]]]}},{"type":"Feature","properties":{"ID":null,"NCP":"0100010000000403--034--","SEC":0,"GRU":0,"NMANZ":403,"LMANZ":null,"NPARC":34,"LPARC":null,"OBJETO":"I009661","NOMBRE":"MARTINEZ VERONICA ADRIANA POSEEDORA","AREA":null},"geometry":{"type":"Polygon","coordinates":[[[-58.15368299205439,-32.22825398155054],[-58.15354332818634,-32.228397995408415],[-58.15362095924643,-32.228453458707385],[-58.15376080681219,-32.22830950584638],[-58.15368299205439,-32.22825398155054]]]}},{"type":"Feature","properties":{"ID":null,"NCP":"0100010000000473--017--","SEC":0,"GRU":0,"NMANZ":473,"LMANZ":null,"NPARC":17,"LPARC":null,"OBJETO":null,"NOMBRE":"P.H.","AREA":null},"geometry":{"type":"Polygon","coordinates":[[[-58.1448823257724,-32.23332318774912],[-58.14477287167574,-32.23343250001644],[-58.14500024847775,-32.23359168783094],[-58.14510865499094,-32.23348278879664],[-58.1448823257724,-32.23332318774912]]]}},{"type":"Feature","properties":{"ID":null,"NCP":"0100010030950000--004--","SEC":3,"GRU":95,"NMANZ":0,"LMANZ":null,"NPARC":4,"LPARC":null,"OBJETO":"I030396","NOMBRE":"PEREZ DE LEYES ROMELIA AIDA","AREA":null},"geometry":{"type":"Polygon","coordinates":[[[-58.22363507576575,-32.23866948842451],[-58.222907471513835,-32.24034673990411],[-58.22397414360712,-32.240674110349936],[-58.2238273191229,-32.23873155948135],[-58.22363507576575,-32.23866948842451]]]}},{"type":"Feature","properties":{"ID":null,"NCP":"0100010000000057--023--","SEC":0,"GRU":0,"NMANZ":57,"LMANZ":null,"NPARC":23,"LPARC":null,"OBJETO":"I009554","NOMBRE":"GUISOLFI HUGO CESAR POSEEDOR","AREA":null},"geometry":{"type":"Polygon","coordinates":[[[-58.13963370956953,-32.229652298924464],[-58.13990111965589,-32.22984640739194],[-58.139970421698656,-32.22977669084605],[-58.139691804773456,-32.22959141434796],[-58.13963370956953,-32.229652298924464]]]}},{"type":"Feature","properties":{"ID":null,"NCP":"0100010000000691--026--","SEC":0,"GRU":0,"NMANZ":691,"LMANZ":null,"NPARC":26,"LPARC":null,"OBJETO":"I021145","NOMBRE":"AQUISTAPACE SUSANA AMANDA","AREA":null},"geometry":{"type":"Polygon","coordinates":[[[-58.14794979961884,-32.21496452589649],[-58.14803087672036,-32.215024508368735],[-58.14824417344705,-32.21480697360165],[-58.14816217007971,-32.21474807058903],[-58.14794979961884,-32.21496452589649]]]}},{"type":"Feature","properties":{"ID":null,"NCP":"0100010000000482--016--","SEC":0,"GRU":0,"NMANZ":482,"LMANZ":null,"NPARC":16,"LPARC":null,"OBJETO":"I008101","NOMBRE":"PREMAT LILIANA SOLEDAD","AREA":null},"geometry":{"type":"Polygon","coordinates":[[[-58.150717413545436,-32.226610934181586],[-58.15054569669077,-32.226782640161694],[-58.15067426408309,-32.226873439905354],[-58.150594464239106,-32.22695219345979],[-58.15070469321093,-32.22703157647005],[-58.15095601335956,-32.22677942720847],[-58.150717413545436,-32.226610934181586]]]}},{"type":"Feature","properties":{"ID":null,"NCP":"0100010000000736--029--","SEC":0,"GRU":0,"NMANZ":736,"LMANZ":null,"NPARC":29,"LPARC":null,"OBJETO":null,"NOMBRE":null,"AREA":null},"geometry":{"type":"Polygon","coordinates":[[[-58.14776510112079,-32.21169268291097],[-58.14783128871736,-32.211627271217],[-58.14762031348827,-32.21147210882961],[-58.14755302409965,-32.21153757844155],[-58.1477642810321,-32.21169349338511],[-58.14776510112079,-32.21169268291097]],[[-58.14761961803009,-32.21147475921714],[-58.14782510938323,-32.21162534937952],[-58.14776035682598,-32.21168781917846],[-58.14755369817799,-32.21153742922598],[-58.14761961803009,-32.21147475921714]]]}},{"type":"Feature","properties":{"ID":null,"NCP":"0100010000000401--013--","SEC":0,"GRU":0,"NMANZ":401,"LMANZ":null,"NPARC":13,"LPARC":null,"OBJETO":"I005439","NOMBRE":"RUIZ DIAZ ROSENDO \"POSEEDOR\"","AREA":null},"geometry":{"type":"Polygon","coordinates":[[[-58.15279016658894,-32.22962760332925],[-58.152725358775506,-32.229693393270125],[-58.1530785893565,-32.229944763860736],[-58.153139995207674,-32.2298785940524],[-58.15279016658894,-32.22962760332925]]]}},{"type":"Feature","properties":{"ID":null,"NCP":"0100010000000545--025--","SEC":0,"GRU":0,"NMANZ":545,"LMANZ":null,"NPARC":25,"LPARC":null,"OBJETO":"I009269","NOMBRE":"BLANC ELIDA INES POSEEDOR","AREA":null},"geometry":{"type":"Polygon","coordinates":[[[-58.15358002011738,-32.21988396255866],[-58.15318462724145,-32.22026782569599],[-58.15324885998638,-32.2203149362797],[-58.15364447686128,-32.21993084931701],[-58.15358002011738,-32.21988396255866]]]}},{"type":"Feature","properties":{"ID":null,"NCP":"0100010000000473--018--","SEC":0,"GRU":0,"NMANZ":473,"LMANZ":null,"NPARC":18,"LPARC":null,"OBJETO":"I006674","NOMBRE":"PASCAL ELSA DORA","AREA":null},"geometry":{"type":"Polygon","coordinates":[[[-58.14430187732368,-32.233088010581824],[-58.14420406174308,-32.23318715874737],[-58.14443074616709,-32.23334626968082],[-58.14452630423068,-32.23324791616695],[-58.14430187732368,-32.233088010581824]]]}},{"type":"Feature","properties":{"ID":null,"NCP":"0100010000000736--030--","SEC":0,"GRU":0,"NMANZ":736,"LMANZ":null,"NPARC":30,"LPARC":null,"OBJETO":"I004111","NOMBRE":"DURAN JORGE GREGORIO Y OTROS","AREA":null},"geometry":{"type":"Polygon","coordinates":[[[-58.14803299374776,-32.21142729961376],[-58.14782280578253,-32.21127649968301],[-58.147760117248204,-32.211338101781855],[-58.14796659170582,-32.21149354735313],[-58.14803299374776,-32.21142729961376]]]}},{"type":"Feature","properties":{"ID":null,"NCP":"0100011030000029--004--","SEC":103,"GRU":0,"NMANZ":29,"LMANZ":null,"NPARC":4,"LPARC":null,"OBJETO":"I032978","NOMBRE":"SOUTO NESTOR RAUL Y OTRA","AREA":null},"geometry":{"type":"Polygon","coordinates":[[[-58.23409833279281,-32.29481841799441],[-58.23398897213853,-32.29521007936647],[-58.23443224440606,-32.29529683174875],[-58.234545473379036,-32.29490849068367],[-58.23409833279281,-32.29481841799441]]]}},{"type":"Feature","properties":{"ID":null,"NCP":"0100011030000048--002--","SEC":103,"GRU":0,"NMANZ":48,"LMANZ":null,"NPARC":2,"LPARC":null,"OBJETO":"I004639","NOMBRE":"GUTIERREZ DE GARCIA PETRONA JULIANA","AREA":null},"geometry":{"type":"Polygon","coordinates":[[[-58.22985908169149,-32.29396495416803],[-58.22963808147403,-32.29475903979709],[-58.23048024314415,-32.294923888231295],[-58.23070011812108,-32.294133819776505],[-58.22985908169149,-32.29396495416803]]]}},{"type":"Feature","properties":{"ID":null,"NCP":"0100010000000180--026--","SEC":0,"GRU":0,"NMANZ":180,"LMANZ":null,"NPARC":26,"LPARC":null,"OBJETO":"I000034","NOMBRE":"EYHARTZ OSVALDO","AREA":null},"geometry":{"type":"Polygon","coordinates":[[[-58.14065292145743,-32.21613749129676],[-58.14055029903857,-32.216240800632605],[-58.140655712579594,-32.216313054989676],[-58.14072233895618,-32.21624544606204],[-58.14073717396364,-32.21625545777711],[-58.14081690181122,-32.216177017851976],[-58.14092202966571,-32.21625260911595],[-58.14093028401624,-32.21624510142981],[-58.14081723237305,-32.21616205648077],[-58.140758355294054,-32.21621935589037],[-58.14065292145743,-32.21613749129676]]]}},{"type":"Feature","properties":{"ID":null,"NCP":"0100010000000755--019--","SEC":0,"GRU":0,"NMANZ":755,"LMANZ":null,"NPARC":19,"LPARC":null,"OBJETO":"I031147","NOMBRE":"RUTA 135","AREA":null},"geometry":{"type":"Polygon","coordinates":[[[-58.14624313749109,-32.212241158530816],[-58.1461700766157,-32.21231281525544],[-58.14636893977803,-32.212459641103415],[-58.146442153763175,-32.21238784711051],[-58.14624313749109,-32.212241158530816]]]}},{"type":"Feature","properties":{"ID":null,"NCP":"0100010000000818--014--","SEC":0,"GRU":0,"NMANZ":818,"LMANZ":null,"NPARC":14,"LPARC":null,"OBJETO":"I009371","NOMBRE":"MUNICIPALIDAD DE COLON POSEEEDOR","AREA":null},"geometry":{"type":"Polygon","coordinates":[[[-58.142523412711384,-32.211248441997846],[-58.14222212204963,-32.21102580801123],[-58.14217302501657,-32.211073131243936],[-58.142474552978854,-32.211296245801186],[-58.142523412711384,-32.211248441997846]]]}},{"type":"Feature","properties":{"ID":null,"NCP":"0100011010480407--003--","SEC":101,"GRU":48,"NMANZ":407,"LMANZ":null,"NPARC":3,"LPARC":null,"OBJETO":"I006996","NOMBRE":"CORONEL PRUDENCIO H.\"ADJ.\" I.A.P.V.","AREA":null},"geometry":{"type":"Polygon","coordinates":[[[-58.156510399940665,-32.22529003306535],[-58.156348457860624,-32.22545576811188],[-58.156477855255744,-32.225547519481076],[-58.15664020707461,-32.22538207732804],[-58.156510399940665,-32.22529003306535]]]}},{"type":"Feature","properties":{"ID":null,"NCP":"0100010000000016--025--","SEC":0,"GRU":0,"NMANZ":16,"LMANZ":null,"NPARC":25,"LPARC":null,"OBJETO":"I004581","NOMBRE":"DANTAS DE PACCOT NICANORA","AREA":null},"geometry":{"type":"Polygon","coordinates":[[[-58.15026399963372,-32.223602768194034],[-58.150558176238825,-32.22331157807133],[-58.15045597319555,-32.223237120894474],[-58.15016033870335,-32.223530096333334],[-58.15026282067356,-32.223603935180066],[-58.15026399963372,-32.223602768194034]],[[-58.15026399963372,-32.223602768194034],[-58.15016422999841,-32.223528899725906],[-58.150456313256655,-32.22323892091447],[-58.150540590136366,-32.22332487566911],[-58.15026399963372,-32.223602768194034]]]}},{"type":"Feature","properties":{"ID":null,"NCP":"0100010000000651--019--","SEC":0,"GRU":0,"NMANZ":651,"LMANZ":null,"NPARC":19,"LPARC":null,"OBJETO":"I004016","NOMBRE":"MEDINA DOMINGO","AREA":null},"geometry":{"type":"Polygon","coordinates":[[[-58.148771496472875,-32.21662522950665],[-58.14867348638817,-32.21671890379328],[-58.148894643719906,-32.21688009395756],[-58.148991625043244,-32.216783722630105],[-58.148771496472875,-32.21662522950665]],[[-58.14886251211682,-32.216697109529775],[-58.14898779613332,-32.21678546288249],[-58.14892754682216,-32.216843510923624],[-58.14885515849935,-32.216792435112616],[-58.14886531687183,-32.21678203026587],[-58.14882354009878,-32.21675255333543],[-58.148851441752946,-32.21672397469424],[-58.1488424662786,-32.216717641760255],[-58.14886251211682,-32.216697109529775]]]}},{"type":"Feature","properties":{"ID":null,"NCP":"0100010000000151--022--","SEC":0,"GRU":0,"NMANZ":151,"LMANZ":null,"NPARC":22,"LPARC":null,"OBJETO":"I020723","NOMBRE":"LEDO DAMIAN GUILLERMO","AREA":null},"geometry":{"type":"Polygon","coordinates":[[[-58.142762215923355,-32.21694730956946],[-58.142797102234844,-32.216973017166886],[-58.14294291500744,-32.21669748583973],[-58.143194274752794,-32.216891263569885],[-58.143129368218986,-32.21695505229363],[-58.14326949469019,-32.21705523871585],[-58.143412202034014,-32.216913736516695],[-58.142911718900194,-32.21653479986177],[-58.14290078357405,-32.216545816614435],[-58.142762215923355,-32.21694730956946]]]}},{"type":"Feature","properties":{"ID":null,"NCP":"0100010000000045--024--","SEC":0,"GRU":0,"NMANZ":45,"LMANZ":null,"NPARC":24,"LPARC":null,"OBJETO":"I004989","NOMBRE":"LACLAU AGUSTIN P.","AREA":null},"geometry":{"type":"Polygon","coordinates":[[[-58.14833849491417,-32.22242789840128],[-58.14825170120791,-32.22251511899197],[-58.148495411743184,-32.22268894637269],[-58.14855044993124,-32.22263415018214],[-58.14854127089824,-32.22257370872899],[-58.14833849491417,-32.22242789840128]]]}},{"type":"Feature","properties":{"ID":null,"NCP":"0100010000000580--036--","SEC":0,"GRU":0,"NMANZ":580,"LMANZ":null,"NPARC":36,"LPARC":null,"OBJETO":null,"NOMBRE":null,"AREA":null},"geometry":{"type":"Polygon","coordinates":[[[-58.15257375999633,-32.21828120987188],[-58.152501563100486,-32.21835414958287],[-58.15267284722894,-32.218480798888685],[-58.152745272903054,-32.21840932937583],[-58.15257375999633,-32.21828120987188]]]}},{"type":"Feature","properties":{"ID":null,"NCP":"0100010000000736--031--","SEC":0,"GRU":0,"NMANZ":736,"LMANZ":null,"NPARC":31,"LPARC":null,"OBJETO":"I008931","NOMBRE":"CENTRO DE EMPLEADOS DE COMERCIO DE COLON Y SA","AREA":null},"geometry":{"type":"Polygon","coordinates":[[[-58.147758473663174,-32.21133764268242],[-58.14796659170582,-32.21149354735313],[-58.147760117248204,-32.211338101781855],[-58.14782280578253,-32.21127649968301],[-58.14803299374776,-32.21142729961376],[-58.14782297198481,-32.211274872869616],[-58.147758473663174,-32.21133764268242]]]}},{"type":"Feature","properties":{"ID":null,"NCP":"0100011020810537--010--","SEC":102,"GRU":81,"NMANZ":537,"LMANZ":null,"NPARC":10,"LPARC":null,"OBJETO":"I020283","NOMBRE":"LESCANO CARLOS MARIA","AREA":null},"geometry":{"type":"Polygon","coordinates":[[[-58.13769519748198,-32.23575850965193],[-58.137405338595926,-32.23606165088957],[-58.137548117048034,-32.236159886289855],[-58.13783774660241,-32.235856984427215],[-58.13769519748198,-32.23575850965193]]]}},{"type":"Feature","properties":{"ID":null,"NCP":"0100010000000420--019--","SEC":0,"GRU":0,"NMANZ":420,"LMANZ":null,"NPARC":19,"LPARC":null,"OBJETO":null,"NOMBRE":null,"AREA":null},"geometry":{"type":"Polygon","coordinates":[[[-58.14670468896073,-32.23446940044986],[-58.146604580516,-32.23457141215094],[-58.14682536064003,-32.23472917210247],[-58.14692762839409,-32.234629390326354],[-58.14670468896073,-32.23446940044986]],[[-58.1467046098965,-32.234473294109705],[-58.14692213571039,-32.23462633642354],[-58.146825488315216,-32.23472288416046],[-58.14660524108487,-32.234571341446305],[-58.1467046098965,-32.234473294109705]]]}},{"type":"Feature","properties":{"ID":null,"NCP":"0100010000000689--025--","SEC":0,"GRU":0,"NMANZ":689,"LMANZ":null,"NPARC":25,"LPARC":null,"OBJETO":null,"NOMBRE":null,"AREA":null},"geometry":{"type":"Polygon","coordinates":[[[-58.14606665411743,-32.215967559354105],[-58.14617560218182,-32.216046585511414],[-58.14618961770167,-32.216031705534526],[-58.146133101334556,-32.21599022185604],[-58.14615481286717,-32.215968870777274],[-58.146143756876405,-32.215960628306185],[-58.14613818012475,-32.21596618474589],[-58.14609755942093,-32.2159367220822],[-58.14606665411743,-32.215967559354105]]]}},{"type":"Feature","properties":{"ID":null,"NCP":"0100010000000375--035--","SEC":0,"GRU":0,"NMANZ":375,"LMANZ":null,"NPARC":35,"LPARC":null,"OBJETO":"I004876","NOMBRE":"ZUCARIA FORTUNATO ASHAD","AREA":null},"geometry":{"type":"Polygon","coordinates":[[[-58.15550643069383,-32.228808729303644],[-58.155362339354625,-32.22895307413109],[-58.15544099270795,-32.22900918800814],[-58.155584394004826,-32.228863962714804],[-58.15550643069383,-32.228808729303644]]]}},{"type":"Feature","properties":{"ID":null,"NCP":"0100010000000376--036--","SEC":0,"GRU":0,"NMANZ":376,"LMANZ":null,"NPARC":36,"LPARC":null,"OBJETO":"I004876","NOMBRE":"ZUCARIA FORTUNATO ASHAD","AREA":null},"geometry":{"type":"Polygon","coordinates":[[[-58.15587346942141,-32.2283588560442],[-58.155800469409584,-32.22843321654313],[-58.15593598282173,-32.22853282536943],[-58.156010894831965,-32.22845716246248],[-58.15587346942141,-32.2283588560442]]]}},{"type":"Feature","properties":{"ID":null,"NCP":"0100010000000398--015--","SEC":0,"GRU":0,"NMANZ":398,"LMANZ":null,"NPARC":15,"LPARC":null,"OBJETO":"I032446","NOMBRE":"PUCCI FERNANDO FRANCO Y OTRA","AREA":null},"geometry":{"type":"Polygon","coordinates":[[[-58.15074077923143,-32.231553349640215],[-58.15093019038155,-32.23135782944835],[-58.15084882950005,-32.2312998593244],[-58.15066155545977,-32.231493988826934],[-58.15084920272881,-32.23130151894517],[-58.150926326607845,-32.23135776411215],[-58.15074077923143,-32.231553349640215]]]}},{"type":"Feature","properties":{"ID":null,"NCP":"0100010000000560--018--","SEC":0,"GRU":0,"NMANZ":560,"LMANZ":null,"NPARC":18,"LPARC":null,"OBJETO":"I002735","NOMBRE":"JACQUET ADERITO RICARDO","AREA":null},"geometry":{"type":"Polygon","coordinates":[[[-58.15119264904119,-32.22021003432421],[-58.15104170415891,-32.22035768329182],[-58.1511722318961,-32.220452626637396],[-58.15131944506806,-32.22030499198764],[-58.15119264904119,-32.22021003432421]]]}},{"type":"Feature","properties":{"ID":null,"NCP":"0100010000000516--019--","SEC":0,"GRU":0,"NMANZ":516,"LMANZ":null,"NPARC":19,"LPARC":null,"OBJETO":"I001989","NOMBRE":"DAYLI S EN COM POR ACC","AREA":null},"geometry":{"type":"Polygon","coordinates":[[[-58.155293634232905,-32.221368795531625],[-58.15514334392452,-32.22152036862619],[-58.15536787942874,-32.221686381161604],[-58.15551862903986,-32.22153433629246],[-58.155293634232905,-32.221368795531625]]]}},{"type":"Feature","properties":{"ID":null,"NCP":"0100010000000489--005--","SEC":0,"GRU":0,"NMANZ":489,"LMANZ":null,"NPARC":5,"LPARC":null,"OBJETO":"I030965","NOMBRE":"BENDERSKY CARLOS","AREA":null},"geometry":{"type":"Polygon","coordinates":[[[-58.156007511231785,-32.22213563557891],[-58.15623591137897,-32.222302645525644],[-58.15653237881011,-32.2220045781662],[-58.156306394819424,-32.22184336552281],[-58.156007511231785,-32.22213563557891]]]}},{"type":"Feature","properties":{"ID":null,"NCP":"0100010000000489--006--","SEC":0,"GRU":0,"NMANZ":489,"LMANZ":null,"NPARC":6,"LPARC":null,"OBJETO":"I030965","NOMBRE":"BENDERSKY CARLOS","AREA":null},"geometry":{"type":"Polygon","coordinates":[[[-58.15602365450439,-32.22225056898094],[-58.15617640374755,-32.22236226168834],[-58.15623591137897,-32.222302645525644],[-58.156007511231785,-32.22213563557891],[-58.15594703880334,-32.222194546241965],[-58.15602365450439,-32.22225056898094]]]}},{"type":"Feature","properties":{"ID":null,"NCP":"0100010000000489--007--","SEC":0,"GRU":0,"NMANZ":489,"LMANZ":null,"NPARC":7,"LPARC":null,"OBJETO":"I030965","NOMBRE":"BENDERSKY CARLOS","AREA":null},"geometry":{"type":"Polygon","coordinates":[[[-58.15596532390645,-32.222308985597124],[-58.15611807316876,-32.222420678375016],[-58.15617640374755,-32.22236226168834],[-58.15602365450439,-32.22225056898094],[-58.15596532390645,-32.222308985597124]]]}},{"type":"Feature","properties":{"ID":null,"NCP":"0100010000000489--008--","SEC":0,"GRU":0,"NMANZ":489,"LMANZ":null,"NPARC":8,"LPARC":null,"OBJETO":"I030965","NOMBRE":"BENDERSKY CARLOS","AREA":null},"geometry":{"type":"Polygon","coordinates":[[[-58.15596532390645,-32.222308985597124],[-58.155906978910195,-32.222367391846056],[-58.15590897701178,-32.222368874621075],[-58.1559788745877,-32.22242074499748],[-58.15605974251478,-32.22247909503152],[-58.15611807316876,-32.222420678375016],[-58.15596532390645,-32.222308985597124]]]}},{"type":"Feature","properties":{"ID":null,"NCP":"0100010000000489--009--","SEC":0,"GRU":0,"NMANZ":489,"LMANZ":null,"NPARC":9,"LPARC":null,"OBJETO":"I030965","NOMBRE":"BENDERSKY CARLOS","AREA":null},"geometry":{"type":"Polygon","coordinates":[[[-58.15605974251478,-32.22247909503152],[-58.1559788745877,-32.22242074499748],[-58.1558567437079,-32.22254309106182],[-58.15593757671605,-32.222601440609175],[-58.15605974251478,-32.22247909503152]]]}},{"type":"Feature","properties":{"ID":null,"NCP":"0100010000000489--010--","SEC":0,"GRU":0,"NMANZ":489,"LMANZ":null,"NPARC":10,"LPARC":null,"OBJETO":"I030965","NOMBRE":"BENDERSKY CARLOS","AREA":null},"geometry":{"type":"Polygon","coordinates":[[[-58.15578399408955,-32.222490576427795],[-58.1558567437079,-32.22254309106182],[-58.1559788745877,-32.22242074499748],[-58.15590897701178,-32.222368874621075],[-58.15578399408955,-32.222490576427795]]]}},{"type":"Feature","properties":{"ID":null,"NCP":"0100010000000489--011--","SEC":0,"GRU":0,"NMANZ":489,"LMANZ":null,"NPARC":11,"LPARC":null,"OBJETO":"I030965","NOMBRE":"BENDERSKY CARLOS","AREA":null},"geometry":{"type":"Polygon","coordinates":[[[-58.155906978910195,-32.222367391846056],[-58.15583125298244,-32.22231121349942],[-58.155706424310715,-32.222434572546945],[-58.15578399408955,-32.222490576427795],[-58.15590897701178,-32.222368874621075],[-58.155906978910195,-32.222367391846056]]]}},{"type":"Feature","properties":{"ID":null,"NCP":"0100010000000527--019--","SEC":0,"GRU":0,"NMANZ":527,"LMANZ":null,"NPARC":19,"LPARC":null,"OBJETO":"I004703","NOMBRE":"LOPEZ CARMELO ARGENTINO","AREA":null},"geometry":{"type":"Polygon","coordinates":[[[-58.14258346835079,-32.2324709049149],[-58.14257372843597,-32.23246394219619],[-58.142206610273426,-32.232837500748545],[-58.142304009578616,-32.232907128187705],[-58.142484945647425,-32.232723018290365],[-58.14239628714411,-32.23266007163657],[-58.14258346835079,-32.2324709049149]]]}},{"type":"Feature","properties":{"ID":null,"NCP":"0100011030000038--004--","SEC":103,"GRU":0,"NMANZ":38,"LMANZ":null,"NPARC":4,"LPARC":null,"OBJETO":"I032816","NOMBRE":"PROPIETARIO DESCONOCIDO","AREA":null},"geometry":{"type":"Polygon","coordinates":[[[-58.23183980493689,-32.29478944373511],[-58.23173374652779,-32.29516924308519],[-58.23218158500491,-32.29525689756938],[-58.23228695638785,-32.29487951930885],[-58.23183980493689,-32.29478944373511]]]}},{"type":"Feature","properties":{"ID":null,"NCP":"0100010052930000--004--","SEC":5,"GRU":293,"NMANZ":0,"LMANZ":null,"NPARC":4,"LPARC":null,"OBJETO":"I033295","NOMBRE":"TARABINE FERNANDO ANIBAL","AREA":null},"geometry":{"type":"Polygon","coordinates":[[[-58.17822172988302,-32.22352890179719],[-58.17697883508639,-32.226327692645285],[-58.179495203573026,-32.227085764941194],[-58.18069785540105,-32.224375009379905],[-58.17822172988302,-32.22352890179719]]]}},{"type":"Feature","properties":{"ID":null,"NCP":"0100010000000071--018--","SEC":0,"GRU":0,"NMANZ":71,"LMANZ":null,"NPARC":18,"LPARC":null,"OBJETO":"I021291","NOMBRE":"DE CARLI ALEJANDRO OSCAR","AREA":null},"geometry":{"type":"Polygon","coordinates":[[[-58.14793905087875,-32.219940277327055],[-58.14815678013913,-32.220096035254734],[-58.148231076820494,-32.220020080744426],[-58.14801737817238,-32.21986266404973],[-58.14793905087875,-32.219940277327055]]]}},{"type":"Feature","properties":{"ID":null,"NCP":"0100010000000155--028--","SEC":0,"GRU":0,"NMANZ":155,"LMANZ":null,"NPARC":28,"LPARC":null,"OBJETO":"I001294","NOMBRE":"MARSO EDUARDO JORGE","AREA":null},"geometry":{"type":"Polygon","coordinates":[[[-58.14048008123826,-32.21944088231348],[-58.14046553584301,-32.21945530547124],[-58.140700031182966,-32.219626723510856],[-58.14071573103879,-32.21961085701851],[-58.14048008123826,-32.21944088231348]]]}},{"type":"Feature","properties":{"ID":null,"NCP":"0100010000000159--020--","SEC":0,"GRU":0,"NMANZ":159,"LMANZ":null,"NPARC":20,"LPARC":null,"OBJETO":null,"NOMBRE":null,"AREA":null},"geometry":{"type":"Polygon","coordinates":[[[-58.13800046061663,-32.222044336740325],[-58.13794254498167,-32.2221035821072],[-58.13799457652923,-32.22214074798594],[-58.1380010176386,-32.22213418701357],[-58.138124304439266,-32.22222248332606],[-58.13816098916919,-32.2221851033101],[-58.13815861608446,-32.222158444631674],[-58.13800046061663,-32.222044336740325]]]}},{"type":"Feature","properties":{"ID":null,"NCP":"0100010000000561--034--","SEC":0,"GRU":0,"NMANZ":561,"LMANZ":null,"NPARC":34,"LPARC":null,"OBJETO":"I004927","NOMBRE":"ZUCARIA FORTUNATO ASHAD","AREA":null},"geometry":{"type":"Polygon","coordinates":[[[-58.152719020461284,-32.21927131710153],[-58.15258998664102,-32.21939979937757],[-58.15274984608995,-32.219515641191606],[-58.152881026000564,-32.21938766937979],[-58.152719020461284,-32.21927131710153]]]}},{"type":"Feature","properties":{"ID":null,"NCP":"0100010000000420--020--","SEC":0,"GRU":0,"NMANZ":420,"LMANZ":null,"NPARC":20,"LPARC":null,"OBJETO":"I009804","NOMBRE":"ALVAREZ ALICIA BEATRIZ","AREA":null},"geometry":{"type":"Polygon","coordinates":[[[-58.1467046098965,-32.234473294109705],[-58.14660524108487,-32.234571341446305],[-58.146825488315216,-32.23472288416046],[-58.14692213571039,-32.23462633642354],[-58.1467046098965,-32.234473294109705]]]}},{"type":"Feature","properties":{"ID":null,"NCP":"0100010000000479--019--","SEC":0,"GRU":0,"NMANZ":479,"LMANZ":null,"NPARC":19,"LPARC":null,"OBJETO":"I009912","NOMBRE":"ROTUNDO GABRIEL ADRIAN Y OTRA","AREA":null},"geometry":{"type":"Polygon","coordinates":[[[-58.149049738339016,-32.22941002838792],[-58.14890864450062,-32.22931006045993],[-58.148735054667675,-32.229489408359804],[-58.14887631851859,-32.22958933902031],[-58.149049738339016,-32.22941002838792]]]}},{"type":"Feature","properties":{"ID":null,"NCP":"0100011030000037--002--","SEC":103,"GRU":0,"NMANZ":37,"LMANZ":null,"NPARC":2,"LPARC":null,"OBJETO":"I002637","NOMBRE":"COLMAN MARTA LUCIA Y OTRO","AREA":null},"geometry":{"type":"Polygon","coordinates":[[[-58.231436869784595,-32.29623235142524],[-58.23122474038468,-32.296991964458115],[-58.23212041654264,-32.29716727243841],[-58.232332539020945,-32.29640765767098],[-58.231436869784595,-32.29623235142524]]]}},{"type":"Feature","properties":{"ID":null,"NCP":"0100010000000754--024--","SEC":0,"GRU":0,"NMANZ":754,"LMANZ":null,"NPARC":24,"LPARC":null,"OBJETO":"I006292","NOMBRE":"ALVAREZ DE MARTINEZ MARIA MARTINA","AREA":null},"geometry":{"type":"Polygon","coordinates":[[[-58.14523345112324,-32.212756202031265],[-58.14504051956768,-32.212618449225104],[-58.14497551291697,-32.21268417629245],[-58.145167692146124,-32.21282206211473],[-58.14523345112324,-32.212756202031265]]]}},{"type":"Feature","properties":{"ID":null,"NCP":"0100011030000042--002--","SEC":103,"GRU":0,"NMANZ":42,"LMANZ":null,"NPARC":2,"LPARC":null,"OBJETO":"I033367","NOMBRE":"FORCLAZ JUAN CRISTIAN","AREA":null},"geometry":{"type":"Polygon","coordinates":[[[-58.230616789688035,-32.29511065771788],[-58.23040465658263,-32.295870269351624],[-58.23130031994429,-32.296045582739296],[-58.2315124461286,-32.29528596937089],[-58.230616789688035,-32.29511065771788]]]}},{"type":"Feature","properties":{"ID":null,"NCP":"0100011030001037--002--","SEC":103,"GRU":0,"NMANZ":1037,"LMANZ":null,"NPARC":2,"LPARC":null,"OBJETO":"I033368","NOMBRE":"MUNICIPALIDAD DE COLON","AREA":null},"geometry":{"type":"Polygon","coordinates":[[[-58.231691371016296,-32.29532099046587],[-58.231479246214654,-32.29608060418078],[-58.232374914068274,-32.29625591008004],[-58.23258703194859,-32.2954962946307],[-58.231691371016296,-32.29532099046587]]]}},{"type":"Feature","properties":{"ID":null,"NCP":"0100010000000097--018--","SEC":0,"GRU":0,"NMANZ":97,"LMANZ":null,"NPARC":18,"LPARC":null,"OBJETO":"I006968","NOMBRE":"TRABICHET SILVIA BEATRIZ Y OTRO","AREA":null},"geometry":{"type":"Polygon","coordinates":[[[-58.14465877074759,-32.220286254706714],[-58.14436537274286,-32.22058527542457],[-58.144854532021235,-32.22093597132057],[-58.145146954645625,-32.22063819338712],[-58.14465877074759,-32.220286254706714]]]}},{"type":"Feature","properties":{"ID":null,"NCP":"0100010000000187--013--","SEC":0,"GRU":0,"NMANZ":187,"LMANZ":null,"NPARC":13,"LPARC":null,"OBJETO":null,"NOMBRE":null,"AREA":null},"geometry":{"type":"Polygon","coordinates":[[[-58.13593098834687,-32.22089127896217],[-58.135745428647326,-32.221081223598766],[-58.13607535968155,-32.221321743692776],[-58.136110675799216,-32.221318564930854],[-58.13628502746443,-32.22114514752647],[-58.13593098834687,-32.22089127896217]]]}},{"type":"Feature","properties":{"ID":null,"NCP":"0100010000000652--014--","SEC":0,"GRU":0,"NMANZ":652,"LMANZ":null,"NPARC":14,"LPARC":null,"OBJETO":"I033420","NOMBRE":"LUNA CARLOS MIGUEL","AREA":null},"geometry":{"type":"Polygon","coordinates":[[[-58.14914863509631,-32.21578283231571],[-58.149382743404196,-32.21595530735605],[-58.14946449117839,-32.215872259801166],[-58.14922634233308,-32.21570355343101],[-58.14914863509631,-32.21578283231571]]]}},{"type":"Feature","properties":{"ID":null,"NCP":"0100010000000578--019--","SEC":0,"GRU":0,"NMANZ":578,"LMANZ":null,"NPARC":19,"LPARC":null,"OBJETO":"I008122","NOMBRE":"DUARTEZ MARIA APOLINARIA POSEEDOR","AREA":null},"geometry":{"type":"Polygon","coordinates":[[[-58.1506416088667,-32.22007021920638],[-58.15068818999102,-32.22002307256056],[-58.15063343503079,-32.21998365436605],[-58.150585476411045,-32.22003083554481],[-58.1506416088667,-32.22007021920638]]]}},{"type":"Feature","properties":{"ID":null,"NCP":"0100010000000560--019--","SEC":0,"GRU":0,"NMANZ":560,"LMANZ":null,"NPARC":19,"LPARC":null,"OBJETO":"I002746","NOMBRE":"VIVAS SATURNINO VICTOR Y OTROS","AREA":null},"geometry":{"type":"Polygon","coordinates":[[[-58.151673248124276,-32.220316241277565],[-58.151389273569535,-32.22060790943722],[-58.15148730376022,-32.22067688154264],[-58.15177127823887,-32.220385213161975],[-58.151673248124276,-32.220316241277565]]]}},{"type":"Feature","properties":{"ID":null,"NCP":"0100010000000651--021--","SEC":0,"GRU":0,"NMANZ":651,"LMANZ":null,"NPARC":21,"LPARC":null,"OBJETO":"I009752","NOMBRE":"VIOLLAZ MIRTA ISABEL POSEEDORA","AREA":null},"geometry":{"type":"Polygon","coordinates":[[[-58.14886251211682,-32.216697109529775],[-58.1488424662786,-32.216717641760255],[-58.148851441752946,-32.21672397469424],[-58.14882354009878,-32.21675255333543],[-58.14886531687183,-32.21678203026587],[-58.14885515849935,-32.216792435112616],[-58.14892754682216,-32.216843510923624],[-58.14898779613332,-32.21678546288249],[-58.14886251211682,-32.216697109529775]]]}},{"type":"Feature","properties":{"ID":null,"NCP":"0100010000000375--036--","SEC":0,"GRU":0,"NMANZ":375,"LMANZ":null,"NPARC":36,"LPARC":null,"OBJETO":"I004881","NOMBRE":"ZUCARIA FORTUNATO ASHAD","AREA":null},"geometry":{"type":"Polygon","coordinates":[[[-58.15485332639341,-32.2291011412206],[-58.15470811592638,-32.22924467373607],[-58.15478586891064,-32.229300121272686],[-58.15492899884734,-32.229155102635936],[-58.15485332639341,-32.2291011412206]]]}},{"type":"Feature","properties":{"ID":null,"NCP":"0100010000000195--021--","SEC":0,"GRU":0,"NMANZ":195,"LMANZ":null,"NPARC":21,"LPARC":null,"OBJETO":"I003600","NOMBRE":"OBREGON JORGE HORACIO Y OTROS","AREA":null},"geometry":{"type":"Polygon","coordinates":[[[-58.132681066904816,-32.222081560584456],[-58.13245592090794,-32.22230299735734],[-58.132796936091985,-32.22255623156255],[-58.13302345431391,-32.22233576214256],[-58.132681066904816,-32.222081560584456]]]}},{"type":"Feature","properties":{"ID":null,"NCP":"0100010000000758--020--","SEC":0,"GRU":0,"NMANZ":758,"LMANZ":null,"NPARC":20,"LPARC":null,"OBJETO":"I031836","NOMBRE":"MUNICIPALIDAD DE COLON","AREA":null},"geometry":{"type":"Polygon","coordinates":[[[-58.14806245816143,-32.210180091623364],[-58.14777386565556,-32.210469486731505],[-58.14783779432332,-32.210516886463864],[-58.14812714894167,-32.210226720651235],[-58.14806245816143,-32.210180091623364]]]}},{"type":"Feature","properties":{"ID":null,"NCP":"0100010000000508--020--","SEC":0,"GRU":0,"NMANZ":508,"LMANZ":null,"NPARC":20,"LPARC":null,"OBJETO":"I000264","NOMBRE":"GONZALEZ ANTONIO SUC","AREA":null},"geometry":{"type":"Polygon","coordinates":[[[-58.149504613577314,-32.22697111221575],[-58.14926169039226,-32.22721376983103],[-58.14938428856183,-32.227295581061135],[-58.149618604583154,-32.22705356554835],[-58.149504613577314,-32.22697111221575]]]}},{"type":"Feature","properties":{"ID":null,"NCP":"0100010000000714--021--","SEC":0,"GRU":0,"NMANZ":714,"LMANZ":null,"NPARC":21,"LPARC":null,"OBJETO":null,"NOMBRE":null,"AREA":null},"geometry":{"type":"Polygon","coordinates":[[[-58.148056227719806,-32.21282341720511],[-58.147850710499675,-32.2130298335987],[-58.14801796556992,-32.213146776468584],[-58.1482181895813,-32.212939801499566],[-58.148056227719806,-32.21282341720511]]]}},{"type":"Feature","properties":{"ID":null,"NCP":"0100010000000612--018--","SEC":0,"GRU":0,"NMANZ":612,"LMANZ":null,"NPARC":18,"LPARC":null,"OBJETO":"I009816","NOMBRE":"ORGANIZACION DELASOIE HERMANOS S.A.","AREA":null},"geometry":{"type":"Polygon","coordinates":[[[-58.13800054939763,-32.22994921359034],[-58.13777119863175,-32.229787790190805],[-58.13769908978352,-32.22986086044482],[-58.13792381671237,-32.23002319134124],[-58.13800054939763,-32.22994921359034]]]}},{"type":"Feature","properties":{"ID":null,"NCP":"0100010000000069--026--","SEC":0,"GRU":0,"NMANZ":69,"LMANZ":null,"NPARC":26,"LPARC":null,"OBJETO":"I030979","NOMBRE":"CRICEL ANA LIA","AREA":null},"geometry":{"type":"Polygon","coordinates":[[[-58.14739287320807,-32.221113288085064],[-58.14715822576163,-32.22134862329776],[-58.14715928766181,-32.22137312588919],[-58.14730177022279,-32.221479645441896],[-58.14755112193447,-32.22123049687409],[-58.14739287320807,-32.221113288085064]]]}},{"type":"Feature","properties":{"ID":null,"NCP":"0100010000000757--023--","SEC":0,"GRU":0,"NMANZ":757,"LMANZ":null,"NPARC":23,"LPARC":null,"OBJETO":null,"NOMBRE":"TUCUMAN","AREA":null},"geometry":{"type":"Polygon","coordinates":[[[-58.14693232980365,-32.210735940866094],[-58.146859283615754,-32.21080707248898],[-58.1470920912417,-32.210967998071126],[-58.14716315953348,-32.21089715760107],[-58.14693232980365,-32.210735940866094]]]}},{"type":"Feature","properties":{"ID":null,"NCP":"0100010000000420--021--","SEC":0,"GRU":0,"NMANZ":420,"LMANZ":null,"NPARC":21,"LPARC":null,"OBJETO":"I010178","NOMBRE":"LOKER ALCIRA MARIA POSEEDOR","AREA":null},"geometry":{"type":"Polygon","coordinates":[[[-58.14593125817884,-32.234440027036364],[-58.145831435256085,-32.23454329253169],[-58.146056230896065,-32.23469827365565],[-58.14615349621287,-32.234597522917284],[-58.14593125817884,-32.234440027036364]]]}},{"type":"Feature","properties":{"ID":null,"NCP":"0100011020040241--007--","SEC":102,"GRU":4,"NMANZ":241,"LMANZ":null,"NPARC":7,"LPARC":null,"OBJETO":"I010177","NOMBRE":"LUNA LUIS ROBERTO POSEEDOR","AREA":null},"geometry":{"type":"Polygon","coordinates":[[[-58.1544741749772,-32.239250791648445],[-58.15440605266356,-32.239323378686386],[-58.154507747041485,-32.23945767341644],[-58.15459492796069,-32.23940633154261],[-58.1544741749772,-32.239250791648445]]]}},{"type":"Feature","properties":{"ID":null,"NCP":"0100010000000376--037--","SEC":0,"GRU":0,"NMANZ":376,"LMANZ":null,"NPARC":37,"LPARC":null,"OBJETO":"I010177","NOMBRE":"LUNA LUIS ROBERTO POSEEDOR","AREA":null},"geometry":{"type":"Polygon","coordinates":[[[-58.15539248649078,-32.2278832931606],[-58.15531976493364,-32.22795582786358],[-58.15547577073851,-32.228072264065446],[-58.15554785922005,-32.2279985649031],[-58.15539248649078,-32.2278832931606]]]}},{"type":"Feature","properties":{"ID":null,"NCP":"0100010000000648--023--","SEC":0,"GRU":0,"NMANZ":648,"LMANZ":null,"NPARC":23,"LPARC":null,"OBJETO":"I004997","NOMBRE":"LOPEZ ELOY JUSTO","AREA":null},"geometry":{"type":"Polygon","coordinates":[[[-58.1366858696292,-32.228913372048154],[-58.136495342526125,-32.229112949055065],[-58.13657882563942,-32.22917319768874],[-58.13677239848331,-32.22897631620903],[-58.1366858696292,-32.228913372048154]]]}},{"type":"Feature","properties":{"ID":null,"NCP":"0100011030000032--005--","SEC":103,"GRU":0,"NMANZ":32,"LMANZ":null,"NPARC":5,"LPARC":null,"OBJETO":"I032815","NOMBRE":"ALLENDE CIRIACO","AREA":null},"geometry":{"type":"Polygon","coordinates":[[[-58.23347356134459,-32.294692560143304],[-58.2333664771355,-32.29507215308306],[-58.233813629141686,-32.29516223060414],[-58.233919678948126,-32.294782429199756],[-58.23347356134459,-32.294692560143304]]]}},{"type":"Feature","properties":{"ID":null,"NCP":"0100010000000543--025--","SEC":0,"GRU":0,"NMANZ":543,"LMANZ":null,"NPARC":25,"LPARC":null,"OBJETO":null,"NOMBRE":null,"AREA":null},"geometry":{"type":"Polygon","coordinates":[[[-58.15197989595288,-32.22200639548809],[-58.15182262494232,-32.222165938888345],[-58.15190335038412,-32.22222396446715],[-58.15206081536374,-32.22206531637245],[-58.15197989595288,-32.22200639548809]]]}},{"type":"Feature","properties":{"ID":null,"NCP":"0100010000000174--023--","SEC":0,"GRU":0,"NMANZ":174,"LMANZ":null,"NPARC":23,"LPARC":null,"OBJETO":"I001157","NOMBRE":"ACOSTA CABALLERO OSCAR  RAMON Y OTRA","AREA":null},"geometry":{"type":"Polygon","coordinates":[[[-58.13899635958739,-32.218974394171624],[-58.13897076884965,-32.219000268196396],[-58.13896695666302,-32.21899753452783],[-58.138849608646986,-32.21911524426233],[-58.13893493973251,-32.21917623080982],[-58.1390790351461,-32.2190336796403],[-58.13899635958739,-32.218974394171624]]]}},{"type":"Feature","properties":{"ID":null,"NCP":"0100010000000077--018--","SEC":0,"GRU":0,"NMANZ":77,"LMANZ":null,"NPARC":18,"LPARC":null,"OBJETO":null,"NOMBRE":null,"AREA":null},"geometry":{"type":"Polygon","coordinates":[[[-58.14336648695619,-32.224528516680614],[-58.14339817629254,-32.22455136342093],[-58.1434044234168,-32.22454510473486],[-58.1434228821537,-32.224558518916965],[-58.14344990674718,-32.224531431228314],[-58.14339934379274,-32.22449584681928],[-58.14336648695619,-32.224528516680614]]]}},{"type":"Feature","properties":{"ID":null,"NCP":"0100010000000690--025--","SEC":0,"GRU":0,"NMANZ":690,"LMANZ":null,"NPARC":25,"LPARC":null,"OBJETO":null,"NOMBRE":null,"AREA":null},"geometry":{"type":"Polygon","coordinates":[[[-58.146910843053796,-32.21511566108632],[-58.146870067178895,-32.21515659023575],[-58.147209669927,-32.215402638068255],[-58.147253220284135,-32.21535919528375],[-58.146910843053796,-32.21511566108632]]]}},{"type":"Feature","properties":{"ID":null,"NCP":"0100010123240000--048--","SEC":12,"GRU":324,"NMANZ":0,"LMANZ":null,"NPARC":48,"LPARC":null,"OBJETO":"I031881","NOMBRE":"GRAS DE COLLIARD INES MARIA","AREA":null},"geometry":{"type":"Polygon","coordinates":[[[-58.15470067360788,-32.240501956060854],[-58.154572643458216,-32.24059381895286],[-58.154998500472274,-32.241132166795694],[-58.15579704003926,-32.24140808676573],[-58.15523427369432,-32.24060028608389],[-58.15488160037122,-32.240808555665524],[-58.15470067360788,-32.240501956060854]]]}},{"type":"Feature","properties":{"ID":null,"NCP":"0100010000000421--012--","SEC":0,"GRU":0,"NMANZ":421,"LMANZ":null,"NPARC":12,"LPARC":null,"OBJETO":"I001492","NOMBRE":"MAILLET NILDA JULIA","AREA":null},"geometry":{"type":"Polygon","coordinates":[[[-58.146649181490496,-32.23370353961136],[-58.14679111478874,-32.23380559802944],[-58.14690101798249,-32.23370005703178],[-58.14675664787799,-32.23359628598069],[-58.146649181490496,-32.23370353961136]]]}},{"type":"Feature","properties":{"ID":null,"NCP":"0100010000000612--019--","SEC":0,"GRU":0,"NMANZ":612,"LMANZ":null,"NPARC":19,"LPARC":null,"OBJETO":"I010286","NOMBRE":"PEDRAZA MARIA ESTHER","AREA":null},"geometry":{"type":"Polygon","coordinates":[[[-58.138125056060076,-32.23016957357798],[-58.13819834731668,-32.23009377579152],[-58.13800054939763,-32.22994921359034],[-58.13792381671237,-32.23002319134124],[-58.138125056060076,-32.23016957357798]]]}},{"type":"Feature","properties":{"ID":null,"NCP":"0100010000000556--020--","SEC":0,"GRU":0,"NMANZ":556,"LMANZ":null,"NPARC":20,"LPARC":null,"OBJETO":null,"NOMBRE":null,"AREA":null},"geometry":{"type":"Polygon","coordinates":[[[-58.13872931327163,-32.23273199248447],[-58.13860769520518,-32.23285306057669],[-58.13883904295788,-32.2330217083587],[-58.13896040220627,-32.232900792190954],[-58.13872931327163,-32.23273199248447]]]}},{"type":"Feature","properties":{"ID":null,"NCP":"0100010000000398--016--","SEC":0,"GRU":0,"NMANZ":398,"LMANZ":null,"NPARC":16,"LPARC":null,"OBJETO":"I020587","NOMBRE":"FROSSARD HECTOR VICENTE","AREA":null},"geometry":{"type":"Polygon","coordinates":[[[-58.15073427985551,-32.23154974209173],[-58.15046534399136,-32.23135517516097],[-58.150379138393916,-32.231444325001405],[-58.15065072999287,-32.231633142474536],[-58.15073427985551,-32.23154974209173]]]}},{"type":"Feature","properties":{"ID":null,"NCP":"0100010000000397--018--","SEC":0,"GRU":0,"NMANZ":397,"LMANZ":null,"NPARC":18,"LPARC":null,"OBJETO":null,"NOMBRE":null,"AREA":null},"geometry":{"type":"Polygon","coordinates":[[[-58.15025439299408,-32.232438946184416],[-58.15006363023748,-32.23263238484014],[-58.15026954253833,-32.23277861351356],[-58.150460253609765,-32.23258513780215],[-58.15025439299408,-32.232438946184416]]]}},{"type":"Feature","properties":{"ID":null,"NCP":"0100010000000474--021--","SEC":0,"GRU":0,"NMANZ":474,"LMANZ":null,"NPARC":21,"LPARC":null,"OBJETO":"I032456","NOMBRE":"VAZQUEZ JUAN MANUEL","AREA":null},"geometry":{"type":"Polygon","coordinates":[[[-58.145899559853845,-32.232427499256346],[-58.14583574364232,-32.23249261728834],[-58.1459854612174,-32.2326025623563],[-58.14604945916814,-32.232537577724514],[-58.145899559853845,-32.232427499256346]],[[-58.145898776628094,-32.232429489734045],[-58.14604657567389,-32.23253781111281],[-58.14598551636757,-32.232600679113006],[-58.14583691793045,-32.23249273442033],[-58.145898776628094,-32.232429489734045]]]}},{"type":"Feature","properties":{"ID":null,"NCP":"0100011020150000--002--","SEC":102,"GRU":15,"NMANZ":0,"LMANZ":null,"NPARC":2,"LPARC":null,"OBJETO":"I033756","NOMBRE":"FERNANDEZ CLAUDIO MARCELO Y OTRO","AREA":null},"geometry":{"type":"Polygon","coordinates":[[[-58.15010558867106,-32.23777000992749],[-58.1488170864667,-32.23915584208701],[-58.15039240265037,-32.24024140367433],[-58.15133182845647,-32.23923223012408],[-58.151064732793785,-32.23905380528341],[-58.1514227880748,-32.238678966708996],[-58.15010558867106,-32.23777000992749]]]}},{"type":"Feature","properties":{"ID":null,"NCP":"0100010000000032--022--","SEC":0,"GRU":0,"NMANZ":32,"LMANZ":null,"NPARC":22,"LPARC":null,"OBJETO":"I004679","NOMBRE":"AYARZA DE BAEZ MARIA","AREA":null},"geometry":{"type":"Polygon","coordinates":[[[-58.143728956060656,-32.2282824421365],[-58.14352374393829,-32.22848499689708],[-58.143630069958334,-32.22856095767846],[-58.143834246863754,-32.22835923502521],[-58.143728956060656,-32.2282824421365]]]}},{"type":"Feature","properties":{"ID":null,"NCP":"0100010000000577--022--","SEC":0,"GRU":0,"NMANZ":577,"LMANZ":null,"NPARC":22,"LPARC":null,"OBJETO":"I004679","NOMBRE":"AYARZA DE BAEZ MARIA","AREA":null},"geometry":{"type":"Polygon","coordinates":[[[-58.150491360668184,-32.220289489903365],[-58.15042405734564,-32.22035855017511],[-58.15049040114218,-32.220407714525116],[-58.15055940656955,-32.220338531067156],[-58.150491360668184,-32.220289489903365]]]}},{"type":"Feature","properties":{"ID":null,"NCP":"0100010000000730--017--","SEC":0,"GRU":0,"NMANZ":730,"LMANZ":null,"NPARC":17,"LPARC":null,"OBJETO":null,"NOMBRE":null,"AREA":null},"geometry":{"type":"Polygon","coordinates":[[[-58.143318678785874,-32.21580126729003],[-58.14343456025537,-32.21588429682998],[-58.14346185859018,-32.21585673013947],[-58.14346263066342,-32.21585595047604],[-58.14344939606828,-32.21584647873641],[-58.143419637641614,-32.21587351043672],[-58.143318678785874,-32.21580126729003]]]}},{"type":"Feature","properties":{"ID":null,"NCP":"0100010000000061--020--","SEC":0,"GRU":0,"NMANZ":61,"LMANZ":null,"NPARC":20,"LPARC":null,"OBJETO":"I003285","NOMBRE":"GODEIN OMAR","AREA":null},"geometry":{"type":"Polygon","coordinates":[[[-58.142517045738565,-32.22688620269443],[-58.142457399794395,-32.22694469458359],[-58.142639600784136,-32.22707894036924],[-58.14269798874374,-32.227019150796984],[-58.142517045738565,-32.22688620269443]]]}},{"type":"Feature","properties":{"ID":null,"NCP":"0100010000000209--009--","SEC":0,"GRU":0,"NMANZ":209,"LMANZ":null,"NPARC":9,"LPARC":null,"OBJETO":null,"NOMBRE":null,"AREA":null},"geometry":{"type":"Polygon","coordinates":[[[-58.138148705607804,-32.21561503848406],[-58.137850707233746,-32.215917882211116],[-58.13801273746384,-32.216034202019465],[-58.13809460968833,-32.21595143299845],[-58.13815108571133,-32.215991938709834],[-58.13836800864258,-32.21577146047929],[-58.138148705607804,-32.21561503848406]]]}},{"type":"Feature","properties":{"ID":null,"NCP":"0100010000000212--029--","SEC":0,"GRU":0,"NMANZ":212,"LMANZ":null,"NPARC":29,"LPARC":null,"OBJETO":"I009363","NOMBRE":"HOFFMAN AGUSTIN JOSE","AREA":null},"geometry":{"type":"Polygon","coordinates":[[[-58.13623182195897,-32.21744971074953],[-58.135934302644166,-32.21775257510409],[-58.13599019280593,-32.21778997972926],[-58.136206469948576,-32.21757512540437],[-58.13618249566743,-32.217558325497905],[-58.13620461145491,-32.21753621059233],[-58.13620947995847,-32.21753968957013],[-58.136269490144976,-32.21747692879796],[-58.13623182195897,-32.21744971074953]]]}},{"type":"Feature","properties":{"ID":null,"NCP":"0100010000000737--020--","SEC":0,"GRU":0,"NMANZ":737,"LMANZ":null,"NPARC":20,"LPARC":null,"OBJETO":"I032346","NOMBRE":"PEREYRA ANNERIS ELENA","AREA":null},"geometry":{"type":"Polygon","coordinates":[[[-58.148669349599054,-32.210847119057505],[-58.148533913497886,-32.210987043870816],[-58.14860987554431,-32.21104014175954],[-58.14874753631624,-32.21090181905469],[-58.148669349599054,-32.210847119057505]]]}},{"type":"Feature","properties":{"ID":null,"NCP":"0100010000000577--023--","SEC":0,"GRU":0,"NMANZ":577,"LMANZ":null,"NPARC":23,"LPARC":null,"OBJETO":null,"NOMBRE":null,"AREA":null},"geometry":{"type":"Polygon","coordinates":[[[-58.15069024540642,-32.220434616225646],[-58.15055945628571,-32.22034425723503],[-58.15049155368058,-32.22041202745212],[-58.15062218473392,-32.22050508383757],[-58.15069024540642,-32.220434616225646]]]}},{"type":"Feature","properties":{"ID":null,"NCP":"0100010180030000--045--","SEC":18,"GRU":3,"NMANZ":0,"LMANZ":null,"NPARC":45,"LPARC":null,"OBJETO":"I007264","NOMBRE":"ALCOBA JULIO CEFERINO Y OTROS","AREA":null},"geometry":{"type":"Polygon","coordinates":[[[-58.207943538142935,-32.30029043462866],[-58.20817542633081,-32.30087961982218],[-58.20186031838725,-32.30057780293358],[-58.20273144021583,-32.302599877800645],[-58.21154481564737,-32.30329898498904],[-58.21002094555951,-32.29938090690979],[-58.20755258132599,-32.29929706818241],[-58.207943538142935,-32.30029043462866]]]}},{"type":"Feature","properties":{"ID":null,"NCP":"0100010000000559--022--","SEC":0,"GRU":0,"NMANZ":559,"LMANZ":null,"NPARC":22,"LPARC":null,"OBJETO":"I001039","NOMBRE":"DA SILVA RAMON FERMIN","AREA":null},"geometry":{"type":"Polygon","coordinates":[[[-58.15127812875622,-32.22090871966824],[-58.15117198453263,-32.22101538609024],[-58.15141299001864,-32.22119191589447],[-58.15151914585375,-32.22108523924184],[-58.15127812875622,-32.22090871966824]]]}},{"type":"Feature","properties":{"ID":null,"NCP":"0100010000000632--015--","SEC":0,"GRU":0,"NMANZ":632,"LMANZ":null,"NPARC":15,"LPARC":null,"OBJETO":"I000524","NOMBRE":"CNSJ. GNRL. EDCN. POSEEDOR","AREA":null},"geometry":{"type":"Polygon","coordinates":[[[-58.14876314528564,-32.21768907310958],[-58.14870366222412,-32.217691005660285],[-58.148437922015525,-32.2179601516854],[-58.148867799827606,-32.21826570905994],[-58.14913415390865,-32.21800168643394],[-58.149128671123066,-32.21794881833877],[-58.14876314528564,-32.21768907310958]]]}},{"type":"Feature","properties":{"ID":null,"NCP":"0100011030000049--002--","SEC":103,"GRU":0,"NMANZ":49,"LMANZ":null,"NPARC":2,"LPARC":null,"OBJETO":null,"NOMBRE":null,"AREA":null},"geometry":{"type":"Polygon","coordinates":[[[-58.230113158844986,-32.29305294474555],[-58.22990161259305,-32.293812657302524],[-58.23074321352714,-32.29398222036337],[-58.23095533432219,-32.293222623243935],[-58.230113158844986,-32.29305294474555]]]}},{"type":"Feature","properties":{"ID":null,"NCP":"0100010030750001--008--","SEC":3,"GRU":75,"NMANZ":1,"LMANZ":null,"NPARC":8,"LPARC":null,"OBJETO":"I033592","NOMBRE":"VELAZQUEZ ANA MARIA","AREA":null},"geometry":{"type":"Polygon","coordinates":[[[-58.23350701872051,-32.23136829441904],[-58.23358205673007,-32.23120213361432],[-58.23362005837339,-32.23111798421507],[-58.23391221102594,-32.23121635084063],[-58.233901005041545,-32.23111888617066],[-58.233248448926766,-32.23089545855577],[-58.23310098506876,-32.23123356478237],[-58.23350701872051,-32.23136829441904]]]}},{"type":"Feature","properties":{"ID":null,"NCP":"0100010000000652--017--","SEC":0,"GRU":0,"NMANZ":652,"LMANZ":null,"NPARC":17,"LPARC":null,"OBJETO":"I001717","NOMBRE":"BAUZA HORACIO J. Y OTRA POSEEDOR","AREA":null},"geometry":{"type":"Polygon","coordinates":[[[-58.149340349420704,-32.215586067459306],[-58.14957986880059,-32.215754728709165],[-58.14934525109828,-32.21558103663619],[-58.149340349420704,-32.215586067459306]]]}},{"type":"Feature","properties":{"ID":null,"NCP":"0100010000000321--021--","SEC":0,"GRU":0,"NMANZ":321,"LMANZ":null,"NPARC":21,"LPARC":null,"OBJETO":null,"NOMBRE":null,"AREA":null},"geometry":{"type":"Polygon","coordinates":[[[-58.156578750389485,-32.230087208669026],[-58.15651723295223,-32.23004322209063],[-58.15623115549843,-32.230332283573546],[-58.15629269439927,-32.23037624864727],[-58.156578750389485,-32.230087208669026]]]}},{"type":"Feature","properties":{"ID":null,"NCP":"0100010000000595--026--","SEC":0,"GRU":0,"NMANZ":595,"LMANZ":null,"NPARC":26,"LPARC":null,"OBJETO":"I003016","NOMBRE":"KENNEDY WALTER Y OTROS","AREA":null},"geometry":{"type":"Polygon","coordinates":[[[-58.14903712432173,-32.21947051608156],[-58.14897774000885,-32.21953006266143],[-58.14929135545179,-32.21974254170919],[-58.14934668257144,-32.21968721931405],[-58.14903712432173,-32.21947051608156]]]}},{"type":"Feature","properties":{"ID":null,"NCP":"0100010000000177--019--","SEC":0,"GRU":0,"NMANZ":177,"LMANZ":null,"NPARC":19,"LPARC":null,"OBJETO":null,"NOMBRE":null,"AREA":null},"geometry":{"type":"Polygon","coordinates":[[[-58.14163575336559,-32.21721815373568],[-58.14177105775123,-32.217085348593926],[-58.14165368765959,-32.217002314961526],[-58.14163955801114,-32.2170157596399],[-58.141523112783666,-32.216933380041674],[-58.141409124292615,-32.21704602491439],[-58.14163575336559,-32.21721815373568]]]}},{"type":"Feature","properties":{"ID":null,"NCP":"0100010151120000--003--","SEC":15,"GRU":112,"NMANZ":0,"LMANZ":null,"NPARC":3,"LPARC":null,"OBJETO":"I000293","NOMBRE":"MENDEZ JULIO CESAR","AREA":null},"geometry":{"type":"Polygon","coordinates":[[[-58.20761421621525,-32.261636692388656],[-58.20669846508085,-32.263719469185205],[-58.212088038292904,-32.265408754790116],[-58.21297477969047,-32.26331228844842],[-58.20761421621525,-32.261636692388656]]]}},{"type":"Feature","properties":{"ID":null,"NCP":"0100011020810538--018--","SEC":102,"GRU":81,"NMANZ":538,"LMANZ":null,"NPARC":18,"LPARC":null,"OBJETO":"I020095","NOMBRE":"SOSA DE CARDOZO MERCEDES","AREA":null},"geometry":{"type":"Polygon","coordinates":[[[-58.13824039029688,-32.23499918924705],[-58.13801110005961,-32.23524270867092],[-58.138190922850335,-32.235366233171185],[-58.13842021295186,-32.23512271341901],[-58.13824039029688,-32.23499918924705]]]}},{"type":"Feature","properties":{"ID":null,"NCP":"0100010000000593--013--","SEC":0,"GRU":0,"NMANZ":593,"LMANZ":null,"NPARC":13,"LPARC":null,"OBJETO":"I004911","NOMBRE":"AGUILAR LUIS JOSE  POSEEDOR","AREA":null},"geometry":{"type":"Polygon","coordinates":[[[-58.13815301302125,-32.23068282190487],[-58.13800270637156,-32.23057550894807],[-58.13792424273056,-32.23065381065971],[-58.13807396045764,-32.23076191844501],[-58.13815301302125,-32.23068282190487]]]}},{"type":"Feature","properties":{"ID":null,"NCP":"0100010000000755--020--","SEC":0,"GRU":0,"NMANZ":755,"LMANZ":null,"NPARC":20,"LPARC":null,"OBJETO":"I004911","NOMBRE":"AGUILAR LUIS JOSE  POSEEDOR","AREA":null},"geometry":{"type":"Polygon","coordinates":[[[-58.14612210919744,-32.21202772393951],[-58.14583950084338,-32.21231412198973],[-58.14593210901356,-32.21238334960513],[-58.14621561936676,-32.21209606929755],[-58.14612210919744,-32.21202772393951]]]}},{"type":"Feature","properties":{"ID":null,"NCP":"0100010000000159--021--","SEC":0,"GRU":0,"NMANZ":159,"LMANZ":null,"NPARC":21,"LPARC":null,"OBJETO":"I008739","NOMBRE":"SAPORITI ROBERTO OMAR Y OTR","AREA":null},"geometry":{"type":"Polygon","coordinates":[[[-58.13782482032947,-32.221917311600635],[-58.137608949466234,-32.22213296214563],[-58.137707158684556,-32.22220145528078],[-58.137733643953474,-32.22217497015461],[-58.13772557697553,-32.22216911903652],[-58.13790955467991,-32.22197852447634],[-58.13782482032947,-32.221917311600635]]]}},{"type":"Feature","properties":{"ID":null,"NCP":"0100010000000060--024--","SEC":0,"GRU":0,"NMANZ":60,"LMANZ":null,"NPARC":24,"LPARC":null,"OBJETO":"I000738","NOMBRE":"GRAS OSCAR MARIA","AREA":null},"geometry":{"type":"Polygon","coordinates":[[[-58.14176181714675,-32.227727589374766],[-58.14171286104796,-32.22777857471356],[-58.14185023779235,-32.22787814624189],[-58.14189946007702,-32.22782775941845],[-58.14176181714675,-32.227727589374766]]]}},{"type":"Feature","properties":{"ID":null,"NCP":"0100010000000730--018--","SEC":0,"GRU":0,"NMANZ":730,"LMANZ":null,"NPARC":18,"LPARC":null,"OBJETO":"I010351","NOMBRE":"AGUILERA MARIA SANTA POSEEDOR","AREA":null},"geometry":{"type":"Polygon","coordinates":[[[-58.14343456025537,-32.21588429682998],[-58.143318678785874,-32.21580126729003],[-58.143168550086976,-32.21595309239385],[-58.1432836603566,-32.216036679724795],[-58.14343456025537,-32.21588429682998]]]}},{"type":"Feature","properties":{"ID":null,"NCP":"0100010000000376--038--","SEC":0,"GRU":0,"NMANZ":376,"LMANZ":null,"NPARC":38,"LPARC":null,"OBJETO":"I005043","NOMBRE":"ZUCARIAS FORTUNATO ASHAD","AREA":null},"geometry":{"type":"Polygon","coordinates":[[[-58.15587114556014,-32.22835537182188],[-58.155791908471805,-32.22843540304176],[-58.15593889133386,-32.228539661820726],[-58.1560195559258,-32.228460372610044],[-58.15587114556014,-32.22835537182188]],[[-58.15587346942141,-32.2283588560442],[-58.156010894831965,-32.22845716246248],[-58.15593598282173,-32.22853282536943],[-58.155800469409584,-32.22843321654313],[-58.15587346942141,-32.2283588560442]]]}},{"type":"Feature","properties":{"ID":null,"NCP":"0100010000000055--028--","SEC":0,"GRU":0,"NMANZ":55,"LMANZ":null,"NPARC":28,"LPARC":null,"OBJETO":null,"NOMBRE":null,"AREA":null},"geometry":{"type":"Polygon","coordinates":[[[-58.140959012327926,-32.22953328204663],[-58.14088719292666,-32.2296023238497],[-58.14129376497115,-32.22989022578143],[-58.141362930075665,-32.22981970736683],[-58.140959012327926,-32.22953328204663]]]}},{"type":"Feature","properties":{"ID":null,"NCP":"0100010000000197--024--","SEC":0,"GRU":0,"NMANZ":197,"LMANZ":null,"NPARC":24,"LPARC":null,"OBJETO":"I007568","NOMBRE":"JOANNAS DELMA HONORARIA POSEEDOR","AREA":null},"geometry":{"type":"Polygon","coordinates":[[[-58.13461492786254,-32.220472210483265],[-58.13445160725781,-32.22064362436452],[-58.13451649727721,-32.22068965236703],[-58.13468320583349,-32.22052097495411],[-58.13461492786254,-32.220472210483265]]]}},{"type":"Feature","properties":{"ID":null,"NCP":"0100010000000527--020--","SEC":0,"GRU":0,"NMANZ":527,"LMANZ":null,"NPARC":20,"LPARC":null,"OBJETO":null,"NOMBRE":null,"AREA":null},"geometry":{"type":"Polygon","coordinates":[[[-58.142484945647425,-32.232723018290365],[-58.142671127651724,-32.232533569351695],[-58.14258346835079,-32.2324709049149],[-58.14239628714411,-32.23266007163657],[-58.142484945647425,-32.232723018290365]]]}},{"type":"Feature","properties":{"ID":null,"NCP":"0100010000000749--002--","SEC":0,"GRU":0,"NMANZ":749,"LMANZ":null,"NPARC":2,"LPARC":null,"OBJETO":"I006249","NOMBRE":"MUNICIPALIDAD DE COLON Y OTROS","AREA":null},"geometry":{"type":"Polygon","coordinates":[[[-58.13176329401842,-32.22580113231833],[-58.13110822255414,-32.226463571538076],[-58.13187791686896,-32.22701352550979],[-58.132535313803125,-32.22635274471229],[-58.13176329401842,-32.22580113231833]]]}},{"type":"Feature","properties":{"ID":null,"NCP":"0100010180030000--046--","SEC":18,"GRU":3,"NMANZ":0,"LMANZ":null,"NPARC":46,"LPARC":null,"OBJETO":"I030145","NOMBRE":"BERTHET JORGE RAUL Y OTRA","AREA":null},"geometry":{"type":"Polygon","coordinates":[[[-58.207943538142935,-32.30029043462866],[-58.20163240961292,-32.30004876046606],[-58.20186031838725,-32.30057780293358],[-58.20817542633081,-32.30087961982218],[-58.207943538142935,-32.30029043462866]]]}},{"type":"Feature","properties":{"ID":null,"NCP":"0100010000000054--023--","SEC":0,"GRU":0,"NMANZ":54,"LMANZ":null,"NPARC":23,"LPARC":null,"OBJETO":"I033801","NOMBRE":"MUNICIPALIDAD DE COLON","AREA":null},"geometry":{"type":"Polygon","coordinates":[[[-58.14180140854934,-32.22848237618864],[-58.14162666147036,-32.22835689787377],[-58.14155021643705,-32.22843414357415],[-58.14172011328411,-32.22855848205047],[-58.14180140854934,-32.22848237618864]]]}},{"type":"Feature","properties":{"ID":null,"NCP":"0100010000000203--017--","SEC":0,"GRU":0,"NMANZ":203,"LMANZ":null,"NPARC":17,"LPARC":null,"OBJETO":null,"NOMBRE":null,"AREA":null},"geometry":{"type":"Polygon","coordinates":[[[-58.138442670128555,-32.21706416288886],[-58.138218934952825,-32.217290309161676],[-58.13829436686055,-32.21734538171465],[-58.13852375518632,-32.217112444932134],[-58.138448841872105,-32.21705792461404],[-58.138442670128555,-32.21706416288886]]]}},{"type":"Feature","properties":{"ID":null,"NCP":"0100010000000755--021--","SEC":0,"GRU":0,"NMANZ":755,"LMANZ":null,"NPARC":21,"LPARC":null,"OBJETO":null,"NOMBRE":null,"AREA":null},"geometry":{"type":"Polygon","coordinates":[[[-58.145880028565216,-32.21252640802409],[-58.14577791156913,-32.21262639449911],[-58.14601823174195,-32.21280379910475],[-58.14612022254639,-32.21270371124962],[-58.145880028565216,-32.21252640802409]]]}},{"type":"Feature","properties":{"ID":null,"NCP":"0100010090700000--006--","SEC":9,"GRU":70,"NMANZ":0,"LMANZ":null,"NPARC":6,"LPARC":null,"OBJETO":null,"NOMBRE":null,"AREA":null},"geometry":{"type":"Polygon","coordinates":[[[-58.22414281357464,-32.2516374538451],[-58.22312551448478,-32.25405997927498],[-58.223818287885805,-32.255754897299084],[-58.22403846938849,-32.25582125200199],[-58.225701541976214,-32.25214370426293],[-58.22414281357464,-32.2516374538451]]]}},{"type":"Feature","properties":{"ID":null,"NCP":"0100010000000577--025--","SEC":0,"GRU":0,"NMANZ":577,"LMANZ":null,"NPARC":25,"LPARC":null,"OBJETO":null,"NOMBRE":null,"AREA":null},"geometry":{"type":"Polygon","coordinates":[[[-58.15049069087839,-32.22041201836911],[-58.150622300559796,-32.220505479039815],[-58.15069055115939,-32.22043462070013],[-58.15055927625179,-32.220342165576554],[-58.15049069087839,-32.22041201836911]],[[-58.15069024540642,-32.220434616225646],[-58.15062218473392,-32.22050508383757],[-58.15049155368058,-32.22041202745212],[-58.15055945628571,-32.22034425723503],[-58.15069024540642,-32.220434616225646]]]}},{"type":"Feature","properties":{"ID":null,"NCP":"0100010030750004--012--","SEC":3,"GRU":75,"NMANZ":4,"LMANZ":null,"NPARC":12,"LPARC":null,"OBJETO":null,"NOMBRE":null,"AREA":null},"geometry":{"type":"Polygon","coordinates":[[[-58.23337281241112,-32.23268415838658],[-58.23322544126524,-32.23302229465357],[-58.233618678860715,-32.23315761407079],[-58.23376604881478,-32.23281947730812],[-58.23337281241112,-32.23268415838658]]]}},{"type":"Feature","properties":{"ID":null,"NCP":"0100010000000019--026--","SEC":0,"GRU":0,"NMANZ":19,"LMANZ":null,"NPARC":26,"LPARC":null,"OBJETO":"I002910","NOMBRE":"FLEITAS JORGE LUIS","AREA":null},"geometry":{"type":"Polygon","coordinates":[[[-58.14807949139184,-32.2251914736757],[-58.14805916991192,-32.22521181046686],[-58.148108015004034,-32.22524688809318],[-58.14812562329933,-32.225230040263625],[-58.14807949139184,-32.2251914736757]]]}},{"type":"Feature","properties":{"ID":null,"NCP":"0100010000000054--024--","SEC":0,"GRU":0,"NMANZ":54,"LMANZ":null,"NPARC":24,"LPARC":null,"OBJETO":"I004599","NOMBRE":"AGUIRRE GREGORIO SUC.","AREA":null},"geometry":{"type":"Polygon","coordinates":[[[-58.14180140854934,-32.22848237618864],[-58.14172011328411,-32.22855848205047],[-58.14155021643705,-32.22843414357415],[-58.14153765376116,-32.22844683781089],[-58.141881155840174,-32.228693712139986],[-58.14196849348679,-32.22860297182669],[-58.14180140854934,-32.22848237618864]]]}},{"type":"Feature","properties":{"ID":null,"NCP":"0100010000000421--013--","SEC":0,"GRU":0,"NMANZ":421,"LMANZ":null,"NPARC":13,"LPARC":null,"OBJETO":"I006025","NOMBRE":"GHENZI DELBI FELISA","AREA":null},"geometry":{"type":"Polygon","coordinates":[[[-58.147007571280255,-32.233345850373695],[-58.14695256128913,-32.233400755237895],[-58.147113467869524,-32.23351822814356],[-58.14716953236885,-32.23346409935427],[-58.147007571280255,-32.233345850373695]]]}},{"type":"Feature","properties":{"ID":null,"NCP":"0100010000000147--027--","SEC":0,"GRU":0,"NMANZ":147,"LMANZ":null,"NPARC":27,"LPARC":null,"OBJETO":null,"NOMBRE":null,"AREA":null},"geometry":{"type":"Polygon","coordinates":[[[-58.141253242841394,-32.219317599511015],[-58.141135921553065,-32.21943572551326],[-58.14136396743595,-32.219603213900506],[-58.14148025767503,-32.21948435324543],[-58.141253242841394,-32.219317599511015]]]}},{"type":"Feature","properties":{"ID":null,"NCP":"0100010000000731--026--","SEC":0,"GRU":0,"NMANZ":731,"LMANZ":null,"NPARC":26,"LPARC":null,"OBJETO":"I031491","NOMBRE":"GIMENEZ MONICA GLADIS","AREA":null},"geometry":{"type":"Polygon","coordinates":[[[-58.14448324969192,-32.21462852861379],[-58.14433372406978,-32.21478309226886],[-58.14440250383767,-32.21482950434922],[-58.14455709000432,-32.214680613931094],[-58.14448324969192,-32.21462852861379]]]}},{"type":"Feature","properties":{"ID":null,"NCP":"0100010000000517--018--","SEC":0,"GRU":0,"NMANZ":517,"LMANZ":null,"NPARC":18,"LPARC":null,"OBJETO":"I031491","NOMBRE":"GIMENEZ MONICA GLADIS","AREA":null},"geometry":{"type":"Polygon","coordinates":[[[-58.15573886968161,-32.220902383843175],[-58.15556109302255,-32.22107893056799],[-58.155627874363304,-32.22112917730154],[-58.15571770355929,-32.22103996964473],[-58.155891222234864,-32.2211662331083],[-58.155980493240804,-32.221076933813805],[-58.15573886968161,-32.220902383843175]]]}},{"type":"Feature","properties":{"ID":null,"NCP":"0100010000000180--027--","SEC":0,"GRU":0,"NMANZ":180,"LMANZ":null,"NPARC":27,"LPARC":null,"OBJETO":"I032748","NOMBRE":"LUNA CARLOS MARIA Y OTROS","AREA":null},"geometry":{"type":"Polygon","coordinates":[[[-58.14065292145743,-32.21613749129676],[-58.140758355294054,-32.21621935589037],[-58.14081723237305,-32.21616205648077],[-58.14086474588398,-32.21611546420841],[-58.140761269445846,-32.2160394527849],[-58.14065292145743,-32.21613749129676]]]}},{"type":"Feature","properties":{"ID":null,"NCP":"0100010000000730--019--","SEC":0,"GRU":0,"NMANZ":730,"LMANZ":null,"NPARC":19,"LPARC":null,"OBJETO":"I005706","NOMBRE":"ZAMPALLO MAURICIO CANDIDO","AREA":null},"geometry":{"type":"Polygon","coordinates":[[[-58.1432836603566,-32.216036679724795],[-58.143396539507634,-32.21611864668386],[-58.1435710681259,-32.215934889133074],[-58.14346185859018,-32.21585673013947],[-58.14343456025537,-32.21588429682998],[-58.1432836603566,-32.216036679724795]]]}},{"type":"Feature","properties":{"ID":null,"NCP":"0100010000000111--025--","SEC":0,"GRU":0,"NMANZ":111,"LMANZ":null,"NPARC":25,"LPARC":null,"OBJETO":"I010554","NOMBRE":"SCHESI GUSTAVO JAVIER","AREA":null},"geometry":{"type":"Polygon","coordinates":[[[-58.138452397707255,-32.22572826814218],[-58.13839154454521,-32.225685283011806],[-58.13825051229453,-32.225824938588495],[-58.13831068491652,-32.22586859770252],[-58.138452397707255,-32.22572826814218]]]}},{"type":"Feature","properties":{"ID":null,"NCP":"0100010000000611--023--","SEC":0,"GRU":0,"NMANZ":611,"LMANZ":null,"NPARC":23,"LPARC":null,"OBJETO":null,"NOMBRE":null,"AREA":null},"geometry":{"type":"Polygon","coordinates":[[[-58.13726014280814,-32.23067721269578],[-58.137474069077086,-32.230826797235714],[-58.13753895596733,-32.23075894468126],[-58.137334022966684,-32.23060258503306],[-58.13726014280814,-32.23067721269578]]]}},{"type":"Feature","properties":{"ID":null,"NCP":"0100010000000148--026--","SEC":0,"GRU":0,"NMANZ":148,"LMANZ":null,"NPARC":26,"LPARC":null,"OBJETO":"I032907","NOMBRE":"PREMAT JORGE LORENZO","AREA":null},"geometry":{"type":"Polygon","coordinates":[[[-58.142132387200284,-32.218435981067124],[-58.14207316558759,-32.21849552669646],[-58.14242498416517,-32.21874633675523],[-58.142483923085585,-32.21868658946709],[-58.142132387200284,-32.218435981067124]]]}},{"type":"Feature","properties":{"ID":null,"NCP":"0100010000000406--037--","SEC":0,"GRU":0,"NMANZ":406,"LMANZ":null,"NPARC":37,"LPARC":null,"OBJETO":"I030952","NOMBRE":"ALLASSIA YEATES MABEL YOLANDA Y OTRO","AREA":null},"geometry":{"type":"Polygon","coordinates":[[[-58.1563435922481,-32.226129751541414],[-58.156279435526244,-32.22619342447825],[-58.15642951890163,-32.22630268947914],[-58.15649380909063,-32.226239114535794],[-58.1563435922481,-32.226129751541414]]]}},{"type":"Feature","properties":{"ID":null,"NCP":"0100010000000712--021--","SEC":0,"GRU":0,"NMANZ":712,"LMANZ":null,"NPARC":21,"LPARC":null,"OBJETO":null,"NOMBRE":null,"AREA":null},"geometry":{"type":"Polygon","coordinates":[[[-58.14723320083873,-32.21451663702818],[-58.14731753913585,-32.2144308818615],[-58.14707129397881,-32.214259678292755],[-58.14698558430719,-32.21434446497003],[-58.14723320083873,-32.21451663702818]]]}},{"type":"Feature","properties":{"ID":null,"NCP":"0100010000000024--028--","SEC":0,"GRU":0,"NMANZ":24,"LMANZ":null,"NPARC":28,"LPARC":null,"OBJETO":null,"NOMBRE":null,"AREA":null},"geometry":{"type":"Polygon","coordinates":[[[-58.14481293387527,-32.228527630402475],[-58.144622109177746,-32.22871390394347],[-58.14466276803439,-32.22874283679835],[-58.14485292359924,-32.228557229315925],[-58.14481293387527,-32.228527630402475]]]}},{"type":"Feature","properties":{"ID":null,"NCP":"0100010000000690--026--","SEC":0,"GRU":0,"NMANZ":690,"LMANZ":null,"NPARC":26,"LPARC":null,"OBJETO":null,"NOMBRE":null,"AREA":null},"geometry":{"type":"Polygon","coordinates":[[[-58.147040522329334,-32.21557136730422],[-58.146954547907235,-32.21565712874315],[-58.14729702340792,-32.21590525626904],[-58.14738138268403,-32.21581834317755],[-58.147040522329334,-32.21557136730422]]]}},{"type":"Feature","properties":{"ID":null,"NCP":"0100010000000474--022--","SEC":0,"GRU":0,"NMANZ":474,"LMANZ":null,"NPARC":22,"LPARC":null,"OBJETO":null,"NOMBRE":null,"AREA":null},"geometry":{"type":"Polygon","coordinates":[[[-58.14540548220087,-32.23279598371341],[-58.145313534798994,-32.2328880891825],[-58.145540329462165,-32.23305102886053],[-58.14563227681618,-32.23295892322616],[-58.14540548220087,-32.23279598371341]]]}},{"type":"Feature","properties":{"ID":null,"NCP":"0100010030750005--010--","SEC":3,"GRU":75,"NMANZ":5,"LMANZ":null,"NPARC":10,"LPARC":null,"OBJETO":null,"NOMBRE":null,"AREA":null},"geometry":{"type":"Polygon","coordinates":[[[-58.23359932894014,-32.232178365686146],[-58.23356500175223,-32.23225833591667],[-58.234088540393415,-32.232425447878526],[-58.23407206015094,-32.23232496456971],[-58.23359932894014,-32.232178365686146]]]}},{"type":"Feature","properties":{"ID":null,"NCP":"0100010000000125--024--","SEC":0,"GRU":0,"NMANZ":125,"LMANZ":null,"NPARC":24,"LPARC":null,"OBJETO":null,"NOMBRE":null,"AREA":null},"geometry":{"type":"Polygon","coordinates":[[[-58.14341291798327,-32.21923501336371],[-58.143237681483235,-32.21910793237579],[-58.143065039433004,-32.21898273230436],[-58.14297038799113,-32.21907736969654],[-58.14331582913399,-32.219331763529574],[-58.14341291798327,-32.21923501336371]]]}},{"type":"Feature","properties":{"ID":null,"NCP":"0100010000000183--028--","SEC":0,"GRU":0,"NMANZ":183,"LMANZ":null,"NPARC":28,"LPARC":null,"OBJETO":null,"NOMBRE":null,"AREA":null},"geometry":{"type":"Polygon","coordinates":[[[-58.137938582362345,-32.21827589270588],[-58.13784742284555,-32.21836984067115],[-58.13785080303794,-32.21840134398526],[-58.13791072424221,-32.21844416861469],[-58.13801806945743,-32.2183332155115],[-58.137938582362345,-32.21827589270588]]]}},{"type":"Feature","properties":{"ID":null,"NCP":"0100010000000559--023--","SEC":0,"GRU":0,"NMANZ":559,"LMANZ":null,"NPARC":23,"LPARC":null,"OBJETO":"I002910","NOMBRE":"FLEITAS JORGE LUIS","AREA":null},"geometry":{"type":"Polygon","coordinates":[[[-58.151005430874626,-32.22139107651001],[-58.150895804353496,-32.22150087558471],[-58.15101752138133,-32.221589321672646],[-58.1511264170805,-32.2214798930514],[-58.151005430874626,-32.22139107651001]]]}},{"type":"Feature","properties":{"ID":null,"NCP":"0100010000000517--019--","SEC":0,"GRU":0,"NMANZ":517,"LMANZ":null,"NPARC":19,"LPARC":null,"OBJETO":null,"NOMBRE":null,"AREA":null},"geometry":{"type":"Polygon","coordinates":[[[-58.15594136409775,-32.22068991603167],[-58.15577585477358,-32.22085428137218],[-58.15593456027714,-32.220969754720386],[-58.15600323011054,-32.22090106292944],[-58.15609184870944,-32.22096554271262],[-58.156187986282816,-32.2208693740675],[-58.15594136409775,-32.22068991603167]]]}},{"type":"Feature","properties":{"ID":null,"NCP":"0100010000000634--019--","SEC":0,"GRU":0,"NMANZ":634,"LMANZ":null,"NPARC":19,"LPARC":null,"OBJETO":"I002555","NOMBRE":"VIOLLAZ ADRIANA CAROLINA Y OTROS","AREA":null},"geometry":{"type":"Polygon","coordinates":[[[-58.149588361146506,-32.21628185940649],[-58.14940536582166,-32.216467369889656],[-58.14958057578256,-32.21659538299925],[-58.14947078705518,-32.21669669445369],[-58.14954529490148,-32.21675036590142],[-58.14965137855784,-32.21664661011795],[-58.14983581475705,-32.21646160432297],[-58.149588361146506,-32.21628185940649]]]}},{"type":"Feature","properties":{"ID":null,"NCP":"0100010000000524--002--","SEC":0,"GRU":0,"NMANZ":524,"LMANZ":null,"NPARC":2,"LPARC":null,"OBJETO":"I001990","NOMBRE":"GUIOT DE NAVARRO ANA MARIA Y OTRO","AREA":null},"geometry":{"type":"Polygon","coordinates":[[[-58.13987113850074,-32.23304429737943],[-58.139778793572155,-32.23313611490283],[-58.139934300651134,-32.23324910935822],[-58.14002694914213,-32.233154324612485],[-58.13987113850074,-32.23304429737943]]]}},{"type":"Feature","properties":{"ID":null,"NCP":"0100010063540000--092--","SEC":6,"GRU":354,"NMANZ":0,"LMANZ":null,"NPARC":92,"LPARC":null,"OBJETO":"I030703","NOMBRE":"HEIS JUANA MARGARITA Y OTRO","AREA":null},"geometry":{"type":"Polygon","coordinates":[[[-58.160134623960346,-32.21025025945156],[-58.15993896981049,-32.210715409631405],[-58.160288957088355,-32.210821849322514],[-58.16040081184826,-32.21033527055787],[-58.160134623960346,-32.21025025945156]]]}},{"type":"Feature","properties":{"ID":null,"NCP":"0100010000000016--023--","SEC":0,"GRU":0,"NMANZ":16,"LMANZ":null,"NPARC":23,"LPARC":null,"OBJETO":"I009529","NOMBRE":"RICHARD LUIS MARIO POSEEDOR","AREA":null},"geometry":{"type":"Polygon","coordinates":[[[-58.15026399963372,-32.223602768194034],[-58.15026291992939,-32.22359948002021],[-58.150261708444646,-32.22359622519118],[-58.15026036659953,-32.223593007521984],[-58.15025889596682,-32.22358983078414],[-58.15025729827031,-32.223586698701176],[-58.15025557538272,-32.22358361494425],[-58.15025372932351,-32.223580583127934],[-58.15025176225645,-32.22357760680588],[-58.15024967648726,-32.22357468946673],[-58.15024747446068,-32.22357183452992],[-58.150245158757805,-32.22356904534178],[-58.1502427320929,-32.223566325171625],[-58.15024019731036,-32.22356367720782],[-58.15023755738122,-32.223561104554065],[-58.15023481539984,-32.22355861022586],[-58.150231974580166,-32.22355619714684],[-58.15022903825198,-32.22355386814545],[-58.150226009857036,-32.223551625951536],[-58.15022289294498,-32.22354947319323],[-58.150219691169234,-32.223547412393856],[-58.15021640828266,-32.223545445968874],[-58.1502130481332,-32.223543576223214],[-58.150209614659374,-32.22354180534842],[-58.15020611188562,-32.22354013542017],[-58.15020254391764,-32.22353856839584],[-58.15019891493752,-32.22353710611215],[-58.150195229198864,-32.223535750283084],[-58.15019149102179,-32.22353450249786],[-58.15018770478791,-32.22353336421901],[-58.15018387493518,-32.223532336780714],[-58.150180005952606,-32.223531421387285],[-58.15017610237513,-32.22353061911167],[-58.1501721687782,-32.223529930894216],[-58.15016820977248,-32.22352935754161],[-58.15016422999841,-32.223528899725906],[-58.15026399963372,-32.223602768194034]]]}},{"type":"Feature","properties":{"ID":null,"NCP":"0100010000000055--027--","SEC":0,"GRU":0,"NMANZ":55,"LMANZ":null,"NPARC":27,"LPARC":null,"OBJETO":"I033277","NOMBRE":"SANTINI JAVIER ANDRES","AREA":null},"geometry":{"type":"Polygon","coordinates":[[[-58.14116756071098,-32.229322608624976],[-58.14109504026491,-32.229394963622404],[-58.14149875843927,-32.229681234544366],[-58.141569385605635,-32.22960922619024],[-58.14116756071098,-32.229322608624976]]]}},{"type":"Feature","properties":{"ID":null,"NCP":"0100010000000283--011--","SEC":0,"GRU":0,"NMANZ":283,"LMANZ":null,"NPARC":11,"LPARC":null,"OBJETO":null,"NOMBRE":null,"AREA":null},"geometry":{"type":"Polygon","coordinates":[[[-58.158596790217594,-32.230659870850864],[-58.15852110369879,-32.23073768339724],[-58.15890878162139,-32.231010118090644],[-58.15895079464102,-32.23090864195955],[-58.158596790217594,-32.230659870850864]]]}},{"type":"Feature","properties":{"ID":null,"NCP":"0100010000000301--016--","SEC":0,"GRU":0,"NMANZ":301,"LMANZ":null,"NPARC":16,"LPARC":null,"OBJETO":null,"NOMBRE":null,"AREA":null},"geometry":{"type":"Polygon","coordinates":[[[-58.15772332918711,-32.230038796633025],[-58.15764852423295,-32.23011723000006],[-58.15835060783831,-32.23061017212324],[-58.158426819532906,-32.230532730886985],[-58.15772332918711,-32.230038796633025]]]}},{"type":"Feature","properties":{"ID":null,"NCP":"0100011030000030--002--","SEC":103,"GRU":0,"NMANZ":30,"LMANZ":null,"NPARC":2,"LPARC":null,"OBJETO":null,"NOMBRE":null,"AREA":null},"geometry":{"type":"Polygon","coordinates":[[[-58.234650930424486,-32.29396712541427],[-58.23435279778477,-32.293907069057795],[-58.23424675096561,-32.29428687097581],[-58.234544884754854,-32.2943469276207],[-58.234650930424486,-32.29396712541427]]]}},{"type":"Feature","properties":{"ID":null,"NCP":"0100010000000580--038--","SEC":0,"GRU":0,"NMANZ":580,"LMANZ":null,"NPARC":38,"LPARC":null,"OBJETO":"I005106","NOMBRE":"ZUCARIA FORTUNATO ASHAD","AREA":null},"geometry":{"type":"Polygon","coordinates":[[[-58.152462731911235,-32.218688162609645],[-58.152534117055104,-32.218617720346124],[-58.15235901472393,-32.21848951999053],[-58.15229006676855,-32.21855918073593],[-58.152462731911235,-32.218688162609645]]]}},{"type":"Feature","properties":{"ID":null,"NCP":"0100010000000089--021--","SEC":0,"GRU":0,"NMANZ":89,"LMANZ":null,"NPARC":21,"LPARC":null,"OBJETO":"I001300","NOMBRE":"OTERO CAROLINA ANA VALERIA Y OTRO","AREA":null},"geometry":{"type":"Polygon","coordinates":[[[-58.14375876585494,-32.22340920366704],[-58.14375074099384,-32.223282988806446],[-58.14364019825269,-32.223159382287506],[-58.14354425086261,-32.22325569864967],[-58.14375876585494,-32.22340920366704]]]}},{"type":"Feature","properties":{"ID":null,"NCP":"0100010000000580--039--","SEC":0,"GRU":0,"NMANZ":580,"LMANZ":null,"NPARC":39,"LPARC":null,"OBJETO":"I032801","NOMBRE":"WALSER JOSE LUIS","AREA":null},"geometry":{"type":"Polygon","coordinates":[[[-58.152462731911235,-32.218688162609645],[-58.15229006676855,-32.21855918073593],[-58.15222398644936,-32.2186260479165],[-58.15239584769315,-32.218754428020574],[-58.152462731911235,-32.218688162609645]]]}},{"type":"Feature","properties":{"ID":null,"NCP":"0100010000000024--029--","SEC":0,"GRU":0,"NMANZ":24,"LMANZ":null,"NPARC":29,"LPARC":null,"OBJETO":null,"NOMBRE":null,"AREA":null},"geometry":{"type":"Polygon","coordinates":[[[-58.14487868872902,-32.228033198916016],[-58.14480910239523,-32.228103113892615],[-58.14489015326567,-32.22815957308554],[-58.1449565049234,-32.22809191647502],[-58.14487868872902,-32.228033198916016]]]}},{"type":"Feature","properties":{"ID":null,"NCP":"0100010000000171--014--","SEC":0,"GRU":0,"NMANZ":171,"LMANZ":null,"NPARC":14,"LPARC":null,"OBJETO":null,"NOMBRE":null,"AREA":null},"geometry":{"type":"Polygon","coordinates":[[[-58.137306317148024,-32.22066920842083],[-58.13712038284624,-32.22084504208693],[-58.137207603671236,-32.22090970404691],[-58.137167718489124,-32.22095021873321],[-58.13726697811948,-32.221020433000675],[-58.137406314686984,-32.220878146427],[-58.13738580870843,-32.22086451825573],[-58.137395694772366,-32.22085465040834],[-58.13736984290199,-32.22083593442976],[-58.13740290620233,-32.22080293204027],[-58.137368073580134,-32.22077771392508],[-58.137404508418584,-32.220740507524724],[-58.137306317148024,-32.22066920842083]]]}}]}