MES,LEGAJO,EXPEDIENTE,INGRESO,CONDICION del trámite,Plano de Mensura,Partida Provincial,Partida Municipal,Concesión,Ex-Quinta,Manzana,Parcela,Zonificación,Ubicación,Propietario,Nombre del Establecimiento y/o empresa,Proyecto,Dirección de obra,Estructura,Constructor,RELEVAMIENTO o existente,A CONTRUIR / OBRA NUEVA,AMPLIACION de obra existente,PROYECTADO (no iniciado),USO,Cantidad de Habitaciones (dormitorios) Existente,Cantidad de Habitaciones (dormitorios) Nuevas,"Locales de 1º, Habitables Existente","Locales de 1º, Habitables Nuevos",N° de Plazas Existente,N° de Plazas Nuevas,M² existentes (con antecedente) Vivienda,M² existentes (con antecedente) Local,M² existentes (relevados) Vivienda,M² existentes (relevados) Local,M²     (a construir Vivienda,M²     (a construir Local,Terreno,F. O. S.,F. O. T.,CATEGORIA,Monto de la Inversión (estimado y/o declarado),Derechos de edificación,TITULO PROFESIONAL,Observaciones,VISADO,FINAL OBRA,AVANCE DE OBRA
ENERO,1,568973,2024-12-26 00:00:00,RELEVAMIENTO,46476,149441,32320,3,,2,10,Urbana,Calle Ibirá Pita s/Nº - Los Bretes,LEDESMA Juan Facundo,,ZARAGOZA Víctor Andrés,,,,1,,,,Vivienda unifamiliar,3,,5,,6,,242.145,,,,,,803.25,0.2935698723934018,0.30145658263305325,,3500000,189680,ING. CIVIL,"relevamiento de piscina, vivienda existente con planos, BAJO ORD 27/10, art 1, punto 2, inc 2, Infraccion CE art 5, 27, 37",2025-01-27 00:00:00,,2025-01-08 00:00:00
,2,"mail, 569292",2024-05-27 00:00:00,RELEVAMIENTO,42291,140477,31815,2,,,73,Periurbana,Seraohin Degeneve s/Nº,DIAZ Luis Alberto,,PACCOT Javier Humberto y BLANC Maximiliano G.,,,,1,,,,Vivienda unifamiliar,2,,3,,4,,,,152.25,,,,338,0.4810355029585799,0.4504437869822485,,37341298.09375,561219.5,ARQ.,"relevamiento de vivienda unifamiliar y piscina, en PA tres dormitorios y baño, balcon, en PB un dormitorio, lavadero, cocina comedor estar, semicubierto, parrilla, piscina, BAJO ORD 27/10, art 1, punto 2, inc 2 y 3, Infraccion ORD 130/22, art 21, CE art 5, 27, 37, 223, 232, 233",2025-01-27 00:00:00,,2025-01-16 00:00:00
,3,"mail, 568966",2023-08-18 00:00:00,A CONSTRUIR,,,31097,274,,,1,Urbana,Calle Privada s/Nº - Los Bretes,ZAPATA MOLAS Priscila,,POVEDANO Rodrigo,POVEDANO Rodrigo,POVEDANO Rodrigo,LEZCANO Luís,,1,,,Piscina - Quincho,,,,,,,,,,,65.66,,1106.5,0.059340262087663805,0.059340262087663805,,131588.19,749000,ARQ.,"piscina y quincho a construir, BAJO ORD 27/10, art 1, punto 2, inc 2, Infraccion CE art 5, 27, 37",2025-01-27 00:00:00,,"16/1/25, terminado"
,4,"mail, 569336",2024-07-24 00:00:00,RELEVAMIENTO,29923,912,4514,,,91,7,Centro,"E. Gouchón Nº 252, 529 (antes 513)",CHOQUE CONDORI Susana,,PERNO RENZI María José,,,,2,,1,,Vivienda multifamiliar + Local comercial,4,,6,,8,,110.51999999999998,184.8,84.06,,,,225.6,0.8191489361702128,1.6816489361702127,,21732528.51818182,334874.25,ARQ.,"relevamiento de ampliación realizada sin permiso, 3º piso, vivienda unifamiliar accesible a través de la viienda de la planta inferior, cuenta con un dormitorio, baño, cocina comedor estar, ademas se ejecuto jacuzzi en terraza, BAJO ORD 27/10, art 1, punto 2, inc 2, Infraccion CE art 10, 27, 37, 176, 179, 223 226, 232, 233 del CE, ORD 53/07",2025-01-27 00:00:00,,"terminada, 13/01/25"
,5,568744,3457-03-01 00:00:00,RELEVAMIENTO,56551,159477,21130,41,,394,5,Urbana,Tucumán Nº  1092 y 1096,"CAIRE Gustavo Germán, Luís Marcelo y Juan Pablo",,CAIRE Gustavo Germán,,,,3,,,,Vivienda multifamiliar,4,,7,,8,,,,148.73000000000002,,,,1168.52,0.153382055934002,0.12728066271865268,3.375,26073692.697,543357.14,ING. CIVIL,"relevamiento de tres unidades de vivienda, una cabaña de un dormitorio, cocina comedor y baño en la esquina, una vivienda tradicional de un dormitorio, baño, cocina comedor, cochera semicubierta y otra vivienda de dos dormitorios, baño cocina comedor, dos cocheras semicubiertas separadas, BAJO ORD 27/10, art 1, punto 2,.inc 2, Infraccion CE art 5, 27, 37, 144, 151, 176, 178, 201",2025-01-27 00:00:00,,2024-12-17 00:00:00
,6,568490,2024-12-06 00:00:00,A CONSTRUIR,54747,101570,2513,,,751,3,Urbana,Bvard Gaillard esq. Lavalle,LUNA Carlos Miguel,,ZARAGOZA Víctor Andrés,ZARAGOZA Víctor Andrés,ZARAGOZA Víctor Andrés,PONTELA José,,1,,,"Moviviemnto de suelo, pluviales",,,,,,,,,,,,,510.96,,,,3445427.03,59470.55,ING. CIVIL,"movimiento de suelos, terraplenamiento, nivelación, ejecución de pluviales e impèrmeabilización de medianeras, tres denuncia de vecino por infiltraciones a su propiedad, desplazan la tieera de rrelleno lejos de la medianera y ejecutan un pluvial hacia Gaillard",2025-01-27 00:00:00,,"14/10/24, no comenzada"
,7,569699,2025-01-22 00:00:00,RELEVAMIENTO,55863,141721,32091,223,,6,1,PeriUrbana,Calle Pública s/Nº,schefski Viviana Erika y BONI Jorge Ruben,,CABRAL Fernando Antonio,,,,2,,,,Vivienda multifamiliar,3,,4,,6,,,,154.86,,,,1596.4,0.11473314958656977,0.09700576296667503,,34121593.767000005,591486.66,ING. CIVIL,"relevamiento de una vivienda de dos dormitorios, baño, cocina comedor estar, galeria semicubierta / cochera lateral, un monoambiente y depósito al fondo, piscina , BAJO ORD 27/1, art 1, punto 2, inc 2 y 3, Infraccion Ord 130/22, art 21, CE art 5, 27, 37, 178, 236",2025-01-29 00:00:00,,2025-01-23 00:00:00
,8,568100,2024-11-26 00:00:00,A CONSTRUIR,61780,149209,g,,,282,12,Urbana,Cabo Pereyra N° 155 y 157 esq Gouchón,VIOLLAZ Fabián Lucas Martín y FAN RODRIGUEZ Marcela,,MORARD Manuel A.,MORARD Manuel A.,MORARD Manuel A.,no identificado,,2,,,Local comercial,,,,,,,,,,,,138.4,376.06,0.36802637876934535,0.36802637876934535,,0,88608.32,ING. CONST.,"dos locales comerciales a construir, cada uno con un baño de un inodoro y un kitchinette",2025-01-29 00:00:00,,"2/12/24, baldío",,,,,,,,,,,,,,,,,,,,,,,,,,,,,,,,,,,,,,,,,,,,,,,,,,,,,,,,,,,,,,,,,,,,,,,,,,,,,,,,,,,,,,,,,,,,,,,,,,,,,,,,,,,,,,,,,,,,,,,,,,,,,,,,,,,,,,,,,,,,,,,,,,,,,,,,,,,,,,,,,,,,,,,,,,,,,,,,,,,,,,,,,,,,,,,,,,,,,,,,,,,,,,,,,,,,,,,,,,,,,,,,,,,,,,,,,,,,,,,,,,,,,,,,,,,,,,,,,,,,,,,,,,,,,,,,,,,,,,,,,,,,,,,,,,,,,,,,,,,,,,,,,,,,,,,,,,,,,,,,,,,,,,,,,,,,,,,,,,,,,,,,,,,,,,,,,,,,,,,,,,,,,,,,,,,,,,,,,,,,,,,,,,,,,,,,,,,,,,,,,,,,,,,,,,,,,,,,,,,,,,,,,,,,,,,,,,,,,,,,,,,,,,,,,,,,,,,,,,,,,,,,,,,,,,,,,,,,,,,,,,,,,,,,,,,,,,,,,,,,,,,,,,,,,,,,,,,,,,,,,,,,,,,,,,,,,,,,,,,,,,,,,,,,,,,,,,,,,,,,,,,,,,,,,,,,,,,,,,,,,,,,,,,,,,,,,,,,,,,,,,,,,,,,,,,,,,,,,,,,,,,,,,,,,,,,,,,,,,,,,,,,,,,,,,,,,,,,,,,,,,,,,,,,,,,,,,,,,,,,,,,,,,,,,,,,,,,,,,,,,,,,,,,,,,,,,,,,,,,,,,,,,,,,,,,,,,,,,,,,,,,,,,,,,,,,,,,,,,,,,,,,,,,,,,,,,,,,,,,,,,,,,,,,,,,,,,,,,,,,,,,,,,,,,,,,,,,,,,,,,,,,,,,,,,,,,,,,,,,,,,,,,,,,,,,,,,,,,,,,,,,,,,,,,,,,,,,,,,,,,,,,,,,,,,,,,,,,,,,,,,,,,,,,,,,,,,,,,,,,,,,,,,,,,,,,,,,,,,,,,,,,,,,,,,,,,,,,,,,,,,,,,,,,,,,,,,,,,,,,,,,,,,,,,,,,,,,,,,,,,,,,,,,,,,,,,,,,,,,,,,,,,,,,,,,,,,,,,,,,,,,,,,,,,,,,,,,,,,,,,,,,,,,,,,,,,,,,,,,,,,,,,,,,,,,,,,,,,,,,,,,,,,,,,,,,,,,,,,,,,,,,,,,,,,,,,,,,,,,,,,,,,,,,,,,,,,,,,,,,,,,,,,,,,,,,,,,,,,,,,,,,,,,,,,,,,,,,,,,,,,,,,,,,,,,,,,,,,,,,,,,,,,,,,,,,,,,,,,,,,,,,,,,,,,,,,,,,,,,,,,,,,,,,,,,,,,,,,,,,,,,,,,,,,,,,,,,,,,,,,,,,,,,,,,,,,,,,,,,,,,,,,,,,,,,,,,,,,,,,,,,,,,,,,,,,,,,,,,,,,,,,,,,,,,,,,,,,,,,,,,,,,,,,,,,,,,,,,,,,,,,,,,,,,,,,,,,,,,,,,,,,,,,,,,,,,,,,,,,,,,,,,,,,,,,,,,,,,,,,,,,,,,,,,,,,,,,,,,,,,,,,,,,,,,,,,,,,,,,,,,,,,,,,,,,,,,,,,,,,,,,,,,,,,,,,,,,,,,,,,,,,,,,,,,,,,,,,,,,,,,,,,,,,,,,,,,,,,,,,,,,,,,,,,,,,,,,,,,,,,,,,,,,,,,,,,,,,,,,,,,,,,,,,,,,,,,,,,,,,,,,,,,,,,,,,,,,,,,,,,,,,,,,,,,,,,,,,,,,,,,,,,,,,,,,,,,,,,,,,,,,,,,,,,,,,,,,,,,,,,,,,,,,,,,,,,,,,,,,,,,,,,,,,,,,,,,,,,,,,,,,,,,,,,,,,,,,,,,,,,,,,,,,,,,,,,,,,,,,,,,,,,,,,,,,,,,,,,,,,,,,,,,,,,,,,,,,,,,,,,,,,,,,,,,,,,,,,,,,,,,,,,,,,,,,,,,,,,,,,,,,,,,,,,,,,,,,,,,,,,,,,,,,,,,,,,,,,,,,,,,,,,,,,,,,,,,,,,,,,,,,,,,,,,,,,,,,,,,,,,,,,,,,,,,,,,,,,,,,,,,,,,,,,,,,,,,,,,,,,,,,,,,,,,,,,,,,,,,,,,,,,,,,,,,,,,,,,,,,,,,,,,,,,,,,,,,,,,,,,,,,,,,,,,,,,,,,,,,,,,,,,,,,,,,,,,,,,,,,,,,,,,,,,,,,,,,,,,,,,,,,,,,,,,,,,,,,,,,,,,,,,,,,,,,,,,,,,,,,,,,,,,,,,,,,,,,,,,,,,,,,,,,,,,,,,,,,,,,,,,,,,,,,,,,,,,,,,,,,,,,,,,,,,,,,,,,,,,,,,,,,,,,,,,,,,,,,,,,,,,,,,,,,,,,,,,,,,,,,,,,,,,,,,,,,,,,,,,,,,,,,,,,,,,,,,,,,,,,,,,,,,,,,,,,,,,,,,,,,,,,,,,,,,,,,,,,,,,,,,,,,,,,,,,,,,,,,,,,,,,,,,,,,,,,,,,,,,,,,,,,,,,,,,,,,,,,,,,,,,,,,,,,,,,,,,,,,,,,,,,,,,,,,,,,,,,,,,,,,,,,,,,,,,,,,,,,,,,,,,,,,,,,,,,,,,,,,,,,,,,,,,,,,,,,,,,,,,,,,,,,,,,,,,,,,,,,,,,,,,,,,,,,,,,,,,,,,,,,,,,,,,,,,,,,,,,,,,,,,,,,,,,,,,,,,,,,,,,,,,,,,,,,,,,,,,,,,,,,,,,,,,,,,,,,,,,,,,,,,,,,,,,,,,,,,,,,,,,,,,,,,,,,,,,,,,,,,,,,,,,,,,,,,,,,,,,,,,,,,,,,,,,,,,,,,,,,,,,,,,,,,,,,,,,,,,,,,,,,,,,,,,,,,,,,,,,,,,,,,,,,,,,,,,,,,,,,,,,,,,,,,,,,,,,,,,,,,,,,,,,,,,,,,,,,,,,,,,,,,,,,,,,,,,,,,,,,,,,,,,,,,,,,,,,,,,,,,,,,,,,,,,,,,,,,,,,,,,,,,,,,,,,,,,,,,,,,,,,,,,,,,,,,,,,,,,,,,,,,,,,,,,,,,,,,,,,,,,,,,,,,,,,,,,,,,,,,,,,,,,,,,,,,,,,,,,,,,,,,,,,,,,,,,,,,,,,,,,,,,,,,,,,,,,,,,,,,,,,,,,,,,,,,,,,,,,,,,,,,,,,,,,,,,,,,,,,,,,,,,,,,,,,,,,,,,,,,,,,,,,,,,,,,,,,,,,,,,,,,,,,,,,,,,,,,,,,,,,,,,,,,,,,,,,,,,,,,,,,,,,,,,,,,,,,,,,,,,,,,,,,,,,,,,,,,,,,,,,,,,,,,,,,,,,,,,,,,,,,,,,,,,,,,,,,,,,,,,,,,,,,,,,,,,,,,,,,,,,,,,,,,,,,,,,,,,,,,,,,,,,,,,,,,,,,,,,,,,,,,,,,,,,,,,,,,,,,,,,,,,,,,,,,,,,,,,,,,,,,,,,,,,,,,,,,,,,,,,,,,,,,,,,,,,,,,,,,,,,,,,,,,,,,,,,,,,,,,,,,,,,,,,,,,,,,,,,,,,,,,,,,,,,,,,,,,,,,,,,,,,,,,,,,,,,,,,,,,,,,,,,,,,,,,,,,,,,,,,,,,,,,,,,,,,,,,,,,,,,,,,,,,,,,,,,,,,,,,,,,,,,,,,,,,,,,,,,,,,,,,,,,,,,,,,,,,,,,,,,,,,,,,,,,,,,,,,,,,,,,,,,,,,,,,,,,,,,,,,,,,,,,,,,,,,,,,,,,,,,,,,,,,,,,,,,,,,,,,,,,,,,,,,,,,,,,,,,,,,,,,,,,,,,,,,,,,,,,,,,,,,,,,,,,,,,,,,,,,,,,,,,,,,,,,,,,,,,,,,,,,,,,,,,,,,,,,,,,,,,,,,,,,,,,,,,,,,,,,,,,,,,,,,,,,,,,,,,,,,,,,,,,,,,,,,,,,,,,,,,,,,,,,,,,,,,,,,,,,,,,,,,,,,,,,,,,,,,,,,,,,,,,,,,,,,,,,,,,,,,,,,,,,,,,,,,,,,,,,,,,,,,,,,,,,,,,,,,,,,,,,,,,,,,,,,,,,,,,,,,,,,,,,,,,,,,,,,,,,,,,,,,,,,,,,,,,,,,,,,,,,,,,,,,,,,,,,,,,,,,,,,,,,,,,,,,,,,,,,,,,,,,,,,,,,,,,,,,,,,,,,,,,,,,,,,,,,,,,,,,,,,,,,,,,,,,,,,,,,,,,,,,,,,,,,,,,,,,,,,,,,,,,,,,,,,,,,,,,,,,,,,,,,,,,,,,,,,,,,,,,,,,,,,,,,,,,,,,,,,,,,,,,,,,,,,,,,,,,,,,,,,,,,,,,,,,,,,,,,,,,,,,,,,,,,,,,,,,,,,,,,,,,,,,,,,,,,,,,,,,,,,,,,,,,,,,,,,,,,,,,,,,,,,,,,,,,,,,,,,,,,,,,,,,,,,,,,,,,,,,,,,,,,,,,,,,,,,,,,,,,,,,,,,,,,,,,,,,,,,,,,,,,,,,,,,,,,,,,,,,,,,,,,,,,,,,,,,,,,,,,,,,,,,,,,,,,,,,,,,,,,,,,,,,,,,,,,,,,,,,,,,,,,,,,,,,,,,,,,,,,,,,,,,,,,,,,,,,,,,,,,,,,,,,,,,,,,,,,,,,,,,,,,,,,,,,,,,,,,,,,,,,,,,,,,,,,,,,,,,,,,,,,,,,,,,,,,,,,,,,,,,,,,,,,,,,,,,,,,,,,,,,,,,,,,,,,,,,,,,,,,,,,,,,,,,,,,,,,,,,,,,,,,,,,,,,,,,,,,,,,,,,,,,,,,,,,,,,,,,,,,,,,,,,,,,,,,,,,,,,,,,,,,,,,,,,,,,,,,,,,,,,,,,,,,,,,,,,,,,,,,,,,,,,,,,,,,,,,,,,,,,,,,,,,,,,,,,,,,,,,,,,,,,,,,,,,,,,,,,,,,,,,,,,,,,,,,,,,,,,,,,,,,,,,,,,,,,,,,,,,,,,,,,,,,,,,,,,,,,,,,,,,,,,,,,,,,,,,,,,,,,,,,,,,,,,,,,,,,,,,,,,,,,,,,,,,,,,,,,,,,,,,,,,,,,,,,,,,,,,,,,,,,,,,,,,,,,,,,,,,,,,,,,,,,,,,,,,,,,,,,,,,,,,,,,,,,,,,,,,,,,,,,,,,,,,,,,,,,,,,,,,,,,,,,,,,,,,,,,,,,,,,,,,,,,,,,,,,,,,,,,,,,,,,,,,,,,,,,,,,,,,,,,,,,,,,,,,,,,,,,,,,,,,,,,,,,,,,,,,,,,,,,,,,,,,,,,,,,,,,,,,,,,,,,,,,,,,,,,,,,,,,,,,,,,,,,,,,,,,,,,,,,,,,,,,,,,,,,,,,,,,,,,,,,,,,,,,,,,,,,,,,,,,,,,,,,,,,,,,,,,,,,,,,,,,,,,,,,,,,,,,,,,,,,,,,,,,,,,,,,,,,,,,,,,,,,,,,,,,,,,,,,,,,,,,,,,,,,,,,,,,,,,,,,,,,,,,,,,,,,,,,,,,,,,,,,,,,,,,,,,,,,,,,,,,,,,,,,,,,,,,,,,,,,,,,,,,,,,,,,,,,,,,,,,,,,,,,,,,,,,,,,,,,,,,,,,,,,,,,,,,,,,,,,,,,,,,,,,,,,,,,,,,,,,,,,,,,,,,,,,,,,,,,,,,,,,,,,,,,,,,,,,,,,,,,,,,,,,,,,,,,,,,,,,,,,,,,,,,,,,,,,,,,,,,,,,,,,,,,,,,,,,,,,,,,,,,,,,,,,,,,,,,,,,,,,,,,,,,,,,,,,,,,,,,,,,,,,,,,,,,,,,,,,,,,,,,,,,,,,,,,,,,,,,,,,,,,,,,,,,,,,,,,,,,,,,,,,,,,,,,,,,,,,,,,,,,,,,,,,,,,,,,,,,,,,,,,,,,,,,,,,,,,,,,,,,,,,,,,,,,,,,,,,,,,,,,,,,,,,,,,,,,,,,,,,,,,,,,,,,,,,,,,,,,,,,,,,,,,,,,,,,,,,,,,,,,,,,,,,,,,,,,,,,,,,,,,,,,,,,,,,,,,,,,,,,,,,,,,,,,,,,,,,,,,,,,,,,,,,,,,,,,,,,,,,,,,,,,,,,,,,,,,,,,,,,,,,,,,,,,,,,,,,,,,,,,,,,,,,,,,,,,,,,,,,,,,,,,,,,,,,,,,,,,,,,,,,,,,,,,,,,,,,,,,,,,,,,,,,,,,,,,,,,,,,,,,,,,,,,,,,,,,,,,,,,,,,,,,,,,,,,,,,,,,,,,,,,,,,,,,,,,,,,,,,,,,,,,,,,,,,,,,,,,,,,,,,,,,,,,,,,,,,,,,,,,,,,,,,,,,,,,,,,,,,,,,,,,,,,,,,,,,,,,,,,,,,,,,,,,,,,,,,,,,,,,,,,,,,,,,,,,,,,,,,,,,,,,,,,,,,,,,,,,,,,,,,,,,,,,,,,,,,,,,,,,,,,,,,,,,,,,,,,,,,,,,,,,,,,,,,,,,,,,,,,,,,,,,,,,,,,,,,,,,,,,,,,,,,,,,,,,,,,,,,,,,,,,,,,,,,,,,,,,,,,,,,,,,,,,,,,,,,,,,,,,,,,,,,,,,,,,,,,,,,,,,,,,,,,,,,,,,,,,,,,,,,,,,,,,,,,,,,,,,,,,,,,,,,,,,,,,,,,,,,,,,,,,,,,,,,,,,,,,,,,,,,,,,,,,,,,,,,,,,,,,,,,,,,,,,,,,,,,,,,,,,,,,,,,,,,,,,,,,,,,,,,,,,,,,,,,,,,,,,,,,,,,,,,,,,,,,,,,,,,,,,,,,,,,,,,,,,,,,,,,,,,,,,,,,,,,,,,,,,,,,,,,,,,,,,,,,,,,,,,,,,,,,,,,,,,,,,,,,,,,,,,,,,,,,,,,,,,,,,,,,,,,,,,,,,,,,,,,,,,,,,,,,,,,,,,,,,,,,,,,,,,,,,,,,,,,,,,,,,,,,,,,,,,,,,,,,,,,,,,,,,,,,,,,,,,,,,,,,,,,,,,,,,,,,,,,,,,,,,,,,,,,,,,,,,,,,,,,,,,,,,,,,,,,,,,,,,,,,,,,,,,,,,,,,,,,,,,,,,,,,,,,,,,,,,,,,,,,,,,,,,,,,,,,,,,,,,,,,,,,,,,,,,,,,,,,,,,,,,,,,,,,,,,,,,,,,,,,,,,,,,,,,,,,,,,,,,,,,,,,,,,,,,,,,,,,,,,,,,,,,,,,,,,,,,,,,,,,,,,,,,,,,,,,,,,,,,,,,,,,,,,,,,,,,,,,,,,,,,,,,,,,,,,,,,,,,,,,,,,,,,,,,,,,,,,,,,,,,,,,,,,,,,,,,,,,,,,,,,,,,,,,,,,,,,,,,,,,,,,,,,,,,,,,,,,,,,,,,,,,,,,,,,,,,,,,,,,,,,,,,,,,,,,,,,,,,,,,,,,,,,,,,,,,,,,,,,,,,,,,,,,,,,,,,,,,,,,,,,,,,,,,,,,,,,,,,,,,,,,,,,,,,,,,,,,,,,,,,,,,,,,,,,,,,,,,,,,,,,,,,,,,,,,,,,,,,,,,,,,,,,,,,,,,,,,,,,,,,,,,,,,,,,,,,,,,,,,,,,,,,,,,,,,,,,,,,,,,,,,,,,,,,,,,,,,,,,,,,,,,,,,,,,,,,,,,,,,,,,,,,,,,,,,,,,,,,,,,,,,,,,,,,,,,,,,,,,,,,,,,,,,,,,,,,,,,,,,,,,,,,,,,,,,,,,,,,,,,,,,,,,,,,,,,,,,,,,,,,,,,,,,,,,,,,,,,,,,,,,,,,,,,,,,,,,,,,,,,,,,,,,,,,,,,,,,,,,,,,,,,,,,,,,,,,,,,,,,,,,,,,,,,,,,,,,,,,,,,,,,,,,,,,,,,,,,,,,,,,,,,,,,,,,,,,,,,,,,,,,,,,,,,,,,,,,,,,,,,,,,,,,,,,,,,,,,,,,,,,,,,,,,,,,,,,,,,,,,,,,,,,,,,,,,,,,,,,,,,,,,,,,,,,,,,,,,,,,,,,,,,,,,,,,,,,,,,,,,,,,,,,,,,,,,,,,,,,,,,,,,,,,,,,,,,,,,,,,,,,,,,,,,,,,,,,,,,,,,,,,,,,,,,,,,,,,,,,,,,,,,,,,,,,,,,,,,,,,,,,,,,,,,,,,,,,,,,,,,,,,,,,,,,,,,,,,,,,,,,,,,,,,,,,,,,,,,,,,,,,,,,,,,,,,,,,,,,,,,,,,,,,,,,,,,,,,,,,,,,,,,,,,,,,,,,,,,,,,,,,,,,,,,,,,,,,,,,,,,,,,,,,,,,,,,,,,,,,,,,,,,,,,,,,,,,,,,,,,,,,,,,,,,,,,,,,,,,,,,,,,,,,,,,,,,,,,,,,,,,,,,,,,,,,,,,,,,,,,,,,,,,,,,,,,,,,,,,,,,,,,,,,,,,,,,,,,,,,,,,,,,,,,,,,,,,,,,,,,,,,,,,,,,,,,,,,,,,,,,,,,,,,,,,,,,,,,,,,,,,,,,,,,,,,,,,,,,,,,,,,,,,,,,,,,,,,,,,,,,,,,,,,,,,,,,,,,,,,,,,,,,,,,,,,,,,,,,,,,,,,,,,,,,,,,,,,,,,,,,,,,,,,,,,,,,,,,,,,,,,,,,,,,,,,,,,,,,,,,,,,,,,,,,,,,,,,,,,,,,,,,,,,,,,,,,,,,,,,,,,,,,,,,,,,,,,,,,,,,,,,,,,,,,,,,,,,,,,,,,,,,,,,,,,,,,,,,,,,,,,,,,,,,,,,,,,,,,,,,,,,,,,,,,,,,,,,,,,,,,,,,,,,,,,,,,,,,,,,,,,,,,,,,,,,,,,,,,,,,,,,,,,,,,,,,,,,,,,,,,,,,,,,,,,,,,,,,,,,,,,,,,,,,,,,,,,,,,,,,,,,,,,,,,,,,,,,,,,,,,,,,,,,,,,,,,,,,,,,,,,,,,,,,,,,,,,,,,,,,,,,,,,,,,,,,,,,,,,,,,,,,,,,,,,,,,,,,,,,,,,,,,,,,,,,,,,,,,,,,,,,,,,,,,,,,,,,,,,,,,,,,,,,,,,,,,,,,,,,,,,,,,,,,,,,,,,,,,,,,,,,,,,,,,,,,,,,,,,,,,,,,,,,,,,,,,,,,,,,,,,,,,,,,,,,,,,,,,,,,,,,,,,,,,,,,,,,,,,,,,,,,,,,,,,,,,,,,,,,,,,,,,,,,,,,,,,,,,,,,,,,,,,,,,,,,,,,,,,,,,,,,,,,,,,,,,,,,,,,,,,,,,,,,,,,,,,,,,,,,,,,,,,,,,,,,,,,,,,,,,,,,,,,,,,,,,,,,,,,,,,,,,,,,,,,,,,,,,,,,,,,,,,,,,,,,,,,,,,,,,,,,,,,,,,,,,,,,,,,,,,,,,,,,,,,,,,,,,,,,,,,,,,,,,,,,,,,,,,,,,,,,,,,,,,,,,,,,,,,,,,,,,,,,,,,,,,,,,,,,,,,,,,,,,,,,,,,,,,,,,,,,,,,,,,,,,,,,,,,,,,,,,,,,,,,,,,,,,,,,,,,,,,,,,,,,,,,,,,,,,,,,,,,,,,,,,,,,,,,,,,,,,,,,,,,,,,,,,,,,,,,,,,,,,,,,,,,,,,,,,,,,,,,,,,,,,,,,,,,,,,,,,,,,,,,,,,,,,,,,,,,,,,,,,,,,,,,,,,,,,,,,,,,,,,,,,,,,,,,,,,,,,,,,,,,,,,,,,,,,,,,,,,,,,,,,,,,,,,,,,,,,,,,,,,,,,,,,,,,,,,,,,,,,,,,,,,,,,,,,,,,,,,,,,,,,,,,,,,,,,,,,,,,,,,,,,,,,,,,,,,,,,,,,,,,,,,,,,,,,,,,,,,,,,,,,,,,,,,,,,,,,,,,,,,,,,,,,,,,,,,,,,,,,,,,,,,,,,,,,,,,,,,,,,,,,,,,,,,,,,,,,,,,,,,,,,,,,,,,,,,,,,,,,,,,,,,,,,,,,,,,,,,,,,,,,,,,,,,,,,,,,,,,,,,,,,,,,,,,,,,,,,,,,,,,,,,,,,,,,,,,,,,,,,,,,,,,,,,,,,,,,,,,,,,,,,,,,,,,,,,,,,,,,,,,,,,,,,,,,,,,,,,,,,,,,,,,,,,,,,,,,,,,,,,,,,,,,,,,,,,,,,,,,,,,,,,,,,,,,,,,,,,,,,,,,,,,,,,,,,,,,,,,,,,,,,,,,,,,,,,,,,,,,,,,,,,,,,,,,,,,,,,,,,,,,,,,,,,,,,,,,,,,,,,,,,,,,,,,,,,,,,,,,,,,,,,,,,,,,,,,,,,,,,,,,,,,,,,,,,,,,,,,,,,,,,,,,,,,,,,,,,,,,,,,,,,,,,,,,,,,,,,,,,,,,,,,,,,,,,,,,,,,,,,,,,,,,,,,,,,,,,,,,,,,,,,,,,,,,,,,,,,,,,,,,,,,,,,,,,,,,,,,,,,,,,,,,,,,,,,,,,,,,,,,,,,,,,,,,,,,,,,,,,,,,,,,,,,,,,,,,,,,,,,,,,,,,,,,,,,,,,,,,,,,,,,,,,,,,,,,,,,,,,,,,,,,,,,,,,,,,,,,,,,,,,,,,,,,,,,,,,,,,,,,,,,,,,,,,,,,,,,,,,,,,,,,,,,,,,,,,,,,,,,,,,,,,,,,,,,,,,,,,,,,,,,,,,,,,,,,,,,,,,,,,,,,,,,,,,,,,,,,,,,,,,,,,,,,,,,,,,,,,,,,,,,,,,,,,,,,,,,,,,,,,,,,,,,,,,,,,,,,,,,,,,,,,,,,,,,,,,,,,,,,,,,,,,,,,,,,,,,,,,,,,,,,,,,,,,,,,,,,,,,,,,,,,,,,,,,,,,,,,,,,,,,,,,,,,,,,,,,,,,,,,,,,,,,,,,,,,,,,,,,,,,,,,,,,,,,,,,,,,,,,,,,,,,,,,,,,,,,,,,,,,,,,,,,,,,,,,,,,,,,,,,,,,,,,,,,,,,,,,,,,,,,,,,,,,,,,,,,,,,,,,,,,,,,,,,,,,,,,,,,,,,,,,,,,,,,,,,,,,,,,,,,,,,,,,,,,,,,,,,,,,,,,,,,,,,,,,,,,,,,,,,,,,,,,,,,,,,,,,,,,,,,,,,,,,,,,,,,,,,,,,,,,,,,,,,,,,,,,,,,,,,,,,,,,,,,,,,,,,,,,,,,,,,,,,,,,,,,,,,,,,,,,,,,,,,,,,,,,,,,,,,,,,,,,,,,,,,,,,,,,,,,,,,,,,,,,,,,,,,,,,,,,,,,,,,,,,,,,,,,,,,,,,,,,,,,,,,,,,,,,,,,,,,,,,,,,,,,,,,,,,,,,,,,,,,,,,,,,,,,,,,,,,,,,,,,,,,,,,,,,,,,,,,,,,,,,,,,,,,,,,,,,,,,,,,,,,,,,,,,,,,,,,,,,,,,,,,,,,,,,,,,,,,,,,,,,,,,,,,,,,,,,,,,,,,,,,,,,,,,,,,,,,,,,,,,,,,,,,,,,,,,,,,,,,,,,,,,,,,,,,,,,,,,,,,,,,,,,,,,,,,,,,,,,,,,,,,,,,,,,,,,,,,,,,,,,,,,,,,,,,,,,,,,,,,,,,,,,,,,,,,,,,,,,,,,,,,,,,,,,,,,,,,,,,,,,,,,,,,,,,,,,,,,,,,,,,,,,,,,,,,,,,,,,,,,,,,,,,,,,,,,,,,,,,,,,,,,,,,,,,,,,,,,,,,,,,,,,,,,,,,,,,,,,,,,,,,,,,,,,,,,,,,,,,,,,,,,,,,,,,,,,,,,,,,,,,,,,,,,,,,,,,,,,,,,,,,,,,,,,,,,,,,,,,,,,,,,,,,,,,,,,,,,,,,,,,,,,,,,,,,,,,,,,,,,,,,,,,,,,,,,,,,,,,,,,,,,,,,,,,,,,,,,,,,,,,,,,,,,,,,,,,,,,,,,,,,,,,,,,,,,,,,,,,,,,,,,,,,,,,,,,,,,,,,,,,,,,,,,,,,,,,,,,,,,,,,,,,,,,,,,,,,,,,,,,,,,,,,,,,,,,,,,,,,,,,,,,,,,,,,,,,,,,,,,,,,,,,,,,,,,,,,,,,,,,,,,,,,,,,,,,,,,,,,,,,,,,,,,,,,,,,,,,,,,,,,,,,,,,,,,,,,,,,,,,,,,,,,,,,,,,,,,,,,,,,,,,,,,,,,,,,,,,,,,,,,,,,,,,,,,,,,,,,,,,,,,,,,,,,,,,,,,,,,,,,,,,,,,,,,,,,,,,,,,,,,,,,,,,,,,,,,,,,,,,,,,,,,,,,,,,,,,,,,,,,,,,,,,,,,,,,,,,,,,,,,,,,,,,,,,,,,,,,,,,,,,,,,,,,,,,,,,,,,,,,,,,,,,,,,,,,,,,,,,,,,,,,,,,,,,,,,,,,,,,,,,,,,,,,,,,,,,,,,,,,,,,,,,,,,,,,,,,,,,,,,,,,,,,,,,,,,,,,,,,,,,,,,,,,,,,,,,,,,,,,,,,,,,,,,,,,,,,,,,,,,,,,,,,,,,,,,,,,,,,,,,,,,,,,,,,,,,,,,,,,,,,,,,,,,,,,,,,,,,,,,,,,,,,,,,,,,,,,,,,,,,,,,,,,,,,,,,,,,,,,,,,,,,,,,,,,,,,,,,,,,,,,,,,,,,,,,,,,,,,,,,,,,,,,,,,,,,,,,,,,,,,,,,,,,,,,,,,,,,,,,,,,,,,,,,,,,,,,,,,,,,,,,,,,,,,,,,,,,,,,,,,,,,,,,,,,,,,,,,,,,,,,,,,,,,,,,,,,,,,,,,,,,,,,,,,,,,,,,,,,,,,,,,,,,,,,,,,,,,,,,,,,,,,,,,,,,,,,,,,,,,,,,,,,,,,,,,,,,,,,,,,,,,,,,,,,,,,,,,,,,,,,,,,,,,,,,,,,,,,,,,,,,,,,,,,,,,,,,,,,,,,,,,,,,,,,,,,,,,,,,,,,,,,,,,,,,,,,,,,,,,,,,,,,,,,,,,,,,,,,,,,,,,,,,,,,,,,,,,,,,,,,,,,,,,,,,,,,,,,,,,,,,,,,,,,,,,,,,,,,,,,,,,,,,,,,,,,,,,,,,,,,,,,,,,,,,,,,,,,,,,,,,,,,,,,,,,,,,,,,,,,,,,,,,,,,,,,,,,,,,,,,,,,,,,,,,,,,,,,,,,,,,,,,,,,,,,,,,,,,,,,,,,,,,,,,,,,,,,,,,,,,,,,,,,,,,,,,,,,,,,,,,,,,,,,,,,,,,,,,,,,,,,,,,,,,,,,,,,,,,,,,,,,,,,,,,,,,,,,,,,,,,,,,,,,,,,,,,,,,,,,,,,,,,,,,,,,,,,,,,,,,,,,,,,,,,,,,,,,,,,,,,,,,,,,,,,,,,,,,,,,,,,,,,,,,,,,,,,,,,,,,,,,,,,,,,,,,,,,,,,,,,,,,,,,,,,,,,,,,,,,,,,,,,,,,,,,,,,,,,,,,,,,,,,,,,,,,,,,,,,,,,,,,,,,,,,,,,,,,,,,,,,,,,,,,,,,,,,,,,,,,,,,,,,,,,,,,,,,,,,,,,,,,,,,,,,,,,,,,,,,,,,,,,,,,,,,,,,,,,,,,,,,,,,,,,,,,,,,,,,,,,,,,,,,,,,,,,,,,,,,,,,,,,,,,,,,,,,,,,,,,,,,,,,,,,,,,,,,,,,,,,,,,,,,,,,,,,,,,,,,,,,,,,,,,,,,,,,,,,,,,,,,,,,,,,,,,,,,,,,,,,,,,,,,,,,,,,,,,,,,,,,,,,,,,,,,,,,,,,,,,,,,,,,,,,,,,,,,,,,,,,,,,,,,,,,,,,,,,,,,,,,,,,,,,,,,,,,,,,,,,,,,,,,,,,,,,,,,,,,,,,,,,,,,,,,,,,,,,,,,,,,,,,,,,,,,,,,,,,,,,,,,,,,,,,,,,,,,,,,,,,,,,,,,,,,,,,,,,,,,,,,,,,,,,,,,,,,,,,,,,,,,,,,,,,,,,,,,,,,,,,,,,,,,,,,,,,,,,,,,,,,,,,,,,,,,,,,,,,,,,,,,,,,,,,,,,,,,,,,,,,,,,,,,,,,,,,,,,,,,,,,,,,,,,,,,,,,,,,,,,,,,,,,,,,,,,,,,,,,,,,,,,,,,,,,,,,,,,,,,,,,,,,,,,,,,,,,,,,,,,,,,,,,,,,,,,,,,,,,,,,,,,,,,,,,,,,,,,,,,,,,,,,,,,,,,,,,,,,,,,,,,,,,,,,,,,,,,,,,,,,,,,,,,,,,,,,,,,,,,,,,,,,,,,,,,,,,,,,,,,,,,,,,,,,,,,,,,,,,,,,,,,,,,,,,,,,,,,,,,,,,,,,,,,,,,,,,,,,,,,,,,,,,,,,,,,,,,,,,,,,,,,,,,,,,,,,,,,,,,,,,,,,,,,,,,,,,,,,,,,,,,,,,,,,,,,,,,,,,,,,,,,,,,,,,,,,,,,,,,,,,,,,,,,,,,,,,,,,,,,,,,,,,,,,,,,,,,,,,,,,,,,,,,,,,,,,,,,,,,,,,,,,,,,,,,,,,,,,,,,,,,,,,,,,,,,,,,,,,,,,,,,,,,,,,,,,,,,,,,,,,,,,,,,,,,,,,,,,,,,,,,,,,,,,,,,,,,,,,,,,,,,,,,,,,,,,,,,,,,,,,,,,,,,,,,,,,,,,,,,,,,,,,,,,,,,,,,,,,,,,,,,,,,,,,,,,,,,,,,,,,,,,,,,,,,,,,,,,,,,,,,,,,,,,,,,,,,,,,,,,,,,,,,,,,,,,,,,,,,,,,,,,,,,,,,,,,,,,,,,,,,,,,,,,,,,,,,,,,,,,,,,,,,,,,,,,,,,,,,,,,,,,,,,,,,,,,,,,,,,,,,,,,,,,,,,,,,,,,,,,,,,,,,,,,,,,,,,,,,,,,,,,,,,,,,,,,,,,,,,,,,,,,,,,,,,,,,,,,,,,,,,,,,,,,,,,,,,,,,,,,,,,,,,,,,,,,,,,,,,,,,,,,,,,,,,,,,,,,,,,,,,,,,,,,,,,,,,,,,,,,,,,,,,,,,,,,,,,,,,,,,,,,,,,,,,,,,,,,,,,,,,,,,,,,,,,,,,,,,,,,,,,,,,,,,,,,,,,,,,,,,,,,,,,,,,,,,,,,,,,,,,,,,,,,,,,,,,,,,,,,,,,,,,,,,,,,,,,,,,,,,,,,,,,,,,,,,,,,,,,,,,,,,,,,,,,,,,,,,,,,,,,,,,,,,,,,,,,,,,,,,,,,,,,,,,,,,,,,,,,,,,,,,,,,,,,,,,,,,,,,,,,,,,,,,,,,,,,,,,,,,,,,,,,,,,,,,,,,,,,,,,,,,,,,,,,,,,,,,,,,,,,,,,,,,,,,,,,,,,,,,,,,,,,,,,,,,,,,,,,,,,,,,,,,,,,,,,,,,,,,,,,,,,,,,,,,,,,,,,,,,,,,,,,,,,,,,,,,,,,,,,,,,,,,,,,,,,,,,,,,,,,,,,,,,,,,,,,,,,,,,,,,,,,,,,,,,,,,,,,,,,,,,,,,,,,,,,,,,,,,,,,,,,,,,,,,,,,,,,,,,,,,,,,,,,,,,,,,,,,,,,,,,,,,,,,,,,,,,,,,,,,,,,,,,,,,,,,,,,,,,,,,,,,,,,,,,,,,,,,,,,,,,,,,,,,,,,,,,,,,,,,,,,,,,,,,,,,,,,,,,,,,,,,,,,,,,,,,,,,,,,,,,,,,,,,,,,,,,,,,,,,,,,,,,,,,,,,,,,,,,,,,,,,,,,,,,,,,,,,,,,,,,,,,,,,,,,,,,,,,,,,,,,,,,,,,,,,,,,,,,,,,,,,,,,,,,,,,,,,,,,,,,,,,,,,,,,,,,,,,,,,,,,,,,,,,,,,,,,,,,,,,,,,,,,,,,,,,,,,,,,,,,,,,,,,,,,,,,,,,,,,,,,,,,,,,,,,,,,,,,,,,,,,,,,,,,,,,,,,,,,,,,,,,,,,,,,,,,,,,,,,,,,,,,,,,,,,,,,,,,,,,,,,,,,,,,,,,,,,,,,,,,,,,,,,,,,,,,,,,,,,,,,,,,,,,,,,,,,,,,,,,,,,,,,,,,,,,,,,,,,,,,,,,,,,,,,,,,,,,,,,,,,,,,,,,,,,,,,,,,,,,,,,,,,,,,,,,,,,,,,,,,,,,,,,,,,,,,,,,,,,,,,,,,,,,,,,,,,,,,,,,,,,,,,,,,,,,,,,,,,,,,,,,,,,,,,,,,,,,,,,,,,,,,,,,,,,,,,,,,,,,,,,,,,,,,,,,,,,,,,,,,,,,,,,,,,,,,,,,,,,,,,,,,,,,,,,,,,,,,,,,,,,,,,,,,,,,,,,,,,,,,,,,,,,,,,,,,,,,,,,,,,,,,,,,,,,,,,,,,,,,,,,,,,,,,,,,,,,,,,,,,,,,,,,,,,,,,,,,,,,,,,,,,,,,,,,,,,,,,,,,,,,,,,,,,,,,,,,,,,,,,,,,,,,,,,,,,,,,,,,,,,,,,,,,,,,,,,,,,,,,,,,,,,,,,,,,,,,,,,,,,,,,,,,,,,,,,,,,,,,,,,,,,,,,,,,,,,,,,,,,,,,,,,,,,,,,,,,,,,,,,,,,,,,,,,,,,,,,,,,,,,,,,,,,,,,,,,,,,,,,,,,,,,,,,,,,,,,,,,,,,,,,,,,,,,,,,,,,,,,,,,,,,,,,,,,,,,,,,,,,,,,,,,,,,,,,,,,,,,,,,,,,,,,,,,,,,,,,,,,,,,,,,,,,,,,,,,,,,,,,,,,,,,,,,,,,,,,,,,,,,,,,,,,,,,,,,,,,,,,,,,,,,,,,,,,,,,,,,,,,,,,,,,,,,,,,,,,,,,,,,,,,,,,,,,,,,,,,,,,,,,,,,,,,,,,,,,,,,,,,,,,,,,,,,,,,,,,,,,,,,,,,,,,,,,,,,,,,,,,,,,,,,,,,,,,,,,,,,,,,,,,,,,,,,,,,,,,,,,,,,,,,,,,,,,,,,,,,,,,,,,,,,,,,,,,,,,,,,,,,,,,,,,,,,,,,,,,,,,,,,,,,,,,,,,,,,,,,,,,,,,,,,,,,,,,,,,,,,,,,,,,,,,,,,,,,,,,,,,,,,,,,,,,,,,,,,,,,,,,,,,,,,,,,,,,,,,,,,,,,,,,,,,,,,,,,,,,,,,,,,,,,,,,,,,,,,,,,,,,,,,,,,,,,,,,,,,,,,,,,,,,,,,,,,,,,,,,,,n
,9,568124,2024-11-27 00:00:00,A CONSTRUIR,-33913,133354,20216,34,,351,1,Urbana,Rocamora Nº 1177 e/Piamonte y Penon,BORTAGARAY Patricio Antonio,REVISAR Nº DE FINCA,GOMEZ Erika,GOMEZ Erika,GOMEZ Erika,AGUARA CONSTRUCCIONES SA,,1,,,Vivienda unifamiliar,,2,,3,,4,,,,,63.690000000000005,,304.8,0.2104330708661417,0.20895669291338584,,15584720.085,99170.56,ING. CIVIL,"vivienda unifamiliar a cosntruir, dos dormitorios, baño, cocina comedor desayunador estar, cochera descubierta",2025-01-29 00:00:00,,"02-12-2024, baldío"
,10,"mail, 567818",2024-04-09 00:00:00,AMPLIACION,47761,158433,9307,,,508,17,Urbana,San Martín Nº 859,SILVA Paola Edith,,NOLASCO Joaquina,NOLASCO Joaquina,NOLASCO Joaquina,FILLIPPELLI Eduardo,,,1,,Local comercial,,,,,,,,,,,,220.26,220.26,1,1,,14330000,276822,ARQ.,"demolicion interior de construcción, refacciones varias, pasa de vivienda y galpon a restaurante, BAJO ORD 27/10, art 1, punto 1, inc 9, punto 2 inc 2 y 3, Infraccion art 5, 27, 37, 144, 179, 187 del CE, Ord 130/22, art 20, Ord 130/22, art 16",2025-01-29 00:00:00,,"28/11/24, demolicion terminada, obra gruesa terminada"
,11,567770,2024-11-15 00:00:00,RELEVAMIENTO,62668,170220,34257,327,, ,3,Urbana,Paso de los Andes s/Nº esq. Salsipuedes,LARRIGAU Germán Ariel,,MANUCCI José Manuel,,,,2,,,,Vivienda multifamiliar,4,,6,,8,,,,146.2,,,,316.1,0.5232521354001898,0.46251186333438776,,,541856.93,ARQ.,"relevamiento de dos unidades de vivienda , cada una con dos dormitorios, cocina comedor estar, baño, lavadero al fondo semicubierto, cochera lateral semicubierta, BAJO ORD 27/10, art 1, punto 2, inc 2 y 3, Infraccion Ord 130/22, art 20, CE art 5, 27, 37, ORD 130/22, art 20",2025-01-29 00:00:00,,2024-11-21 00:00:00
,12,552786,2023-05-15 00:00:00,A CONSTRUIR,53900,163343,9919,,,123,21,URBANA,9 de Julio N° 309,SANDOVAL Nadia Alejandra,,VALLARINO Guillermo Daniel y MARIN Jorge Fabricio,VALLARINO Guillermo Daniel y MARIN Jorge Fabricio,VALLARINO Guillermo Daniel y MARIN Jorge Fabricio,RAMOS Omar Ricardo,,1,,,Quincho,,,,,,,,,,,104.22,,176.77,0.5895796798099224,0.5895796798099224,,27567127.98,389283.26,ARQ.,"quincho a construir, lavadero, baño, cocina comedor desayunador, cochera cubierta doble al frente ( es vivienda) BAJO ORD 27/10, art 1, punto 1, inc 9, Infraccion Ord 130/22, art 20, CE art 5, 27 y 37",2025-01-29 00:00:00,,2024-12-17 00:00:00
,13,"mail, 568881",2024-10-26 00:00:00,RELEVAMIENTO,46480,149443,32313,1,,,80,Chacras,Calle Pública s/Nº,SARTORELLI Carlos Gabriel,,CASAS Ileana Lihue,,,,2,,,,Vivienda multifamiliar,2,,3,,4,,,,182.505,,,,2500,0.078,0.073002,,38735249.29818182,800687.61,ING. CIVIL,"relevamiento vivienda unifamiliar, cabaña y piscina, vivienda dos dormitorios, uno con baño y ""vestidor"", baño, cocina comedor estar, galeria semicubierta perimetral, cochera semicubierta lateral, cabaña tipo alpina, baño, cocina comedor, entrepiso, piescina, BAJO ORD 27/1, art 1, punto 2, inc 2 y 3, Infraccion CE art 5, 27, 37, 176, 178, 181, 182, 202, 227, ORd 130/22, art 24",2025-01-29 00:00:00,,2024-12-16 00:00:00
,14,569095,2025-01-03 00:00:00,RELEVAMIENTO,29598,108939,3580,,,664,11,Urbana,Bernard Nº 434,VIVAS Carlos Daniel,,BERTOLDI Fabian A,,,,4,,,,Vivienda multifamiliar,4,,8,,8,,157.06,,9.9,,,,357.52,0.48853211009174313,0.4669948534347729,,2710480,111482.7,ARQ.,"relevamiento de ampliaciones realizadas en deptos con antecedentes, incorpora piscina, BAJO ORD 27/10, art 1, punto 2, ic 2 y 3, Infraccion CE art 5, 27, 37, 141, 151, 179, Ord 56/07, art 3, Ord 53/07, Ord 130/22, art 20",2025-01-29 00:00:00,,2025-01-08 00:00:00
,15,568746,2024-12-16 00:00:00,RELEVAMIENTO,42775,140843,31956,354,,3,2,Periurnana,Madres y Abuelas de Plaza de Mayo s/Nº,LUCIONI Carlos Alberto y  ROLON Marìa Claudia,,PENON Luciano Daniel,,,,1,,,,Vivienda unifamiliar,2,,3,,4,,51.84,,38.22,,,,833.36,0.11706825381587789,0.10806854180666219,,7732818.72,114936.3,ING. CIVIL,"relevamiento de ampliaciones realizadas, construccion con planos antcedentes, , vivienda existente de dos dormitorios, baño, cocina comedor y pequeño semicubiertos con parrilla al frente, relevado un deposito con baño y una pérgola, BAJO ORD 27/10, art 1, punto 2, inc 2, ÇInfraccion CE art 5, 27, 37, 176 y 247",2025-01-31 00:00:00,,2025-01-02 00:00:00
,16,568708,2024-12-16 00:00:00,RELEVAMIENTO,52970,162560,33194,225,,6,4,Periurbana,Calle Pùblica s/Nº,CARRERAS Marìa Florencia y PICCA Petrona Teresa,RELIQUIDAR,GUTIERREZ Fernando Marcelo,,,PICAPALO,2,,,,Vivienda multifamiliar,4,,4,,8,0,115.71,,24.2,,,,584.64,0.29019567597153806,0.23930966064586753,4.111111111111111,5602206.83,512478.3,ARQ.,"dos unidades de vivienda cabañas ""Picapalo"" a relevar, dos dormitorios, baño con ducha, cocina comedor, galerìa semicubierta en acceso, no se ve estacionamiento, Bajo Ord 27/0, art 1, punto 2, inc 2, Infraccion Ord 53/07, Infraccion art 5, 27, 37, 178, 179, 182, 201, 202, Ord 56/07, art 3 del CE",2025-01-31 00:00:00,,2024-12-26 00:00:00
,17,"mail, 566629",2024-01-16 00:00:00,RELEVAMIENTO,42437,137943,31777,355,,6,5,Periurbana,Calle Chaiñar esq Madres y Abuelas de P. de Mayo,ARROYO Arnaldo Adrián,,GRAZIANI Jorge Agustín Alexis,,,,,,,,Vivienda multifamiliar,,,,,,,164.565,,,,,,448.5,0.35785953177257523,0.3669230769230769,,,,ING. CIVIL,"tres unidades de vivienda EXISTENTES, una en PA monoambiente, en PB una de un dormitorio, baño, cocina, comedor estar, pileta, cochera descubierta, otra de tres dormitorios en PB y uno en suite en PA con vestidor baño y gimnasio, abajo Hall, living comedor, cocina, quincho, baño, oficina, BAJO ORD 27/10, art 1, punto 2, inc 2, Infraccion art 5, 27, 37, 144, 179, 223, 233 del CE, Ord 130/22, art 21, Anexo V, Zona Periurbana",,,"15/11/24, terminado"
,,,,,42436,140593,31805,,,,4,,Madres y Abuelas de P de Mayo,,,,,,,1,,,,,,,,,,,223.03,,55.07000000000002,,,,448.5,0.4964325529542921,0.6200668896321071,,,205619.16,,RELEVAMIENTO DE QUINCHO EJECUTADO EN EL VERTICE INTERIOR DEL LOTE,2025-01-31 00:00:00,,2024-11-15 00:00:00
,18,"MAIL, 568633",2024-10-21 00:00:00,RELEVAMIENTO,62232,169884,21518,27,,312,5,Urbana,Florentina Gómez Miranda esq Mitre Nº 1257,GAUTO Miguel Angel,,NOLASCO Joaquina,,,,5,,,,Vivienda multifamiliar,8,,5,,16,,,,235.75,,,,314.7,0.5902446774706069,0.7491261518906895,,49000637.5,855062.44,ARQ.,"relevamiento de cinco unidades de vivienda, dos en la esquina, de una de un dormitorio, cocina comedor, baño, otra de tres dormitorios, dos mas sector EM, dos en PB una de un dormitorio y otra de dos dormitorio, cocina comedor, baño, otra en PA de dos dormitorios, cocina comedor, baño, terraza, sin  cocheras, BAJO ORD 27/10, art 1, punto 2, inc 1, 2 y 3, Infraccion CE art 5, 27, 37, 130, 144, 151, 179, 181, 182, 201, 202, 236, 246, Ord 130/22, art 20, ORD 53/07",2025-01-31 00:00:00,,2024-12-26 00:00:00
,19,"mail, 568697",2024-08-23 00:00:00,RELEVAMIENTO,46298,138085,31774,355,,1,1,Periurbana,Milsten esq Espinillo - Loteo Blanc,MIRANDA Graciela,,PALACIOS María Silvina,,,,4,,,,Vivienda multifamiliar,5,,8,,10,,224.92999999999998,,45,,,,562.5,0.38928,0.47987555555555544,,10714356,114145.41,ARQ.,"relevamiento de tres unidades de vivienda, un monoambiente, pegado a una vivienda de dos dormitorios en PA, baño, cocina comedor estar en PB, al frente dos unidades de un dormitorio en PA, cocina comedor y baño en PB, BAJO ORD 27/10, art 1, punto 2, inc 2 y 3 Infraccion ORd 130/22, art 21, Ord 53/07, CE art 5, 27, 37, 141, 144, 176, 178, 179, 181, 182, 202, 223, 233",2025-01-31 00:00:00,,2024-12-18 00:00:00
FEBRERO,20,"mail, 562427",2024-05-10 00:00:00,A CONSTRUIR,7118,121,235,,,213,9,Centro,Juan José Paso Nº ,MALLIET Laureano Ruben,,GRANE Carolina,GRANE Carolina,GRANE Carolina,VERON David Omar,,2,,,Local comercial,,,,,,,,,,,,246.12,157.59,0.8921885906466146,1.5617742242528079,,68956251.12,1066505.36,ARQ.,"vivienda unifamiliar a demoler, dos locales comerciales a consrtuir, BAJO ORD 27/10, art 1, punt 1, inc 9, Infraccion art 5, 27, 38 del CE",2025-02-21 00:00:00,,"demolicion concluida, 13/05/24"
,21,"mail, 570292",2024-11-01 00:00:00,RELEVAMIENTO,30636,129807,6643,,,147,17,Urbana,Chacabuco Nº 346 esq Maipú Nº 193,CABRERA Alfredo Antonio y otra,,PACCOT Javier Humberto y BLANC Maximiliano G.,,,,2,,,,Vivienda multifamiliar,3,,5,,6,,240.495,,21.61,,,,180,0.9356111111111113,1.456138888888889,,5929894.6432,108256.38,ARQ.,"relevamiento de dos unidades de vivineda, una de un dormitorio, cocina comedor, estar, patio, lavadero ext, otra PB cocina, comedor estar, cochera, PA dos dormitorios, uno con vestidor y terraza, terraza con parrillla, BAJO ORD 27/10, art 1, punto 2, inc 2 y 3, Infraccion Ord 2/25, anexo 1, art 23, CE art 5, 27, 37, 179, 181, 182, , Ord 53/07",2025-02-21 00:00:00,,2025-02-19 00:00:00
,22,568659,2024-12-12 00:00:00,RELEVAMIENTO,61601,169409,10600,28,,340,18,Urbana,Tucumán Nº 1175,VILLANUEVA Sonia Marìa,,MANUCCI José M,,,,4,,,,Vivienda multifamiliar,4,,5,,8,,,,136.05,,,,568.5,,0.23931398416886546,,33742735.525,567650.14,ARQ.,"relevamieto de tres unidades de vivienda, tres monoambientes, con baño, semicubierto con parrilla, vivienda de un dormitorio, con cocina, comedor estar, baño, cocheras descubiertas, BAJO ORD 27/10, art 1, punto 2, inc 2, Infracccion art 5, 27, 37, 144, 151, 178, 179, 181, 182, 201, 202, 226, 247, 256 DEL CE, ORd 53/07",2025-02-21 00:00:00,,2024-12-16 00:00:00
,23,"mail, 569905",2024-11-14 00:00:00,RELEVAMIENTO,28694,122401,6288,,,801,10,Urbana,Combatientes de Malvinas Nº 130,MARTINEZ Ruben Mario y SCALESE Elisabet,,MOYANO Marìa Laura,,,,2,,,,Vivienda multifamiliar,,,,,,,198.38,,58.55,,,,483.99,,0.5308580755800739,,18187967.384090908,572032.72,ARQ.,"relevamiento de ampliaciones ejecutadas en grupo de dos viviendas, piscina y semicubiertoa a declarar, BAJO ORD 27/10, art 1, punto 2, inc 2 y 3, Infraccion CE art 5, 27, 37, 144, 151, 176, 178, 179, 181, 182, 202, 214, 223, 227, 233, 236, Ord 56/07, art 3, inc 1, sub inc A, 3; Ord 53/07, Ord 02/25, Anexo 1, art 23",2025-02-21 00:00:00,,  5/1/25
,24,"mail, 569752",2024-11-01 00:00:00,RELEVAMIENTO,54243,163504,33409,326,,18,16,Urbana,Calle Lapacho Nº 95,PORTALE Leandro Ariel y MALCENIDO Laura Andrea,,BENITEZ Enrique,,,,1,,,,Vivienda unifamiliar,2,,3,,4,,55,,51.89999999999999,,,,185,0.647027027027027,0.5778378378378378,,8630946.644999998,447316.54,M.M.O.,"relevamiento de ampliación realizada en vivienda IAPV (ombu), BAJO ORD 27/10, art 1, punto 2, inc 2 y 3, Infraccion CE art 5, 27, 37, 141, 178, 201, 202, 223, 233, Ord 130/22, art 20",2025-02-21 00:00:00,,2025-01-30 00:00:00
,25,"MAIL, 541760",2022-04-20 00:00:00,RELEVAMIENTO,39670,102862,3425,,,45,10,Urbana,Salta Nº 239,BOUVET Adan Ramón,,BENITEZ Enrique,,,,4,,,,Vivienda multifamiliar,8,,12,,16,,,,274.1,,,,466.38,0.56,0.587718169732836,,63450038.50000001,1149478.31,M.M.O.,"relevamiento de 5 unidades de vivienda, un monoambiente en PA, 3 de dos dormitorios en PB y una de un dormitorio, con cocina comedor, baño, la del fondo con quincho con parrilla, cerró tapó el canal Salta sin permiso, BAJO ORD 27/10, art 1, punto 2, inc 2 y 3, Infraccion ORd 02/25, Anexo 1, art 23, Infraccion CE art 5, 27, 37, 178, 179, 181, 182, 201, 202, 214, 223, 226, 233, Ord 53/07, ",2025-02-21 00:00:00,,2024-03-14 00:00:00
,26,569615,2025-01-20 00:00:00,RELEVAMIENTO,21794,110919,31213,75,,1,1,Zona de Amortiguación Ambiental II,"Ruta Nac Nº 14, km…",VERNAZ Marcelo Daniel,,JACQUET Ariel Norberto,,,,3,,,,Vivienda unifamiliar + Depósitos,4,,5,,8,,97.035,328.89,,474,,,4316.25,0.2088850275123081,0.20849695916594266,,29000000,447231,ING. CIVIL,"relevamiento de galpones, depósitos, cada uno con pequeña oficina, uno de ellos con sanitario, vivienda ubicada en un lateral del lote, deshabitada y en mal estado, tiene 4 dormitorios, cada uno con baño, dos sectores de depísoto, dos toiletes, otro deposito de acceso exterior, galeria semicubierta, cocina y dormitorio, paso lavadero, deposito fondo, BAJO ORD 27/10, art 1, punto 2, inc 2 y 3, Infraccion ORD 2/25, art 34, CE art 5, 27, 37, 178, 179, 187, 201, 236, 262, 264, 282",2025-02-25 00:00:00,,2025-01-31 00:00:00
,27,568805,2024-12-18 00:00:00,A CONSTRUIR,62167,134543,31372,310,,3,5,Periurbana,Alberdi s/Nª ,GABIOUD Griselda Raquel,,GOMEZ Erika,GOMEZ Erika,GOMEZ Erika,AGUARA CONSTRUCTORA SA,,1,,,Vivienda unifamiliar,,2,,3,,4,,,,,108.155,,964.12,0.13474463759697963,0.11218001908476123,,23196528.174285714,111134.01,ARQ.,"vivienda unifamiliar a construir, dos dormitorios, baño completo compartimentado, cocina comedor desayunador estar, galeria semicubierta expansión con parrilla, y cochera semicubierta lateral",2025-02-25 00:00:00,,"6/1/25, baldio"
,28,"mail, 568979",2024-12-26 00:00:00,A CONSTRUIR,5504,468,1236,,,37,12,Centro,Creppy Nº 79,NUÑEZ  Lucía Nair,,VALLARINO Guillermo Daniel y MARIN Jorge Fabricio,VALLARINO Guillermo Daniel y MARIN Jorge Fabricio,VALLARINO Guillermo Daniel y MARIN Jorge Fabricio,FORBES Carlos A.,,1,,,Vivienda unifamiliar,,2,,3,,4,,,,,173.65,,577.62,0.38398947404868256,0.3006301720854541,,51570204.89285715,204761.57,ARQ.,"vivienda unifamiliar a construir, tres dormitorios, un dormitorio en suite con vestidor, baño completo, cocina desayunador comedor estar, galeria semicubierta expansión con parrilla, y cochera semicubierta lateral, baño de servicio exterior",2025-02-25 00:00:00,,"9/1/2025, baldío, demolición terminada"
,29,"mail, 569187",2025-01-07 00:00:00,RELEVAMIENTO,1,168767,33968,327,,5,15,Urbana,Paso de los Andes s/Nº 2182,RAMIREZ Gerónimo,,TRABICHET Romina,,,,3,,,,Vivienda multifamiliar,3,,3,,6,,47.879999999999995,,81.265,,,,374.5,0.4511615487316422,0.34484646194926566,,16330404.9125,255660.18,ARQ.,"vivienda unifamiliar existente al frente del lote, un dormitorio, cocina comedor, baño, dos unidades de viv relevadas al fondo, cabañas monoambientes, baño, BAJO ORD 27/10, art 1, punto 2, inc 2 y 3, INFRACCION ORD 2/25, Anexo 1, art 23, Ord 53/07, CE art 5, 27, 37, 141, 144,151, 176, 178, 181, 182, 198, 202, 214, 223, 226, 232, 233, 247",2025-02-25 00:00:00,,2025-01-09 00:00:00
,30,"mail, 569958",2024-11-11 00:00:00,A CONSTRUIR,59731,167964,33872,3,,1,32,Urbana,Calle Privada s/Nº - Los Bretes,CAMPOSTRINI María Eugenia,,SALDAÑA Guadalupe,SALDAÑA Guadalupe,SALDAÑA Guadalupe,RUIZ DIAZ Marcelo J,,1,,,Vivienda unifamiliar,3,,4,,6,,,,,,181.44,,800,0.2247625,0.2268,,16807950.55,186794.21,,"vivienda unifamiliar a contruir, con piscina, en PB dormitorio ppal en suite, con vestidor y baño, hall de acceso, toilete, comedor estar cocina desayunador, despensa y lavadero, galeria semicubierta con parrilla, y toilete ext, semicubierto al frente para dos autos, en PA dos dormitorios",2025-02-28 00:00:00,,"5/2/25, baldio"
,31,"mail, 568412",2024-05-23 00:00:00,A CONSTRUIR,49499,474,4187,,,86,10,Urbana,Noailles Nº 546,CAGIGAS Jose Maria,AMERICAN BUILDING S.A.U.,PERNO Rubén Alberto,PERNO Rubén Alberto,PERNO Rubén Alberto,AMERICAN BUILDING S.A.U.,,12,,,Viviemda multifamiliar,,12,,24,,24,,,,,965.68,,333.66,0.7856200923095366,2.8942036803932143,,,,ING. CONST,"edificio de deptos, 12 unidades a construir, cada una con un dormitorio, baño, cocina comedor estar, balcon, cochera semicubierta en PB, se anexa al edificio ya visado y se unifican lotes"
,,,,,14195,475,4188,,,86,9,Urbana,Bvard Gûemes Nº 168,LENTINO Rosa Josefina,,,,,,,18,,,Vivienda multifamiliar,,22,,40,,44,,,,,780.1150000000001,,479.82,0.37878787878787884,1.4437080571881122,,61504691.54500001,3210330.15,ING. CONST,"18 departamentos EN CONSTRUCCION CON PLANO YA VISADO 22/05/24, 4 de dos dormitorios, baño, cocina comedor estar, el resto de un dormitorio, cocina comedor estar, cocheras descubiertas y semicubiertas en PB, BAJO ORD 27/10, art 1, punto 1, inc 9, punto 2 inc 2 y 3, CE art 5, 27, 37, ORD 02/25, ANEXO 1, Art 23",2025-02-28 00:00:00,,"19/12/24 , iniciada, fundaciones e instalaciones"
MARZO,32,569713,2025-01-22 00:00:00,A CONSTRUIR,60410,158720,32428,111,,5,1,PeriUrbana,Calle Juan C Pozzi s/Nº,STURTZ Alejandra Patricia,,BESSON Valeria Soledad,BESSON Valeria Soledad,BESSON Valeria Soledad,LEZCANO Carlos,,1,,,Vivienda unifamiliar,,1,,2,,2,,,,,166.86,,2360,0.07570338983050848,0.07070338983050849,2.6,#REF!,176237.5,ARQ.,"vivienda unifamiliar a construir, un dormitorio en suite con baño completo y vestidor, baño de servicio, hall de acceso, estar, cocina desayunador comedor, galeria semicubierta con sector parrrilla, semicubierto de acceso, acceso de servicio, lavadero cubierto",2025-03-18 00:00:00,,"23/1/25, no comenzada"
,33,568783,2024-12-17 00:00:00,A CONSTRUIR,51564,161373,32988,2,,6,1,Periurbana,Calle Pública s/Nº,SERRA Susana Alicia,,DE LA FUENTE Natalia,,,,1,,,,Vivienda unifamiliar,1,,2,,2,,,,60,,,,1600,0.0375,0.0375,3.6363636363636362,13511682,213400.05,ARQ.,"relevamiento de vivienda unifamiliar de bloques de Hormigón, un dormitorio, cocina comedor estar, baño, deposito, espacio de cochera descubierta, vereda a cosntruir, BAJO ORD 27/10, art 1, punto 2, inc 2, Infraccion CE art 5, 27, 37, 144, 151",2025-03-18 00:00:00,,2024-12-19 00:00:00
,34,"MAIL, 570863",2024-12-10 00:00:00,RELEVAMIENTO,48298,119867,6012,,,6,4,Centro,Moreno Nº 835 esq Bvard Gonzalez,VELLAND Raúl Oscar,,COT Davis Enrique,,,,1,,,,Vivienda unifamiliar,1,,,,2,,,,48.3,,,,394.82,0.12,0.12233422825591408,,10207714.754999999,142748.03,ARQ.,"relevamiento de vivienda unifamiliar, MONOAMBIENTE, COCINA COMEDOR DORMITORIO, BAÑO, SEMICUBIERTO LATERAL, bajo ord 27/10, ART 1, PUNTO 2, INC 2, Infracion ce ART 5, 27, 37, 144, 151 ,202, 223, 232, 233",2025-03-18 00:00:00,,2025-03-11 00:00:00
,35,566553,2024-10-16 00:00:00,RELEVAMIENTO,59848,168064,21420,81,,523,13,Urbana,Bvard Gonzalez Nº 640,REBOSSIO Eric Alejandro,,MARIN Jorge Fabricio,,,,1,,,,Vivienda unifamiliar,2,,3,,4,,,,142.015,,,,300,0.26739999999999997,0.47338333333333327,,38468274.39363636,569763.59,M.M.O.,"relevamiento de vivienda unifamiliar, en PB cocona comedor estar, baño, cochera cubierta, deposito lavadero, en PA dos dormitorios, estar intimo, deposito, pequeño balcon al frente, BAJO ORD 27/10, art 1, punto 2, inc 1 y 2, Infraccion CE art 5, 27, 37, 144, 151, 181, 182, 201, 202, 236 (Ç pozo en la vereda)",2025-03-18 00:00:00
,36,"mail, 570383",2024-12-04 00:00:00,RELEVAMIENTO,45501,142714,20808,49,,410,2,Urbana,"Santa Crúz Nº 510, 514",RECALDE Horacio José,,NOLASCO Joaquina,,,,5,,,,Vivienda multifamiliar,6,,,,12,,,,227.3,,,,307.5,0.6598048780487805,0.7391869918699188,,670.5350000000001,117567.26,ARQ.,"relevamiento de cinco unidades de viviendados monoambientes, dos unidades de un dormitorio, una de dos dormitorios, todas con un solo baño, cocina comedor, cocheras en retiro solo para 3 unidades, BAJO ORD 27/10, art 1, punto 2, inc 2 y 3, Infraccion Ord 02/25, anexo 1, art 23, Ord 53/07, Ord 56/07, art 3, CE art 5, 27, 37, 144, 151, 178, 179, 181, 182, 202, 223, 226, 233, 247",2025-03-19 00:00:00,,2025-03-13 00:00:00
,37,"mail, 570639",2025-01-08 00:00:00,RELEVAMIENTO,63371,575,4566,,,169,12,Centro,"M. Moreno Nº  240, e/ Laprida y Alem",MASE Andres Javier y YANINA Maria Victoria,,SOTO Lorena Paola,,,,2,,,,Local comercial,,,,,,,,214.5,,405.735,,,688.07,0.9089191506678098,0.9014126469690583,,105573005,1538108.97,ARQ.,"modificaciones en vivienda unifamiliar se convierte en restaurante, llocal comercial en la esquina, existnete con planos viejos, se releva parte de servicios y deposito, BAJO ORD 27/10, art 1, punto 2, inc 2 , Infraccion Ord 2/25, anexo 1, art 23, CE art 5, 27, 37, 130, 144, 151, 179, 191, 230, 232, ",2025-03-19 00:00:00,,"5/3/25, terminado"
,38,567483,2024-11-06 00:00:00,RELEVAMIENTO,56541,149475,20933,27,,338,12,Urbana,Tucumán Nº 1184,DULCCE Carlos Emilio,,MARTIN Melisa Paola,,,,1,,,,Vivienda unifamiliar,1,,2,,2,,,,60,,,,310.22,0.17407001482818643,0.19341112758687382,3.3333333333333335,11291405.714285715,240592.47,ARQ.,"vivienda unifamiliar relevada, un dormitorio en PA, cocina comedor, baño y cochera semicubierta en PB, BAJO ORD 27/10, art 1, punto 2, inc 2, Infraccion CE art 5, 27, 37, 141, 144, 151, 194, 201, 202, 223, 233",2025-03-19 00:00:00,,2024-11-12 00:00:00
,39,569867,2025-01-29 00:00:00,RELEVAMIENTO,38675,1114,4840,,,179,9,Urbana,Paso de los Andes Nº 175,SUGASTI Juan Guillermo,,LEMA Carolina Isabel,,,,2,,,,Vivienda multifamiliar,2,,3,,6,,,,88.515,,,,327.2,0.3290647921760391,0.2705226161369193,3.8,22078069.261499997,240391.65,ARQ.,"relevamiento de una unidad monoambiente, con office y baño, otra unidad de un dormitorio, baño, cocina comedor y patio, BAJO ORD 27/10, art 1, punto 2, inc 2 y 3, Infraccion Ord 2/25, (retiro), Ord 53/07(cocheras), CE art 5, 27, 37, 176, 178, 179, 202, 247",2025-03-20 00:00:00,,2025-02-05 00:00:00
,40,"mail, 570355",2024-12-11 00:00:00,rELEVAMIENTO,56038,165051,33564,308,,,20,Periurbana,Calle Pública s/Nº,PORCILE Anahí,,CASAS Ileana Lihue,,,,1,,,,Vivienda unifamiliar,3,,4,,6,,124.37,,79.15,,,,6775,0.03531217712177122,0.030039852398523987,,47232386,708640.12,ING. CIVIL,"relevamiento de salon de usos multiples en ejecucipn , dos grupos sanitrios hombre mujeres, cada uno con dos inodoros, dos bahcas compartidas, vivenda existente con planos ",2025-03-20 00:00:00,,"19-02-2025, temrinado"
,41,548481,2022-12-06 00:00:00,CONFORME,55558,164507,33479,247,,,,Núcleo Urbano Ampliado,Calle Pública s/N°,VALLEJOS Claudio Alberto,,VALLARINO Guillermo Daniel y MARIN Jorge Fabricio,,,,,,,,Vivienda unifamiliar,,,,,,,116.995,,,,,,450,0.2,0.2599888888888889,,,29627,ARQ.,"plano conforme a obra de vivienda unifamiliar, PB estar comedor cocina, dormitorio, baño, sector bacha, lavadero, galeria semicubierta, cochera semicubierta, PA dos dormitorios y baño, BAJO ORD 27/10, art 1, punto 2, inc 2, Infraccion CE art 141, 144, 151, 181, 182, 202",2025-03-20 00:00:00
,42,"mail, 570736",2025-01-28 00:00:00,RELEVAMIENTO,46801,104063,3351,,,18,18,Urbana,Chacabuco Nº 774,CASTAGNOLI Sonia J,,MOYANO María Laura,,,,3,,,,Vivienda multifamiliar,4,,5,,8,,96.9,,119.25,,,,406.25,0.5230030769230769,0.5320615384615385,,23662555.261363637,605656.17,ARQ.,"relevamiento , antigua vivienda convertida en dos minideptos de un dormitorio, baño, cocina comedor, vivienda de madera de PB y PA constrida en el fondo del lote, dos dormitorios , baño, cocina comedor estar, piscina, cochera semicubierta para un vehiculo, BAJO ORD 27/10, art 1, punto 2, inc 2 y 3, Infraccion CE art 5, 27, 37, 144, 151, 176, 178, 179, 181, 182, 198, 201, 202, 223, 233, 247, ORD 56/07, art 3, inc 1, sub inc 1, ORD 53/07, ORD 02/25, Anexo 1, art 23",2025-03-20 00:00:00,,2025-03-05 00:00:00
,43,"mail, 568967",2024-11-04 00:00:00,RELEVAMIENTO,52470,162050,33112,2,,,137,Periurbana,Calle Pública esq Ruta Nº 135,RUIZ DIAZ Juliana,,MAHER Luciana,,,,6,,,,Vivienda multifamiliar,6,,,,12,,386.15,,87.96,,,,1251.66,0.26,0.07027467523129283,,18575057.714285713,705747.88,ING. CIVIL,"relevamiento de seis unidades de vivienda de alquiler, cada una con un dormitorio, baño, cocina comedor, cochera descubierta, pequeño semicubierto; piscina,  , BAJO ORD 27/10, art 1, punto 2, inc 2 y 3, Infraccion Ord 02/25, Anexo 1, art 24, INFRACCION  CE art 5, 27, 37, 144, 151, 178, 179, 202, ORD 53/07",2025-03-21 00:00:00,,2025-01-06 00:00:00
,44,"mail, 570657",2024-10-03 00:00:00,RELEVAMIENTO,26374,119714,5983,,,736,3,Urbana,Sarmiento Nº  684,MARZIANO Juan Pablo,DURAN Jorge Gregorio,GRAZIANI Jorge Agustin Alexis,,,,2,,,,Cabañas,2,,,,4,,,,31.455000000000002,,,,432.6,0.08268608414239483,0.0727115117891817,,5449075.470000001,101012.06,ING. CIVIL,"relevamiento de dos cabañas, sólo dormitorios con baño,, bajo ord 27/10, ART 1, PUNTO 2, INC 2 Y 3, INFRACCION CE art 5, 27, 37, 144, 151, 176, 178, 181, 182, 198, 201, 202, 214, ORD 2/25, Anexo 1, art 23",2025-03-21 00:00:00,,2025-03-05 00:00:00
,45,570992,2025-03-11 00:00:00,A CONSTRUIR,39625,138348,31594,,,6,3,Urbana,Calle Pùblica s/Nº - Los Bretes,"PIANETTI, Oscar Damiàn",,SERRANO María Laura y VIOLLAZ Carolina,SERRANO María Laura y VIOLLAZ Carolina,SERRANO María Laura y VIOLLAZ Carolina,VIOLLAZ Josè Alberto,,,1,,Vivienda unifamiliar,,,,,,,252.11,,,,,,827.33,0.2394328744273748,0.3047272551460723,,6548064,344316.2,ARQ.,"vivienda existente con plano de 2022, piscina a cosntruir",2025-03-26 00:00:00,,"13/03/25, no comenzado"
,46,570790,2025-03-05 00:00:00,RELEVAMIENTO,,167803,33825,271,,2,15,Periurbana,Calle Pùblica s/Nº,AMARILLO Martin Alberto y CALLERO Patricia Cecilia,,SERRANO María Laura y VIOLLAZ Carolina,,,,1,,,,Vivienda unifamiliar,3,,4,,6,,,,121.00999999999999,,,,231.1,0.6237992211163998,0.5236261358719169,,30427977.4995,761731.16,ARQ.,"relevamiento de vivienda unifamiliar, dos dormitorios, uno mas pasado por ""escritorio"", cocina barra desayunador comedor estar, baño, cochera semicubierta lateral, galeria fondo con parrilla, piscina con sector cabina deposito, BAJO ORD 27/10, art 1, punto 2, inc 2 y 3, INFRACCION ORD 2/25, Anexo 1, art 23, CE art 5, 27, 37, 144, 151, 176, 179, 181, 182, 201, 202, 223, 233, 236, ORD 53/07",2025-03-26 00:00:00,,2025-03-10 00:00:00
ABRIL,47,568976,2024-12-26 00:00:00,RELEVAMIENTO,11946,103312,30394,203,,,2,QUINTAS,"Ruta Nº 135, KM 4,5",CAGLIERI Norma Rita,,MARIN Jorge Fabricio,,,,2,,,,Vivienda unifamiliar + Quincho SUM,5,,7,,17,,,,551.9933333333332,,,,48568.46,,,,149519086.55575755,2576432.59,M.M.O,"relevamiento de un depto de dos dormitorios, uno en PA con pequeño estar intimo, otro en PB cocina comedor y baño, adosado a un quincho con baños hombre y mujer mas baño discapacitados, dos dormitorios amplios en PA, quiere habilitar como hosteria, BAJO ORD 27/10, art 1, punto 2, inc 2, Infraccion Ord 56/07, art 4, Ord 53/07, CE art 5, 27, 37, 176, 179, 226 ",2025-04-01 00:00:00,,2025-01-13 00:00:00
,48,"mail, 571125",2024-12-10 00:00:00,RELEVAMIENTO,51973,161658,33073,310,,1,11,PeriUrbana,Calle Karai Yamandú S/Nº,KÜHN Juan Ignacio y PARDO Brenda Mariel,,GRAZIANI Jorge Agustin Alexis,,,,1,,,,Vivienda unifamiliar,2,,3,,4,,,,111.195,,,,618.7,0.22558590593179245,0.1797236140294165,,30049809.378749996,430573.66,ING. CIVIL,"relevamiento de una vivienda, tres dormitorios, uno con vestidor, baño, paso, hall ingreso, estar comedor cocina desayunador, galeria lateral y fondo, con cochera y parrilla, BAJO ORD 27/10, art 1, punto 2, inc 2 y 3, Infraccion Ord 2/25, Anexo 1, art 24, CE art 5, 27, 37, 141, 144, 151, 178, 181, 182, 202",2025-04-01 00:00:00,,2025-03-27 00:00:00
,49,"mail, 571193",2024-12-16 00:00:00,RELEVAMIENTO,54461,163772,33419,331,,2,16,Periurbana,Juana Uzurduy s/Nº,LEGASPI Manuel Antonio,,NOLASCO Joaquina,,,,1,,,,Vivienda unifamiliar,1,,2,,2,,,,105.35,,,,430.86,0.28245833913568213,0.24451097804391214,,16684460.1,374898.97,ARQ.,"relevamiento de vivienda unifamiliar de un dormitorio, baño, cocina comedor estar, lavadero cubierto, semicubierto cochera lateral, semicubierto frente acceso, BAJO ORD 27/10, art 1, punto 2, inc 2, Infraccion CE art 5, 27, 37, 144, 151, 179, 202",2025-04-07 00:00:00,,2025-04-03 00:00:00
,50,"mail, 571200",2024-11-05 00:00:00,RELEVAMIENTO,11998,103349,1139,,,170,1,Centro,"Larpida Nº 51, esq Avda Urquiza",FERREYRA María Estela,,CASAS Ileana Lihue,,,,1,,,,Local Comercial,,,,,,,,,,60.26,,,109.8,0.5469945355191257,0.548816029143898,,12204698.84,153401,ING. CIVIL,"relevamiento de local comercial, un solo baño, BAJO ORD 27/10, art 1, punto 2, inc 1 y 2, Infraccion Ord 29/10, art 1, Ord 130/22, art 19, CE art 5, 27, 37, 130,  176, 179, 202, 230",2025-04-07 00:00:00,,2025-04-04 00:00:00
,51,571459,2025-03-25 00:00:00,A CONSTRUIR,58190,166571,33789,223,,8,13,Periurbana,Las Perdices s/Nº,ECHEGARAY Hector Pablo,,MARONE Leandro E.,MARONE Leandro E.,MARONE Leandro E.,RUIZ DIAZ Marcelo J,,1,,,Vivienda unifamiliar,,2,,3,,4,,,,,100.52,,510,0.1996470588235294,0.19709803921568628,,24028275.669999998,87288.31,M.M.O.,"vivienda unifamiliar a construir, dos dormitorios, baño, cocian comedor estar, lavadero descubierto, cochera descubierta",2025-04-08 00:00:00,,2025-04-03 00:00:00
,52,"mail, 571515",2025-01-15 00:00:00,RELEVAMIENTO,23901,117373,41,,,115,9,Centro,12 de Abril Nº 450,MORALES Yolanda Griselda,,PACCOT Javier Humberto y BLANC Maximiliano G.,,,,1,,,,Local comercial,,,,,,,,,,126.57,,,136.91,0.9244759330947337,0.9244759330947337,,,,ARQ.,"relevamiento de modificaciones realizadas en local comercial, BAJO ORD 27/10, art 1, punto 2, inc 2 y 3, Infraccion ORD 130/22, art 19, CE art 5, 27, 37, , 179, ,,,"
,53,"mail, 571751",2025-01-08 00:00:00,RELEVAMIENTO,45875,316,4198,,,183,26,Urbana,3 DE Febrero Nº 122,CARDENAL Carolina Anali,,SOLIS Carlos Gustavo,,,,2+1,,,,Vivienda multifamiliar,4,,5,,8,,67.61,,84.82,,,,242.39,0.46845991996369496,0.6288625768389786,,,,M.M.O.,"relevamiento de quincho y pileta ejecutados al fondo, siete unidades de vivienda,2 tipo monoambiente, con una division precaria en el interior, una en PA de dos dormitorios, baño, cocina comedor estar, cocheras al frente",2025-04-08 00:00:00,,2025-04-07 00:00:00
,,,,,45876,148948,9067,,,183,3,Urbana,3 DE Febrero Nº 122,CARDENAL Carolina Anali,,SOLIS Carlos Gustavo,,,,2+2,,,,Vivienda multifamiliar,4,,4,,8,,64.25500000000001,,67.22,,,,242.39,0.2815297660794588,0.5424109905524157,,7950000,680351.37,M.M.O.,"4 tipo monoambiente, con una division precaria en el interior, dos en PB y dos iguales en PA, estos dos lotes funcionan juntos como complejo, BAJO ORD 27/10, art 1, punto 2 y 3, Infraccion Ord 02/25, Anexo 1, art 23, Ord 53/07, CE Art 5, 27, 37, 141, 144, 151, 178, 179, 202, 223, 226, 232, 233, 247"
,54,"mail, 571750",2024-12-10 00:00:00,RELEVAMIENTO,24318,118007,5447,,,165,16,Urbana,Mitre Nº 228,LOPEZ Héctor Osvaldo,,SOLIS Carlos Gustavo,,,,3,,,,Vivienda multifamiliar,6,,9,,12,,224.66,,0.48,,,,219.96,0.7288143298781595,1.0235497363156936,,108455.12347826087,65818.33,M.M.O,"relevamiento de tres viviendas, dos en PB y una en PA, cada una de dos dormitorios, cocina comedor estar, baño, la de PA con terraza de acceso, una sola cochera",2025-04-08 00:00:00,,2025-04-07 00:00:00
,55,"mail, 571399",2024-10-01 00:00:00,RELEVAMIENTO,5451,163457,33339,,,6,3,Periurbana,Calle ·Echague s/Nº - Colonia Hughes,LANZAROTTI Ana Candelaria,,VOEFFRAY Nora Rosana,,,,1,,,,Vivienda unifamiliar,2,,3,,4,,,,57.775,,,,600,0.10333333333333333,0.09629166666666666,4.3,12809838.334999999,243533.54,M.M.O.,"relevamiento de vivieda unifamiliar de dos dormitorios, baño, cocina, comedor estar, cochera semicubierta lateral, semicubierto al frente, BAJO ORD 27/10, art 1, punto 2, inc 2, Infraccion CE art 5, 27, 37, 176, 178, 181, 182, ORD 02/25, Anexo 01, Art 24",2025-04-08 00:00:00
,56,566242,2024-10-07 00:00:00,A CONSTRUIR,57682,1034,4449,,,215,9,Centro,Noailles Nº ,DEYMONNAZ Oscar,FIDEICOMISO ASIA I,PACCOT Javier Humberto y BLANC Maximiliano G.,PACCOT Javier Humberto y BLANC Maximiliano G.,PACCOT Javier Humberto y BLANC Maximiliano G.,JACQUET Roberto,,19,,,Vivienda multifamiliar,,29,,48,,58,,,,,1465.4100000000003,,582.01,,2.517843336025155,,393989956.7508001,1371666.9,ARQ.,"vivienda prexistente demolida, ver lotes, edificiao de departamentos, 19 unidades, dos y tres dormitorios, terraza con quincho, cocheras semicubiertas",2025-04-09 00:00:00,,"11/3/25, NO COMENZADA"
,57,"mail, 571201",2024-11-25 00:00:00,RELEVAMIENTO,30531,1320,818,,,170,13,Urbana,Avda. Urquiza Nº 212,ANTUNEZ Marceal Noemí,,CASAS Ileana Lihue,,,,1,,,,Local comercial,,,,,,,,,229.8,106.77,,,311.94,0.9578765147143682,1.078957491825351,,129753823.06375,1793980.45,ING. CIVIL,"relevamiento local comercial, restaurante parrilla, y vivienda unifamiliar de dos dormitorios, baño, cocina comedor, planta alta sin termimnar solo terraza, BAJO ORD 27/10, art 1, punto 2, inc 2 y 3, Infraccion Ord 62/21, Decreto 229/22, CE art 5, 27, 37, 179, 202, 226, 230, 227, 247",2025-04-10 00:00:00,,2025-04-04 00:00:00
,58,570974,2025-03-11 00:00:00,RELEVAMIENTO,53327,162651,33216,231,,,7,Periurbana,"Primeros Colonos s/Nº, e/ Ara San Juan y Alcoba",PEREZ Patricia Graciela y CUELLO Sergio Alberto,,CASAS Ileana Lihue,,,,2,,,,Cabaña,1,,0,,2,,,,47.864999999999995,,,,999.98,0.05279105582111642,0.04786595731914638,,10945081.337249998,,ING. CIVIL,"cabaña, monoambiente, baño, acceso semicubierto, BAJO ORD 27/10, art 1, punto 2, inc 2, Infraccion CE art 5, 27, 37, 176, 181, 182",2025-04-11 00:00:00,,2025-03-13 00:00:00
,,,,,57846,166357,33764,,,,10,,,,,,,,,,,,,Vivienda unifamiliar,3,,1,,6,,,,174.005,,,,646,0.2903095975232198,0.2693575851393189,,44210394.94857143,830877.24,,"vivienda unifamiliar, tres dormitorios, baño, cocina comedor, estar comedor ppal, dos baños, "
,59,571265,2025-03-19 00:00:00,A CONSTRUIR,63542,170849,34346,327,,7,4,Periurbana,Salsipuedes s/Nº,BERON Eduardo Horacio,,MANUCCI José María,MANUCCI José María,MANUCCI José María,no identificado,,1,,,Vivienda unifamiliar,,2,,3,,4,,,,,56.53,,316.1,0.191584941474217,0.1788358114520721,,14296352.205,69089.63,ARQ.,"vivienda unifamiliar a construir, dos dormitorios, baño, cocina comedor, pequeño semicubierto de acceso",2025-04-11 00:00:00,,"20/3/25, no comenzado"
,60,"mail, 571922",2024-08-08 00:00:00,A CONSTRUIR,23550,1214,976,,,112,19,Urbana,Noailles Nº  158 esq Artigas,FREI Federico Humberto,,ACUÑA Raúl Enrique,ACUÑA Raúl Enrique,ACUÑA Raúl Enrique,BOGADO BENITEZ Eric Wilfrido,,1,,,Vivienda unifamiliar,,4,,5,,8,,,,,223.64,,281.67,0.5091064011076792,0.7939787694820178,,124915856.11999999,1027914.61,ARQ.,"vivienda unifamiliar a construir, en PA tres dormitorios, uno con vestidor y balcón, baño completo compartimentado, lavadero con balcon, en PB dormitorio ppal en suite con baño y vestidor, cocina desayunador comedor estar, galeria pergola, cochera cubierta para dos vehiculos con sector de servicio y deposito, parrilla exterior, BAJO ORD 27/10, art 1, punto 1, inc 9, I nfraccion CE art 5, 27, 37",2025-04-17 00:00:00,,"16/5/24, demolicion no comenzada",,97.835,61982913.70363636
,61,569629,2025-01-20 00:00:00,A CONSTRUIR,52546,106855,3863,,,613,6,Centro,Bvard Gaillard Nº 567,BIDAL Hugo Abel,,TOTORICA Jorge,TOTORICA Jorge,TOTORICA Jorge,,,,1,,Galpón / Depósito,,,,,,,,137.5,,45.9,,134.95,138.75,1,1.9636036036036035,,10769010,115573.61,ARQ.,"ampliacióin en galpón, depósito, refacciones, se aprobo división del antiguo galpon en dos ""lotes"" por HCD, y ase reformaran las existentecias para independizar el lugar , cambio de techos, etc, BAJO ORD 27/10, art 1, punto 2, inc 2, Infraccion Ord 29/10, art 1",2025-04-16 00:00:00,,"21/1/25, no comenzada"
,62,"mail, 571862",2024-10-07 00:00:00,RELEVAMIENTO,48500,137631,31506,,,,65,Periurbana,"Ruta Nac. Nº 14, km ",ECHEVARRIA Jorge A (apoderado),FADEL S.A.,FRANCOU Pablo A,FRANCOU Pablo A,FRANCOU Pablo A,BREM Lucas,,,1,,Estacion de servicios,,,,,,,,612.25,,71.45,,53.95,72170,0.15,0.1,,25700000,472437,ARQ.,"ampliacion de estacion de servicio Axion, servicios, BAJO ord 27/10, art 1, punto 2, inc 2, Punto 1, inc 9, Infraccion CE art 5, 27, 37, 179",2025-04-21 00:00:00,,"10/4/25 , terminado"
,63,"mail, 569271",2024-10-15 00:00:00,A CONSTRUIR,7635,1029,887,34,,172,9,Centro,Calle 12 de Abril Nº 229,ROUDE Alfredo Luis,,MARTIN Melisa Paola,MARTIN Melisa Paola,MARTIN Melisa Paola,ESPIGA VILLAND Joaquin,,,1,,Clínica del Ojo,,,,,,,,163.47,,,,193.1,756.68,0.4867975894697891,0.47122958185758845,,58092000,746165.48,ARQ.,"Amplaición de la clínica del Oja, salas de cirugía, quirófano, consultorios, sala de espera, grupo sanitario, emergencias, etc, BAJO ORD 27/10, art 1,m punto 1, inc 9, Infraccion CE art 5, 27, 37,",2025-04-21 00:00:00,,"21/1/25, no iniciada, 28/3/25, demolicion de galeria, ejecucion de losa "
,64,570897,2025-02-07 00:00:00,RELEVAMIENTO,48086,158653,32455,327,,11,2,Urbana,Cabo Pereyra Nº 376,VAZQUEZ Juan Manuel,,MARTIN Melisa Paola,,,,1,,,,Cancha Fùtbol 5,,,,,,,,,,,,,830,0,,,13911800,221330.64,ARQ.,"cancha de futbol 5, los servicios se encuentran en el lote lindero, BAJO ORD 27/10, art 1, punto 2, inc 2, Infraccion CE art 5, 27, 37, 144, 202, 230, Ord 67/2014, art 3, inc b y d, art 4 y 5",2025-04-21 00:00:00,,2025-03-11 00:00:00
,65,"mail, 571945",2024-12-23 00:00:00,CONFORME,40123,138718,31669,268,,,11,Periurbana,Ruta N° 135,MARTINEZ Héctor Arnaldo y PONZO Esmeralda Beatriz,,PALACIOS María Silvina,PALACIOS María Silvina,PALACIOS María Silvina,MARTINEZ Jose L.,1,7,,,Vivienda multifamiliar,2,10,4,12,4,20,290.615,,487.18,,,,6255.64,0.13235416360276483,0.12433500009591346,,2135068.4194736844,45565,ARQ.,"conforme a obra de vivienda con ampliaciones y qiuncho, viviendas bungalows de dos dormitorios, baño, cocina comedor, cocheras descubiertas, BAJO ORD 27/10, art 1, punto 2, inc 2, punto 1, inc 9,  Infraccion CE art 10, 27,37 del CE",2025-04-24 00:00:00,,"14/4/25, terminada"
,66,571822,2025-04-08 00:00:00,DEMOLICION,35690,1544,167,,,20,6,Centro,San Martín Nº 757,ALFIERI Silvina María Lourdes,,GUTIERREZ Fernando Marcelo,,,,,1,,,Vivienda unifamiliar,,,,,,,,,,,,,,,,,650000,65031,ARQ.,"demolición de vivienda unifamiliar existente, 139,00 m2 cub y 2,00 m2 semicub",2025-04-24 00:00:00,,2025-04-09 00:00:00
,67,567345,2024-11-01 00:00:00,A CONSTRUIR,61379,707,728,,,129,13,Centro,9 de Julio Nº 35,MINATTA Marcelo Humberto Mario,,JACQUET Ariel Norberto,JACQUET Ariel Norberto,JACQUET Ariel Norberto,RAMOS Omar Ricardo,,1,,,Local comercial,,,,,,,,,,,,262.98,263.39,0.7070883480769962,0.9984433729450626,2.5,38950000,675031.9,ING. CIVIL,"demolicion de vivienda existente ( sin permiso y con ACTAS), a construir local comercial, BAJO ORD 27/10, art 1, punto 1, inc 9, Infraccion DE art 5, 27, 37",2025-04-28 00:00:00,,"12/11/24, demolicion concluida"
,68,563304,2021-01-11 00:00:00,CONFORME,45752,148969,20831,62,,465,17,Residencial Sur,Vergniaud Nº e/ Avda Paysandù y Rocamora,VILLAGRA Clara Lidia,,CRETTON Manuel ,CRETTON Manuel ,CRETTON Manuel ,no identificado,,1,,,Galpòn - Depòsito - Oficina,,,,1,,,,,,,,229.8,368.65,0.5446900854469009,0.623355486233555,,63683554.800000004,951191.73,ARQ.,"galpòn depòsito a construir, con oficina, no declara uso o destino, BAJO ORD 27/10, art 1, punto 1 inc 9, punto 2, inc 2 y 3, Infraccion Ord 53/07, Ord 02/25, Anexo 1, artt 23, CE art 5, 27, 37, 144, 151, 179, 187, 202, 227, y 232",2025-04-29 00:00:00,,"inspeccion 14/1/21, lote baldìo - Terminado 24/6/24"
MAYO,69,571740,2025-04-03 00:00:00,RELEVAMIENTO,44621,142090,20793,16,,273,14,Urbana,Madre Isabel Fernández Nº 251 esq Tucumán,DURE NOLLA Eladia Lorena,,SERRANO María Laura y VIOLLAZ Carolina,,,,1,,,,Vivienda unifamiliar,2,,3,,4,,37.975,,37.87,,,,146.07,0.5430273156705689,0.5192373519545423,3.6363636363636362,8921344.540499998,149816.23,ARQ.,"relevamiento de quincho, con sector cocina y parrilla, deposito, vivienda existente con antecedente, BAJO ORD 27/10, art 1, punto 2, inc 2 y 3, Infraccion Ord 02/25, Anexo 1, art 23, CE art 5, 27, 37, 144, 151, 178, 181, 202, ORD 02/25, Anexo 1, art 23, ACTA 1151",2025-05-08 00:00:00,,2025-04-04 00:00:00
,70,572305,2025-04-29 00:00:00,RELEVAMIENTO,41408,139761,31866,291,,,12,Periurbana,José Brovatti Nº,GIANI Gastón Leandro,,BERTOLDI Fabian A,,,,1,,,,Vivienda unifamiliar,3,,5,,6,,114.1,,95.28999999999999,,,,680,0.3339411764705882,0.3079264705882353,3.2222222222222223,26013684.50136363,629899.5,ARQ.,"relevamiento de vivienda unifamiliar de tres dormitorios, uno en suite con baño y vestidor, estar , comedor cocina, baño con antebaño, galeria perimetral semicubierta, quincho con lavadero y baño, deposito",2025-05-14 00:00:00,,2025-05-08 00:00:00
,,,,,41409,139762,31867,,,,11,,,,,,,,,,,,,,,,,,,,,,11.76,,,,680,0.03458823529411765,0.017294117647058824,,5492615.014545454,,,"parte de la galeria perimetral se encuentra en este lote, y una pergola de madera"
,71,564853,2024-09-09 00:00:00,A CONSTRUIR,36425,135906,20286,42,,396,15,Urbana,Noailles Nº 1096 esq Rebord,MALAGRIDA Leandro Nicolas,,SCHONFELD Evelyn Janet,SCHONFELD Evelyn Janet,SCHONFELD Evelyn Janet,MALAGRIDA Gastón,,1,,,Vivienda unifamiliar,,3,,4,,6,,,,,116.64,,300,0.45883333333333337,0.3888,3,13578127718.4,188821.94,ARQ.,"vivienda unifamiliar a construir, tres dormitorios, uno en suite con vestidor y baño, acceso semicubierto, estar cocina desayunador comedor, baño, cochera cubierta, galeria",2025-05-19 00:00:00,,"6/9/24, baldio"
,72,"mail, 572813",2025-01-24 00:00:00,A CONSTRUIR,19937,50292,3040,,,651,2,Urbana,Sourigues Nº 486,BOUVET Vanesa Victoria,,ROSSIER Betiana Carolina,ROSSIER Betiana Carolina,ROSSIER Betiana Carolina,no identificado,,1,,,Vivienda unifamiliar,,3,,5,,6,,,,,239.60999999999999,,420,0.6078095238095238,0.5705,,67203462.33999999,249651.33,ARQ.,"vivienda unifamiliar a construir, tres dormitorios, uno en suite con vestidor y baño, baño completo, cocina comedor estar, hall acceso cubierto, deposito, lavadero, cochera semicubierta, quincho separado al fondo con baño, parrilla y amplia cocina",2025-05-19 00:00:00,,"14/5/25, no comenzada"
,73,572714,2025-05-08 00:00:00,CONFORME,6133,268,1257,,,167,8,Residencial Sur,"L. N. Alem N° 234, 238 y 244 (antes 240)",FREI Federico Humberto,,ACUÑA Raúl Enrique,ACUÑA Raúl Enrique,ACUÑA Raúl Enrique,BOGADO BENITEZ Eric Wilfrido,,3,,,Vivienda multifamiliar,,10,,3,,20,,,,,381.185,,592,0.4622297297297297,0.6438935810810811,,9911732.8015,3879,ARQ.,"tres unidades de vivienda a consruir, dos de tres dormitorios cada una, cocina comedor, baño, otra de dos dormitorios, cocina comedor, baño, cocheras al frente en el retiro descubiertas, BAJO ORD 27/10, art 1, punto 2, inc 2 y 3, Infraccion art 5, 27, 37, 179 del CE, Infraccion ORD 53/07, ORd 02/25, Anexo 1, art 23",2025-05-20 00:00:00,,2025-05-12 00:00:00
,74,"mail, 572790",2025-01-20 00:00:00,A CONSTRUIR,-30784,129922,2169,,,350,1,Urbana,"Piamonte Nº 332, 334",ORCELLET Angelina,,TORRAN Eduardo,TORRAN Eduardo,TORRAN Eduardo,no identificado,,1,,,Vivienda unifamiliar + Local comercial,4,,5,,8,,,,,,274.40000000000003,,630,0.49157142857142855,0.4355555555555556,2.4444444444444446,81241533.16363639,330484.06,ING. CIVIL,"vivienda unifamiliar, cuatro dormitorios, cocina comedor barra desayunador, un dormitorio en suite con vestidor y baño, lavadero cubierto, baño compartimentado, galeria semicubierta con parrilla, local comercial al frente con baño",2025-05-20 00:00:00,,"13/5/25, BALDIO"
,75,"mail, 572719",2025-03-05 00:00:00,RELEVAMIENTO,7668,2366,35,,,157,6,Centro,Sarmiento Nº 06,BONNIN Claudia Daniela,,ACUÑA Raúl Enrique,ACUÑA Raúl Enrique,ACUÑA Raúl Enrique,DRAY Daniel,1,,,,Vivienda unifamiliar,2,,3,,4,,,,329.9,,,,239.25,0.8110762800417973,1.3788923719958202,,338513867.4,2078586.03,ARQ.,"relevamiento casona antigua, refacciones y remodelaciones, reparaciones, dos dormitorios, estar, cocina comedor, despensa, baño, escritorio, en subsuelo dos salones, baños varones y mujeres, pergola, PASA A SER RESTAURANTE ( SE MUDA Brown 38), BAJO ORD 27/10, art 1, Punto 2, inc 2, Infraccion CE art 5, 27, 37, 176, 179 y 226, ORD 02/25, Anexo 1, art 22 (sup abs)",2025-05-21 00:00:00,,"13/5/25, refacciones en curso"
,76,572837,2025-05-13 00:00:00,RELEVAMIENTO,51769,161522,21201,41,,394,6,Urbana ,Rufino Mir Nº 265,CAIRE Cristobal Rolando,,CAIRE Marcelo,,,,1,,,,Local comercial,,,,,,,,144.8,115.95,,,,1004.29,0.27402443517310743,0.2596361608698683,,24102526.5,342802.18,ING. CIVIL,"relevamiento de ampliaciones en local comercial, BAJO ORD 27/10, art 1, punto 2, inc 2, Infraccion CE art 5, 27, 37, 144, 147, 151, 179, 187, 223, 233",2025-05-22 00:00:00,,2025-05-20 00:00:00
,77,"mail, 572995",2025-04-10 00:00:00,RELEVAMIENTO,2400,1780,160,,,35,13,Urbana,12 de Abril Nº 720,BORDET Julio Omar,,BENITEZ Enrique,,,,2,,,,Vivienda unifamiliar + Local comercial,3,,4,,6,,98.9,,,56.36,,,391.05,0.42311724843370413,0.3970336274133742,,15618821.36,279974.59,M.M.O.,"relevamiento de local comercial, con un baño, adosado a vivienda unoifamiliar con planos visados 1970, tres dormitorios, baño, cocina comedor, estar, semicubierto en el fondo a la salida del lavadero a relevar, BAJO ORD 274/10, art 1, punto 2, inc 2, Infraccion CE art 5,  27, 37, 144, 179, 247, 255, Ord 56/07, art 3, inc 1, sub inc a)",2025-05-23 00:00:00,,2025-05-20 00:00:00
,78,571494,2025-03-26 00:00:00,RELEVAMIENTO,25028,118680,5767,,,82,2,Urbana,Bvard Gûemes Nº 331,GEC Luís Alberto,,CERGNEUX Jorge R.,,,,5,,,,Vivienda multifamiliar,5,,5,,10,,,,170.23999999999998,,,,245.7,0.815140415140415,0.6928774928774928,,46112885.58545454,253250.32,M.M.O.,"relevamiento de cinco unidades de vivienda, tres monoambientes, dos de un dormitorio, BAJO ORD 27/10, art 1, punto 2, inc 2 y 3, INFRACCION Ord 2/25, Anexo 1, art 23, CE art 5, 27, 37,  144, 151, 178, 179, 232, 255, ORD 56/07, art 3, inc 1, sub inc a), ORD 53/07, Ord 02/25, Anexo 1, art 23",2025-05-23 00:00:00,,2025-04-04 00:00:00
,79,569913,2025-01-30 00:00:00,RELEVAMIENTO,27155,120314,6083,,,598,2,Urbana,Alvear Nº 522,BARZOLA Celia Susana,,CHINELLATO Pablo,,,,3,,,,Vviienda multifamiliar,5,,6,,10,,,,192.635,,,,433.3,0.3689129933071775,0.44457650588506803,,34407658.21727942,662106.57,ARQ.,"relevamiento de vivienda unifamiliar al frente, 5 dormitorios, , dos de ellos en pb uno con puerta a la calle, baño, toilete, comedor estar cocina, en pa tres dormitorios, baño. Dos cabañas al fondo del lote, sin cocina, BAJO ORD 27/10, art 1, punto 2, inc 2 y 3, Infraccion retiro, CE art 5, 27, 37, 141, 144, 151, 176, 178, 179, 202, 223, 233, 236,.cabañas, ORD 53/07, ORD 02/25, Anexo 1, art 23",2025-05-23 00:00:00,,2025-01-05 00:00:00
,80,mail,,A CONSTRUIR,,,161,,,172,12,Centro,Sarmiento Nº 27,ECHEVERRIA Graciela Maria,,MARTIN Melisa Paola,MARTIN Melisa Paola,MARTIN Melisa Paola,DRAY Daniel Alberto,,2,,,Vivienda unifamiliar + Local comercial,,2,,3,,4,,,,,142.40239999999997,36.1626,300.29,0.6691198508108827,0.594641846215325,,42162090.273636356,800600.81,ARQ.,"vivienda existente a demoler, vivienda unifamiliar a construir, dos dormitorios, baño completo comaprtimentado, baño estar comedor cocina desayunador, lavadero, cochera semicubierta para dos vehiculos, quinchpo con parrilla semicubierto, BAJO ORD 27/10, art 1, punto 1, inc 9, Infraccion CE art 5, 27, 37",2025-05-27 00:00:00,,2025-05-12 00:00:00
,81,"mail, 573021",2025-05-16 00:00:00,RELEVAMIENTO,37678,136862,7938,,,217,6,Urbana ,J. J. Paso Nº 204 esq. Reibel,MEDAIL Jorge Alberto,,CABRERA Noel Javier,,,,1,,,,Local comercial,,,,,,,,108.11,,119.79,,,415.54,0.5503441305289504,0.5484429898445397,,33196923.540000003,492155.01,ARQ.,"relevamiento de ampliación realizada en local comercial ( restaurante), BAJO ORD 27/10, art 1, punto 2, inc 2 y 3, Infraccion -Ord 02/25, Anexo 1, art 23, CE art 5, 27, 37, 141, 130, 176, 179, 202, 230, 232, 256, 258, ORD 02/25, Anexo 1, Art 23",2025-05-29 00:00:00,,2025-05-23 00:00:00
,82,"mail, 572969",2025-04-23 00:00:00,RELEVAMIENTO,43941,141469,32036,355,,15,4,Periurbana,Calle Pública s/Nº,VILLAVERDE Matías y Guadalupe,,NOLASCO Joaquina,,,,1,,,,Vivienda multifamiliar,12,,19,,24,,592.69,,44.45,,,,1611.2,0.32076092353525326,0.3954443892750745,,9394165.235,106900.79,ARQ.,"relevamiento de modificaciones realizadas en el complejo, superficie semicubierta pasa a cubierta cancelando el ingreso vehicular, BAJO ORD 27/10, art 1, punto 2 y 3, INFRACCION CE art 5, 27, 37, 178, 179, 236, 246, 247, ORD 53/07, ORD 131/22, ORD 02/25, Anexo 1, art 24",2025-05-29 00:00:00,,2025-05-22 00:00:00
,83,"mail, 572976",2025-05-16 00:00:00,REMODELACION,50337,1040,892,,,170,10,Centro,Avda. Urquiza Nº 230,JACQUET Ariel Humberto,,ACUÑA Raúl Enrique,ACUÑA Raúl Enrique,ACUÑA Raúl Enrique,BOGADO BENITEZ Eric Wilfredo,,,1,,Vivienda unifamiliar,3,,4,,6,,229.63,,164.22,,,,359.95,0.4562300319488818,0.4562300319488818,,27017236,456050.48,,"modificaciones en vivienda antigua con planos antecedentes con 229,63 m2, ahora tiene 164,22 m2, vivienda unifamiliar de tres dormitorios, dos en suite con baño completo uno con vestidor, zaguan acceso, paso, cocina comedor y estar, galeria semicubierta con sector parrilla, estacionamiento vehicular pergolado, BAJO ORD 27/10, art 1, punto 1, inc 9, INFRACCION CE art 5, 27, 37",2025-05-29 00:00:00,,"20/5/2025, iniciado sin permiso"
JUNIO,84,570602,2025-02-25 00:00:00,RELEVAMIENTO,52073,158946,32048,331,,2,5,Periurbana,Espinilloes esq J. Azurduyu s/Nº,EISENBERG Norberto Gabriel,,MEDAIL Sergio A.,,,,7,,,,Vivienda multifamiliar,7,,7,,14,,,,283.85,,,,861.72,0.3488372093023256,0.3293993408531774,,25000000,387515,ARQ.,"relevamiento de siete unidades de vivienda de alquiler, cada una con un dormitorio, baño, cocina comedor, cochera descubierta, pequeño semicubierto acceso, patio con parrilla al fondo, BAJO ORD 27/10, art 1, punto 2, inc 2,  INFRACCION CE art 5, 27, 37, 141, 144, 151, 176, 178, 201, 202, 233, 236, 247, ORD 53/07, O",2025-06-01 00:00:00,,2025-02-27 00:00:00
,85,572134,2025-04-23 00:00:00,RELEVAMIENTO,59758,167983,33868,223,,8,29,Periurbana,Calle Pública s/Nº,UGALDE María Elena y SOLLA ROLDAN Gonzalo Leonel,,GUTIERREZ Fernando Marcelo,,,,1,,,,Vivienda unifamiliar,1,,2,,2,,,,99,,,,554.73,0.13357849764750418,0.1784651992861392,,33400000,633231,ARQ.,"relevamiento de cabaña de madera, un dormitorio en PB, baño, cocina comedor, entrepiso no apto para dormitorio, cochera semicubierta, piscina, BAJO ORD 27/10, art 1, punto 2, inc 2, Infraccion CE art 5, 27, 37, 144, 176, 178, 179, 181, 182, 201, 202, 214, 247, 248",2025-06-03 00:00:00,,2025-05-22 00:00:00
,86,"mail, 573036",2025-04-04 00:00:00,RELEVAMIENTO,54725,163887,33456,160,,,20,Periurbana,Calle Pública s/Nº,DELLAGIUSTINA Diana Agustina - MALDONADO Felix Adolfo,,MOYANO Maria Laura,,,,3,,,,Vivienda multifamiliar,3,,3,,6,,,,140.15,,,,459.804,0.20313002931683935,0.3048037859609747,,29734697.00625,786438.26,ARQ.,"relevamiento de tres unidaes de monoambientes terminadas y un dormitorio sin acceso en PA, quincho al fondo, BAJO ORD 27/10, art 1, punto 2, inc 1 y 2, INFRACCION CE art 5, 27, 37, 144, 179, 181, 182, 202, 214, 226, 232, 236, 247, 248, ORD 53/07",2025-06-03 00:00:00,,2025-05-22 00:00:00
,87,"MAIL, 573131",2025-03-13 00:00:00,RELEVAMIENTO,16210,106423,3775,,,615,6,Urbana,Avda. Pte. Perón Nº 458,MARTINEZ Susana Beatriz,,DA SILVA Brian,,,,2,,,,Vivienda multifamiliar,4,,6,,8,,,,162.34,,,,210.9,0.5777145566619251,0.7697486960644855,3.4285714285714284,44497788.254285716,737102.37,ARQ.,"relevamiento de dos unidades de vivienda, una al frente en PB con dos dormitorios, baño, cocina comedor, la otra al fondo en PB cochera cubierta, cocina comedor, baño, lavadero, en PA dos dormitorios, baño, BAJO ORD 27/10, art 1, punto 2, inc 2 y 3, INFRACCION  CE art 5, 27, 37, 144, 181, 182, 202, 232, ORD 53/07, ORD 02/25, Anexo 1, art 23",2025-06-03 00:00:00,,2025-05-30 00:00:00
,88,"mail, 573293",2025-01-22 00:00:00,CONFORME,9449,108252,1187,,,173,14,Centro,"Sarmiento Nº 71 , 73",PERNO Rubén y RENZI Liliana,,PERNO Rubén Alberto,,,,12,,,,Vivienda multifamiliar,14,,12,,28,,707.4150000000001,,69.5,,,,421.42,0.502847515542689,1.843564614873523,,26297558.385714285,299132.07,iNG CONST,"plano conforme a obra del edificio de deptos construido sobre la canalizacion del pluvial urbano, BAJO ORD 27/10, art 1, punto 2, inc 2, INFRACCION CE art 10, 27, 37, 178, 179, 181, 182, ORD 56/07, art 3, ORD 53/07, ORD 95/14, artr 16",2025-06-11 00:00:00,,2025-06-05 00:00:00
,89,572105,2025-04-22 00:00:00,RELEVAMIENTO,61363,169217,34033,247,,5,5,Periurbana,"Calle Fresno s/Nº - ""Ayres del 1872""",FOLLONIER Carola Estela,,RODRIGUEZ Luís Miguel,,,,1,,,,Vivienda unifamiliar,3,,4,,6,,,,123,26.24,,,450,0.33164444444444446,0.2733333333333333,,36523391.57142857,573620.71,ARQ.,"relevamiento de viienda unifamiliar de tres dormitorios, uno en suite con baño privado, baño completo, lavadero, cocina desayunador comedor estar, hall de acceso semicubierto, cochera para un auto semicubierta lateral a la vivienda, sector semicubierto pergolado para parrilla, BAJO ORD 27/10, art 1, punto 2, inc 2 y 3, INFRACFCION ORD 02/25, anexo 1, art 24, CE art 5, 27, 37, 144, 1541, 202, 247",2025-06-13 00:00:00,,2025-05-15 00:00:00
,90,573199,2025-05-27 00:00:00,CONFORME,5244,,2882,,,731,20,Urbana ,Avda. Paysandú Nº 274,ANTIVERO Mireya Victoria,EL SOLAR,DE LA FUENTE Natalia,,,,1,,,,Centro Educativo / Terapéutuco,,,,,,,,124.44,,118.325,,,341,0.58,0.7119208211143695,,2500000,63096,ARQ.,"conforme a obra de las ampliaciones realizadas en el centro recreativo terapéutico, BAJO ORD 27/10, art 1, punto 2, inc 2 y 3, INFRACCION ORD 2/25, anexo 1, art 23, ORD 56/07, art 3, inc 1, sub inc a; inc 2, sub inc 1, CE art 5, 27, 37, 176, 202, 232, 246, 256",2025-06-17 00:00:00,,2025-05-28 00:00:00
,91,"mail, 573648",2025-05-09 00:00:00,RELEVAMIENTO,36214,135740,7679,,,130,20,Centro,25 de Mayo Nº 22,SORDI Marilin y CANALI Bruno,,MAHER Luciana A,,,,2,,,,Vivienda unifamiliar + Local Comercial,2,,3,,4,,,,103.24449999999999,48.9555,,,208.09,0.826853765197751,0.7314142918929308,,44163972.4331,658703.59,ING. CIVIL,"relevamiento de viienda unifamiliar de dos dormitorios, baño, cocina, comedor estar, local comercial sin baño, BAJO ORD 27/10, art 1, punto 2, inc 2, INFRACCION CE art 5, 27, 37, 179, 230, 232, ORD 02/25, Anexo 1, art 22",2025-06-25 00:00:00,,2025-06-23 00:00:00
,92,573198,2025-05-27 00:00:00,CONFORME,1563,403,4229,,,182,19,Urbana ,Chacabuco Nº 170,AMERICAN BUILDING S.A.U.,,PERNO Rubén Alberto,PERNO Rubén Alberto,PERNO Rubén Alberto,AMERICAN BUILDING S.A.U.,11,,,,Departamentos + Local comercial,12,,22,,24,,556.045,,156.22,,,,399.3,0.6,1.7837841222138742,,1700000,49463,ING. CIVIL,"ultimo piso construido no conforme con el plano de proyecto, se ejecutaron dos depsots para los que no tenia permiso, de dos dormitorios cada uno, cocina comedor estar, baño, terraza, BAJO ORD 27/10, art 1, punto 2, inc 2, INFRACCION CE art 10, 27, 37, 181, 182, 232, ORD 53/07",2025-06-25 00:00:00,                                           ,29/5/258
JULIO,93,572891,2025-05-14 00:00:00,RELEVAMIENTO / A TERMINAR,55682,164551,33507,310,,2,27,Periurbana,Díaz Vélez s/Nº,MAGRI Daniel,,TRABICHET Romina,,TRABICHET Romina,BERON Eduardo,1,,,,Vivienda unifamiliar,1,,2,,2,,,,81.35,,,,223.35,0.4701141705842848,0.36422655025744344,,18610764.9,49781.54,ARQ.,"relevamiento de vivienda unifamiliar de un dormitorio, cocina comedor estar, cochera semibucierta, baño, BAJO ORD 27/10, art 1, punto 2 y y 3, INFRACCION ORD 02/25, ANEXO 1, art 24, CE art 5, 27, 37, 178, 179",2025-07-03 00:00:00,,2025-05-15 00:00:00
,94,"mail, 555974",2023-04-04 00:00:00,AMPLIACION,,,,,,71,,Urbana,Avda. Pte. Perón N° 316,SAFFORES Antonio Pascual,,ALVAREZ Ivan,ALVAREZ Ivan,ALVAREZ Ivan,VIOLLAZ Josè Alberto,1,1,,,Local comercial y Vivienda unifamiliar,3,,4,,6,,,,192.27,,,61.58500000000001,298.84,0.7640208807388571,0.8494679427118191,4.333333333333333,18176135.315,354685.42,ARQ.,"ampliación en local comercial ( bicicleteria), vivienda existente al fondo, BAJO ORD 27/10, art 1, punto 2, inc 2 y 3, Infraccion CE art 5, 27, 37, 141, 178, 179, 225, 232, ORD 56/07, art 3, inc 1, sub inc A, ORD 130/art 19",2025-07-04 00:00:00
,95,573600,2025-06-13 00:00:00,A CONSTRUIR,62257,169903,34216,271,,,20,Periurbana,Calle Pública s/Nº,GONZALEZ Ailén,,CASAS Ileana Lihué,CASAS Ileana Lihué,CASAS Ileana Lihué,CASSAPARCO SAS,,1,,,Vivienda unifamiliar,,2,,3,,4,,,,,74.36,,1211.92,0.0613571852927586,0.0613571852927586,,18930364.31,302912.21,ING. CIVIL,"vivienda unifamiliar, dos dormitorios, baño, cocina comedor , cochera descubierta, BAJO ORD 27/10, art 1, punto 2, inc 2, Infraccion CE art 5, 27, 37",2025-07-08 00:00:00,,"26/6/25, platea e instalaciones enterradas ya ejecutadas"
,96,573775,2025-05-05 00:00:00,RELEVAMIENTO / A TERMINAR,57521,165945,33724,,,21,4,Periurbana - Colonia Hugues,Calle Paraná esq Colón s/Nº,BRAVO José Alberto,,NOLASCO Joaquina,,,,,,1,,Vivienda unifamiliar,,2,,3,,4,,,,,92.64,,930.93,0.09951338983597048,0.09951338983597048,,33790039.2,394128.19,ARQ.,"vivienda unifamiliar relevada a terminar, etapa gruesa terminada, dos dormitorios, baño, cocina comedor estar, sin cochera, BAJO ORD 27/10, art 1, punto 2, inc 2, Infraccion CE art 5, 27, 37",2025-07-15 00:00:00,,"10/7/25, etapa de obra gruesa"
,97,569484,2025-01-15 00:00:00,RELEVAMIENTO,49209,159481,32632,206,,,11,Quintas,Calle ARA San Juan s/Nº,PELLENC Oscar Benito,,MARIN Jorge Fabricio,,,,1,,,,Vivienda unifamiliar,1,,2,,2,,,,65.79,,,,9994.89,0.006582363587793363,0.006582363587793363,,17479080.621000003,283698.85,M.M.O.,"relevamiento de vivienda unifamiliar, un dormitorio, baño, cocina comedor estar, BAJO ORD 27/10, art 1, punto 2, inc 2, Infraccion CE art 5, 27, 37, 144, 201, 231, ORD 131/22",2025-07-15 00:00:00,,2025-01-16 00:00:00
,98,572350,2025-04-30 00:00:00,AMPLIACION,26289,119645,5958,,,711,9,Urbana,Maipú Nº 479,VALVERDE Adriana,,TRABICHET Romina,TRABICHET Romina,TRABICHET Romina,C 928,,1,,,Vivienda unifamiliar,2,,0,,4,,,,122.68,,,,389.7,0.31480626122658456,0.31480626122658456,,48196474.04,222822.37,ARQ.,"vivienda unifamiliar existente a refaccionar, dos dormitorios, baño, cocina comedor estar, cochera cubierta para dos vehiculos, BAJO ORD 27/10, art 1, punto 2, inc 2 y 3, Infraccion CE art 5, 27, 37, 179, 223, ORD 56/07, art 3, ORD 53/07, Ord 02/25, Anexo 1, art 23",2025-07-15 00:00:00,,"8/5/25, no comenzada"
,99,572692,2025-05-07 00:00:00,RELEVAMIENTO,48777,141438,20614,91,,554,13,Urbana,Castelli Nº 555,RAMAT Adrián Amado y LAGO Nora Susana,,MARIN Jorge Fabricio,,,,7,,,,Vivienda multifamiliar,7,,7,,14,,,,272.84000000000003,,,,369.46,0.38494018296973964,0.7384831916851623,,65199158.6304762,89799.17,M.M.O.,"relevamiento de siete unidades de vivienda , dos monoambientes y cinco de un dormitorio, baño, cocina comedor, tres en planta alta, BAJO ORD 27/10, art 1, pùnto 2, inc 2 y 3, INFRACCION ORD 02/25, anexo 1, art 23, Ord 53/07, CE art 5, 27, 37, 130, 144, 151, 179, 202, 226, 232",2025-07-15 00:00:00,,2025-05-13 00:00:00
,100,573708,3470-10-03 00:00:00,RELEVAMIENTO,48621,133045,8511,,,295,6,Urbana,María Isabel Fernández Nº 90,FRANCO Roque Alejandro y GIGNONE Diana Mariela,,BERTOLDI Fabián A.,,,,3,,,,Vivienda multifamiliar,5,,6,,10,,197.15,,61.8,,,,320.37,0.39338889409120703,0.8082841714267878,,15019150.149999999,280156.04,ARQ.,"relevamiento de vivienda unifamiliar, deposito galpón, y dos monoambientes, vvienda de tres dormitorios, baño y escritorio en PA, en PB estar cocina comedor, baño, lavadero, mcochera cubierta para dos vehículos, pileta y deposito anexo a los monoambientes, BAJO ORD 27/10, art 1, punto 2, inc 2, Infraccion CE art 5, 27, 37, 144, 151, 223, 233, ORD 56/07, art 3, ORD 53/07, ORD 02/25, Anexo 1, art 23",2025-07-16 00:00:00,,2025-07-04 00:00:00
,101,573282,2025-05-30 00:00:00,RELEVAMIENTO,59885,168087,10451,,,322,17,Urbana ,"Alberdi Nº 1218, 1224",MAFFUCHI Cristina Noemí,,JACQUET Ariel N.,,,,2,,,,Vivienda multifamiliar,4,,6,,8,,,,195.05,,,,1305.71,0.11421372280215364,0.1493823283883864,2.5555555555555554,4000000,242748.2,ING. CIVIL,"relevamiento de dos unidades de vivineda de alquiler, apareadas, cada una de dos dormitorios y baño en PA, cocina comedor estar y toilete en PB con quinchoi semicubierto con parrilla en el fondo, BAJO ORD 27/10, art 1, punto 2, inc 2 y 3, Infraccion ORD 02/25, art 23, Ord 53/07, CE art 5, 27, 37, 144, 151, 202, 247",2025-07-16 00:00:00,,2025-06-04 00:00:00
,102,563789,2024-07-16 00:00:00,A CONSTRUIR,62339,169964,34198,341,,3,3,Periurbana,Calle Pública s/Nº,KUPEC Nicolas,,CRETTON Manuel,CRETTON Manuel,CRETTON Manuel,C 608,,1,,,Vivienda unifamiliar,,2,,3,,4,,,,,176.28,,1245.74,0.16,0.14150625331128486,,47081156.2,725767.43,ARQ.,"vivienda unifamiliar a contruir, toda en PB, dos cormitorio, uno en suite con baño compartimentado completo y vestidor, cocina desayunador comedor estar, hall de acceso, semicubierto al fondo con parrilla y toilete ext, lavadero cubierto, sector cochera semicubierta, BAJO ORD 27/10, art 1, punto 2, inc 1 y 2, Infraccion CE art 5, 27, 37, 144, 151",2025-07-16 00:00:00,,"10/4/25, en etapa de encadenado superior de PB"
,103,559450,2024-01-18 00:00:00,A CONSTRUIR,60813,2281,2220,,,40,13,Urbana,Alberdi Nº 734,LUGRIN Ismael Abelardo,,CRETTON Manuel E.,CRETTON Manuel E.,CRETTON Manuel E.,C 608,,3,,,Vivienda multifamiliar,,6,,9,,12,,,,,240.93,,392.5,0.330063694267516,0.6138343949044586,,69421409.58,1054716.54,ARQ.,"tres unidades de vivienda a consrtuir, apareadas, cada una de dos dormitorios y bañoi en PA, cocina comedor estar y toilete en PB, espacio de estacionamiento descubierto al frente, BAJO ORD 27/10, art 1, punto 2, inc 2 y 3, Imnfraccion ORD 02/25, ANEXO 1, art 23, CE art 5, 27, 37, ORD 53/07, ORD 02/25,Anexo 1, art 23",2025-07-17 00:00:00,,"25/1/25, llenado de losa sobre PB"
,104,566554,2024-10-16 00:00:00,RELEVAMIENTO,30474,50544,2008,,,456,1,Urbana,Pte Illia Nº 124,PREMAT Jorge Lorenzo,ENTRENUTS,MARIN Jorge Fabricio,,,,1,,,,Galpón / Depósito / Fábrica,,,,,,,,,,1424.5,,,3693.75,0.33,0.3856514382402707,,31000000,2527376.86,M.M.O.,"relevamiento de galpón y sectores de elaboración de pasta de mani, BAJO ORD 27/10, art 1, punto 2 y 3, INFRACION ORD 2/25, anexo 1, art 23, CE art 5, 27, 37, 130, 144, 151, 262",2025-07-18 00:00:00,,2024-10-21 00:00:00
,105,572773,2025-05-09 00:00:00,A CONSTRUIR,21465,110690,5160,,,544,12,Urbana,"Rocamora Nº 739, 741, 743",DEYMONNAZ Juan Alfonso y otros,,MEDAIL Sergio A.,MEDAIL Sergio A.,MEDAIL Sergio A.,no identificado,,3,,,Vivienda multifamiliar,,6,,9,,12,,,,,211.265,,256.3,0.45150214592274673,0.8242879438158407,,55980509.94931818,845689.65,M.M.O.,"tres unidades de vivienda a construir, cada una de dos dormitorios y baño en PA, cocina comedor estar y torilete en PB, cocheras descubiertas al frente, BAJO ORD 27/10, art 1, punto 2, inc 2, INFRACCION CE art 5, 27, 37",2025-07-21 00:00:00,,"en etapa de cimentación y encadenado inferior, 13/05/25"
,106,573771,2025-06-24 00:00:00,RELEVAMIENTO,30199,105814,3186,,,191,12,Urbana,"Laprida Nº 272, 276",REGADIO María Soledad,,TOTORICA Jorge,,,,2,,,,Vivienda multifamiliar,4,,6,,8,,144.23,,25.095,,,,225.23,0.5223549260755672,0.7517870621142831,,1236022.35,746197.72,ARQ.,"relevamiento de ampliaciones y modificaciones realizadas en dos deptos apareados, en PB cocina comedor, toilete bajo escalera, cochera semicubierta, parrilla patio posterior, en PA dos dormitorios, baño, terraza al frente, BAJO ORD 27/10, art 1, punto 2, inc 2, INFRACCION CE art 5, 27, 37, 179, 181, 182, 202, 223, 233, ORD 02/25, Anexo 1, art 23",2025-07-21 00:00:00,,2025-07-08 00:00:00
,107,570531,2025-02-21 00:00:00,RELEVAMIENTO,59750,139100,31688,223,,8,2,Periurbana,Calle Pùblica s/Nº,FRANCOU Federico Marcelo,,CERGNEUX Jorge R.,,,,1,,,,Vivienda unifamiliar,2,,3,,4,,,,137.42,,,,770.87,0.21844150116102584,0.17826611490912864,,38259245.86636364,577732.05,M.M.O.,"viivenda actualmente en PB, con dos dormitorios, baño, cocina comedor y cochera semicubierta lateral para dos autos, uno detrás del otro, sector parrilla en semicubierto al fondo, BAJO ORD 27/10, art 1, punto 2, inc 2 y 3, INFRACCION ORD 02/25, Anexo 1, art 24, CE art 5, 27, 37, 151, 214, 236, 247, ORD 53/07, art 3",2025-07-21 00:00:00,,"6/3/25, PA no construida"
,108,574021,2025-07-04 00:00:00,RELEVAMIENTO,50545,160536,21167,8,,248,15,Urbana ,Mitre Nº 1418,GODEIN María Gabriela,,PERNO Rubén Alberto,,,,1,,,,Vivienda unifamiliar,,2,,3,,4,150.65,,55.76,,,,308.4,0.52,0.6692931258106356,,13989347.6,214219.26,ING.,"vivienda unifamiliar a construir, planta baja y planta alta, BAJO ORD 27/10, art 1, punto 2, inc 2, INFRACCION CE art 5, 27, 37, 179, 181, 182, 232, 247",2025-07-24 00:00:00,,"11/7/25, diferencias en fachada"
,109,572017,2025-04-15 00:00:00,RELEVAMIENTO,22004,102174,369,,,130,12,Centro,25 DE Mayo Nº 50 esq. Avda Urquiza,HO.DI.MA,ZALAZAR Griselda María (presidente),MARIN Jorge Fabricio,,,,1,,,,Local comercial,,,,,,,,,,92.86,,,93.46,0.9935801412368929,0.9935801412368929,,27406607.54,417225.59,M.M.O.,"relevamiento de local comercial, panaderia, sala de venta, sala de elaboración y depósito, baño, BAJO ORD M27/10, art 1, punto 2, inc 2, INFRACCION CE art 5, 27, 37, 130, 179, 202, 223, 233",2025-07-24 00:00:00,,2025-04-22 00:00:00
,110,"mail, 573744",2025-04-21 00:00:00,RELEVAMIENTO,22868,107626,902,,,48,13,Urbana,Bolívar Nº 692,ADAMEK Erica Melina,,PACCOT Javier Humberto,,,,1,,,,Vivienda unifamiliar,2,,3,,4,,196.36,,4.765,,,,249.98,0.46035682854628374,0.8045643651492119,,1336271.4407999997,53013.63,ARQ.,"relevamiento de ampliacione sy mejoras en vivienda unifamiliar y local comercial, dos dormitorios y baño en PA, estar cocina comedor , deposito familiar, baño, local comercial y baño , BAJO ORD 27/10, art 1, punto 2, inc 2, INFRACCION ORD 37/07, art 3, ORD 56/07, art 3, inc 1, sub inc a,  CE art 5, 27, 37, 144, 151, 176, 179, 181, 182, 202, 227",2025-07-31 00:00:00
AGOSTO,111,525100,2020-10-28 00:00:00,RELEVAMIENTO,42338,140536,8659,,,372,12,Urbana 1,San Martín N° 1108,VIVAS Marcelo Ociel Marìa,,VIOLLAZ Walter Alberto,,,,1,,,,Local comercial,,,,,,,,142,,42.04,,,237.84,0.7737975109317188,0.7737975109317188,,545006.5599999999,159033.04,M.M.O.,"relevamiento de ampliaciones en local comercial, Bajo Ord 27/10, art 1, punto 2, inc 2, infracción art 5, 10, 27, 37, 144, 179 del C.,E.",2025-08-01 00:00:00,,inspección 29/19/20
,112,573062,2025-05-20 00:00:00,RELEVAMIENTO,19755,109357,4134,,,398,9,Urbana ,Avda. Gral Urquiza Nº 1090,ABALOS Bruno Matías Exequiel y otros,,MARIN Jorge Fabricio,,,,3,,,,Vivienda multifamiliar,4,,5,,8,,,,157.815,,,,270,0.6102222222222222,0.5845,,36526059.37431818,580617.91,M.M.O.,"vivienda multifamiliar, tres unidades, una de dos dormitorios, baño, deposito, cocina comedor, estar, quincho separado, otra al fondo de un dormitorio, cocina comedor, baño, otra al frente con local comercial, cocina comedor y baño, no tiene cocheras, BAJO ORD 27/10, art 1, punto 2 y 3, INFRACCION CE art 5, 27, 37, 176, 178, 179, 181, 182, 202, 214, 223, 230, 232, 233, 247, ORD 53/07, Ord 02/25, Anexo 1, Art 23, Ord 29/10",2025-08-05 00:00:00,,2025-05-22 00:00:00
,113,"MAIL, 573750",2025-06-12 00:00:00,A CONSTRUIR,34660,134741,7355,,,629,7,Urbana,"Rio Iguazu Nº 503, 511, 513, Hernández Nº",BIDAL Federico Luís y María Eugenia,,BIDAL María Eugenia,BIDAL María Eugenia,BIDAL María Eugenia,CORREA Justo,,3,,,Vivienda multifamiliar,,5,,8,,10,,,,,254.41,,256,0.6236328125,0.9937890625,3.25,60588863.21681818,981949.18,ARQ.,"tres unidades de vivienda en construcción, dos de dos dormitorios, baño en PA, cocina comedor estar, baño, cocheras descubiertas, la restante de un dormitorio y baño en PA, toilete, cocina comedor y cochera descubierta en PB, BAJO ORD 27/10, art 1, punto 2, inc 2, punto 1, inc 9, , INFRACCION CE art 5, 27, 37 ",2025-08-12 00:00:00,,"19/6/25, mamposteria a la altura de encadenado superior"
,114,572106,2025-04-22 00:00:00,A CONSTRUIR,6230,1558,4618,,,112,13,Urbana,Artigas Nº 200,VAZQUEZ Juan Manuel,KULIAT Nilda Noemi,MARTIN Melisa,MARTIN Melisa,MARTIN Melisa,no identificado,,,1,,Local comercial (gimnasio),,,,,,,211.64,,,,,211.64,271.5,0.7795211786372007,1.5590423572744014,,67520,1054999,ARQ.,"demolicion parcial y ampliacion, vivienda antigua transformada en gimnasio, construccion de PA con entramado de madera, BAJO ORD 27/10, art 1, punto 2, inc 2, Punto 1, inc 9, Infraccion CE art 5, 27, 37, 130, 176, 179, 187, 232, ORD 02/25, anexo 1, art 23, Ord 29/10",2025-08-12 00:00:00,,"23/4/25, en PA"
,115,"mail, 573813",2025-04-10 00:00:00,CONFORME,47914,158521,32423,288,,,4,Periurbana,Calle Algarrobo s/Nº,CAMPBELL Gisela Mariana,,PALACIOS María Silvina,,,,1,,,,Local comerciqal,,,,,,,,,,"213+9,3/2",,,2000,0.11115,#VALUE!,,83304494,1495892.36,ARQ.,"relevamiennto de local tipo salón, con se3ctor cocina barra, toilet, baño completo, acceso semicubierto, dos sectores de depósito, hay cuaro viviendas tipo bungalows a medio construir, hasta encadenado superior, BAJO ORD 27/10, art 1, punto 2, inc 2 y 3, INFRACCION ORD 02/25, Aexo º, Art 24, ORD 53/07, CE art 5, 27, 37",2025-08-12 00:00:00,,"10/7/2025, local terminado, viviendas paralizadas, mamposteria altura encadenado sup"
,116,574687,2025-08-04 00:00:00,AMPLIACION,50928,160846,32818,2,,,123,Periurbana,Calle Pública s/Nº,MUSSETTI Enzo Daniel,,BLANC Maximiliano G.,BLANC Maximiliano G.,BLANC Maximiliano G.,BURGOS Alfredo,,,1,,Vivienda unifamiliar,2,2,3,3,4,4,,,104.21,,83.58,,452.87,0.3022280124539051,0.41466646057367457,,,166005.4,ARQ.,"vivienda unifamiliar existente a reformar y ampliar, existente, dos dormitorios, baño, cocina comedor estar, lavadero,cochera semicubierta lateral, se agreaga en PB quincho con toilete piscina,  en PA dos dormitorios con baño compartimentado, BAJO ORD 27/10, art 1, punto 2, inc 2 y 3, INFRACCION Ord 02/25, Anexo 1, art 24, CE art 5, 27, 37, 223, 233",2025-08-13 00:00:00,,"12/8/2025, no iniciada"
,117,573597,2025-06-13 00:00:00,A CONSTRUIR,47228,122659,6342,,,114,8,Centro,Artigas Nº 90,AQUISTAPACE Susana,,MORARD Manuel Arturo,MORARD Manuel Arturo,MORARD Manuel Arturo,VIOLLAZ José Alberto,,1,,,Cocheras,,,,,,,,,,,,47.005,160.44,0.5645724258289704,0.2929755671902269,,8149603.4,50584.69,ING. CONST.,"seis unidades de cocheras a construir, semicubiertas, con un toilete",2025-08-21 00:00:00,,"23/6/25, no comenzada"
,118,"mail, 574273",2025-06-05 00:00:00,CONFORME,26456,119782,5991,,,319,5,Urbana ,San Martín Nº 1215,ADAMI Rubén Francisco,,CABRAL Fernando Antonio,CABRAL Fernando Antonio,CABRAL Fernando Antonio,no identificado,1,,,,Local comercial,,,,,,,,118.25,,70.47499999999998,,,200,0.7977,0.9436249999999998,,10051905.43,335593.98,ING. CIVIL,"conforme a obra local comercial, no demolió lo proyectado a demoler y se realizó entrepiso,  local comercial, ampliacion en PB y entrepiso, BAJO ORD 27/10, art 1, punto 2, inc 2, Infraccion art 10, 27, 37 179, del CE, Infraccion Ord 02/25, art 23",2025-08-21 00:00:00,,2025-07-28 00:00:00
,119,"mail, 574252",2025-05-14 00:00:00,RELEVAMIENTO,49163,,1953,,,486,16,Urbana ,Bvard Gaillard s/Nº,CEVALLOS GUEX Ariel Jesus,,TOTORICA Jorge,,,,,1,,,Galpón - Depósito,,,,,,,,,,,,280.3,280.3,1,1,,20049764.91,355705.73,ARQ.,"galpón depósito a conmpletar, estructura plantada, presenta a terminar, tiene actas, BAJO ORD 27/10, art 1, punto 1, inc 9, INFRACCION CE art 5, 27, 37, ",2025-08-22 00:00:00,,"30/7/25, estructura plantada"
,120,"mail, 574618",2025-06-27 00:00:00,RELEVAMIENTO,56050,1365407,10261,,,747,12,Urbana,"J. Bernanrd Nº 214, 216",BERGARA Rita Elvia y otros,,PENON Luciano Daniel,,,,3,,,,Vivienda multifamiliar,4,,1,,8,,62.84,,43.295,,,,133.28,0.6516356542617047,0.7963310324129652,,11669227.936739132,213518.88,ING. CIVIL,"relevamiento de ampliaciones realizadas en viviendas, vivienda unifamiliar de dos dormitorios, baño, cocina, comedor estar todo en PB, monoambiente al frente, y otro monoambiente al fondo en PA, BAJO ORD 27/10, art 1, punto 2, inc 2 y 3, INFRACCION CE art 5, 27, 37, 144, 176, 178, 179, 181, 182, 201, 202, 223, 233, ORD 56/07, art 3, ORD 53/07, ORD 02/25, anexo 1, art 23",2025-08-28 00:00:00,,2025-08-26 00:00:00
,121,"mail, 574395",2025-05-19 00:00:00,CONFORME,,103976,1122,,,215,1,Centro,Moreno Nº 54,MEYER Hernan Alcides,,ACUÑA Raúl Enrique,ACUÑA Raúl Enrique,ACUÑA Raúl Enrique,BOGADO BENITEZ Eric Wilfrido,4,,,,Vivienda multifamiliar,12,,16,,24,,,,422,,,,385.38,0.5475115470444756,1.0950230940889512,,105763095.9,96137.1,ARQ.,"plano conforme a obra, cuatro deptos de tres dormitorios, baño, y pequeño balcon en PA, cocina comedor desayunador estqara, baño, patio con parrilla, cocheras semicubiertas, BAJO ORD 27/10, art 1, punto 2, inc 2, INFRACCION CE art 10, 27, 37",2025-08-28 00:00:00,,2025-08-27 00:00:00
SEPTIEMBRE,122,"mail, 574576",2025-06-17 00:00:00,A CONSTRUIR,9075,123,4392,,,140,18,Centro,Noailles Nº 332,RAMAT Leticia,,PACCOT Javier Humberto y BLANC Maximiliano G.,PACCOT Javier Humberto y BLANC Maximiliano G.,PACCOT Javier Humberto y BLANC Maximiliano G.,no identificado,,1,,,Oficinas administrativas,,,,,,,,,,,,58.855000000000004,547.83,0.11384918679152292,0.10743296278042458,,17271411.735,271825.65,ARQ.,"oficina administrativa a construir, oficina, baño y despacho, tiene plano antecedente de una vivienda unifamiliar que no se ejecutó, BAJO ORD 27/10, art 1, punto 1, inc 9, INFRACCION CE Art 5, 27, 37",2025-09-03 00:00:00,,"2/9/2025, ""muros"" terminados, falta completar revestimiento"
,123,"MAIL, 575462",2025-07-15 00:00:00,AMPLIACION,5911,101906,2479,,,119,4,Urbana,9 de Julio Nº 182,SAUCEDO José Isaac,ASOCIACION de los TESTIGOS de JEHOVA,SERRAMO María Laura y VIOLLAZ Carolina,SERRAMO María Laura y VIOLLAZ Carolina,SERRAMO María Laura y VIOLLAZ Carolina,VERON David Omar,,,1,,Templo religioso,,,,,,,,188.5,,,,16.85,353.52,0.5665874632269745,0.5851154107264087,,12500000,77166,ARQ.,"templo religioso, reformas interiores, semicubierto a construir en el acceso, BAJO ORD 27/10, art 1, punto 2, inc 2, Infraccion CE art 179, 193",2025-09-22 00:00:00,,"4/9/25, no comenzada"
,124,"mail, 574575",2025-05-29 00:00:00,CONFORME,-1,169141,34057,,,,158,Periurbana,Servidumbre de paso,PACCOT Javier Humberto,,PACCOT Javier Humberto,,,,2,,,,Vivienda multifamiliar,4,,6,,8,,121.67,,24.11,,,,446.88,0.39050751879699247,0.3262173290368779,,5812611.014285714,119729.81,ARQ.,"relevamiento de dos unidades de vivienda apareadas, dos dormitorios, cocina comedor estar, baño, cochera lateral semicubierta, BAJO ORD 27/10, art 1, punto 2, inc 2, INFRACCION CE art 10, 27, 37, 232, 234, 236, ORD 02/25, anexo 1, art 24 - ACTA 1319",2025-09-10 00:00:00,,2025-09-05 00:00:00
,125,575616,2025-09-09 00:00:00,RELEVAMIENTO,51011,160894,9651,,,302,19,Urbana,Presbitero Cot Nº 262,COQUOZ Silvana Rita,,CABRAL Fernando Antonio,,,,1,,,,Vivienda unifamiliar,2,,4,,4,,,,101.285,,,,162.5,0.3470153846153846,0.6232923076923077,,27604242.83857143,384794.61,ING. CIVIL,"relevamiento de vivienda unifamiliar, en PA dos dormitorios y baño, cocina comedor estar, toilete, cochera semicubierta, platea lateral ejecutada pero sin avance, bajo ord 27/10, art 1, inc 2, sub inc 2 y 3, INFRACCION ORD 2/05, anexo 1, art 23, CE art 5, 27, 37, 144, 151, 176, 178, 181, 182, 202",2025-09-17 00:00:00,,2025-09-10 00:00:00
,126,573366,2025-06-04 00:00:00,DEMOLICION,4661,1221,849,,,225,10,Centro,Brown Nº 22,"BERNARD Franco Walter Oscar, Augusto Esteban y Julieta",,ZARAGOZA Víctor Andrés,ZARAGOZA Víctor Andrés,ZARAGOZA Víctor Andrés,RAMOS Omar Ricardo,,1,,,Apart Hotel,,12,,15,,24,,,,,663.76,,203.1,,,,589256922.56,8991477.32,ING. CIVIL,"cosntruccion existente a demoler salvo fachada vieja, apart hotel a cosntruir, 16 habitaciones, comedor desayunador en PB, oficina, lavadero y dependiencias, cocheras en subsuelo, ampliación sobre nuevo lote, agregan 9 habitaciones",2025-09-19 00:00:00,,"5/6/25, demolición iniciada"
,,,,DEMOLICION,34121,134112,7251,,,,9,Centro,Brown Nº 38,,,,,,,,,,,,,16,,17,,32,,,1466.8,,,,498.6
,127,574548,2025-07-29 00:00:00,RELEVAMIENTO,49823,159974,32520,111,,8,3,Periurbana,Calle Pública s/Nº,BOLADERES Julio César,,MARTIN Melisa Paola,,,,1,,,,Vivienda unifamiliar,1,,2,,2,,,,159.4,,,,2360,0.08213983050847459,0.06754237288135594,,40628511.56,649039.71,ARQ.,"relevamiento de vivienda unifamiliar, un dormitorio, cocina  comedor estar, baño, galeria semicubierta con parrilla y mesada, piscina, BAJO ORD 27/10, art 1, punto 2, inc 2, INFRACCION CE art 5, 27, 37,",2025-09-19 00:00:00,,2025-09-05 00:00:00
,128,566652,2024-10-18 00:00:00,DEMOLICION,37922,137036,7940,,,141,11,Centro,Noailles Nº 345,CERINI GRECO Pablo Atilio,,VALLARINO Guillermo Daniel y MARIN Jorge Fabricio,VALLARINO Guillermo Daniel y MARIN Jorge Fabricio,VALLARINO Guillermo Daniel y MARIN Jorge Fabricio,CASULA,,1,,,Vivienda unifamiliar,,,,,,,,,,,,,397.07,,,,850000,190206,ARQ.,"vivienda existente a demoler, DEJAN UNA PARTE ",2025-09-19 00:00:00,,"12/11/24, no comenzada"
,129,"mail, 575665",2025-07-15 00:00:00,AMPLIACION,22100,102712,101,,,51,14,Urbana,Avda Urquiza Nº ,LAMBERT Elvio Omar,,GUTIERREZ Fernando Marcelo,GUTIERREZ Fernando Marcelo,GUTIERREZ Fernando Marcelo,LOPEZ Jorge Daniel,,,1,,Vivienda unifamiliar,,2,,4,,4,,,,,164.22,,266.8,0.6769865067466266,0.6155172413793103,,1050000,818904.35,ARQ.,"vivienda unifamiliar demolida, a construir nueva vivienda de dos dormitorios, baño, cocina comedor estar, cochera cubierta para dos vehiculos, estudio, quincho al fondo",2025-09-19 00:00:00,,2025-09-16 00:00:00
,130,"mail, 574823",2025-06-09 00:00:00,A CONSTRUIR,46357,149331,20920,62,,461,19,Urbana,"Bvard. Gaillard Nº 987, 989",BONNIN Leonel Alcides,,ROSSIER Betiana Carolina,ROSSIER Betiana Carolina,ROSSIER Betiana Carolina,no identificado,,4,,,Vivienda multifamiliar / Local comercial,,3,,6,,6,,,,,317.64,120.03999999999999,326.04,0.5503312476996687,1.342411973990921,,116796804.60545455,459281.88,ARQ.,"local comercial a construir en ÇPA, con baño y office, cocheras descubiertas, dos plantas de tres deptos c/u, cada depto de un dormitorio, baño, cocina comedor estar y pequeño balcón",2025-09-19 00:00:00,,"18/9/25, no comenzada"
,131,575654,2025-09-09 00:00:00,RELEVAMIENTO,55975,103226,350,,,228,26,Urbana,Gouchón Nº 18,ORELLANA Hugo,,GUTIERREZ Fernando Marcelo,,,,2,,,,Vivienda unifamiliar / Local comercial,4,,6,,8,,,,121.96,68.28,,,401.68,0.48147779326827317,0.47361083449512054,,54044141.06079999,821090.1,ARQ.,"relevamiento de local comercial y vivienda unifamiliar de cuatro dormitorios, cocina comedor estar, deposito, estudio al frente, baño, BAJO ORD 27/10, art 1, Punto 2, inc 1, 2 y 3, Infracccion CE art 5, 27, 37, 144, 151, 178, 179, 202, 230, Ord 56/07, art 3, ORd 02/25, Anexo 1, art 23, Ord 37/07, art 1, Ord 62/20, Anexo 1, Decreto 224/22",2025-09-22 00:00:00,,2025-09-16 00:00:00
,132,574647,2025-08-01 00:00:00,RELEVAMIENTO,25567,119136,5844,,,112,18,Urbana,Artigas N| 168,,"UTHGRA ( Uni{on de Trabajadores Gastronómicos, Arg)",NEGREIRA Gustavo Daniel,,,,1,,,,Local Comercial,,,,,,,,276.525,,2.980000000000018,,,255.67,0.6299135604490164,1.0932256424296947,2.3333333333333335,6000000,96450,ING. CIVIL,"relevamiento de salon de usos multiples, en PA, oficinas, consultorios y baños en PB, BAJO ORD 27/10, art 1, punto 2, inc 2, INFRACCION ORD 02/25, anexo 1, art 23, CE art 5, 27, 37, 176, 179, 223, 226",2025-09-23 00:00:00,,2025-09-11 00:00:00
,133,"mail, 575757",2025-08-26 00:00:00,RELEVAMIENTO,42824,140525,8714,,,36,21,Urbana,Salta Nº 34,TOTORICA Silvia Beatriz,,NOLASCO Joaquina y MOYANO María Laura,,,,1,,,,Vivienda unifamiliar,2,,3,,4,,,,116.7,94.3,,,264.04,0.8078321466444477,0.7991213452507195,,55150487.65625,732900.67,ARQ.,"relevamiento de vivienda unifamiliar, dos dormitorios, baño, cocina, comedor, estar, hall zaguan, depósito al fondo, BAJO ORD 27/10, art 1, punto 2, inc 2 y 3, Infraccion CE art 5, 27, 37, 176, 179, 202, ORD 02/25, Anexo 1, Art 23",2025-09-23 00:00:00,,2025-09-19 00:00:00
,134,569119,2025-01-03 00:00:00,A CONSTRUIR,,,7039,,,229,1,Urbana,Pasaje 29 de Octubre s/Nº,,CLUB NAUTICO COLON,MARIN Jorge Fabricio,,,,,4,,,Administración / Bar / Deposito,,,,,,,,,,,,,,,,,,,ARQ.,"construcción realizada con contenedores, funcionará allí un bar, la administración del club, un depósito para el serctor de embarcaciones, grupo sanitario, OBRA SIN PERMISO - VISA DE",,,containers colocados
,135,"MAIL, 568759",2024-12-17 00:00:00,A CONSTRUIR,63605,170887,10758,,,341,15,Urbana,M. Moreno Nº 1174,CACERE Liber Ariel,,SOMMACAL Mauricio J.,,,,1,,,,Galpón / Depósito,,,,,,,,,,199.2,,,332.1,0.5998193315266486,0.5998193315266486,,61752000,909192.58,M.M.O.,"galpón depósito, primero a construir, luego obra sin permiso construida por el propietario, con un sanitario, BAJO ORD 27/10, art 1, punto 1, inc 9, punto 2, inc 2 y3, INFRACCION CE art 5, 27, 37, 179, 187, 200, INFRACCION ORD 02/25, anexo 1, art 23, ORD 53/07, art 1, 3",2025-09-25 00:00:00,,"10/01/25, en estructuras"
,136,"mail, 575765",2025-08-13 00:00:00,RELEVAMIENTO,59868,158321,32374,331,,,17,Periurbana,Alberti s/Nº,BRUNI Rubén O y MAZZARELLI Marta G,,MALGOR José Manuel,,,,2,,,,Vivienda multifamiliar,4,,6,,8,,,,203.6,,,,1602.03,0.12708875614064655,0.12708875614064655,,47803671.56,709330.5,ING. CIVIL,"relevamiento de viviendas de dos dormitorios, baño, cocina comedor, lavadero, una con cochera cubierta, BAJO ORD 27/10, art 1, punto 2, inc 2, INFRACCION CE art 5, 27, 37, 130, 151, 176, 178, ORD 53/07, art 1 y 3, ORD 02/25, Aneo 1, art 11 y 24",2025-09-25 00:00:00,,2025-09-22 00:00:00
,137,"mail, 575120",2023-12-28 00:00:00,A CONSTRUIR,49665,159851,21141,34,,352,13,Urbana,"Rocamora Nº 1187,  1191, 1193, 1195",MEYER Hernan Alcides,,ACUÑA Raúl Enrique,ACUÑA Raúl Enrique,ACUÑA Raúl Enrique,BOGADO BENITEZ WILFREDO,,4,,,Vivienda multifamiliar,,8,,12,,16,,,,,337.58000000000004,,427.5,0.4890760233918129,0.7896608187134504,,82974480.23900001,763865.3,ARQ.,"cuatro unidades a construir, cada una de dos dormitorios en PA y baño, en PB cocina comedor estar, cochera semibubierta al frente y lavadero en patio posterior, BAJO ORD 27/10, art 1, punto 1, inc 9, punto 2, inc 2 y 3, INFRACCION CE art 5, 27, 37, ORD 53/07, ORD 02/25, Anexo 1, art 23 ",2025-09-25 00:00:00,,"22/9/25, terminada"
,138,550332,2023-02-14 00:00:00,RELEVAMIENTO,61319,1771,159,,,20,9,Centro,San Martín Nª 779,SARTORI Jorge María,,CHINELLATO Pablo A,,,,3,,,,Vivienda unifamiliar / Local comercial,2,,4,,4,,206.35999999999999,,51.27000000000001,,,,417,0.6451798561151079,0.6178177458033574,3.111111111111111,10990707.951818185,31554,ARQ.,"relevamiento de modificaciones ejecutadas en vivienda unifamiliar de dos dormitorios, cocina, comedor estar, baño, semicubierto con sector parrilla al fondo y depósito, al frente además local comercial con toilete, deposito (Farmacia) y consultorio con espera, office y baño, BAJO ORD 27/10, art 1, punto 2, inc 2, Infraccion art 5, 27, 37, 179, 223, 233 del CE,",2025-09-26 00:00:00,,2025-09-22 00:00:00
,139,"mail, 574573",2025-06-25 00:00:00,RELEVAMIENTO,58297,166714,10398,,,427,21,Urbana,Vergniaud Nº 22,ROSSIER Luisina Giovanna,,MAHER Luciana A,,,,1,,,,Vivienda unifamiliar,2,,3,,4,,59.63,,85.07,,,,300.72,0.33489624900239423,0.4811785049215216,,630817.93,630817.93,ING. CIVIL,"relevamiento de ampliaciones realizadas en vivienda con plano antecedente, se ejecutó PA de ds dormitorios, baño, antebaño, , en PB, estar comedor cocina desayunador, cocehera descubierta lateral, semicubierto con parrilla al fondo, lavadero y baño auxiliar completo,  toilete",2025-09-26 00:00:00,,2025-09-03 00:00:00
,140,"MAIL, 552456, 574941",2025-06-23 00:00:00,A CONSTRUIR,59487,60569,30170,325,,,5,Urbana,San Martín Nº ,DERUDDER Susana María,LUXURY CARS S.R.L.,ROSSIER Betiana Carolina,MAHER Luciana A,MAHER Luciana A,no identificado,,1,,,Galpón / Depósito / Concesionario vehículos,,,,,,,,,,,,1725.02,3955,0.445314791403287,0.4361618204804045,,338402437.81,1265519.04,ARQ.,"galpón, depósito y salón para venta de vehículos automotor, repuestos, agencia de autos, consecionaria",2025-09-30 00:00:00,,"8/9/25, NO COMENZADA"
,141,571783,2025-04-04 00:00:00,A CONSTRUIR,8678,218,1247,,,128,19,Centro,Bolívar Nº 388 (antes 390),DELASOIE Cristian,,LEONARDI Jerónimo,LEONARDI Jerónimo,LEONARDI Jerónimo,LOPEZ Jorge Daniel,,1,,,Oficinas administrativas,,,,,,,,,,,,167.36,338.6,0.5813939751919669,0.4942705256940343,,79169283.75,1941743.69,ARQ.,"vivienda unifamiliar a demoler parcialemente, oficinas administrativas a construir, BAJO ORD 27/10, art 1, punto 1, inc 9, punto 2, inc 2, INFRACCION CE art 5 27, 37, 179, ORD 56/07, art 3, inc 1, sub inc a",2025-09-30 00:00:00,,"13/9/24, comenzada demolicion"
,142,575484,2025-09-04 00:00:00,A CONSTRUIR,56031,164790,10161,,,44,13,Urbana,"Primera Junta Nº 296, 298",ALONSO Javier Osvaldo,,PERNO Rubén Alberto,PERNO Rubén Alberto,PERNO Rubén Alberto,CORREA Adrián Alcides,,1,,,Vivienda unifamiliar / Local comercial,,2,,3,,4,,,,,,81.685,250,0.36332000000000003,0.32674000000000003,,17680975.55775,78031.5,ING.CONST.,"local comercial con baño y vivienda unifamiliar a construir, dos dormitorios, baño, cocina comedor estar, cochera semicubierta",2025-09-30 00:00:00,,"25/9/25, replanteo instalaciones"
,143,"mail, 575187",2025-05-07 00:00:00,RELEVAMIENTO,50688,160598,32830,354,,,83,Suburbana,Ruta Provincial Nº 26,RAMIREZ Andrea Isabel,,ACUÑA Raúl Enrique,,,,1,,,,Local Comercial,,,,,,,,300,,75,,,1000,0.375,0.375,,22384275,379115.64,ARQ.,"relevamiento de ampliación en galpón local comercial, deposito, BASJO ORD 27/10, art 1, punto 2, inc 2 y 3, INFRACCION CE art 5, 27, 37, 179, 187, 202, 223, 233, 262, 264, ORD M53/07, ORD 2/25, Anexo 1, art 24",2025-09-30 00:00:00,,2025-09-26 00:00:00














