{"type":"FeatureCollection","features":[{"type":"Feature","properties":{},"geometry":{"type":"LineString","coordinates":[[5674073.27,6434397.743],[5674055.034798166,6434400.615905676],[5674046.6170811765,6434400.615905676],[5674038.198456715,6434402.911935744],[5674033.606644731,6434405.97315913],[5674022.89302175,6434412.095155787],[5674017.536210259,6434413.625992537],[5674010.648492284,6434415.156379173],[5674002.230775295,6434420.513632626],[5673999.168962324,6434428.931659351],[5673996.108056826,6434438.115329508],[5673986.159433351,6434456.482219707],[5673980.036714882,6434471.022693204],[5673973.914903885,6434474.08391659],[5673969.3230919,6434474.08391659],[5673962.435373925,6434477.144689862],[5673932.241941447,6434497.176100585],[5673919.232412475,6434501.767710606],[5673903.161978004,6434506.3593206275],[5673897.039259534,6434503.298097242],[5673886.325636553,6434498.706487221],[5673877.142012585,6434494.880070517],[5673874.0811070865,6434491.818847131],[5673872.550200601,6434487.992430428],[5673866.428389604,6434484.166013724],[5673863.3665766325,6434481.869983656],[5673861.070670641,6434476.513180317],[5673853.417953159,6434470.390733546],[5673844.23432919,6434465.799123525],[5673834.285705716,6434458.146290117],[5673831.224800218,6434452.023843346],[5673828.9288942255,6434446.667040006],[5673825.102989221,6434442.0749798715],[5673818.215271245,6434436.718176532],[5673808.26664777,6434433.656953147],[5673793.726212312,6434428.300149807],[5673783.777588838,6434421.412509718],[5673776.124871355,6434410.698452925],[5673763.880341888,6434395.392335997],[5673760.053529411,6434393.861949361],[5673753.931718414,6434385.443922636],[5673753.931718414,6434371.668642458],[5673753.931718414,6434357.128168961],[5673756.939990494,6434336.901408886],[5673760.001803465,6434333.074992182],[5673768.4195204545,6434320.064905321],[5673773.011332438,6434308.585655211],[5673773.011332438,6434304.759238508],[5673769.95042694,6434288.687928261],[5673767.654520948,6434287.157541625],[5673766.123614462,6434287.157541625],[5673761.531802478,6434284.09631824],[5673761.531802478,6434271.08623138],[5673759.235896487,6434257.311401315],[5673758.47089698,6434251.188954544],[5673772.246332932,6434223.638394187],[5673776.838144916,6434215.98556078],[5673779.1340509085,6434209.097920691],[5673782.959955913,6434202.210280602],[5673785.2558619045,6434194.557447195],[5673786.0208614115,6434184.609033834],[5673786.0208614115,6434177.721393744],[5673784.490862398,6434170.833753656],[5673788.556340203,6434166.19443158],[5673791.44107006,6434167.406529826]]}},{"type":"Feature","properties":{},"geometry":{"type":"LineString","coordinates":[[5674833.043833566,6435341.001134019],[5674831.610934135,6435354.980765825],[5674829.130811179,6435378.952922136],[5674828.115458327,6435388.7670312375],[5674818.38451918,6435401.271810766],[5674818.38451918,6435414.497502096],[5674809.291642485,6435426.897234757],[5674801.025473441,6435451.695799852],[5674798.46290614,6435459.383519723],[5674790.279181441,6435474.014688482],[5674772.920135702,6435496.333577112],[5674766.466384635,6435504.63130001],[5674751.428459177,6435510.38612734],[5674743.988997784,6435520.305733423],[5674743.988997784,6435536.011551331],[5674734.0694134375,6435546.757566197],[5674720.8439059565,6435553.3706369195],[5674691.911860567,6435558.330439961],[5674636.52789274,6435558.330439961],[5674613.978103019,6435558.330439961],[5674603.2318110205,6435552.728324646],[5674594.1389343245,6435538.675774419],[5674578.433303889,6435518.837012365],[5674556.114012239,6435510.570673963],[5674547.0211355435,6435503.957603241],[5674528.836289625,6435496.518123736],[5674517.263289974,6435493.211588374],[5674506.516997975,6435490.731461797],[5674492.464782842,6435485.771658756],[5674435.3175955145,6435477.447705797],[5674419.502515952,6435475.144110738],[5674377.392704061,6435447.742901194],[5674358.085314383,6435413.582420911],[5674356.599781534,6435394.27434293],[5674356.599781534,6435369.025214005],[5674355.114248685,6435349.716685911],[5674353.629623308,6435325.952932251],[5674361.055472609,6435308.129779421],[5674372.937012986,6435290.307076704],[5674369.9668547595,6435260.602272101],[5674360.250544303,6435223.137507025],[5674342.673705109,6435216.5460417615],[5674339.744383156,6435207.0252364315],[5674335.349492753,6435198.236766118],[5674330.223179335,6435185.05383559],[5674338.252119031,6435174.917410681],[5674322.5528077455,6435129.139436967],[5674342.749932818,6435137.363837219],[5674354.305690487,6435140.253117165],[5674359.000954362,6435139.53068465],[5674372.035853373,6435130.774848062],[5674368.393297057,6435122.120286098],[5674368.905111672,6435116.490713846],[5674369.416926289,6435107.789565593],[5674369.416926289,6435102.671322523],[5674375.04688707,6435094.48240368],[5674381.700477082,6435081.687021062],[5674392.960398643,6435073.498102219],[5674396.564880304,6435063.118479918],[5674402.315534957,6435059.524321891],[5674411.300422397,6435052.6956466995],[5674412.019140795,6435047.304634717],[5674405.909126944,6435035.4441382885],[5674405.1904085465,6435029.334294702],[5674406.037080598,6435011.722245204],[5674406.037080598,6434998.2940027015],[5674407.069784557,6434988.997354002],[5674409.13609995,6434973.502639427],[5674405.004376638,6434965.239001706],[5674405.004376638,6434958.008374966],[5674408.103395991,6434940.448088545],[5674409.13609995,6434935.283483763],[5674401.905357285,6434923.920813105],[5674395.70731858,6434919.788769187],[5674393.641910659,6434908.426548643],[5674384.3448526,6434897.063877986],[5674378.147721368,6434892.931834068],[5674375.048702015,6434887.767229286],[5674370.916978702,6434876.404558628],[5674374.015998055,6434869.173931886],[5674398.862601241,6434835.928082676],[5674412.290475139,6434822.499840173],[5674423.652941118,6434811.137169515],[5674428.818275864,6434799.774498857],[5674436.04901853,6434790.477850157],[5674443.279761195,6434777.049607654],[5674453.608615741,6434766.719947975],[5674461.772240368,6434754.833795065],[5674465.3377007,6434750.249836977],[5674469.922252903,6434741.5905492995],[5674475.524989502,6434734.45939769],[5674476.543173898,6434729.875439602],[5674470.940437299,6434726.819167467],[5674464.828608503,6434727.328696194],[5674460.2440563,6434731.9126542825],[5674456.678595967,6434736.497062485],[5674454.132227503,6434741.081020573],[5674444.963123099,6434752.287051657],[5674438.851294301,6434756.871459859],[5674433.757649901,6434763.493082742],[5674429.173097699,6434769.096098284],[5674425.098545168,6434771.133312965],[5674420.5149004385,6434776.736328508],[5674412.364887903,6434779.792600642],[5674403.007029172,6434782.398759061],[5674384.941969654,6434785.807470235],[5674385.964691414,6434773.195734014],[5674388.00922746,6434754.789683921],[5674384.600759909,6434738.428950556],[5674369.262655926,6434730.589319956],[5674353.924551943,6434717.295661454],[5674327.661383835,6434719.447655133],[5674305.167857422,6434714.94921865],[5674292.314413758,6434709.165257394],[5674276.891007339,6434696.311810107],[5674266.793558338,6434747.7778124465],[5674255.337622669,6434755.9599795835],[5674247.155848588,6434770.688600614],[5674235.699912919,6434780.507381224],[5674219.335457284,6434795.236002253],[5674209.51660241,6434806.691396337],[5674186.606546016,6434829.602184505],[5674158.7861547135,6434862.331753283],[5674155.512900597,6434868.877757061],[5674148.967299839,6434881.969314504],[5674119.510735214,6434906.516716145],[5674072.052634161,6434916.335496755],[5674070.416460839,6434904.880102672],[5674070.416460839,6434891.788545229],[5674078.599142393,6434883.605927978],[5674091.690343911,6434868.877757061],[5674122.78398933,6434821.419567253],[5674148.967299839,6434795.236002253],[5674168.605009588,6434777.234604392],[5674180.060037784,6434764.142596835],[5674194.788320097,6434739.595195195],[5674201.334828329,6434726.503187638],[5674206.243348294,6434706.865626417],[5674201.334828329,6434698.683009165],[5674199.697747534,6434687.227615082],[5674198.061574213,6434675.772220998],[5674184.969465222,6434659.407436609],[5674183.3332919,6434649.588655998],[5674183.3332919,6434626.677867831],[5674183.3332919,6434613.585860274],[5674166.968836267,6434575.946901191],[5674189.87889266,6434543.216882299],[5674216.062203169,6434538.3074919935],[5674234.039237834,6434530.389991721]]}},{"type":"Feature","properties":{},"geometry":{"type":"LineString","coordinates":[[5674056.438,6436437.122],[5674057.661,6436437.412],[5674057.443,6436438.056],[5674057.316,6436438.432],[5674057.893,6436437.849],[5674058.588,6436437.366],[5674059.097,6436436.761],[5674059.456,6436435.924],[5674060.279,6436434.168],[5674061.415,6436432.158],[5674062.597,6436429.566],[5674063.819,6436426.628],[5674064.619,6436424.265],[5674065.128,6436422.762],[5674065.841,6436420.429],[5674067.531,6436415.435],[5674069.245,6436410.15],[5674070.062,6436406.836],[5674070.471,6436403.383],[5674070.302,6436399.615],[5674069.497,6436396.829],[5674068.965,6436394.135],[5674068.456,6436392.047],[5674068.046,6436390.113],[5674067.655,6436387.228],[5674067.541,6436384.196],[5674067.682,6436381.311],[5674068.213,6436377.72],[5674068.985,6436373.194],[5674069.958,6436368.974],[5674070.957,6436366.021],[5674071.539,6436364.302],[5674072.275,6436362.576],[5674073.252,6436360.812],[5674074.711,6436358.972],[5674076.797,6436357.523],[5674079.429,6436357.157],[5674082.352,6436357.728],[5674086.548,6436359.028],[5674090.503,6436360.367],[5674095.204,6436362.198],[5674100.609,6436363.967],[5674105.182,6436365.276],[5674108.978,6436365.962],[5674113.401,6436366.142],[5674117.501,6436366.154],[5674121.174,6436366.08],[5674124.665,6436365.646],[5674127.652,6436365.58],[5674130.37,6436365.183],[5674133.62,6436364.787],[5674137.13,6436364.299],[5674140.453,6436364.586],[5674142.244,6436365.132],[5674143.353,6436365.448],[5674144.498,6436365.656],[5674146.303,6436365.489],[5674149.008,6436364.908],[5674152.217,6436363.959],[5674154.735,6436363.255],[5674156.294,6436362.466],[5674157.285,6436361.784],[5674158.28,6436360.864],[5674159.976,6436359.224],[5674162.076,6436357.062],[5674163.912,6436355.229],[5674165.271,6436354.133],[5674166.976,6436352.914],[5674169.289,6436351.244],[5674172.107,6436349.205],[5674175.262,6436347.52],[5674177.375,6436347.337],[5674179.185,6436347.83],[5674181.23,6436348.522],[5674183.785,6436349.507],[5674186.899,6436350.86],[5674189.063,6436351.652],[5674190.327,6436351.96],[5674191.168,6436351.946],[5674191.895,6436351.594],[5674192.768,6436350.812],[5674193.49,6436349.799],[5674194.249,6436348.68],[5674194.94,6436347.537],[5674195.895,6436346.064],[5674196.881,6436344.722],[5674198.158,6436343.419],[5674200.335,6436341.702],[5674203.172,6436340.507],[5674205.372,6436340.295],[5674207.099,6436340.58],[5674208.904,6436341.311],[5674211.354,6436342.379],[5674213.955,6436343.679],[5674217.01,6436345.431],[5674219.806,6436347.275],[5674221.051,6436348.534],[5674221.451,6436349.149],[5674221.929,6436349.31],[5674222.897,6436349.818],[5674225.084,6436351.216],[5674227.22,6436352.538],[5674229.016,6436353.744],[5674230.512,6436355.388],[5674232.203,6436357.576],[5674234.222,6436360.594],[5674236.254,6436363.795],[5674238.123,6436366.582],[5674239.696,6436369.569],[5674241.474,6436372.624],[5674243.829,6436375.995],[5674246.411,6436379.144],[5674248.948,6436381.977],[5674251.558,6436384.596],[5674254.986,6436387.492],[5674258.668,6436389.637],[5674262.478,6436391.405],[5674266.296,6436392.697],[5674269.792,6436393.821],[5674273.733,6436394.975],[5674276.743,6436395.515],[5674279.106,6436395.717],[5674280.579,6436395.856],[5674281.766,6436395.719],[5674283.102,6436395.812],[5674284.543,6436395.821],[5674285.807,6436396.129],[5674286.816,6436396.291],[5674287.675,6436396.223],[5674288.875,6436396.27],[5674290.23,6436396.31],[5674290.744,6436396.364],[5674291.385,6436396.042],[5674292.394,6436395.306],[5674293.953,6436394.517],[5674295.766,6436393.874],[5674298.189,6436392.779],[5674300.857,6436391.408],[5674302.58,6436390.136],[5674303.984,6436388.456],[5674305.593,6436386.846],[5674307.134,6436385.213],[5674308.961,6436383.857],[5674310.702,6436383.429],[5674312.712,6436383.331],[5674315.139,6436382.895],[5674318.08,6436382.514],[5674320.821,6436382.724],[5674322.544,6436383.247],[5674324.094,6436383.832],[5674325.281,6436384.592],[5674326.181,6436385.077],[5674326.999,6436385.354],[5674327.749,6436385.608],[5674328.795,6436385.662],[5674330.222,6436385.487],[5674331.513,6436385.266],[5674332.909,6436384.96],[5674334.327,6436384.363],[5674335.922,6436383.466],[5674337.104,6436382.669],[5674338.613,6436381.803],[5674340.413,6436380.976],[5674342.404,6436380.034],[5674344.377,6436379.146],[5674347.059,6436377.959],[5674349.459,6436377.155],[5674351.268,6436376.75],[5674353.104,6436376.713],[5674354.673,6436377.244],[5674356.377,6436377.821],[5674357.946,6436378.352],[5674359.991,6436379.044],[5674362.951,6436380.405],[5674366.42,6436382.058],[5674368.888,6436383.073],[5674370.993,6436384.264],[5674371.916,6436385.355],[5674372.366,6436386.046],[5674372.507,6436386.752],[5674372.321,6436387.527],[5674371.943,6436388.417],[5674371.525,6436389.652],[5674370.848,6436390.979],[5674369.78,6436392.113],[5674368.648,6436392.987],[5674367.712,6436393.508],[5674366.898,6436393.891],[5674366.326,6436394.236],[5674365.598,6436394.588],[5674364.889,6436394.887],[5674364.18,6436395.186],[5674363.471,6436395.484],[5674362.676,6436395.813],[5674361.726,6436396.15],[5674360.966,6436396.372],[5674360.312,6436396.51],[5674359.571,6436396.678],[5674358.757,6436397.061],[5674358.044,6436397.597],[5674357.448,6436398.234],[5674357.026,6436398.809],[5674356.889,6436399.661],[5674356.976,6436400.528],[5674357.426,6436402.117],[5674358.304,6436403.79],[5674359.345,6436404.98],[5674360.472,6436406.14],[5674361.677,6436406.847],[5674363.632,6436408.706],[5674366.137,6436411.409],[5674368.606,6436414.22],[5674369.92,6436416.4],[5674370.692,6436417.261],[5674371.738,6436418.213],[5674373.661,6436419.941],[5674376.007,6436421.992],[5674377.507,6436423.398],[5674378.253,6436423.889],[5674378.712,6436424.105],[5674379.521,6436423.96],[5674380.317,6436423.63],[5674381.458,6436423.179],[5674382.948,6436422.367],[5674384.576,6436421.601],[5674386.017,6436420.712],[5674387.408,6436419.746],[5674388.571,6436419.003],[5674389.458,6436418.405],[5674390.412,6436417.83],[5674391.453,6436417.225],[5674392.548,6436416.459],[5674393.435,6436415.861],[5674394.217,6436415.348],[5674395.121,6436414.696],[5674396.285,6436413.953],[5674397.257,6436413.324],[5674398.003,6436412.918],[5674398.785,6436412.405],[5674399.912,6436411.769],[5674401.23,6436411.018],[5674402.794,6436409.991],[5674404.344,6436408.78],[5674405.916,6436407.278],[5674407.312,6436406.074],[5674408.116,6436405.269],[5674408.952,6436404.594],[5674409.962,6436403.859],[5674411.039,6436403.146],[5674411.662,6436402.878],[5674412.193,6436402.878],[5674412.998,6436402.971],[5674413.716,6436403.095],[5674414.553,6436403.318],[5674415.489,6436403.695],[5674416.339,6436404.102],[5674417.494,6436404.732],[5674418.476,6436405.424],[5674418.981,6436405.954],[5674419.413,6436406.699],[5674419.89,6436407.758],[5674420.063,6436408.595],[5674420.213,6436409.723],[5674420.04,6436410.682],[5674419.718,6436411.41],[5674418.863,6436413.036],[5674417.618,6436415.368],[5674416.2,6436416.863],[5674415.082,6436417.921],[5674414.136,6436418.918],[5674412.791,6436420.198],[5674410.609,6436422.153],[5674407.832,6436423.847],[5674405.8,6436425.134],[5674404.241,6436425.923],[5674402.564,6436426.612],[5674400.159,6436427.654],[5674397.587,6436428.518],[5674394.705,6436429.398],[5674392.364,6436429.803],[5674390.641,6436430.177],[5674389.091,6436430.491],[5674387.418,6436430.942],[5674385.504,6436431.431],[5674383.577,6436431.737],[5674382.113,6436432.019],[5674381.009,6436432.364],[5674380.059,6436432.7],[5674378.763,6436433.16],[5674376.727,6436433.787],[5674373.654,6436434.782],[5674369.722,6436436.743],[5674366.181,6436438.896],[5674364.631,6436440.107],[5674363.931,6436440.828],[5674363.631,6436441.265],[5674363.359,6436442.07],[5674363.618,6436442.876],[5674364.223,6436443.56],[5674364.932,6436444.159],[5674365.964,6436444.927],[5674366.978,6436445.749],[5674368.005,6436446.755],[5674369.096,6436448.022],[5674369.865,6436449.12],[5674370.451,6436449.858],[5674370.947,6436450.863],[5674371.542,6436452.023],[5674372.393,6436453.328],[5674373.052,6436454.748],[5674373.47,6436456.206],[5674373.93,6436457.319],[5674374.13,6436458.524],[5674373.966,6436459.905],[5674373.58,6436461.271],[5674373.207,6436461.923],[5674372.48,6436462.275],[5674370.976,6436462.903],[5674369.348,6436463.669],[5674367.248,6436464.933],[5674364.898,6436466.712],[5674362.767,6436468.743],[5674361.567,6436470.492],[5674361.003,6436471.259],[5674360.481,6436471.68],[5674359.694,6436472.432],[5674358.817,6436473.451],[5674358.399,6436473.789],[5674358.167,6436474.249],[5674357.985,6436474.786],[5674357.754,6436475.246],[5674357.504,6436475.76],[5674357.063,6436476.389],[5674356.658,6436476.91],[5674356.358,6436477.347],[5674355.658,6436478.068],[5674354.304,6436478.926],[5674352.477,6436480.283],[5674350.386,6436481.969],[5674348.509,6436483.249],[5674347.695,6436483.632],[5674346.64,6436484.053],[5674344.881,6436484.535],[5674342.486,6436485.101],[5674340.986,6436485.491],[5674339.517,6436486.011],[5674337.686,6436486.708],[5674335.667,6436487.282],[5674333.717,6436487.879],[5674332.399,6436488.629],[5674331.513,6436489.227],[5674330.763,6436489.871],[5674330.372,6436490.577],[5674330.054,6436491.068],[5674329.045,6436491.803],[5674327.986,6436492.462],[5674326.131,6436493.451],[5674323.858,6436494.776],[5674321.849,6436495.772],[5674320.172,6436496.461],[5674318.663,6436497.327],[5674316.863,6436498.154],[5674314.84,6436498.966],[5674313.145,6436499.708],[5674311.258,6436500.566],[5674309.031,6436501.309],[5674307.135,6436501.744],[5674305.517,6436502.034],[5674304.104,6436502.394],[5674302.844,6436502.746],[5674301.599,6436503.282],[5674300.563,6436503.649],[5674299.458,6436503.994],[5674298.126,6436504.56],[5674296.79,6436505.365],[5674295.176,6436506.315],[5674293.844,6436506.882],[5674293.226,6436506.912],[5674292.59,6436506.996],[5674292.04,6436507.049],[5674291.021,6436507.362],[5674289.99,6436507.492],[5674288.958,6436507.622],[5674288.267,6436507.867],[5674287.299,6436508.257],[5674286.226,6436508.732],[5674285.258,6436509.122],[5674284.326,6436509.405],[5674283.189,6436509.619],[5674279.451,6436511.639]]}},{"type":"Feature","properties":{},"geometry":{"type":"LineString","coordinates":[[5673710.632,6436301.033],[5673712.035,6436301.031],[5673711.357,6436300.563],[5673711.025,6436299.971],[5673710.207,6436298.797],[5673709.229,6436296.969],[5673708.588,6436294.598],[5673707.742,6436291.259],[5673707.228,6436287.614],[5673706.996,6436283.585],[5673706.586,6436278.957],[5673706.867,6436274.983],[5673707.517,6436272.389],[5673708.062,6436270.779],[5673709.239,6436269.322],[5673711.203,6436267.113],[5673713.412,6436264.629],[5673715.566,6436262.306],[5673717.293,6436260.796],[5673719.125,6436259.201],[5673721.552,6436256.97],[5673724.193,6436255.231],[5673727.375,6436253.914],[5673730.839,6436253.111],[5673733.784,6436252.492],[5673736.889,6436252.525],[5673740.476,6436253.38],[5673744.635,6436254.788],[5673749.595,6436256.527],[5673753.345,6436257.796],[5673755.796,6436258.865],[5673758.346,6436260.088],[5673760.946,6436260.489],[5673764.019,6436260.392],[5673767.265,6436259.336],[5673769.755,6436257.366],[5673772.078,6436255.219],[5673774.632,6436252.612],[5673777.132,6436250.167],[5673779.26,6436248.373],[5673781.369,6436246.633],[5673783.764,6436244.272],[5673785.914,6436241.289],[5673787.645,6436238.643],[5673788.718,6436237.27],[5673789.386,6436236.419],[5673790.095,6436235.222],[5673791.967,6436232.385],[5673794.413,6436229.202],[5673795.971,6436226.618],[5673796.767,6436224.493],[5673797.639,6436221.915],[5673798.207,6436218.217],[5673798.656,6436214.419],[5673798.897,6436211.688],[5673798.92,6436210.498],[5673799.02,6436209.754],[5673799.319,6436208.419],[5673799.778,6436205.941],[5673800.523,6436202.841],[5673801.464,6436199.389],[5673802.25,6436196.842],[5673802.941,6436194.802],[5673803.74,6436192.439],[5673804.29,6436190.59],[5673804.508,6436189.048],[5673804.69,6436187.613],[5673805.031,6436185.933],[5673805.426,6436184.092],[5673806.298,6436181.514],[5673807.516,6436177.916],[5673808.807,6436174.104],[5673810.161,6436170.552],[5673811.338,6436168.197],[5673812.388,6436166.218],[5673813.869,6436164.086],[5673815.524,6436160.995],[5673817.205,6436158.273],[5673818.091,6436156.777],[5673818.65,6436156.248],[5673819.446,6436155.919],[5673820.832,6436155.191],[5673822.546,6436154.395],[5673824.514,6436153.744],[5673826.446,6436153.201],[5673828.637,6436152.566],[5673830.896,6436151.954],[5673833.519,6436151.166],[5673836.246,6436150.294],[5673838.137,6436150.096],[5673839.537,6436150.45],[5673840.924,6436150.62],[5673843.192,6436151.328],[5673846.074,6436152.244],[5673849.334,6436153.167],[5673853.198,6436153.877],[5673857.244,6436154.947],[5673860.044,6436155.655],[5673862.74,6436156.448],[5673866.013,6436157.556],[5673869.463,6436158.365],[5673873.2,6436159.45],[5673876.591,6436160.658],[5673880.051,6436161.889],[5673883.51,6436163.119],[5673887.106,6436164.396],[5673890.87,6436165.85],[5673895.352,6436168.325],[5673899.489,6436170.922],[5673902.894,6436173.212],[5673906.14,6436175.747],[5673909.427,6436178.835],[5673912.305,6436181.784],[5673914.787,6436183.881],[5673915.36,6436184.434],[5673915.474,6436184.772],[5673915.238,6436185.47],[5673915.056,6436186.007],[5673914.892,6436186.49],[5673914.729,6436186.973],[5673915.615,6436187.273],[5673917.079,6436187.889],[5673919.193,6436188.604],[5673923.148,6436189.943],[5673928.262,6436191.674],[5673933.035,6436193.29],[5673935.504,6436194.305],[5673936.804,6436195.403],[5673938.454,6436197.039],[5673940.937,6436200.034],[5673944.074,6436203.789],[5673946.461,6436206.393],[5673948.866,6436208.044],[5673951.057,6436209.205],[5673954.03,6436210.75],[5673957.671,6436213.24],[5673961.267,6436216.312],[5673963.55,6436219],[5673965.059,6436221.725],[5673966.873,6436224.674],[5673968.792,6436227.538],[5673970.52,6436230.516],[5673971.92,6436233.564],[5673973.28,6436236.059],[5673974.039,6436237.633],[5673974.953,6436239.199],[5673976.026,6436241.418],[5673977.495,6436244.489],[5673979.086,6436246.523],[5673981.209,6436248.559],[5673983.273,6436251.891],[5673984.769,6436255.33],[5673985.147,6436257.134],[5673985.215,6436258.055],[5673985.67,6436259.406],[5673986.597,6436261.156],[5673988.584,6436264.043],[5673991.826,6436267.714],[5673994.631,6436269.98],[5673997.427,6436271.824],[5674000.218,6436273.906],[5674003.26,6436276.372],[5674006.178,6436278.976],[5674008.883,6436281.986],[5674010.416,6436284.42],[5674011.489,6436286.639],[5674012.385,6436289.157],[5674012.289,6436291.458],[5674011.512,6436293.53],[5674010.526,6436295.769],[5674009.463,6436297.564],[5674008.299,6436299.205],[5674006.845,6436300.808],[5674004.808,6436302.333],[5674002.004,6436304.556],[5673999.827,6436306.273],[5673997.745,6436307.483],[5673996.472,6436308.549],[5673995.977,6436309.339],[5673995.354,6436309.607],[5673993.845,6436310.473],[5673991.968,6436311.753],[5673990.386,6436312.833],[5673989.004,6436314.221],[5673987.855,6436316.046],[5673987.068,6436317.695],[5673986.309,6436319.713],[5673985.423,6436322.106],[5673984.605,6436324.523],[5673983.556,6436327.399],[5673982.379,6436330.652],[5673981.311,6436332.684],[5673980.479,6436333.121],[5673979.533,6436333.22],[5673977.638,6436333.656],[5673975.042,6436334.812],[5673972.561,6436336.306],[5673970.388,6436337.785],[5673968.715,6436339.134],[5673967.293,6436340.867],[5673965.575,6436342.8],[5673963.87,6436344.916],[5673962.007,6436347.278],[5673960.025,6436349.54],[5673958.689,6436351.242],[5673958.003,6436352.147],[5673957.648,6436352.745],[5673957.348,6436353.182],[5673957.116,6436353.643],[5673956.848,6436354.21],[5673956.598,6436354.724],[5673956.171,6436355.537],[5673955.739,6436356.588],[5673954.862,6436358.506],[5673953.513,6436360.922],[5673951.695,6436363.598],[5673949.758,6436366.175],[5673948.449,6436368.245],[5673947.472,6436370.009],[5673946.232,6436372.103],[5673945.114,6436374.059],[5673944.5,6436375.647],[5673944.064,6436376.936],[5673943.614,6436378.04],[5673943.378,6436378.738],[5673943.141,6436379.436],[5673942.978,6436379.92],[5673942.728,6436380.434],[5673942.224,6436381.699],[5673941.587,6436383.579],[5673940.892,6436385.857],[5673940.211,6436388.32],[5673939.793,6436389.555],[5673939.37,6436391.028],[5673939.157,6436393.23],[5673939.061,6436394.634],[5673939.066,6436395.294],[5673939.484,6436395.855],[5673939.773,6436398.879]]}},{"type":"Feature","properties":{},"geometry":{"type":"LineString","coordinates":[[5673893.448,6435173.191],[5673892.271,6435173.75],[5673890.526,6435174.416],[5673887.835,6435175.181],[5673885.085,6435176.345],[5673882.185,6435178.176],[5673880.23,6435179.909],[5673878.898,6435181.373],[5673877.98,6435182.738],[5673876.831,6435184.564],[5673875.572,6435186.711],[5673874.34,6435189.227],[5673873.236,6435191.367],[5673872.15,6435193.453],[5673871.191,6435195.164],[5673870.409,6435196.575],[5673869.573,6435198.147],[5673868.741,6435199.482],[5673868.137,6435200.594],[5673867.528,6435201.944],[5673866.978,6435202.895],[5673866.655,6435203.623],[5673866.055,6435204.498],[5673865.037,6435205.709],[5673863.587,6435207.074],[5673861.805,6435208.745],[5673859.842,6435210.953],[5673858.306,6435213.246],[5673856.947,6435215.24],[5673855.692,6435217.15],[5673855.215,6435218.784],[5673854.725,6435220.234],[5673854.379,6435221.254],[5673854.352,6435221.784],[5673854.77,6435222.344],[5673855.279,6435222.636],[5673856.384,6435223.19],[5673857.712,6435223.759],[5673859.807,6435224.528],[5673863.285,6435225.705],[5673867.717,6435227.205],[5673871.263,6435228.406],[5673873.854,6435229.283],[5673875.9,6435229.975],[5673877.636,6435230.683],[5673879.096,6435231.536],[5673880.328,6435232.611],[5673881.401,6435233.932],[5673882.787,6435235.897],[5673884.843,6435238.808],[5673886.925,6435242.086],[5673888.93,6435244.919],[5673890.308,6435247.361],[5673891.503,6435249.441],[5673892.763,6435250.885],[5673893.69,6435251.738],[5673894.654,6435252.483],[5673895.991,6435253.474],[5673897.532,6435254.534],[5673899.091,6435255.541],[5673900.432,6435256.294],[5673901.973,6435257.354],[5673904.501,6435258.868],[5673907.142,6435260.72],[5673910.029,6435263.193],[5673911.766,6435265.696],[5673912.757,6435267.708],[5673913.548,6435269.412],[5673913.967,6435270.87],[5673914.276,6435271.753],[5673914.512,6435272.851],[5673914.853,6435273.864],[5673915.422,6435275.553],[5673915.999,6435277.663],[5673916.486,6435280.043],[5673917.005,6435282.552],[5673917.787,6435285.63],[5673918.578,6435288.232],[5673919.42,6435290.911],[5673920.124,6435292.646],[5673920.406,6435294.058],[5673920.511,6435294.871],[5673920.475,6435295.877],[5673920.452,6435297.066],[5673920.361,6435298.232],[5673920.312,6435299.951],[5673920.535,6435301.762],[5673921.044,6435303.85],[5673921.353,6435305.631],[5673921.567,6435306.122],[5673921.931,6435306.843],[5673922.317,6435307.274],[5673922.967,6435308.272],[5673923.759,6435309.078],[5673924.5,6435309.808],[5673925.754,6435310.592],[5673927.541,6435311.376],[5673929.446,6435312.26],[5673931.014,6435312.791],[5673932.31,6435313.229],[5673933.878,6435313.76],[5673935.037,6435314.153],[5673936.146,6435314.468],[5673937.869,6435314.992],[5673940.461,6435315.869],[5673943.529,6435316.907],[5673946.029,6435318.053],[5673947.343,6435319.335],[5673947.752,6435320.372],[5673948.425,6435321.976],[5673949.412,6435324.225],[5673950.558,6435326.229],[5673951.822,6435328.333],[5673953.395,6435330.421],[5673955.5,6435332.51],[5673957.482,6435334.738],[5673959.11,6435336.665],[5673960.433,6435338.37],[5673961.606,6435339.844],[5673962.442,6435340.965],[5673963.279,6435342.086],[5673964.12,6435343.867],[5673964.916,6435346.231],[5673965.653,6435348.995],[5673966.358,6435351.627],[5673966.735,6435353.431],[5673966.976,6435355.188],[5673967.045,6435357.007],[5673966.99,6435358.964],[5673966.918,6435360.974],[5673966.791,6435363.146],[5673966.287,6435365.309],[5673965.664,6435367.373],[5673964.96,6435369.229],[5673964.614,6435370.25],[5673963.937,6435371.576],[5673963.083,6435373.202],[5673961.71,6435375.91],[5673960.111,6435378.84],[5673958.775,6435381.44],[5673958.07,6435383.296],[5673957.098,6435385.72],[5673955.998,6435388.52],[5673955.339,6435389.794],[5673954.603,6435390.622],[5673953.989,6435391.312],[5673952.985,6435392.707],[5673951.558,6435394.678],[5673949.676,6435397.992],[5673947.89,6435401.696],[5673946.441,6435405.754],[5673945.713,6435407.902],[5673945.205,6435409.406],[5673944.568,6435411.285],[5673943.787,6435413.595],[5673942.714,6435416.763],[5673941.856,6435419.525],[5673940.933,6435422.025],[5673940.606,6435422.992],[5673940.161,6435423.859],[5673939.433,6435425.109],[5673938.32,6435427.724],[5673936.943,6435431.568],[5673935.503,6435435.15],[5673934.385,6435438.004],[5673933.13,6435440.811],[5673931.985,6435443.296],[5673930.64,6435445.474],[5673929.263,6435447.522],[5673927.831,6435449.731],[5673926.381,6435451.993],[5673924.913,6435454.309],[5673923.277,6435456.449],[5673921.927,6435457.967],[5673921.109,6435458.588],[5673920.359,6435459.232],[5673919.378,6435460.336],[5673918.155,6435461.478],[5673916.773,6435462.866],[5673915.091,6435464.691],[5673913.337,6435466.73],[5673911.96,6435468.778],[5673910.319,6435471.155],[5673908.447,6435473.095],[5673906.433,6435474.329],[5673904.619,6435474.972],[5673903.383,6435475.032],[5673901.906,6435475.13],[5673900.619,6435475.114],[5673899.228,6435475.182],[5673897.937,6435475.403],[5673896.778,6435475.909],[5673895.546,6435476.629],[5673893.864,6435477.556],[5673892.801,6435478.453],[5673892.378,6435479.028],[5673891.933,6435479.895],[5673891.533,6435481.076],[5673890.833,6435482.694],[5673889.974,6435484.558],[5673888.62,6435486.314],[5673886.874,6435487.878],[5673885.133,6435489.204],[5673883.37,6435490.822],[5673881.688,6435492.647],[5673879.997,6435494.049],[5673878.347,6435495.107],[5673876.561,6435496.118],[5673874.584,6435497.245],[5673872.693,6435498.34],[5673870.493,6435499.451],[5673868.32,6435500.93],[5673867.129,6435502.203],[5673866.457,6435503.292],[5673866.075,6435504.42],[5673865.348,6435506.568],[5673864.616,6435508.953],[5673864.426,6435510.864],[5673864.662,6435511.961],[5673865.19,6435513.098],[5673866.39,6435514.94],[5673869.209,6435518.288],[5673874.069,6435522.567],[5673878.806,6435527.881],[5673882.83,6435532.834],[5673886.035,6435536.612],[5673887.876,6435538.133],[5673889.163,6435539.048],[5673890.29,6435540.207],[5673891.468,6435541.444],[5673893.136,6435543.026],[5673895.432,6435545.898],[5673897.451,6435548.916],[5673899.833,6435552.655],[5673902.03,6435557.169],[5673903.68,6435560.6],[5673904.903,6435563.049],[5673905.945,6435565.137],[5673906.231,6435566.312],[5673906.145,6435567.24],[5673905.831,6435568.391],[5673905.568,6435569.618],[5673905.272,6435570.715],[5673905.1,6435571.674],[5673904.982,6435572.472],[5673904.864,6435573.27],[5673904.918,6435574.007],[5673905.168,6435575.289],[5673905.691,6435576.663],[5673906.387,6435577.976],[5673907.101,6435579.235],[5673908.133,6435580.901],[5673909.247,6435583.672],[5673910.461,6435586.597],[5673911.28,6435589.567],[5673911.83,6435592.207],[5673912.449,6435594.871],[5673913.522,6435597.089],[5673914.677,6435598.617],[5673916,6435600.322],[5673917.495,6435601.965],[5673918.559,6435602.864],[5673919.341,6435603.248],[5673920.296,6435603.572],[5673921.319,6435603.918],[5673922.137,6435604.195],[5673923.364,6435604.61],[5673925.192,6435605.049],[5673929.147,6435606.388],[5673934.616,6435608.419],[5673939.362,6435610.564],[5673940.912,6435611.148],[5673941.385,6435611.548],[5673942.026,6435612.124],[5673943.103,6435613.207],[5673944.153,6435614.819],[5673945.245,6435616.984],[5673946.227,6435619.471],[5673946.454,6435621.942],[5673946.337,6435625.434],[5673945.355,6435629.231],[5673944.324,6435632.054],[5673943.538,6435633.703],[5673942.774,6435635.061],[5673941.533,6435636.257],[5673939.929,6435637.629],[5673938.556,6435638.541],[5673937.606,6435638.878],[5673936.724,6435639.238],[5673935.374,6435639.858],[5673934.024,6435640.478],[5673933.001,6435641.03],[5673931.942,6435641.689],[5673931.12,6435642.548],[5673930.661,6435643.23],[5673930.111,6435644.181],[5673929.729,6435645.309],[5673929.275,6435646.651],[5673928.62,6435648.584],[5673927.675,6435651.377],[5673926.748,6435654.115],[5673926.021,6435656.263],[5673925.317,6435658.12],[5673924.176,6435660.367],[5673922.567,6435662.875],[5673920.858,6435665.229],[5673919.572,6435667.008],[5673918.354,6435668.811],[5673917.186,6435670.69],[5673915.75,6435672.238],[5673914.027,6435673.511],[5673912.004,6435674.322],[5673910.322,6435674.352],[5673908.849,6435674.212],[5673907.395,6435674.019],[5673905.686,6435673.68],[5673903.263,6435672.979],[5673900.553,6435672.003],[5673897.707,6435670.979],[5673895.425,6435670.087],[5673893.602,6435669.41],[5673891.543,6435668.534],[5673888.715,6435667.457],[5673885.556,6435665.789],[5673883.015,6435664.091],[5673880.933,6435662.608],[5673879.428,6435661.44],[5673878.532,6435660.718],[5673877.059,6435659.681],[5673875.332,6435658.498],[5673873.795,6435657.2],[5673871.69,6435655.111],[5673869.167,6435652.461],[5673867.062,6435650.372],[5673865.575,6435649.15],[5673864.357,6435648.259],[5673862.961,6435647.667],[5673861.052,6435647.021],[5673858.629,6435646.32],[5673856.22,6435645.804],[5673854.647,6435645.511],[5673853.31,6435645.418],[5673851.874,6435645.171],[5673850.165,6435644.832],[5673847.842,6435644.285],[5673844.987,6435643.738],[5673841.427,6435643.251],[5673838.132,6435643.333],[5673835.754,6435643.845],[5673834.354,6435644.388],[5673832.904,6435644.855],[5673831.145,6435645.337],[5673828.959,6435645.734],[5673825.649,6435645.631],[5673822.467,6435645.153],[5673819.994,6435644.376],[5673818.017,6435643.706],[5673816.635,6435643.298],[5673815.262,6435643.313],[5673812.935,6435643.901],[5673810.653,6435644.805],[5673809.371,6435645.448],[5673808.612,6435645.67],[5673807.957,6435645.808],[5673806.457,6435646.198],[5673803.398,6435646.479],[5673798.907,6435646.275],[5673794.116,6435645.611],[5673790.602,6435644.542],[5673787.601,6435643.526],[5673784.396,6435642.441],[5673781.091,6435641.203],[5673777.296,6435639.619],[5673773.431,6435638.012],[5673770.499,6435637.019],[5673768.949,6435636.435],[5673767.276,6435635.988],[5673765.481,6435635.679],[5673762.83,6435635.201],[5673758.78,6435635.267],[5673755.521,6435636.139],[5673753.166,6435637.257],[5673751.653,6435638.361],[5673750.257,6435639.564],[5673748.362,6435640.898],[5673746.767,6435641.794],[5673745.567,6435642.645],[5673744.967,6435643.519],[5673744.421,6435645.13],[5673743.422,6435648.084],[5673741.777,6435653.392],[5673742.132,6435659.079],[5673743.201,6435663.331],[5673745.024,6435665.803],[5673748.052,6435668.085],[5673751.411,6435670.06],[5673754.862,6435671.767],[5673759.112,6435673.804],[5673762.867,6435675.733],[5673765.64,6435676.971],[5673768.568,6435678.201],[5673771.814,6435679.839],[5673774.846,6435681.883],[5673776.774,6435683.373],[5673777.647,6435684.387],[5673778.197,6435685.231],[5673778.783,6435685.968],[5673779.797,6435686.79],[5673781.338,6435687.851],[5673783.13,6435689.295],[5673785.112,6435690.624],[5673788.062,6435692.461],[5673791.849,6435694.521],[5673796.204,6435696.474],[5673799.986,6435697.874],[5673802.15,6435698.666],[5673804.109,6435699.389],[5673806.76,6435700.765],[5673809.833,6435702.463],[5673811.965,6435704.023],[5673813.029,6435704.922],[5673814.161,6435705.844],[5673815.425,6435707.049],[5673816.398,6435708.217],[5673817.03,6435709.268],[5673817.657,6435710.558],[5673818.571,6435712.124],[5673819.799,6435714.335],[5673821.763,6435717.514],[5673823.836,6435721.268],[5673825.478,6435724.278],[5673827.31,6435727.172],[5673828.879,6435729.499],[5673829.611,6435730.704],[5673830.006,6435731.556],[5673830.275,6435732.784],[5673830.447,6435734.519],[5673830.384,6435736.951],[5673830.271,6435740.205],[5673829.976,6435744.893],[5673829.586,6435749.19],[5673829.459,6435752.259],[5673829.555,6435754.446],[5673830.087,6435756.242],[5673830.996,6435758.046],[5673831.446,6435759.635],[5673831.36,6435760.564],[5673831.265,6435761.07],[5673831.046,6435761.714],[5673830.701,6435762.735],[5673830.069,6435764.376],[5673829.361,6435766.471],[5673828.515,6435768.519],[5673827.17,6435770.697],[5673824.793,6435773.004],[5673822.638,6435774.43],[5673820.907,6435775.28],[5673819.216,6435776.683],[5673818.725,6435777.235],[5673818.561,6435777.718],[5673818.361,6435778.309],[5673818.125,6435779.007],[5673817.943,6435779.544],[5673817.812,6435781.055],[5673817.862,6435782.928],[5673818.09,6435785.399],[5673818.658,6435787.985],[5673819.29,6435789.037],[5673820.254,6435790.68],[5673821.513,6435793.022],[5673822.837,6435795.624],[5673824.21,6435798.304],[5673826.956,6435802.764],[5673830.334,6435809.175],[5673832.194,6435815.131],[5673832.854,6435818.347],[5673833.299,6435820.174],[5673834.254,6435821.395],[5673835.941,6435822.923],[5673837.196,6435823.707],[5673837.655,6435823.922],[5673838.405,6435824.176],[5673838.95,6435824.361],[5673839.869,6435824.791],[5673841.128,6435825.337],[5673843.528,6435826.329],[5673846.829,6435827.805],[5673850.602,6435829.681],[5673854.12,6435831.411],[5673856.73,6435833.132],[5673858.808,6435834.853]]}},{"type":"Feature","properties":{},"geometry":{"type":"LineString","coordinates":[[5673675.95,6435155.173],[5673678.88,6435156.559],[5673679.523,6435157.64],[5673680.219,6435158.055],[5673680.66,6435158.324],[5673681.451,6435159.13],[5673682.256,6435160.121],[5673683.233,6435161.05],[5673684.01,6435161.672],[5673684.379,6435162.156],[5673684.724,6435162.931],[5673685.238,6435163.883],[5673686.366,6435165.941],[5673687.361,6435167.714],[5673688.225,6435169.204],[5673688.689,6435170.079],[5673688.885,6435170.624],[5673689.357,6435171.023],[5673689.935,6435171.338],[5673690.767,6435171.8],[5673691.512,6435172.291],[5673692.181,6435173.236],[5673692.617,6435173.743],[5673693.299,6435173.973],[5673694.317,6435174.557],[5673695.077,6435175.233],[5673695.749,6435175.94],[5673696.336,6435176.677],[5673696.877,6435177.1],[5673697.754,6435177.876],[5673698.718,6435178.621],[5673699.882,6435179.673],[5673700.909,6435180.679],[5673701.737,6435181.378],[5673702.26,6435181.854],[5673703.087,6435182.553],[5673703.714,6435182.945],[5673704.392,6435183.414],[5673704.833,6435183.683],[5673705.36,6435183.921],[5673705.915,6435184.528],[5673706.506,6435185.027],[5673707.233,6435185.573],[5673707.756,6435186.049],[5673708.379,6435186.679],[5673709.193,6435187.194],[5673710.079,6435187.494],[5673711.12,6435187.786],[5673712.166,6435187.841],[5673713.488,6435187.75],[5673714.779,6435187.529],[5673716.743,6435187.116],[5673718.88,6435186.642],[5673720.393,6435186.436],[5673721.53,6435186.222],[5673722.252,6435186.108],[5673723.184,6435185.825],[5673724.412,6435185.342],[5673726.539,6435184.446],[5673728.557,6435183.873],[5673729.971,6435183.513],[5673731.384,6435183.154],[5673732.73,6435182.771],[5673734.212,6435182.435],[5673735.603,6435182.367],[5673736.939,6435182.46],[5673738.203,6435182.769],[5673739.858,6435183.269],[5673741.99,6435183.931],[5673743.831,6435184.554],[5673745.74,6435185.2],[5673747.445,6435185.777],[5673748.809,6435186.239],[5673749.986,6435186.577],[5673750.859,6435186.693],[5673751.714,6435186.863],[5673752.382,6435186.909],[5673752.914,6435186.91],[5673753.891,6435186.941],[5673755.127,6435186.881],[5673756.377,6435187.005],[5673757.596,6435186.998],[5673759.873,6435187.231],[5673763.123,6435187.732],[5673766.096,6435188.38],[5673768.11,6435188.941],[5673769.424,6435189.326],[5673770.788,6435189.788],[5673771.724,6435190.165],[5673772.679,6435190.488],[5673773.77,6435190.857],[5673774.911,6435191.303],[5673776.17,6435191.849],[5673777.257,6435192.456],[5673778.207,6435193.017],[5673779.312,6435193.571],[5673780.503,6435194.094],[5673782.207,6435194.671],[5673783.435,6435195.086],[5673784.185,6435195.34],[5673785.14,6435195.663],[5673786.435,6435196.102],[5673787.954,6435196.556],[5673789.645,6435196.949],[5673791.367,6435197.472],[5673792.749,6435197.88],[5673794.591,6435198.503],[5673797.159,6435198.774],[5673799.441,6435198.768],[5673802.309,6435198.602],[5673804.455,6435198.55],[5673805.982,6435198.528],[5673807.187,6435198.338],[5673808.923,6435198.147],[5673811.237,6435198.272],[5673813.687,6435198.443],[5673815.851,6435198.338],[5673817.651,6435198.408],[5673819.092,6435198.417],[5673820.547,6435198.61],[5673822.347,6435198.681],[5673824.37,6435198.767],[5673826.375,6435198.907],[5673827.847,6435199.047],[5673829.047,6435199.094],[5673830.043,6435199.071],[5673830.888,6435198.819],[5673832.002,6435197.999],[5673833.47,6435196.581],[5673834.834,6435195.247],[5673836.252,6435193.751],[5673837.62,6435192.18],[5673838.883,6435190.692],[5673839.711,6435189.595],[5673840.361,6435188.798],[5673840.992,6435188.054],[5673841.642,6435187.257],[5673842.701,6435185.7],[5673843.933,6435184.082],[5673845.41,6435182.188],[5673846.828,6435180.693],[5673848.092,6435179.205],[5673849.319,6435177.825],[5673850.755,6435176.276],[5673852.505,6435174.474],[5673854.518,6435172.343],[5673856.468,6435169.951],[5673858.218,6435168.149],[5673859.545,6435166.922],[5673860.645,6435165.918],[5673861.986,6435164.875],[5673863.063,6435164.163],[5673864.532,6435162.744],[5673866.363,6435161.15],[5673868.459,6435159.226],[5673870.295,6435157.393],[5673872.027,6435155.645],[5673873.549,6435154.066],[5673875.163,6435152.218],[5673876.426,6435150.73],[5673877.481,6435149.412],[5673878.571,6435147.985],[5673879.944,6435146.175],[5673881.248,6435144.343],[5673882.548,6435142.748],[5673883.426,6435141.728],[5673884.021,6435141.091],[5673884.812,6435140.102],[5673885.375,6435139.335],[5673886.066,6435138.193],[5673886.93,6435136.989],[5673887.984,6435135.67],[5673889.348,6435134.336],[5673890.534,6435133.301],[5673891.802,6435132.473],[5673893.111,6435131.3],[5673894.452,6435130.258],[5673895.652,6435129.407],[5673896.734,6435128.457],[5673897.434,6435127.736],[5673898.134,6435127.015],[5673898.784,6435126.218],[5673899.675,6435125.382],[5673900.693,6435124.171],[5673901.693,6435123.013],[5673902.679,6435121.671],[5673903.415,6435120.843],[5673904.047,6435120.099],[5673904.42,6435119.447],[5673904.829,6435118.688],[5673905.101,6435117.882],[5673905.374,6435117.077],[5673905.665,6435116.217],[5673905.692,6435115.688],[5673905.587,6435114.875],[5673905.296,6435113.938],[5673905.087,6435113.209],[5673904.523,6435112.18],[5673904.223,6435111.719],[5673903.737,6435111.136],[5673903.232,6435110.606],[5673902.473,6435109.93],[5673901.814,6435109.408],[5673901.254,6435109.039],[5673900.441,6435108.524],[5673899.472,6435108.017],[5673898.386,6435107.409],[5673897.313,6435106.986],[5673896.531,6435106.602],[5673895.731,6435106.271],[5673894.658,6435105.848],[5673893.244,6435105.31],[5673891.949,6435104.871],[5673890.603,6435104.356],[5673888.967,6435103.802],[5673887.466,6435103.294],[5673886.084,6435102.887],[5673884.448,6435102.333],[5673882.739,6435101.993],[5673880.684,6435101.777],[5673878.597,6435101.43],[5673876.615,6435100.998],[5673874.82,6435100.69],[5673872.797,6435100.603],[5673871.083,6435100.502],[5673869.488,6435100.501],[5673868.269,6435100.507],[5673867.292,6435100.476],[5673865.878,6435100.835],[5673864.378,6435101.225],[5673862.646,6435102.076],[5673861.192,6435102.78],[5673860.015,6435103.339],[5673858.719,6435103.799],[5673857.265,6435104.503],[5673855.864,6435105.047],[5673854.069,6435105.636],[5673851.551,6435106.34],[5673849.196,6435107.458],[5673847.273,6435108.423],[5673846.237,6435108.791],[5673845.132,6435109.135],[5673843.855,6435109.541],[5673842.523,6435110.107],[5673841.573,6435110.444],[5673840.541,6435110.574],[5673839.064,6435110.672],[5673837.023,6435110.64],[5673834.641,6435110.492],[5673832.514,6435110.49],[5673830.986,6435110.512],[5673829.013,6435110.502],[5673826.463,6435110.178],[5673823.827,6435109.884],[5673821.481,6435109.628],[5673819.976,6435109.358],[5673818.794,6435109.258],[5673817.408,6435109.088],[5673815.849,6435108.979],[5673814.167,6435109.008],[5673812.535,6435109.114],[5673810.921,6435109.166],[5673808.93,6435109.211],[5673806.735,6435109.186],[5673805.071,6435109.161],[5673803.766,6435109.198],[5673802.271,6435109.351],[5673800.998,6435109.518],[5673799.88,6435109.678],[5673798.898,6435109.885],[5673797.78,6435110.045],[5673795.975,6435110.212],[5673793.575,6435110.118],[5673790.838,6435109.67],[5673788.892,6435109.132],[5673787.46,6435108.647],[5673786.233,6435108.231],[5673785.21,6435107.885],[5673784.119,6435107.516],[5673782.278,6435106.893],[5673778.869,6435105.739],[5673775.664,6435104.654],[5673773.345,6435103.869],[5673770.713,6435103.337],[5673768.027,6435102.967],[5673765.367,6435102.964],[5673762.845,6435103.008],[5673760.149,6435103.113],[5673758.053,6435103.242],[5673756.68,6435103.256],[5673755.517,6435103.101],[5673754.476,6435102.809],[5673753.317,6435102.416],[5673751.935,6435102.009],[5673750.093,6435101.385],[5673747.434,6435100.485],[5673744.57,6435099.516],[5673742.42,6435098.908],[5673740.642,6435098.546],[5673739.22,6435098.483],[5673737.724,6435098.635],[5673736.347,6435098.887],[5673735.038,6435099.162],[5673733.524,6435099.368],[5673731.888,6435099.712],[5673729.96,6435100.017],[5673728.033,6435100.322],[5673726.365,6435100.536],[5673724.542,6435100.757],[5673722.978,6435100.886],[5673721.382,6435100.884],[5673719.737,6435100.806],[5673718.132,6435100.383],[5673716.068,6435099.744],[5673714.091,6435099.075],[5673712.131,6435098.352],[5673710.65,6435097.79],[5673709.527,6435097.29],[5673708.326,6435096.345],[5673706.913,6435094.909],[5673705.94,6435093.742],[5673705.117,6435092.805],[5673704.398,6435091.784],[5673703.771,6435090.494],[5673702.852,6435088.268],[5673701.552,6435085.374],[5673700.292,6435083.032],[5673699.379,6435081.466],[5673698.51,6435080.215],[5673697.728,6435078.932],[5673697.11,6435078.065],[5673696.423,6435077.174],[5673695.546,6435076.398],[5673694.768,6435075.776],[5673693.941,6435075.077],[5673692.791,6435074.209],[5673691.3,6435073.225],[5673689.84,6435072.372],[5673688.258,6435071.657],[5673686.299,6435070.934],[5673684.153,6435070.088],[5673681.699,6435069.257],[5673678.425,6435068.149],[5673674.911,6435067.08],[5673671.288,6435066.332],[5673667.979,6435066.229],[5673665.165,6435066.235],[5673662.779,6435066.325],[5673660.788,6435066.369],[5673659.088,6435066.452],[5673657.474,6435066.504],[5673655.828,6435066.426],[5673654.233,6435066.424],[5673652.142,6435066.315],[5673649.928,6435066.344],[5673647.991,6435066.227],[5673646.191,6435066.156],[5673643.946,6435066.055],[5673641.468,6435066.413],[5673639.332,6435066.887],[5673637.845,6435067.461],[5673636.768,6435068.174],[5673636.05,6435068.948],[5673635.541,6435069.554],[5673635.146,6435070.498],[5673634.709,6435071.786],[5673634.146,6435073.451],[5673633.582,6435075.116],[5673633.11,6435076.512],[5673632.496,6435078.1],[5673632.074,6435079.573],[5673631.792,6435080.854],[5673631.665,6435082.128],[5673631.652,6435083.739],[5673631.738,6435085.504],[5673631.87,6435087.584],[5673632.107,6435089.579],[5673632.234,6435090.999],[5673632.403,6435092.073],[5673632.535,6435093.255],[5673632.917,6435094.821],[5673633.29,6435096.862],[5673633.713,6435098.981],[5673634.104,6435100.969],[5673634.591,6435102.45],[5673635.132,6435103.77],[5673635.586,6435105.121],[5673635.946,6435106.081],[5673636.219,6435107.071],[5673636.61,6435108.161],[5673636.951,6435109.174],[5673637.26,6435110.057],[5673637.742,6435110.878],[5673638.124,6435111.546],[5673638.674,6435112.391],[5673639.451,6435113.911],[5673640.202,6435115.96],[5673640.993,6435117.665],[5673641.666,6435119.269],[5673642.443,6435120.789],[5673642.985,6435122.109],[5673643.735,6435123.261],[5673644.539,6435124.252],[5673645.449,6435125.158],[5673646.499,6435125.873],[5673647.735,6435126.71],[5673648.886,6435127.578],[5673649.868,6435128.27],[5673650.968,6435129.061],[5673652.113,6435130.167],[5673653.136,6435131.411],[5673654.364,6435132.724],[5673655.519,6435134.252],[5673656.355,6435135.373],[5673657.192,6435136.495],[5673658.033,6435137.378],[5673658.979,6435138.177],[5673660.174,6435139.359],[5673662.043,6435141.249],[5673664.557,6435144.374],[5673667.13,6435147.1],[5673669.235,6435149.19],[5673671.072,6435150.948],[5673672.763,6435152.239],[5673673.554,6435153.045],[5673674.277,6435153.829],[5673674.986,6435154.428],[5673675.95,6435155.173]]}},{"type":"Feature","properties":{},"geometry":{"type":"LineString","coordinates":[[5673417.494,6434577.029],[5673418.4,6434576.259],[5673419.909,6434575.393],[5673423.073,6434574.129],[5673428.978,6434572.178],[5673435.823,6434570.365],[5673442.301,6434568.967],[5673447.374,6434568.35],[5673450.856,6434567.493],[5673453.274,6434566.636],[5673455.383,6434565.794],[5673457.683,6434564.837],[5673459.911,6434564.094],[5673462.111,6434563.881],[5673464.184,6434564.044],[5673466.916,6434564.73],[5673471.307,6434565.677],[5673476.871,6434566.304],[5673481.603,6434566.469],[5673484.435,6434566.41],[5673486.485,6434565.967],[5673489.326,6434565.432],[5673493.877,6434565.237],[5673498.959,6434565.042],[5673503.755,6434565.468],[5673507.837,6434566.431],[5673510.814,6434566.84],[5673513.374,6434567.587],[5673516.956,6434568.68],[5673520.779,6434569.734],[5673525.266,6434571.073],[5673529.653,6434572.259],[5673533.48,6434573.076],[5673536.758,6434573.946],[5673540.531,6434574.924],[5673544.381,6434576.347],[5673547.241,6434577.554],[5673550.373,6434578.854],[5673553.982,6434580.315],[5673557.374,6434581.522],[5673561.074,6434582.715],[5673565.393,6434583.878],[5673571.166,6434585.233],[5673577.071,6434586.873],[5673581.699,6434588.02],[5673585.586,6434589.336],[5673588.586,6434590.352],[5673592.064,6434591.529],[5673595.641,6434592.859],[5673599.051,6434594.013],[5673602.46,6434595.167],[5673606.024,6434596.314],[5673609.552,6434597.568],[5673612.461,6434598.852],[5673614.684,6434600.143],[5673616.362,6434601.249],[5673617.189,6434602.846],[5673617.903,6434605.003],[5673618.577,6434607.505],[5673618.931,6434609.601],[5673619.123,6434611.281],[5673619.123,6434613.077],[5673618.837,6434615.494],[5673618.678,6434618.433],[5673618.56,6434621.924],[5673619.097,6434625.278],[5673620.256,6434627.466],[5673621.589,6434628.695],[5673623.061,6434629.732],[5673625.253,6434630.893],[5673628.062,6434632.023],[5673630.731,6434633.345],[5673632.976,6434635.243],[5673635.495,6434638.13],[5673638.95,6434641.395],[5673642.237,6434643.584],[5673645.556,6434645.007],[5673649.143,6434645.862],[5673653.384,6434646.579],[5673658.434,6434647.152],[5673663.321,6434647.309],[5673667.63,6434647.152],[5673671.549,6434646.802],[5673674.935,6434646.452],[5673678.513,6434645.988],[5673682.049,6434645.868],[5673683.763,6434645.969],[5673684.308,6434646.154],[5673685.199,6434646.216],[5673685.745,6434646.401],[5673686.745,6434646.141],[5673688.213,6434645.62],[5673689.55,6434645.713],[5673691.073,6434645.93],[5673693.123,6434646.384],[5673696.741,6434647.37],[5673700.414,6434648.194],[5673704.169,6434649.225],[5673708.165,6434650.219],[5673712.311,6434651.443],[5673717.23,6434652.629],[5673722.235,6434653.784],[5673725.949,6434654.263],[5673728.699,6434654.895],[5673730.981,6434655.787],[5673733.74,6434656.841],[5673737.073,6434658.447],[5673740.487,6434660.261],[5673743.283,6434662.105],[5673745.815,6434663.381],[5673748.347,6434664.658],[5673750.661,6434665.68],[5673753.307,6434667.294],[5673756.28,6434669.737],[5673759.453,6434672.487],[5673762.24,6434674.807],[5673764.74,6434676.85],[5673767.05,6434679.008],[5673769.823,6434682.042],[5673772.783,6434686.096],[5673775.447,6434690.35],[5673776.93,6434693.604],[5673777.644,6434695.761],[5673778.353,6434698.156],[5673779.149,6434700.52],[5673780.167,6434702.9],[5673781.454,6434705.61],[5673783.423,6434709.448],[5673785.933,6434713.709],[5673788.306,6434716.129],[5673789.497,6434717.549],[5673790.575,6434718.632],[5673792.243,6434720.215],[5673794.839,6434721.752],[5673797.439,6434723.051],[5673799.74,6434723.889],[5673801.922,6434724.628],[5673804.308,6434725.436],[5673807.072,6434726.251],[5673809.613,6434727.052],[5673811.932,6434727.836],[5673815.378,6434728.883],[5673819.964,6434730.376],[5673825.015,6434731.846],[5673830.206,6434733.124],[5673833.993,6434734.286],[5673836.721,6434735.21],[5673839.076,6434735.887],[5673841.48,6434736.641],[5673844.549,6434737.68],[5673849.39,6434739.318],[5673853.959,6434740.865],[5673858.064,6434742.434],[5673860.732,6434743.756],[5673862.837,6434744.947],[5673865.66,6434746.262],[5673868.438,6434747.262],[5673869.047,6434747.708],[5673870.67,6434748.975],[5673874.339,6434751.833],[5673878.353,6434755.466],[5673882.409,6434758.754],[5673885.536,6434761.189],[5673887.6,6434762.726],[5673889.669,6434764.025],[5673892.378,6434765.001],[5673895.378,6434766.017],[5673899.197,6434767.31],[5673905.111,6434769.371],[5673912.817,6434771.979],[5673920.127,6434774.633],[5673925.241,6434776.364],[5673928.7,6434777.595],[5673931.373,6434778.679],[5673934.728,6434779.995],[5673938.738,6434782.07],[5673942.893,6434784.614],[5673946.93,6434787.955],[5673950.453,6434791.243],[5673953.004,6434794.261],[5673954.959,6434797.017],[5673956.359,6434799.167],[5673957.446,6434800.672],[5673958.701,6434802.354],[5673960.529,6434804.588],[5673962.797,6434807.092],[5673964.611,6434809.142],[5673965.948,6434811.031],[5673968.089,6434813.911],[5673971.472,6434818.287],[5673975.118,6434822.335],[5673977.787,6434824.555],[5673978.823,6434825.983],[5673979.31,6434826.566],[5673979.796,6434827.15],[5673980.319,6434827.626],[5673980.806,6434828.21],[5673981.378,6434828.763],[5673981.883,6434829.293],[5673982.333,6434829.984],[5673982.72,6434830.414],[5673983.338,6434831.282],[5673983.724,6434831.712],[5673984.197,6434832.111],[5673984.893,6434832.526],[5673985.279,6434832.956],[5673985.734,6434833.409],[5673986.261,6434833.648],[5673986.857,6434833.909],[5673987.88,6434834.255],[5673988.884,6434834.655],[5673989.821,6434835.032],[5673991.057,6434835.87],[5673992.594,6434837.168],[5673993.753,6434838.458],[5673994.653,6434839.84],[5673995.449,6434841.306],[5673996.068,6434843.072],[5673996.532,6434844.845],[5673996.85,6434846.15],[5673997.159,6434847.032],[5673997.523,6434847.754],[5673997.837,6434848.399],[5673998.237,6434849.013],[5673998.855,6434849.881],[5673999.205,6434850.418],[5673999.523,6434850.825],[5673999.842,6434851.232],[5674000.26,6434851.793],[5674000.61,6434852.33],[5674001.06,6434853.021],[5674001.61,6434853.866],[5674002.047,6434854.373],[5674002.733,6434855.263],[5674003.67,6434856.538],[5674004.534,6434858.027],[5674005.261,6434859.471],[5674006.075,6434860.883],[5674006.943,6434862.135],[5674007.912,6434863.54],[5674009.021,6434864.753],[5674010.353,6434865.982],[5674011.963,6434867.066],[5674013.677,6434868.065],[5674015.022,6434868.58],[5674016.386,6434869.042],[5674017.713,6434869.611],[5674018.986,6434870.341],[5674020.205,6434871.232],[5674021.368,6434872.284],[5674022.187,6434873.459],[5674022.719,6434874.357],[5674023.087,6434875.739],[5674023.306,6434877.788],[5674023.433,6434880.106],[5674023.62,6434882.024],[5674023.906,6434884.096],[5674023.993,6434884.963],[5674024.043,6434885.938],[5674024.066,6434886.544],[5674024.102,6434887.335],[5674024.402,6434887.795],[5674025.089,6434888.686],[5674025.826,6434889.654],[5674026.735,6434890.56],[5674027.867,6434891.482],[5674028.881,6434892.304],[5674029.444,6434893.332],[5674030.076,6434895.282],[5674031.127,6434897.792],[5674032.132,6434899.988],[5674032.927,6434901.454],[5674033.619,6434903.005],[5674034.123,6434904.433],[5674034.46,6434905.684],[5674034.542,6434906.789],[5674034.451,6434907.955],[5674034.115,6434909.397],[5674033.788,6434910.364],[5674033.442,6434911.384],[5674033.152,6434912.243],[5674032.715,6434913.532],[5674032.17,6434915.143],[5674031.343,6434917.138],[5674030.711,6434918.779],[5674030.311,6434919.961],[5674029.984,6434920.927],[5674029.607,6434921.817],[5674029.284,6434922.546],[5674028.835,6434923.65],[5674028.307,6434925.207],[5674027.553,6434926.987],[5674026.544,6434928.621],[5674025.54,6434930.016],[5674024.676,6434931.22],[5674024.299,6434932.11],[5674023.99,6434933.023],[5674023.572,6434934.258],[5674022.863,6434936.352],[5674021.972,6434938.984],[5674021.155,6434941.4],[5674020.591,6434943.065],[5674020.155,6434944.354],[5674019.864,6434945.213],[5674019.61,6434945.965],[5674019.319,6434946.824],[5674019.182,6434947.675],[5674019.219,6434948.466],[5674019.478,6434949.272],[5674019.769,6434950.208],[5674020.469,6434951.283],[5674021.083,6434952.389],[5674021.865,6434953.671],[5674022.238,6434954.814],[5674022.488,6434956.096],[5674022.72,6434957.432],[5674022.766,6434958.644],[5674022.416,6434959.902],[5674021.943,6434961.298],[5674021.453,6434962.748],[5674020.853,6434964.52],[5674020.162,6434966.561],[5674019.49,6434968.548],[5674018.817,6434970.535],[5674018.29,6434972.092],[5674017.963,6434973.058],[5674017.449,6434973.902],[5674016.677,6434974.838],[5674015.836,6434975.75],[5674015.086,6434976.394],[5674014.113,6434977.022],[5674013.454,6434977.398],[5674012.709,6434977.804],[5674011.736,6434978.432],[5674010.831,6434979.084],[5674010.045,6434979.835],[5674009.486,6434980.364],[5674009.031,6434980.809],[5674008.472,6434981.338],[5674007.604,6434981.882],[5674006.668,6434982.403],[5674005.541,6434983.039],[5674004.809,6434983.629],[5674003.986,6434984.487],[5674003.75,6434985.186],[5674003.518,6434985.646],[5674003.318,6434986.236],[5674003.064,6434986.988],[5674002.809,6434987.74],[5674002.464,6434988.76],[5674001.973,6434990.21],[5674001.473,6434992.136],[5674001.187,6434994.553],[5674000.992,6434996.701],[5674000.86,6434998.213],[5674000.67,6434999.225],[5674000.47,6434999.816],[5674000.252,6435000.461],[5673999.961,6435001.32],[5673999.634,6435002.286],[5673999.252,6435003.414],[5673998.82,6435004.465],[5673998.511,6435005.378],[5673998.175,6435005.922],[5673997.72,6435006.367],[5673996.848,6435007.149],[5673995.843,6435008.545],[5673994.784,6435010.101],[5673993.83,6435011.574],[5673993.007,6435013.33],[5673992.285,6435015.241],[5673991.794,6435016.69],[5673991.449,6435017.711],[5673991.231,6435018.355],[5673990.994,6435019.053],[5673990.517,6435021.585],[5673990.009,6435024.884],[5673989.363,6435027.239],[5673988.891,6435028.636],[5673988.505,6435030.001],[5673988.286,6435030.646],[5673988.123,6435031.129],[5673987.837,6435031.75],[5673987.505,6435032.057],[5673987.087,6435032.394],[5673986.218,6435032.938],[5673985.418,6435033.505],[5673984.691,6435033.858],[5673984.1,6435034.256],[5673983.664,6435034.647],[5673983.105,6435035.176],[5673982.582,6435035.598],[5673981.819,6435036.057],[5673981.4,6435036.395],[5673980.809,6435036.793],[5673980.682,6435036.284],[5673978.973,6435036.83],[5673976.968,6435037.588],[5673975.791,6435038.147],[5673975.078,6435038.683],[5673974.223,6435039.412],[5673973.396,6435040.508],[5673972.587,6435041.551],[5673971.796,6435042.54],[5673971.105,6435043.683],[5673970.223,6435044.941],[5673969.251,6435046.467],[5673968.542,6435047.663],[5673968.274,6435048.231],[5673968.11,6435048.714],[5673967.724,6435050.08],[5673967.16,6435051.745],[5673966.47,6435053.785],[5673966.011,6435056.263],[5673966.584,6435058.612],[5673967.457,6435060.523],[5673968.298,6435061.407],[5673968.703,6435061.783],[5673969.139,6435062.29],[5673969.539,6435062.904],[5673969.544,6435063.564],[5673969.426,6435064.362],[5673969.33,6435064.868],[5673969.149,6435065.405],[5673968.803,6435066.426],[5673968.549,6435067.177],[5673968.058,6435068.627],[5673967.667,6435070.231],[5673967.136,6435072.026],[5673966.804,6435073.23],[5673966.741,6435073.867],[5673966.518,6435074.749],[5673966.395,6435075.785],[5673966.255,6435076.875],[5673966.336,6435077.98],[5673966.309,6435078.509],[5673966.087,6435079.392],[5673965.864,6435080.274],[5673965.441,6435081.747],[5673964.823,6435083.573],[5673964.115,6435085.667],[5673963.406,6435087.761],[5673962.788,6435089.587],[5673962.279,6435091.09],[5673961.824,6435092.433],[5673961.152,6435094.42],[5673960.016,6435096.429],[5673958.502,6435098.431],[5673957.339,6435100.072],[5673956.316,6435101.521],[5673955.198,6435102.579],[5673954.43,6435103.277],[5673953.993,6435103.668],[5673953.471,6435104.089],[5673952.825,6435104.649],[5673951.916,6435105.538],[5673950.939,6435106.405],[5673949.821,6435107.462],[5673948.717,6435108.705],[5673947.508,6435110.031],[5673945.921,6435111.35],[5673943.853,6435112.744],[5673942.112,6435114.07],[5673940.944,6435115.051],[5673940.108,6435115.726],[5673939.221,6435116.324],[5673938.267,6435116.898],[5673937.417,6435117.389],[5673935.753,6435118.262],[5673932.88,6435119.564],[5673929.044,6435121.019],[5673926.062,6435122.643],[5673925.117,6435123.64],[5673924.885,6435124.1],[5673924.358,6435124.759],[5673923.603,6435125.641],[5673922.885,6435126.415],[5673921.885,6435127.573],[5673920.199,6435129.636],[5673917.322,6435132.971],[5673913.727,6435137.081],[5673911,6435140.647],[5673909.027,6435143.331],[5673907.691,6435145.034],[5673906.823,6435146.475],[5673905.796,6435148.163],[5673905.232,6435148.93],[5673904.478,6435149.811],[5673904.001,6435150.548],[5673903.369,6435151.291],[5673903.019,6435151.652],[5673902.837,6435152.189],[5673902.528,6435153.102],[5673901.747,6435155.411],[5673900.165,6435159.185],[5673898.107,6435164.593],[5673895.989,6435169.502],[5673894.689,6435171.995],[5673894.057,6435172.738],[5673893.448,6435173.191]]}},{"type":"Feature","properties":{},"geometry":{"type":"LineString","coordinates":[[5673417.494,6434577.029],[5673416.647,6434577.484],[5673413.411,6434578.676],[5673409.597,6434580.144],[5673404.871,6434582.251],[5673399.839,6434585.417],[5673395.752,6434588.436],[5673392.477,6434590.712],[5673388.43,6434592.647],[5673385.007,6434593.978],[5673382.084,6434594.868],[5673380.087,6434595.467],[5673378.256,6434595.988],[5673376.608,6434596.573],[5673374.424,6434597.312],[5673371.67,6434597.918],[5673368.219,6434598.553],[5673364.459,6434599.285],[5673361.073,6434599.737],[5673358.656,6434599.776],[5673356.717,6434599.434],[5673354.904,6434598.931],[5673353.216,6434598.266],[5673351.898,6434597.526],[5673350.469,6434596.129],[5673349.583,6434594.168],[5673348.725,6434591.737],[5673348.13,6434588.369],[5673347.858,6434584.085],[5673347.198,6434579.732],[5673346.531,6434575.789],[5673346.406,6434572.45],[5673347.157,6434569.351],[5673348.231,6434566.504],[5673350.203,6434563.836],[5673352.462,6434561.133],[5673355.548,6434558.034],[5673359.24,6434554.189],[5673362.706,6434550.401],[5673365.429,6434546.969],[5673367.512,6434543.792],[5673369.904,6434540.517],[5673372.4,6434537.142],[5673374.728,6434534.051],[5673377.127,6434531.534],[5673379.954,6434529.168],[5673383.075,6434526.357],[5673385.797,6434522.925],[5673387.974,6434519.094],[5673390.237,6434515.019],[5673392.353,6434511.166],[5673394.315,6434507.945],[5673396.121,6434505.357],[5673397.644,6434502.599],[5673399.157,6434499.289],[5673400.601,6434495.199],[5673402.175,6434490.743],[5673403.9,6434485.86],[5673405.43,6434481.526],[5673406.594,6434478.23],[5673407.543,6434475.544],[5673408.362,6434473.224],[5673409.146,6434470.617],[5673409.915,6434467.662],[5673410.443,6434464.416],[5673410.778,6434460.552],[5673410.865,6434456.807],[5673410.679,6434453.446],[5673410.97,6434450.871],[5673410.92,6434449.069],[5673410.49,6434447.955],[5673410.601,6434447.446],[5673410.795,6434446.896],[5673411.585,6434446.214],[5673412.979,6434444.99],[5673414.886,6434443.672],[5673416.897,6434442.254],[5673418.865,6434440.959],[5673420.751,6434439.702],[5673422.719,6434438.406],[5673424.856,6434436.827],[5673427.416,6434434.436],[5673430.301,6434431.129],[5673432.765,6434427.262],[5673434.428,6434423.524],[5673435.355,6434420.899],[5673435.872,6434419.434],[5673435.478,6434418.609],[5673433.952,6434418.07],[5673430.716,6434416.927],[5673426.871,6434415.569],[5673422.742,6434414.042],[5673418.591,6434412.576],[5673414.889,6434411.2],[5673413.112,6434409.817],[5673412.58,6434408.6],[5673412.588,6434407.023],[5673412.919,6434404.531],[5673412.927,6434401.788],[5673412.446,6434398.872],[5673411.391,6434396.028],[5673409.88,6434393.503],[5673408.304,6434391.161],[5673406.455,6434389.204],[5673404.322,6434388.245],[5673401.819,6434387.361],[5673398.584,6434386.218],[5673394.494,6434384.774],[5673389.852,6434383.34],[5673385.464,6434382.545],[5673382.673,6434382.865],[5673381.158,6434384.046],[5673379.394,6434385.345],[5673377.347,6434386.476],[5673374.582,6434387.696],[5673371.425,6434389.053],[5673367.511,6434390.417],[5673363.223,6434392.06],[5673358.784,6434394.131],[5673353.71,6434396.253],[5673347.681,6434397.968],[5673340.7,6434399.072],[5673333.931,6434398.604],[5673327.863,6434396.736],[5673322.674,6434394.903],[5673318.096,6434393.286],[5673313.396,6434391.626],[5673308.329,6434389.837],[5673303.385,6434388.091],[5673298.459,6434386.488],[5673293.529,6434385.091],[5673288.652,6434384.124],[5673283.999,6434383.304],[5673279.733,6434382.552],[5673275.51,6434381.679],[5673271.74,6434380.691],[5673268.462,6434379.67],[5673265.323,6434378.837],[5673262.289,6434377.902],[5673259.05,6434376.964],[5673255.786,6434376.292],[5673252.163,6434376.248],[5673248.525,6434377.023],[5673244.898,6434378.351],[5673241.268,6434379.884],[5673237.741,6434381.316],[5673234.48,6434382.773],[5673231.41,6434383.886],[5673228.041,6434384.481],[5673225.046,6434384.796],[5673222.709,6434385.001],[5673220.78,6434385.212],[5673218.852,6434385.423],[5673217.107,6434385.7],[5673215.222,6434385.789],[5673212.643,6434385.702],[5673209.333,6434385.357],[5673205.817,6434385.008],[5673202.485,6434384.723],[5673199.501,6434384.425],[5673196.377,6434383.939],[5673193.282,6434382.984],[5673189.802,6434381.755],[5673185.468,6434380.224],[5673180.851,6434378.525],[5673176.582,6434376.811],[5673172.294,6434374.954],[5673168.047,6434373.179],[5673164.334,6434371.25],[5673160.701,6434369.486],[5673157.085,6434367.866],[5673153.512,6434366.123],[5673149.922,6434364.237],[5673146.008,6434362.1],[5673142.385,6434359.722],[5673138.795,6434357.836],[5673135.703,6434356.676],[5673132.895,6434355.684],[5673129.843,6434354.606],[5673126.425,6434353.399],[5673123.739,6434352.45],[5673123.007,6434352.191],[5673122.314,6434352.015],[5673121.032,6434351.563],[5673119.018,6434350.851],[5673115.904,6434349.752],[5673112.364,6434348.501],[5673108.982,6434347.581],[5673104.54,6434347.523],[5673098.783,6434347.687],[5673092.733,6434348.296],[5673087.508,6434349.678],[5673082.735,6434350.944],[5673078.013,6434351.679],[5673072.809,6434351.833],[5673067.021,6434351.505],[5673062.152,6434351.296],[5673058.629,6434351.356],[5673056.184,6434351.865],[5673053.982,6434352.461],[5673051.037,6434353.412],[5673047.375,6434354.453],[5673043.133,6434355.77],[5673038.257,6434357.137],[5673033.05,6434358.662],[5673028.126,6434360.356],[5673023.773,6434362.183],[5673019.999,6434363.733],[5673015.966,6434364.849],[5673011.585,6434365.979],[5673007.308,6434367.009],[5673003.175,6434368.021],[5672999.393,6434368.814],[5672995.436,6434369.132],[5672991.587,6434369.146],[5672987.745,6434368.75],[5672983.902,6434368.354],[5672980.039,6434368.02],[5672976.053,6434367.642],[5672972.39,6434367.515],[5672969.068,6434367.784],[5672966.231,6434368.43],[5672964.181,6434369.765],[5672962.536,6434371.312],[5672960.844,6434373.187],[5672959.109,6434375.183],[5672957.005,6434377.254],[5672954.817,6434379.365],[5672952.461,6434381.76],[5672949.807,6434384.804],[5672947.106,6434388.176],[5672944.257,6434391.77],[5672941.427,6434395.507],[5672938.909,6434398.943],[5672936.876,6434401.589],[5672935.202,6434403.607],[5672933.855,6434405.672],[5672932.591,6434407.697],[5672931.258,6434410.109],[5672930.127,6434412.73],[5672928.952,6434415.474],[5672927.856,6434418.382],[5672926.692,6434421.678],[5672925.38,6434425.197],[5672924.238,6434428.432],[5672923.311,6434431.057],[5672922.707,6434432.766],[5672922.161,6434433.535],[5672921.436,6434434.034],[5672920.646,6434434.716],[5672919.112,6434435.753],[5672917.097,6434437.376],[5672914.752,6434439.156],[5672912.389,6434440.793],[5672910.238,6434442.025],[5672908.033,6434442.825],[5672905.918,6434443.176],[5672903.77,6434443.036],[5672901.282,6434442.5],[5672898.269,6434441.505],[5672894.729,6434440.255],[5672891.393,6434439.008],[5672888.158,6434437.865],[5672884.801,6434436.68],[5672881.505,6434435.516],[5672878.837,6434434.711],[5672876.754,6434434.387],[5672874.844,6434434.742],[5672872.509,6434435.909],[5672869.446,6434437.779],[5672865.844,6434440.008],[5672861.89,6434442.456],[5672857.566,6434444.98],[5672852.983,6434447.069],[5672848.717,6434448.652],[5672844.54,6434449.785],[5672840.35,6434450.571],[5672836.245,6434451.112],[5672832.076,6434451.837],[5672828.122,6434453.118],[5672824.287,6434454.647],[5672820.552,6434456.28],[5672816.964,6434457.691],[5672813.359,6434458.957],[5672809.753,6434460.224],[5672806.349,6434461.699],[5672803.106,6434463.3],[5672800.089,6434464.844],[5672797.629,6434466.172],[5672795.851,6434467.123],[5672794.404,6434467.916],[5672793.161,6434468.713],[5672791.879,6434469.428],[5672790.389,6434470.343],[5672788.837,6434471.237],[5672787.142,6434472.149],[5672785.282,6434473.139],[5672783.239,6434474.065],[5672781.213,6434475.135],[5672779.184,6434476.409],[5672776.964,6434478.028],[5672774.763,6434479.791],[5672772.927,6434481.683],[5672771.11,6434483.719],[5672769.537,6434485.841],[5672768.287,6434488.214],[5672767.342,6434490.695],[5672766.264,6434493.747],[5672765.143,6434496.921],[5672764,6434500.157],[5672762.815,6434503.514],[5672761.607,6434506.932],[5672760.314,6434510.595],[5672758.956,6434514.44],[5672757.637,6434518.368],[5672756.318,6434522.296],[5672754.939,6434526.203],[5672753.58,6434530.049],[5672752.309,6434533.65],[5672751.231,6434536.702],[5672750.182,6434539.284],[5672749,6434541.269],[5672747.667,6434542.515],[5672746.152,6434543.696],[5672744.302,6434545.24],[5672741.759,6434546.608],[5672738.384,6434547.612],[5672734.61,6434547.996],[5672730.577,6434547.945],[5672726.613,6434547.506],[5672723.388,6434546.916],[5672720.656,6434546.294],[5672718.167,6434545.759],[5672715.553,6434545.385],[5672712.691,6434545.129],[5672709.808,6434544.935],[5672707.294,6434544.665],[5672704.863,6434544.356],[5672702.307,6434544.208],[5672699.901,6434544.8],[5672698.037,6434545.995],[5672696.46,6434547.155],[5672695.138,6434547.787],[5672693.763,6434547.987],[5672691.95,6434547.484],[5672688.531,6434546.277],[5672684.485,6434544.711],[5672681.278,6434543.098],[5672680.09,6434540.824],[5672680.317,6434538.433],[5672681.334,6434535.359],[5672682.692,6434531.514],[5672684.374,6434526.752],[5672686.335,6434521.198],[5672688.254,6434515.765],[5672689.892,6434511.126],[5672691.315,6434507.097],[5672692.738,6434503.068],[5672694.143,6434498.896],[5672695.566,6434494.867],[5672697.075,6434490.595],[5672698.756,6434485.833],[5672700.761,6434480.157],[5672702.971,6434473.316],[5672704.578,6434465.851],[5672705.628,6434458.601],[5672706.462,6434451.962],[5672707.361,6434446.306],[5672707.958,6434441.505],[5672708.914,6434437.243],[5672710.319,6434433.071],[5672711.871,6434428.676],[5672713.492,6434423.893],[5672714.872,6434418.82],[5672715.972,6434413.372],[5672716.702,6434408],[5672717.378,6434403.365],[5672718.449,6434399.555],[5672719.721,6434395.954],[5672720.687,6434392.244],[5672721.008,6434388.032],[5672720.643,6434383.235],[5672719.365,6434377.909],[5672717.025,6434372.483],[5672714.398,6434367.092],[5672711.932,6434361.828],[5672710.399,6434357.03],[5672709.944,6434352.681],[5672710.595,6434348.311],[5672711.691,6434344.236],[5672712.669,6434339.912],[5672712.867,6434335.657],[5672712.222,6434331.653],[5672710.962,6434327.638],[5672709.523,6434323.354],[5672707.904,6434318.8],[5672705.841,6434313.952],[5672703.447,6434309.262],[5672700.855,6434305.326],[5672698.255,6434302.966],[5672695.537,6434301.526],[5672692.435,6434299.812],[5672689.031,6434297.786],[5672685.52,6434296.065],[5672681.43,6434294.621],[5672676.852,6434293.004],[5672672.155,6434291.14],[5672667.143,6434288.614],[5672661.944,6434285.062],[5672656.914,6434281.225],[5672651.543,6434278.161],[5672646.358,6434276.124],[5672641.23,6434274.313],[5672636.225,6434272.546],[5672631.546,6434270.825],[5672627.87,6434269.183],[5672624.61,6434267.139],[5672621.698,6434263.914],[5672619.562,6434259.658],[5672618.177,6434254.638],[5672617.496,6434249.179],[5672616.722,6434243.207],[5672615.664,6434237.067],[5672614.146,6434231.45],[5672611.827,6434227.13],[5672609.08,6434224.993],[5672606.517,6434224.087],[5672603.648,6434223.074],[5672600.779,6434222.061],[5672597.87,6434220.965],[5672595.562,6434219.532],[5672594.248,6434217.42],[5672593.408,6434215.133],[5672592.651,6434212.805],[5672591.405,6434210.306],[5672589.632,6434207.551],[5672587.094,6434204.046],[5672583.547,6434199.704],[5672579.271,6434194.898],[5672574.661,6434190.456],[5672570.647,6434187.047],[5672567.463,6434185.373],[5672565.143,6434184.554],[5672563.495,6434183.972],[5672562.335,6434183.562],[5672561.506,6434182.994],[5672560.745,6434182.039],[5672559.873,6434180.427],[5672558.62,6434178.336],[5672556.925,6434175.747],[5672554.56,6434172.921],[5672551.615,6434170.37],[5672548.951,6434168.194],[5672547.368,6434166.262],[5672546.841,6434164.839],[5672546.723,6434163.425],[5672546.554,6434161.374],[5672546.131,6434158.684],[5672544.853,6434155.693],[5672542.811,6434153.118],[5672541.033,6434151.735],[5672540.017,6434151.307],[5672539.468,6434151.113],[5672538.43,6434150.747],[5672537.148,6434150.294],[5672536.01,6434149.824],[5672534.85,6434149.414],[5672533.568,6434148.961],[5672532.103,6434148.444],[5672530.883,6434148.013],[5672529.967,6434147.689],[5672528.969,6434147.405],[5672527.719,6434147.445],[5672526.426,6434147.606],[5672524.695,6434148.231],[5672523.313,6434148.841],[5672522.214,6434149.62],[5672520.942,6434150.887],[5672520.159,6434152.327],[5672519.512,6434154.158],[5672518.453,6434156.187],[5672517.009,6434157.942],[5672515.683,6434159.946],[5672513.984,6434162.229],[5672512.573,6434164.477],[5672511.883,6434166.43],[5672511.401,6434168.182],[5672510.945,6434169.669],[5672510.341,6434171.378],[5672509.565,6434173.576],[5672508.681,6434176.078],[5672507.905,6434178.276],[5672507.388,6434179.741],[5672506.784,6434181.45],[5672505.944,6434183.831],[5672505.228,6434186.05],[5672504.711,6434187.515],[5672504.474,6434188.186],[5672504.28,6434188.735],[5672503.813,6434189.669]]}},{"type":"Feature","properties":{},"geometry":{"type":"LineString","coordinates":[[5672503.813,6434189.669],[5672503.048,6434190.085],[5672501.737,6434190.103],[5672499.594,6434189.758],[5672497.68,6434189.151],[5672496.398,6434188.698],[5672495.91,6434188.525],[5672496.071,6434187.484],[5672496.395,6434186.568],[5672496.506,6434186.059],[5672496.812,6434184.999],[5672497.182,6434182.59],[5672497.413,6434178.827],[5672497.41,6434174.363],[5672496.473,6434170.6],[5672495.038,6434168.445],[5672493.433,6434167.741],[5672491.296,6434166.986],[5672488.086,6434166.745],[5672484.922,6434167.344],[5672481.765,6434168.701],[5672478.21,6434170.603],[5672475.01,6434172.082],[5672472.144,6434173.198],[5672469.455,6434173.621],[5672466.898,6434173.474],[5672464.18,6434173.2],[5672460.607,6434172.625],[5672456.219,6434171.83],[5672451.849,6434171.179],[5672450.402,6434170.806],[5672449.382,6434170.583],[5672443.856,6434169.318],[5672436.815,6434166.9],[5672429.673,6434164.377],[5672423.325,6434162.135],[5672418.054,6434160.342],[5672413.716,6434159.016],[5672410.186,6434158.319],[5672407.676,6434157.844],[5672405.86,6434157.546],[5672403.403,6434157.502],[5672400.233,6434157.344],[5672396.552,6434157.074],[5672392.717,6434156.269],[5672388.728,6434154.928],[5672384.904,6434153.509],[5672382.035,6434152.496],[5672379.776,6434151.698],[5672377.518,6434150.901],[5672375.137,6434150.06],[5672372.512,6434149.133],[5672369.582,6434148.098],[5672365.981,6434146.826],[5672361.647,6434145.296],[5672357.274,6434143.682],[5672353.145,6434142.155],[5672349.037,6434140.567],[5672344.847,6434139.019],[5672340.9,6434137.556],[5672337.216,6434136.324],[5672333.708,6434135.566],[5672330.401,6434136.183],[5672327.495,6434138.383],[5672324.202,6434141.683],[5672320.632,6434145.571],[5672317.237,6434149.933],[5672314.166,6434154.547],[5672310.88,6434158.604],[5672307.73,6434161.885],[5672304.864,6434164.168],[5672302.756,6434165.278],[5672302.529,6434165.335],[5672302.335,6434165.885],[5672301.915,6434166.491],[5672301.599,6434166.998],[5672301.222,6434167.482],[5672300.74,6434168.067],[5672300.345,6434168.409],[5672299.821,6434169.116],[5672299.318,6434169.762],[5672298.776,6434170.326],[5672297.842,6434171.026],[5672296.965,6434171.952],[5672296.258,6434172.595],[5672295.741,6434172.893],[5672295.055,6434173.474],[5672294.494,6434173.894],[5672293.995,6434174.336],[5672293.169,6434174.731],[5672292.634,6434174.885],[5672292.078,6434175.1],[5672291.643,6434175.359],[5672291.086,6434175.574],[5672290.551,6434175.728],[5672290.038,6434175.822],[5672289.42,6434176.015],[5672288.519,6434176.04],[5672287.987,6434175.99],[5672287.233,6434175.792],[5672286.601,6434175.638],[5672285.808,6434175.358],[5672285.014,6434175.077],[5672284.16,6434174.775],[5672283.427,6434174.517],[5672282.939,6434174.344],[5672282.35,6434174.068],[5672281.844,6434173.752],[5672281.28,6434173.209],[5672280.659,6434172.441],[5672280.142,6434171.572],[5672279.711,6434170.458],[5672279.345,6434169.162],[5672278.922,6434167.639],[5672278.441,6434165.89],[5672278.079,6434164.389],[5672277.774,6434163.114],[5672277.483,6434162.188],[5672277.315,6434161.305],[5672277.246,6434160.525],[5672277.494,6434159.24],[5672276.184,6434156.923],[5672275.352,6434154.226],[5672274.878,6434152.068],[5672274.397,6434150.319],[5672274.171,6434149.21],[5672274.182,6434148.596],[5672273.992,6434148.536],[5672273.353,6434148.028],[5672270.014,6434145.819],[5672265.989,6434144.191],[5672261.411,6434142.575],[5672256.176,6434141.069],[5672250.542,6434140.109],[5672245.443,6434140.162],[5672240.792,6434141.472],[5672236.109,6434143.456],[5672231.703,6434146.019],[5672227.145,6434149.01],[5672222.936,6434151.986],[5672218.734,6434154.552],[5672214.464,6434156.34],[5672209.799,6434157.301],[5672204.7,6434157.354],[5672199.835,6434156.94],[5672195.806,6434156.684],[5672192.344,6434156.766],[5672188.883,6434156.848],[5672185.09,6434157.088],[5672181.158,6434157.141],[5672177.252,6434156.928],[5672173.212,6434156.119],[5672169.093,6434155.145],[5672164.777,6434153.758],[5672160.339,6434152.328],[5672155.801,6434150.794],[5672151.162,6434149.156],[5672146.4,6434147.474],[5672141.883,6434145.879],[5672137.611,6434144.37],[5672133.521,6434142.925],[5672129.553,6434141.524],[5672125.524,6434140.101],[5672121.413,6434138.718],[5672117.668,6434137.464],[5672114.311,6434136.278],[5672111.503,6434135.287],[5672109.122,6434134.446],[5672107.252,6434133.716],[5672105.97,6434133.264],[5672105.503,6434133.03],[5672105.614,6434132.52],[5672105.737,6434131.396],[5672105.539,6434129.816],[5672105.422,6434127.234],[5672104.769,6434123.64],[5672103.969,6434120.268],[5672102.579,6434117.786],[5672100.195,6434115.983],[5672097.528,6434114.011],[5672094.39,6434112.01],[5672091.532,6434110.383],[5672090.164,6434109.007],[5672090.017,6434108.063],[5672089.902,6434106.444],[5672089.648,6434103.47],[5672088.783,6434099.114],[5672087.722,6434094.345],[5672086.175,6434090.366],[5672084.868,6434087.845],[5672083.831,6434086.312],[5672083.055,6434085.008],[5672082.068,6434082.943],[5672080.413,6434080.436],[5672078.453,6434077.822],[5672076.428,6434075.39],[5672073.66,6434072.147],[5672070.667,6434067.794],[5672067.486,6434062.414],[5672065.257,6434056.478],[5672064.382,6434050.402],[5672064.283,6434044.463],[5672064.248,6434038.34],[5672063.431,6434032.49],[5672061.611,6434027.729],[5672058.969,6434024.324],[5672055.738,6434021.81],[5672052.463,6434019.417],[5672049.584,6434016.684],[5672047.279,6434013.879],[5672045.05,6434011.444],[5672043.011,6434009.831],[5672040.508,6434008.947],[5672037.517,6434007.891],[5672033.793,6434006.576],[5672029.154,6434004.938],[5672024.149,6434003.17],[5672018.799,6434001.212],[5672014.479,6433998.862],[5672010.44,6433996.886],[5672006.907,6433995.227],[5672004.024,6433993.865],[5672001.18,6433992.586],[5671998.606,6433991.128],[5671996.1,6433989.282],[5671993.396,6433987.022],[5671990.459,6433985.23],[5671988.2,6433984.432],[5671986.229,6433983.599],[5671982.693,6433982.144],[5671979.159,6433980.484],[5671976.686,6433979.13],[5671976.054,6433977.808],[5671976.478,6433975.83],[5671976.525,6433973.169],[5671975.409,6433970.303],[5671973.298,6433968.116],[5671970.623,6433966.553],[5671967.474,6433965.166],[5671964.138,6433963.92],[5671960.903,6433962.777],[5671957.851,6433961.699],[5671954.738,6433960.6],[5671951.015,6433959.285],[5671947.291,6433957.97],[5671943.629,6433956.676],[5671940.76,6433955.663],[5671938.562,6433954.887],[5671936.548,6433954.175],[5671934.595,6433953.486],[5671932.458,6433952.731],[5671930.261,6433951.955],[5671928.368,6433951.287],[5671926.659,6433950.683],[5671924.986,6433950.367],[5671923.499,6433949.91],[5671922.584,6433949.587],[5671921.097,6433949.131],[5671918.796,6433948.455],[5671915.905,6433947.503],[5671912.688,6433946.504],[5671909.611,6433945.692],[5671906.889,6433945.623],[5671904.608,6433946.053],[5671903.125,6433946.559],[5671901.621,6433947.126],[5671900.012,6433947.794],[5671898.345,6433948.235],[5671896.622,6433948.45],[5671894.672,6433948.723],[5671892.844,6433949.039],[5671890.991,6433949.62],[5671889.608,6433950.23],[5671888.495,6433950.661],[5671887.813,6433951.038],[5671887.091,6433951.332],[5671885.956,6433951.824],[5671884.326,6433952.552],[5671882.372,6433953.03],[5671880.282,6433953.115],[5671878.278,6433952.957],[5671875.93,6433952.608],[5671873.233,6433952.274],[5671870.594,6433952.165],[5671868.353,6433952.678],[5671867.031,6433953.31],[5671850.19295317,6433945.64667601]]}},{"type":"Feature","properties":{},"geometry":{"type":"LineString","coordinates":[[5673373.471,6433957.731],[5673377.927,6433959.305],[5673381.895,6433960.706],[5673385.152,6433961.788],[5673387.593,6433961.483],[5673390.143,6433959.706],[5673393.042,6433956.748],[5673395.631,6433953.886],[5673397.955,6433952.167],[5673399.859,6433951.054],[5673401.884,6433949.984],[5673404.125,6433949.471],[5673406.976,6433949.174],[5673409.91,6433948.837],[5673413.3,6433948.18],[5673417.498,6433946.986],[5673422.36,6433945.27],[5673427.532,6433943.458],[5673432.609,6433942.299],[5673437.468,6433941.955],[5673441.996,6433941.769],[5673445.497,6433941.77],[5673448.219,6433941.839],[5673450.352,6433941.631],[5673451.595,6433940.834],[5673452.338,6433939.312],[5673453.617,6433936.468],[5673455.047,6433933.197],[5673456.287,6433930.271],[5673457.293,6433927.811],[5673458.216,6433925.391],[5673459.445,6433923.079],[5673461.499,6433921.539],[5673464.07,6433920.868],[5673466.939,6433920.714],[5673470.114,6433920.668],[5673472.807,6433921.207],[5673475.065,6433922.005],[5673477.141,6433922.738],[5673478.606,6433923.255],[5673479.582,6433923.6],[5673480.986,6433924.096],[5673483.245,6433924.893],[5673485.726,6433925.838],[5673487.363,6433927.034],[5673488.666,6433928.593],[5673490.404,6433929.893],[5673492.221,6433931.359],[5673494.177,6433933.011],[5673496.307,6433934.175],[5673498.583,6433935.116],[5673500.676,6433935.993],[5673502.587,6433936.805],[5673504.292,6433937.613],[5673505.71,6433938.457],[5673506.949,6433939.032],[5673508.414,6433939.549],[5673509.94,6433940.088],[5673511.222,6433940.541],[5673512.342,6433940.868],[5673512.953,6433941.084],[5673513.685,6433941.342],[5673514.54,6433941.644],[5673515.516,6433941.989],[5673516.92,6433942.485],[5673518.446,6433943.024],[5673519.789,6433943.498],[5673520.766,6433943.843],[5673521.664,6433944.023],[5673522.461,6433944.098],[5673523.362,6433944.074],[5673525.161,6433944.228],[5673526.892,6433944.771],[5673528.357,6433945.288],[5673529.739,6433945.845],[5673530.784,6433946.969],[5673531.947,6433948.341],[5673533.29,6433949.983],[5673534.948,6433952.285],[5673537.293,6433955.172],[5673540.025,6433958.128],[5673542.592,6433961.163],[5673544.785,6433964.478],[5673546.411,6433967.455],[5673547.818,6433970.08],[5673549.028,6433972.293],[5673550.284,6433974.178],[5673551.727,6433975.924],[5673553.415,6433977.755],[5673555.26,6433979.917],[5673557.328,6433982.227],[5673559.195,6433984.328],[5673560.738,6433986.177],[5673561.725,6433988.242],[5673562.666,6433990.634],[5673563.721,6433993.478],[5673564.79,6433996.671],[5673565.892,6434000.355],[5673567.191,6434004.453],[5673568.483,6434008.96],[5673569.57,6434013.463],[5673570.108,6434017.772],[5673570.427,6434021.729],[5673570.753,6434025.277],[5673571.208,6434028.459],[5673572.055,6434031.504],[5673573.451,6434034.744],[5673575.077,6434037.721],[5673576.965,6434039.761],[5673578.613,6434041.51],[5673580.186,6434042.889],[5673581.723,6434043.981],[5673582.911,6434045.087],[5673583.941,6434045.863],[5673584.932,6434046.556],[5673585.902,6434047.311],[5673587.011,6434048.252],[5673588.339,6434049.545],[5673589.582,6434051.082],[5673590.878,6434053.05],[5673592.08,6434055.672],[5673593.652,6434058.218],[5673595.857,6434060.919],[5673598.678,6434063.426],[5673601.468,6434065.441],[5673603.727,6434066.238],[5673605.192,6434066.756],[5673606.581,6434066.903],[5673608.291,6434066.34],[5673610.112,6434065.267],[5673612.044,6434063.683],[5673614.141,6434062.021],[5673616.544,6434060.467],[5673618.925,6434058.974],[5673621.328,6434057.419],[5673623.425,6434055.757],[5673625.26,6434053.865],[5673626.974,6434051.93],[5673628.356,6434050.153],[5673629.843,6434048.275],[5673631.33,6434046.397],[5673632.415,6434045.27],[5673632.498,6434045.23]]}},{"type":"Feature","properties":{},"geometry":{"type":"LineString","coordinates":[[5673828.1,6433931.417],[5673828.2,6433931.395],[5673827.909,6433930.458],[5673827.504,6433929.184],[5673826.672,6433926.927],[5673825.699,6433923.965],[5673824.884,6433920.756],[5673824.566,6433917.656],[5673824.525,6433915.308],[5673824.843,6433913.919],[5673825.297,6433912.577],[5673825.861,6433910.912],[5673826.388,6433909.355],[5673826.86,6433907.959],[5673827.406,6433906.348],[5673827.987,6433904.629],[5673828.692,6433902.773],[5673829.419,6433900.625],[5673830.268,6433898.339],[5673831.018,6433895.899],[5673831.981,6433893.053],[5673832.358,6433889.47],[5673831.421,6433885.502],[5673829.171,6433881.149],[5673827.807,6433877.994],[5673827.756,6433877.019],[5673827.965,6433875.953],[5673828.297,6433874.749],[5673828.81,6433873.007],[5673829.433,6433870.943],[5673830.196,6433868.688],[5673831.023,6433865.796],[5673831.728,6433863.042],[5673832.3,6433860.901],[5673832.668,6433859.589],[5673833.032,6433858.515],[5673833.522,6433857.066],[5673834.159,6433855.186],[5673835.031,6433852.609],[5673835.903,6433850.031],[5673836.421,6433848.052],[5673836.744,6433846.425],[5673837.062,6433845.037],[5673837.212,6433843.471],[5673837.071,6433841.867],[5673836.911,6433840.317],[5673836.884,6433838.153],[5673837.029,6433835.928],[5673837.302,6433834.225],[5673837.638,6433832.782],[5673837.969,6433831.578],[5673838.247,6433830.535],[5673838.651,6433829.115],[5673839.124,6433827.719],[5673839.523,6433826.538],[5673839.796,6433825.732],[5673840.105,6433824.819],[5673840.323,6433824.175],[5673840.56,6433823.477],[5673840.996,6433822.188],[5673841.709,6433820.754],[5673842.618,6433818.967],[5673843.704,6433816.88],[5673844.586,6433814.725],[5673845.063,6433813.091],[5673845.317,6433812.34],[5673849.022,6433809.703],[5673850.549,6433806.987],[5673851.585,6433803.927],[5673851.897,6433800.124],[5673852.475,6433799.5],[5673853.912,6433797.053],[5673855.739,6433794.799],[5673856.889,6433793.871],[5673858.643,6433791.832],[5673859.793,6433790.006],[5673862.606,6433782.819],[5673863.115,6433781.315],[5673863.642,6433779.758],[5673864.373,6433777.372],[5673865.4,6433772.093],[5673866.426,6433764.122],[5673866.649,6433762.341],[5673867.031,6433761.214],[5673867.394,6433760.14],[5673867.667,6433759.334],[5673867.976,6433758.421],[5673868.321,6433757.401],[5673868.93,6433756.051],[5673869.662,6433754.563],[5673870.548,6433753.068],[5673871.398,6433751.679],[5673871.771,6433751.027],[5673872.002,6433750.567],[5673872.507,6433749.302],[5673872.688,6433748.765],[5673872.368,6433748.816],[5673872.616,6433748.082],[5673872.829,6433746.777],[5673872.297,6433744.981],[5673871.701,6433743.822],[5673871.047,6433743.062],[5673870.56,6433743.376],[5673869.906,6433744.411],[5673868.361,6433746.282],[5673867.588,6433747.218],[5673866.865,6433748.23],[5673866.338,6433748.889],[5673865.27,6433750.922],[5673863.27,6433756.831],[5673862.653,6433757.757],[5673861.53,6433759.95],[5673860.444,6433762.037],[5673859.394,6433764.016],[5673858.54,6433765.642],[5673857.794,6433766.945],[5673856.967,6433768.042],[5673856.19,6433769.215],[5673855.745,6433770.082],[5673855.34,6433770.604],[5673854.722,6433771.532],[5673853.731,6433773.111],[5673851.99,6433775.335],[5673849.982,6433778.127],[5673848.209,6433781.118],[5673846.609,6433784.048],[5673845.378,6433786.564],[5673844.642,6433788.289],[5673844.105,6433789.425],[5673843.71,6433790.368],[5673843.26,6433791.473],[5673842.806,6433792.815],[5673842.151,6433794.748],[5673841.57,6433796.467],[5673841.206,6433797.541],[5673840.879,6433798.507],[5673840.57,6433799.42],[5673840.243,6433800.387],[5673839.675,6433802.289],[5673838.948,6433804.437],[5673838.255,6433807.148],[5673836.976,6433808.917],[5673832.944,6433815.213],[5673831.595,6433817.629],[5673829.463,6433822.354],[5673828.55,6433823.482],[5673827.172,6433824.631],[5673824.363,6433826.194],[5673819.072,6433836.323],[5673818.655,6433836.771],[5673817.255,6433838.213],[5673816.06,6433839.723],[5673814.974,6433840.912],[5673814.233,6433841.978],[5673813.578,6433843.013],[5673812.66,6433844.378],[5673811.447,6433845.942],[5673809.542,6433847.752],[5673807.106,6433849.561],[5673804.306,6433851.546],[5673802.197,6433853.286],[5673800.384,6433854.826],[5673799.079,6433855.761],[5673797.897,6433856.558],[5673796.997,6433856.972],[5673795.961,6433857.339],[5673794.906,6433857.761],[5673793.656,6433858.534],[5673792.506,6433859.462],[5673792.029,6433860.198],[5673791.688,6433860.981],[5673791.525,6433861.464],[5673791.252,6433862.269],[5673790.998,6433863.021],[5673790.525,6433864.417],[5673790.375,6433865.085],[5673790.357,6433866.036],[5673790.375,6433866.88],[5673790.253,6433867.916],[5673789.967,6433869.435],[5673789.33,6433871.315],[5673788.603,6433873.463],[5673787.949,6433875.396],[5673786.836,6433877.114],[5673785.926,6433878.003],[5673785.049,6433879.023],[5673784.29,6433880.143],[5673783.59,6433880.863],[5673782.868,6433881.876],[5673782.322,6433882.589],[5673781.791,6433883.486],[5673781.468,6433884.215],[5673781.032,6433885.504],[5673780.686,6433886.524],[5673780.232,6433887.866],[5673779.741,6433889.316],[5673779.287,6433890.659],[5673778.673,6433892.247],[5673777.996,6433893.574],[5673776.814,6433895.268],[5673775.637,6433896.725],[5673774.237,6433898.167],[5673772.919,6433899.815],[5673771.997,6433901.418],[5673771.406,6433902.715],[5673770.783,6433903.88],[5673770.093,6433905.023],[5673769.452,6433906.243],[5673768.62,6433907.577],[5673767.843,6433908.751],[5673767.461,6433909.878],[5673767.275,6433910.653],[5673766.966,6433911.566],[5673766.675,6433912.425],[5673766.439,6433913.123],[5673766.202,6433913.821],[5673765.912,6433914.681],[5673765.584,6433915.647],[5673765.539,6433915.78],[5673761.465,6433935.864],[5673746.118,6433957.796],[5673711.91,6434002.035],[5673711.11,6434002.487],[5673710.674,6434002.878],[5673709.665,6434003.614],[5673708.588,6434004.326],[5673707.092,6434005.376],[5673706.151,6434006.135],[5673705.16,6434006.817],[5673704.36,6434007.385],[5673703.629,6434007.975],[5673703.051,6434008.557],[5673702.51,6434009.033],[5673701.279,6434009.753],[5673700.429,6434010.243],[5673699.96,6434010.504],[5673699.424,6434010.741],[5673698.351,6434011.216],[5673697.074,6434011.622],[5673695.542,6434011.881],[5673694.351,6434012.256],[5673693.383,6434012.647],[5673692.378,6434013.144],[5673691.474,6434013.796],[5673690.792,6434014.463],[5673690.247,6434015.176],[5673689.529,6434015.95],[5673689.074,6434016.395],[5673688.515,6434016.924],[5673687.779,6434017.752],[5673687.074,6434018.711],[5673686.611,6434019.631],[5673686.184,6434020.444],[5673685.788,6434021.388],[5673685.411,6434022.278],[5673684.966,6434023.144],[5673684.416,6434024.095],[5673684.054,6434024.773],[5673684.534,6434025.093],[5673684.007,6434025.752],[5673683.52,6434026.067],[5673682.898,6434026.335],[5673681.48,6434026.932],[5673679.993,6434027.506],[5673678.884,6434028.088],[5673677.775,6434028.671],[5673676.32,6434029.375],[5673674.916,6434030.157],[5673673.479,6434030.808],[5673671.989,6434031.62],[5673670.984,6434032.118],[5673670.116,6434032.662],[5673668.989,6434033.298],[5673667.184,6434034.363],[5673664.679,6434035.251],[5673661.988,6434036.016],[5673659.37,6434036.566],[5673657.256,6434036.748],[5673655.502,6434036.992],[5673653.797,6434037.313],[5673651.938,6434037.641],[5673649.52,6434037.601],[5673646.656,6434037.529],[5673643.865,6434037.243],[5673641.81,6434037.026],[5673640.865,6434037.125],[5673640.015,6434037.615],[5673639.337,6434038.045],[5673638.674,6434038.658],[5673638.042,6434039.402],[5673637.306,6434040.23],[5673636.624,6434040.897],[5673636.237,6434041.364],[5673635.692,6434042.078],[5673635.169,6434042.499],[5673634.665,6434042.867],[5673634.315,6434043.227],[5673633.965,6434043.588],[5673633.51,6434044.032],[5673632.498,6434045.23]]}},{"type":"Feature","properties":{},"geometry":{"type":"LineString","coordinates":[[5672614.008,6433380.976],[5672615.656,6433383.892],[5672617.081,6433386.661],[5672618.671,6433389.351],[5672620.85,6433392.317],[5672623.614,6433395.765],[5672626.892,6433399.12],[5672629.7,6433402.445],[5672631.814,6433405.595],[5672633.296,6433408.59],[5672634.348,6433411.639],[5672635.13,6433414.867],[5672635.539,6433418.376],[5672635.376,6433421.751],[5672634.543,6433424.89],[5672633.422,6433428.064],[5672632.171,6433431.604],[5672630.856,6433435.328],[5672629.358,6433438.986],[5672628.025,6433442.566],[5672626.732,6433446.229],[5672625.334,6433449.992],[5672623.872,6433453.938],[5672622.557,6433457.661],[5672620.829,6433461.582],[5672618.706,6433465.844],[5672616.266,6433470.612],[5672614.064,6433475.876],[5672612.293,6433481.086],[5672611.01,6433486.469],[5672610.154,6433492.002],[5672609.995,6433497.507],[5672610.392,6433502.797],[5672611.486,6433508.057],[5672614.236,6433513.491],[5672616.878,6433519.23],[5672619.846,6433525.015],[5672622.61,6433530.797],[5672624.735,6433536.834],[5672627.229,6433542.796],[5672629.996,6433548.373],[5672631.927,6433553.792],[5672632.799,6433558.905],[5672633.308,6433563.685],[5672633.874,6433568.691],[5672634.972,6433573.747],[5672636.497,6433578.954],[5672638.327,6433584.269],[5672640.423,6433589.609],[5672642.724,6433594.953],[5672645.007,6433600.153],[5672647.031,6433604.919],[5672648.858,6433609.271],[5672650.649,6433613.337],[5672652.343,6433617.093],[5672654.184,6433620.627],[5672656.392,6433624.29],[5672659.056,6433627.634],[5672662.398,6433630.805],[5672666.19,6433634.066],[5672669.934,6433637.655],[5672673.848,6433640.959],[5672677.499,6433644.034],[5672680.529,6433646.34],[5672683.423,6433648.254],[5672686.259,6433649.942],[5672688.751,6433651.44],[5672691.01,6433653.405],[5672693.465,6433655.783],[5672696.528,6433658.581],[5672700.416,6433662.151],[5672704.904,6433666.551],[5672709.668,6433671.529],[5672714.13,6433676.194],[5672718.413,6433680.59],[5672722.818,6433685.03],[5672727.141,6433689.508],[5672731.464,6433693.987],[5672735.7,6433698.71],[5672739.793,6433703.451],[5672743.666,6433707.84],[5672747.005,6433712.383],[5672750.419,6433717.296],[5672753.66,6433722.697],[5672756.449,6433728.214],[5672758.592,6433733.227],[5672760.307,6433738.089],[5672762.515,6433742.92],[5672765.103,6433748.227],[5672767.888,6433753.948],[5672770.939,6433759.694],[5672774.12,6433765.074],[5672777.537,6433769.783],[5672781.271,6433773.985],[5672784.347,6433778.298],[5672786.566,6433782.514],[5672788.181,6433786.106],[5672789.304,6433789.729],[5672790.485,6433793.579],[5672792.05,6433797.701],[5672793.794,6433802.093],[5672795.908,6433806.41],[5672798.421,6433810.181],[5672800.937,6433813.747],[5672803.849,6433816.973],[5672806.717,6433820.32],[5672809.812,6433823.61],[5672812.885,6433826.961],[5672815.571,6433830.243],[5672818.102,6433832.991],[5672820.317,6433835.078],[5672822.69,6433836.328],[5672824.862,6433837.37],[5672826.855,6433838.142],[5672829.236,6433838.983],[5672832.288,6433840.061],[5672836.155,6433841.358],[5672840.388,6433842.784],[5672844.977,6433843.787],[5672849.635,6433844.402],[5672853.836,6433845.337],[5672856.604,6433846.246],[5672857.236,6433846.4],[5672858.752,6433846.386],[5672861.592,6433846.703],[5672865.438,6433846.894],[5672869.212,6433846.511],[5672872.347,6433845.215],[5672875.364,6433843.671],[5672878.51,6433841.762],[5672882.176,6433839.349],[5672886.544,6433836.704],[5672890.936,6433833.792],[5672895.289,6433830.798],[5672899.519,6433827.761],[5672903.38,6433824.8],[5672906.864,6433822.323],[5672909.848,6433820.287],[5672912.944,6433818.909],[5672916.298,6433817.965],[5672919.717,6433816.838],[5672922.996,6433815.525],[5672926.296,6433814.15],[5672929.711,6433813.228],[5672933.029,6433813.164],[5672936.494,6433814.045],[5672940.243,6433815.094],[5672944.035,6433816.021],[5672947.837,6433816.334],[5672951.547,6433816.134],[5672955.26,6433815.729],[5672959.26,6433815.288],[5672963.016,6433814.761],[5672966.424,6433814.248],[5672969.613,6433813.383],[5672972.562,6433812.228],[5672975.392,6433810.824],[5672978.186,6433809.134],[5672981.238,6433806.71],[5672984.665,6433804.007],[5672988.583,6433801.272],[5672992.72,6433798.888],[5672996.854,6433796.709],[5673000.334,6433794.437],[5673002.859,6433791.759],[5673004.443,6433789.023],[5673005.682,6433786.096],[5673006.847,6433782.8],[5673008.118,6433779.199],[5673009.606,6433774.987],[5673011.029,6433770.958],[5673012.559,6433766.624],[5673014.176,6433762.046],[5673015.818,6433757.202],[5673017.342,6433752.111],[5673018.413,6433747.134],[5673019.193,6433742.398],[5673019.313,6433737.977],[5673018.847,6433734.243],[5673018.064,6433731.014],[5673017.379,6433728.095],[5673016.572,6433725.132],[5673016.174,6433722.177],[5673016.081,6433719.329],[5673016.502,6433716.388],[5673017.339,6433713.045],[5673018.471,6433709.257],[5673019.485,6433705.221],[5673020.372,6433701.347],[5673021.138,6433697.429],[5673021.616,6433693.548],[5673022.177,6433689.626],[5673022.591,6433685.928],[5673023.019,6433682.578],[5673023.443,6433679.432],[5673024.087,6433676.638],[5673024.525,6433673.841],[5673025.129,6433670.965],[5673025.636,6433667.78],[5673026.316,6433664.107],[5673026.941,6433660.002],[5673027.696,6433655.532],[5673028.333,6433650.814],[5673028.966,6433646.3],[5673029.459,6433642.767],[5673029.757,6433640.95],[5673029.951,6433640.4],[5673030.274,6433639.485],[5673031.029,6433637.348],[5673032.322,6433633.686],[5673034.025,6433628.863],[5673036.009,6433623.248],[5673038.1,6433617.327],[5673040.126,6433611.589],[5673041.98,6433606.339],[5673043.511,6433602.005],[5673044.826,6433598.282],[5673046.288,6433594.336],[5673047.855,6433590.289],[5673049.784,6433586.577],[5673051.354,6433583.492],[5673052.97,6433580.081],[5673054.925,6433576.103],[5673057.453,6433572.053],[5673060.119,6433568.394],[5673062.859,6433565.106],[5673065.291,6433561.914],[5673067.166,6433558.937],[5673069.073,6433556.453],[5673070.794,6433554.108],[5673072.126,6433551.695],[5673073.754,6433548.837],[5673075.945,6433545.355],[5673078.388,6433541.549],[5673080.931,6433537.847],[5673083.797,6433534.397],[5673086.681,6433531.09],[5673089.335,6433528.046],[5673091.487,6433525.647],[5673093.513,6433523.411],[5673095.405,6433521.745],[5673097.025,6433520.463],[5673098.727,6433519.142],[5673100.365,6433518.004],[5673101.672,6433517.024],[5673103.062,6433516.005],[5673104.926,6433514.809],[5673106.603,6433513.754],[5673108.173,6433513.004],[5673109.692,6433512.785],[5673111.638,6433512.717],[5673113.398,6433512.789],[5673114.033,6433512.739],[5673114.751,6433512.649],[5673115.57,6433512.664],[5673116.69,6433512.991],[5673118.461,6433513.616],[5673120.575,6433514.432],[5673122.259,6433515.301],[5673123.222,6433516.465],[5673124.403,6433517.98],[5673125.964,6433519.974],[5673127.806,6433522.34],[5673130.068,6433524.1],[5673132.215,6433525.408],[5673133.899,6433526.277],[5673134.915,6433526.705],[5673135.831,6433527.028],[5673137.156,6433527.359],[5673139.019,6433527.331],[5673141.379,6433527.065],[5673144.402,6433526.279],[5673147.548,6433525.537],[5673150.342,6433525.013],[5673151.979,6433525.042],[5673152.611,6433525.197],[5673153.161,6433525.391],[5673154.748,6433525.951],[5673157.312,6433526.857],[5673160.076,6433527.97],[5673161.239,6433529.342],[5673161.842,6433531.134],[5673162.679,6433533.627],[5673163.809,6433536.841],[5673165.072,6433540.651],[5673165.765,6433544.328],[5673165.634,6433548.196],[5673165.35,6433552.695],[5673164.44,6433557.797],[5673163.093,6433563.363],[5673161.443,6433568.616],[5673159.783,6433573.316],[5673158.21,6433577.772],[5673156.593,6433582.35],[5673154.868,6433587.234],[5673153.1,6433592.239],[5673151.333,6433597.244],[5673149.435,6433602.616],[5673147.387,6433608.415],[5673145.21,6433614.58],[5673142.882,6433621.173],[5673140.467,6433628.009],[5673138.254,6433635.054],[5673136.152,6433641.589],[5673134.305,6433647.596],[5673133.259,6433653.474],[5673133.024,6433659.776],[5673134.017,6433666.1],[5673135.488,6433672.043],[5673136.511,6433676.73],[5673137.286,6433680.368],[5673137.967,6433683.492],[5673138.663,6433686.964],[5673139.352,6433690.846],[5673140.17,6433694.362],[5673140.898,6433697.159],[5673141.824,6433699.203],[5673142.873,6433700.122],[5673143.785,6433700.65],[5673144.711,6433701.527],[5673146.223,6433702.884],[5673148.276,6433704.845],[5673150.301,6433707.277],[5673152.591,6433709.734],[5673154.469,6433712.388],[5673156.095,6433715.365],[5673157.757,6433718.629],[5673159.329,6433722.343],[5673160.872,6433726.526],[5673161.65,6433731.126],[5673162.289,6433735.54],[5673162.934,6433739.544],[5673163.357,6433743.401],[5673163.715,6433747.44],[5673164.192,6433751.728],[5673164.68,6433756.569],[5673165.39,6433761.557],[5673165.891,6433766.746],[5673166.375,6433771.791],[5673166.428,6433776.89],[5673166.215,6433781.964],[5673165.528,6433787.214],[5673164.676,6433792.542],[5673164.089,6433797.896],[5673163.402,6433803.146],[5673163.107,6433808.26],[5673163.038,6433813.315],[5673163.647,6433818.199],[5673164.117,6433822.896],[5673164.543,6433827.715],[5673165.03,6433832.556],[5673165.546,6433836.926],[5673166.411,6433841.282],[5673167.527,6433845.315],[5673168.754,6433848.838],[5673169.544,6433851.657],[5673170.366,6433853.801],[5673170.968,6433855.593],[5673171.262,6433857.482],[5673171.524,6433860.046],[5673171.703,6433863.816],[5673171.95,6433868.366],[5673172.276,6433873.081],[5673172.698,6433878.105],[5673172.812,6433883.225],[5673172.671,6433887.707],[5673172.329,6433891.98],[5673172.052,6433896.07],[5673171.591,6433900.095],[5673171.239,6433903.815],[5673171.119,6433907.069],[5673171.295,6433909.877],[5673171.56,6433912.236],[5673171.955,6433914.229],[5673172.453,6433916.122],[5673172.992,6433918.097],[5673173.487,6433920.194],[5673174.219,6433922.787],[5673175.514,6433925.922],[5673177.219,6433929.064],[5673178.953,6433931.736],[5673180.655,6433933.916],[5673181.649,6433935.572],[5673182.109,6433936.215],[5673182.367,6433936.649],[5673182.884,6433937.518],[5673183.713,6433939.253],[5673184.84,6433941.505],[5673185.45,6433944.054],[5673185.375,6433946.019],[5673185.044,6433947.344],[5673184.785,6433948.076],[5673184.419,6433949.114],[5673183.837,6433950.762],[5673183.19,6433952.593],[5673182.371,6433954.913],[5673181.336,6433957.843],[5673180.362,6433960.794],[5673179.302,6433963.99],[5673178.58,6433966.618],[5673178.49,6433968.234],[5673178.766,6433969.979],[5673179.829,6433971.247],[5673182.087,6433972.045],[5673184.917,6433972.975],[5673187.43,6433973.245],[5673189.689,6433972.876],[5673191.56,6433972.438],[5673193.517,6433971.756],[5673195.683,6433970.873],[5673197.945,6433970.299],[5673199.96,6433969.844],[5673201.805,6433969.672],[5673203.051,6433969.837],[5673204.89,6433970.074],[5673207.418,6433970.693],[5673209.554,6433971.447],[5673210.164,6433971.663],[5673210.836,6433971.9],[5673212.301,6433972.417],[5673213.888,6433972.978],[5673214.883,6433973.466],[5673215.317,6433974.375],[5673215.543,6433975.485],[5673215.507,6433976.364],[5673215.352,6433976.996],[5673214.928,6433977.808],[5673214.469,6433978.332],[5673213.291,6433978.946],[5673211.412,6433979.793],[5673208.823,6433980.32],[5673205.049,6433980.704],[5673201.674,6433981.708],[5673198.966,6433983.155],[5673197.059,6433984.472],[5673195.712,6433985.37],[5673194.437,6433985.675],[5673193.155,6433986.389],[5673192.077,6433988.274],[5673191.686,6433989.578],[5673191.588,6433990.436],[5673191.847,6433990.87],[5673192.712,6433991.725],[5673195.365,6433993.349],[5673198.665,6433995.475],[5673202.263,6433996.952],[5673205.681,6433998.159],[5673209.121,6433999.305],[5673211.38,6434000.103],[5673211.685,6434000.211],[5673211.965,6433999.417],[5673213.681,6433999.612],[5673215.843,6434000.1],[5673218.719,6434000.704],[5673221.951,6434000.884],[5673225.549,6434001.194],[5673229.628,6434002.085],[5673233.689,6434002.833],[5673237.431,6434003.125],[5673240.727,6434003.122],[5673243.525,6434002.393],[5673246.743,6434001.058],[5673250.093,6433999.152],[5673253.469,6433996.98],[5673257.014,6433994.525],[5673261.029,6433992.098],[5673265.346,6433989.984],[5673270.068,6433988.082],[5673274.643,6433986.402],[5673279.215,6433984.927],[5673284.052,6433983.478],[5673289.001,6433981.518],[5673294,6433979.027],[5673298.873,6433976.697],[5673303.7,6433974.695],[5673308.437,6433973.141],[5673312.638,6433971.741],[5673316.599,6433970.051],[5673320.672,6433967.85],[5673325.021,6433965.061],[5673329.672,6433962.584],[5673334.33,6433960.865],[5673339.192,6433959.15],[5673343.904,6433957.862],[5673348.224,6433956.71],[5673352.44,6433955.659],[5673356.648,6433955.017],[5673360.825,6433955.05],[5673364.893,6433955.388],[5673369.116,6433956.262],[5673373.471,6433957.731]]}},{"type":"Feature","properties":{},"geometry":{"type":"LineString","coordinates":[[5671850.19295317,6433945.64667601],[5671847.196,6433932.299],[5671849.333,6433927.219],[5671855.712,6433919.654],[5671871.706,6433904.5],[5671881.976,6433902.635],[5671884.548,6433901.713],[5671888.138,6433901.516],[5671889.162,6433901.534],[5671890.002,6433901.487],[5671891.087,6433901.527],[5671891.844,6433901.52],[5671892.785,6433901.578],[5671893.665,6433901.614],[5671895.137,6433901.722],[5671896.652,6433901.708],[5671897.902,6433901.668],[5671899.048,6433901.73],[5671900.211,6433901.935],[5671902.326,6433901.583],[5671904.886,6433901.526],[5671908.197,6433901.872],[5671911.871,6433902.551],[5671915.056,6433903.058],[5671917.684,6433903.78],[5671919.82,6433904.535],[5671922.262,6433905.397],[5671924.154,6433906.066],[5671926.535,6433906.906],[5671929.038,6433907.79],[5671931.174,6433908.545],[5671932.582,6433908.836],[5671933.989,6433907.96],[5671935.028,6433905.992],[5671935.912,6433903.49],[5671936.436,6433901.615],[5671936.907,6433899.31],[5671937.105,6433897.389],[5671937.303,6433895.468],[5671937.073,6433893.396],[5671936.388,6433890.476],[5671935.588,6433888.271],[5671935.003,6433886.623],[5671934.766,6433886.127],[5671934.253,6433885.054],[5671933.52,6433883.628],[5671932.788,6433882.202],[5671931.995,6433880.755],[5671931.22,6433879.451],[5671930.53,6433877.903],[5671929.759,6433876.395],[5671928.951,6433874.599],[5671928.373,6433872.542],[5671927.778,6433870.34],[5671927.408,6433868.082],[5671926.834,6433865.819],[5671926.325,6433863.374],[5671925.891,6433861.298],[5671925.532,6433859.592],[5671925.306,6433858.483],[5671925.102,6433857.312],[5671924.955,6433856.368],[5671924.962,6433854.791],[5671925.149,6433853.484],[5671925.293,6433852.299],[5671925.494,6433851.34],[5671926.026,6433849.057],[5671926.77,6433846.367],[5671927.212,6433844.532],[5671927.471,6433843.8],[5671928.182,6433841.786],[5671928.829,6433839.954],[5671929.476,6433838.123],[5671930.162,6433836.374],[5671931.089,6433834.917],[5671931.803,6433833.865],[5671932.723,6433832.816],[5671933.323,6433832.479],[5671933.933,6433832.695],[5671934.727,6433832.975],[5671936.429,6433833.988],[5671937.581,6433834.807],[5671938.349,6433835.353],[5671938.895,6433835.751],[5671939.599,6433836.48],[5671940.486,6433837.274],[5671941.796,6433838.424],[5671943.516,6433839.58],[5671944.844,6433840.873],[5671946.488,6433842.827],[5671948.169,6433845.068],[5671949.827,6433847.37],[5671951.105,6433849.195],[5671952.247,6433850.628],[5671956.95,6433856.45],[5671956.982,6433857.243],[5671957.628,6433861.247],[5671958.675,6433865.668],[5671960.1,6433870.771],[5671962.142,6433875.68],[5671964.069,6433880.136],[5671965.993,6433883.631],[5671967.864,6433886.694],[5671969.702,6433889.266],[5671971.235,6433891.729],[5671972.706,6433894.172],[5671974.279,6433896.718],[5671976.02,6433898.98],[5671977.933,6433900.755],[5671980.124,6433901.94],[5671982.501,6433902.986],[5671985.247,6433903.956],[5671988.666,6433905.163],[5671992.694,6433906.586],[5671996.644,6433907.843],[5672001.28,6433908.52],[5672005.858,6433907.802],[5672010.294,6433905.936],[5672014.585,6433902.92],[5672019.035,6433899.068],[5672023.072,6433894.247],[5672026.704,6433889.213],[5672030.055,6433884.973],[5672032.817,6433881.623],[5672035.026,6433879.451],[5672037.105,6433878.812],[5672039.626,6433878.673],[5672041.763,6433878.26],[5672043.684,6433877.291],[5672045.386,6433875.97],[5672046.546,6433875.212],[5672048.536,6433875.022],[5672051.904,6433875.594],[5672055.872,6433876.995],[5672060.633,6433878.677],[5672065.699,6433880.466],[5672070.766,6433882.256],[5672076.076,6433884.131],[5672081.753,6433886.136],[5672087.735,6433888.249],[5672093.961,6433890.448],[5672099.76,6433892.496],[5672104.766,6433894.263],[5672109.344,6433895.88],[5672113.372,6433897.303],[5672117.157,6433898.64],[5672120.819,6433899.933],[5672123.904,6433901.503],[5672126.129,6433904.143],[5672128.556,6433908.158],[5672129.79,6433913.606],[5672129.556,6433919.908],[5672128.865,6433926.529],[5672127.833,6433932.755],[5672127.408,6433938.235],[5672127.752,6433943.094],[5672128.882,6433947.475],[5672130.709,6433951.827],[5672132.784,6433956.061],[5672135.027,6433960.012],[5672138.398,6433963.88],[5672143.407,6433967.777],[5672149.313,6433971.854],[5672155.075,6433975.949],[5672159.305,6433979.914],[5672162.327,6433983.797],[5672165.063,6433987.715],[5672168.707,6433991.199],[5672172.969,6433994.489],[5672177.46,6433997.517],[5672182.358,6433999.59],[5672186.326,6434000.991],[5672189.622,6434002.155],[5672192.512,6434003.107],[5672195.514,6434003.55],[5672198.617,6434002.929],[5672202.51,6434000.459],[5672207.409,6433996.697],[5672213.069,6433992.723],[5672219.501,6433989.091],[5672226.36,6433986.776],[5672233.039,6433985.359],[5672239.263,6433984.261],[5672244.915,6433983.031],[5672249.968,6433982.138],[5672254.463,6433981.46],[5672258.658,6433981.637],[5672262.837,6433982.632],[5672266.974,6433983.75],[5672271.085,6433985.133],[5672275.541,6433986.707],[5672280.363,6433988.41],[5672285.308,6433990.156],[5672290.557,6433992.01],[5672295.932,6433993.703],[5672300.737,6433994.095],[5672305.387,6433992.785],[5672309.169,6433990.825],[5672312.398,6433988.876],[5672315.396,6433987.189],[5672318.054,6433986.274],[5672320.474,6433986.03],[5672322.934,6433985.869],[5672325.753,6433986.247],[5672329.096,6433987.084],[5672333.257,6433987.936],[5672337.128,6433987.861],[5672341.416,6433987.385],[5672346.318,6433986.919],[5672351.564,6433986.644],[5672356.645,6433986.447],[5672360.969,6433986.258],[5672364.642,6433985.77],[5672367.361,6433984.876],[5672369.968,6433983.326],[5672373.071,6433981.538],[5672376.178,6433979.546],[5672378.846,6433976.85],[5672381.382,6433973.557],[5672383.588,6433970.423],[5672384.96,6433966.926],[5672386.232,6433963.324],[5672387.31,6433960.272],[5672388.28,6433957.525],[5672389.315,6433954.595],[5672390.587,6433950.994],[5672392.013,6433946.76],[5672393.343,6433942.218],[5672394.324,6433937.69],[5672394.612,6433932.986],[5672393.859,6433928.12],[5672392.291,6433923.035],[5672390.403,6433917.494],[5672388.857,6433912.348],[5672389.156,6433908.197],[5672390.492,6433904.413],[5672391.98,6433900.201],[5672393.424,6433896.111],[5672394.847,6433892.082],[5672396.291,6433887.992],[5672397.818,6433883.863],[5672398.875,6433880.872],[5672399.047,6433880.384],[5672399.327,6433879.59],[5672400.164,6433878.581],[5672401.974,6433876.955],[5672404.233,6433875.419],[5672405.993,6433874.324],[5672408.231,6433872.848],[5672410.371,6433869.897],[5672412.491,6433865.84],[5672414.147,6433861.344],[5672415.444,6433857.477],[5672416.379,6433854.443],[5672417.5,6433851.269],[5672418.599,6433848.156],[5672419.72,6433844.982],[5672420.798,6433841.93],[5672421.391,6433839.668],[5672421.19,6433838.292],[5672420.325,6433837.437],[5672419.363,6433836.274],[5672418.042,6433834.571],[5672417.033,6433832.567],[5672416.703,6433830.391],[5672416.926,6433827.037],[5672416.78,6433822.592],[5672416.049,6433817.665],[5672414.994,6433812.487],[5672413.149,6433807.99],[5672410.92,6433804.388],[5672409.017,6433800.833],[5672407.19,6433797.647],[5672405.744,6433794.94],[5672404.434,6433792.623],[5672402.811,6433790.608],[5672401.332,6433788.576],[5672399.835,6433786.399],[5672398.28,6433783.997],[5672396.712,6433781.246],[5672395.247,6433778.394],[5672393.887,6433775.442],[5672392.706,6433772.759],[5672391.428,6433769.768],[5672390.722,6433766.909],[5672391.189,6433764.809],[5672392.137,6433762.123],[5672393.984,6433758.45],[5672396.319,6433754.949],[5672398.987,6433752.253],[5672401.278,6433751.209],[5672403.954,6433750.437],[5672406.96,6433749.508],[5672409.678,6433748.614],[5672411.075,6433748.352],[5672411.768,6433748.528],[5672412.483,6433748.643],[5672414.02,6433748.568],[5672416.458,6433748.468],[5672419.262,6433748.498],[5672422.25,6433748.592],[5672425.579,6433749.081],[5672429.004,6433749.878],[5672432.383,6433751.003],[5672435.701,6433752.106],[5672439.162,6433753.191],[5672442.792,6433753.993],[5672446.441,6433754.938],[5672449.536,6433755.894],[5672452.06,6433756.717],[5672454.462,6433757.496],[5672456.537,6433758.229],[5672458.132,6433758.381],[5672459.956,6433758.27],[5672461.967,6433758.019],[5672463.508,6433757.739],[5672464.355,6433757.283],[5672464.976,6433756.885],[5672465.601,6433756.281],[5672466.291,6433755.495],[5672466.632,6433754.723],[5672466.869,6433754.052],[5672467.15,6433753.258],[5672467.365,6433752.648],[5672467.559,6433752.098],[5672467.818,6433751.366],[5672467.972,6433750.734],[5672468.113,6433749.754],[5672467.951,6433748.461],[5672467.725,6433747.351],[5672467.805,6433746.349],[5672468.297,6433745.15],[5672469.382,6433744.023],[5672470.534,6433743.675],[5672472.337,6433743.625],[5672474.854,6433743.69],[5672477.939,6433744.093],[5672481.378,6433745.239],[5672484.553,6433746.36],[5672487.116,6433747.265],[5672489.436,6433748.085],[5672492.915,6433749.313],[5672497.615,6433750.973],[5672503.109,6433752.914],[5672509.091,6433755.026],[5672514.75,6433756.888],[5672519.684,6433758.081],[5672523.684,6433758.807],[5672527.012,6433759.296],[5672529.971,6433759.86],[5672532.916,6433760.076],[5672535.99,6433759.926],[5672539.749,6433759.194],[5672544.479,6433758.05],[5672549.259,6433756.374],[5672552.742,6433753.897],[5672554.337,6433750.547],[5672555.523,6433747.19],[5672556.386,6433743.581],[5672556.304,6433740.119],[5672555.278,6433736.805],[5672554.312,6433733.512],[5672553.774,6433730.37],[5672553.516,6433727.601],[5672553.65,6433724.696],[5672553.561,6433721.644],[5672553.13,6433718.196],[5672552.711,6433714.135],[5672552.076,6433709.517],[5672550.875,6433704.561],[5672549.328,6433699.415],[5672547.72,6433694.247],[5672545.603,6433688.968],[5672543.399,6433683.933],[5672541.522,6433678.945],[5672540.399,6433674.155],[5672540.253,6433669.709],[5672540.465,6433665.802],[5672540.613,6433662.079],[5672540.704,6433658.129],[5672540.92,6433654.017],[5672541.115,6433649.966],[5672541.636,6433645.963],[5672542.305,6433641.736],[5672543.322,6433637.496],[5672544.4,6433633.277],[5672545.356,6433629.014],[5672546.456,6433624.734],[5672547.581,6433620.188],[5672548.666,6433615.56],[5672549.497,6433611.459],[5672549.864,6433608.087],[5672550.249,6433604.859],[5672550.971,6433601.064],[5672552.085,6433597.132],[5672553.422,6433593.348],[5672554.672,6433589.807],[5672555.944,6433586.206],[5672557.345,6433582.238],[5672558.811,6433578.087],[5672559.771,6433573.62],[5672559.707,6433569.135],[5672558.548,6433564.058],[5672556.553,6433558.822],[5672554.378,6433553.316],[5672552.4,6433548.224],[5672550.674,6433543.976],[5672549.203,6433540.366],[5672547.928,6433537.17],[5672546.751,6433534.283],[5672545.556,6433531.252],[5672544.217,6433528.239],[5672542.961,6433525.186],[5672541.604,6433522.03],[5672540.09,6433518.543],[5672538.09,6433514.678],[5672535.667,6433510.459],[5672533.169,6433505.869],[5672530.265,6433501.067],[5672527.235,6433496.427],[5672524.241,6433492.074],[5672521.301,6433488.152],[5672517.955,6433484.019],[5672514.958,6433479.87],[5672512.287,6433475.769],[5672509.451,6433471.747],[5672507.211,6433467.592],[5672505.212,6433463.727],[5672502.86,6433460.082],[5672500.093,6433456.839],[5672497.321,6433453.8],[5672494.388,6433450.636],[5672491.541,6433447.228],[5672489.215,6433443.317],[5672487.952,6433439.507],[5672487.963,6433436.559],[5672488.696,6433434.483],[5672489.594,6433432.329],[5672491.228,6433430.228],[5672492.96,6433428.437],[5672494.849,6433426.976],[5672497.129,6433425.378],[5672499.618,6433423.58],[5672502.646,6433422.589],[5672506.696,6433422.784],[5672511.899,6433423.798],[5672515.134,6433424.94],[5672515.723,6433425.217],[5672517.978,6433425.052],[5672521.174,6433424.945],[5672525.523,6433425.657],[5672528.93,6433426.311],[5672532.18,6433426.635],[5672534.837,6433426.887],[5672536.669,6433426.367],[5672539.983,6433425.34],[5672544.447,6433424.171],[5672549.367,6433422.682],[5672554.125,6433421.067],[5672556.47,6433420.453],[5672556.843,6433421.34],[5672557.227,6433422.78],[5672557.873,6433424.45],[5672558.667,6433425.897],[5672559.765,6433427.452],[5672561.42,6433428.792],[5672563.348,6433429.748],[5672565.686,6433430.711],[5672568.128,6433431.573],[5672569.718,6433431.929],[5672571.532,6433431.265],[5672572.268,6433430.152],[5672573.019,6433428.22],[5672574.007,6433425.617],[5672575.279,6433422.015],[5672576.831,6433417.62],[5672578.563,6433412.328],[5672579.153,6433406.769],[5672578.58,6433401.006],[5672576.821,6433395.098],[5672574.546,6433389.489],[5672573.075,6433384.713],[5672573.305,6433380.949],[5672574.067,6433378.404],[5672574.965,6433376.249],[5672576.248,6433374.368],[5672577.716,6433373.513],[5672579.401,6433373.216],[5672581.706,6433372.52],[5672584.525,6433371.73],[5672587.793,6433371.031],[5672591.531,6433370.36],[5672595.18,6433370.138],[5672598.422,6433370.871],[5672601.047,6433371.798],[5672603.589,6433372.765],[5672606.368,6433374.227],[5672608.871,6433376.278],[5672611.678,6433378.436],[5672614.008,6433380.976]]}},{"type":"Feature","properties":{},"geometry":{"type":"LineString","coordinates":[[5675837.877,6432894.579],[5675840.355,6432886.001],[5675840.591,6432885.318],[5675840.679,6432884.33],[5675840.535,6432883.643],[5675839.087,6432880.466],[5675840.19,6432877.28],[5675841.364,6432874.629],[5675842.252,6432873.535],[5675842.786,6432873.465],[5675843.473,6432873.321],[5675844.274,6432873.216],[5675845.149,6432873.264],[5675846.177,6432873.238],[5675847.284,6432872.985],[5675848.277,6432872.692],[5675849.463,6432872.211],[5675850.654,6432871.349],[5675852.229,6432870.111],[5675853.459,6432869.135],[5675854.115,6432868.344],[5675854.549,6432867.092],[5675855.179,6432865.272],[5675855.967,6432862.997],[5675856.992,6432860.039],[5675858.401,6432856.705],[5675860.126,6432852.461],[5675862.122,6432847.802],[5675864.381,6432843.488],[5675866.141,6432839.511],[5675867.896,6432835.914],[5675869.542,6432831.898],[5675870.681,6432828.979],[5675871.661,6432826.516],[5675872.681,6432823.939],[5675873.811,6432821.782],[5675875.01,6432820.159],[5675876.432,6432818.995],[5675878.047,6432817.644],[5675879.583,6432816.519],[5675880.467,6432815.806],[5675881.544,6432814.905],[5675883.001,6432814.008],[5675884.883,6432812.622],[5675887.382,6432810.557],[5675889.99,6432808.912],[5675892.016,6432808.212],[5675893.854,6432807.32],[5675895.845,6432806.354],[5675897.608,6432805.308],[5675899.11,6432803.917],[5675900.423,6432802.333],[5675901.775,6432800.636],[5675903.289,6432798.103],[5675905.688,6432794.856],[5675908.362,6432790.814],[5675911.461,6432786.281],[5675914.402,6432782.204],[5675916.613,6432778.765],[5675918.473,6432775.969],[5675919.79,6432774.005],[5675920.911,6432772.609],[5675922.381,6432770.571],[5675923.778,6432768.379],[5675925.095,6432766.414],[5675926.224,6432764.257],[5675927.546,6432761.912],[5675928.943,6432759.72],[5675930.299,6432757.642],[5675931.499,6432756.019],[5675932.54,6432754.851],[5675933.888,6432753.534],[5675935.157,6432752.445],[5675936.081,6432751.618],[5675936.925,6432751.019],[5675937.888,6432750.078],[5675939.122,6432748.722],[5675940.663,6432747.217],[5675941.893,6432746.242],[5675942.777,6432745.529],[5675943.967,6432744.667],[5675945.464,6432743.656],[5675947.114,6432742.571],[5675948.877,6432741.526],[5675951.249,6432740.564],[5675953.581,6432739.715],[5675955.874,6432738.981],[5675958.36,6432738.058],[5675960.92,6432737.288],[5675963.663,6432737.092],[5675966.024,6432737.356],[5675981.398,6432734.444],[5675982.895,6432733.433],[5675984.737,6432732.16],[5675986.466,6432730.848],[5675988.155,6432729.65],[5675989.958,6432728.49],[5675992.028,6432727.296],[5675994.172,6432726.255],[5675996.006,6432725.744],[5675997.34,6432725.569],[5675998.789,6432725.434],[5676000.425,6432725.491],[5676001.874,6432725.355],[5676003.282,6432725.334],[5676004.958,6432725.277],[5676006.862,6432725.299],[5676009.26,6432725.366],[5676010.896,6432725.423],[5676012.301,6432725.782],[5676013.67,6432725.874],[5676015.307,6432725.931],[5676017.061,6432725.647],[5676018.855,6432725.249],[5676020.229,6432724.961],[5676021.643,6432724.559],[5676023.249,6432723.968],[5676024.815,6432723.492],[5676026.115,6432723.05],[5676027.301,6432722.569],[5676028.255,6432722.39],[5676029.095,6432722.171],[5676029.896,6432722.066],[5676030.583,6432721.922],[5676031.195,6432721.624],[5676032.001,6432721.139],[5676032.998,6432720.465],[5676034.149,6432719.717],[5676035.414,6432719.009],[5676036.333,6432718.562],[5676037.212,6432718.23],[5676038.053,6432718.011],[5676038.893,6432717.793],[5676039.733,6432717.574],[5676040.42,6432717.43],[5676041.068,6432717.399],[5676041.636,6432717.597],[5676042.66,6432717.951],[5676043.229,6432718.148],[5676043.303,6432718.301]]}},{"type":"Feature","properties":{},"geometry":{"type":"LineString","coordinates":[[5676043.303,6432718.301],[5676059.716,6432721.791],[5676060.627,6432722.106],[5676061.424,6432722.381],[5676062.107,6432722.617],[5676063.359,6432723.05],[5676064.497,6432723.443],[5676066.244,6432723.92],[5676068.941,6432724.597],[5676072.132,6432725.318],[5676075.214,6432725.618],[5676078.41,6432725.958],[5676081.229,6432725.913],[5676082.906,6432725.855],[5676084.127,6432725.64],[5676085.536,6432725.618],[5676087.327,6432725.599],[5676089.419,6432725.813],[5676091.472,6432726.14],[5676093.07,6432726.31],[5676094.554,6432726.441],[5676095.885,6432726.646],[5676097.255,6432726.737],[5676098.7,6432726.981],[5676100.49,6432726.963],[5676102.626,6432726.682],[5676105.449,6432726.256],[5676108.238,6432725.563],[5676110.57,6432724.713],[5676112.986,6432723.254],[5676115.248,6432721.869],[5676117.507,6432720.866],[5676119.914,6432720.169],[5676122.553,6432719.169],[5676125.498,6432718.021],[5676128.063,6432716.869],[5676129.678,6432715.515],[5676130.907,6432714.538],[5676131.94,6432714.131],[5676132.929,6432714.218],[5676134.107,6432714.497],[5676135.701,6432715.048],[5676138.319,6432715.953],[5676141.62,6432717.094],[5676145.49,6432718.432],[5676149.361,6432719.769],[5676153.686,6432721.264],[5676157.745,6432722.794],[5676161.309,6432724.281],[5676164.61,6432725.422],[5676167.338,6432726.747],[5676170.096,6432728.72],[5676172.435,6432730.802],[5676174.24,6432732.955],[5676175.856,6432734.916],[5676177.625,6432736.801],[5676179.469,6432738.84],[5676181.427,6432740.919],[5676183.608,6432743.457],[5676185.864,6432746.148],[5676188.461,6432748.957],[5676191.027,6432751.118],[5676193.597,6432752.898],[5676196.172,6432754.298],[5676198.217,6432755.387],[5676199.697,6432755.898],[5676200.909,6432756.445],[5676202.161,6432756.878],[5676203.414,6432757.31],[5676204.666,6432757.743],[5676205.235,6432757.94],[5676205.804,6432758.137],[5676206.373,6432758.333],[5676207.096,6432758.455],[5676208.124,6432758.429],[5676209.345,6432758.214],[5676210.838,6432757.583],[5676212.409,6432756.724],[5676213.87,6432755.445],[5676214.99,6432754.048],[5676215.808,6432752.419],[5676216.705,6432750.563],[5676217.676,6432748.859],[5676218.717,6432747.69],[5676220.064,6432746.372],[5676222.021,6432745.137],[5676224.507,6432744.212],[5676227.29,6432743.9],[5676229.383,6432744.113],[5676231.432,6432744.821],[5676233.481,6432745.529],[5676235.035,6432746.194],[5676236.248,6432746.741],[5676237.308,6432747.362],[5676238.63,6432748.328],[5676239.878,6432749.142],[5676240.973,6432750.03],[5676242.256,6432751.111],[5676243.762,6432752.651],[5676245.76,6432754.615],[5676248.173,6432756.851],[5676250.621,6432759.354],[5676252.955,6432761.817],[5676255.062,6432764.202],[5676256.678,6432766.162],[5676258.106,6432767.93],[5676259.074,6432769.921],[5676259.662,6432771.908],[5676260.022,6432773.817],[5676260.154,6432775.646],[5676260.251,6432777.209],[5676260.348,6432778.772],[5676260.598,6432780.26],[5676261.076,6432781.827],[5676261.401,6432783.468],[5676261.796,6432785.644],[5676262.156,6432787.552],[5676262.52,6432789.08],[5676262.577,6432790.756],[5676262.828,6432792.244],[5676263.008,6432793.198],[5676263.078,6432793.732],[5676263.45,6432794.498],[5676263.748,6432795.111],[5676264.27,6432796.183],[5676265.164,6432798.021],[5676266.509,6432800.398],[5676268.191,6432803.273],[5676269.952,6432805.92],[5676271.638,6432808.415],[5676272.756,6432810.712],[5676273.615,6432812.283],[5676274.206,6432813.89],[5676274.802,6432815.115],[5676275.214,6432815.767],[5676275.512,6432816.38],[5676275.889,6432816.765],[5676276.34,6432817.303],[5676276.901,6432818.261],[5676277.571,6432819.64],[5676278.351,6432821.439],[5676278.833,6432822.625],[5676279.017,6432823.198],[5676278.926,6432824.568],[5676278.646,6432825.746],[5676278.253,6432826.884],[5676277.978,6432827.681],[5676277.737,6432828.745],[5676277.186,6432830.338],[5676276.478,6432832.387],[5676275.81,6432834.323],[5676275.224,6432835.649],[5676274.677,6432836.862],[5676273.942,6432837.882],[5676273.058,6432838.596],[5676271.942,6432839.612],[5676270.98,6432840.554],[5676270.057,6432841.382],[5676269.4,6432842.174],[5676268.744,6432842.967],[5676267.931,6432844.215],[5676267.191,6432845.616],[5676266.759,6432846.868],[5676266.672,6432847.858],[5676266.738,6432848.772],[5676267.11,6432849.538],[5676267.899,6432850.575],[5676268.919,6432851.31],[5676270.053,6432852.085],[5676271.796,6432852.942],[5676273.424,6432853.759],[5676275.281,6432854.656],[5676276.988,6432855.246],[5676278.236,6432856.06],[5676278.99,6432856.83],[5676279.55,6432857.788],[5676279.997,6432858.707],[5676280.405,6432859.74],[5676280.808,6432861.154],[5676281.4,6432862.76],[5676281.957,6432864.099],[5676282.364,6432865.132],[5676282.732,6432866.279],[5676283.101,6432867.425],[5676283.579,6432868.992],[5676284.166,6432870.979],[5676284.868,6432873.006],[5676285.306,6432874.687],[5676285.666,6432876.595],[5676285.908,6432878.845],[5676285.996,6432881.169],[5676285.857,6432883.415],[5676285.53,6432885.468],[5676284.936,6432887.556],[5676284.381,6432889.531],[5676283.633,6432891.694],[5676282.768,6432894.198],[5676282.095,6432896.514],[5676281.465,6432898.335],[5676280.875,6432900.043],[5676280.324,6432901.636],[5676280.159,6432902.853],[5676280.076,6432903.462],[5676280.295,6432904.302],[5676280.663,6432905.449],[5676281.29,6432907.322],[5676282.408,6432909.62],[5676283.599,6432912.071],[5676284.787,6432914.902],[5676285.935,6432917.848],[5676287.123,6432920.679],[5676287.868,6432922.211],[5676288.28,6432922.863],[5676288.766,6432923.668],[5676289.252,6432924.474],[5676290.036,6432925.891],[5676290.856,6432927.576],[5676291.601,6432929.108],[5676292.192,6432930.714],[5676292.71,6432932.167],[5676293.074,6432933.695],[5676293.508,6432935.756],[5676293.938,6432938.199],[5676294.141,6432940.563],[5676293.967,6432942.541],[5676293.254,6432944.971],[5676292.192,6432948.045],[5676291.523,6432949.98],[5676291.13,6432951.118],[5676290.776,6432952.142],[5676290.304,6432953.508],[5676289.989,6432954.419],[5676289.95,6432954.533],[5676289.477,6432955.899],[5676289.316,6432956.735],[5676289.119,6432957.304],[5676288.804,6432958.215],[5676288.682,6432958.937],[5676288.556,6432960.04],[5676288.574,6432961.831],[5676288.514,6432963.849],[5676288.681,6432965.945],[5676288.931,6432967.434],[5676289.37,6432969.114],[5676289.8,6432971.557],[5676290.572,6432974.117],[5676291.348,6432976.297],[5676291.873,6432976.988],[5676292.285,6432977.64],[5676292.583,6432978.253],[5676293.03,6432979.172],[5676293.363,6432980.052],[5676293.889,6432980.743],[5676294.3,6432981.395],[5676294.524,6432981.855],[5676295.089,6432982.432],[5676295.54,6432982.97],[5676296.18,6432983.701],[5676297.086,6432984.397],[5676298.444,6432985.63],[5676299.954,6432986.79],[5676301.426,6432988.063],[5676303.05,6432989.261],[5676304.333,6432990.342],[5676305.577,6432991.537],[5676306.554,6432992.766],[5676307.115,6432993.725],[5676307.527,6432994.377],[5676307.864,6432994.875],[5676308.162,6432995.488],[5676308.46,6432996.101],[5676308.679,6432996.941],[5676308.824,6432997.628],[5676308.894,6432998.162],[5676308.925,6432998.81],[5676309.038,6433004.243]]}},{"type":"Feature","properties":{},"geometry":{"type":"LineString","coordinates":[[5675486.149,6432392.05],[5675486.551,6432393.463],[5675487.072,6432394.535],[5675487.557,6432395.34],[5675487.894,6432395.839],[5675488.231,6432396.338],[5675488.717,6432397.143],[5675489.202,6432397.949],[5675489.88,6432398.566],[5675491.053,6432399.227],[5675492.225,6432399.888],[5675493.477,6432400.321],[5675494.614,6432400.715],[5675495.638,6432401.07],[5675496.662,6432401.424],[5675497.458,6432401.7],[5675498.141,6432401.937],[5675511.709,6432407.273],[5675512.277,6432407.47],[5675513.187,6432407.785],[5675513.87,6432408.022],[5675514.854,6432408.49],[5675516.219,6432408.963],[5675517.357,6432409.357],[5675518.04,6432409.593],[5675518.836,6432409.869],[5675519.558,6432409.992],[5675520.24,6432410.228],[5675521.19,6432410.43],[5675522.293,6432410.557],[5675523.964,6432410.881],[5675526.13,6432411.249],[5675529.136,6432411.398],[5675532.068,6432411.395],[5675534.505,6432411.347],[5675537.095,6432411.225],[5675539.878,6432410.915],[5675541.751,6432410.29],[5675543.475,6432409.358],[5675545.09,6432408.006],[5675546.447,6432405.928],[5675547.265,6432404.3],[5675547.778,6432402.822],[5675548.369,6432401.115],[5675548.846,6432399.369],[5675548.978,6432397.886],[5675548.61,6432396.74],[5675548.322,6432395.366],[5675547.775,6432393.265],[5675547.382,6432391.09],[5675546.988,6432388.916],[5675546.897,6432386.973],[5675547.072,6432384.995],[5675547.633,6432382.641],[5675548.465,6432379.871],[5675549.608,6432376.572],[5675550.593,6432373.729],[5675551.617,6432370.771],[5675552.913,6432367.397],[5675554.48,6432363.608],[5675556.542,6432359.863],[5675558.945,6432356.236],[5675561.348,6432352.609],[5675564.013,6432349.328],[5675566.442,6432346.73],[5675568.254,6432344.809],[5675570.412,6432342.626],[5675572.757,6432340.636],[5675574.412,6432339.17],[5675575.567,6432338.041],[5675576.687,6432336.646],[5675577.773,6432334.983],[5675579.471,6432333.023],[5675581.209,6432330.95],[5675583.095,6432329.182],[5675585.213,6432327.113],[5675587.598,6432325.009],[5675589.519,6432323.508],[5675591.287,6432322.082],[5675593.134,6432320.429],[5675594.981,6432318.775],[5675596.635,6432317.31],[5675597.904,6432316.22],[5675599.287,6432315.17],[5675600.749,6432313.893],[5675602.329,6432312.274],[5675603.953,6432310.161],[5675605.502,6432307.895],[5675607.087,6432305.896],[5675608.439,6432304.198],[5675610.019,6432302.579],[5675611.402,6432301.53],[5675612.745,6432300.593],[5675614.01,6432299.885],[5675615.428,6432299.102],[5675616.959,6432298.358],[5675618.377,6432297.575],[5675619.638,6432297.247],[5675621.125,6432296.998],[5675622.806,6432296.561],[5675624.98,6432296.168],[5675627.462,6432295.626],[5675630.096,6432295.009],[5675632.31,6432294.502],[5675635.023,6432293.658],[5675637.469,6432292.849],[5675640.103,6432292.233],[5675642.886,6432291.923],[5675645.052,6432292.29],[5675646.986,6432292.96],[5675649.147,6432293.709],[5675651.156,6432294.532],[5675653.313,6432295.661],[5675655.881,6432297.443],[5675658.554,6432300.025],[5675660.54,6432302.751],[5675661.913,6432305.775],[5675662.744,6432309.63],[5675663.307,6432313.52],[5675663.801,6432316.876],[5675664.3,6432319.852],[5675665.034,6432322.145],[5675665.817,6432323.563],[5675666.451,6432324.674],[5675667.239,6432325.712],[5675667.982,6432327.243],[5675668.533,6432328.963],[5675668.655,6432331.553],[5675668.432,6432334.406],[5675668.168,6432337.373],[5675667.752,6432340.414],[5675667.41,6432343.608],[5675667.073,6432346.421],[5675666.779,6432348.74],[5675666.376,6432350.639],[5675665.894,6432352.766],[5675665.373,6432355.006],[5675664.97,6432356.905],[5675664.493,6432358.651],[5675663.941,6432360.243],[5675663.74,6432361.193],[5675663.425,6432362.103],[5675663.031,6432363.24],[5675662.79,6432364.304],[5675662.93,6432365.371],[5675663.485,6432366.71],[5675664.342,6432368.281],[5675665.209,6432369.091],[5675666.075,6432369.901],[5675667.287,6432370.448],[5675668.538,6432370.881],[5675669.75,6432371.429],[5675671.343,6432371.98],[5675673.316,6432372.536],[5675675.368,6432372.865],[5675677.91,6432373.618],[5675680.64,6432374.564],[5675683.029,6432375.391],[5675684.998,6432376.328],[5675686.7,6432377.3],[5675688.17,6432378.573],[5675689.447,6432380.035],[5675690.607,6432381.838],[5675691.722,6432384.135],[5675693.104,6432386.398],[5675694.714,6432388.739],[5675696.354,6432391.728],[5675697.684,6432395.246],[5675698.795,6432397.924],[5675699.682,6432400.143],[5675700.575,6432401.981],[5675701.279,6432403.626],[5675702.591,6432405.355],[5675704.319,6432407.355],[5675706.012,6432409.088],[5675707.403,6432410.589],[5675708.641,6432412.165],[5675709.761,6432414.081],[5675710.347,6432416.068],[5675710.859,6432417.901],[5675711.445,6432419.888],[5675711.877,6432421.949],[5675712.271,6432424.124],[5675712.472,6432426.487],[5675712.751,6432428.622],[5675712.838,6432430.946],[5675713.267,6432433.387],[5675713.625,6432435.295],[5675713.756,6432437.124],[5675713.655,6432439.255],[5675713.549,6432441.767],[5675713.242,6432445.228],[5675712.813,6432449.411],[5675712.663,6432452.417],[5675712.449,6432454.508],[5675712.308,6432456.753],[5675712.321,6432458.923],[5675712.487,6432461.019],[5675712.648,6432463.496],[5675713.343,6432465.903],[5675714.336,6432468.922],[5675715.176,6432472.016],[5675715.757,6432474.383],[5675716.422,6432476.142],[5675717.121,6432478.168],[5675717.891,6432480.728],[5675718.814,6432483.214],[5675719.548,6432485.507],[5675720.323,6432487.686],[5675721.372,6432489.069],[5675722.575,6432490.377],[5675724.194,6432491.957],[5675725.699,6432493.498],[5675726.714,6432494.614],[5675727.204,6432495.038],[5675739.904,6432509.502],[5675740.498,6432510.727],[5675741.316,6432512.412],[5675742.287,6432514.023],[5675742.808,6432515.095],[5675743.14,6432515.974],[5675743.206,6432516.889],[5675743.227,6432518.298],[5675743.249,6432519.707],[5675743.161,6432520.696],[5675743.034,6432521.798],[5675742.793,6432522.862],[5675742.819,6432523.89],[5675742.806,6432525.032],[5675743.02,6432526.253],[5675743.457,6432527.933],[5675744.008,6432529.653],[5675744.332,6432531.294],[5675744.511,6432532.248],[5675744.541,6432532.895],[5675744.226,6432533.805],[5675743.95,6432534.602],[5675743.596,6432535.625],[5675743.084,6432537.104],[5675742.488,6432539.191],[5675742.229,6432541.777],[5675742.509,6432543.913],[5675742.986,6432545.479],[5675743.537,6432547.199],[5675744.236,6432549.225],[5675744.783,6432551.325],[5675745.032,6432552.813],[5675745.093,6432554.108],[5675744.966,6432555.211],[5675744.769,6432555.78],[5675744.572,6432556.349],[5675744.138,6432557.6],[5675743.547,6432559.306],[5675743.075,6432560.671],[5675742.681,6432561.809],[5675742.247,6432563.06],[5675741.617,6432564.88],[5675740.789,6432567.269],[5675739.765,6432570.227],[5675738.74,6432573.185],[5675737.755,6432576.029],[5675737.169,6432577.354],[5675736.972,6432577.923],[5675736.276,6432578.829],[5675735.925,6432579.472],[5675735.308,6432580.15],[5675734.766,6432580.981],[5675733.951,6432582.228],[5675732.866,6432583.891],[5675731.855,6432585.707],[5675730.923,6432587.295],[5675729.758,6432589.185],[5675728.48,6432591.035],[5675727.316,6432592.925],[5675725.964,6432594.623],[5675724.804,6432596.132],[5675723.723,6432597.414],[5675722.642,6432598.696],[5675720.83,6432600.616],[5675718.326,6432603.062],[5675716.129,6432605.359],[5675714.392,6432607.432],[5675713,6432609.244],[5675711.648,6432610.941],[5675710.256,6432612.752],[5675709.135,6432614.148],[5675707.897,6432615.885],[5675706.273,6432617.998],[5675704.185,6432620.715],[5675701.984,6432623.392],[5675699.664,6432626.411],[5675697.734,6432628.673],[5675696.456,6432630.523],[5675695.331,6432632.3],[5675694.324,6432633.735],[5675693.318,6432635.17],[5675692.272,6432636.719],[5675690.919,6432638.416],[5675689.453,6432640.074],[5675687.873,6432641.693],[5675686.407,6432643.351],[5675685.444,6432644.291],[5675684.827,6432644.969],[5675684.171,6432645.761],[5675683.322,6432646.741],[5675682.319,6432647.796],[5675680.971,6432649.112],[5675679.431,6432650.617],[5675677.623,6432652.157],[5675675.356,6432653.92],[5675672.936,6432655.757],[5675670.674,6432657.14],[5675668.678,6432658.487],[5675666.797,6432659.874],[5675665.221,6432661.112],[5675664.066,6432662.24],[5675662.862,6432664.244],[5675661.194,6432666.852],[5675659.719,6432669.271],[5675658.441,6432671.122],[5675657.553,6432672.215],[5675656.625,6432673.423],[5675655.815,6432674.289],[5675654.927,6432675.383],[5675653.806,6432676.779],[5675652.498,6432677.982],[5675651.268,6432678.957],[5675650.038,6432679.933],[5675648.887,6432680.681],[5675647.583,6432681.503],[5675646.432,6432682.251],[5675645.242,6432683.113],[5675644.205,6432683.9],[5675643.093,6432684.534],[5675641.754,6432685.09],[5675640.722,6432685.497],[5675639.461,6432685.825],[5675638.582,6432686.157],[5675637.702,6432686.489],[5675636.516,6432686.97],[5675634.989,6432687.333],[5675632.928,6432687.766],[5675630.521,6432688.461],[5675628.268,6432689.082],[5675626.434,6432689.594],[5675624.64,6432689.992],[5675622.886,6432690.276],[5675620.868,6432690.214],[5675618.772,6432690.38],[5675617.092,6432690.817],[5675615.639,6432691.333],[5675614.3,6432691.889],[5675613.189,6432692.523],[5675611.959,6432693.498],[5675610.388,6432694.356],[5675608.629,6432695.02],[5675606.721,6432695.379],[5675605.194,6432695.742],[5675604.087,6432695.995],[5675603.058,6432696.021],[5675602.03,6432696.047],[5675601.002,6432696.073],[5675599.37,6432695.636],[5675597.55,6432695.005],[5675595.843,6432694.414],[5675594.251,6432693.862],[5675593.529,6432693.612]]}},{"type":"Feature","properties":{},"geometry":{"type":"LineString","coordinates":[[5674989.698,6432308.767],[5674991.518,6432309.397],[5674992.735,6432309.564],[5674993.99,6432309.616],[5674995.29,6432309.175],[5674997.054,6432308.129],[5674999.167,6432306.441],[5675001.671,6432303.995],[5675003.684,6432301.125],[5675004.897,6432298.36],[5675005.882,6432295.516],[5675006.876,6432291.911],[5675007.577,6432287.312],[5675008.16,6432283.055],[5675008.852,6432279.218],[5675009.881,6432275.879],[5675010.866,6432273.035],[5675011.733,6432270.532],[5675012.718,6432267.688],[5675013.817,6432264.884],[5675015.445,6432262.39],[5675017.292,6432260.737],[5675018.596,6432259.914],[5675019.786,6432259.052],[5675020.863,6432258.151],[5675022.092,6432257.176],[5675023.213,6432255.78],[5675024.071,6432254.039],[5675024.622,6432252.446],[5675025.179,6432250.473],[5675025.857,6432247.778],[5675026.348,6432244.89],[5675026.83,6432242.763],[5675027.114,6432241.206],[5675027.246,6432239.722],[5675027.417,6432238.125],[5675027.785,6432235.959],[5675028.122,6432233.146],[5675028.385,6432230.179],[5675028.916,6432227.178],[5675029.747,6432224.408],[5675030.378,6432222.588],[5675030.851,6432221.223],[5675031.127,6432220.427],[5675031.437,6432219.897],[5675032.168,6432219.259],[5675033.127,6432218.699],[5675034.387,6432218.371],[5675036.111,6432217.439],[5675038.443,6432216.591],[5675040.999,6432216.202],[5675043.773,6432216.653],[5675046.315,6432217.406],[5675047.715,6432218.146],[5675048.621,6432218.842],[5675049.18,6432219.8],[5675049.543,6432221.327],[5675049.561,6432223.117],[5675049.346,6432225.208],[5675048.86,6432227.716],[5675048.492,6432229.881],[5675048.124,6432232.047],[5675047.756,6432234.213],[5675047.541,6432236.305],[5675047.321,6432238.777],[5675047.142,6432241.135],[5675046.966,6432243.113],[5675047.027,6432244.408],[5675047.053,6432245.436],[5675047.114,6432246.732],[5675047.328,6432247.952],[5675047.617,6432249.326],[5675048.291,6432250.324],[5675049.122,6432250.867],[5675050.146,6432251.222],[5675051.056,6432251.537],[5675052.08,6432251.891],[5675052.95,6432252.32],[5675053.782,6432252.863],[5675054.193,6432253.515],[5675054.332,6432254.583],[5675054.157,6432256.561],[5675053.982,6432258.538],[5675054.314,6432259.418],[5675054.957,6432259.768],[5675056.134,6432260.048],[5675057.355,6432259.834],[5675058.812,6432258.938],[5675059.963,6432258.19],[5675061.114,6432257.442],[5675062.576,6432256.164],[5675064.156,6432254.546],[5675065.053,6432252.69],[5675065.684,6432250.87],[5675066.284,6432248.403],[5675066.77,6432245.895],[5675067.138,6432243.73],[5675067.773,6432241.529],[5675068.605,6432238.759],[5675069.397,6432236.103],[5675070.041,6432233.141],[5675070.186,6432230.516],[5675070.212,6432228.232],[5675070.309,6432226.481],[5675070.327,6432224.959],[5675070.607,6432223.782],[5675070.966,6432222.377],[5675071.557,6432220.671],[5675072.109,6432219.078],[5675072.923,6432217.831],[5675073.812,6432216.738],[5675075.006,6432215.495],[5675076.7,6432213.916],[5675078.009,6432212.713],[5675078.936,6432211.505],[5675079.707,6432210.753],[5675080.284,6432210.189],[5675081.208,6432209.362],[5675082.21,6432208.307],[5675083.365,6432207.179],[5675084.254,6432206.085],[5675085.33,6432205.184],[5675086.748,6432204.401],[5675088.512,6432203.355],[5675090.35,6432202.463],[5675091.763,6432202.061],[5675092.91,6432201.694],[5675094.397,6432201.444],[5675095.964,6432200.968],[5675097.758,6432200.57],[5675099.438,6432200.133],[5675100.852,6432199.731],[5675102.038,6432199.249],[5675103.333,6432199.188],[5675104.549,6432199.355],[5675105.424,6432199.403],[5675106.107,6432199.64],[5675106.825,6432200.143],[5675107.883,6432200.765],[5675109.66,6432201.889],[5675112.061,6432204.887],[5675113.658,6432208.371],[5675114.497,6432211.464],[5675114.89,6432213.639],[5675115.065,6432214.974],[5675115.122,6432216.649],[5675115.139,6432218.439],[5675115.423,6432220.194],[5675115.786,6432221.721],[5675116.228,6432223.021],[5675116.744,6432224.473],[5675117.522,6432226.272],[5675118.712,6432228.723],[5675119.783,6432231.514],[5675120.894,6432234.193],[5675121.9,6432236.07],[5675122.723,6432237.374],[5675123.549,6432238.297],[5675124.267,6432238.801],[5675125.063,6432239.077],[5675125.973,6432239.392],[5675127.076,6432239.519],[5675128.485,6432239.497],[5675130.086,6432239.288],[5675131.727,6432238.964],[5675133.294,6432238.487],[5675134.786,6432237.858],[5675136.396,6432236.887],[5675138.086,6432235.688],[5675140.081,6432234.341],[5675142.147,6432233.527],[5675144.663,6432233.252],[5675146.26,6432233.423],[5675147.244,6432233.891],[5675147.957,6432234.775],[5675148.552,6432236.001],[5675149.064,6432237.834],[5675149.339,6432240.35],[5675149.802,6432243.059],[5675150.034,6432246.069],[5675150.344,6432248.852],[5675150.93,6432250.839],[5675151.638,6432252.104],[5675152.465,6432253.027],[5675153.406,6432253.99],[5675153.93,6432254.681],[5675154.228,6432255.294],[5675154.451,6432255.753],[5675154.635,6432256.327],[5675154.893,6432257.053],[5675155.225,6432257.933],[5675155.553,6432259.193],[5675155.841,6432260.567],[5675155.933,6432262.51],[5675155.832,6432264.641],[5675155.814,6432266.163],[5675155.993,6432267.117],[5675156.286,6432268.111],[5675156.693,6432269.143],[5675157.179,6432269.949],[5675157.669,6432270.373],[5675158.237,6432270.57],[5675159.034,6432270.846],[5675159.988,6432270.667],[5675161.252,6432269.958],[5675162.793,6432268.453],[5675164.382,6432266.073],[5675165.629,6432263.575],[5675166.496,6432261.072],[5675167.363,6432258.57],[5675168.151,6432256.294],[5675169.057,6432253.678],[5675170.309,6432250.799],[5675172.095,6432247.85],[5675173.723,6432245.356],[5675175.456,6432243.663],[5675176.76,6432242.841],[5675177.868,6432242.587],[5675178.935,6432242.448],[5675180.117,6432242.347],[5675181.106,6432242.435],[5675182.094,6432242.523],[5675183.044,6432242.724],[5675183.993,6432242.926],[5675185.892,6432243.329],[5675188.211,6432243.622],[5675190.303,6432243.837],[5675192.626,6432243.75],[5675194.915,6432243.396],[5675197.015,6432242.849],[5675199.002,6432242.263],[5675200.989,6432241.678],[5675202.555,6432241.201],[5675203.815,6432240.873],[5675205.609,6432240.475],[5675207.67,6432240.042],[5675209.845,6432239.649],[5675211.981,6432239.369],[5675214.077,6432239.203],[5675216.706,6432238.968],[5675220.093,6432239.122],[5675223.213,6432239.31],[5675225.492,6432239.718],[5675226.516,6432240.072],[5675227.313,6432240.348],[5675228.411,6432240.856],[5675229.776,6432241.329],[5675231.368,6432241.88],[5675232.887,6432242.279],[5675234.182,6432242.218],[5675235.674,6432241.588],[5675237.245,6432240.731],[5675238.396,6432239.983],[5675239.661,6432239.274],[5675241.044,6432238.224],[5675243.192,6432236.803],[5675245.687,6432235.119],[5675248.413,6432233.133],[5675251.713,6432230.963],[5675255.695,6432229.03],[5675258.789,6432228.19],[5675260.465,6432228.134],[5675261.716,6432228.567],[5675263.081,6432229.04],[5675264.56,6432229.552],[5675266.301,6432230.41],[5675268.27,6432231.347],[5675270.313,6432232.437],[5675272.584,6432233.605],[5675274.321,6432234.844],[5675275.485,6432236.266],[5675276.495,6432237.763],[5675277.155,6432239.903],[5675277.969,6432241.968],[5675278.896,6432244.073],[5675279.745,6432246.406],[5675280.667,6432248.891],[5675281.629,6432251.263],[5675282.64,6432252.76],[5675283.239,6432253.604],[5675283.725,6432254.409],[5675284.285,6432255.368],[5675285.033,6432256.519],[5675286.231,6432258.208],[5675287.657,6432259.976],[5675289.232,6432262.05],[5675290.308,6432264.462],[5675291.345,6432266.986],[5675292.302,6432269.739],[5675293.146,6432272.452],[5675293.877,6432275.126],[5675294.419,6432277.607],[5675295.079,6432279.747],[5675295.976,6432281.204],[5675297.109,6432281.979],[5675298.133,6432282.333],[5675299.156,6432282.688],[5675300.259,6432282.815],[5675301.589,6432283.021],[5675303.379,6432283.004],[5675305.361,6432282.798],[5675307.387,6432282.099],[5675309.343,6432280.865],[5675311.418,6432279.29],[5675313.571,6432277.488],[5675315.496,6432275.607],[5675317.496,6432273.879],[5675319.724,6432272.23],[5675322.061,6432271.001],[5675324.393,6432270.152],[5675326.791,6432270.218],[5675328.764,6432270.774],[5675330.926,6432271.523],[5675332.82,6432272.307],[5675335.209,6432273.134],[5675337.331,6432273.997],[5675339.261,6432275.047],[5675340.774,6432275.826],[5675342.323,6432276.872],[5675344.174,6432278.15],[5675346.366,6432279.547],[5675348.221,6432280.444],[5675349.997,6432281.569],[5675351.393,6432282.689],[5675352.556,6432284.112],[5675353.527,6432285.722],[5675354.608,6432287.753],[5675355.386,6432289.551],[5675356.165,6432291.35],[5675357.136,6432292.96],[5675357.923,6432293.997],[5675358.409,6432294.802],[5675358.702,6432295.796],[5675358.802,6432296.977],[5675358.784,6432298.5],[5675358.762,6432300.403],[5675358.468,6432302.722],[5675358.332,6432304.586],[5675358.122,6432306.297],[5675357.916,6432307.627],[5675357.675,6432308.691],[5675357.815,6432309.758],[5675357.911,6432311.32],[5675358.309,6432313.114],[5675358.965,6432315.635],[5675359.769,6432318.462],[5675360.534,6432321.402],[5675360.998,6432324.111],[5675361.658,6432326.251],[5675362.476,6432327.935],[5675363.259,6432329.353],[5675363.582,6432330.994],[5675363.866,6432332.749],[5675364.146,6432334.884],[5675364.08,6432337.282],[5675363.865,6432339.374],[5675363.58,6432340.931],[5675363.563,6432342.454],[5675363.589,6432343.482],[5675363.842,6432344.589],[5675364.205,6432346.117],[5675364.598,6432348.291],[5675365.18,6432350.659],[5675366.221,6432352.803],[5675367.113,6432354.641],[5675367.629,6432356.094],[5675367.992,6432357.621],[5675368.197,6432359.603],[5675368.293,6432361.165],[5675368.656,6432362.692],[5675369.058,6432364.106],[5675369.57,6432365.939],[5675370.344,6432368.118],[5675370.93,6432370.105],[5675371.402,6432372.052],[5675371.38,6432373.956],[5675370.977,6432375.855],[5675370.544,6432377.106],[5675370.268,6432377.902],[5675370.071,6432378.471],[5675369.834,6432379.154],[5675369.519,6432380.064],[5675369.165,6432381.088],[5675368.692,6432382.453],[5675368.179,6432383.931],[5675367.785,6432385.069],[5675367.47,6432385.979],[5675367.12,6432386.622],[5675366.77,6432387.265],[5675366.42,6432387.909],[5675365.991,6432388.779],[5675365.369,6432389.838],[5675364.669,6432391.124],[5675364.008,6432392.297],[5675363.5,6432393.395],[5675362.992,6432394.493],[5675362.519,6432395.858],[5675362.086,6432397.11],[5675361.618,6432398.094],[5675361.302,6432399.004],[5675361.027,6432399.8],[5675360.558,6432400.785],[5675360.085,6432402.15],[5675359.459,6432403.589],[5675358.868,6432405.296],[5675358.198,6432407.23],[5675357.607,6432408.936],[5675357.362,6432410.38],[5675357.196,6432411.596],[5675357.335,6432412.664],[5675357.624,6432414.038],[5675358.135,6432415.872],[5675358.914,6432417.67],[5675359.964,6432419.053],[5675361.171,6432419.981],[5675362.383,6432420.528],[5675363.748,6432421.001],[5675365.153,6432421.36],[5675366.522,6432421.452],[5675368.05,6432421.089],[5675369.962,6432420.35],[5675371.835,6432419.725],[5675373.515,6432419.288],[5675374.885,6432419.38],[5675376.705,6432420.01],[5675379.737,6432421.188],[5675383.377,6432422.449],[5675386.82,6432424.278],[5675390.111,6432426.183],[5675392.46,6432427.124],[5675394.206,6432427.601],[5675395.54,6432427.426],[5675396.998,6432426.53],[5675398.613,6432425.178],[5675399.807,6432423.935],[5675400.967,6432422.426],[5675402.088,6432421.03],[5675403.479,6432419.219],[5675405.523,6432416.997],[5675408.298,6432414.136],[5675411.103,6432411.922],[5675413.331,6432410.273],[5675415.405,6432408.698],[5675417.059,6432407.233],[5675418.442,6432406.183],[5675419.444,6432405.128],[5675420.941,6432404.118],[5675422.477,6432402.994],[5675424.201,6432402.062],[5675426.118,6432400.942],[5675428.262,6432399.901],[5675430.1,6432399.009],[5675431.711,6432398.038],[5675433.282,6432397.181],[5675434.7,6432396.398],[5675436.083,6432395.348],[5675437.811,6432394.035],[5675439.964,6432392.233],[5675442.039,6432390.658],[5675443.076,6432389.871],[5675443.767,6432389.346],[5675444.538,6432388.593],[5675445.575,6432387.806],[5675446.844,6432386.717],[5675447.999,6432385.588],[5675449.115,6432384.573],[5675450.384,6432383.484],[5675452.034,6432382.399],[5675454.104,6432381.205],[5675456.634,6432379.788],[5675459.583,6432378.261],[5675462.953,6432376.625],[5675465.972,6432375.633],[5675468.147,6432375.239],[5675469.634,6432374.99],[5675470.623,6432375.078],[5675471.42,6432375.354],[5675472.216,6432375.63],[5675473.012,6432375.905],[5675473.922,6432376.221],[5675474.832,6432376.536],[5675475.856,6432376.89],[5675476.613,6432377.28],[5675477.182,6432377.477],[5675477.865,6432377.713],[5675478.735,6432378.142],[5675479.453,6432378.646],[5675480.21,6432379.035],[5675481.229,6432379.771],[5675481.946,6432380.274],[5675482.585,6432381.005],[5675483.447,6432382.195],[5675484.077,6432383.687],[5675484.593,6432385.14],[5675484.96,6432386.287],[5675485.327,6432387.433],[5675485.581,6432388.54],[5675485.835,6432389.647],[5675486.049,6432390.868],[5675486.149,6432392.05]]}},{"type":"Feature","properties":{},"geometry":{"type":"LineString","coordinates":[[5674373.491,6432246.432],[5674373.964,6432245.067],[5674374.283,6432243.777],[5674374.765,6432241.65],[5674375.632,6432239.147],[5674376.657,6432236.19],[5674378.53,6432232.252],[5674381.086,6432228.551],[5674384.132,6432225.274],[5674386.522,6432222.789],[5674388.413,6432220.641],[5674390.421,6432218.152],[5674392.929,6432215.326],[5674395.783,6432212.237],[5674399.021,6432208.772],[5674402.763,6432204.59],[5674406.812,6432200.259],[5674410.781,6432196.155],[5674414.015,6432193.071],[5674416.667,6432190.932],[5674418.737,6432189.738],[5674420.23,6432189.108],[5674421.604,6432188.819],[5674423.17,6432188.343],[5674424.964,6432187.945],[5674426.452,6432187.696],[5674427.979,6432187.333],[5674429.546,6432186.856],[5674430.959,6432186.454],[5674431.952,6432186.161],[5674432.718,6432185.789],[5674433.677,6432185.229],[5674434.788,6432184.595],[5674436.403,6432183.243],[5674438.714,6432180.986],[5674441.37,6432178.466],[5674444.184,6432175.491],[5674447.265,6432172.481],[5674450.272,6432169.318],[5674453.165,6432166.116],[5674455.747,6432163.443],[5674457.984,6432161.033],[5674460.338,6432158.281],[5674463.538,6432154.93],[5674466.658,6432151.806],[5674469.581,6432149.251],[5674472.5,6432147.077],[5674474.422,6432145.577],[5674475.958,6432144.452],[5674477.949,6432143.486],[5674480.404,6432141.915],[5674483.056,6432139.776],[5674485.358,6432138.28],[5674487.467,6432136.972],[5674489.729,6432135.59],[5674491.152,6432134.427],[5674492.613,6432133.149],[5674494.115,6432131.758],[5674495.804,6432130.559],[5674497.567,6432129.514],[5674499.173,6432128.924],[5674500.241,6432128.784],[5674501.309,6432128.644],[5674502.49,6432128.544],[5674504.205,6432128.373],[5674506.647,6432127.945],[5674509.973,6432126.804],[5674513.723,6432125.172],[5674516.83,6432123.191],[5674519.71,6432121.13],[5674521.893,6432119.976],[5674523.421,6432119.613],[5674524.983,6432119.517],[5674526.733,6432119.613],[5674528.518,6432119.977],[5674530.491,6432120.533],[5674532.084,6432121.085],[5674533.41,6432121.671],[5674534.735,6432122.258],[5674535.492,6432122.647],[5674536.512,6432123.383],[5674537.531,6432124.118],[5674539.005,6432125.011],[5674541.088,6432125.987],[5674543.398,6432127.042],[5674545.367,6432127.979],[5674546.653,6432128.679],[5674548.167,6432129.458],[5674549.602,6432130.465],[5674551.225,6432131.664],[5674552.774,6432132.71],[5674554.248,6432133.603],[5674555.57,6432134.571],[5674556.965,6432135.691],[5674558.772,6432137.463],[5674560.92,6432139.354],[5674562.915,6432141.319],[5674564.761,6432142.978],[5674566.306,6432144.405],[5674567.776,6432145.678],[5674569.32,6432147.105],[5674571.057,6432148.344],[5674572.719,6432149.429],[5674573.625,6432150.125],[5674574.382,6432150.515],[5674575.287,6432151.211],[5674576.346,6432151.832],[5674577.252,6432152.528],[5674577.93,6432153.145],[5674578.573,6432153.495],[5674578.949,6432153.88],[5674579.479,6432154.191],[5674580.135,6432153.399],[5674581.067,6432151.811],[5674582.035,6432150.49],[5674582.805,6432149.737],[5674583.23,6432149.247],[5674583.693,6432148.644],[5674584.079,6432148.267],[5674584.656,6432147.703],[5674584.809,6432147.629],[5674583.72,6432146.36],[5674582.557,6432144.937],[5674581.769,6432143.9],[5674580.794,6432142.67],[5674579.779,6432141.554],[5674578.541,6432139.979],[5674576.625,6432137.786],[5674573.729,6432134.745],[5674570.876,6432131.209],[5674568.326,6432127.905],[5674566.191,6432124.872],[5674564.472,6432122.11],[5674562.897,6432120.036],[5674561.699,6432118.347],[5674560.723,6432117.117],[5674560.01,6432116.233],[5674559.153,6432114.662],[5674557.924,6432112.325],[5674556.244,6432109.45],[5674554.643,6432106.348],[5674553.082,6432103.131],[5674551.778,6432100.641],[5674550.777,6432098.383],[5674549.736,6432096.239],[5674548.66,6432093.828],[5674547.505,6432091.644],[5674546.613,6432089.806],[5674545.944,6432088.428],[5674545.498,6432087.509],[5674545.126,6432086.743],[5674544.833,6432085.75],[5674544.465,6432084.603],[5674544.181,6432082.848],[5674544.169,6432080.678],[5674544.497,6432078.626],[5674545.207,6432076.578],[5674545.995,6432074.303],[5674546.743,6432072.142],[5674547.453,6432070.094],[5674548.201,6432067.933],[5674548.985,6432066.038],[5674549.729,6432064.257],[5674550.745,6432062.061],[5674551.878,6432059.523],[5674553.165,6432056.911],[5674554.452,6432054.299],[5674555.582,6432052.142],[5674556.785,6432050.139],[5674558.142,6432048.06],[5674559.766,6432045.947],[5674561.35,6432043.948],[5674562.283,6432042.36],[5674562.677,6432041.222],[5674563.184,6432040.124],[5674563.578,6432038.987],[5674564.13,6432037.394],[5674565.032,6432035.158],[5674566.082,6432033.229],[5674567.168,6432031.566],[5674568.52,6432029.869],[5674569.987,6432028.211],[5674570.836,6432027.231],[5674571.724,6432026.137],[5674572.77,6432024.588],[5674573.663,6432023.114],[5674574.749,6432021.451],[5674575.869,6432020.056],[5674576.876,6432018.621],[5674578.001,6432016.844],[5674579.743,6432014.39],[5674581.905,6432011.826],[5674583.874,6432009.451],[5674586.032,6432007.268],[5674587.844,6432005.347],[5674589.922,6432003.392],[5674592.342,6432001.554],[5674594.719,6432000.211],[5674596.364,6431999.507],[5674597.777,6431999.105],[5674599.799,6431998.786],[5674602.389,6431998.664],[5674605.474,6431998.586],[5674608.48,6431998.735],[5674611.333,6431998.959],[5674613.766,6431999.292],[5674615.626,6431999.809],[5674617.901,6432000.597],[5674620.745,6432001.582],[5674623.134,6432002.409],[5674624.84,6432003],[5674625.864,6432003.355],[5674627.115,6432003.788],[5674628.253,6432004.182],[5674629.049,6432004.458],[5674630.112,6432004.699],[5674630.909,6432004.975],[5674632.541,6432005.413],[5674634.86,6432005.706],[5674638.776,6432006.171],[5674644.486,6432006.238],[5674649.395,6432006.409],[5674653.285,6432005.846],[5674656.957,6432004.442],[5674660.024,6432002.574],[5674662.248,6432001.306],[5674664.011,6432000.26],[5674665.888,6431999.254],[5674668.107,6431998.366],[5674670.553,6431997.557],[5674672.732,6431996.783],[5674674.68,6431996.311],[5674675.94,6431995.983],[5674676.933,6431995.69],[5674678.119,6431995.209],[5674679.725,6431994.619],[5674681.826,6431994.072],[5674684.801,6431993.574],[5674688.275,6431992.739],[5674692.096,6431991.641],[5674694.621,6431990.605],[5674696.533,6431989.866],[5674698.786,6431989.245],[5674701.346,6431988.475],[5674704.514,6431987.789],[5674707.451,6431987.404],[5674710.688,6431987.252],[5674714.456,6431987.41],[5674719.816,6431988.12],[5674724.681,6431988.786],[5674728.79,6431989.063],[5674732.216,6431989.103],[5674735.034,6431989.059],[5674737.323,6431988.705],[5674739.077,6431988.421],[5674740.793,6431988.251],[5674742.889,6431988.085],[5674744.639,6431988.182],[5674746.35,6431988.392],[5674747.715,6431988.865],[5674749.421,6431989.456],[5674751.583,6431990.205],[5674754.313,6431991.15],[5674757.533,6431992.521],[5674760.832,6431993.663],[5674763.142,6431994.718],[5674764.581,6431995.344],[5674765.413,6431995.887],[5674766.358,6431996.469],[5674767.263,6431997.165],[5674768.095,6431997.708],[5674769.188,6431998.596],[5674770.584,6431999.717],[5674772.172,6432000.649],[5674773.34,6432001.691],[5674774.815,6432002.584],[5674776.21,6432003.704],[5674777.947,6432004.943],[5674779.912,6432006.26],[5674782.103,6432007.656],[5674784.597,6432009.285],[5674786.636,6432010.755],[5674788.141,6432012.296],[5674789.764,6432013.495],[5674790.858,6432014.383],[5674791.803,6432014.966],[5674792.901,6432015.473],[5674794.494,6432016.025],[5674796.086,6432016.577],[5674797.679,6432017.128],[5674799.464,6432017.492],[5674801.669,6432017.746],[5674804.562,6432017.856],[5674808.097,6432018.316],[5674810.836,6432018.5],[5674812.7,6432018.636],[5674814.411,6432018.847],[5674816.122,6432019.057],[5674817.798,6432019.001],[5674819.439,6432018.677],[5674821.079,6432018.354],[5674822.493,6432017.951],[5674824.059,6432017.475],[5674825.433,6432017.186],[5674826.619,6432016.705],[5674827.766,6432016.338],[5674829.219,6432015.822],[5674830.479,6432015.494],[5674831.354,6432015.542],[5674832.115,6432015.551],[5674832.99,6432015.599],[5674834.019,6432015.573],[5674835.309,6432015.893],[5674836.907,6432016.064],[5674838.766,6432016.581],[5674840.814,6432017.29],[5674843.277,6432018.271],[5674845.666,6432019.098],[5674848.129,6432020.079],[5674850.098,6432021.015],[5674852.067,6432021.952],[5674853.729,6432023.038],[5674855.278,6432024.084],[5674856.823,6432025.511],[5674857.912,6432026.78],[5674858.887,6432028.009],[5674860.051,6432029.432],[5674861.551,6432031.353],[5674863.354,6432033.506],[5674865.038,6432036.001],[5674866.766,6432038.001],[5674868.157,6432039.502],[5674869.399,6432040.696],[5674870.568,6432041.738],[5674871.771,6432043.047],[5674873.424,6432044.893],[5674875.603,6432047.432],[5674878.158,6432050.355],[5674880.564,6432052.972],[5674882.742,6432055.511],[5674884.921,6432058.049],[5674886.872,6432060.508],[5674888.972,6432063.274],[5674890.656,6432065.769],[5674891.92,6432068.372],[5674892.764,6432071.085],[5674893.454,6432073.873],[5674894.032,6432076.621],[5674894.801,6432079.181],[5674895.383,6432081.548],[5674895.811,6432083.99],[5674895.894,6432086.694],[5674895.897,6432089.626],[5674895.906,6432092.177],[5674895.958,6432094.233],[5674896.211,6432095.34],[5674896.316,6432096.141],[5674896.535,6432096.981],[5674896.6,6432097.896],[5674896.814,6432099.116],[5674896.84,6432100.145],[5674896.901,6432101.44],[5674896.884,6432102.963],[5674896.866,6432104.485],[5674896.813,6432105.741],[5674896.878,6432106.656],[5674896.944,6432107.57],[5674897.049,6432108.371],[5674897.228,6432109.325],[5674897.442,6432110.546],[5674897.844,6432111.959],[5674898.212,6432113.106],[5674898.653,6432114.405],[5674899.091,6432116.086],[5674899.637,6432118.186],[5674900.035,6432119.98],[5674900.363,6432121.24],[5674900.652,6432122.614],[5674900.975,6432124.255],[5674901.18,6432126.237],[5674901.079,6432128.368],[5674900.326,6432130.91],[5674899.302,6432133.868],[5674898.395,6432136.485],[5674897.38,6432138.681],[5674896.636,6432140.462],[5674896.044,6432142.168],[5674895.453,6432143.874],[5674895.055,6432145.393],[5674894.652,6432147.292],[5674894.704,6432149.348],[5674894.831,6432151.558],[5674895.303,6432153.505],[5674895.928,6432155.378],[5674896.785,6432156.949],[5674897.647,6432158.139],[5674898.509,6432159.33],[5674899.41,6432160.406],[5674900.653,6432161.601],[5674902.35,6432162.954],[5674904.468,6432164.197],[5674906.817,6432165.138],[5674909.32,6432166.005],[5674911.481,6432166.753],[5674913.608,6432167.235],[5674915.358,6432167.332],[5674916.771,6432166.93],[5674918.802,6432165.849],[5674921.331,6432164.432],[5674923.204,6432163.807],[5674924.386,6432163.706],[5674925.296,6432164.021],[5674926.319,6432164.376],[5674927.685,6432164.849],[5674929.238,6432165.514],[5674930.905,6432166.219],[5674932.497,6432166.771],[5674934.164,6432167.476],[5674935.753,6432168.408],[5674937.227,6432169.301],[5674938.736,6432170.461],[5674940.814,6432171.817],[5674943.155,6432173.52],[5674945.763,6432175.188],[5674948.528,6432176.4],[5674950.838,6432177.455],[5674953.183,6432178.777],[5674955.756,6432180.178],[5674958.818,6432182.003],[5674961.916,6432184.095],[5674964.029,6432185.719],[5674965.232,6432187.028],[5674966.43,6432188.717],[5674967.743,6432190.445],[5674968.565,6432191.75],[5674968.893,6432193.01],[5674969.142,6432194.498],[5674969.347,6432196.48],[5674969.426,6432199.565],[5674969.578,6432202.803],[5674969.621,6432205.62],[5674969.638,6432207.41],[5674969.778,6432208.478],[5674969.647,6432209.961],[5674969.502,6432212.586],[5674969.309,6432216.087],[5674969.373,6432220.314],[5674969.626,6432224.733],[5674969.656,6432228.693],[5674969.669,6432230.863],[5674969.581,6432231.852],[5674969.305,6432232.649],[5674968.99,6432233.559],[5674968.557,6432234.81],[5674967.966,6432236.516],[5674967.414,6432238.109],[5674966.941,6432239.474],[5674966.586,6432240.498],[5674966.192,6432241.636],[5674965.558,6432243.836],[5674964.761,6432246.873],[5674964.27,6432249.761],[5674963.858,6432252.421],[5674963.298,6432254.775],[5674962.741,6432256.748],[5674961.993,6432258.91],[5674961.555,6432260.542],[5674961.55,6432260.922],[5674966.117,6432267.601],[5674966.603,6432268.406],[5674967.272,6432269.784],[5674968.204,6432271.508],[5674969.512,6432273.618],[5674970.671,6432275.421],[5674971.677,6432277.298],[5674972.232,6432278.637],[5674972.753,6432279.709],[5674973.348,6432280.934],[5674974.2,6432282.886],[5674975.281,6432284.917],[5674976.208,6432287.022],[5674977.288,6432289.052],[5674978.408,6432290.969],[5674979.375,6432292.96],[5674980.223,6432295.292],[5674981.452,6432297.629],[5674982.751,6432300.5],[5674984.317,6432303.335],[5674986.155,6432305.756],[5674987.961,6432307.528],[5674989.698,6432308.767]]}},{"type":"Feature","properties":{},"geometry":{"type":"LineString","coordinates":[[5674411.202,6431492.068],[5674411.699,6431492.423],[5674412.268,6431492.62],[5674412.758,6431493.045],[5674413.134,6431493.43],[5674413.51,6431493.815],[5674413.847,6431494.314],[5674414.184,6431494.813],[5674414.442,6431495.539],[5674414.774,6431496.419],[5674414.805,6431497.066],[5674415.023,6431497.907],[5674414.861,6431498.742],[5674414.66,6431499.692],[5674414.423,6431500.374],[5674414.187,6431501.057],[5674413.837,6431501.7],[5674413.329,6431502.798],[5674412.742,6431504.124],[5674412.042,6431505.41],[5674411.149,6431506.885],[5674409.788,6431509.343],[5674408.006,6431511.912],[5674405.993,6431514.782],[5674404.102,6431516.93],[5674402.404,6431518.89],[5674400.78,6431521.003],[5674399.27,6431523.155],[5674397.721,6431525.421],[5674396.478,6431527.539],[5674395.042,6431529.845],[5674393.567,6431532.264],[5674392.053,6431534.797],[5674390.118,6431537.44],[5674388.223,6431539.969],[5674386.219,6431542.077],[5674384.1,6431544.146],[5674381.82,6431547.051],[5674379.268,6431550.372],[5674376.914,6431553.124],[5674374.332,6431555.797],[5674371.364,6431558.846],[5674367.819,6431562.46],[5674364.161,6431566.034],[5674361.193,6431569.083],[5674358.646,6431572.023],[5674355.6,6431575.3],[5674352.248,6431578.725],[5674349.666,6431581.398],[5674347.77,6431583.927],[5674345.954,6431586.228],[5674344.133,6431588.91],[5674342.155,6431592.047],[5674340.176,6431595.184],[5674338.43,6431598.019],[5674337.029,6431600.592],[5674335.362,6431603.199],[5674333.235,6431606.03],[5674330.989,6431609.202],[5674328.403,6431612.255],[5674325.702,6431615.27],[5674323.308,6431618.135],[5674320.989,6431621.154],[5674318.98,6431623.643],[5674317.085,6431626.172],[5674314.769,6431628.81],[5674312.104,6431632.091],[5674309.32,6431635.714],[5674306.729,6431639.148],[5674304.607,6431641.598],[5674303.25,6431643.676],[5674301.893,6431645.754],[5674300.339,6431648.401],[5674298.435,6431651.691],[5674295.997,6431655.051],[5674293.45,6431657.991],[5674291.06,6431660.476],[5674288.938,6431662.926],[5674287.274,6431665.153],[5674285.305,6431667.528],[5674282.841,6431669.86],[5674280.298,6431672.419],[5674278.136,6431674.983],[5674275.979,6431677.166],[5674273.738,6431679.957],[5674271.26,6431683.431],[5674268.704,6431687.132],[5674265.461,6431690.978],[5674262.726,6431693.725],[5674261.255,6431695.764],[5674259.938,6431697.728],[5674258.852,6431699.391],[5674257.999,6431700.752],[5674257.377,6431701.81],[5674256.716,6431702.983],[5674255.67,6431704.532],[5674254.235,6431706.837],[5674252.567,6431709.445],[5674250.558,6431711.934],[5674248.401,6431714.117],[5674246.282,6431716.186],[5674243.818,6431718.518],[5674241.315,6431720.964],[5674239.582,6431722.657],[5674239,6431723.602],[5674238.645,6431724.626],[5674238.133,6431726.104],[5674237.769,6431727.89],[5674237.708,6431729.907],[5674237.909,6431732.27],[5674237.65,6431734.856],[5674237.234,6431737.897],[5674236.743,6431740.784],[5674236.029,6431743.213],[5674234.926,6431746.398],[5674233.398,6431750.073],[5674231.529,6431753.63],[5674229.669,6431756.426],[5674228.855,6431757.673],[5674228.421,6431758.924],[5674228.106,6431759.834],[5674228.093,6431760.976],[5674228.351,6431761.703],[5674228.723,6431762.468],[5674229.213,6431762.893],[5674230.083,6431763.322],[5674232.096,6431763.764],[5674234.341,6431763.905],[5674237.316,6431763.406],[5674240.616,6431761.237],[5674244.808,6431757.593],[5674248.379,6431755.007],[5674250.572,6431753.091],[5674251.88,6431751.888],[5674252.73,6431750.908],[5674253.811,6431749.626],[5674254.695,6431748.913],[5674255.382,6431748.769],[5674256.143,6431748.778],[5674256.825,6431749.014],[5674258.037,6431749.562],[5674259.818,6431750.306],[5674262.168,6431751.247],[5674264.443,6431752.035],[5674266.377,6431752.705],[5674268.236,6431753.222],[5674270.367,6431753.323],[5674273.688,6431752.562],[5674277.618,6431751.885],[5674280.471,6431752.108],[5674282.251,6431752.853],[5674283.726,6431753.745],[5674285.463,6431754.984],[5674286.889,6431756.752],[5674288.013,6431758.288],[5674289.137,6431759.824],[5674290.148,6431761.321],[5674291.465,6431762.669],[5674293.193,6431764.669],[5674295.446,6431767.36],[5674297.427,6431770.467],[5674298.459,6431773.373],[5674298.349,6431776.265],[5674297.631,6431779.074],[5674297.036,6431781.161],[5674296.361,6431783.476],[5674295.258,6431786.661],[5674294.115,6431789.96],[5674293.17,6431792.69],[5674292.412,6431795.613],[5674291.886,6431798.234],[5674291.558,6431800.286],[5674291.654,6431801.848],[5674291.684,6431802.496],[5674294.281,6431814.862],[5674295.484,6431816.17],[5674296.989,6431817.711],[5674298.647,6431819.177],[5674299.732,6431820.827],[5674299.74,6431823.378],[5674299.275,6431827.294],[5674297.853,6431831.77],[5674295.55,6431836.578],[5674292.644,6431840.923],[5674290.236,6431844.93],[5674288.297,6431847.954],[5674287.553,6431849.734],[5674287.08,6431851.099],[5674286.909,6431852.697],[5674287.456,6431854.797],[5674288.037,6431857.164],[5674288.995,6431859.917],[5674290.285,6431863.549],[5674291.65,6431867.334],[5674293.053,6431871.005],[5674294.492,6431874.944],[5674296.159,6431878.961],[5674297.794,6431882.33],[5674298.98,6431885.162],[5674300.091,6431887.84],[5674301.088,6431890.478],[5674301.932,6431893.192],[5674302.964,6431896.097],[5674304.105,6431899.423],[5674304.984,6431902.403],[5674305.679,6431904.81],[5674305.963,6431906.564],[5674305.832,6431908.048],[5674305.547,6431909.605],[5674304.877,6431911.539],[5674303.485,6431913.35],[5674301.262,6431914.619],[5674299.044,6431915.507],[5674297.131,6431916.246],[5674296.243,6431917.339],[5674295.805,6431918.972],[5674295.511,6431921.291],[5674295.935,6431924.113],[5674296.937,6431926.371],[5674298.433,6431928.673],[5674300.147,6431931.815],[5674301.936,6431935.11],[5674303.305,6431938.515],[5674304.451,6431941.46],[5674305.256,6431944.286],[5674305.754,6431947.262],[5674305.784,6431951.222],[5674305.35,6431955.786],[5674304.377,6431960.8],[5674303.033,6431965.048],[5674301.851,6431968.461],[5674300.945,6431971.077],[5674300.117,6431973.466],[5674299.102,6431975.663],[5674297.972,6431977.82],[5674296.226,6431980.655],[5674294.401,6431983.717],[5674292.309,6431986.815],[5674289.683,6431989.982],[5674287.219,6431992.314],[5674285.796,6431993.478],[5674284.912,6431994.191],[5674283.836,6431995.092],[5674282.112,6431996.024],[5674279.582,6431997.441],[5674277.512,6431998.635],[5674275.828,6431999.453],[5674274.3,6431999.816],[5674272.699,6432000.025],[5674269.881,6432000.069],[5674265.807,6432000.059],[5674261.318,6431999.778],[5674257.288,6431999.274],[5674254.365,6431998.517],[5674252.278,6431997.921],[5674250.152,6431997.439],[5674247.684,6431996.839],[5674244.49,6431996.497],[5674240.876,6431996.265],[5674237.336,6431996.185],[5674234.632,6431996.268],[5674232.002,6431996.504],[5674229.595,6431997.199],[5674227.376,6431998.087],[5674225.149,6431999.736],[5674222.646,6432002.181],[5674220.672,6432004.938],[5674219.201,6432006.977],[5674218.545,6432007.768],[5674217.971,6432007.952],[5674216.978,6432008.245],[5674215.565,6432008.647],[5674213.692,6432009.273],[5674211.972,6432009.824],[5674210.445,6432010.186],[5674209.185,6432010.514],[5674208.27,6432010.58],[5674207.509,6432010.571],[5674206.634,6432010.523],[5674205.229,6432010.164],[5674203.523,6432009.573],[5674202.271,6432009.139],[5674201.134,6432008.745],[5674199.882,6432008.312],[5674197.835,6432007.602],[5674195.634,6432006.967],[5674193.809,6432006.718],[5674191.98,6432006.849],[5674189.994,6432007.435],[5674187.285,6432007.898],[5674184.651,6432008.514],[5674182.739,6432009.253],[5674181.933,6432009.739],[5674181.583,6432010.382],[5674181.806,6432010.842],[5674182.672,6432011.651],[5674183.919,6432012.465],[5674185.131,6432013.013],[5674186.496,6432013.485],[5674188.282,6432013.849],[5674190.447,6432014.217],[5674193.147,6432014.515],[5674196.459,6432014.516],[5674198.813,6432015.076],[5674200.332,6432015.475],[5674201.277,6432016.057],[5674202.182,6432016.753],[5674203.123,6432017.715],[5674203.95,6432018.639],[5674205.004,6432019.641],[5674205.91,6432020.337],[5674206.706,6432020.613],[5674207.922,6432020.779],[5674210.018,6432020.614],[5674212.114,6432020.448],[5674213.899,6432020.811],[5674215.991,6432021.026],[5674219.036,6432021.062],[5674222.314,6432020.795],[5674226.628,6432019.742],[5674231.516,6432018.504],[5674235.603,6432017.372],[5674238.045,6432016.944],[5674239.8,6432016.659],[5674241.515,6432016.489],[5674243.344,6432016.358],[5674245.243,6432016.761],[5674247.291,6432017.47],[5674249.675,6432018.679],[5674252.243,6432020.46],[5674254.12,6432022.766],[5674255.187,6432025.939],[5674255.3,6432029.291],[5674254.884,6432032.332],[5674254.17,6432034.76],[5674253.697,6432036.125],[5674252.879,6432037.753],[5674252.064,6432038.999],[5674251.601,6432039.603],[5674250.905,6432040.509],[5674250.476,6432041.379],[5674246.51,6432048.415],[5674245.656,6432049.775],[5674243.84,6432052.077],[5674241.367,6432055.17],[5674238.781,6432058.223],[5674237.004,6432060.411],[5674236.268,6432061.43],[5674235.839,6432062.301],[5674235.332,6432063.399],[5674234.622,6432065.447],[5674233.913,6432067.494],[5674233.401,6432068.973],[5674233.081,6432070.264],[5674233.098,6432072.054],[5674233.575,6432073.62],[5674234.402,6432074.544],[5674236.222,6432075.174],[5674239.105,6432076.045],[5674242.146,6432076.462],[5674245.533,6432076.615],[5674249.454,6432076.699],[5674252.875,6432077.12],[5674255.343,6432077.72],[5674258.073,6432078.666],[5674261.145,6432079.73],[5674264.29,6432080.947],[5674266.299,6432081.77],[5674268.307,6432082.593],[5674270.276,6432083.529],[5674272.091,6432084.541],[5674273.986,6432085.324],[5674276.449,6432086.305],[5674279.061,6432087.592],[5674281.826,6432088.804],[5674284.403,6432089.824],[5674286.679,6432090.612],[5674288.647,6432091.549],[5674290.577,6432092.6],[5674292.428,6432093.878],[5674294.348,6432095.69],[5674296.339,6432098.035],[5674298.705,6432100.766],[5674300.805,6432103.532],[5674301.881,6432105.943],[5674302.161,6432108.079],[5674302.361,6432110.441],[5674302.68,6432112.463],[5674303.118,6432114.143],[5674303.669,6432115.863],[5674304.071,6432117.277],[5674304.552,6432118.462],[5674304.989,6432120.143],[5674305.615,6432122.016],[5674306.354,6432123.928],[5674307.395,6432126.072],[5674308.02,6432127.945],[5674308.724,6432129.59],[5674309.236,6432131.424],[5674309.857,6432133.678],[5674310.819,6432136.049],[5674312.087,6432138.272],[5674313.356,6432140.495],[5674314.471,6432142.793],[5674315.696,6432145.51],[5674316.876,6432148.722],[5674317.558,6432152.271],[5674318.008,6432156.122],[5674318.078,6432159.968],[5674318.221,6432163.967],[5674318.444,6432167.739],[5674318.294,6432170.745],[5674318.233,6432172.762],[5674317.908,6432174.434],[5674317.431,6432176.179],[5674316.796,6432178.38],[5674315.969,6432180.769],[5674315.216,6432183.311],[5674314.349,6432185.814],[5674314.02,6432187.866],[5674314.042,6432189.275],[5674314.409,6432190.422],[5674314.925,6432191.874],[5674315.594,6432193.253],[5674316.299,6432194.898],[5674316.998,6432196.924],[5674317.882,6432199.524],[5674318.918,6432202.048],[5674319.924,6432203.926],[5674320.283,6432205.834],[5674320.413,6432207.663],[5674320.08,6432210.095],[5674319.017,6432213.167],[5674318.189,6432215.556],[5674317.76,6432216.427],[5674317.563,6432216.995],[5674317.208,6432218.019],[5674316.657,6432219.612],[5674315.987,6432221.546],[5674315.584,6432223.445],[5674315.715,6432225.274],[5674316.231,6432226.726],[5674317.163,6432228.451],[5674318.396,6432230.407],[5674320.045,6432232.634],[5674321.808,6432234.901],[5674323.002,6432236.971],[5674324.197,6432239.041],[5674325.089,6432240.879],[5674325.981,6432242.717],[5674326.414,6432244.778],[5674326.58,6432246.874],[5674326.321,6432249.46],[5674325.485,6432252.61],[5674324.5,6432255.454],[5674323.593,6432258.071],[5674323.002,6432259.777],[5674322.332,6432261.711],[5674321.93,6432263.61],[5674322.336,6432264.643],[5674323.124,6432265.68],[5674324.401,6432267.141],[5674326.282,6432269.067],[5674328.618,6432271.15],[5674331.068,6432273.273],[5674332.875,6432275.045],[5674333.999,6432276.582],[5674335.045,6432278.345],[5674336.243,6432280.034],[5674337.14,6432281.492],[5674338.111,6432283.102],[5674338.925,6432285.167],[5674339.357,6432287.228],[5674339.488,6432289.058],[5674339.549,6432290.353],[5674339.807,6432291.079],[5674340.376,6432291.276],[5674341.514,6432291.67],[5674343.185,6432291.994],[5674345.395,6432291.868],[5674347.381,6432291.282],[5674349.377,6432289.935],[5674351.381,6432287.826],[5674353.123,6432285.372],[5674354.559,6432283.066],[5674356.192,6432280.191],[5674357.785,6432277.431],[5674359.033,6432274.932],[5674360.127,6432272.509],[5674361.191,6432269.437],[5674362.561,6432266.217],[5674364.006,6432263.15],[5674365.564,6432260.122],[5674367.315,6432256.907],[5674368.751,6432254.601],[5674369.718,6432253.28],[5674370.532,6432252.033],[5674371.464,6432250.445],[5674372.668,6432248.441],[5674373.491,6432246.432]]}},{"type":"Feature","properties":{},"geometry":{"type":"LineString","coordinates":[[5673276.007,6431464.55],[5673273.239,6431466.31],[5673270.579,6431467.742],[5673267.991,6431468.589],[5673265.621,6431469.144],[5673263.395,6431469.26],[5673261.204,6431468.902],[5673258.866,6431468.252],[5673256.31,6431467.53],[5673254.082,6431466.917],[5673252.841,6431466.994],[5673251.638,6431467.326],[5673250.29,6431468.096],[5673249.015,6431469.013],[5673247.304,6431470.149],[5673245.41,6431471.469],[5673243.335,6431472.972],[5673241.187,6431474.694],[5673239.038,6431476.051],[5673236.961,6431477.188],[5673235.103,6431478.033],[5673233.208,6431478.988],[5673231.386,6431479.724],[5673229.272,6431480.606],[5673227.012,6431481.562],[5673224.716,6431482.627],[5673222.347,6431483.547],[5673219.868,6431484.43],[5673217.389,6431485.314],[5673214.765,6431486.271],[5673212.141,6431487.593],[5673209.445,6431489.134],[5673207.006,6431491.003],[5673204.64,6431493.017],[5673202.603,6431495.14],[5673200.858,6431497.116],[5673199.441,6431499.201],[5673198.17,6431501.212],[5673196.789,6431503.187],[5673195.445,6431505.052],[5673194.21,6431506.954],[5673193.23,6431508.818],[5673192.579,6431510.791],[5673191.93,6431513.128],[5673191.28,6431515.466],[5673190.668,6431518.059],[5673189.945,6431520.251],[5673189.294,6431522.223],[5673188.57,6431524.05],[5673187.736,6431525.841],[5673186.866,6431527.741],[5673185.703,6431529.424],[5673184.503,6431530.851],[5673183.302,6431531.913],[5673181.736,6431532.976],[5673180.171,6431534.039],[5673178.568,6431535.212],[5673176.748,6431536.677],[5673174.746,6431538.326],[5673173.072,6431539.718],[5673171.36,6431540.854],[5673170.086,6431541.771],[5673168.921,6431542.723],[5673167.902,6431543.602],[5673166.809,6431544.335],[5673165.717,6431545.069],[5673163.93,6431545.694],[5673162.18,6431546.211],[5673160.065,6431546.728],[5673157.914,6431547.355],[5673155.91,6431548.274],[5673154.087,6431549.009],[5673152.483,6431549.452],[5673151.024,6431549.822],[5673149.201,6431550.192],[5673147.451,6431550.709],[5673145.627,6431551.079],[5673143.476,6431551.706],[5673141.69,6431552.332],[5673140.56,6431552.81],[5673139.648,6431552.995],[5673138.517,6431553.108],[5673136.839,6431553.406],[5673134.797,6431553.704],[5673132.426,6431554.259],[5673129.946,6431554.777],[5673128.087,6431555.257],[5673126.7,6431555.408],[5673125.387,6431555.704],[5673123.928,6431555.708],[5673121.702,6431555.825],[5673119.149,6431556.197],[5673116.45,6431557.009],[5673113.716,6431557.929],[5673111.727,6431558.715],[5673096.088,6431565.753],[5673092.24,6431568.31],[5673087.912,6431568.949],[5673082.622,6431568.31],[5673077.287,6431567.056],[5673076.631,6431567.204],[5673075.5,6431567.317],[5673072.796,6431566.304],[5673068.192,6431564.42],[5673063.552,6431562.647],[5673059.79,6431561.527],[5673057.488,6431560.768],[5673056.172,6431559.969],[5673055.037,6431558.987],[5673053.829,6431557.495],[5673052.291,6431555.894],[5673050.79,6431554.548],[5673049.365,6431553.713],[5673047.757,6431553.061],[5673046.041,6431552.738],[5673044.326,6431552.78],[5673042.538,6431553.041],[5673040.349,6431553.048],[5673037.866,6431552.836],[5673034.946,6431552.48],[5673032.536,6431552.05],[5673031.806,6431552.052],[5673031.33,6431551.652],[5673030.161,6431551.145],[5673026.762,6431549.659],[5673021.684,6431547.741],[5673017.228,6431546.514],[5673013.941,6431545.794],[5673012.188,6431545.216],[5673011.566,6431544.889],[5673010.14,6431544.054],[5673008.495,6431543.147],[5673005.827,6431541.659],[5673002.573,6431539.735],[5673000.176,6431538.296],[5672982.108,6431527.4],[5672971.527,6431526.76],[5672969.604,6431526.121],[5672969.604,6431527.4],[5672970.084,6431529.957],[5672972.489,6431532.514],[5672972.97,6431533.153],[5672979.222,6431538.267],[5672979.703,6431538.906],[5672980.665,6431538.906],[5672992.351,6431545.477],[5672993.724,6431545.93],[5672995.842,6431546.507],[5672998.728,6431547.338],[5673002.453,6431548.202],[5673004.864,6431548.997],[5673005.376,6431549.288],[5673006.399,6431549.868],[5673009.799,6431551.719],[5673015.282,6431554.622],[5673018.591,6431556.348],[5673026.834,6431563.196],[5673029.239,6431565.753],[5673030.681,6431568.31],[5673033.086,6431571.506],[5673034.048,6431572.145],[5673036.453,6431572.145],[5673043.186,6431570.867],[5673051.585,6431569.937],[5673054.343,6431570.302],[5673058.908,6431571.565],[5673063.292,6431573.012],[5673067.749,6431574.604],[5673071.585,6431575.869],[5673074.945,6431576.734],[5673078.706,6431577.489],[5673082.943,6431578.644],[5673087.399,6431579.871],[5673090.868,6431580.407],[5673091.56,6431580.15],[5673092.108,6431580.331],[5673094.554,6431580.652],[5673098.935,6431581.003],[5673104.847,6431581.131],[5673110.98,6431581.695],[5673116.236,6431581.971],[5673120.106,6431582.397],[5673123.61,6431582.824],[5673127.296,6431582.703],[5673131.199,6431582.29],[5673135.577,6431581.911],[5673140.209,6431580.766],[5673144.913,6431579.766],[5673149.655,6431579.021],[5673154.361,6431578.386],[5673158.921,6431577.825],[5673163.188,6431577.045],[5673166.908,6431576.085],[5673170.006,6431574.798],[5673172.737,6431573.147],[5673176.016,6431571.312],[5673179.441,6431569.404],[5673182.538,6431567.752],[5673185.562,6431566.319],[5673188.258,6431564.778],[5673190.991,6431563.493],[5673193.978,6431561.805],[5673196.563,6431559.862],[5673198.783,6431557.921],[5673200.858,6431556.054],[5673202.858,6431553.675],[5673204.637,6431550.86],[5673206.706,6431547.168],[5673208.736,6431542.855],[5673210.547,6431538.47],[5673212.396,6431534.341],[5673214.098,6431530.285],[5673215.545,6431526.266],[5673216.847,6431522.32],[5673217.896,6431519.142],[5673218.691,6431516.731],[5673219.233,6431515.087],[5673219.739,6431513.553],[5673220.648,6431512.273],[5673222.211,6431510.48],[5673224.726,6431509.487],[5673227.534,6431508.712],[5673230.272,6431508.886],[5673232.756,6431509.827],[5673235.241,6431510.768],[5673237.324,6431511.82],[5673239.481,6431513.017],[5673242.077,6431514.725],[5673245.002,6431516.54],[5673248.365,6431518.136],[5673252.201,6431519.401],[5673256.144,6431519.973],[5673259.904,6431520.362],[5673263.482,6431520.935],[5673267.39,6431521.981],[5673271.299,6431523.393],[5673275.245,6431524.694],[5673279.043,6431525.704],[5673282.256,6431526.278],[5673285.249,6431526.415],[5673288.387,6431526.113],[5673291.923,6431524.971],[5673295.824,6431523.827],[5673299.582,6431523.487],[5673302.795,6431524.061],[5673305.464,6431525.549],[5673308.171,6431527.658],[5673310.514,6431530.132],[5673312.347,6431532.681],[5673313.339,6431534.831],[5673314.185,6431537.054],[5673314.85,6431539.461],[5673315.185,6431541.759],[5673315.228,6431543.839],[5673314.687,6431545.848],[5673313.964,6431548.04],[5673312.766,6431550.197],[5673311.495,6431552.208],[5673309.895,6431554.11],[5673308.369,6431556.159],[5673306.843,6431558.207],[5673305.534,6431559.963],[5673304.225,6431561.354],[5673303.097,6431562.561],[5673302.079,6431563.805],[5673301.135,6431565.195],[5673300.409,6431566.657],[5673299.757,6431568.265],[5673299.105,6431569.873],[5673298.526,6431571.261],[5673298.02,6431572.795],[5673297.441,6431574.549],[5673296.718,6431576.741],[5673295.996,6431579.298],[5673295.421,6431582.146],[5673295.101,6431584.957],[5673294.635,6431587.476],[5673294.167,6431589.631],[5673293.334,6431591.787],[5673292.575,6431594.088],[5673291.853,6431596.645],[5673291.678,6431599.018],[5673291.649,6431601.317],[5673291.983,6431603.25],[5673291.997,6431603.307],[5673293.268,6431610.499],[5673294.711,6431614.334],[5673295.192,6431616.252],[5673296.635,6431616.252],[5673297.116,6431614.974],[5673298.077,6431613.695],[5673298.077,6431613.056],[5673298.077,6431608.581],[5673298.077,6431607.942],[5673298.077,6431606.664],[5673298.558,6431601.55],[5673298.558,6431600.911],[5673298.558,6431600.271],[5673299.039,6431599.632],[5673300.963,6431591.322],[5673300.963,6431590.683],[5673300.963,6431590.044],[5673303.368,6431581.095],[5673304.119,6431574.106],[5673304.772,6431572.957],[5673305.825,6431571.239],[5673307.024,6431569.812],[5673308.115,6431568.348],[5673309.278,6431567.031],[5673310.443,6431566.079],[5673311.901,6431565.344],[5673313.541,6431564.792],[5673315.474,6431564.457],[5673317.262,6431564.196],[5673318.867,6431564.118],[5673320.254,6431563.968],[5673321.347,6431563.6],[5673321.783,6431563.014],[5673322.256,6431562.32],[5673322.473,6431561.662],[5673322.469,6431560.567],[5673322.574,6431559.144],[5673322.679,6431557.72],[5673322.93,6431556.223],[5673323.4,6431554.798],[5673323.98,6431553.41],[5673324.668,6431551.692],[5673325.503,6431550.267],[5673326.192,6431548.914],[5673326.845,6431547.671],[5673327.316,6431546.612],[5673327.823,6431545.442],[5673328.221,6431544.237],[5673328.691,6431542.812],[5673329.161,6431541.387],[5673329.522,6431539.926],[5673329.918,6431538.356],[5673329.767,6431536.605],[5673329.359,6431534.526],[5673328.986,6431531.972],[5673328.832,6431529.491],[5673328.862,6431527.192],[5673329.476,6431525.329],[5673330.128,6431523.721],[5673330.927,6431522.405],[5673332.018,6431521.307],[5673333.511,6431520.098],[5673335.186,6431519.071],[5673337.081,6431518.116],[5673339.195,6431517.234],[5673341.492,6431516.533],[5673344.483,6431515.94],[5673347.254,6431515.275],[5673349.88,6431514.683],[5673352.432,6431513.945],[5673354.764,6431512.77],[5673356.803,6431511.377],[5673358.987,6431509.545],[5673360.988,6431507.532],[5673363.536,6431505.334],[5673366.374,6431502.625],[5673369.321,6431499.587],[5673372.048,6431496.476],[5673374.119,6431493.514],[5673375.498,6431490.809],[5673376.622,6431488.507],[5673377.382,6431486.57],[5673378.033,6431484.597],[5673378.61,6431482.479],[5673379.186,6431479.996],[5673379.835,6431477.293],[5673380.629,6431474.517],[5673381.716,6431471.959],[5673382.95,6431469.693],[5673384.075,6431467.755],[5673385.421,6431466.255],[5673387.022,6431464.717],[5673388.878,6431463.142],[5673390.88,6431461.494],[5673393.028,6431459.772],[5673395.723,6431457.866],[5673398.6,6431456.141],[5673401.296,6431454.6],[5673403.774,6431453.352],[5673406.179,6431452.323],[5673408.694,6431451.33],[5673411.428,6431450.409],[5673414.346,6431449.67],[5673417.336,6431449.077],[5673420.474,6431448.775],[5673423.428,6431448.291],[5673426.054,6431447.699],[5673428.205,6431447.072],[5673430.211,6431446.519],[5673432.18,6431446.075],[5673434.332,6431445.813],[5673436.886,6431445.44],[5673439.184,6431445.104],[5673441.226,6431444.806],[5673443.087,6431444.691],[5673444.839,6431444.539],[5673446.189,6431444.499],[5673446.59,6431444.388],[5673446.516,6431444.242],[5673476.345,6431436.705],[5673476.528,6431436.887],[5673477.549,6431436.738],[5673479.301,6431436.586],[5673481.781,6431436.068],[5673484.735,6431435.584],[5673487.652,6431434.845],[5673490.351,6431434.399],[5673492.869,6431434.136],[5673495.022,6431434.238],[5673497.616,6431435.216],[5673500.907,6431437.395],[5673503.653,6431440.124],[5673505.414,6431443.257],[5673506.629,6431446.574],[5673507.588,6431449.928],[5673508.875,6431453.026],[5673510.16,6431455.394],[5673511.37,6431457.252],[5673512.834,6431458.707],[5673514.773,6431460.197],[5673517.406,6431462.16],[5673519.417,6431463.431],[5673520.002,6431463.502],[5673520.841,6431463.536],[5673523.359,6431463.638],[5673526.899,6431463.59],[5673530.073,6431463.179],[5673532.478,6431462.15],[5673534.08,6431460.977],[5673535.208,6431459.769],[5673536.337,6431458.926],[5673537.357,6431458.412],[5673538.706,6431458.007],[5673539.983,6431457.82],[5673540.531,6431458.001],[5673540.42,6431457.6],[5673540.674,6431457.198],[5673541.546,6431456.027],[5673543.074,6431454.344],[5673544.929,6431452.404],[5673546.968,6431451.011],[5673548.644,6431449.984],[5673549.411,6431450.237],[5673550.435,6431450.817],[5673551.533,6431451.909],[5673553.069,6431453.145],[5673555.373,6431454.634],[5673558.225,6431456.304],[5673561.441,6431457.973],[5673564.913,6431459.604],[5673567.911,6431461.201],[5673570.798,6431462.396],[5673573.647,6431463.336],[5673576.788,6431464.129],[5673580.073,6431464.484],[5673583.394,6431464.364],[5673586.823,6431463.916],[5673590.031,6431462.665],[5673592.763,6431461.014],[5673595.493,6431458.998],[5673598.443,6431457.055],[5673602.122,6431454.745],[5673606.312,6431452.36],[5673610.72,6431450.047],[5673615.238,6431447.77],[5673619.756,6431445.494],[5673623.691,6431443.146],[5673627.115,6431441.237],[5673630.686,6431439.621],[5673634.55,6431438.222],[5673638.268,6431436.532],[5673641.876,6431435.17],[5673645.631,6431433.735],[5673649.421,6431432.191],[5673652.919,6431430.428],[5673656.381,6431428.775],[5673660.061,6431426.83],[5673664.178,6431424.664],[5673668.477,6431422.315],[5673672.666,6431419.93],[5673676.929,6431417.691],[5673681.045,6431415.16],[5673684.685,6431412.229],[5673688.471,6431409.225],[5673692.732,6431406.256],[5673696.59,6431403.032]]}},{"type":"Feature","properties":{},"geometry":{"type":"LineString","coordinates":[[5673696.59,6431403.032],[5673700.157,6431399.956],[5673703.907,6431397.061],[5673707.622,6431394.641],[5673710.972,6431392.222],[5673714.176,6431389.876],[5673717.308,6431387.75],[5673720.843,6431386.243],[5673724.853,6431384.771],[5673728.826,6431383.043],[5673733.199,6431381.205],[5673737.573,6431379.367],[5673741.946,6431377.528],[5673746.246,6431375.544],[5673750.731,6431374.107],[5673755.653,6431372.815],[5673760.541,6431371.997],[5673765.504,6431372.054],[5673770.506,6431372.732],[5673775.656,6431374.067],[5673781.757,6431376.201],[5673788.334,6431378.735],[5673794.655,6431381.307],[5673800.831,6431383.951],[5673806.716,6431387.108],[5673812.42,6431390.813],[5673817.507,6431395.286],[5673821.499,6431399.762],[5673824.686,6431403.73],[5673827.506,6431406.969],[5673827.59,6431407.099],[5673841.045,6431417.453],[5673841.526,6431418.092],[5673847.297,6431421.928],[5673847.778,6431422.567],[5673857.878,6431428.959],[5673858.359,6431429.598],[5673862.206,6431433.434],[5673862.687,6431434.073],[5673866.054,6431439.826],[5673866.534,6431441.744],[5673868.458,6431443.661],[5673870.382,6431443.661],[5673870.863,6431443.022],[5673871.344,6431442.383],[5673875.191,6431437.269],[5673875.672,6431436.63],[5673876.153,6431435.991],[5673876.634,6431435.351],[5673877.115,6431434.712],[5673882.886,6431423.206],[5673882.886,6431422.567],[5673883.367,6431421.928],[5673887.695,6431407.225],[5673888.176,6431406.586],[5673888.176,6431405.308],[5673888.657,6431404.669],[5673892.505,6431392.523],[5673893.466,6431391.245],[5673893.947,6431390.606],[5673894.428,6431389.966],[5673899.111,6431378.143],[5673904.004,6431373.997],[5673909.686,6431370.403],[5673915.261,6431367.503],[5673920.656,6431365.516],[5673925.688,6431364.259],[5673930.906,6431363.915],[5673935.65,6431363.9],[5673940.431,6431364.141],[5673944.921,6431364.528],[5673949.558,6431365.207],[5673954.049,6431365.96],[5673957.849,6431367.335],[5673961.14,6431369.514],[5673964.286,6431372.132],[5673967.835,6431375.004],[5673971.822,6431378.021],[5673975.738,6431381.621],[5673979.727,6431385.003],[5673983.607,6431388.713],[5673987.265,6431391.622],[5673991.103,6431393.617],[5673994.355,6431394.811],[5673997.935,6431396.114],[5674001.808,6431397.634],[5674005.464,6431399.813],[5674008.975,6431402.064],[5674012.011,6431404.281],[5674014.424,6431405.806],[5674016.581,6431407.004],[5674018.699,6431407.581],[5674020.853,6431407.684],[5674022.529,6431407.022],[5674023.621,6431405.924],[5674024.639,6431404.68],[5674025.802,6431403.363],[5674028.172,6431402.443],[5674031.963,6431401.263],[5674037.032,6431399.897],[5674042.03,6431399.48],[5674046.047,6431400.198],[5674049.373,6431401.903],[5674052.299,6431404.083],[5674054.753,6431406.959],[5674057.206,6431409.469],[5674059.477,6431412.163],[5674061.784,6431414.747],[5674064.2,6431417.002],[5674066.907,6431419.11],[5674069.904,6431420.707],[5674073.338,6431421.718],[5674076.989,6431422.436],[5674080.204,6431423.375],[5674082.799,6431424.717],[5674084.923,6431427.119],[5674086.174,6431430.327],[5674086.697,6431434.267],[5674086.745,6431438.171],[5674085.734,6431441.605],[5674084.794,6431444.454],[5674083.854,6431447.304],[5674082.441,6431450.483],[5674080.844,6431453.481],[5674079.32,6431456.259],[5674078.089,6431459.255],[5674077.114,6431462.579],[5674076.797,6431466.485],[5674076.664,6431470.573],[5674076.785,6431474.258],[5674077.964,6431478.05],[5674080.202,6431481.583],[5674082.73,6431484.969],[5674085.477,6431488.062],[5674087.822,6431491.267],[5674089.95,6431494.763],[5674091.347,6431498.263],[5674091.904,6431501.363],[5674092.496,6431503.988],[5674093.819,6431506.977],[5674095.582,6431510.475],[5674097.528,6431514.155],[5674099.253,6431517.397],[5674100.466,6431520.35],[5674100.804,6431523.377],[5674100.45,6431527.028],[5674100.133,6431530.569],[5674099.889,6431534.255],[5674099.39,6431537.979],[5674098.671,6431541.631],[5674097.661,6431545.429],[5674096.616,6431549.703],[5674095.936,6431553.974],[5674095.363,6431557.553],[5674095.08,6431560.619],[5674095.271,6431563.355],[5674096.008,6431565.543],[5674097.291,6431567.546],[5674098.718,6431568.746],[5674100.765,6431569.542],[5674103.322,6431570.629],[5674106.247,6431572.08],[5674108.88,6431574.042],[5674111.296,6431576.298],[5674113.091,6431578.591],[5674114.556,6431580.411],[5674116.643,6431582.558],[5674119.644,6431585.249],[5674123.376,6431588.303],[5674127.473,6431591.356],[5674131.095,6431594.374],[5674133.549,6431597.249],[5674135.529,6431600.454],[5674137.256,6431604.062],[5674138.763,6431607.597],[5674140.524,6431610.73],[5674142.358,6431613.644],[5674144.411,6431616.63],[5674146.829,6431619.615],[5674149.356,6431622.636],[5674151.773,6431625.256],[5674154.627,6431627.656],[5674157.262,6431629.984],[5674159.823,6431632.165],[5674162.311,6431634.201],[5674164.835,6431636.128],[5674167.359,6431638.054],[5674170.212,6431640.089],[5674173.431,6431642.487],[5674176.797,6431645.177],[5674179.725,6431648.088],[5674182.398,6431651.036],[5674185.109,6431654.239],[5674187.198,6431657.115],[5674188.92,6431659.263],[5674190.532,6431661.375],[5674191.67,6431663.451],[5674192.624,6431665.346],[5674193.177,6431666.987],[5674193.621,6431668.956],[5674194.176,6431671.326],[5674194.77,6431674.682],[5674195.623,6431679.095],[5674196.11,6431683.144],[5674196.485,6431686.427],[5674197.005,6431689.272],[5674197.78,6431692.08],[5674198.627,6431694.668],[5674199.364,6431696.856],[5674199.845,6431699.08],[5674200.143,6431701.123],[5674200.149,6431702.948],[5674200.08,6431704.262],[5674200.193,6431705.393],[5674200.268,6431705.903],[5674200.267,6431705.539],[5674216.514,6431696.073],[5674218.115,6431694.535],[5674220.371,6431692.484],[5674222.917,6431689.922],[5674225.536,6431687.14],[5674227.973,6431684.542],[5674230.082,6431681.835],[5674232.118,6431679.347],[5674234.373,6431676.931],[5674236.481,6431674.224],[5674238.772,6431671.699],[5674241.026,6431668.918],[5674243.316,6431666.028],[5674245.898,6431662.991],[5674248.516,6431659.845],[5674251.389,6431656.661],[5674254.261,6431653.112],[5674257.243,6431649.599],[5674260.152,6431646.306],[5674263.097,6431642.903],[5674265.897,6431639.573],[5674268.405,6431636.391],[5674271.059,6431633.134],[5674273.787,6431630.024],[5674276.442,6431627.133],[5674279.097,6431624.242],[5674281.424,6431621.607],[5674283.752,6431618.972],[5674285.824,6431616.375],[5674288.042,6431613.704],[5674290.405,6431610.959],[5674292.805,6431608.105],[5674295.241,6431605.142],[5674297.713,6431602.069],[5674300.076,6431598.959],[5674302.438,6431595.85],[5674304.509,6431592.888],[5674306.508,6431590.144],[5674308.544,6431587.656],[5674310.652,6431584.949],[5674312.979,6431582.315],[5674315.416,6431579.716],[5674317.963,6431577.154],[5674320.327,6431574.409],[5674322.8,6431571.701],[5674325.163,6431568.957],[5674327.527,6431566.212],[5674330.036,6431563.394],[5674332.4,6431560.65],[5674334.582,6431558.089],[5674336.618,6431555.601],[5674338.69,6431553.003],[5674340.726,6431550.516],[5674342.725,6431548.137],[5674344.652,6431545.613],[5674346.652,6431543.235],[5674348.725,6431541.002],[5674350.798,6431538.77],[5674352.762,6431536.501],[5674354.725,6431534.232],[5674356.543,6431532.037],[5674358.471,6431529.878],[5674360.107,6431527.866],[5674361.852,6431525.89],[5674363.562,6431524.023],[5674365.125,6431522.23],[5674366.579,6431520.401],[5674368.107,6431518.718],[5674369.451,6431516.852],[5674370.833,6431515.242],[5674372.251,6431513.523],[5674373.633,6431511.913],[5674375.052,6431510.558],[5674376.18,6431509.35],[5674377.235,6431508.362],[5674378.072,6431507.666],[5674378.582,6431507.226],[5674379.201,6431506.823],[5674379.928,6431506.091],[5674380.51,6431505.432],[5674381.31,6431504.481],[5674382.22,6431503.565],[5674383.201,6431502.431],[5674384.365,6431501.114],[5674386.04,6431499.722],[5674388.004,6431497.818],[5674389.968,6431495.549],[5674392.077,6431493.207],[5674393.97,6431491.523],[5674395.315,6431490.022],[5674396.079,6431489.18],[5674396.589,6431488.741],[5674397.062,6431488.411],[5674397.426,6431488.045],[5674397.79,6431487.679],[5674398.518,6431487.312],[5674399.065,6431487.127],[5674399.794,6431486.76],[5674400.451,6431486.612],[5674400.706,6431486.575]]}},{"type":"Feature","properties":{},"geometry":{"type":"LineString","coordinates":[[5675334.925,6431183.708],[5675336.374,6431183.573],[5675338.395,6431183.254],[5675340.684,6431182.9],[5675342.933,6431182.659],[5675344.954,6431182.34],[5675346.67,6431182.17],[5675348.612,6431182.079],[5675350.323,6431182.289],[5675351.579,6431182.342],[5675352.301,6431182.464],[5675352.87,6431182.661],[5675353.627,6431183.051],[5675354.003,6431183.436],[5675354.073,6431183.97],[5675354.143,6431184.504],[5675353.788,6431185.528],[5675353.206,6431186.473],[5675352.584,6431187.531],[5675351.963,6431188.59],[5675351.153,6431189.456],[5675350.077,6431190.358],[5675348.926,6431191.106],[5675347.508,6431191.889],[5675345.823,6431192.706],[5675343.95,6431193.332],[5675341.771,6431194.106],[5675339.859,6431194.845],[5675338.821,6431195.632],[5675338.318,6431196.35],[5675337.775,6431197.181],[5675337.268,6431198.279],[5675336.952,6431199.189],[5675336.558,6431200.327],[5675336.125,6431201.578],[5675335.884,6431202.642],[5675335.757,6431203.744],[5675335.63,6431204.847],[5675335.608,6431206.75],[5675335.695,6431209.074],[5675335.821,6431211.283],[5675336.105,6431213.038],[5675336.582,6431214.605],[5675337.474,6431216.443],[5675339.04,6431219.278],[5675340.943,6431222.613],[5675342.355,6431225.523],[5675343.808,6431228.319],[5675345.072,6431230.923],[5675346.183,6431233.601],[5675347.447,6431236.205],[5675348.864,6431238.734],[5675350.81,6431241.574],[5675352.674,6431245.023],[5675354.493,6431248.966],[5675356.492,6431253.862],[5675357.799,6431259.284],[5675358.77,6431264.207],[5675359.294,6431268.211],[5675359.521,6431271.602],[5675359.678,6431274.459],[5675359.419,6431277.045],[5675359.09,6431279.097],[5675358.613,6431280.843],[5675358.096,6431282.702],[5675357.689,6431284.982],[5675357.772,6431287.686],[5675358.121,6431290.355],[5675358.917,6431293.944],[5675359.822,6431297.952],[5675360.994,6431301.925],[5675362.319,6431305.824],[5675363.272,6431308.957],[5675364.304,6431311.863],[5675365.376,6431314.655],[5675366.22,6431317.368],[5675366.915,6431319.774],[5675367.273,6431321.682],[5675367.444,6431323.398],[5675367.377,6431325.795],[5675367.237,6431328.04],[5675366.795,6431330.053],[5675366.317,6431331.799],[5675366.033,6431333.356],[5675365.857,6431335.334],[5675366.058,6431337.697],[5675366.639,6431340.064],[5675367.715,6431342.475],[5675369.172,6431344.891],[5675371.009,6431347.311],[5675372.737,6431349.311],[5675374.352,6431351.272],[5675376.268,6431353.464],[5675378.105,6431355.884],[5675380.13,6431358.497],[5675382.147,6431361.871],[5675384.465,6431365.477],[5675386.595,6431368.89],[5675388.459,6431372.339],[5675390.506,6431376.36],[5675393.003,6431380.92],[5675396.223,6431385.603],[5675399.219,6431389.826],[5675401.686,6431393.738],[5675404.237,6431397.042],[5675406.634,6431400.421],[5675408.76,6431404.215],[5675410.697,6431407.816],[5675411.795,6431411.636],[5675412.858,6431415.19],[5675414.226,6431418.594],[5675415.788,6431421.811],[5675417.319,6431424.379],[5675418.71,6431425.88],[5675419.764,6431426.883],[5675421.051,6431427.583],[5675422.298,6431428.397],[5675423.658,6431429.251],[5675425.286,6431430.069],[5675427.482,6431431.085],[5675430.059,6431432.105],[5675432.75,6431433.164],[5675436.049,6431434.307],[5675439.729,6431435.454],[5675444.17,6431436.61],[5675449.07,6431437.543],[5675455.117,6431438.109],[5675461.094,6431438.141],[5675466.8,6431438.588],[5675472.011,6431438.992],[5675476.501,6431439.273],[5675479.927,6431439.313],[5675483.734,6431439.357],[5675487.807,6431439.367],[5675492.301,6431439.267],[5675497.368,6431438.983],[5675502.361,6431438.547],[5675507.165,6431437.918],[5675511.777,6431437.477],[5675516.271,6431437.377],[5675520.27,6431437.233],[5675524.572,6431437.322],[5675528.033,6431437.629],[5675530.728,6431438.307],[5675533.537,6431439.026],[5675535.777,6431439.547],[5675537.716,6431439.836],[5675540,6431439.863],[5675542.59,6431439.741],[5675545.259,6431439.391],[5675548.007,6431438.814],[5675550.261,6431438.193],[5675552.247,6431437.607],[5675554.195,6431437.135],[5675556.028,6431436.623],[5675557.901,6431435.998],[5675559.66,6431435.333],[5675561.384,6431434.402],[5675563.262,6431433.396],[5675565.41,6431431.974],[5675568.325,6431430.181],[5675571.318,6431428.16],[5675574.46,6431426.445],[5675578.022,6431424.621],[5675581.086,6431423.134],[5675583.689,6431421.87],[5675585.873,6431420.715],[5675587.716,6431419.442],[5675589.943,6431417.793],[5675592.245,6431416.297],[5675593.969,6431415.365],[5675595.269,6431414.924],[5675596.336,6431414.784],[5675597.671,6431414.609],[5675599.194,6431414.627],[5675600.677,6431414.759],[5675602.615,6431415.048],[5675604.44,6431415.297],[5675606.265,6431415.547],[5675608.317,6431415.876],[5675610.027,6431416.086],[5675611.926,6431416.489],[5675614.434,6431416.975],[5675617.623,6431417.698],[5675621.264,6431418.959],[5675625.586,6431420.456],[5675630.627,6431422.457],[5675634.831,6431424.295],[5675637.894,6431426.121],[5675640.195,6431427.937],[5675642.076,6431429.863],[5675644.185,6431431.867],[5675646.447,6431433.797],[5675648.1,6431435.644],[5675649.526,6431437.412],[5675650.537,6431438.909],[5675651.132,6431440.134],[5675651.722,6431441.74],[5675652.234,6431443.573],[5675652.898,6431445.333],[5675653.38,6431446.518],[5675654.128,6431447.669],[5675655.134,6431449.547],[5675656.358,6431452.264],[5675657.504,6431455.209],[5675658.497,6431458.229],[5675659.752,6431461.594],[5675661.725,6431465.462],[5675664.187,6431469.755],[5675666.685,6431474.315],[5675669.108,6431478.722],[5675671.278,6431482.021],[5675672.918,6431485.01],[5675673.766,6431487.343],[5675674.125,6431489.251],[5675674.413,6431490.625],[5675674.439,6431491.653],[5675674.155,6431493.21],[5675673.708,6431495.604],[5675673.563,6431498.229],[5675673.414,6431501.235],[5675673.185,6431504.469],[5675672.997,6431507.589],[5675672.847,6431510.595],[5675672.921,6431514.06],[5675673.528,6431517.456],[5675674.364,6431520.93],[5675675.352,6431524.33],[5675676.795,6431527.888],[5675678.956,6431531.949],[5675681.309,6431535.822],[5675683.137,6431539.003],[5675685.163,6431541.616],[5675687.04,6431543.922],[5675689.03,6431546.268],[5675691.209,6431548.806],[5675693.571,6431551.918],[5675696.423,6431555.454],[5675700.369,6431559.878],[5675704.656,6431564.421],[5675708.76,6431568.391],[5675712.176,6431572.504],[5675715.256,6431576.119],[5675717.316,6431578.999],[5675718.961,6431581.607],[5675720.68,6431584.368],[5675722.697,6431587.742],[5675724.757,6431590.622],[5675727.198,6431593.506],[5675730.059,6431596.281],[5675732.925,6431598.675],[5675735.978,6431601.261],[5675739.557,6431604.539],[5675743.289,6431607.743],[5675747.406,6431610.571],[5675751.181,6431613.28],[5675754.883,6431615.836],[5675758.505,6431618.619],[5675762.351,6431621.863],[5675766.612,6431625.377],[5675770.729,6431628.205],[5675774.544,6431630.8],[5675778.284,6431633.242],[5675781.535,6431635.26],[5675784.182,6431636.814],[5675786.492,6431637.869],[5675789.222,6431638.815],[5675792.066,6431639.8],[5675795.365,6431640.942],[5675798.664,6431642.085],[5675801.963,6431643.228],[5675805.717,6431644.528],[5675810.495,6431646.183],[5675815.426,6431647.764],[5675819.22,6431648.95],[5675822.291,6431650.014],[5675825.135,6431650.999],[5675828.093,6431652.024],[5675830.596,6431652.89],[5675833.138,6431653.644],[5675836.095,6431654.668],[5675839.508,6431655.85],[5675843.262,6431657.15],[5675847.585,6431658.648],[5675852.022,6431660.184],[5675856.231,6431661.642],[5675860.098,6431662.982],[5675863.966,6431664.322],[5675867.948,6431665.701],[5675872.498,6431667.277],[5675877.276,6431668.932],[5675881.485,6431670.39],[5675885.353,6431671.73],[5675889.107,6431673.03],[5675892.861,6431674.33],[5675896.046,6431675.433],[5675898.549,6431676.3],[5675900.71,6431677.049],[5675902.417,6431677.64],[5675904.123,6431678.231],[5675905.978,6431679.128],[5675908.555,6431680.149],[5675910.563,6431680.972],[5675912.042,6431681.484],[5675913.254,6431682.031],[5675914.239,6431682.499],[5675915.184,6431683.081],[5675916.96,6431684.206],[5675919.226,6431685.756],[5675921.457,6431687.038],[5675924.034,6431688.058],[5675927.561,6431689.28],[5675931.35,6431690.847],[5675933.962,6431692.134],[5675936.539,6431693.154],[5675938.359,6431693.784],[5675939.724,6431694.257],[5675940.748,6431694.612],[5675941.772,6431694.967],[5675943.137,6431695.439],[5675944.73,6431695.991],[5675946.208,6431696.503],[5675948.711,6431697.37],[5675952.579,6431698.71],[5675957.812,6431700.522],[5675963.955,6431702.65],[5675969.682,6431704.507],[5675974.232,6431706.083],[5675977.19,6431707.107],[5675980.074,6431707.978],[5675982.883,6431708.697],[5675985.425,6431709.45],[5675987.586,6431710.198],[5675989.139,6431710.864],[5675990.465,6431711.45],[5675991.865,6431712.19],[5675993.681,6431713.201],[5675995.61,6431714.252],[5675997.763,6431715.762],[5676000.143,6431717.351],[5676003.131,6431719.023],[5676006.159,6431720.581],[5676009.265,6431721.912],[5676012.258,6431723.203],[5676014.568,6431724.258],[5676016.838,6431725.427],[5676019.03,6431726.823],[5676021.257,6431728.486],[5676023.296,6431729.957],[5676024.731,6431730.964],[5676025.939,6431731.892],[5676026.958,6431732.627],[5676028.056,6431733.135],[5676029.421,6431733.608],[5676031.241,6431734.238],[5676033.516,6431735.026],[5676036.172,6431735.819],[5676038.714,6431736.572],[5676041.598,6431737.443],[5676044.718,6431737.632],[5676047.006,6431737.278],[5676048.988,6431737.072],[5676051.544,6431736.684],[5676054.559,6431736.072],[5676057.079,6431735.416],[5676059.368,6431735.062],[5676061.468,6431734.515],[5676063.835,6431733.934],[5676066.05,6431733.427],[5676068.071,6431733.108],[5676070.246,6431732.714],[5676072.495,6431732.474],[5676075.085,6431732.352],[5676077.636,6431732.344],[5676079.535,6431732.747],[5676081.811,6431733.535],[5676084.427,6431734.441],[5676086.89,6431735.422],[5676089.809,6431736.56],[5676092.499,6431737.619],[5676094.508,6431738.442],[5676096.288,6431739.186],[5676097.767,6431739.699],[5676099.246,6431740.211],[5676100.611,6431740.684],[5676102.204,6431741.235],[5676104.024,6431741.866],[5676106.185,6431742.615],[5676108.233,6431743.324],[5676110.394,6431744.072],[5676112.556,6431744.821],[5676114.796,6431745.342],[5676117.036,6431745.863],[5676119.465,6431746.577],[5676122.042,6431747.597],[5676124.352,6431748.652],[5676125.901,6431749.698],[5676127.143,6431750.893],[5676128.158,6431752.009],[5676128.906,6431753.16],[5676129.426,6431754.232],[5676129.908,6431755.418],[5676130.235,6431756.678],[5676130.568,6431757.558],[5676130.712,6431758.245],[5676130.856,6431758.932],[5676131.294,6431760.612],[5676132.103,6431763.058],[5676133.332,6431765.395],[5676134.753,6431767.544],[5676136.214,6431769.579],[5676137.868,6431771.426],[5676139.745,6431773.732],[5676141.884,6431776.384],[5676144.058,6431779.303],[5676146.617,6431781.846],[5676148.647,6431784.078],[5676150.83,6431786.235],[5676152.974,6431788.507],[5676154.925,6431790.966],[5676156.688,6431793.233],[5676158.564,6431795.539],[5676160.634,6431797.658],[5676162.287,6431799.504],[5676163.832,6431800.931],[5676165.223,6431802.432],[5676166.496,6431804.275],[5676167.576,6431806.305],[5676168.355,6431808.104],[5676169.247,6431809.942],[5676170.555,6431812.051],[5676172.313,6431814.699],[5676174.374,6431817.578],[5676176.443,6431819.696],[5676178.442,6431821.281],[5676180.555,6431822.904],[5676182.782,6431824.568],[5676184.593,6431825.959],[5676186.256,6431827.045],[5676187.805,6431828.091],[5676189.126,6431829.058],[5676190.526,6431829.798],[5676192.079,6431830.463],[5676193.899,6431831.094],[5676195.833,6431831.764],[5676197.653,6431832.394],[5676199.968,6431833.069],[5676202.322,6431833.629],[5676204.295,6431834.185],[5676205.739,6431834.43],[5676206.916,6431834.711],[5676208.207,6431835.03],[5676209.576,6431835.123],[5676211.099,6431835.14],[5676212.889,6431835.123],[5676214.643,6431834.839],[5676216.551,6431834.481],[5676218.385,6431833.969],[5676220.603,6431833.081],[5676222.59,6431832.495],[5676224.423,6431831.984],[5676226.296,6431831.358],[5676228.362,6431830.545],[5676230.082,6431829.994],[5676231.876,6431829.596],[5676234.125,6431829.356],[5676236.369,6431829.496],[5676238.531,6431830.245],[5676240.237,6431830.836],[5676242.132,6431831.62],[5676244.328,6431832.635],[5676247.019,6431833.695],[5676249.745,6431835.021],[5676252.396,6431836.194],[5676254.404,6431837.017],[5676255.997,6431837.569],[5676258.045,6431838.278],[5676260.206,6431839.027],[5676263.164,6431840.051],[5676265.509,6431841.373],[5676266.826,6431842.721],[5676267.915,6431843.99],[5676269.078,6431845.413],[5676270.395,6431846.761],[5676271.48,6431848.41],[5676272.595,6431850.708],[5676273.671,6431853.119],[5676274.297,6431854.992],[5676274.808,6431856.825],[5676275.359,6431858.545],[5676276.02,6431860.685],[5676276.986,6431862.676],[5676278.299,6431864.405],[5676279.878,6431866.098],[5676281.798,6431867.91],[5676283.535,6431869.149],[5676285.43,6431869.933],[5676287.25,6431870.563],[5676289.298,6431871.272],[5676291.459,6431872.021]]}},{"type":"Feature","properties":{},"geometry":{"type":"LineString","coordinates":[[5674517.671,6431181.015],[5674521.204,6431198.713],[5674521.305,6431199.895],[5674521.331,6431200.923],[5674521.615,6431202.678],[5674522.078,6431205.386],[5674522.725,6431208.668],[5674523.753,6431211.955],[5674524.929,6431215.547],[5674525.567,6431219.59],[5674525.943,6431223.288],[5674526.218,6431225.804],[5674526.655,6431227.484],[5674527.132,6431229.051],[5674527.604,6431230.998],[5674527.809,6431232.98],[5674528.172,6431234.507],[5674528.386,6431235.728],[5674528.565,6431236.682],[5674528.819,6431237.789],[5674529.147,6431239.05],[5674529.589,6431240.349],[5674530.293,6431241.995],[5674530.883,6431243.6],[5674531.631,6431244.751],[5674532.3,6431246.13],[5674533.381,6431248.16],[5674534.387,6431250.038],[5674535.214,6431250.961],[5674536.045,6431251.504],[5674537.296,6431251.937],[5674538.819,6431251.955],[5674540.762,6431251.864],[5674542.477,6431251.693],[5674544.232,6431251.409],[5674545.759,6431251.046],[5674547.098,6431250.491],[5674548.56,6431249.214],[5674550.328,6431247.787],[5674551.868,6431246.283],[5674553.636,6431244.856],[5674555.557,6431243.356],[5674557.671,6431241.667],[5674559.938,6431239.904],[5674562.131,6431237.988],[5674564.555,6431235.77],[5674566.822,6431234.007],[5674568.669,6431232.354],[5674569.977,6431231.151],[5674571.207,6431230.175],[5674572.441,6431228.819],[5674574.367,6431226.938],[5674576.717,6431224.567],[5674579.107,6431222.082],[5674581.383,6431219.558],[5674583.658,6431217.033],[5674585.974,6431214.395],[5674588.595,6431211.609],[5674591.374,6431208.367],[5674593.996,6431205.58],[5674596.311,6431202.942],[5674598.128,6431200.641],[5674599.484,6431198.563],[5674600.841,6431196.484],[5674601.927,6431194.822],[5674602.741,6431193.575],[5674603.205,6431192.971],[5674603.94,6431191.952],[5674604.947,6431190.517],[5674606.304,6431188.439],[5674608.164,6431185.643],[5674610.567,6431182.016],[5674612.851,6431178.73],[5674615.018,6431175.786],[5674616.913,6431173.257],[5674619.075,6431170.694],[5674621.045,6431168.318],[5674623.049,6431166.209],[5674624.979,6431163.948],[5674626.603,6431161.835],[5674628.152,6431159.568],[5674630.166,6431156.698],[5674632.184,6431153.448],[5674634.429,6431150.276],[5674636.131,6431147.935],[5674637.217,6431146.273],[5674638.259,6431145.104],[5674639.34,6431143.823],[5674640.613,6431142.353],[5674641.734,6431140.957],[5674643.121,6431139.526],[5674644.395,6431138.057],[5674645.55,6431136.928],[5674646.399,6431135.948],[5674647.441,6431134.78],[5674648.561,6431133.384],[5674649.563,6431132.33],[5674650.22,6431131.538],[5674650.644,6431131.048],[5674651.143,6431130.711],[5674651.528,6431130.335],[5674652.18,6431129.924],[5674652.679,6431129.587],[5674653.218,6431129.136],[5674653.756,6431128.686],[5674654.447,6431128.161],[5674654.946,6431127.824],[5674655.751,6431127.338],[5674656.824,6431126.818],[5674657.97,6431126.451],[5674659.038,6431126.311],[5674660.105,6431126.171],[5674661.247,6431126.184],[5674661.895,6431126.154],[5674662.429,6431126.084],[5674662.963,6431126.014],[5674663.689,6431125.756],[5674664.494,6431125.271],[5674665.028,6431125.201],[5674665.562,6431125.131],[5674666.398,6431125.293],[5674666.967,6431125.49],[5674667.763,6431125.766],[5674668.787,6431126.12],[5674669.657,6431126.549],[5674670.528,6431126.978],[5674671.246,6431127.482],[5674671.775,6431127.792],[5674672.226,6431128.331],[5674672.449,6431128.79],[5674672.597,6431129.096],[5674672.475,6431129.818],[5674672.273,6431130.768],[5674671.958,6431131.678],[5674671.682,6431132.474],[5674671.174,6431133.572],[5674670.277,6431135.427],[5674668.719,6431138.455],[5674667.003,6431141.938],[5674665.598,6431144.891],[5674664.354,6431147.009],[5674663.462,6431148.483],[5674662.262,6431150.106],[5674660.792,6431152.145],[5674658.897,6431154.674],[5674656.537,6431157.806],[5674653.793,6431161.315],[5674651.132,6431164.215],[5674648.436,6431166.849],[5674645.474,6431169.517],[5674642.13,6431172.182],[5674638.747,6431174.959],[5674635.977,6431177.44],[5674634.283,6431179.019],[5674633.281,6431180.073],[5674632.546,6431181.093],[5674631.732,6431182.34],[5674630.414,6431184.304],[5674628.9,6431186.837],[5674627.306,6431189.598],[5674625.906,6431192.171],[5674625.048,6431193.912],[5674624.076,6431195.614],[5674623.025,6431197.543],[5674621.787,6431199.28],[5674620.509,6431201.131],[5674619.038,6431203.17],[5674617.721,6431205.134],[5674616.329,6431206.945],[5674614.705,6431209.058],[5674612.775,6431211.32],[5674610.455,6431214.339],[5674607.676,6431217.581],[5674604.818,6431221.05],[5674602.07,6431224.939],[5674599.015,6431228.977],[5674596.113,6431232.941],[5674593.6,6431236.148],[5674591.627,6431238.904],[5674589.421,6431241.962],[5674586.948,6431245.056],[5674584.287,6431247.956],[5674581.394,6431251.158],[5674578.926,6431253.871],[5674576.763,6431256.435],[5674574.868,6431258.963],[5674573.472,6431261.155],[5674572.001,6431263.194],[5674570.417,6431265.193],[5674568.714,6431267.534],[5674566.671,6431269.756],[5674564.627,6431271.979],[5674562.583,6431274.201],[5674560.5,6431276.537],[5674558.342,6431278.72],[5674556.11,6431280.75],[5674554.031,6431282.706],[5674552.491,6431284.211],[5674551.642,6431285.191],[5674551.064,6431285.755],[5674550.639,6431286.245],[5674550.254,6431286.621],[5674549.41,6431287.22],[5674548.679,6431287.859],[5674548.294,6431288.235],[5674547.642,6431288.647],[5674546.758,6431289.36],[5674546.18,6431289.924],[5674545.449,6431290.563],[5674544.718,6431291.201],[5674543.987,6431291.84],[5674543.029,6431292.4],[5674542.342,6431292.544],[5674541.699,6431292.194],[5674541.323,6431291.809],[5674541.1,6431291.349],[5674540.877,6431290.89],[5674540.653,6431290.43],[5674540.43,6431289.971],[5674540.133,6431289.358],[5674539.761,6431288.592],[5674539.315,6431287.673],[5674538.681,6431286.562],[5674538.047,6431285.45],[5674537.561,6431284.645],[5674537.15,6431283.993],[5674536.664,6431283.188],[5674536.183,6431282.002],[5674535.781,6431280.589],[5674535.374,6431279.556],[5674535.156,6431278.716],[5674535.011,6431278.029],[5674534.946,6431277.114],[5674534.614,6431276.235],[5674534.207,6431275.202],[5674533.686,6431274.13],[5674533.052,6431273.018],[5674532.497,6431271.679],[5674531.867,6431270.187],[5674531.351,6431268.734],[5674530.909,6431267.435],[5674530.73,6431266.481],[5674530.511,6431265.64],[5674530.371,6431264.573],[5674530.267,6431263.772],[5674530.009,6431263.046],[5674529.829,6431262.092],[5674529.344,6431261.286],[5674529.121,6431260.827],[5674528.902,6431259.987],[5674528.649,6431258.88],[5674528.553,6431257.318],[5674528.575,6431255.414],[5674528.286,6431254.04],[5674528.142,6431253.353],[5674527.919,6431252.894],[5674527.399,6431251.822],[5674527.031,6431250.675],[5674526.629,6431249.262],[5674526.38,6431247.774],[5674526.091,6431246.4],[5674525.794,6431245.787],[5674525.304,6431245.363],[5674524.814,6431244.938],[5674524.67,6431244.251],[5674524.486,6431243.678],[5674524.464,6431242.269],[5674524.338,6431240.059],[5674524.172,6431237.963],[5674523.888,6431236.209],[5674523.368,6431235.137],[5674522.843,6431234.445],[5674521.937,6431233.749],[5674520.799,6431233.355],[5674519.889,6431233.04],[5674519.242,6431233.07],[5674518.402,6431233.289],[5674517.942,6431233.512],[5674517.443,6431233.849],[5674516.944,6431234.186],[5674516.327,6431234.864],[5674515.977,6431235.507],[5674515.474,6431236.225],[5674514.931,6431237.056],[5674514.541,6431237.813],[5674514.117,6431238.303],[5674513.767,6431238.946],[5674513.377,6431239.703],[5674512.948,6431240.573],[5674512.637,6431241.103],[5674511.819,6431242.73],[5674511.622,6431243.299],[5674511.306,6431244.209],[5674511.219,6431245.198],[5674511.166,6431246.454],[5674511.223,6431248.13],[5674511.739,6431249.583],[5674512.18,6431250.882],[5674512.434,6431251.989],[5674512.652,6431252.829],[5674512.565,6431253.818],[5674512.512,6431255.074],[5674512.192,6431256.365],[5674511.917,6431257.161],[5674511.562,6431258.185],[5674510.862,6431259.471],[5674509.964,6431261.326],[5674509.062,6431263.562],[5674508.344,6431266.371],[5674508.011,6431268.804],[5674508.339,6431270.064],[5674508.903,6431270.642],[5674509.809,6431271.338],[5674511.17,6431272.191],[5674512.911,6431273.049],[5674514.425,6431273.828],[5674515.597,6431274.489],[5674516.385,6431275.527],[5674517.054,6431276.905],[5674517.644,6431278.511],[5674518.042,6431280.305],[5674518.589,6431282.406],[5674518.943,6431284.694],[5674519.406,6431287.403],[5674520.097,6431290.19],[5674521.199,6431293.63],[5674522.38,6431296.841],[5674523.228,6431299.174],[5674523.486,6431299.9],[5674523.858,6431300.666],[5674524.041,6431301.239],[5674524.225,6431301.813],[5674524.444,6431302.653],[5674524.885,6431303.952],[5674525.401,6431305.405],[5674525.913,6431307.239],[5674526.193,6431309.374],[5674526.319,6431311.584],[5674525.991,6431313.636],[5674525.281,6431315.683],[5674524.572,6431317.731],[5674523.946,6431319.171],[5674523.246,6431320.457],[5674522.392,6431321.818],[5674521.272,6431323.213],[5674519.727,6431325.099],[5674518.602,6431326.875],[5674517.63,6431328.577],[5674516.693,6431330.546],[5674515.525,6431332.816],[5674514.128,6431335.008],[5674512.5,6431337.502],[5674510.644,6431339.917],[5674508.557,6431342.634],[5674506.43,6431345.465],[5674504.342,6431348.181],[5674502.368,6431350.938],[5674500.28,6431353.655],[5674498.079,6431356.332],[5674495.65,6431358.931],[5674493.488,6431361.494],[5674491.483,6431363.603],[5674489.593,6431365.751],[5674487.247,6431367.742],[5674484.862,6431369.846],[5674482.402,6431371.797],[5674479.711,6431374.05],[5674476.975,6431376.797],[5674474.7,6431379.321],[5674472.769,6431381.583],[5674470.918,6431383.617],[5674468.874,6431385.84],[5674466.944,6431388.102],[5674465.167,6431390.289],[5674463.697,6431392.328],[5674462.265,6431394.253],[5674461.027,6431395.99],[5674459.941,6431397.652],[5674458.624,6431399.617],[5674457.074,6431401.883],[5674455.91,6431403.773],[5674455.21,6431405.059],[5674454.588,6431406.118],[5674453.888,6431407.404],[5674453.069,6431409.032],[5674451.944,6431410.808],[5674451.205,6431412.208],[5674450.544,6431413.381],[5674450.001,6431414.212],[5674449.572,6431415.083],[5674449.363,6431415.381],[5674447.58,6431419.362],[5674443.033,6431424.03],[5674441.068,6431426.025],[5674437.794,6431429.222],[5674434.287,6431435.508],[5674433.912,6431435.65],[5674433.413,6431435.986],[5674433.098,6431436.896],[5674432.975,6431437.618],[5674432.896,6431437.846],[5674432.113,6431439.74],[5674431.946,6431440.957],[5674432.086,6431442.024],[5674432.755,6431443.403],[5674434.772,6431446.138]]}},{"type":"Feature","properties":{},"geometry":{"type":"LineString","coordinates":[[5674442.333,6431454.259],[5674447.674,6431456.979],[5674448.509,6431457.141],[5674449.078,6431457.338],[5674449.953,6431457.386],[5674450.868,6431457.321],[5674451.708,6431457.102],[5674452.78,6431456.582],[5674453.778,6431455.908],[5674455.047,6431454.819],[5674456.544,6431453.808],[5674458.119,6431452.57],[5674459.581,6431451.293],[5674460.771,6431450.431],[5674461.887,6431449.416],[5674463.082,6431448.174],[5674464.43,6431446.857],[5674465.471,6431445.689],[5674466.167,6431444.783],[5674466.863,6431443.878],[5674467.905,6431442.71],[5674469.445,6431441.205],[5674471.603,6431439.022],[5674474.255,6431436.883],[5674477.984,6431433.842],[5674481.988,6431430.006],[5674484.995,6431426.843],[5674487.503,6431424.017],[5674489.625,6431421.567],[5674491.669,6431419.344],[5674494.177,6431416.518],[5674497.424,6431412.292],[5674501.289,6431407.387],[5674504.764,6431403.24],[5674508.077,6431399.928],[5674511.548,6431396.162],[5674514.638,6431392.39],[5674517.377,6431389.262],[5674519.461,6431386.926],[5674521.282,6431384.244],[5674523.527,6431381.072],[5674525.663,6431377.481],[5674527.453,6431374.151],[5674528.705,6431371.272],[5674529.642,6431369.303],[5674530.229,6431367.978],[5674530.85,6431366.919],[5674531.2,6431366.276],[5674531.739,6431365.825],[5674532.391,6431365.414],[5674533.384,6431365.121],[5674534.679,6431365.06],[5674536.084,6431365.419],[5674537.864,6431366.163],[5674539.566,6431367.135],[5674540.354,6431368.172],[5674540.607,6431369.279],[5674540.896,6431370.653],[5674541.412,6431372.106],[5674542.234,6431373.41],[5674543.367,6431374.185],[5674544.277,6431374.5],[5674545.419,6431374.513],[5674546.601,6431374.413],[5674547.48,6431374.081],[5674548.132,6431373.669],[5674548.754,6431372.611],[5674549.306,6431371.018],[5674550.098,6431368.362],[5674550.514,6431365.321],[5674550.821,6431361.86],[5674551.172,6431357.905],[5674552.057,6431353.879],[5674552.902,6431349.968],[5674553.664,6431346.664],[5674554.457,6431344.008],[5674555.052,6431341.921],[5674555.683,6431340.101],[5674556.471,6431337.826],[5674557.338,6431335.323],[5674558.283,6431332.593],[5674559.5,6431329.447],[5674560.56,6431326.756],[5674561.531,6431325.054],[5674562.958,6431323.51],[5674565.374,6431322.054],[5674568.258,6431319.613],[5674571.536,6431316.034],[5674575.619,6431311.97],[5674579.737,6431308.173],[5674583.51,6431304.638],[5674586.941,6431300.985],[5674590.727,6431296.308],[5674595.086,6431291.448],[5674599.756,6431286.058],[5674604.312,6431280.628],[5674608.444,6431275.689],[5674612.225,6431271.393],[5674615.35,6431267.889],[5674618.322,6431264.459],[5674621.6,6431260.88],[5674625.184,6431257.153],[5674628.379,6431254.182],[5674631.267,6431251.361],[5674634.116,6431248.653],[5674636.742,6431245.485],[5674638.904,6431242.922],[5674640.568,6431240.695],[5674642.152,6431238.695],[5674643.544,6431236.884],[5674645.356,6431234.964],[5674647.128,6431233.157],[5674649.29,6431230.593],[5674651.916,6431227.426],[5674655.19,6431224.228],[5674658.923,6431220.807],[5674662.883,6431217.465],[5674666.958,6431214.162],[5674670.498,6431210.929],[5674673.081,6431208.256],[5674675.82,6431205.128],[5674678.214,6431202.262],[5674680.302,6431199.546],[5674682.543,6431196.754],[5674684.596,6431193.771],[5674686.303,6431191.049],[5674687.813,6431188.897],[5674689.323,6431186.744],[5674691.253,6431184.482],[5674693.564,6431182.225],[5674695.984,6431180.388],[5674698.819,6431178.822],[5674701.616,6431177.37],[5674704.062,6431176.561],[5674705.431,6431176.653],[5674706.455,6431177.007],[5674707.326,6431177.436],[5674708.385,6431178.058],[5674709.404,6431178.793],[5674710.843,6431179.419],[5674712.471,6431180.238],[5674714.326,6431181.135],[5674716.028,6431182.107],[5674717.656,6431182.926],[5674719.318,6431184.011],[5674720.862,6431185.438],[5674722.14,6431186.899],[5674723.605,6431188.554],[5674724.808,6431189.862],[5674726.204,6431190.983],[5674727.372,6431192.024],[5674728.842,6431193.298],[5674730.688,6431194.957],[5674733.064,6431196.926],[5674735.518,6431198.668],[5674738.546,6431200.226],[5674740.97,6431201.321],[5674743.017,6431202.03],[5674744.61,6431202.582],[5674745.901,6431202.901],[5674746.89,6431202.989],[5674748.036,6431202.622],[5674749.375,6431202.066],[5674750.675,6431201.625],[5674751.747,6431201.104],[5674752.473,6431200.846],[5674752.854,6431200.851],[5674753.458,6431201.315],[5674754.621,6431202.737],[5674755.969,6431204.732],[5674756.559,6431206.338],[5674756.62,6431207.634],[5674756.187,6431208.885],[5674755.53,6431209.677],[5674754.178,6431211.374],[5674751.932,6431214.546],[5674750.063,6431218.103],[5674748.781,6431220.335],[5674748.085,6431221.24],[5674747.433,6431221.651],[5674746.47,6431222.592],[5674744.855,6431223.944],[5674742.781,6431225.518],[5674740.558,6431226.787],[5674738.251,6431228.664],[5674736.44,6431230.584],[5674735.043,6431232.776],[5674733.756,6431235.388],[5674732.968,6431237.663],[5674732.259,6431239.711],[5674731.629,6431241.531],[5674731.077,6431243.124],[5674730.46,6431243.802],[5674729.458,6431244.856],[5674727.843,6431246.208],[5674725.878,6431248.203],[5674723.917,6431249.817],[5674721.956,6431251.431],[5674720.035,6431252.932],[5674718.648,6431254.362],[5674717.493,6431255.491],[5674716.372,6431256.886],[5674715.173,6431258.51],[5674713.895,6431260.36],[5674712.853,6431261.528],[5674712.004,6431262.508],[5674711.19,6431263.755],[5674710.302,6431264.849],[5674709.452,6431265.829],[5674708.371,6431267.111],[5674706.792,6431268.729],[5674705.325,6431270.387],[5674704.052,6431271.857],[5674702.818,6431273.214],[5674701.737,6431274.495],[5674700.231,6431276.267],[5674698.415,6431278.569],[5674696.712,6431280.909],[5674695.355,6431282.987],[5674694.423,6431284.575],[5674693.644,6431286.089],[5674692.672,6431287.791],[5674691.696,6431289.874],[5674690.912,6431291.768],[5674690.129,6431293.663],[5674689.306,6431295.671],[5674688.443,6431297.793],[5674687.778,6431299.346],[5674687.112,6431300.9],[5674686.561,6431302.492],[5674686.048,6431303.971],[5674685.571,6431305.717],[5674685.168,6431307.616],[5674684.884,6431309.173],[5674684.826,6431310.81],[5674684.992,6431312.906],[5674685.267,6431315.422],[5674685.656,6431317.977],[5674686.282,6431319.85],[5674686.911,6431321.342],[5674687.813,6431322.419],[5674688.451,6431323.15],[5674688.976,6431323.841],[5674689.654,6431324.458],[5674690.521,6431325.268],[5674691.658,6431325.662],[5674692.835,6431325.942],[5674694.091,6431325.995],[5674695.119,6431325.969],[5674696.073,6431325.79],[5674697.141,6431325.65],[5674698.475,6431325.475],[5674699.924,6431325.34],[5674701.298,6431325.051],[5674703.131,6431324.54],[5674705.499,6431323.958],[5674708.247,6431323.381],[5674710.575,6431322.914],[5674713.323,6431322.337],[5674716.263,6431321.571],[5674719.125,6431321.034],[5674721.794,6431320.684],[5674724.31,6431320.409],[5674727.019,6431319.946],[5674729.959,6431319.181],[5674732.939,6431318.302],[5674735.954,6431317.69],[5674738.663,6431317.226],[5674741.336,6431316.496],[5674744.163,6431315.692],[5674746.535,6431314.729],[5674748.679,6431313.688],[5674750.749,6431312.494],[5674752.972,6431311.226],[5674755.808,6431309.66],[5674758.412,6431308.396],[5674760.862,6431307.206],[5674763.273,6431306.13],[5674765.488,6431305.623],[5674767.737,6431305.383],[5674770.095,6431305.563],[5674772.869,6431306.014],[5674775.486,6431306.92],[5674777.875,6431307.748],[5674780.15,6431308.536],[5674782.539,6431309.363],[5674784.928,6431310.191],[5674786.901,6431310.747],[5674788.533,6431311.185],[5674790.318,6431311.548],[5674792.523,6431311.802],[5674795.337,6431312.14],[5674798.496,6431312.215],[5674801.576,6431312.518],[5674804.889,6431312.518],[5674807.939,6431312.173],[5674810.459,6431311.517],[5674813.251,6431310.446],[5674815.964,6431309.602],[5674818.485,6431308.946],[5674820.852,6431308.364],[5674823.259,6431307.669],[5674825.245,6431307.083],[5674826.628,6431306.033],[5674827.63,6431304.979],[5674828.059,6431304.108],[5674828.178,6431303.767],[5674827.806,6431303.001],[5674826.944,6431301.811],[5674826.345,6431300.966],[5674825.859,6431300.161],[5674825.448,6431299.509],[5674825.111,6431299.01],[5674824.661,6431298.472],[5674824.057,6431298.008],[5674823.493,6431297.43],[5674822.928,6431296.853],[5674822.29,6431296.122],[5674821.765,6431295.43],[5674821.432,6431294.551],[5674821.065,6431293.404],[5674820.965,6431292.223],[5674821.17,6431290.893],[5674821.722,6431289.3],[5674822.234,6431287.821],[5674822.55,6431286.911],[5674823.468,6431286.465],[5674824.615,6431286.098],[5674825.836,6431285.883],[5674827.096,6431285.556],[5674828.776,6431285.118],[5674831.183,6431284.423],[5674834.045,6431283.885],[5674836.185,6431283.225],[5674837.904,6431282.674],[5674839.585,6431282.237],[5674841.764,6431281.463],[5674844.25,6431280.54],[5674846.77,6431279.884],[5674849.063,6431279.15],[5674851.89,6431278.345],[5674856.13,6431277.138],[5674860.103,6431275.966],[5674863.923,6431274.869],[5674867.324,6431273.881],[5674870.072,6431273.304],[5674872.36,6431272.95],[5674874.154,6431272.552],[5674876.027,6431271.926],[5674878.171,6431270.885],[5674880.276,6431269.958],[5674881.808,6431269.215],[5674883.458,6431268.13],[5674885.112,6431266.664],[5674886.81,6431264.704],[5674888.473,6431262.477],[5674889.716,6431260.36],[5674890.662,6431257.63],[5674891.805,6431254.331],[5674893.066,6431250.69],[5674894.405,6431246.823],[5674895.745,6431242.955],[5674896.533,6431240.68],[5674896.888,6431239.656],[5674897.242,6431238.632],[5674897.789,6431237.42],[5674898.411,6431236.361],[5674898.879,6431235.377],[5674899.505,6431233.937],[5674900.407,6431231.702],[5674901.432,6431228.744],[5674902.811,6431224.762],[5674904.466,6431219.985],[5674906.002,6431215.548],[5674907.382,6431211.566],[5674908.406,6431208.609],[5674909.199,6431205.953],[5674910,6431202.536],[5674910.771,6431198.471],[5674911.542,6431194.406],[5674912.072,6431191.404],[5674912.256,6431188.665],[5674912.243,6431186.495],[5674912.078,6431184.399],[5674911.724,6431182.111],[5674911.182,6431179.629],[5674910.639,6431177.148],[5674909.682,6431174.396],[5674908.575,6431171.337],[5674907.132,6431167.779],[5674905.536,6431164.296],[5674903.851,6431161.802],[5674902.43,6431159.653],[5674900.859,6431157.198],[5674899.097,6431154.931],[5674897.106,6431152.585],[5674895.076,6431150.353],[5674892.285,6431148.112],[5674888.921,6431146.055],[5674885.171,6431144.374],[5674882.371,6431142.895],[5674880.14,6431141.612],[5674877.646,6431139.984],[5674875.191,6431138.242],[5674873.118,6431136.505],[5674871.35,6431134.618],[5674870.27,6431132.588],[5674869.378,6431130.75],[5674869.129,6431129.262],[5674869.142,6431128.12],[5674869.54,6431126.602],[5674870.092,6431125.009],[5674870.565,6431123.644],[5674871.191,6431122.205],[5674871.856,6431120.651],[5674872.64,6431118.757],[5674873.69,6431116.827],[5674874.623,6431115.239],[5674875.822,6431113.616],[5674877.021,6431111.993],[5674877.993,6431110.291],[5674878.886,6431108.817],[5674879.674,6431106.542],[5674880.541,6431104.039],[5674881.329,6431101.764],[5674881.504,6431099.786],[5674881.299,6431097.804],[5674881.015,6431096.049],[5674881.146,6431094.566],[5674881.357,6431092.855],[5674881.642,6431091.297],[5674882.242,6431088.829],[5674882.693,6431086.055],[5674882.566,6431083.846],[5674882.09,6431082.279],[5674881.425,6431080.52],[5674880.314,6431077.842],[5674879.243,6431075.05],[5674878.469,6431072.871],[5674877.729,6431070.959],[5674876.986,6431069.427],[5674876.317,6431068.048],[5674875.796,6431066.976],[5674874.974,6431065.672],[5674874.34,6431064.561],[5674873.592,6431063.41],[5674872.878,6431062.526],[5674872.052,6431061.602],[5674870.577,6431060.709],[5674868.267,6431059.654],[5674865.537,6431058.709],[5674863.489,6431058],[5674862.277,6431057.452],[5674861.14,6431057.058],[5674859.967,6431056.397],[5674858.3,6431055.693],[5674856.218,6431054.716],[5674853.68,6431053.583],[5674851.029,6431052.409],[5674848.224,6431051.311],[5674845.8,6431050.216],[5674843.718,6431049.24],[5674842.204,6431048.461],[5674841.184,6431047.726],[5674839.824,6431046.872],[5674838.428,6431045.752],[5674836.998,6431044.364],[5674835.606,6431042.863],[5674834.171,6431041.856],[5674833.038,6431041.082],[5674831.905,6431040.307],[5674830.47,6431039.3],[5674828.847,6431038.101],[5674827.036,6431036.709],[5674824.616,6431035.234],[5674821.549,6431033.79],[5674818.67,6431032.538],[5674816.548,6431031.675],[5674815.717,6431031.132],[5674815.267,6431030.594],[5674815.24,6431029.566],[5674815.674,6431028.315],[5674816.226,6431026.722],[5674817.044,6431025.094],[5674817.626,6431024.149],[5674818.208,6431023.204],[5674819.285,6431022.303],[5674820.445,6431020.794],[5674821.539,6431018.37],[5674823.058,6431015.456],[5674824.971,6431011.405],[5674826.998,6431007.393],[5674828.906,6431003.722],[5674831.073,6431000.777],[5674833.27,6430998.481],[5674835.651,6430996.757],[5674838.189,6430994.579],[5674840.806,6430992.172],[5674842.929,6430989.723],[5674844.898,6430987.347]]}},{"type":"Feature","properties":{},"geometry":{"type":"LineString","coordinates":[[5676291.459,6431872.021],[5676293.734,6431872.809],[5676296.009,6431873.597],[5676298.626,6431874.503],[5676301.509,6431875.375],[5676303.937,6431876.088],[5676305.758,6431876.719],[5676306.781,6431877.073],[5676307.691,6431877.389],[5676309.022,6431877.595],[5676311.039,6431877.656],[5676313.506,6431878.256],[5676315.563,6431878.204],[5676317.322,6431877.539],[5676319.733,6431876.463],[5676322.639,6431875.431],[5676324.897,6431874.43],[5676326.774,6431873.424],[5676328.765,6431872.457],[5676330.796,6431871.377],[5676332.481,6431870.559],[5676333.706,6431869.964],[5676334.936,6431868.988],[5676336.511,6431867.75],[5676337.899,6431866.32],[5676339.212,6431864.736],[5676340.529,6431862.772],[5676342.118,6431860.392],[5676343.711,6431857.631],[5676345.269,6431854.603],[5676346.985,6431851.121],[5676348.425,6431848.434],[5676349.205,6431846.921],[5676349.712,6431845.822],[5676350.225,6431844.344],[5676351.013,6431842.068],[5676351.919,6431839.452],[5676352.904,6431836.608],[5676353.618,6431834.18],[5676354.065,6431831.786],[5676354.008,6431830.11],[5676353.724,6431828.356],[5676353.361,6431826.829],[5676352.81,6431825.109],[5676352.01,6431821.901],[5676351.144,6431817.779],[5676349.819,6431813.88],[5676348.643,6431810.288],[5676347.646,6431807.649],[5676346.679,6431805.658],[5676345.52,6431803.855],[5676344.322,6431802.166],[5676342.668,6431800.319],[5676340.787,6431798.393],[5676338.901,6431796.848],[5676337.055,6431795.19],[5676334.907,6431793.299],[5676332.759,6431791.408],[5676329.968,6431789.167],[5676327.023,6431787.001],[5676324.114,6431785.101],[5676320.749,6431783.044],[5676317.914,6431781.297],[5676315.346,6431779.516],[5676313.084,6431777.586],[5676311.278,6431775.814],[5676309.698,6431774.12],[5676307.927,6431772.614],[5676305.507,6431771.139],[5676302.479,6431769.581],[5676298.997,6431767.865],[5676295.588,6431766.302],[5676292.027,6431764.814],[5676288.807,6431763.444],[5676286.457,6431762.502],[5676284.488,6431761.566],[5676282.594,6431760.782],[5676280.398,6431759.766],[5676277.746,6431758.593],[5676274.907,6431757.227],[5676272.067,6431755.862],[5676269.53,6431754.728],[5676266.309,6431753.358],[5676262.936,6431752.062],[5676259.409,6431750.84],[5676256.15,6431749.584],[5676253.459,6431748.524],[5676250.808,6431747.351],[5676248.231,6431746.331],[5676245.881,6431745.39],[5676243.265,6431744.484],[5676240.346,6431743.346],[5676237.73,6431742.439],[5676235.227,6431741.572],[5676233.105,6431740.71],[5676230.983,6431739.848],[5676228.406,6431738.828],[5676225.68,6431737.501],[5676222.727,6431736.096],[5676220.006,6431734.389],[5676218.006,6431732.805],[5676216.655,6431731.19],[5676215.574,6431729.159],[5676215.71,6431727.295],[5676216.38,6431725.361],[5676217.011,6431723.541],[5676217.755,6431721.76],[5676218.46,6431720.093],[5676218.963,6431719.376],[5676219.803,6431719.157],[5676220.718,6431719.092],[5676221.672,6431718.913],[5676223.159,6431718.664],[5676224.8,6431718.34],[5676226.634,6431717.829],[5676228.695,6431717.396],[5676230.795,6431716.849],[5676232.974,6431716.075],[5676235.421,6431715.266],[5676238.02,6431714.383],[5676240.654,6431713.766],[5676243.249,6431713.264],[5676245.883,6431712.647],[5676249.204,6431711.886],[5676252.714,6431711.318],[5676255.077,6431711.118],[5676257.098,6431710.799],[5676259.466,6431710.217],[5676261.912,6431709.408],[5676264.165,6431708.787],[5676266.572,6431708.092],[5676269.403,6431706.907],[5676272.2,6431705.454],[5676275.267,6431703.587],[5676278.488,6431701.645],[5676281.6,6431699.282],[5676284.632,6431697.148],[5676287.206,6431695.236],[5676289.25,6431693.014],[5676291.56,6431690.756],[5676293.718,6431688.573],[5676295.757,6431686.731],[5676297.224,6431685.073],[5676298.462,6431683.336],[5676299.167,6431681.67],[5676299.797,6431679.849],[5676300.161,6431678.064],[5676300.074,6431675.741],[5676299.611,6431673.032],[5676299.182,6431670.59],[5676298.413,6431668.031],[5676296.991,6431665.882],[5676295.569,6431663.733],[5676293.732,6431661.313],[5676291.825,6431658.359],[5676289.721,6431655.974],[5676287.958,6431653.707],[5676286.23,6431651.707],[5676284.091,6431649.055],[5676280.853,6431645.895],[5676277.24,6431642.35],[5676273.429,6431639.374],[5676269.802,6431636.971],[5676266.245,6431635.102],[5676262.574,6431633.193],[5676259.853,6431631.486],[5676257.893,6431629.788],[5676256.388,6431628.248],[5676255.303,6431626.598],[5676254.674,6431625.106],[5676254.048,6431623.233],[5676253.808,6431620.984],[5676254.102,6431618.665],[5676254.894,6431616.009],[5676255.682,6431613.734],[5676256.431,6431611.572],[5676257.293,6431609.45],[5676258.121,6431607.061],[5676259.027,6431604.445],[5676259.85,6431602.437],[5676260.52,6431600.503],[5676261.146,6431599.063],[5676261.964,6431597.436],[5676262.551,6431596.11],[5676263.676,6431594.334],[5676265.339,6431592.107],[5676267.387,6431589.504],[5676269.742,6431586.752],[5676272.254,6431583.545],[5676274.771,6431579.958],[5676276.868,6431576.479],[5676278.474,6431572.577],[5676280.09,6431567.913],[5676281.824,6431562.907],[5676283.321,6431558.584],[5676284.464,6431555.285],[5676285.449,6431552.441],[5676286.512,6431549.37],[5676287.537,6431546.412],[5676288.636,6431543.608],[5676289.691,6431541.298],[5676290.439,6431539.136],[5676291.306,6431536.633],[5676292.248,6431534.284],[5676293.224,6431532.201],[5676294.432,6431529.817],[5676295.636,6431527.813],[5676296.686,6431525.884],[5676298.126,6431523.197],[5676299.496,6431519.977],[5676300.56,6431516.906],[5676301.782,6431513.379],[5676303.2,6431509.284],[5676304.54,6431505.416],[5676305.761,6431501.889],[5676306.747,6431499.045],[5676307.198,6431496.271],[5676307.426,6431493.038],[5676307.239,6431489.533],[5676306.736,6431486.938],[5676306.15,6431484.951],[5676305.564,6431482.965],[5676304.978,6431480.978],[5676304.051,6431478.873],[5676303.207,6431476.16],[5676302.288,6431473.294],[5676301.436,6431471.342],[5676300.697,6431469.43],[5676299.809,6431467.211],[5676298.768,6431465.067],[5676297.841,6431462.962],[5676297.097,6431461.431],[5676296.887,6431459.829],[5676296.831,6431458.153],[5676296.967,6431456.289],[5676297.335,6431454.123],[5676297.904,6431451.008],[5676298.474,6431447.893],[5676299.349,6431444.629],[5676300.339,6431441.404],[5676301.403,6431438.333],[5676302.348,6431435.602],[5676303.137,6431433.327],[5676304.043,6431430.711],[5676305.067,6431427.753],[5676306.131,6431424.682],[5676307.156,6431421.724],[5676307.983,6431419.335],[5676308.495,6431417.856],[5676308.938,6431415.843],[5676309.577,6431413.262],[5676310.142,6431410.527],[5676310.781,6431407.946],[5676311.416,6431405.745],[5676312.126,6431403.697],[5676312.874,6431401.536],[5676313.702,6431399.147],[5676314.612,6431396.15],[5676315.261,6431392.807],[5676315.296,6431389.762],[5676315.1,6431387.018],[5676314.86,6431384.769],[5676314.729,6431382.94],[5676314.598,6431381.111],[5676314.55,6431378.674],[5676314.511,6431375.475],[5676314.438,6431372.009],[5676314.399,6431368.811],[5676314.356,6431365.993],[5676314.155,6431363.63],[5676314.107,6431361.193],[5676313.758,6431358.524],[5676313.518,6431356.274],[5676313.199,6431354.253],[5676312.88,6431352.231],[5676312.477,6431350.818],[5676311.957,6431349.746],[5676311.283,6431348.748],[5676310.382,6431347.671],[5676309.297,6431346.022],[5676308.287,6431344.525],[5676307.609,6431343.908],[5676307.079,6431343.597],[5676306.055,6431343.242],[5676304.463,6431342.691],[5676302.643,6431342.06],[5676301.089,6431341.395],[5676299.65,6431340.769],[5676298.477,6431340.108],[5676297.305,6431339.447],[5676295.826,6431338.935],[5676294.159,6431338.23],[5676292.225,6431337.56],[5676290.177,6431336.851],[5676288.244,6431336.181],[5676286.537,6431335.59],[5676284.489,6431334.881],[5676282.669,6431334.25],[5676280.963,6431333.659],[5676279.37,6431333.108],[5676277.892,6431332.595],[5676276.185,6431332.004],[5676274.593,6431331.453],[5676273.455,6431331.059],[5676272.812,6431330.708],[5676272.707,6431329.908],[5676273.101,6431328.77],[5676273.574,6431327.405],[5676274.007,6431326.154],[5676274.244,6431325.471],[5676274.554,6431324.942],[5676275.246,6431324.417],[5676275.933,6431324.272],[5676276.847,6431324.207],[5676277.841,6431323.914],[5676279.101,6431323.586],[5676280.326,6431322.991],[5676281.552,6431322.396],[5676282.851,6431321.955],[5676284.418,6431321.478],[5676285.639,6431321.264],[5676286.938,6431320.822],[5676288.737,6431320.044],[5676290.575,6431319.152],[5676292.68,6431318.224],[5676295.358,6431317.113],[5676297.764,6431316.418],[5676299.716,6431315.565],[5676301.554,6431314.673],[5676303.55,6431313.326],[5676305.16,6431312.355],[5676306.731,6431311.497],[5676308.569,6431310.605],[5676310.866,6431309.49],[5676313.356,6431308.186],[5676315.426,6431306.992],[5676317.422,6431305.645],[5676319.343,6431304.144],[5676321.654,6431301.887],[5676324.472,6431298.532],[5676327.374,6431294.568],[5676329.944,6431289.724],[5676332.478,6431284.614],[5676334.934,6431279.731],[5676337.039,6431275.492],[5676338.637,6431272.351],[5676339.955,6431270.386],[5676341.189,6431269.03],[5676342.808,6431267.298],[5676344.966,6431265.115],[5676347.167,6431262.437],[5676349.601,6431259.458],[5676351.841,6431256.667],[5676354.279,6431253.307],[5676356.564,6431250.021],[5676358.503,6431246.998],[5676360.254,6431243.782],[5676361.699,6431240.715],[5676362.753,6431238.405],[5676363.498,6431236.624],[5676363.852,6431235.6],[5676364.049,6431235.031],[5676364.251,6431234.082],[5676364.22,6431233.434],[5676364.194,6431232.406],[5676363.783,6431231.754],[5676363.407,6431231.369],[5676362.689,6431230.866],[5676361.631,6431230.244],[5676360.121,6431229.084],[5676358.236,6431227.539],[5676356.691,6431226.112],[5676354.845,6431224.454],[5676352.885,6431222.756],[5676351.341,6431221.329],[5676350.287,6431220.327],[5676349.385,6431219.25],[5676348.261,6431217.714],[5676347.522,6431215.802],[5676347.172,6431213.132],[5676347.274,6431211.002],[5676347.598,6431209.33],[5676347.957,6431207.926],[5676352.387,6431196.974],[5676353.061,6431194.66],[5676354.007,6431191.93],[5676354.721,6431189.501],[5676355.43,6431187.454],[5676356.021,6431185.747],[5676356.612,6431184.041],[5676357.203,6431182.334],[5676357.79,6431181.009],[5676358.49,6431179.722],[5676359.265,6431178.589],[5676360.46,6431177.347],[5676362.197,6431175.273],[5676363.816,6431173.541],[5676365.935,6431171.471],[5676368.132,6431169.175],[5676370.219,6431166.458],[5676372.154,6431163.815],[5676373.861,6431161.094],[5676375.183,6431158.749],[5676376.387,6431156.745],[5676377.704,6431154.781],[5676378.982,6431152.93],[5676380.453,6431150.891],[5676381.879,6431149.347],[5676383.184,6431148.525],[5676385.293,6431147.217],[5676387.787,6431145.533],[5676390.326,6431143.354],[5676393.402,6431140.725],[5676396.829,6431137.453],[5676399.989,6431134.215],[5676402.842,6431131.127],[5676405.197,6431128.375],[5676407.32,6431125.925],[5676409.25,6431123.663],[5676410.948,6431121.703],[5676412.607,6431119.857],[5676414.3,6431118.278],[5676415.994,6431116.699],[5676417.228,6431115.342],[5676417.81,6431114.397],[5676418.511,6431113.111],[5676419.531,6431110.534],[5676421.207,6431107.165],[5676423.387,6431103.079],[5676425.527,6431099.106],[5676427.44,6431095.055],[5676429.24,6431090.964],[5676430.654,6431087.249],[5676432.024,6431084.029],[5676433.547,6431080.734],[5676435.145,6431077.593],[5676436.738,6431074.832],[5676438.1,6431072.373],[5676439.386,6431069.761],[5676440.56,6431067.11],[5676441.619,6431064.419],[5676442.985,6431061.58],[5676444.193,6431059.195],[5676445.209,6431056.999],[5676446.303,6431054.575],[5676447.594,6431051.582],[5676448.965,6431048.362],[5676450.26,6431044.989],[5676451.941,6431041.239],[5676453.697,6431037.643],[5676455.255,6431034.615],[5676456.809,6431031.968],[5676458.709,6431029.059],[5676460.648,6431026.036],[5676462.691,6431023.813],[5676464.381,6431022.615],[5676466.109,6431021.302],[5676468.302,6431019.386],[5676470.954,6431017.247],[5676473.61,6431014.727],[5676476.341,6431012.36],[5676479.072,6431009.994],[5676481.343,6431007.85],[5676483.308,6431005.855],[5676485.274,6431003.86],[5676486.735,6431002.583],[5676488.118,6431001.533],[5676489.65,6431000.79],[5676491.601,6430999.937],[5676494.091,6430998.633],[5676497.654,6430996.809],[5676501.868,6430994.574],[5676505.854,6430992.26],[5676509.189,6430990.358],[5676511.841,6430988.218],[5676514.191,6430985.847],[5676516.883,6430983.594],[5676519.342,6430981.643],[5676521.723,6430979.92],[5676523.561,6430979.027],[5676524.935,6430978.739],[5676526.195,6430978.411],[5676527.801,6430977.821],[5676529.866,6430977.007],[5676532.199,6430976.159],[5676535.026,6430975.354],[5676538.614,6430974.559],[5676541.668,6430973.833],[5676544.11,6430973.404],[5676546.245,6430973.125],[5676548.682,6430973.077]]}},{"type":"Feature","properties":{},"geometry":{"type":"LineString","coordinates":[[5674517.671,6431181.015],[5674516.939,6431180.287],[5674515.986,6431179.122],[5674514.888,6431178.031],[5674514.156,6431177.303],[5674513.388,6431176.685],[5674512.363,6431175.74],[5674511.009,6431174.685],[5674509.802,6431173.558],[5674508.849,6431172.393],[5674508.152,6431171.191],[5674507.746,6431169.842],[5674507.635,6431169.076],[5674507.198,6431169.661],[5674506.69,6431170.466],[5674506.182,6431171.27],[5674505.783,6431172.111],[5674505.274,6431172.915],[5674504.694,6431173.939],[5674503.784,6431174.854],[5674502.547,6431176.025],[5674501.421,6431177.598],[5674500.586,6431179.024],[5674499.824,6431180.596],[5674499.282,6431182.239],[5674498.63,6431183.847],[5674498.269,6431185.308],[5674497.799,6431186.733],[5674497.331,6431188.522],[5674496.752,6431190.276],[5674496.174,6431192.029],[5674495.522,6431193.637],[5674494.651,6431195.173],[5674493.889,6431196.744],[5674492.8,6431198.572],[5674491.529,6431200.583],[5674489.818,6431202.085],[5674487.885,6431202.419],[5674486.096,6431201.95],[5674484.195,6431201.081],[5674481.381,6431199.666],[5674477.543,6431197.671],[5674473.34,6431195.677],[5674469.138,6431194.047],[5674465.158,6431193.22],[5674461.47,6431192.611],[5674457.818,6431191.893],[5674454.24,6431191.32],[5674450.953,6431190.6],[5674447.738,6431189.296],[5674444.409,6431186.862],[5674441.224,6431183.624],[5674438.184,6431179.947],[5674435.361,6431175.613],[5674432.866,6431171.388],[5674430.845,6431166.832],[5674429.263,6431162.786],[5674427.538,6431159.544],[5674425.815,6431157.031],[5674423.84,6431155.65],[5674421.244,6431154.308],[5674417.993,6431153.114],[5674414.595,6431151.993],[5674410.906,6431151.019],[5674406.707,6431150.12],[5674402.216,6431149.367],[5674397.797,6431148.396],[5674393.779,6431147.313],[5674390.127,6431146.23],[5674386.364,6431145.11],[5674382.384,6431144.283],[5674378.147,6431143.128],[5674374.018,6431141.28],[5674370.47,6431138.773],[5674367.541,6431135.862],[5674365.086,6431132.622],[5674363.032,6431129.271],[5674361.453,6431125.955],[5674359.797,6431121.763],[5674358.651,6431116.767],[5674358.123,6431111.368],[5674357.669,6431106.114],[5674357.106,6431101.189],[5674355.925,6431097.033],[5674354.163,6431093.535],[5674351.782,6431090.805],[5674349.294,6431088.769],[5674346.552,6431087.135],[5674343.592,6431085.794],[5674340.704,6431084.234],[5674337.963,6431082.965],[5674335.149,6431081.551],[5674332.296,6431079.516],[5674330.063,6431077.078],[5674327.133,6431073.802],[5674323.033,6431069.655],[5674318.202,6431065.144],[5674312.678,6431060.892],[5674307.302,6431057.295],[5674302.623,6431054.901],[5674298.604,6431053.089],[5674295.06,6431052.042],[5674291.663,6431050.921],[5674288.995,6431049.798],[5674285.632,6431047.838],[5674281.863,6431044.528],[5674278.455,6431040.123],[5674275.884,6431034.657],[5674274.807,6431028.712],[5674275.555,6431022.761],[5674275.573,6431016.813],[5674274.423,6431010.722],[5674272.252,6431005.145],[5674270.013,6431000.882],[5674267.816,6430998.334],[5674265.91,6430995.64],[5674264.111,6430992.251],[5674262.456,6430988.06],[5674260.725,6430982.992],[5674258.812,6430978.108],[5674256.719,6430974.137],[5674254.665,6430970.786],[5674252.867,6430967.397],[5674251.032,6430964.118],[5674249.125,6430961.059],[5674247.658,6430958.874],[5674245.936,6430956.726],[5674244.47,6430954.541],[5674243.66,6430952.208],[5674243.581,6430950.237],[5674243.938,6430947.682],[5674244.693,6430944.285],[5674245.41,6430939.904],[5674246.343,6430934.865],[5674247.386,6430929.862],[5674248.211,6430925.152],[5674248.598,6430920.662],[5674248.658,6430916.428],[5674248.171,6430912.379],[5674247.318,6430907.966],[5674246.317,6430902.896],[5674245.315,6430897.462],[5674244.824,6430892.318],[5674243.97,6430887.54],[5674242.643,6430883.092],[5674241.206,6430878.607],[5674239.806,6430874.378],[5674238.992,6430870.951],[5674237.558,6430867.561],[5674236.234,6430864.208],[5674235.494,6430860.926],[5674234.975,6430858.081],[5674234.893,6430855.38],[5674235.178,6430853.044],[5674235.354,6430851.036],[5674235.386,6430849.467],[5674234.176,6430847.609],[5674231.609,6430843.603],[5674228.271,6430838.249],[5674224.825,6430833.223],[5674221.455,6430829.073],[5674218.781,6430825.761],[5674216.365,6430823.506],[5674213.84,6430821.214],[5674211.935,6430818.885],[5674210.76,6430816.553],[5674210.169,6430814.292],[5674209.102,6430811.631],[5674207.816,6430808.533],[5674206.417,6430804.669],[5674204.652,6430800.441],[5674202.961,6430796.359],[5674200.979,6430792.789],[5674198.23,6430788.966],[5674195.299,6430785.325],[5674192.005,6430782.051],[5674188.603,6430779.471],[5674184.911,6430777.402],[5674181.146,6430775.552],[5674177.929,6430773.884],[5674175.918,6430772.613],[5674174.53,6430772.033],[5674171.897,6430770.435],[5674168.714,6430767.927],[5674167.028,6430765.305],[5674165.964,6430763.739],[5674165.267,6430762.537],[5674164.314,6430761.007],[5674162.918,6430758.238],[5674161.63,6430754.775],[5674161.363,6430750.798],[5674161.933,6430746.49],[5674163.087,6430741.888],[5674164.496,6430737.249],[5674165.906,6430732.975],[5674167.243,6430728.92],[5674168.292,6430725.742],[5674169.196,6430723.002],[5674169.953,6430719.97],[5674170.707,6430716.209],[5674171.386,6430711.572],[5674171.556,6430707.375],[5674171.145,6430704.201],[5674170.297,6430701.613],[5674168.938,6430698.734],[5674167.835,6430696.183],[5674166.66,6430693.851],[5674166.034,6430692.065],[5674165.228,6430690.826],[5674164.238,6430689.406],[5674163.43,6430687.803],[5674163.205,6430685.906],[5674163.453,6430683.314],[5674164.392,6430680.1],[5674165.73,6430676.41],[5674167.397,6430672.463],[5674169.355,6430668.37],[5674171.095,6430664.569],[5674172.399,6430661.354],[5674173.449,6430658.905],[5674174.136,6430656.823],[5674174.642,6430655.289],[5674174.932,6430654.412],[5674175.075,6430653.609],[5674174.235,6430653.21],[5674173.322,6430653.03],[5674172.518,6430652.887],[5674171.861,6430652.67],[5674171.094,6430652.417],[5674170.143,6430651.982],[5674169.411,6430651.254],[5674168.532,6430650.235],[5674167.763,6430649.252],[5674167.031,6430648.525],[5674166.19,6430648.126],[5674164.912,6430647.947],[5674162.687,6430648.064],[5674159.731,6430648.182],[5674156.483,6430648.083],[5674153.599,6430647.982],[5674151.41,6430647.989],[5674149.915,6430648.468],[5674148.457,6430649.202],[5674147.294,6430650.52],[5674146.096,6430652.677],[5674145.045,6430655.125],[5674144.578,6430657.28],[5674144.365,6430659.397],[5674144.444,6430661.367],[5674144.598,6430663.848],[5674144.825,6430666.475],[5674144.762,6430669.614],[5674144.629,6430673.702],[5674144.316,6430678.702],[5674144.37,6430684.432],[5674144.607,6430690.343],[5674144.881,6430696.145],[5674145.3,6430701.873],[5674145.025,6430707.494],[5674144.566,6430712.568],[5674143.742,6430717.278],[5674142.879,6430721.368],[5674142.014,6430725.093],[5674141.04,6430728.782],[5674140.028,6430731.851],[5674138.942,6430734.773],[5674137.71,6430737.405],[5674136.549,6430739.817],[5674135.06,6430742.121],[5674133.609,6430745.045],[5674132.161,6430748.699],[5674130.786,6430752.498],[5674129.521,6430756.334],[5674128.219,6430760.279],[5674126.917,6430764.225],[5674125.544,6430768.389],[5674123.805,6430772.555],[5674122.102,6430776.611],[5674120.289,6430780.266],[5674118.474,6430783.556],[5674116.696,6430786.737],[5674114.919,6430790.282],[5674113.216,6430794.338],[5674111.15,6430798.76],[5674108.974,6430803.146],[5674106.613,6430806.985],[5674104.326,6430810.605],[5674102.146,6430813.897],[5674100.003,6430817.078],[5674098.04,6430819.712],[5674096.115,6430822.601],[5674094.334,6430825.051],[5674092.373,6430828.05],[5674090.374,6430830.793],[5674088.083,6430833.318],[5674085.609,6430835.662],[5674082.951,6430837.823],[5674079.928,6430839.621],[5674076.612,6430841.2],[5674073.111,6430841.868],[5674069.973,6430842.17],[5674067.273,6430842.251],[5674063.805,6430842.079],[5674059.715,6430841.216],[5674054.931,6430839.881],[5674049.377,6430837.927],[5674044.189,6430835.972],[5674040.097,6430834.379],[5674037.101,6430833.148],[5674034.252,6430832.573],[5674031.186,6430832.29],[5674028.157,6430832.263],[5674024.838,6430832.748],[5674021.555,6430833.488],[5674017.873,6430834.704],[5674013.716,6430835.519],[5674009.01,6430836.154],[5674003.973,6430835.951],[5673998.641,6430834.8],[5673993.815,6430831.749],[5673989.277,6430827.822],[5673985.541,6430823.308],[5673982.062,6430819.487],[5673978.804,6430816.103],[5673975.514,6430814.289],[5673972.117,6430813.533],[5673968.723,6430813.507],[5673965.151,6430814.759],[5673961.324,6430816.413],[5673957.317,6430818.615],[5673953.091,6430821.11],[5673948.755,6430823.203],[5673944.526,6430824.603],[5673940.623,6430825.382],[5673936.975,6430825.758],[5673933.691,6430825.768],[5673930.335,6430826.362],[5673926.544,6430827.542],[5673922.132,6430828.76],[5673917.246,6430830.308],[5673912.398,6430832.111],[5673907.804,6430833.512],[5673903.355,6430834.475],[5673899.49,6430835.508],[5673895.952,6430836.286],[5673893.253,6430836.732],[5673891.976,6430836.918],[5673839.024,6430836.827],[5673836.582,6430837.966],[5673833.265,6430839.18],[5673829.364,6430840.324],[5673825.025,6430841.688],[5673819.993,6430842.944],[5673814.013,6430844.495],[5673807.887,6430846.12],[5673801.54,6430847.307],[5673796.105,6430847.945],[5673791.58,6430848.032],[5673787.528,6430847.789],[5673784.535,6430847.652],[5673781.723,6430846.967],[5673778.217,6430846.175],[5673774.601,6430844.982],[5673771.167,6430843.971],[5673767.259,6430842.925],[5673763.388,6430842.134],[5673759.08,6430841.563],[5673754.335,6430841.213],[5673750.431,6430841.627],[5673746.235,6430841.822],[5673741.528,6430842.092],[5673736.747,6430841.852],[5673731.819,6430841.319],[5673727.146,6430840.75],[5673723.312,6430840.214],[5673719.588,6430839.715],[5673715.902,6430839.471],[5673712.579,6430838.861],[5673709.875,6430837.847],[5673708.084,6430837.014],[5673707.388,6430836.176],[5673706.874,6430835.156],[5673706.214,6430834.209],[5673704.97,6430833.191],[5673702.995,6430831.811],[5673700.255,6430830.542],[5673697.515,6430829.638],[5673695.689,6430829.279],[5673694.74,6430829.209],[5673693.354,6430829.359],[5673690.689,6430829.331],[5673686.675,6430829.343],[5673682.659,6430828.626],[5673678.858,6430826.886],[5673675.529,6430824.451],[5673673.293,6430821.283],[5673671.459,6430818.004],[5673669.694,6430813.777],[5673667.964,6430809.074],[5673667.184,6430804.807],[5673666.953,6430800.72],[5673667.379,6430796.851],[5673667.693,6430792.215],[5673668.224,6430786.922],[5673668.973,6430781.336],[5673669.76,6430776.37],[5673670.514,6430772.244],[5673671.599,6430768.956],[5673672.794,6430766.069],[5673673.844,6430763.256],[5673675.074,6430759.895],[5673676.157,6430756.242],[5673677.023,6430752.882],[5673677.56,6430749.414],[5673678.096,6430745.945],[5673678.487,6430742.55],[5673678.842,6430739.264],[5673679.051,6430736.052],[5673679.04,6430732.403],[5673678.628,6430729.229],[5673677.779,6430725.911],[5673676.563,6430722.229],[5673675.349,6430719.276],[5673674.32,6430716.871],[5673673.034,6430714.138],[5673672.37,6430711.731],[5673671.706,6430709.325],[5673671.114,6430706.699],[5673670.595,6430704.219],[5673670.039,6430701.484],[5673669.227,6430698.421],[5673668.341,6430695.212],[5673667.494,6430692.624],[5673666.646,6430690.035],[5673665.835,6430687.337],[5673665.317,6430684.857],[5673664.432,6430682.014],[5673663.328,6430679.098],[5673661.859,6430676.183],[5673660.647,6430673.595],[5673659.655,6430671.445],[5673658.919,6430669.623],[5673658.183,6430667.435],[5673657.664,6430664.955],[5673657.108,6430662.22],[5673656.772,6430659.557],[5673656.617,6430656.711],[5673656.57,6430653.536],[5673656.56,6430650.252],[5673656.879,6430647.076],[5673656.978,6430643.828],[5673657.224,6430640.506],[5673657.286,6430637.002],[5673657.714,6430633.863],[5673658.471,6430630.831],[5673659.372,6430627.362],[5673660.201,6430623.746],[5673660.629,6430620.606],[5673660.439,6430618.235],[5673659.813,6430616.448],[5673659.079,6430614.991],[5673658.454,6430613.57],[5673657.574,6430612.186],[5673656.511,6430610.62],[5673655.337,6430608.653],[5673654.089,6430606.54],[5673652.914,6430604.208],[5673651.703,6430601.986],[5673650.71,6430599.471],[5673649.972,6430596.918],[5673649.344,6430594.402],[5673648.789,6430592.032],[5673648.162,6430589.881],[5673647.718,6430587.911],[5673647.493,6430586.014],[5673647.341,6430583.898],[5673647.371,6430581.964],[5673647.328,6430579.884],[5673647.102,6430577.622],[5673646.875,6430574.995],[5673646.174,6430572.333],[5673645.326,6430569.745],[5673644.48,6430567.521],[5673643.452,6430565.481],[5673642.167,6430563.113],[5673640.883,6430560.745],[5673640.036,6430558.521],[5673639.447,6430556.625],[5673639.295,6430554.874],[5673639.107,6430552.867],[5673639.247,6430550.969],[5673639.204,6430548.889],[5673639.125,6430546.919],[5673638.754,6430545.095],[5673638.202,6430543.455],[5673637.904,6430541.777],[5673637.571,6430540.209],[5673637.31,6430538.421],[5673637.049,6430536.634],[5673637.008,6430535.284]]}},{"type":"Feature","properties":{},"geometry":{"type":"LineString","coordinates":[[5674844.898,6430987.347],[5674847.025,6430984.516],[5674849.157,6430981.305],[5674851.249,6430978.208],[5674853.385,6430974.616],[5674855.565,6430970.529],[5674857.631,6430966.403],[5674859.693,6430962.658],[5674861.557,6430959.482],[5674863.382,6430956.419],[5674865.676,6430952.372],[5674868.355,6430947.949],[5674871.918,6430942.813],[5674875.935,6430937.834],[5674879.835,6430933.197],[5674883.581,6430928.634],[5674886.943,6430924.447],[5674890.685,6430920.265],[5674893.775,6430916.493],[5674896.361,6430913.44],[5674898.642,6430910.535],[5674900.769,6430907.704],[5674903.084,6430905.066],[5674905.43,6430903.076],[5674907.736,6430901.199],[5674910.23,6430899.515],[5674912.69,6430897.564],[5674915.465,6430894.703],[5674918.441,6430890.892],[5674921.763,6430886.819],[5674924.896,6430882.553],[5674928.026,6430878.668],[5674931.032,6430875.505],[5674933.886,6430872.417],[5674936.783,6430868.834],[5674939.182,6430865.587],[5674941.699,6430862],[5674944.605,6430857.656],[5674947.743,6430853.009],[5674950.881,6430848.363],[5674953.788,6430844.019],[5674956.23,6430840.278],[5674958.322,6430837.18],[5674959.561,6430835.443],[5674959.946,6430835.067],[5674990.334,6430795.522],[5674991.607,6430794.052],[5674992.92,6430792.468],[5674994.846,6430790.587],[5674996.969,6430788.137],[5674999.634,6430784.856],[5675002.719,6430781.465],[5675005.573,6430778.377],[5675008.54,6430775.328],[5675011.35,6430772.733],[5675014.352,6430769.951],[5675017.586,6430766.867],[5675021.127,6430763.634],[5675024.287,6430760.397],[5675027.412,6430756.892],[5675030.191,6430753.651],[5675033.162,6430750.221],[5675036.292,6430746.336],[5675039.115,6430742.6],[5675041.785,6430738.938],[5675044.223,6430735.578],[5675046.389,6430732.633],[5675048.669,6430729.728],[5675050.95,6430726.823],[5675052.727,6430724.636],[5675054.39,6430722.409],[5675055.979,6430720.029],[5675057.642,6430717.802],[5675059.191,6430715.536],[5675060.78,6430713.156],[5675062.714,6430710.513],[5675064.763,6430707.91],[5675066.653,6430705.762],[5675068.387,6430704.069],[5675069.813,6430702.525],[5675070.929,6430701.51],[5675072.045,6430700.495],[5675073.472,6430698.951],[5675075.437,6430696.956],[5675077.674,6430694.545],[5675080.181,6430691.719],[5675082.462,6430688.814],[5675084.549,6430686.097],[5675086.326,6430683.91],[5675088.178,6430681.876],[5675089.876,6430679.916],[5675091.534,6430678.069],[5675093.193,6430676.223],[5675094.812,6430674.491],[5675096.318,6430672.719],[5675097.863,6430670.833],[5675099.29,6430669.289],[5675100.485,6430668.047],[5675101.679,6430666.804],[5675102.795,6430665.789],[5675104.099,6430664.967],[5675105.561,6430663.69],[5675107.601,6430661.848],[5675109.531,6430659.586],[5675111.85,6430656.567],[5675114.673,6430652.831],[5675117.803,6430648.946],[5675120.696,6430645.744],[5675123.05,6430642.992],[5675125.291,6430640.201],[5675127.261,6430637.825],[5675129.195,6430635.183],[5675131.169,6430632.426],[5675133.178,6430629.937],[5675135.34,6430627.373],[5675137.73,6430624.888],[5675140.119,6430622.404],[5675142.242,6430619.954],[5675144.666,6430617.736],[5675147.244,6430615.443],[5675149.975,6430613.077],[5675152.093,6430611.007],[5675153.87,6430608.82],[5675156.264,6430605.954],[5675159.122,6430602.485],[5675161.792,6430598.823],[5675164.457,6430595.542],[5675166.694,6430593.131],[5675168.392,6430591.172],[5675169.976,6430589.172],[5675171.906,6430586.91],[5675173.841,6430584.268],[5675176.086,6430581.096],[5675177.986,6430578.187],[5675179.422,6430575.881],[5675180.665,6430573.763],[5675182.407,6430571.309],[5675184.306,6430568.4],[5675186.705,6430565.153],[5675188.832,6430562.323],[5675190.381,6430560.056],[5675191.773,6430558.245],[5675193.051,6430556.395],[5675194.325,6430554.925],[5675195.484,6430553.415],[5675196.797,6430551.831],[5675198.15,6430550.134],[5675199.734,6430548.135],[5675201.664,6430545.873],[5675203.555,6430543.725],[5675205.402,6430542.071],[5675207.367,6430540.076],[5675209.529,6430537.513],[5675211.923,6430534.647],[5675214.658,6430531.9],[5675217.507,6430529.192],[5675220.168,6430526.291],[5675222.79,6430523.504],[5675225.643,6430520.416],[5675228.497,6430517.327],[5675230.427,6430515.065],[5675232.318,6430512.917],[5675234.13,6430510.997],[5675236.213,6430508.661],[5675238.139,6430506.779],[5675240.104,6430504.785],[5675241.911,6430503.245],[5675243.452,6430501.74],[5675244.913,6430500.462],[5675246.261,6430499.146],[5675247.727,6430497.487],[5675249.426,6430495.528],[5675251.005,6430493.909],[5675252.739,6430492.216],[5675254.585,6430490.562],[5675256.743,6430488.379],[5675259.172,6430485.781],[5675261.837,6430482.499],[5675264.236,6430479.253],[5675266.131,6430476.724],[5675267.286,6430475.596],[5675267.864,6430475.031],[5675268.814,6430475.233],[5675269.837,6430475.587],[5675270.743,6430476.283],[5675272.252,6430477.443],[5675274.44,6430479.22],[5675276.212,6430480.726],[5675276.85,6430481.457],[5675276.841,6430482.218],[5675276.487,6430483.242],[5675275.738,6430485.403],[5675274.521,6430488.549],[5675273.107,6430492.264],[5675271.811,6430495.637],[5675270.524,6430498.249],[5675269.049,6430500.668],[5675267.303,6430503.503],[5675265.526,6430505.691],[5675263.482,6430507.913],[5675259.906,6430510.879],[5675254.602,6430515.158],[5675249.906,6430519.519],[5675247.464,6430523.26],[5675246.479,6430526.104],[5675245.691,6430528.379],[5675245.1,6430530.085],[5675244.627,6430531.451],[5675244.347,6430532.627],[5675244.062,6430534.185],[5675243.235,6430536.574],[5675242.289,6430539.304],[5675241.343,6430542.034],[5675240.892,6430544.809],[5675241.216,6430546.449],[5675242.445,6430548.786],[5675243.577,6430552.873],[5675243.73,6430556.111],[5675243.668,6430558.129],[5675244.035,6430559.275],[5675244.328,6430560.268],[5675244.507,6430561.222],[5675244.503,6430561.603],[5675245.107,6430562.067],[5675245.969,6430563.257],[5675247.123,6430565.441],[5675248.081,6430568.193],[5675248.509,6430570.635],[5675248.872,6430572.162],[5675249.274,6430573.576],[5675249.559,6430575.33],[5675250.333,6430577.509],[5675251.531,6430579.199],[5675253.338,6430580.971],[5675255.289,6430583.431],[5675257.503,6430586.236],[5675259.76,6430588.547],[5675262.411,6430589.72],[5675265.863,6430590.788],[5675269.968,6430591.445],[5675273.35,6430591.98],[5675275.708,6430592.16],[5675277.231,6430592.178],[5675278.22,6430592.265],[5675279.397,6430592.545],[5675280.762,6430593.018],[5675282.468,6430593.609],[5675284.022,6430594.275],[5675285.724,6430595.246],[5675287.425,6430596.218],[5675289.508,6430597.194],[5675292.466,6430598.219],[5675296.071,6430599.213],[5675300.398,6430600.329],[5675304.459,6430601.481],[5675308.213,6430602.781],[5675311.853,6430604.042],[5675314.356,6430604.909],[5675316.592,6430605.811],[5675318.447,6430606.708],[5675320.223,6430607.833],[5675321.618,6430608.954],[5675322.787,6430609.995],[5675323.578,6430610.652],[5675324.257,6430611.269],[5675325.123,6430612.079],[5675326.212,6430613.348],[5675327.524,6430615.076],[5675329.174,6430617.304],[5675331.317,6430619.575],[5675333.688,6430621.925],[5675335.526,6430624.345],[5675336.527,6430626.604],[5675337.494,6430628.595],[5675338.609,6430630.892],[5675340.022,6430633.802],[5675341.811,6430637.097],[5675343.683,6430639.784],[5675345.223,6430641.592],[5675346.159,6430642.935],[5675346.714,6430644.274],[5675347.003,6430645.648],[5675347.213,6430647.25],[5675347.3,6430649.573],[5675347.872,6430652.702],[5675349.197,6430656.601],[5675351.052,6430660.811],[5675353.445,6430664.57],[5675355.776,6430667.034],[5675357.583,6430668.806],[5675359.088,6430670.347],[5675361.271,6430672.504],[5675363.756,6430674.894],[5675365.825,6430677.012],[5675367.142,6430678.36],[5675367.964,6430679.664],[5675368.782,6430681.349],[5675369.744,6430683.721],[5675370.702,6430686.473],[5675370.982,6430688.609],[5675371.034,6430690.665],[5675370.902,6430692.148],[5675370.652,6430693.973],[5675370.175,6430695.719],[5675369.663,6430697.198],[5675369.186,6430698.943],[5675368.743,6430700.956],[5675368.025,6430703.765],[5675367.451,6430707.261],[5675366.947,6430711.291],[5675367.056,6430715.023],[5675367.624,6430718.533],[5675367.781,6430721.39],[5675367.487,6430723.709],[5675367.08,6430725.989],[5675366.445,6430728.19],[5675365.696,6430730.351],[5675364.948,6430732.512],[5675364.081,6430735.015],[5675362.676,6430737.968],[5675361.38,6430741.342],[5675360.08,6430745.096],[5675358.701,6430749.077],[5675357.164,6430753.514],[5675355.745,6430757.609],[5675354.638,6430761.175],[5675354.261,6430764.102],[5675354.457,6430766.846],[5675354.688,6430769.856],[5675354.815,6430772.066],[5675354.53,6430773.624],[5675354.053,6430775.37],[5675353.225,6430777.758],[5675352.122,6430780.944],[5675350.782,6430784.811],[5675349.364,6430788.907],[5675347.867,6430793.23],[5675346.093,6430798.349],[5675344.206,6430803.428],[5675342.092,6430808.429],[5675340.131,6430813.356],[5675338.515,6430818.02],[5675337.092,6430822.496],[5675335.862,6430826.784],[5675334.898,6430831.037],[5675334.058,6430834.568],[5675333.449,6430837.797],[5675332.954,6430841.065],[5675332.266,6430844.522],[5675331.841,6430848.324],[5675331.757,6430852.245],[5675331.791,6430855.824],[5675331.484,6430859.285],[5675331.103,6430862.593],[5675330.533,6430865.708],[5675329.618,6430869.086],[5675328.432,6430872.88],[5675327.403,6430876.218],[5675326.61,6430878.874],[5675325.665,6430881.604],[5675324.522,6430884.903],[5675323.222,6430888.657],[5675322.079,6430891.956],[5675320.941,6430894.874],[5675319.995,6430897.605],[5675319.098,6430899.46],[5675317.977,6430900.855],[5675316.555,6430902.019],[5675315.281,6430903.489],[5675314.008,6430904.959],[5675312.774,6430906.315],[5675311.806,6430907.636],[5675310.651,6430908.765],[5675309.758,6430910.239],[5675308.55,6430912.624],[5675307.263,6430915.236],[5675305.897,6430918.075],[5675304.566,6430921.182],[5675303.349,6430924.328],[5675302.132,6430927.474],[5675300.871,6430931.114],[5675299.532,6430934.982],[5675298.192,6430938.849],[5675296.734,6430943.058],[5675295.237,6430947.381],[5675294.12,6430951.709],[5675293.117,6430956.075],[5675292.534,6430960.333],[5675292.332,6430964.594],[5675292.135,6430968.476],[5675291.871,6430971.442],[5675291.508,6430973.227],[5675291.223,6430974.785],[5675290.864,6430976.19],[5675290.466,6430977.708],[5675290.032,6430978.959],[5675289.678,6430979.983],[5675289.284,6430981.121],[5675288.968,6430982.031],[5675288.732,6430982.713],[5675288.338,6430983.851],[5675287.707,6430985.671],[5675286.998,6430987.719],[5675286.171,6430990.108],[5675285.146,6430993.065],[5675283.728,6430997.161],[5675282.112,6431001.825],[5675280.418,6431006.716],[5675278.916,6431011.42],[5675277.834,6431016.014],[5675277.295,6431019.777],[5675277.076,6431022.249],[5675276.94,6431024.113],[5675276.612,6431026.165],[5675276.056,6431028.138],[5675275.425,6431029.959],[5675274.361,6431033.03],[5675272.627,6431038.035],[5675270.57,6431044.712],[5675268.118,6431052.527],[5675266.016,6431059.698],[5675264.427,6431065.39],[5675263.073,6431070.4],[5675262.456,6431074.391],[5675262.258,6431078.272],[5675262.139,6431081.925],[5675261.718,6431085.347],[5675261.643,6431088.506],[5675261.608,6431091.552],[5675261.953,6431094.601],[5675262.189,6431097.231],[5675262.613,6431100.054],[5675262.883,6431102.95],[5675263.456,6431106.079],[5675264.256,6431109.287],[5675265.244,6431112.687],[5675266.162,6431115.553],[5675266.748,6431117.539],[5675267.151,6431118.953],[5675267.439,6431120.327],[5675267.802,6431121.854],[5675268.012,6431123.456],[5675268.405,6431125.63],[5675269.057,6431128.531],[5675269.97,6431131.778],[5675270.692,6431135.213],[5675271.339,6431138.495],[5675271.793,6431141.965],[5675272.51,6431145.781],[5675273.533,6431149.448],[5675275.011,6431153.272],[5675276.691,6431156.148],[5675278.751,6431159.027],[5675280.856,6431161.412],[5675282.653,6431163.946],[5675284.071,6431166.476],[5675285.37,6431169.346],[5675286.747,6431171.989],[5675288.099,6431173.604],[5675289.272,6431174.265],[5675290.637,6431174.738],[5675291.888,6431175.171],[5675293.367,6431175.684],[5675294.846,6431176.196],[5675295.983,6431176.59],[5675297.235,6431177.023],[5675298.6,6431177.496],[5675299.965,6431177.969],[5675300.989,6431178.324],[5675301.899,6431178.639],[5675302.581,6431178.875],[5675303.605,6431179.23],[5675305.312,6431179.821],[5675307.246,6431180.491],[5675308.838,6431181.042],[5675310.545,6431181.634],[5675311.796,6431182.067],[5675312.82,6431182.422],[5675314.071,6431182.855],[5675315.743,6431183.179],[5675317.641,6431183.582],[5675319.58,6431183.871],[5675321.558,6431184.047],[5675323.308,6431184.143],[5675325.172,6431184.279],[5675326.922,6431184.376],[5675328.598,6431184.319],[5675330.313,6431184.149],[5675332.028,6431183.979],[5675333.477,6431183.843],[5675334.925,6431183.708]]}},{"type":"Feature","properties":{},"geometry":{"type":"LineString","coordinates":[[5672857.432,6430418.948],[5672858.857,6430419.783],[5672861.089,6430421.491],[5672863.795,6430423.234],[5672866.501,6430424.978],[5672868.914,6430426.503],[5672871.181,6430427.737],[5672873.813,6430429.334],[5672876.885,6430431.442],[5672879.849,6430433.877],[5672882.629,6430436.131],[5672884.493,6430437.111],[5672885.881,6430437.326],[5672887.816,6430437.721],[5672890.81,6430438.223],[5672894.462,6430438.941],[5672897.968,6430439.733],[5672901.036,6430440.746],[5672903.741,6430442.124],[5672906.412,6430444.342],[5672908.682,6430446.67],[5672910.695,6430448.671],[5672912.928,6430450.745],[5672915.16,6430452.818],[5672917.758,6430454.89],[5672920.466,6430457.363],[5672923.396,6430460.638],[5672926.473,6430464.57],[5672929.297,6430468.904],[5672931.608,6430472.948],[5672933.189,6430476.629],[5672934.147,6430479.618],[5672935.14,6430482.133],[5672935.768,6430484.65],[5672936.214,6430486.984],[5672936.732,6430489.464],[5672937.799,6430492.125],[5672939.413,6430494.966],[5672941.358,6430498.281],[5672943.377,6430502.107],[5672945.323,6430506.151],[5672946.467,6430510.053],[5672946.915,6430513.482],[5672947.436,6430516.692],[5672947.809,6430519.245],[5672948.29,6430521.47],[5672948.808,6430523.585],[5672948.995,6430525.226],[5672949.183,6430526.868],[5672949.079,6430528.656],[5672949.158,6430530.627],[5672949.456,6430532.67],[5672949.863,6430534.384],[5672950.305,6430535.623],[5672950.49,6430536.535],[5672950.603,6430537.666],[5672950.39,6430539.418],[5672950.836,6430542.117],[5672952.272,6430546.237],[5672954.076,6430551.45],[5672954.528,6430555.973],[5672953.845,6430559.15],[5672953.084,6430561.087],[5672952.541,6430562.366],[5672951.888,6430563.609],[5672951.418,6430565.034],[5672951.167,6430566.531],[5672951.352,6430567.442],[5672951.827,6430567.477],[5672952.3,6430567.147],[5672954.415,6430566.63],[5672958.536,6430565.559],[5672963.351,6430564.96],[5672967.586,6430565.385],[5672971.716,6430567.598],[5672975.669,6430571.089],[5672979.696,6430575.456],[5672982.593,6430579.936],[5672983.626,6430583.436],[5672983.229,6430585.007],[5672982.905,6430586.358],[5672982.51,6430588.293],[5672982.119,6430591.688],[5672981.804,6430595.959],[5672981.416,6430600.449],[5672980.298,6430604.576],[5672978.703,6430608.304],[5672976.96,6430611.01],[5672974.959,6430613.023],[5672973.03,6430614.817],[5672971.285,6430616.793],[5672969.905,6430619.133],[5672968.673,6430621.764],[5672967.733,6430624.614],[5672967.303,6430627.389],[5672967.275,6430630.053],[5672967.793,6430632.168],[5672969.15,6430634.317],[5672971.932,6430637.301],[5672975.81,6430640.281],[5672979.906,6430642.969],[5672984.329,6430645.4],[5672988.604,6430647.175],[5672992.66,6430648.878],[5672996.171,6430651.13],[5672999.135,6430653.931],[5673001.701,6430657.572],[5673004.304,6430661.469],[5673007.382,6430665.401],[5673010.75,6430668.821],[5673014.663,6430671.327],[5673019.264,6430672.48],[5673024.886,6430673.12],[5673031.129,6430673.721],[5673037.335,6430674.431],[5673043.103,6430674.997],[5673048.395,6430675.163],[5673053.067,6430675.368],[5673057.485,6430676.34],[5673061.249,6430677.824],[5673064.723,6430680.186],[5673068.053,6430682.985],[5673071.346,6430685.895],[5673075.225,6430689.24],[5673080.236,6430692.837],[5673085.976,6430696.432],[5673092.336,6430699.624],[5673098.877,6430702.268],[5673104.43,6430704.221],[5673109.507,6430705.775],[5673113.962,6430706.637],[5673117.393,6430706.918],[5673120.46,6430707.201],[5673123.126,6430707.959],[5673125.465,6430708.973],[5673127.549,6430710.39],[5673129.671,6430712.062],[5673131.357,6430714.32],[5673133.446,6430717.196],[5673135.536,6430720.438],[5673136.934,6430723.937],[5673138.478,6430727.727],[5673139.442,6430732.542],[5673139.165,6430737.433],[5673138.704,6430741.777],[5673138.06,6430745.939],[5673137.415,6430749.737],[5673136.842,6430753.315],[5673136.671,6430756.782],[5673136.973,6430760.285],[5673137.35,6430763.933],[5673137.762,6430767.471],[5673138.139,6430771.485],[5673138.334,6430775.316],[5673138.419,6430779.111],[5673138.503,6430782.906],[5673138.987,6430785.861],[5673140.526,6430787.826],[5673142.391,6430789.171],[5673144.549,6430790.734],[5673146.489,6430792.589],[5673148.431,6430795.174],[5673150.193,6430798.307],[5673151.626,6430801.696],[5673152.914,6430805.159],[5673153.436,6430808.734],[5673153.886,6430812.528],[5673154.118,6430816.614],[5673154.75,6430820.59],[5673155.602,6430824.639],[5673156.854,6430828.211],[5673158.14,6430830.944],[5673159.243,6430833.495],[5673160.272,6430835.901],[5673161.484,6430838.488],[5673162.696,6430841.075],[5673164.092,6430843.844],[5673164.94,6430846.798],[5673165.643,6430849.825],[5673165.909,6430853.072],[5673166.137,6430856.064],[5673166.328,6430858.8],[5673166.08,6430861.392],[5673166.016,6430864.166],[5673165.842,6430866.903],[5673165.595,6430869.495],[5673165.383,6430871.977],[5673164.879,6430874.241],[5673164.63,6430876.103],[5673164.635,6430877.928],[5673164.86,6430879.825],[5673165.779,6430881.829],[5673166.808,6430884.235],[5673168.093,6430886.603],[5673169.778,6430888.86],[5673171.572,6430890.789],[5673172.816,6430891.807],[5673173.364,6430891.988],[5673175.008,6430892.53],[5673177.272,6430893.034],[5673179.319,6430893.83],[5673180.598,6430894.374],[5673181.331,6430895.466],[5673181.956,6430896.888],[5673182.473,6430899.003],[5673183.175,6430901.665],[5673183.951,6430904.837],[5673185.056,6430908.118],[5673186.087,6430911.253],[5673187.155,6430914.279],[5673188.222,6430916.94],[5673189.362,6430919.746],[5673190.538,6430922.443],[5673191.604,6430925.104],[5673192.779,6430927.436],[5673193.918,6430929.878],[5673195.093,6430932.21],[5673196.013,6430934.579],[5673197.115,6430936.765],[5673198.07,6430939.025],[5673199.062,6430941.175],[5673199.762,6430943.107],[5673200.315,6430945.112],[5673200.686,6430946.936],[5673200.872,6430948.212],[5673200.91,6430948.468],[5673219.592,6430971.036],[5673220.542,6430971.471],[5673222.478,6430972.231],[5673224.927,6430973.282],[5673227.411,6430974.223],[5673229.42,6430974.764],[5673230.843,6430974.87],[5673232.047,6430974.537],[5673233.396,6430974.132],[5673235.001,6430974.054],[5673236.973,6430974.34],[5673239.312,6430975.354],[5673241.579,6430976.953],[5673242.716,6430978.665],[5673243.78,6430980.595],[5673245.541,6430983.729],[5673248.182,6430987.881],[5673250.895,6430991.814],[5673253.493,6430994.251],[5673256.198,6430995.629],[5673259.267,6430996.641],[5673261.933,6430997.399],[5673265.184,6430998.229],[5673269.311,6430999.347],[5673273.804,6431000.83],[5673278.297,6431002.312],[5673281.512,6431003.251],[5673282.095,6431002.957],[5673284.028,6431002.623],[5673286.91,6431002.358],[5673290.85,6431001.835],[5673294.79,6431001.312],[5673298.328,6431000.9],[5673301.428,6431000.343],[5673304.748,6430999.858],[5673307.775,6430999.155],[5673309.708,6430998.821],[5673311.131,6430998.926],[5673312.738,6430999.213],[5673314.636,6430999.353],[5673316.973,6430999.638],[5673319.565,6430999.885],[5673322.705,6431000.678],[5673326.615,6431002.089],[5673331.327,6431003.644],[5673335.893,6431004.907],[5673340.31,6431005.514],[5673344.654,6431005.61],[5673349.142,6431005.632],[5673353.886,6431005.618],[5673358.741,6431006.004],[5673363.853,6431006.718],[5673368.674,6431007.944],[5673373.386,6431009.499],[5673378.063,6431011.163],[5673382.301,6431012.682],[5673386.794,6431014.165],[5673390.886,6431015.758],[5673394.541,6431017.571],[5673397.977,6431019.312],[5673400.83,6431021.347],[5673404.085,6431023.636],[5673407.377,6431026.18],[5673410.742,6431028.506],[5673414.032,6431030.32],[5673417.212,6431032.098],[5673420.136,6431033.549],[5673423.096,6431034.89],[5673425.985,6431036.815],[5673428.694,6431039.289],[5673431.439,6431042.017],[5673433.967,6431045.038],[5673436.276,6431048.352],[5673438.33,6431051.703],[5673440.603,6431055.127],[5673442.621,6431058.587],[5673445.003,6431061.682],[5673447.239,6431064.85],[5673449.474,6431067.653],[5673451.891,6431070.638],[5673455.079,6431074.606],[5673458.999,6431079.666],[5673462.884,6431084.837],[5673466.55,6431090.299],[5673470.18,6431095.872],[5673473.188,6431100.752],[5673475.792,6431105.014],[5673478.103,6431109.058],[5673480.231,6431112.555],[5673482.103,6431116.089],[5673483.937,6431119.003],[5673485.807,6431121.807],[5673487.712,6431124.136],[5673489.981,6431126.465],[5673492.726,6431128.829],[5673495.544,6431131.338],[5673498.654,6431134.065],[5673501.728,6431136.902],[5673504.694,6431140.068],[5673507.296,6431143.6],[5673510.081,6431147.314],[5673512.501,6431151.029],[5673514.556,6431154.745],[5673516.064,6431158.28],[5673517.06,6431161.89],[5673518.167,6431165.901],[5673519.312,6431170.167],[5673520.237,6431174.361],[5673521.054,6431178.883],[5673521.76,6431183.005],[5673522.577,6431187.528],[5673523.357,6431191.795],[5673523.661,6431195.663],[5673523.928,6431199.64],[5673524.014,6431203.8],[5673523.917,6431207.778],[5673524.003,6431211.938],[5673523.832,6431215.77],[5673523.296,6431219.239],[5673522.539,6431222.27],[5673521.198,6431225.23],[5673519.457,6431228.666],[5673517.388,6431232.358],[5673515.137,6431236.234],[5673512.997,6431240.51],[5673511.113,6431244.749],[5673509.484,6431248.951],[5673508.036,6431252.97],[5673506.661,6431256.769],[5673505.504,6431260.276],[5673504.42,6431263.564],[5673503.517,6431266.669],[5673502.505,6431269.738],[5673501.456,6431272.916],[5673500.335,6431276.313],[5673499.069,6431279.784],[5673497.837,6431282.78],[5673496.349,6431285.449],[5673494.605,6431287.79],[5673492.97,6431290.167],[5673491.152,6431292.362],[5673489.407,6431294.338],[5673487.734,6431296.46],[5673485.807,6431298.619],[5673484.025,6431300.705],[5673482.134,6431302.755],[5673479.987,6431304.841],[5673477.803,6431306.673],[5673475.836,6431307.847],[5673474.014,6431308.582],[5673472.446,6431308.916],[5673470.804,6431309.103],[5673469.563,6431309.18],[5673468.323,6431309.257],[5673467.119,6431309.224],[5673465.95,6431309.082],[5673464.818,6431308.83],[5673463.503,6431308.396],[5673461.933,6431307.999],[5673460.033,6431307.494],[5673457.879,6431307.027],[5673455.651,6431306.413],[5673453.568,6431305.726],[5673451.304,6431305.222],[5673449.04,6431304.718],[5673446.557,6431304.142],[5673444.366,6431303.784],[5673442.431,6431303.388],[5673441.007,6431303.283],[5673440.497,6431303.723],[5673440.244,6431304.49],[5673439.955,6431305.367],[5673439.666,6431306.244],[5673439.522,6431307.047],[5673439.307,6431308.069],[5673439.017,6431308.946],[5673440.151,6431309.563],[5673441.832,6431310.361],[5673444.315,6431310.937],[5673447.091,6431311.731],[5673449.284,6431312.819],[5673451.695,6431313.615],[5673454.618,6431314.7],[5673457.942,6431315.675],[5673461.668,6431316.905],[5673465.504,6431318.17],[5673469.266,6431319.29],[5673472.518,6431320.484],[5673475.624,6431321.752],[5673478.803,6431323.165],[5673482.093,6431324.979],[5673485.639,6431326.757],[5673488.527,6431328.317],[5673490.099,6431329.443],[5673490.576,6431330.208],[5673490.542,6431331.048],[5673490.182,6431332.509],[5673489.276,6431334.519],[5673487.311,6431336.422],[5673484.287,6431338.22],[5673480.386,6431339.363],[5673476.01,6431340.472],[5673470.977,6431341.363],[5673465.397,6431342.439],[5673459.453,6431343.88],[5673453.18,6431345.214],[5673447.09,6431346.729],[5673441.146,6431348.17],[5673435.932,6431349.61],[5673431.411,6431351.157],[5673427.074,6431352.885],[5673423.503,6431354.502],[5673420.808,6431356.408],[5673418.259,6431358.241],[5673416.039,6431360.182],[5673413.677,6431363.291],[5673410.659,6431366.913],[5673407.458,6431370.354],[5673403.965,6431373.576],[5673400.362,6431376.762],[5673396.868,6431379.984],[5673393.522,6431383.498],[5673390.285,6431387.048],[5673387.411,6431390.232],[5673384.5,6431392.795],[5673381.879,6431394.847],[5673379.366,6431396.57],[5673377.182,6431398.402],[5673374.925,6431400.087],[5673372.85,6431401.955],[5673371.105,6431403.931],[5673369.286,6431405.761],[5673367.83,6431407.226],[5673366.631,6431408.653],[5673365.467,6431409.97],[5673364.194,6431411.251],[5673362.737,6431412.351],[5673361.023,6431412.757],[5673359.126,6431412.982],[5673357.556,6431412.586],[5673356.023,6431412.444],[5673354.671,6431412.12],[5673353.138,6431411.979],[5673351.386,6431411.765],[5673349.452,6431411.735],[5673347.226,6431411.851],[5673345.293,6431412.186],[5673343.361,6431412.885],[5673341.319,6431413.548],[5673339.169,6431414.54],[5673336.362,6431415.68],[5673333.446,6431416.784],[5673330.421,6431417.852],[5673327.468,6431419.065],[5673324.407,6431420.242],[5673321.527,6431421.237],[5673318.792,6431422.158],[5673316.059,6431423.443],[5673313.326,6431424.729],[5673310.594,6431426.38],[5673308.046,6431428.212],[5673305.679,6431429.862],[5673303.421,6431431.548],[5673301.237,6431433.379],[5673299.345,6431435.064],[5673297.673,6431437.185],[5673295.855,6431439.381],[5673294.073,6431441.466],[5673292.401,6431443.588],[5673290.947,6431445.417],[5673289.638,6431447.173],[5673288.766,6431448.344],[5673288.366,6431448.819],[5673276.007,6431464.55]]}},{"type":"Feature","properties":{},"geometry":{"type":"LineString","coordinates":[[5673637.008,6430535.284],[5673636.969,6430534.299],[5673637.075,6430533.24],[5673637.254,6430531.962],[5673637.649,6430530.027],[5673638.299,6430527.689],[5673639.019,6430524.767],[5673639.74,6430521.846],[5673639.988,6430519.254],[5673639.87,6430516.663],[5673639.534,6430514],[5673639.125,6430511.556],[5673638.532,6430508.931],[5673638.379,6430506.449],[5673638.591,6430504.332],[5673638.914,6430502.616],[5673639.201,6430501.009],[5673639.488,6430499.403],[5673639.845,6430496.847],[5673639.874,6430494.183],[5673639.535,6430490.79],[5673639.341,6430487.324],[5673638.892,6430483.53],[5673638.149,6430479.518],[5673637.443,6430475.396],[5673636.519,6430471.567],[5673635.668,6430467.884],[5673635.112,6430465.149],[5673634.776,6430462.486],[5673634.841,6430460.077],[5673635.128,6430458.47],[5673635.196,6430456.791],[5673635.263,6430454.747],[5673635.038,6430452.85],[5673634.521,6430451.1],[5673633.824,6430449.898],[5673633.127,6430448.696],[5673632.065,6430447.495],[5673630.93,6430446.148],[5673629.392,6430444.547],[5673627.964,6430442.982],[5673626.572,6430441.308],[5673625.362,6430439.451],[5673624.956,6430438.102],[5673624.769,6430436.46],[5673624.655,6430434.964],[5673624.173,6430432.739],[5673623.62,6430430.734],[5673622.959,6430429.422],[5673622.52,6430429.278],[5673622.162,6430431.468],[5673621.917,6430434.79],[5673621.636,6430438.221],[5673621.975,6430441.614],[5673622.825,6430445.297],[5673623.24,6430449.566],[5673623.947,6430454.053],[5673624.581,6430458.393],[5673624.993,6430461.567],[5673625.657,6430463.974],[5673625.991,6430465.907],[5673626.326,6430467.84],[5673626.443,6430470.431],[5673626.746,6430473.933],[5673626.979,6430478.385],[5673626.921,6430483.348],[5673626.499,6430488.312],[5673626.039,6430493.021],[5673625.614,6430497.256],[5673625.224,6430501.016],[5673625.233,6430503.936],[5673625.277,6430506.381],[5673625.468,6430509.117],[5673625.881,6430512.656],[5673626.075,6430516.487],[5673626.525,6430520.281],[5673627.084,6430524.111],[5673627.862,6430528.013],[5673628.789,6430532.572],[5673629.422,6430536.548],[5673629.758,6430539.211],[5673629.653,6430540.635],[5673629.437,6430541.657],[5673628.967,6430543.082],[5673628.317,6430545.055],[5673627.485,6430547.575],[5673626.875,6430550.898],[5673626.558,6430554.439],[5673626.497,6430558.308],[5673626.473,6430562.431],[5673626.413,6430566.665],[5673626.317,6430571.008],[5673626.329,6430575.022],[5673626.597,6430578.999],[5673627.52,6430582.463],[5673628.772,6430586.036],[5673630.097,6430589.754],[5673631.276,6430593.181],[5673632.199,6430596.645],[5673632.539,6430600.403],[5673632.22,6430603.579],[5673631.719,6430606.573],[5673631.033,6430609.02],[5673630.31,6430611.212],[5673629.476,6430613.003],[5673628.677,6430614.319],[5673627.95,6430615.051],[5673627.332,6430615.819],[5673626.423,6430617.099],[5673625.189,6430619.366],[5673623.849,6430622.691],[5673622.474,6430626.49],[5673620.99,6430630.254],[5673619.541,6430633.908],[5673617.801,6430637.709],[5673615.915,6430641.218],[5673614.136,6430644.398],[5673612.648,6430647.067],[5673611.086,6430649.225],[5673609.634,6430651.784],[5673608.147,6430654.818],[5673606.624,6430657.961],[5673605.248,6430661.395],[5673603.981,6430664.866],[5673602.825,6430668.373],[5673601.741,6430672.026],[5673600.658,6430675.679],[5673599.72,6430679.258],[5673598.854,6430682.618],[5673597.879,6430685.942],[5673597.086,6430689.083],[5673596.439,6430692.151],[5673595.718,6430695.072],[5673595.326,6430698.102],[5673595.117,6430701.315],[5673595.126,6430704.234],[5673595.247,6430707.92],[5673595.405,6430711.86],[5673595.381,6430715.984],[5673595.176,6430720.291],[5673594.862,6430724.927],[5673594.363,6430729.016],[5673593.864,6430732.74],[5673593.328,6430736.573],[5673592.865,6430740.188],[5673592.439,6430744.057],[5673591.54,6430748.257],[5673590.349,6430752.603],[5673588.903,6430756.987],[5673587.529,6430761.152],[5673586.484,6430765.425],[5673585.548,6430769.734],[5673584.868,6430774.006],[5673584.371,6430778.459],[5673583.838,6430783.023],[5673583.049,6430787.623],[5673582.078,6430792.042],[5673580.959,6430796.169],[5673579.841,6430800.297],[5673578.796,6430804.57],[5673577.861,6430809.244],[5673576.673,6430814.32],[5673575.118,6430819.033],[5673573.744,6430823.197],[5673572.515,6430826.923],[5673571.322,6430830.54],[5673570.238,6430834.193],[5673569.484,6430837.954],[5673568.583,6430841.789],[5673567.465,6430845.916],[5673566.129,6430850.701],[5673564.321,6430856.18],[5673562.295,6430861.588],[5673559.828,6430866.486],[5673557.541,6430870.47],[5673555.144,6430874.054],[5673552.963,6430876.981],[5673550.708,6430879.396],[5673548.38,6430881.666],[5673545.903,6430883.279],[5673543.388,6430884.272],[5673540.872,6430884.901],[5673537.735,6430885.567],[5673534.306,6430886.016],[5673530.876,6430886.099],[5673527.552,6430885.124],[5673524.774,6430883.6],[5673522.615,6430881.673],[5673520.492,6430879.636],[5673518.259,6430877.562],[5673515.478,6430874.944],[5673512.184,6430872.034],[5673508.234,6430869.273],[5673504.104,6430867.06],[5673500.195,6430865.648],[5673496.797,6430864.528],[5673493.4,6430863.407],[5673489.747,6430862.323],[5673485.803,6430861.387],[5673481.75,6430860.779],[5673477.589,6430860.5],[5673473.101,6430860.842],[5673467.993,6430861.223],[5673462.302,6430861.897],[5673455.88,6430862.209],[5673448.909,6430861.975],[5673442.377,6430861.886],[5673436.573,6430861.43],[5673431.717,6430860.678],[5673427.518,6430860.144],[5673423.904,6430859.681],[5673420.657,6430859.946],[5673417.009,6430860.323],[5673413.507,6430860.99],[5673409.751,6430861.695],[5673405.958,6430862.51],[5673402.531,6430863.688],[5673398.921,6430864.685],[5673394.983,6430865.573],[5673390.934,6430866.425],[5673387.36,6430866.947],[5673383.601,6430866.922],[5673379.402,6430866.388],[5673374.765,6430865.709],[5673369.726,6430864.775],[5673364.395,6430863.624],[5673359.026,6430862.217],[5673353.84,6430860.993],[5673349.091,6430859.548],[5673344.963,6430858.064],[5673341.054,6430856.653],[5673337.545,6430855.131],[5673334.33,6430853.827],[5673331.443,6430852.632],[5673328.336,6430850.999],[5673325.155,6430848.856],[5673321.497,6430846.313],[5673318.314,6430843.44],[5673316.188,6430840.673],[5673314.688,6430839.327],[5673312.639,6430837.801],[5673308.909,6430835.112],[5673304.156,6430832.207],[5673299.44,6430829.558],[5673294.98,6430827.236],[5673291.07,6430825.46],[5673287.122,6430823.428],[5673283.832,6430821.614],[5673281.09,6430819.98],[5673278.639,6430818.199],[5673276.772,6430816.125],[5673275.562,6430814.268],[5673275.377,6430813.356],[5673275.302,6430812.845],[5673274.752,6430811.935],[5673272.554,6430809.387],[5673268.784,6430805.713],[5673264.356,6430801.821],[5673260.186,6430798.623],[5673257.041,6430796.37],[5673254.845,6430794.552],[5673253.015,6430792.733],[5673251.294,6430790.95],[5673249.719,6430789.094],[5673248.727,6430786.944],[5673248.502,6430785.047],[5673248.679,6430783.039],[5673249.145,6430780.52],[5673249.793,6430777.452],[5673249.855,6430773.949],[5673249.115,6430770.666],[5673247.429,6430768.409],[5673245.308,6430767.102],[5673242.714,6430766.125],[5673239.829,6430765.294],[5673236.102,6430764.065],[5673231.866,6430762.91],[5673228.286,6430761.972],[5673224.708,6430761.4],[5673221.824,6430760.934],[5673221.278,6430761.483],[5673220.914,6430761.849],[5673219.271,6430761.672],[5673217.083,6430762.044],[5673215.404,6430761.976],[5673214.345,6430761.87],[5673201.64,6430760.23],[5673200.579,6430759.394],[5673199.151,6430757.829],[5673198.122,6430755.424],[5673197.75,6430753.236],[5673197.344,6430751.522],[5673196.207,6430749.81],[5673194.556,6430747.078],[5673193.014,6430744.017],[5673191.397,6430740.446],[5673189.562,6430737.167],[5673187.729,6430734.253],[5673185.861,6430732.179],[5673184.142,6430730.761],[5673182.824,6430729.597],[5673181.689,6430728.25],[5673180.479,6430726.393],[5673178.939,6430724.062],[5673177.69,6430721.585],[5673176.589,6430719.398],[5673175.669,6430717.029],[5673174.31,6430714.15],[5673172.621,6430710.798],[5673170.641,6430707.958],[5673168.664,6430705.847],[5673166.03,6430703.885],[5673163.214,6430701.74],[5673160.104,6430699.378],[5673157.323,6430696.759],[5673154.723,6430693.957],[5673152.232,6430690.826],[5673149.849,6430687.367],[5673147.576,6430683.943],[5673144.864,6430680.375],[5673142.116,6430676.917],[5673139.295,6430673.313],[5673136.62,6430669.635],[5673133.762,6430666.14],[5673131.199,6430663.229],[5673128.309,6430660.939],[5673125.421,6430659.378],[5673122.35,6430657.636],[5673119.461,6430655.711],[5673116.644,6430653.567],[5673114.047,6430651.495],[5673111.598,6430650.444],[5673109.226,6430650.269],[5673106.819,6430650.933],[5673104.086,6430652.219],[5673100.622,6430653.142],[5673096.681,6430653.3],[5673092.884,6430652.655],[5673089.742,6430651.497],[5673087.072,6430649.644],[5673085.021,6430647.388],[5673083.117,6430645.058],[5673081.357,6430642.655],[5673079.708,6430640.288],[5673077.878,6430638.469],[5673075.72,6430636.906],[5673073.38,6430635.527],[5673071.076,6430634.038],[5673068.955,6430632.73],[5673066.908,6430631.569],[5673065.008,6430630.699],[5673062.778,6430629.721],[5673060.404,6430628.816],[5673057.811,6430628.203],[5673055.108,6430627.555],[5673052.552,6430627.198],[5673049.922,6430626.33],[5673047.4,6430625.133],[5673044.914,6430623.462],[5673042.755,6430621.535],[5673041.033,6430619.387],[5673039.2,6430616.838],[5673037.331,6430614.399],[5673035.171,6430612.107],[5673033.159,6430610.471],[5673031.184,6430609.09],[5673029.209,6430607.709],[5673027.417,6430606.511],[5673025.553,6430605.531],[5673023.432,6430604.224],[5673020.835,6430602.152],[5673018.161,6430599.204],[5673015.705,6430595.599],[5673014.197,6430591.699],[5673013.675,6430588.124],[5673012.864,6430585.426],[5673011.872,6430583.276],[5673010.662,6430581.418],[5673009.341,6430579.16],[5673007.836,6430576.354],[5673006.001,6430573.076],[5673004.384,6430569.504],[5673002.987,6430566.005],[5673002.137,6430562.687],[5673001.435,6430560.025],[5673001.173,6430557.873],[5673000.912,6430556.085],[5673000.469,6430554.481],[5672999.551,6430552.477],[5672998.411,6430549.67],[5672996.649,6430546.537],[5672994.304,6430543.333],[5672991.445,6430539.473],[5672988.294,6430535.396],[5672984.997,6430531.392],[5672982.176,6430527.788],[5672979.978,6430524.875],[5672978.328,6430522.508],[5672976.569,6430520.105],[5672975.101,6430517.555],[5672973.889,6430514.967],[5672972.821,6430511.942],[5672972.155,6430508.805],[5672971.854,6430506.033],[5672971.846,6430503.478],[5672971.582,6430500.596],[5672971.208,6430497.678],[5672970.834,6430494.759],[5672970.278,6430492.024],[5672969.54,6430489.472],[5672968.73,6430487.139],[5672967.701,6430484.733],[5672966.489,6430482.146],[5672964.692,6430479.487],[5672962.568,6430477.085],[5672960.079,6430474.684],[5672957.591,6430472.648],[5672955.177,6430470.758],[5672952.836,6430469.014],[5672950.86,6430467.268],[5672948.663,6430465.085],[5672946.831,6430462.537],[5672945.143,6430459.549],[5672943.638,6430456.744],[5672942.389,6430454.266],[5672940.814,6430452.41],[5672939.386,6430450.845],[5672937.886,6430449.499],[5672936.459,6430448.3],[5672935.251,6430447.172],[5672934.702,6430446.626],[5672934.372,6430446.153],[5672933.128,6430445.135],[5672931.299,6430443.681],[5672928.737,6430441.499],[5672926.176,6430439.317],[5672923.835,6430437.573],[5672921.568,6430435.974],[5672919.41,6430434.412],[5672917.142,6430432.813],[5672914.839,6430431.689],[5672912.391,6430430.638],[5672909.797,6430429.661],[5672907.24,6430428.939],[5672904.829,6430428.143],[5672902.747,6430427.457],[5672900.774,6430426.806],[5672898.692,6430426.119],[5672896.392,6430425.725],[5672894.127,6430425.221],[5672892.959,6430425.078],[5672892.229,6430425.081],[5672891.171,6430424.974],[5672888.322,6430424.399],[5672884.415,6430423.718],[5672880.947,6430423.181],[5672878.427,6430422.715],[5672876.857,6430422.318],[5672875.542,6430421.884],[5672874.153,6430421.305],[5672872.362,6430420.471],[5672870.681,6430419.673],[5672869.584,6430418.947],[5672868.121,6430417.856],[5672865.852,6430415.893],[5672863.145,6430413.785],[5672861.058,6430411.638],[5672860.289,6430410.655],[5672859.483,6430409.782],[5672858.384,6430408.325],[5672857.064,6430406.432],[5672855.671,6430404.392],[5672854.461,6430402.535],[5672854.204,6430401.842],[5672854.13,6430401.697],[5672853.437,6430401.589],[5672852.852,6430401.518],[5672852.378,6430401.483],[5672852.051,6430402.104],[5672851.98,6430402.689],[5672851.946,6430403.528],[5672851.912,6430404.367],[5672852.171,6430405.425],[5672852.359,6430407.067],[5672852.545,6430408.343],[5672852.803,6430409.036],[5672853.317,6430410.056],[5672854.162,6430411.915],[5672855.448,6430414.648],[5672856.77,6430417.271],[5672857.432,6430418.948]]}},{"type":"Feature","properties":{},"geometry":{"type":"LineString","coordinates":[[5674846.417,6430300.531],[5674879.883,6430313.634],[5674881.664,6430314.378],[5674883.064,6430315.118],[5674884.503,6430315.744],[5674885.374,6430316.173],[5674886.279,6430316.869],[5674887.185,6430317.565],[5674888.467,6430318.646],[5674890.199,6430320.265],[5674892.041,6430322.305],[5674894.066,6430324.917],[5674895.969,6430328.252],[5674897.635,6430332.269],[5674898.96,6430336.168],[5674900.329,6430339.573],[5674901.436,6430342.631],[5674902.621,6430345.463],[5674903.811,6430347.913],[5674905.416,6430350.635],[5674907.288,6430353.322],[5674909.051,6430355.589],[5674911.199,6430357.48],[5674913.347,6430359.371],[5674915.233,6430360.915],[5674917.119,6430362.46],[5674918.965,6430364.119],[5674920.811,6430365.778],[5674923.156,6430367.1],[5674926.227,6430368.164],[5674929.264,6430368.961],[5674931.771,6430369.447],[5674934.165,6430369.894],[5674936.558,6430370.34],[5674938.803,6430370.481],[5674941.358,6430370.092],[5674944.032,6430369.362],[5674946.78,6430368.785],[5674949.37,6430368.663],[5674952.074,6430368.58],[5674954.205,6430368.681],[5674955.684,6430369.193],[5674957.163,6430369.706],[5674958.983,6430370.336],[5674960.764,6430371.08],[5674962.54,6430372.205],[5674963.975,6430373.212],[5674964.959,6430373.68],[5674966.058,6430374.188],[5674967.27,6430374.735],[5674969.203,6430375.405],[5674971.365,6430376.154],[5674972.844,6430376.666],[5674973.981,6430377.06],[5674974.891,6430377.375],[5674975.723,6430377.918],[5674976.742,6430378.653],[5674977.534,6430379.31],[5674978.098,6430379.887],[5674978.663,6430380.465],[5674979.144,6430381.651],[5674979.625,6430382.837],[5674979.953,6430384.097],[5674980.092,6430385.165],[5674979.808,6430386.723],[5674979.177,6430388.543],[5674978.472,6430390.21],[5674977.89,6430391.155],[5674977.313,6430391.719],[5674976.122,6430392.581],[5674974.586,6430393.705],[5674972.897,6430394.904],[5674970.866,6430395.984],[5674968.608,6430396.986],[5674966.39,6430397.873],[5674964.71,6430398.311],[5674962.99,6430398.862],[5674961.043,6430399.334],[5674959.55,6430399.964],[5674959.008,6430400.795],[5674958.767,6430401.858],[5674959.055,6430403.232],[5674959.458,6430404.645],[5674960.24,6430406.063],[5674961.513,6430407.906],[5674962.48,6430409.897],[5674963.337,6430411.468],[5674964.199,6430412.658],[5674965.363,6430414.08],[5674966.745,6430416.343],[5674967.9,6430418.527],[5674968.599,6430420.553],[5674969.374,6430422.732],[5674970.222,6430425.064],[5674971.026,6430427.891],[5674971.752,6430430.945],[5674972.128,6430434.643],[5674972.696,6430438.152],[5674973.194,6430441.128],[5674973.732,6430443.99],[5674974.462,6430446.663],[5674975.42,6430449.416],[5674976.264,6430452.129],[5674977.379,6430454.426],[5674978.604,6430457.144],[5674980.695,6430460.671],[5674982.484,6430463.966],[5674984.535,6430467.607],[5674986.512,6430471.095],[5674988.459,6430473.935],[5674989.915,6430476.35],[5674991.402,6430479.414],[5674993.336,6430483.396],[5674995.33,6430488.673],[5674996.379,6430493.369],[5674996.982,6430497.145],[5674997.292,6430499.928],[5674997.375,6430502.632],[5674997.423,6430505.069],[5674997.203,6430507.541],[5674996.945,6430510.127],[5674996.489,6430513.282],[5674995.915,6430516.778],[5674994.851,6430519.85],[5674994.295,6430521.823],[5674994.05,6430523.267],[5674994.146,6430524.829],[5674994.841,6430527.236],[5674996.022,6430530.448],[5674997.202,6430533.66],[5674998.235,6430536.565],[5674998.925,6430539.353],[5674999.494,6430542.862],[5674999.681,6430546.367],[5674999.903,6430550.139],[5674999.977,6430553.604],[5674999.596,6430556.912],[5674998.681,6430560.29],[5674997.853,6430562.679],[5674997.262,6430564.385],[5674996.671,6430566.092],[5674996.08,6430567.798],[5674995.568,6430569.277],[5674994.942,6430570.716],[5674994.36,6430571.661],[5674993.16,6430573.284],[5674990.963,6430575.581],[5674988.989,6430578.337],[5674987.059,6430580.599],[5674985.786,6430582.069],[5674984.63,6430583.198],[5674983.475,6430584.327],[5674981.821,6430585.792],[5674980.359,6430587.069],[5674978.74,6430588.802],[5674977.422,6430590.766],[5674976.52,6430593.002],[5674975.535,6430595.846],[5674974.497,6430599.946],[5674973.495,6430604.312],[5674972.19,6430608.447],[5674971.121,6430611.899],[5674970.058,6430614.971],[5674969.072,6430617.815],[5674968.087,6430620.659],[5674967.102,6430623.503],[5674966.047,6430625.813],[5674964.76,6430628.425],[5674962.891,6430631.982],[5674960.904,6430635.88],[5674959.074,6430639.323],[5674957.59,6430642.504],[5674956.22,6430645.724],[5674954.924,6430649.098],[5674953.742,6430652.51],[5674952.481,6430656.151],[5674951.181,6430659.905],[5674949.881,6430663.659],[5674948.856,6430666.617],[5674948.143,6430669.045],[5674948.076,6430671.443],[5674948.203,6430673.652],[5674948.404,6430676.015],[5674948.338,6430678.413],[5674948.311,6430680.697],[5674948.057,6430682.902],[5674947.842,6430684.994],[5674947.706,6430686.858],[5674947.762,6430688.534],[5674948.077,6430690.936],[5674948.798,6430694.371],[5674949.436,6430698.414],[5674949.387,6430702.602],[5674948.345,6430707.082],[5674947.124,6430710.609],[5674945.955,6430712.879],[5674944.686,6430713.969],[5674943.075,6430714.94],[5674941.193,6430716.327],[5674939.504,6430717.525],[5674938.266,6430719.262],[5674937.246,6430721.839],[5674936.295,6430724.95],[5674935.717,6430728.827],[5674935.125,6430733.845],[5674934.297,6430739.547],[5674933.404,6430744.333],[5674932.48,6430748.473],[5674931.787,6430752.31],[5674931.358,6430756.493],[5674931.165,6430759.993],[5674931.099,6430762.391],[5674931.006,6430763.761],[5674930.652,6430764.785],[5674930.179,6430766.15],[5674929.351,6430768.539],[5674928.445,6430771.155],[5674927.46,6430773.999],[5674926.514,6430776.729],[5674925.648,6430779.232],[5674924.859,6430781.507],[5674924.417,6430783.52],[5674924.163,6430785.725],[5674923.598,6430788.46],[5674922.692,6430791.076],[5674921.707,6430793.92],[5674920.682,6430796.878],[5674919.421,6430800.518],[5674918.042,6430804.5],[5674916.589,6430808.328],[5674914.903,6430812.458],[5674913.266,6430815.713],[5674912.062,6430817.717],[5674910.824,6430819.454],[5674909.393,6430821.379],[5674907.655,6430823.453],[5674906.298,6430825.531],[5674904.714,6430827.53],[5674902.784,6430829.792],[5674901.239,6430831.678],[5674899.773,6430833.336],[5674898.425,6430834.653],[5674897.23,6430835.895],[5674895.689,6430837.4],[5674893.689,6430839.128],[5674891.571,6430841.197],[5674889.453,6430843.266],[5674887.645,6430844.806],[5674886.105,6430846.311],[5674884.801,6430847.134],[5674883.759,6430848.302],[5674882.564,6430849.544],[5674881.177,6430850.975],[5674879.671,6430852.746],[5674877.588,6430855.083],[5674875.466,6430857.533],[5674873.181,6430860.818],[5674870.086,6430864.97],[5674866.305,6430869.266],[5674862.257,6430873.597],[5674858.782,6430877.745],[5674855.267,6430882.006],[5674851.832,6430886.039],[5674848.855,6430889.85],[5674846.304,6430893.171],[5674843.945,6430896.303],[5674841.122,6430900.039],[5674837.839,6430903.999],[5674835.051,6430908.002],[5674832.806,6430911.174],[5674830.254,6430914.494],[5674827.816,6430917.854],[5674825.838,6430920.991],[5674824.245,6430923.752],[5674822.73,6430926.285],[5674821.487,6430928.403],[5674820.664,6430930.411],[5674820.152,6430931.89],[5674819.674,6430933.636],[5674819.04,6430935.836],[5674818.212,6430938.225],[5674817.385,6430940.614],[5674816.33,6430942.924],[5674814.889,6430945.611],[5674813.375,6430948.144],[5674811.445,6430950.406],[5674809.594,6430952.44],[5674807.865,6430953.752],[5674806.438,6430955.297],[5674804.937,6430956.688],[5674803.703,6430958.044],[5674802.197,6430959.816],[5674800.731,6430961.474],[5674798.766,6430963.469],[5674796.337,6430966.067],[5674793.637,6430969.082],[5674790.936,6430972.096],[5674788.31,6430975.263],[5674785.378,6430978.58],[5674782.792,6430981.633],[5674780.629,6430984.197],[5674779.006,6430986.31],[5674777.763,6430988.428],[5674776.436,6430991.153],[5674774.76,6430994.522],[5674773.088,6430997.511],[5674771.652,6430999.816],[5674769.88,6431001.623],[5674768.072,6431003.163],[5674766.23,6431004.436],[5674764.466,6431005.481],[5674762.851,6431006.833],[5674761.429,6431007.997],[5674760.195,6431009.353],[5674758.961,6431010.709],[5674757.761,6431012.332],[5674756.601,6431013.841],[5674755.249,6431015.539],[5674753.7,6431017.805],[5674751.73,6431020.181],[5674749.647,6431022.517],[5674747.682,6431024.512],[5674745.949,6431026.205],[5674744.522,6431027.749],[5674743.288,6431029.105],[5674742.014,6431030.575],[5674740.509,6431032.347],[5674738.885,6431034.46],[5674738.303,6431035.405],[5674723.912,6431051.57],[5674723.405,6431052.669],[5674722.7,6431054.336],[5674721.536,6431056.226],[5674720.026,6431058.378],[5674717.977,6431060.981],[5674715.194,6431064.604],[5674712.099,6431068.756],[5674709.044,6431072.794],[5674706.913,6431076.005],[5674705.175,6431078.079],[5674703.477,6431080.039],[5674701.319,6431082.222],[5674698.47,6431084.93],[5674695.122,6431087.974],[5674691.656,6431091.36],[5674688.842,6431094.335],[5674686.606,6431096.746],[5674684.562,6431098.968],[5674683.096,6431100.626],[5674682.015,6431101.908],[5674681.166,6431102.888],[5674680.203,6431103.829],[5674679.354,6431104.809],[5674678.351,6431105.863],[5674677.542,6431106.729],[5674677.038,6431107.447],[5674676.496,6431108.278],[5674676.032,6431108.882],[5674675.642,6431109.639],[5674675.253,6431110.396],[5674674.824,6431111.266],[5674674.587,6431111.949],[5674674.39,6431112.518],[5674673.996,6431113.655],[5674673.755,6431114.718],[5674673.436,6431116.009],[5674673.23,6431117.339],[5674673.3,6431117.873],[5674673.825,6431118.565],[5674674.581,6431118.954],[5674675.111,6431119.265],[5674676.135,6431119.62],[5674676.931,6431119.895],[5674678.069,6431120.289],[5674678.904,6431120.451],[5674679.744,6431120.233],[5674680.97,6431119.638],[5674682.121,6431118.89],[5674683.35,6431117.914],[5674685.044,6431116.335],[5674687.469,6431114.117],[5674690.278,6431111.523],[5674692.782,6431109.078],[5674695.176,6431106.212],[5674697.806,6431102.664],[5674700.52,6431098.508],[5674703.505,6431093.936],[5674706.906,6431089.635],[5674710.687,6431085.339],[5674714.657,6431081.235],[5674718.477,6431076.825],[5674721.725,6431072.599],[5674724.552,6431068.482],[5674727.419,6431064.252],[5674730.36,6431060.174],[5674733.109,6431056.285],[5674736.05,6431052.207],[5674738.913,6431048.357],[5674741.351,6431044.997],[5674743.823,6431041.904],[5674746.139,6431039.266],[5674748.069,6431037.004],[5674749.959,6431034.856],[5674752.235,6431032.332],[5674754.743,6431029.506],[5674757.369,6431026.338],[5674760.42,6431022.681],[5674764.122,6431018.612],[5674767.943,6431014.203],[5674771.3,6431010.396],[5674774.346,6431007.12],[5674777.16,6431004.145],[5674779.515,6431001.393],[5674781.716,6430998.716],[5674784.185,6430996.003],[5674786.263,6430994.048],[5674787.996,6430992.355],[5674789.537,6430990.85],[5674791.309,6430989.043],[5674793.428,6430986.974],[5674795.738,6430984.716],[5674798.132,6430981.851],[5674800.986,6430978.762],[5674803.879,6430975.56],[5674807.468,6430971.452],[5674811.446,6430966.587],[5674814.856,6430961.525],[5674818.3,6430956.73],[5674821.316,6430952.805],[5674823.29,6430950.049],[5674825.067,6430947.862],[5674826.691,6430945.749],[5674828.393,6430943.408],[5674830.406,6430940.538],[5674832.809,6430936.911],[5674835.904,6430932.759],[5674838.963,6430928.34],[5674841.598,6430924.412],[5674843.848,6430920.859],[5674846.128,6430917.954],[5674848.373,6430914.782],[5674851.122,6430910.893],[5674855.026,6430905.875],[5674858.996,6430901.771],[5674862.996,6430898.315],[5674867.416,6430894.75],[5674871.801,6430890.918],[5674875.998,6430886.893],[5674879.814,6430882.864],[5674883.596,6430878.568],[5674887.377,6430874.272],[5674891.268,6430870.396],[5674895.198,6430866.406],[5674899.089,6430862.53],[5674902.94,6430858.767],[5674906.376,6430854.734],[5674909.365,6430849.781],[5674911.816,6430845.279],[5674914.14,6430841.88],[5674916.727,6430838.826],[5674919.427,6430835.812],[5674922.32,6430832.609],[5674925.06,6430829.481],[5674927.691,6430825.933],[5674930.47,6430822.692],[5674933.402,6430819.375],[5674935.914,6430816.169],[5674938.155,6430813.377],[5674940.475,6430810.359],[5674943.105,6430806.81],[5674946.116,6430803.267],[5674949.355,6430799.802],[5674952.751,6430795.882],[5674955.959,6430791.77],[5674959.089,6430787.885],[5674962.682,6430783.396],[5674966.551,6430778.111],[5674970.302,6430773.167],[5674973.965,6430769.212],[5674977.357,6430765.673],[5674980.784,6430762.401],[5674984.749,6430758.678],[5674988.486,6430754.876],[5674991.996,6430750.996],[5674995.358,6430746.809],[5674999.262,6430741.791],[5675003.052,6430736.734],[5675006.689,6430731.75],[5675010.055,6430727.183],[5675012.952,6430723.6],[5675015.421,6430720.887],[5675017.815,6430718.022],[5675020.436,6430715.235],[5675023.246,6430712.641],[5675026.673,6430709.369],[5675030.064,6430705.829],[5675032.997,6430702.513],[5675035.583,6430699.46],[5675037.75,6430696.515],[5675039.877,6430693.685]]}},{"type":"Feature","properties":{},"geometry":{"type":"LineString","coordinates":[[5676548.682,6430973.077],[5676551.312,6430972.841],[5676554.174,6430972.304],[5676556.808,6430971.687],[5676559.329,6430971.032],[5676562.199,6430969.733],[5676565.298,6430968.512],[5676568.282,6430967.253],[5676571.533,6430965.958],[5676574.478,6430964.812],[5676576.929,6430963.623],[5676578.885,6430962.389],[5676580.535,6430961.304],[5676582.145,6430960.333],[5676583.756,6430959.362],[5676585.287,6430958.619],[5676586.815,6430958.256],[5676588.722,6430957.897],[5676590.862,6430957.237],[5676593.615,6430956.279],[5676597.207,6430955.103],[5676601.067,6430953.892],[5676605.045,6430952.339],[5676609.092,6430951.32],[5676612.182,6430950.862],[5676614.999,6430950.818],[5676617.664,6430950.85],[5676620.333,6430950.5],[5676623.042,6430950.037],[5676625.716,6430949.307],[5676628.503,6430948.616],[5676630.796,6430947.881],[5676633.207,6430946.805],[5676635.544,6430945.576],[5676637.807,6430944.194],[5676640.108,6430942.698],[5676642.143,6430941.237],[5676644.292,6430939.815],[5676645.749,6430938.918],[5676646.708,6430938.358],[5676647.513,6430937.873],[5676648.441,6430936.665],[5676649.758,6430934.701],[5676651.045,6430932.089],[5676652.148,6430928.904],[5676653.291,6430925.605],[5676653.659,6430923.439],[5676653.331,6430922.179],[5676652.658,6430921.181],[5676651.306,6430919.566],[5676649.766,6430917.759],[5676647.583,6430915.601],[5676645.172,6430913.365],[5676643.024,6430911.474],[5676640.832,6430910.078],[5676638.409,6430908.983],[5676636.02,6430908.156],[5676633.443,6430907.136],[5676630.752,6430906.076],[5676628.328,6430904.982],[5676626.057,6430903.813],[5676624.014,6430902.723],[5676622.312,6430901.752],[5676620.991,6430900.784],[5676619.481,6430899.624],[5676617.972,6430898.465],[5676616.581,6430896.963],[5676615.457,6430895.427],[5676614.674,6430894.01],[5676614.044,6430892.517],[5676613.375,6430891.139],[5676612.854,6430890.067],[5676612.036,6430888.382],[5676610.96,6430885.971],[5676609.933,6430882.684],[5676608.713,6430879.586],[5676607.825,6430877.368],[5676606.893,6430875.643],[5676606.031,6430874.453],[5676604.907,6430872.917],[5676603.674,6430870.961],[5676602.178,6430868.659],[5676600.651,6430865.71],[5676598.967,6430863.215],[5676597.086,6430861.29],[5676594.785,6430859.473],[5676592.103,6430857.652],[5676589.381,6430855.945],[5676586.734,6430854.391],[5676584.35,6430853.183],[5676581.926,6430852.089],[5676578.855,6430851.025],[5676575.481,6430849.729],[5676572.637,6430848.744],[5676570.555,6430847.768],[5676568.052,6430846.901],[5676565.247,6430845.802],[5676562.062,6430844.699],[5676558.234,6430843.246],[5676554.48,6430841.945],[5676550.726,6430840.645],[5676546.897,6430839.191],[5676542.802,6430837.773],[5676538.024,6430836.118],[5676533.133,6430834.424],[5676528.582,6430832.848],[5676524.373,6430831.39],[5676520.733,6430830.129],[5676517.889,6430829.144],[5676515.084,6430828.045],[5676512.013,6430826.981],[5676508.828,6430825.878],[5676505.529,6430824.735],[5676502.457,6430823.671],[5676499.198,6430822.415],[5676496.699,6430821.167],[5676494.809,6430820.003],[5676493.374,6430818.996],[5676491.826,6430817.95],[5676490.425,6430817.21],[5676489.332,6430816.322],[5676488.317,6430815.206],[5676487.341,6430813.976],[5676487.013,6430812.716],[5676486.917,6430811.154],[5676486.826,6430809.211],[5676486.813,6430807.041],[5676486.801,6430804.87],[5676487.05,6430803.046],[5676487.296,6430801.602],[5676487.576,6430800.425],[5676487.852,6430799.629],[5676488.241,6430798.872],[5676488.784,6430798.04],[5676489.287,6430797.323],[5676490.018,6430796.684],[5676490.902,6430795.971],[5676491.939,6430795.184],[5676493.668,6430793.871],[5676495.742,6430792.297],[5676497.812,6430791.102],[5676499.383,6430790.245],[5676501.068,6430789.427],[5676502.604,6430788.303],[5676504.53,6430786.422],[5676506.652,6430783.972],[5676508.429,6430781.784],[5676509.598,6430779.514],[5676510.465,6430777.011],[5676511.135,6430775.077],[5676511.77,6430772.876],[5676512.028,6430770.29],[5676512.633,6430767.442],[5676513.281,6430764.099],[5676513.934,6430760.376],[5676514.166,6430756.761],[5676514.132,6430753.182],[5676514.325,6430749.682],[5676514.558,6430746.067],[5676514.629,6430743.289],[5676514.576,6430741.232],[5676514.411,6430739.136],[5676514.017,6430736.962],[5676513.856,6430734.485],[5676513.738,6430731.514],[5676513.161,6430728.766],[5676512.505,6430726.245],[5676511.762,6430724.714],[5676511.018,6430723.182],[5676509.973,6430721.419],[5676509.006,6430719.427],[5676508.188,6430717.743],[5676507.331,6430716.172],[5676506.211,6430714.255],[5676504.899,6430712.526],[5676503.433,6430710.872],[5676501.819,6430708.911],[5676499.982,6430706.491],[5676498.145,6430704.071],[5676496.5,6430701.463],[5676494.964,6430699.275],[5676493.425,6430697.467],[5676491.36,6430694.969],[5676488.687,6430692.386],[5676485.782,6430690.106],[5676483.446,6430688.023],[5676481.604,6430685.983],[5676480.029,6430683.909],[5676478.375,6430682.062],[5676476.757,6430680.482],[5676475.217,6430678.675],[5676474.018,6430676.986],[5676472.675,6430674.609],[5676471.337,6430671.853],[5676470.489,6430669.52],[5676470.283,6430667.538],[5676470.03,6430666.431],[5676469.925,6430665.63],[5676469.781,6430664.943],[5676469.601,6430663.989],[5676469.466,6430662.541],[5676469.484,6430661.018],[5676469.537,6430659.762],[5676469.624,6430658.773],[5676469.786,6430657.938],[5676469.983,6430657.369],[5676470.299,6430656.459],[5676470.811,6430654.98],[5676471.638,6430652.591],[5676472.939,6430648.837],[5676474.554,6430644.173],[5676476.209,6430639.395],[5676477.706,6430635.072],[5676478.81,6430631.887],[5676479.716,6430629.271],[5676480.504,6430626.995],[5676481.135,6430625.175],[5676481.686,6430623.583],[5676481.888,6430622.633],[5676482.05,6430621.798],[5676482.177,6430620.695],[5676482.466,6430618.757],[5676482.755,6430616.818],[5676483.158,6430614.919],[5676483.412,6430612.714],[5676483.513,6430610.583],[5676483.579,6430608.185],[5676483.729,6430605.179],[5676484.062,6430602.746],[5676484.316,6430600.541],[5676484.457,6430598.296],[5676484.79,6430595.864],[5676485.009,6430593.392],[5676485.154,6430590.766],[5676485.417,6430587.8],[5676485.908,6430584.912],[5676486.354,6430582.518],[5676486.84,6430580.011],[5676487.559,6430577.202],[5676488.395,6430574.052],[5676489.463,6430570.6],[5676490.606,6430567.301],[5676491.867,6430563.66],[5676493.285,6430559.565],[5676495.059,6430554.446],[5676496.95,6430548.986],[5676498.881,6430543.411],[5676500.851,6430537.724],[5676502.628,6430532.224],[5676504.406,6430526.724],[5676505.877,6430521.373],[5676507.23,6430516.363],[5676508.194,6430512.11],[5676509.157,6430507.857],[5676510.309,6430503.797],[5676511.15,6430500.266],[5676511.947,6430497.229],[5676512.507,6430494.875],[5676512.875,6430492.709],[5676513.199,6430491.038],[5676513.642,6430489.025],[5676514.167,6430486.404],[5676514.816,6430483.062],[5676516.046,6430478.774],[5676517.311,6430474.753],[5676518.493,6430471.34],[5676519.4,6430468.724],[5676520.03,6430466.903],[5676520.547,6430465.044],[5676521.265,6430462.235],[5676522.185,6430458.476],[5676523.218,6430454.757],[5676524.256,6430450.658],[5676524.865,6430447.428],[5676525.307,6430445.416],[5676525.241,6430444.501],[5676525.058,6430443.928],[5676524.809,6430442.44],[5676524.792,6430440.651],[5676524.932,6430438.406],[5676525.379,6430436.013],[5676525.786,6430433.733],[5676526.005,6430431.261],[5676526.26,6430429.055],[5676526.199,6430427.76],[5676526.251,6430426.505],[5676526.309,6430424.868],[5676526.366,6430423.232],[5676526.532,6430422.015],[5676526.664,6430420.532],[5676526.87,6430419.202],[5676527.111,6430418.138],[5676527.352,6430417.075],[5676527.514,6430416.24],[5676527.868,6430415.216],[5676528.07,6430414.266],[5676528.503,6430413.015],[5676528.976,6430411.65],[5676529.291,6430410.74],[5676529.611,6430409.449],[5676530.044,6430408.198],[5676530.64,6430406.111],[5676531.314,6430403.796],[5676531.573,6430401.21],[5676531.797,6430398.357],[5676532.095,6430395.657],[5676532.305,6430393.947],[5676532.288,6430392.157],[5676532.157,6430390.328],[5676532.03,6430388.118],[5676531.781,6430386.631],[5676531.637,6430385.944],[5676531.414,6430385.484],[5676530.889,6430384.793],[5676530.176,6430383.909],[5676529.354,6430382.604],[5676528.501,6430380.653],[5676527.42,6430378.622],[5676526.371,6430377.239],[5676525.504,6430376.43],[5676524.638,6430375.62],[5676523.208,6430374.233],[5676521.515,6430372.5],[5676519.52,6430370.535],[5676517.936,6430369.222],[5676516.348,6430368.289],[5676514.23,6430367.046],[5676512.073,6430365.917],[5676510.258,6430364.906],[5676508.783,6430364.013],[5676507.121,6430362.927],[5676505.305,6430361.916],[5676503.148,6430360.787],[5676499.862,6430358.502],[5676495.557,6430355.482],[5676492.46,6430353.39],[5676490.981,6430352.878],[5676490.071,6430352.562],[5676488.859,6430352.015],[5676487.004,6430351.118],[5676485,6430349.914],[5676483.149,6430348.636],[5676481.868,6430347.555],[5676480.813,6430346.553],[5676479.724,6430345.284],[5676478.748,6430344.054],[5676477.733,6430342.938],[5676476.57,6430341.516],[5676474.956,6430339.555],[5676473.416,6430337.748],[5676471.915,6430335.826],[5676470.192,6430333.446],[5676468.464,6430331.446],[5676466.924,6430329.638],[5676465.266,6430328.172],[5676463.341,6430326.741],[5676461.643,6430325.389],[5676459.867,6430324.264],[5676458.432,6430323.257],[5676457.185,6430322.443],[5676455.79,6430321.322],[5676454.355,6430320.316],[5676453.033,6430319.348],[5676451.751,6430318.267],[5676450.089,6430317.182],[5676448.085,6430315.978],[5676445.631,6430314.236],[5676435.463,6430307.911],[5676434.711,6430307.141],[5676434.186,6430306.45],[5676433.735,6430305.911],[5676433.512,6430305.452],[5676433.368,6430304.765],[5676433.223,6430304.078],[5676432.931,6430303.085],[5676432.795,6430301.636],[5676432.585,6430300.035],[5676432.599,6430298.893],[5676432.8,6430297.943],[5676433.002,6430296.994],[5676433.356,6430295.97],[5676433.676,6430294.679],[5676436.656,6430282.424]]}},{"type":"Feature","properties":{},"geometry":{"type":"LineString","coordinates":[[5676591.737,6430175.984],[5676594.676,6430178.966],[5676595.19,6430179.28],[5676596.157,6430179.885],[5676596.525,6430180.425],[5676596.728,6430181.046],[5676596.868,6430181.646],[5676596.781,6430182.306],[5676596.61,6430183.214],[5676596.23,6430184.326],[5676595.893,6430185.315],[5676595.64,6430186.057],[5676595.43,6430186.675],[5676595.323,6430187.191],[5676595.174,6430187.83],[5676595.106,6430188.635],[5676595.202,6430189.772],[5676595.34,6430190.785],[5676595.562,6430191.551],[5676595.66,6430192.274],[5676595.817,6430193.432],[5676595.809,6430194.671],[5676595.593,6430196.115],[5676595.045,6430197.723],[5676594.267,6430199.803],[5676593.05,6430202.563],[5676591.462,6430205.196],[5676589.279,6430207.349],[5676586.585,6430208.777],[5676583.584,6430209.686],[5676580.175,6430209.766],[5676576.73,6430209.144],[5676574.072,6430208.238],[5676572.217,6430207.606],[5676570.9,6430207.018],[5676569.666,6430206.184],[5676568.432,6430205.349],[5676566.909,6430204.554],[5676565.159,6430203.819],[5676563.574,6430203.003],[5676562.338,6430202.582],[5676561.492,6430202.431],[5676560.582,6430202.673],[5676559.691,6430203.06],[5676558.345,6430203.567],[5676556.625,6430204.361],[5676554.782,6430205.112],[5676552.793,6430206.09],[5676550.39,6430207.065],[5676547.842,6430208.267],[5676545.108,6430209.405],[5676542.559,6430210.606],[5676540.238,6430211.747],[5676537.895,6430213.156],[5676535.057,6430214.397],[5676531.991,6430215.698],[5676528.867,6430216.565],[5676525.849,6430216.916],[5676523.328,6430217.023],[5676521.179,6430217.256],[5676519.442,6430217.492],[5676517.81,6430217.626],[5676516.118,6430217.325],[5676514.016,6430216.609],[5676511.791,6430215.85],[5676509.689,6430215.134],[5676507.542,6430214.954],[5676505.598,6430215.395],[5676503.92,6430216.065],[5676502.347,6430216.633],[5676500.916,6430217.387],[5676499.506,6430218.287],[5676498.073,6430219.454],[5676496.637,6430221.035],[5676495.39,6430222.266],[5676494.724,6430223.005],[5676494.204,6430223.517],[5676493.454,6430224.504],[5676492.352,6430225.508],[5676490.961,6430226.552],[5676489.635,6430227.204],[5676489.199,6430227.47],[5676488.573,6430228.498],[5676487.634,6430229.834],[5676486.221,6430231.147],[5676484.583,6430232.106],[5676482.636,6430232.96],[5676480.461,6430233.875],[5676478.494,6430234.585],[5676476.693,6430235.213],[5676475.119,6430235.78],[5676473.523,6430236.616],[5676471.885,6430237.576],[5676470.165,6430238.37],[5676468.777,6430239.001],[5676467.679,6430239.592],[5676466.456,6430240.142],[5676465.234,6430240.691],[5676464.032,6430241.385],[5676462.725,6430242.182],[5676461.688,6430242.794],[5676460.632,6430243.262],[5676459.783,6430243.525],[5676458.83,6430243.89],[5676457.962,6430244.008],[5676456.866,6430244.187],[5676455.585,6430244.302],[5676454.512,6430244.212],[5676453.458,6430244.267],[5676452.463,6430244.756],[5676451.117,6430245.263],[5676449.729,6430245.894],[5676448.237,6430246.627],[5676447.282,6430247.406],[5676446.841,6430248.497],[5676446.377,6430249.857],[5676445.914,6430251.217],[5676445.492,6430252.454],[5676445.239,6430253.196],[5676445.09,6430253.835],[5676444.837,6430254.577],[5676444.542,6430255.442],[5676444.099,6430256.947],[5676443.551,6430258.554],[5676443.087,6430259.914],[5676442.876,6430260.532],[5676442.477,6430261.5],[5676442.182,6430262.366],[5676442.014,6430262.86],[5676441.783,6430263.334],[5676441.53,6430264.076],[5676441.362,6430264.57],[5676441.255,6430265.086],[5676441.168,6430265.746],[5676440.915,6430266.488],[5676440.766,6430267.127],[5676440.598,6430267.622],[5676440.387,6430268.24],[5676440.092,6430269.105],[5676439.755,6430270.095],[5676439.502,6430270.836],[5676439.291,6430271.455],[5676438.976,6430272.175],[5676438.681,6430273.041],[5676438.513,6430273.535],[5676438.282,6430274.009],[5676438.072,6430274.627],[5676437.903,6430275.121],[5676437.754,6430275.761],[5676437.648,6430276.276],[5676437.479,6430276.771],[5676437.372,6430277.287],[5676437.161,6430277.905],[5676436.824,6430278.894],[5676436.529,6430279.759],[5676436.4,6430280.543],[5676436.479,6430281.122],[5676436.434,6430281.659],[5676436.574,6430282.259],[5676436.656,6430282.424]]}},{"type":"Feature","properties":{},"geometry":{"type":"LineString","coordinates":[[5675039.877,6430693.685],[5675042.079,6430691.007],[5675044.241,6430688.443],[5675046.556,6430685.805],[5675048.832,6430683.281],[5675051.418,6430680.227],[5675054.197,6430676.986],[5675056.863,6430673.704],[5675059.642,6430670.463],[5675062.574,6430667.147],[5675065.043,6430664.434],[5675067.205,6430661.87],[5675069.446,6430659.079],[5675071.577,6430655.868],[5675073.866,6430652.202],[5675076.116,6430648.649],[5675078.633,6430645.062],[5675081.071,6430641.702],[5675083.701,6430638.153],[5675085.946,6430634.982],[5675087.496,6430632.715],[5675088.932,6430630.41],[5675090.446,6430627.876],[5675092.07,6430625.763],[5675093.501,6430623.838],[5675094.661,6430622.329],[5675095.278,6430621.651],[5675095.816,6430621.2],[5675096.201,6430620.824],[5675096.74,6430620.373],[5675097.204,6430619.77],[5675097.974,6430619.017],[5675098.705,6430618.379],[5675099.243,6430617.928],[5675100.053,6430617.062],[5675100.981,6430615.854],[5675102.412,6430613.929],[5675104.302,6430611.781],[5675106.114,6430609.861],[5675107.699,6430607.861],[5675109.357,6430606.015],[5675111.515,6430603.832],[5675114.211,6430601.199],[5675116.907,6430598.565],[5675119.371,6430596.233],[5675121.489,6430594.164],[5675123.647,6430591.981],[5675125.498,6430589.947],[5675126.815,6430587.982],[5675128.177,6430585.523],[5675129.739,6430582.115],[5675131.806,6430577.989],[5675133.758,6430573.824],[5675136.056,6430569.396],[5675139.041,6430564.824],[5675142.521,6430560.296],[5675146.158,6430555.313],[5675150.486,6430549.805],[5675155.204,6430543.54],[5675159.345,6430537.84],[5675163.332,6430532.213],[5675167.591,6430526.171],[5675172.003,6430520.055],[5675176.489,6430514.092],[5675181.089,6430508.168],[5675186.179,6430502.669],[5675191.19,6430497.398],[5675195.321,6430492.458],[5675199.068,6430487.895],[5675202.46,6430484.356],[5675205.655,6430481.386],[5675208.889,6430478.301],[5675212.088,6430474.95],[5675215.559,6430471.184],[5675218.99,6430467.531],[5675222.382,6430463.991],[5675225.62,6430460.527],[5675228.745,6430457.022],[5675231.411,6430453.741],[5675233.656,6430450.569],[5675235.704,6430447.966],[5675237.175,6430445.927],[5675238.374,6430444.304],[5675239.573,6430442.681],[5675241.118,6430440.796],[5675242.93,6430438.875],[5675245.127,6430436.578],[5675247.862,6430433.831],[5675250.716,6430430.742],[5675253.609,6430427.54],[5675256.156,6430424.6],[5675258.432,6430422.076],[5675260.747,6430419.438],[5675262.949,6430416.76],[5675265.036,6430414.043],[5675266.586,6430411.777],[5675267.824,6430410.04],[5675268.288,6430409.436],[5675269.256,6430408.115],[5675270.836,6430406.497],[5675273.107,6430404.353],[5675274.03,6430403.526],[5675281.507,6430389.298],[5675282.207,6430388.012],[5675282.837,6430386.192],[5675283.547,6430384.144],[5675284.295,6430381.983],[5675284.886,6430380.276],[5675285.246,6430378.872],[5675285.298,6430377.616],[5675285.158,6430376.548],[5675284.761,6430374.754],[5675283.987,6430372.575],[5675283.024,6430370.203],[5675281.865,6430368.4],[5675280.667,6430366.711],[5675279.507,6430364.908],[5675278.239,6430362.685],[5675276.901,6430359.928],[5675275.221,6430357.053],[5675273.309,6430354.48],[5675271.813,6430352.178],[5675271.039,6430349.998],[5675270.493,6430347.898],[5675269.832,6430345.758],[5675269.592,6430343.509],[5675269.544,6430341.072],[5675269.418,6430338.862],[5675269.178,6430336.613],[5675268.631,6430334.513],[5675268.006,6430332.64],[5675267.184,6430331.336],[5675266.09,6430330.447],[5675264.764,6430329.861],[5675262.83,6430329.191],[5675260.896,6430328.521],[5675259.151,6430328.044],[5675257.558,6430327.492],[5675255.471,6430326.896],[5675252.964,6430326.41],[5675249.967,6430325.5],[5675246.851,6430324.93],[5675244.077,6430324.479],[5675241.412,6430324.448],[5675239.163,6430324.688],[5675236.569,6430325.191],[5675233.479,6430325.649],[5675230.386,6430326.489],[5675227.672,6430327.333],[5675225.226,6430328.142],[5675222.4,6430328.946],[5675219.153,6430329.86],[5675215.525,6430330.77],[5675212.204,6430331.53],[5675208.922,6430332.177],[5675206.021,6430332.829],[5675203.352,6430333.178],[5675200.949,6430333.493],[5675198.626,6430333.58],[5675166.603,6430343.638],[5675165.456,6430344.005],[5675163.584,6430344.63],[5675161.365,6430345.518],[5675159.413,6430346.371],[5675157.54,6430346.996],[5675155.401,6430347.657],[5675152.228,6430348.724],[5675148.977,6430350.018],[5675145.844,6430350.971],[5675142.093,6430352.603],[5675137.236,6430354.488],[5675131.617,6430356.364],[5675126.804,6430357.754],[5675123.75,6430358.48],[5675121.194,6430358.869],[5675119.216,6430358.694],[5675117.807,6430358.715],[5675116.28,6430359.078],[5675114.027,6430359.699],[5675111.624,6430360.013],[5675108.846,6430359.943],[5675106.107,6430359.759],[5675103.674,6430359.426],[5675101.32,6430358.865],[5675099.119,6430358.23],[5675096.844,6430357.442],[5675094.836,6430356.619],[5675092.902,6430355.949],[5675090.172,6430355.004],[5675087.1,6430353.94],[5675084.142,6430352.915],[5675081.565,6430351.895],[5675079.522,6430350.805],[5675077.667,6430349.908],[5675075.961,6430349.317],[5675074.027,6430348.647],[5675072.019,6430347.824],[5675069.227,6430345.583],[5675066.069,6430342.196],[5675063.562,6430338.397],[5675061.73,6430335.596],[5675060.041,6430333.483],[5675058.536,6430331.942],[5675057.106,6430330.555],[5675055.859,6430329.741],[5675054.76,6430329.233],[5675053.282,6430328.721],[5675050.551,6430327.775],[5675047.44,6430326.825],[5675044.518,6430326.067],[5675041.669,6430325.463],[5675039.429,6430324.942],[5675037.263,6430324.574],[5675035.364,6430324.171],[5675033.124,6430323.65],[5675030.963,6430322.901],[5675028.534,6430322.187],[5675025.918,6430321.281],[5675023.188,6430320.335],[5675020.344,6430319.35],[5675017.386,6430318.326],[5675014.314,6430317.262],[5675011.016,6430316.119],[5675007.375,6430314.858],[5675003.166,6430313.4],[5674999.185,6430312.021],[5674996.608,6430311.001],[5674994.787,6430310.371],[5674993.046,6430309.513],[5674991.305,6430308.655],[5674989.415,6430307.491],[5674987.45,6430306.173],[5674985.486,6430304.856],[5674983.447,6430303.385],[5674980.805,6430301.451],[5674978.39,6430299.595],[5674976.167,6430297.551],[5674973.604,6430295.389],[5674971.302,6430293.573],[5674969.036,6430292.023],[5674967.072,6430290.706],[5674964.919,6430289.196],[5674963.073,6430287.537],[5674961.568,6430285.996],[5674960.063,6430284.456],[5674958.445,6430282.876],[5674956.83,6430280.915],[5674955.151,6430278.04],[5674953.694,6430275.625],[5674952.535,6430273.822],[5674951.603,6430272.097],[5674950.483,6430270.181],[5674949.709,6430268.001],[5674948.97,6430266.089],[5674948.384,6430264.103],[5674947.68,6430262.457],[5674946.941,6430260.545],[5674945.9,6430258.401],[5674944.597,6430255.911],[5674943.14,6430253.495],[5674941.688,6430250.699],[5674940.043,6430248.09],[5674938.543,6430246.169],[5674937.082,6430244.134],[5674935.551,6430241.566],[5674934.177,6430238.542],[5674933.031,6430235.597],[5674931.732,6430232.726],[5674930.552,6430229.514],[5674929.563,6430226.114],[5674928.505,6430222.18],[5674927.338,6430217.826],[5674926.092,6430213.7],[5674925.108,6430209.919],[5674924.159,6430206.405],[5674923.543,6430203.771],[5674922.966,6430201.023],[5674922.354,6430198.008],[5674921.623,6430195.334],[5674921.278,6430192.284],[5674921.082,6430189.541],[5674920.881,6430187.178],[5674920.79,6430185.235],[5674920.847,6430183.599],[5674921.127,6430182.422],[5674921.639,6430180.943],[5674922.23,6430179.236],[5674922.979,6430177.075],[5674923.885,6430174.459],[5674924.673,6430172.183],[5674925.264,6430170.477],[5674925.322,6430168.841],[5674924.893,6430166.399],[5674924.321,6430163.27],[5674923.932,6430160.715],[5674923.722,6430159.113],[5674923.854,6430157.63],[5674924.099,6430156.186],[5674924.344,6430154.742],[5674924.471,6430153.639],[5674924.712,6430152.576],[5674925.071,6430151.172],[5674925.395,6430149.5],[5674925.68,6430147.943],[5674925.965,6430146.385],[5674926.219,6430144.18],[5674926.438,6430141.708],[5674926.811,6430139.161],[5674926.991,6430136.803],[5674926.974,6430135.013],[5674926.991,6430133.49],[5674926.672,6430131.469],[5674926.24,6430129.408],[5674925.54,6430127.382],[5674924.543,6430124.743],[5674923.55,6430121.723],[5674922.929,6430119.47],[5674922.492,6430117.79],[5674914.721,6430108.216]]}},{"type":"Feature","properties":{},"geometry":{"type":"LineString","coordinates":[[5676687.326,6430080.84],[5676686.411,6430082.589],[5676685.452,6430083.64],[5676684.716,6430084.218],[5676683.897,6430084.633],[5676682.915,6430085.13],[5676681.707,6430085.69],[5676680.478,6430086.107],[5676679.187,6430086.503],[5676678.019,6430086.94],[5676676.954,6430087.274],[5676676.073,6430087.668],[5676675.397,6430087.856],[5676674.803,6430088.208],[5676674.251,6430088.437],[5676673.698,6430088.665],[5676672.879,6430089.08],[5676671.671,6430089.64],[5676670.218,6430090.529],[5676668.929,6430091.336],[5676668.008,6430091.854],[5676667.579,6430092.123],[5676666.862,6430092.434],[5676666.432,6430092.703],[5676665.879,6430092.931],[5676665.122,6430093.366],[5676664.467,6430093.698],[5676663.895,6430094.193],[5676663.487,6430094.606],[5676663.14,6430095.038],[5676662.591,6430096.088],[5676662.144,6430097.034],[5676661.474,6430098.453],[5676660.744,6430100.263],[5676659.953,6430102.052],[5676659.121,6430103.965],[5676658.391,6430105.775],[5676657.864,6430106.967],[5676657.355,6430107.893],[5676656.885,6430108.286],[5676656.045,6430108.557],[5676654.591,6430109.036],[5676653.034,6430109.618],[5676651.764,6430110.158],[5676650.72,6430110.635],[5676649.635,6430111.236],[5676648.551,6430111.836],[5676647.425,6430112.56],[5676646.26,6430113.408],[5676645.32,6430114.192],[5676644.176,6430115.183],[5676642.991,6430116.297],[5676641.683,6430117.371],[5676640.332,6430118.157],[5676639.207,6430118.881],[5676638.512,6430119.336],[5676637.735,6430120.038],[5676637.021,6430120.759],[5676636.225,6430121.728],[5676635.43,6430122.696],[5676634.409,6430123.728],[5676632.977,6430124.761],[5676631.361,6430125.733],[5676629.642,6430126.809],[5676628.171,6430127.966],[5676626.718,6430128.855],[5676625.593,6430129.579],[5676624.712,6430129.974],[5676623.872,6430130.245],[5676623.094,6430130.536],[5676622.09,6430130.89],[5676621.127,6430131.12],[5676620.102,6430131.33],[5676619.015,6430131.521],[5676617.971,6430131.998],[5676616.905,6430132.331],[5676615.882,6430132.952],[5676614.798,6430133.553],[5676613.549,6430134.236],[5676612.465,6430134.837],[5676611.401,6430135.581],[5676610.338,6430136.325],[5676609.295,6430137.213],[5676608.457,6430137.894],[5676607.783,6430138.492],[5676607.273,6430139.008],[5676606.639,6430139.483],[5676605.801,6430140.165],[5676604.982,6430140.579],[5676604.204,6430140.87],[5676603.425,6430141.161],[5676602.626,6430141.309],[5676601.909,6430141.621],[5676601.356,6430141.849],[5676600.824,6430142.221],[5676588.57,6430145.853],[5676588.285,6430146.306],[5676587.962,6430147.293],[5676587.719,6430148.033],[5676587.558,6430148.526],[5676587.315,6430149.266],[5676587.094,6430150.149],[5676586.874,6430151.443],[5676586.47,6430152.677],[5676586.168,6430153.807],[5676586.01,6430155.121],[5676586.14,6430156.393],[5676586.352,6430157.828],[5676586.75,6430159.324],[5676587.249,6430160.717],[5676587.851,6430162.007],[5676588.267,6430163.237],[5676588.539,6430164.282],[5676588.792,6430165.594],[5676588.881,6430166.989],[5676589.072,6430168.281],[5676589.344,6430169.326],[5676589.616,6430170.371],[5676590.033,6430171.601],[5676590.428,6430172.686],[5676590.719,6430173.465],[5676590.906,6430173.936],[5676591.093,6430174.407],[5676591.28,6430174.878],[5676591.467,6430175.349],[5676591.716,6430175.84],[5676591.737,6430175.984]]}},{"type":"Feature","properties":{},"geometry":{"type":"LineString","coordinates":[[5676551.406,6429837.142],[5676552.207,6429837.405],[5676552.824,6429837.607],[5676553.441,6429837.809],[5676554.489,6429838.153],[5676555.948,6429838.495],[5676557.366,6429838.959],[5676558.538,6429839.344],[5676559.833,6429839.768],[5676561.436,6429840.294],[5676563.656,6429841.021],[5676566.431,6429841.931],[5676569.391,6429842.901],[5676572.925,6429843.787],[5676576.808,6429844.65],[5676580.916,6429845.45],[5676585.046,6429846.394],[5676588.642,6429847.3],[5676591.683,6429848.023],[5676594.354,6429848.626],[5676596.654,6429849.107],[5676598.874,6429849.834],[5676601.012,6429850.398],[5676603.232,6429851.126],[5676605.452,6429851.854],[5676607.733,6429852.602],[5676610.138,6429853.39],[5676612.358,6429854.118],[5676614.599,6429854.989],[5676616.656,6429855.8],[5676618.712,6429856.61],[5676620.913,6429857.605],[5676623.277,6429858.517],[5676625.519,6429859.388],[5676627.698,6429860.239],[5676629.671,6429860.886],[5676631.891,6429861.614],[5676634.42,6429862.442],[5676637.38,6429863.413],[5676640.216,6429864.343],[5676642.806,6429865.192],[5676645.15,6429865.96],[5676647.246,6429866.647],[5676649.281,6429867.314],[5676651.871,6429868.163],[5676654.955,6429869.174],[5676658.038,6429870.185],[5676661.143,6429871.339],[5676664.124,6429872.453],[5676667.167,6429873.587],[5676670.188,6429874.577],[5676673.252,6429875.855],[5676676.419,6429877.029],[5676679.606,6429878.347],[5676682.63,6429879.748],[5676685.345,6429881.048],[5676687.425,6429882.413],[5676689.339,6429883.45],[5676690.944,6429884.386],[5676692.445,6429885.015],[5676693.844,6429885.746],[5676695.305,6429886.498],[5676697.074,6429887.352],[5676699.296,6429888.49],[5676701.703,6429889.688],[5676704.234,6429890.928],[5676706.928,6429892.084],[5676709.705,6429893.404],[5676712.522,6429894.601],[5676715.484,6429895.982],[5676718.529,6429897.526],[5676721.617,6429899.358],[5676724.438,6429901.375],[5676727.177,6429903.229],[5676729.731,6429905.022],[5676732.282,6429906.405],[5676734.834,6429907.788],[5676737.2,6429909.11],[5676739.382,6429910.371],[5676741.277,6429911.675],[5676742.965,6429912.775],[5676744.57,6429913.711],[5676746.073,6429914.75],[5676747.66,6429915.953],[5676749.431,6429917.217],[5676751.183,6429918.747],[5676752.873,6429920.257],[5676754.481,6429921.604],[5676755.863,6429923.013],[5676757.266,6429924.566],[5676758.567,6429926.221],[5676759.889,6429928.021],[5676761.005,6429929.616],[5676762.1,6429931.067],[5676762.866,6429932.274],[5676763.486,6429933.297],[5676766.945,6429939.621],[5676767.645,6429939.987],[5676768.446,6429940.25],[5676769.865,6429940.715],[5676772.104,6429941.176],[5676775.123,6429941.756],[5676778.307,6429942.253],[5676781.139,6429942.362],[5676783.519,6429942.186],[5676785.405,6429941.848],[5676786.758,6429941.472],[5676787.926,6429941.036],[5676788.581,6429940.704],[5676789.112,6429940.332],[5676789.459,6429939.899],[5676789.948,6429939.24],[5676790.701,6429937.984],[5676791.516,6429936.749],[5676792.31,6429935.37],[5676793.35,6429934.072],[5676794.594,6429932.568],[5676796.023,6429931.124],[5676797.904,6429929.555],[5676799.928,6429928.17],[5676801.545,6429927.197],[5676802.67,6429926.474],[5676803.487,6429925.649],[5676804.405,6429924.721],[5676805.609,6429923.34],[5676806.875,6429921.979],[5676808.143,6429921.028],[5676809.246,6429920.161],[5676810.514,6429919.211],[5676811.801,6429917.994],[5676813.311,6429916.303],[5676814.655,6429914.285],[5676815.957,6429911.98],[5676817.074,6429909.615],[5676817.842,6429907.271],[5676818.489,6429905.298],[5676818.953,6429903.675],[5676819.479,6429902.071],[5676820.085,6429900.221],[5676820.732,6429898.248],[5676821.419,6429896.151],[5676822.188,6429893.808],[5676822.915,6429891.588],[5676823.603,6429889.491],[5676824.29,6429887.395],[5676825.098,6429884.928],[5676825.907,6429882.461],[5676826.818,6429879.892],[5676828.222,6429877.483],[5676829.896,6429875.71],[5676831.98,6429873.935],[5676834.371,6429871.85],[5676836.842,6429869.519],[5676839.11,6429867.394],[5676840.805,6429865.764],[5676842.194,6429864.444],[5676843.317,6429863.31],[5676844.563,6429862.216],[5676846.035,6429861.059],[5676847.692,6429859.963],[5676849.759,6429858.865],[5676852.196,6429857.889],[5676854.593,6429857.035],[5676856.99,6429856.182],[5676859.427,6429855.205],[5676861.864,6429854.229],[5676864.567,6429853.066],[5676867.496,6429851.841],[5676870.365,6429851.005],[5676872.906,6429850.336],[5676875.08,6429849.956],[5676876.76,6429849.414],[5676878.132,6429848.771],[5676879.442,6429848.108],[5676880.792,6429847.321],[5676882.266,6429846.575],[5676883.965,6429845.766],[5676886.115,6429844.832],[5676888.84,6429843.813],[5676892.1,6429843.242],[5676895.443,6429842.836],[5676898.582,6429842.635],[5676901.638,6429842.271],[5676904.079,6429842.116],[5676905.885,6429842.024],[5676907.282,6429842.346],[5676908.679,6429842.667],[5676910.671,6429843.047],[5676913.034,6429843.548],[5676915.601,6429843.843],[5676918.127,6429844.262],[5676920.961,6429844.781],[5676923.796,6429845.301],[5676926.611,6429846.087],[5676929.386,6429846.997],[5676932.079,6429847.743],[5676934.875,6429848.796],[5676937.526,6429849.665],[5676939.87,6429850.433],[5676941.966,6429851.12],[5676944.331,6429852.032],[5676946.449,6429852.863],[5676948.422,6429853.51],[5676950.149,6429854.076],[5676951.61,6429854.828],[5676953.111,6429855.457],[5676954.859,6429856.166],[5676956.936,6429857.12],[5676959.097,6429858.238],[5676961.112,6429859.172],[5676963.026,6429860.209],[5676965.002,6429861.267],[5676967.017,6429862.201],[5676968.993,6429863.258],[5676970.762,6429864.111],[5676972.408,6429864.924],[5676973.807,6429865.655],[5676975.187,6429866.654],[5676976.671,6429867.96],[5676978.032,6429869.226],[5676979.207,6429870.431],[5676980.241,6429871.862],[5676981.438,6429873.211],[5676982.307,6429874.725],[5676983.013,6429876.322],[5676983.493,6429877.982],[5676984.035,6429879.662],[5676984.475,6429881.445],[5676984.976,6429883.249],[5676985.459,6429885.319],[5676985.962,6429887.533],[5676986.302,6429889.83],[5676986.497,6429891.942],[5676986.386,6429894.365],[5676986.154,6429897.157],[5676985.922,6429899.949],[5676985.687,6429902.331],[5676985.329,6429904.672],[5676984.95,6429906.87],[5676984.408,6429909.15],[5676983.763,6429911.534],[5676983.037,6429914.164],[5676982.373,6429916.815],[5676981.688,6429919.322],[5676981.041,6429921.295],[5676980.333,6429923.249],[5676979.686,6429925.222],[5676979.02,6429927.462],[5676978.436,6429929.866],[5676978.058,6429932.064],[5676977.987,6429934.363],[5676978.02,6429936.969],[5676978.056,6429939.985],[5676978.444,6429943.8],[5676979.141,6429947.717],[5676980.248,6429951.631],[5676980.879,6429954.706],[5676980.955,6429957.599],[5676980.478,6429960.721],[5676979.531,6429964.235],[5676978.359,6429967.811],[5676977.186,6429971.388],[5676976.054,6429974.841],[5676974.982,6429977.905],[5676973.888,6429980.824],[5676972.735,6429984.134],[5676971.297,6429987.897],[5676969.858,6429991.659],[5676968.256,6429995.505],[5676966.612,6429999.063],[5676964.78,6430002.151],[5676962.989,6430005.115],[5676961.238,6430007.956],[5676959.426,6430010.776],[5676957.594,6430013.864],[5676955.578,6430016.89],[5676953.746,6430019.978],[5676952.304,6430022.92],[5676951.191,6430026.106],[5676950.099,6430029.436],[5676949.048,6430032.643],[5676948.118,6430035.479],[5676947.31,6430037.946],[5676946.357,6430040.229],[5676945.361,6430042.224],[5676944.078,6430044.262],[5676942.753,6430046.013],[5676941.326,6430047.867],[5676939.92,6430049.865],[5676938.452,6430051.842],[5676937.025,6430053.697],[5676935.944,6430055.118],[5676935.21,6430056.107],[5676934.642,6430057.423],[5676934.055,6430059.006],[5676933.344,6430060.549],[5676932.572,6430062.071],[5676931.902,6430063.49],[5676931.396,6430064.827],[5676930.911,6430066.307],[5676930.345,6430068.034],[5676929.738,6430069.884],[5676928.906,6430071.796],[5676927.377,6430073.753],[5676925.597,6430074.809],[5676923.834,6430075.187],[5676922.275,6430075.359],[5676921.537,6430075.527],[5676920.737,6430075.675],[5676920.061,6430075.863],[5676919.098,6430076.093],[5676918.032,6430076.427],[5676917.028,6430076.781],[5676915.882,6430077.361],[5676914.612,6430077.901],[5676913.139,6430078.647],[5676911.275,6430079.539],[5676909.185,6430080.083],[5676906.703,6430080.362],[5676903.503,6430080.542],[5676900.24,6430080.702],[5676897.244,6430080.676],[5676894.084,6430080.733],[5676891.026,6430080.686],[5676888.008,6430080.517],[5676885.053,6430080.367],[5676882.26,6430080.135],[5676879.241,6430079.555],[5676876.015,6430078.771],[5676872.685,6430077.679],[5676869.293,6430076.567],[5676866.189,6430075.413],[5676863.597,6430074.153],[5676861.17,6430073.222],[5676859.216,6430072.308],[5676857.345,6430071.558],[5676855.659,6430070.868],[5676854.281,6430070.28],[5676852.718,6430069.631],[5676851.196,6430068.859],[5676849.467,6430067.883],[5676847.492,6430066.825],[5676845.454,6430065.748],[5676843.417,6430064.67],[5676841.421,6430063.469],[5676839.384,6430062.392],[5676837.43,6430061.478],[5676835.497,6430060.708],[5676833.996,6430060.079],[5676832.577,6430059.614],[5676831.221,6430059.17],[5676830.049,6430058.786],[5676829.062,6430058.462],[5676828.446,6430058.26],[5676827.891,6430058.078],[5676827.295,6430058.019],[5676826.37,6430057.716],[5676824.973,6430057.395],[5676823.185,6430056.809],[5676821.026,6430056.101],[5676818.908,6430055.27],[5676817.099,6430054.541],[5676815.474,6430053.871],[5676814.322,6430053.22],[5676813.663,6430052.731],[5676813.065,6430052.262],[5676812.385,6430051.629],[5676811.539,6430050.669],[5676810.671,6430049.565],[5676809.868,6430048.892],[5676809.145,6430047.972],[5676808.237,6430046.992],[5676807.286,6430045.724],[5676806.172,6430044.539],[5676804.956,6430043.458],[5676803.719,6430042.233],[5676802.296,6430040.947],[5676800.44,6430039.109],[5676798.359,6430037.334],[5676796.298,6430035.702],[5676794.774,6430034.52],[5676793.6,6430033.725],[5676792.59,6430032.848],[5676791.663,6430032.134],[5676790.942,6430031.625],[5676790.345,6430031.156],[5676789.501,6430030.606],[5676788.616,6430030.179],[5676788.061,6430029.997],[5676787.608,6430029.712],[5676786.868,6430029.47],[5676786.252,6430029.268],[5676785.573,6430029.045],[5676784.689,6430028.619],[5676783.517,6430028.235],[5676782.201,6430027.667],[5676780.721,6430027.181],[5676779.22,6430026.553],[5676777.761,6430026.211],[5676776.466,6430025.787],[5676775.315,6430025.546],[5676774.267,6430025.202],[5676773.24,6430025.002],[5676772.09,6430024.762],[5676770.548,6430024.256],[5676768.904,6430023.854],[5676767.116,6430023.268],[5676765.142,6430022.621],[5676763.107,6430021.954],[5676761.421,6430021.265],[5676759.797,6430020.596],[5676758.502,6430020.171],[5676757.349,6430019.52],[5676756.301,6430019.176],[5676755.457,6430018.627],[5676754.757,6430018.261],[5676754.181,6430017.935],[5676753.42,6430017.549],[5676752.535,6430017.123],[5676751.548,6430016.799],[5676750.438,6430016.435],[5676749.205,6430016.031],[5676747.848,6430015.586],[5676746.183,6430015.04],[5676744.848,6430014.739],[5676743.883,6430014.559],[5676743,6430014.543],[5676742.466,6430014.505],[5676741.667,6430014.653],[5676740.907,6430014.677],[5676739.923,6430014.764],[5676738.713,6430014.913],[5676737.339,6430015.146],[5676735.863,6430015.482],[5676734.223,6430015.9],[5676732.707,6430016.359],[5676731.478,6430016.776],[5676730.721,6430017.211],[5676730.312,6430017.623],[5676730.029,6430018.487],[5676729.463,6430020.213],[5676729.019,6430021.57],[5676728.919,6430022.083],[5676728.801,6430023.274],[5676728.58,6430024.158],[5676728.278,6430025.288],[5676728.097,6430026.048],[5676728.018,6430026.705],[5676728.103,6430027.28],[5676728.292,6430028.161],[5676728.668,6430029.514],[5676729.025,6430031.133],[5676728.951,6430032.611],[5676728.589,6430034.131],[5676728.063,6430035.735],[5676727.395,6430037.565],[5676726.582,6430039.21],[5676725.725,6430040.159],[5676724.989,6430040.737],[5676724.109,6430041.131],[5676723.003,6430041.588],[5676721.61,6430042.088],[5676720.094,6430042.547],[5676718.66,6430043.17],[5676717.699,6430043.811],[5676716.842,6430044.759],[5676715.904,6430045.954],[5676714.636,6430046.904],[5676713.264,6430047.547],[5676712.116,6430047.717],[5676711.029,6430047.907],[5676710.004,6430048.117],[5676708.896,6430048.164],[5676707.624,6430048.293],[5676706.251,6430048.526],[5676704.692,6430048.698],[5676703.031,6430048.973],[5676701.493,6430049.289],[5676700.489,6430049.642],[5676699.528,6430050.283],[5676698.671,6430051.232],[5676697.631,6430052.53],[5676696.652,6430053.848],[5676696.163,6430054.507],[5676695.818,6430055.35],[5676695.576,6430056.09],[5676695.252,6430057.077],[5676694.848,6430058.31],[5676694.444,6430059.544],[5676693.897,6430061.003],[5676693.29,6430062.853],[5676692.584,6430065.217],[5676691.735,6430067.807],[5676690.905,6430070.13],[5676690.175,6430071.94],[5676689.69,6430073.42],[5676689.348,6430074.673],[5676688.822,6430076.276],[5676688.135,6430078.373],[5676687.326,6430080.84]]}},{"type":"Feature","properties":{},"geometry":{"type":"LineString","coordinates":[[5676851.944,6429304.906],[5676837.739,6429304.788],[5676773.96,6429311.733],[5676653.095,6429327.715],[5676643.784,6429329.46],[5676639.69,6429330.134],[5676635.368,6429330.869],[5676630.878,6429332.099],[5676626.45,6429333.349],[5676622.476,6429334.479],[5676619.456,6429335.243],[5676617.388,6429335.642],[5676615.898,6429335.963],[5676614.471,6429336.304],[5676612.153,6429337.032],[5676608.801,6429337.959],[5676604.704,6429339.047],[5676601,6429339.992],[5676598.084,6429340.654],[5676595.333,6429341.235],[5676591.984,6429341.749],[5676588.117,6429342.363],[5676583.815,6429343.243],[5676579.617,6429344.02],[5676575.936,6429344.697],[5676572.047,6429345.579],[5676568.676,6429346.362],[5676566.669,6429346.782],[5676565.593,6429347.105],[5676565.034,6429347.329],[5676564.081,6429347.694],[5676557.484,6429349.033],[5676557.526,6429348.909],[5676557.09,6429349.175],[5676556.301,6429349.872],[5676555.57,6429351.003],[5676554.812,6429353.228],[5676554.047,6429356.28],[5676553.41,6429358.961],[5676554.121,6429360.721],[5676555.391,6429362.258],[5676556.74,6429364.374],[5676558.046,6429366.613],[5676559.229,6429368.811],[5676560.331,6429370.842],[5676561.185,6429372.789],[5676561.938,6429374.426],[5676562.61,6429375.897],[5676563.034,6429377.284],[5676563.374,6429378.918],[5676563.672,6429380.675],[5676563.945,6429383.114],[5676564.276,6429385.987],[5676564.543,6429389.252],[5676564.732,6429391.939],[5676564.513,6429393.796],[5676564.024,6429395.837],[5676563.574,6429398.168],[5676563.038,6429401.159],[5676562.79,6429404.111],[5676562.647,6429406.961],[5676562.897,6429409.668],[5676563.251,6429412.273],[5676563.811,6429415.085],[5676564.536,6429417.817],[5676565.303,6429420.424],[5676566.07,6429423.032],[5676566.652,6429425.576],[5676566.944,6429428.16],[5676566.722,6429430.43],[5676566.006,6429432.532],[5676565.227,6429434.613],[5676564.306,6429436.507],[5676563.165,6429437.222],[5676561.777,6429437.853],[5676559.894,6429438.315],[5676556.607,6429438.85],[5676552.698,6429439.588],[5676548.995,6429440.534],[5676546.55,6429441.632],[5676545.12,6429442.387],[5676543.94,6429442.813],[5676542.532,6429443.299],[5676540.38,6429443.945],[5676537.668,6429444.815],[5676535.103,6429445.458],[5676533.077,6429445.734],[5676531.214,6429446.341],[5676529.227,6429446.906],[5676526.889,6429447.489],[5676524.324,6429448.132],[5676521.84,6429448.942],[5676519.499,6429449.938],[5676517.735,6429451.268],[5676516.426,6429452.478],[5676515.633,6429453.588],[5676515.318,6429454.309],[5676515.15,6429454.803],[5676514.897,6429455.545],[5676514.664,6429456.432],[5676514.45,6429457.463],[5676514.237,6429458.494],[5676514.127,6429459.423],[5676514.389,6429460.478],[5676514.774,6429461.575],[5676515.49,6429462.509],[5676516.516,6429463.549],[5676517.994,6429464.881],[5676519.905,6429466.36],[5676521.422,6429467.982],[5676522.878,6429469.582],[5676524.19,6429470.995],[5676525.317,6429472.345],[5676526.196,6429473.611],[5676527.219,6429475.064],[5676528.284,6429476.393],[5676529.352,6429477.309],[5676530.153,6429477.996],[5676530.748,6429478.475],[5676531.367,6429478.686],[5676532.066,6429479.062],[5676533.179,6429479.441],[5676534.724,6429479.968],[5676536.371,6429480.806],[5676537.644,6429481.929],[5676538.709,6429483.258],[5676539.94,6429484.506],[5676541.047,6429485.711],[5676542.297,6429487.104],[5676543.652,6429488.393],[5676545.279,6429489.086],[5676546.515,6429489.508],[5676547.875,6429489.971],[5676549.687,6429490.727],[5676551.747,6429491.567],[5676553.683,6429492.365],[5676555.392,6429493.223],[5676556.954,6429494.308],[5676558.536,6429495.537],[5676560.242,6429496.809],[5676562.029,6429498.246],[5676563.836,6429499.828],[5676565.538,6429501.512],[5676567.075,6429503.278],[5676568.486,6429505.415],[5676570.04,6429507.739],[5676571.715,6429510.518],[5676573.08,6429513.191],[5676573.519,6429515.549],[5676572.842,6429517.94],[5676571.872,6429520.784],[5676570.737,6429523.709],[5676569.748,6429526.408],[5676568.846,6429528.447],[5676567.95,6429529.659],[5676567.138,6429530.624],[5676566.183,6429531.403],[5676565.25,6429531.913],[5676564.629,6429532.115],[5676563.845,6429531.986],[5676562.608,6429531.564],[5676560.318,6429531.198],[5676557.697,6429530.994],[5676555.592,6429530.691],[5676554.086,6429530.453],[5676553.569,6429530.553],[5676552.906,6429530.879],[5676552.243,6429531.205],[5676551.414,6429531.612],[5676550.296,6429532.059],[5676549.051,6429532.877],[5676547.868,6429533.716],[5676546.685,6429534.554],[5676545.603,6429535.704],[5676544.499,6429537.121],[5676543.847,6429538.831],[5676543.358,6429540.873],[5676542.743,6429543.285],[5676541.962,6429545.779],[5676541.532,6429548.254],[5676541.228,6429550.359],[5676541.049,6429552.506],[5676541.119,6429554.324],[5676541.085,6429556.244],[5676541.175,6429558.207],[5676540.914,6429560.188],[5676540.363,6429562.208],[5676539.689,6429564.186],[5676538.891,6429566.123],[5676538.031,6429568.038],[5676537.318,6429569.726],[5676536.233,6429571.289],[5676534.671,6429573.24],[5676532.799,6429575.086],[5676530.804,6429576.89],[5676529.183,6429578.408],[5676527.79,6429579.865],[5676526.438,6429581.198],[5676525.044,6429582.655],[5676523.608,6429584.236],[5676522.131,6429585.94],[5676520.776,6429587.686],[5676519.546,6429589.475],[5676518.318,6429590.85],[5676517.112,6429591.957],[5676515.783,6429593.022],[5676514.269,6429594.024],[5676512.734,6429594.881],[5676511.327,6429595.367],[5676510.003,6429595.606],[5676508.579,6429595.535],[5676507.115,6429595.174],[5676505.53,6429594.357],[5676503.389,6429593.351],[5676500.978,6429592.53],[5676498.505,6429591.687],[5676496.465,6429590.991],[5676495.04,6429590.92],[5676494.068,6429591.14],[5676492.868,6429591.421],[5676491.522,6429591.929],[5676490.092,6429592.683],[5676488.763,6429593.748],[5676487.308,6429595.184],[5676485.83,6429596.888],[5676484.866,6429598.906],[5676484.211,6429601.029],[5676483.661,6429603.049],[5676483.11,6429605.069],[5676482.54,6429606.945],[5676482.174,6429609.029],[5676481.871,6429611.133],[5676481.382,6429613.175],[5676480.708,6429615.153],[5676480.033,6429617.131],[5676479.547,6429618.759],[5676479.516,6429620.267],[5676479.609,6429621.816],[5676479.865,6429623.698],[5676480.281,6429626.324],[5676481.149,6429629.242],[5676482.327,6429632.265],[5676483.507,6429634.875],[5676484.339,6429637.091],[5676484.387,6429639.177],[5676483.858,6429640.929],[5676483.268,6429642.66],[5676482.678,6429644.391],[5676482.257,6429645.628],[5676481.793,6429646.988],[5676481.33,6429648.348],[5676481.175,6429649.813],[5676481.307,6429651.652],[5676481.333,6429654.007],[5676481.456,6429657.085],[5676482.28,6429660.54],[5676483.142,6429664.284],[5676484.132,6429667.657],[5676484.567,6429670.428],[5676485.171,6429672.704],[5676485.964,6429674.63],[5676486.593,6429676.224],[5676487.2,6429678.087],[5676487.968,6429680.695],[5676488.979,6429683.8],[5676490.384,6429686.763],[5676491.854,6429689.334],[5676493.324,6429691.905],[5676494.731,6429694.455],[5676496.159,6429697.15],[5676497.336,6429700.173],[5676498.724,6429702.578],[5676499.537,6429703.347],[5676499.815,6429703.226],[5676500.329,6429703.539],[5676501.172,6429704.102],[5676502.077,6429704.687],[5676502.92,6429705.25],[5676503.701,6429705.793],[5676504.811,6429706.585],[5676506.761,6429708.354],[5676510.583,6429711.312],[5676515.022,6429714.482],[5676519.338,6429717.609],[5676522.604,6429720.378],[5676524.922,6429722.687],[5676526.397,6429724.431],[5676527.543,6429725.926],[5676528.729,6429727.711],[5676530.241,6429730.158],[5676531.874,6429733.06],[5676533.568,6429735.984],[5676534.996,6429738.679],[5676535.763,6429741.286],[5676536.426,6429743.996],[5676536.887,6429746.086],[5676537.244,6429748.277],[5676537.576,6429751.15],[5676537.637,6429754.208],[5676537.452,6429757.181],[5676536.812,6429760.274],[5676535.842,6429763.118],[5676534.957,6429765.714],[5676534.156,6429768.063],[5676533.524,6429769.918],[5676532.681,6429772.391],[5676531.754,6429775.111],[5676530.869,6429777.707],[5676530.13,6429780.077],[5676529.801,6429782.863],[5676529.861,6429786.333],[5676529.731,6429790.154],[5676529.83,6429793.913],[5676530.074,6429797.447],[5676530.485,6429800.899],[5676530.833,6429804.329],[5676531.227,6429807.224],[5676531.789,6429809.623],[5676532.123,6429812.083],[5676532.705,6429814.628],[5676533.596,6429817.277],[5676534.487,6429819.927],[5676535.591,6429821.546],[5676536.552,6429822.977],[5676537.594,6429824.575],[5676538.696,6429826.606],[5676539.739,6429828.204],[5676540.702,6429829.222],[5676541.562,6429830.343],[5676542.793,6429831.591],[5676544.066,6429832.715],[5676545.072,6429833.61],[5676545.606,6429834.068],[5676546.14,6429834.526],[5676551.406,6429837.142]]}},{"type":"Feature","properties":{},"geometry":{"type":"LineString","coordinates":[[5676755.032,6429282.648],[5676757.699,6429282.315],[5676760.157,6429282.187],[5676762.431,6429281.996],[5676764.496,6429282.01],[5676765.715,6429281.873],[5676766.893,6429281.861],[5676768.486,6429281.438],[5676770.515,6429280.749],[5676773.246,6429280.024],[5676776.182,6429279.507],[5676778.868,6429279.319],[5676781.47,6429279.378],[5676783.825,6429279.352],[5676786.326,6429279.101],[5676788.95,6429278.892],[5676791.926,6429278.664],[5676795.5,6429278.502],[5676799.428,6429277.909],[5676803.604,6429277.4],[5676808.277,6429276.647],[5676813.031,6429276.06],[5676817.679,6429275.988],[5676822.346,6429276.061],[5676826.62,6429276.276],[5676830.483,6429276.075],[5676833.914,6429275.726],[5676837.654,6429275.483],[5676841.684,6429275.201],[5676845.567,6429275.144],[5676848.894,6429274.898],[5676850.198,6429274.515],[5676851.105,6429274.686],[5676851.662,6429274.876],[5676853.168,6429275.113],[5676855.048,6429275.064],[5676857.341,6429275.018],[5676860.046,6429274.974],[5676862.446,6429274.412],[5676864.618,6429273.91],[5676866.706,6429273.656],[5676868.813,6429273.546],[5676871.294,6429273.15],[5676873.899,6429272.796],[5676876.482,6429272.71],[5676878.713,6429272.643],[5676879.974,6429272.383],[5676880.491,6429272.283],[5676885.25,6429271.843]]}},{"type":"Feature","properties":{},"geometry":{"type":"LineString","coordinates":[[5676885.25,6429271.843],[5676885.412,6429271.35],[5676886.048,6429271.285],[5676886.99,6429270.911],[5676887.666,6429270.723],[5676888.549,6429270.739],[5676889.922,6429270.507],[5676891.809,6429270.169],[5676893.674,6429269.688],[5676894.843,6429269.661],[5676895.726,6429269.678],[5676896.649,6429269.57],[5676897.736,6429269.38],[5676899.254,6429269.332],[5676900.957,6429269.344],[5676903.071,6429269.354],[5676905.145,6429269.487],[5676907.648,6429269.351],[5676910.193,6429269.503],[5676912.8,6429269.674],[5676914.956,6429269.972],[5676916.907,6429270.064],[5676919.122,6429269.971],[5676921.604,6429269.692],[5676924.658,6429268.918],[5676928.41,6429268.099],[5676932.735,6429267.195],[5676937.163,6429266.187],[5676941.101,6429265.839],[5676944.651,6429265.637],[5676947.728,6429265.417],[5676950.969,6429265.113],[5676954.539,6429265.054],[5676958.11,6429264.995],[5676961.393,6429264.979],[5676964.37,6429265.272],[5676967.715,6429265.276],[5676971.061,6429265.28],[5676974.631,6429265.221],[5676978.735,6429265.2],[5676982.88,6429265.057],[5676987.72,6429264.458],[5676992.928,6429263.57],[5676997.788,6429262.704],[5677002.258,6429261.984],[5677006.36,6429261.553],[5677010.237,6429261.185],[5677013.746,6429261.106],[5677016.763,6429261.276],[5677019.475,6429261.755],[5677021.878,6429262.133],[5677024.115,6429262.183],[5677026.454,6429262.131],[5677029.182,6429261.932],[5677032.526,6429261.526],[5677036.279,6429261.117],[5677040.094,6429260.729],[5677044.135,6429260.278],[5677048.197,6429259.97],[5677052.052,6429259.458],[5677055.682,6429259.009],[5677058.885,6429259.239],[5677061.985,6429259.573],[5677064.675,6429259.908],[5677066.872,6429260.082],[5677068.514,6429260.074],[5677069.273,6429260.05],[5677069.807,6429260.088],[5677070.587,6429260.207],[5677071.695,6429260.161],[5677073.007,6429259.908],[5677074.258,6429259.635],[5677075.181,6429259.528],[5677075.672,6429259.279],[5677076.163,6429259.03],[5677076.612,6429258.494],[5677076.999,6429257.938],[5677077.448,6429257.403],[5677077.937,6429256.743],[5677078.426,6429256.084],[5677078.916,6429255.425],[5677079.607,6429254.149],[5677080.235,6429252.443],[5677080.597,6429250.922],[5677080.899,6429249.792],[5677081.199,6429248.252],[5677081.663,6429246.628],[5677082.148,6429245.148],[5677082.593,6429243.791],[5677082.997,6429242.558],[5677083.28,6429241.695],[5677083.603,6429240.708],[5677083.927,6429239.721],[5677084.25,6429238.735],[5677084.614,6429237.625],[5677085.182,6429236.309],[5677085.731,6429235.259],[5677085.995,6429234.663],[5677086.218,6429234.19],[5677086.318,6429233.676],[5677086.459,6429233.039],[5677086.661,6429232.423],[5677086.984,6429231.436],[5677087.308,6429230.449],[5677087.631,6429229.463],[5677088.157,6429227.859],[5677088.804,6429225.886],[5677089.37,6429224.159],[5677089.836,6429222.946],[5677090.099,6429222.35],[5677090.465,6429221.65],[5677091.016,6429221.011],[5677091.795,6429220.72],[5677093.107,6429220.467],[5677094.502,6429220.378],[5677095.406,6429220.538],[5677095.899,6429220.699],[5677096.494,6429220.758],[5677097.028,6429220.796],[5677097.932,6429220.956],[5677098.672,6429221.199],[5677099.248,6429221.524],[5677099.724,6429222.363],[5677100.018,6429223.552],[5677099.922,6429224.886],[5677099.785,6429226.344],[5677099.691,6429228.089],[5677099.619,6429229.977],[5677099.503,6429231.579],[5677099.388,6429233.18],[5677099.292,6429234.514],[5677099.239,6429236.136],[5677099.166,6429238.024],[5677099.317,6429239.439],[5677099.446,6429240.711],[5677099.884,6429242.084],[5677100.571,6429243.948],[5677101.34,6429245.976],[5677102.19,6429247.757],[5677103.039,6429249.128],[5677104.399,6429250.393],[5677106.007,6429251.74],[5677107.468,6429252.492],[5677108.618,6429252.732],[5677109.953,6429253.034],[5677112.027,6429253.167],[5677114.366,6429253.114],[5677117.054,6429253.039],[5677119.515,6429252.617],[5677121.503,6429252.176],[5677123.532,6429251.611],[5677126.052,6429250.799],[5677129.187,6429249.777],[5677132.774,6429249.041],[5677136.63,6429248.529],[5677140.63,6429248.202],[5677144.528,6429247.977],[5677148.507,6429247.506],[5677152.137,6429247.057],[5677155.644,6429246.567],[5677158.885,6429246.264],[5677161.716,6429245.962],[5677164.342,6429245.867],[5677166.743,6429245.835],[5677169.431,6429245.76],[5677172.365,6429245.766],[5677175.423,6429245.812],[5677178.605,6429245.899],[5677181.765,6429245.842],[5677184.885,6429245.908],[5677188.147,6429245.748],[5677191.184,6429245.651],[5677194.631,6429245.552],[5677198.263,6429245.513],[5677202.284,6429245.329],[5677206.654,6429245.123],[5677210.942,6429244.752],[5677215.148,6429244.629],[5677218.984,6429244.384],[5677222.534,6429244.182],[5677226.228,6429244.163],[5677230.004,6429244.308],[5677233.781,6429244.454],[5677237.579,6429244.743],[5677241.562,6429245.092],[5677245.585,6429245.318],[5677249.486,6429245.504],[5677253.139,6429245.609],[5677256.444,6429245.736],[5677259.338,6429245.866],[5677262.007,6429246.058],[5677264.142,6429246.211],[5677265.662,6429246.573],[5677267.142,6429247.058],[5677268.375,6429247.462],[5677269.485,6429247.826],[5677270.287,6429248.089],[5677270.904,6429248.291],[5677271.459,6429248.473],[5677272.075,6429248.675],[5677272.692,6429248.877],[5677273.555,6429249.16],[5677274.48,6429249.464],[5677275.467,6429249.787],[5677276.33,6429250.07],[5677277.132,6429250.333],[5677278.119,6429250.656],[5677279.003,6429251.083],[5677279.888,6429251.509],[5677280.568,6429252.142],[5677281.434,6429252.836],[5677282.403,6429253.836],[5677283.292,6429255.084],[5677283.666,6429256.026],[5677283.772,6429256.744],[5677283.88,6429257.872],[5677283.991,6429259.41],[5677284.205,6429261.256],[5677284.42,6429263.102],[5677284.549,6429264.374],[5677284.759,6429265.399],[5677284.929,6429266.547],[5677285.018,6429267.942],[5677285.067,6429269.461],[5677285.177,6429270.999],[5677285.226,6429272.518],[5677285.334,6429273.646],[5677285.359,6429274.61],[5677285.465,6429275.328],[5677285.531,6429276.169],[5677285.555,6429276.723],[5677285.416,6429277.77],[5677285.176,6429278.921],[5677284.914,6429279.928],[5677284.692,6429280.811],[5677284.45,6429281.551],[5677284.167,6429282.415],[5677283.863,6429283.134],[5677283.518,6429283.977],[5677283.112,6429284.8],[5677282.667,6429286.157],[5677282.018,6429287.72],[5677281.305,6429288.852],[5677280.531,6429289.964],[5677279.693,6429290.646],[5677278.566,6429290.959],[5677277.377,6429291.252],[5677276.29,6429291.442],[5677275.327,6429291.673],[5677274.774,6429291.901],[5677134.579,6429298.121],[5677133.943,6429298.185],[5677133.409,6429298.147],[5677132.752,6429298.068],[5677131.542,6429298.218],[5677129.573,6429298.392],[5677126.517,6429298.756],[5677123.072,6429299.266],[5677120.037,6429299.773],[5677117.617,6429300.073],[5677115.524,6429300.206],[5677113.451,6429300.073],[5677110.986,6429299.675],[5677108.522,6429299.277],[5677105.647,6429298.88],[5677102.095,6429298.672],[5677097.991,6429298.693],[5677093.374,6429298.819],[5677088.449,6429298.843],[5677083.607,6429299.031],[5677078.867,6429299.117],[5677074.271,6429299.386],[5677069.778,6429299.552],[5677065.038,6429299.637],[5677060.112,6429299.662],[5677055.33,6429299.46],[5677050.936,6429299.112],[5677046.768,6429298.702],[5677042.232,6429298.581],[5677038.026,6429298.704],[5677034.496,6429298.64],[5677031.765,6429298.428],[5677029.509,6429298.644],[5677027.499,6429298.942],[5677025.634,6429299.423],[5677023.646,6429299.864],[5677021.349,6429300.204],[5677018.54,6429300.649],[5677015.382,6429301.116],[5677012.141,6429301.419],[5677008.981,6429301.476],[5677006.025,6429301.327],[5677003.541,6429301.195],[5677001.057,6429301.064],[5676998.82,6429301.014],[5676996.623,6429300.84],[5676994.612,6429300.727],[5676992.64,6429300.49],[5676990.712,6429300.541],[5676988.844,6429300.612],[5676986.854,6429300.642],[5676984.802,6429300.653],[5676982.524,6429300.725],[5676980.41,6429300.716],[5676978.256,6429300.829],[5676976.164,6429300.962],[5676974.235,6429301.013],[5676972.368,6429301.084],[5676970.479,6429301.011],[5676968.551,6429301.062],[5676966.888,6429300.927],[5676965.656,6429300.933],[5676964.691,6429300.753],[5676963.645,6429300.82],[5676962.167,6429300.745],[5676959.951,6429300.838],[5676957.488,6429300.85],[5676954.779,6429300.782],[5676952.193,6429300.754],[5676950.018,6429300.723],[5676948.314,6429300.711],[5676947.021,6429300.697],[5676946.037,6429300.784],[5676944.929,6429300.831],[5676943.534,6429300.92],[5676941.503,6429301.074],[5676938.774,6429301.272],[5676935.512,6429301.432],[5676932.065,6429301.531],[5676928.516,6429301.733],[5676924.679,6429301.978],[5676920.679,6429302.306],[5676916.821,6429302.407],[5676913.047,6429302.673],[5676909.559,6429302.895],[5676905.948,6429303.077],[5676902.522,6429303.32],[5676899.179,6429303.727],[5676896.349,6429304.028],[5676894.092,6429304.245],[5676892.225,6429304.315],[5676890.768,6429304.384],[5676889.516,6429304.247],[5676888.14,6429304.069],[5676886.662,6429303.994],[5676885.246,6429303.94],[5676883.768,6429303.865],[5676882.043,6429303.709],[5676879.806,6429303.659],[5676876.85,6429303.51],[5676873.484,6429303.362],[5676870.2,6429303.379],[5676867.266,6429303.373],[5676864.865,6429303.405],[5676863.244,6429303.557],[5676862.322,6429303.664],[5676861.788,6429303.626],[5676861.029,6429303.65],[5676860.476,6429303.879],[5676859.799,6429304.067],[5676859.163,6429304.131],[5676858.67,6429303.97],[5676857.726,6429303.933],[5676856.967,6429303.958],[5676856.454,6429304.063],[5676855.778,6429304.251],[5676855.265,6429304.356],[5676854.753,6429304.461],[5676854.179,6429304.546],[5676853.543,6429304.611],[5676852.969,6429304.696],[5676852.354,6429304.904],[5676851.944,6429304.906]]}},{"type":"Feature","properties":{},"geometry":{"type":"LineString","coordinates":[[5676928.165,6428606.936],[5676930.301,6428608.768],[5676932.186,6428610.929],[5676933.965,6428613.605],[5676935.64,6428616.384],[5676936.798,6428619.263],[5676937.666,6428622.181],[5676938.388,6428625.325],[5676938.902,6428628.674],[5676939.625,6428631.819],[5676940.389,6428634.839],[5676940.968,6428637.797],[5676941.3,6428640.67],[5676941.218,6428643.54],[5676940.704,6428646.263],[5676939.712,6428649.375],[5676938.574,6428652.713],[5676937.29,6428656.277],[5676936.068,6428659.863],[5676935.141,6428662.583],[5676934.382,6428664.808],[5676933.834,6428666.416],[5676933.329,6428667.899],[5676932.865,6428669.259],[5676932.233,6428671.114],[5676931.559,6428673.092],[5676930.719,6428675.152],[5676930.025,6428676.985],[5676929.395,6428678.427],[5676928.788,6428679.6],[5676928.221,6428681.062],[5676927.465,6428682.875],[5676926.644,6428685.079],[5676926.097,6428686.687],[5676925.861,6428687.986],[5676925.501,6428689.244],[5676925.054,6428691.161],[5676924.919,6428692.771],[5676924.97,6428694.445],[5676925.144,6428696.16],[5676925.65,6428697.713],[5676926.195,6428699.555],[5676927.03,6428701.357],[5676928.193,6428703.41],[5676929.458,6428705.773],[5676931.071,6428708.531],[5676932.993,6428711.394],[5676934.937,6428713.989],[5676936.803,6428716.005],[5676938.467,6428717.4],[5676940.172,6428718.671],[5676942.311,6428720.09],[5676944.859,6428721.925],[5676947.945,6428723.805],[5676950.988,6428725.808],[5676953.598,6428727.664],[5676955.568,6428729.578],[5676956.712,6428731.485],[5676957.237,6428733.183],[5676957.431,6428735.043],[5676957.459,6428736.984],[5676957.341,6428739.152],[5676957.162,6428741.299],[5676956.507,6428743.422],[5676955.622,6428746.018],[5676954.549,6428748.964],[5676953.163,6428752.218],[5676951.635,6428755.285],[5676950.272,6428758.271],[5676948.954,6428760.72],[5676947.659,6428762.9],[5676946.51,6428764.855],[5676945.299,6428766.788],[5676944.048,6428768.432],[5676942.593,6428769.868],[5676940.89,6428771.219],[5676939.331,6428772.758],[5676937.791,6428774.441],[5676936.209,6428776.248],[5676934.731,6428777.952],[5676933.565,6428779.349],[5676932.565,6428780.664],[5676931.688,6428782.021],[5676931,6428783.028],[5676930.207,6428784.138],[5676929.331,6428785.495],[5676928.35,6428786.955],[5676927.369,6428788.415],[5676926.327,6428789.854],[5676925.265,6428791.148],[5676924.475,6428791.844],[5676923.916,6428792.068],[5676923.377,6428792.436],[5676922.733,6428792.907],[5676921.944,6428793.603],[5676921.073,6428794.135],[5676920.202,6428794.666],[5676919.123,6428795.402],[5676917.735,6428796.033],[5676915.956,6428796.392],[5676913.66,6428796.852],[5676911.053,6428797.619],[5676908.527,6428798.552],[5676906.124,6428799.527],[5676903.637,6428800.75],[5676901.005,6428802.198],[5676898.203,6428804.141],[5676895.587,6428806.148],[5676893.199,6428808.094],[5676891.142,6428809.876],[5676889.231,6428811.433],[5676887.467,6428812.764],[5676886.16,6428813.56],[5676885.081,6428814.297],[5676884.272,6428814.849],[5676883.151,6428815.709],[5676881.617,6428816.566],[5676879.771,6428817.73],[5676877.593,6428819.058],[5676875.764,6428820.781],[5676874.533,6428822.569],[5676873.592,6428824.318],[5676872.589,6428826.047],[5676871.67,6428827.527],[5676870.754,6428828.595],[5676869.61,6428829.723],[5676868.115,6428830.87],[5676866.061,6428832.24],[5676863.695,6428833.917],[5676861.06,6428835.779],[5676858.073,6428837.659],[5676855.274,6428839.189],[5676852.79,6428839.998],[5676850.618,6428840.5],[5676848.612,6428840.92],[5676846.937,6428841.177],[5676845.617,6428841.003],[5676844.319,6428840.561],[5676842.773,6428840.034],[5676840.944,6428838.72],[5676838.952,6428837.075],[5676836.979,6428835.575],[5676835.212,6428834.282],[5676833.691,6428833.074],[5676832.213,6428831.742],[5676830.553,6428829.934],[5676828.746,6428828.352],[5676827.186,6428826.854],[5676825.916,6428825.317],[5676824.938,6428823.328],[5676823.941,6428821.194],[5676823.129,6428819.123],[5676822.687,6428817.179],[5676822.474,6428815.174],[5676822.572,6428812.861],[5676822.836,6428810.467],[5676823.058,6428808.197],[5676823.134,6428806.152],[5676823.002,6428804.313],[5676822.83,6428802.185],[5676822.184,6428800.033],[5676820.793,6428798.04],[5676819.256,6428796.274],[5676817.531,6428794.858],[5676815.62,6428793.379],[5676813.403,6428791.381],[5676811.025,6428788.639],[5676808.628,6428785.752],[5676806.355,6428782.907],[5676804.45,6428780.601],[5676803.121,6428778.63],[5676801.795,6428776.246],[5676800.572,6428773.759],[5676799.577,6428771.212],[5676798.852,6428768.481],[5676798.54,6428765.752],[5676798.723,6428763.193],[5676799.071,6428760.551],[5676799.212,6428758.115],[5676798.962,6428755.408],[5676798.447,6428752.058],[5676797.354,6428748.788],[5676795.657,6428746.277],[5676793.665,6428744.632],[5676791.835,6428743.318],[5676789.922,6428742.252],[5676787.927,6428741.02],[5676785.786,6428740.014],[5676783.313,6428739.171],[5676780.264,6428737.994],[5676776.636,6428736.895],[5676772.804,6428735.589],[5676769.03,6428734.716],[5676765.172,6428734.091],[5676760.923,6428733.195],[5676755.975,6428731.922],[5676751.215,6428730.3],[5676747.239,6428728.806],[5676744.893,6428727.593],[5676743.783,6428726.8],[5676743.004,6428725.845],[5676742.164,6428724.868],[5676740.973,6428723.91],[5676739.495,6428722.578],[5676737.418,6428721.181],[5676734.785,6428719.593],[5676731.821,6428718.169],[5676728.277,6428716.823],[5676724.259,6428715.453],[5676719.994,6428713.999],[5676715.852,6428712.587],[5676712.081,6428711.302],[5676709.052,6428710.269],[5676706.208,6428709.3],[5676703.157,6428708.536],[5676700.105,6428707.771],[5676697.219,6428706.926],[5676694.373,6428706.369],[5676691.774,6428705.897],[5676688.967,6428705.631],[5676686.57,6428705.779],[5676684.791,6428706.139],[5676683.218,6428706.707],[5676682.057,6428707.277],[5676681.29,6428707.706],[5676680.748,6428708.487],[5676680.537,6428709.105],[5676680.281,6428710.26],[5676680.149,6428711.457],[5676679.725,6428713.107],[5676679.75,6428715.461],[5676679.483,6428718.268],[5676679.405,6428720.726],[5676679.433,6428722.667],[5676679.753,6428724.156],[5676680.282,6428725.441],[5676680.889,6428727.304],[5676681.288,6428729.372],[5676681.813,6428731.069],[5676682.153,6428732.703],[5676682.311,6428733.86],[5676682.491,6428734.75],[5676682.732,6428735.66],[5676682.971,6428736.984],[5676683.185,6428738.988],[5676683.188,6428741.611],[5676683.314,6428744.277],[5676683.382,6428746.508],[5676683.452,6428748.326],[5676683.399,6428750.102],[5676683.219,6428752.248],[5676682.764,6428755.405],[5676681.89,6428759.386],[5676680.347,6428764.518],[5676678.24,6428770.7],[5676675.461,6428778.447],[5676673.101,6428785.37],[5676671.311,6428790.418],[5676669.923,6428794.085],[5676668.746,6428797.134],[5676667.487,6428800.017],[5676666.372,6428803.087],[5676665.175,6428805.991],[5676663.894,6428809.142],[5676662.632,6428812.438],[5676661.079,6428816.187],[5676659.418,6428820.451],[5676657.507,6428825.044],[5676655.389,6428829.842],[5676653.147,6428834.598],[5676650.826,6428838.775],[5676648.319,6428842.888],[5676645.732,6428846.836],[5676642.832,6428851.092],[5676639.604,6428855.098],[5676636.212,6428858.772],[5676632.719,6428862.135],[5676629.328,6428865.809],[5676626.265,6428869.733],[5676623.16,6428873.781],[5676620.056,6428877.829],[5676616.808,6428881.69],[5676613.537,6428885.819],[5676610.39,6428889.99],[5676608.294,6428894.52],[5676606.712,6428899.363],[5676605.172,6428904.082],[5676603.652,6428908.946],[5676602.405,6428913.213],[5676602.048,6428917.094],[5676601.837,6428920.748],[5676601.939,6428924.094],[5676602.225,6428927.504],[5676602.714,6428931.535],[5676603.099,6428935.668],[5676603.234,6428940.131],[5676603.243,6428944.964],[5676603.726,6428949.82],[5676604.334,6428954.72],[5676605.331,6428959.89],[5676606.537,6428964.855],[5676607.518,6428969.467],[5676607.964,6428973.622],[5676607.894,6428977.876],[5676607.717,6428982.646],[5676607.664,6428987.458],[5676607.735,6428992.312],[5676608.162,6428996.321],[5676609.005,6428999.921],[5676609.904,6429004.368],[5676611.028,6429009.167],[5676611.902,6429014.295],[5676612.591,6429019.36],[5676612.518,6429024.027],[5676611.391,6429028.749],[5676609.748,6429033.571],[5676607.919,6429038.329],[5676605.865,6429042.735],[5676603.634,6429045.839],[5676601.285,6429048.074],[5676599.02,6429050.062],[5676596.384,6429051.924],[5676593.499,6429054.115],[5676590.301,6429056.613],[5676587.393,6429059.071],[5676584.381,6429061.633],[5676581.512,6429064.381],[5676578.769,6429066.758],[5676576.089,6429069.156],[5676573.639,6429071.081],[5676571.396,6429072.801],[5676568.758,6429075.076],[5676565.889,6429077.824],[5676562.998,6429080.84],[5676560.477,6429083.983],[5676558.766,6429086.574],[5676557.923,6429089.047],[5676557.182,6429091.83],[5676556.19,6429094.942],[5676555.114,6429098.301],[5676554.451,6429101.663],[5676553.953,6429104.944],[5676553.743,6429108.598],[5676553.656,6429112.295],[5676554.212,6429115.52],[5676554.954,6429118.809],[5676555.53,6429122.18],[5676556.045,6429125.529],[5676556.539,6429128.734],[5676556.871,6429131.607],[5676557.264,6429134.501],[5676557.467,6429138.158],[5676557.812,6429142.002],[5676557.908,6429146.175],[5676557.012,6429150.424],[5676555.537,6429154.751],[5676553.958,6429159.181],[5676552.255,6429163.568],[5676550.62,6429167.151],[5676548.636,6429170.339],[5676546.635,6429172.969],[5676544.576,6429175.165],[5676542.955,6429176.682],[5676541.645,6429177.892],[5676540.814,6429178.713],[5676539.858,6429179.491],[5676539.111,6429180.064],[5676538.591,6429180.577],[5676538.029,6429181.214],[5676537.442,6429182.531],[5676536.725,6429184.633],[5676536.259,6429186.406],[5676536.026,6429187.293],[5676535.832,6429188.469],[5676535.7,6429189.666],[5676535.627,6429191.297],[5676535.655,6429193.239],[5676535.784,6429195.491],[5676535.683,6429198.216],[5676535.416,6429201.023],[5676534.736,6429203.828],[5676533.809,6429206.548],[5676533.008,6429208.897],[5676532.292,6429210.999],[5676531.66,6429212.853],[5676531.07,6429214.584],[5676530.438,6429216.439],[5676529.825,6429218.438],[5676529.19,6429220.706],[5676528.662,6429222.458],[5676528.218,6429223.962],[5676527.923,6429224.828],[5676527.628,6429225.693],[5676527.249,6429226.806],[5676526.411,6429228.453],[5676525.45,6429230.057],[5676524.658,6429231.167],[5676523.927,6429232.298],[5676523.278,6429233.595],[5676522.877,6429234.976],[5676522.556,6429236.523],[5676522.132,6429238.172],[5676522.183,6429239.845],[5676522.402,6429241.024],[5676522.849,6429242.143],[5676523.442,6429243.035],[5676523.947,6429244.587],[5676524.434,6429245.995],[5676525.004,6429247.155],[5676525.718,6429248.503],[5676526.328,6429249.953],[5676526.814,6429251.36],[5676527.092,6429252.973],[5676527.143,6429254.647],[5676527.089,6429256.422],[5676527.227,6429257.435],[5676527.306,6429258.014],[5676526.831,6429264.063],[5676527.109,6429265.675],[5676527.531,6429267.475],[5676528.017,6429268.883],[5676528.506,6429269.878],[5676529.301,6429271.391],[5676530.979,6429273.757],[5676533.376,6429276.644],[5676534.991,6429278.988],[5676535.5,6429280.128],[5676535.492,6429281.367],[5676535.834,6429282.588],[5676536.34,6429284.14],[5676536.928,6429285.859],[5676537.057,6429288.111],[5676537.063,6429290.321],[5676536.779,6429292.57],[5676536.537,6429294.696],[5676536.523,6429296.761],[5676536.779,6429298.642],[5676537.282,6429300.608],[5676537.889,6429302.471],[5676538.226,6429304.518],[5676538.667,6429306.462],[5676538.78,6429308.157],[5676539.061,6429309.356],[5676539.26,6429310.39],[5676539.626,6429311.343],[5676540.196,6429312.503],[5676541.076,6429313.769],[5676541.91,6429315.572],[5676542.849,6429317.272],[5676543.891,6429318.869],[5676545.353,6429319.643],[5676546.693,6429319.962],[5676548.219,6429320.344],[5676550.267,6429319.8],[5676552.608,6429318.804],[5676555.196,6429317.892],[5676557.598,6429316.917],[5676560.062,6429315.963],[5676563.392,6429315.304],[5676567.86,6429314.343],[5676572.906,6429313.303],[5676578.161,6429312.058],[5676583.044,6429310.687],[5676587.72,6429309.521],[5676592.084,6429308.662],[5676596.22,6429307.864],[5676600.502,6429306.84],[5676605.096,6429305.508],[5676609.957,6429304.405],[5676614.962,6429303.489],[5676619.68,6429302.199],[5676624.378,6429300.764],[5676629.261,6429299.393],[5676634.432,6429298.395],[5676639.703,6429297.708],[5676644.685,6429297.06],[5676649.153,6429296.099],[5676653.022,6429295.072],[5676656.891,6429294.045],[5676660.926,6429292.936],[5676665.413,6429292.12],[5676670.23,6429291.553],[5676674.897,6429291.626],[5676679.525,6429291.41],[5676683.99,6429290.862],[5676688.806,6429290.295],[5676693.993,6429289.856],[5676699.902,6429289.524],[5676706.41,6429289.258],[5676712.218,6429288.616],[5676717.492,6429287.516],[5676723.05,6429287.202],[5676728.215,6429287.031],[5676732.556,6429286.44],[5676736.608,6429285.89],[5676740.247,6429285.336],[5676744.113,6429284.722],[5676748.021,6429283.984],[5676751.787,6429283.06],[5676755.032,6429282.648]]}},{"type":"Feature","properties":{},"geometry":{"type":"LineString","coordinates":[[5676716.485,6428430.172],[5676720.905,6428430.161],[5676725.471,6428429.923],[5676730.222,6428429.749],[5676734.847,6428429.945],[5676739.369,6428430.245],[5676742.015,6428430.402],[5676746.337,6428429.032],[5676747.079,6428429.285],[5676747.734,6428430.198],[5676748.675,6428431.485],[5676749.864,6428432.856],[5676751.179,6428433.856],[5676752.308,6428434.793],[5676752.921,6428435.83],[5676753.098,6428437.133],[5676753.151,6428438.393],[5676753.227,6428439.385],[5676753.368,6428439.985],[5676753.382,6428440.956],[5676753.289,6428442.442],[5676752.944,6428444.67],[5676752.036,6428447.535],[5676751.086,6428450.523],[5676750.159,6428453.243],[5676749.148,6428456.211],[5676748.325,6428458.828],[5676747.751,6428461.117],[5676747.366,6428463.056],[5676746.878,6428465.097],[5676746.473,6428466.891],[5676746.049,6428468.541],[5676745.751,6428469.819],[5676745.349,6428471.2],[5676744.843,6428472.684],[5676744.338,6428474.167],[5676743.832,6428475.651],[5676743.41,6428476.887],[5676742.905,6428478.371],[5676742.542,6428480.042],[5676742.076,6428481.815],[5676741.879,6428483.404],[5676741.559,6428484.95],[5676741.86,6428486.295],[5676742.551,6428487.911],[5676743.425,6428490.003],[5676744.316,6428492.652],[5676745.392,6428495.365],[5676746.569,6428498.389],[5676748.056,6428501.517],[5676749.75,6428504.441],[5676751.425,6428507.22],[5676752.917,6428509.523],[5676754.185,6428511.473],[5676755.143,6428513.317],[5676755.938,6428514.831],[5676756.424,6428516.238],[5676757.054,6428517.833],[5676757.97,6428519.801],[5676759.484,6428521.836],[5676761.432,6428524.017],[5676763.584,6428526.407],[5676765.801,6428528.405],[5676767.897,6428529.948],[5676769.73,6428530.848],[5676771.604,6428531.625],[5676773.396,6428532.236],[5676775.004,6428532.784],[5676776.468,6428533.145],[5676777.932,6428533.506],[5676779.272,6428533.825],[5676780.778,6428534.062],[5676782.057,6428534.36],[5676783.231,6428534.76],[5676784.529,6428535.203],[5676785.828,6428535.646],[5676787.207,6428536.254],[5676788.444,6428536.675],[5676789.576,6428537.199],[5676790.461,6428537.639],[5676791.428,6428538.245],[5676792.29,6428538.953],[5676793.17,6428540.218],[5676793.802,6428541.4],[5676793.982,6428542.289],[5676793.937,6428542.826],[5676793.684,6428543.568],[5676793.347,6428544.557],[5676793.052,6428545.422],[5676792.884,6428545.917],[5676792.611,6428546.514],[5676792.212,6428547.482],[5676791.813,6428548.45],[5676791.541,6428549.047],[5676790.731,6428549.599],[5676789.987,6428549.76],[5676789.079,6428549.588],[5676788.129,6428549.54],[5676787.098,6428549.327],[5676785.943,6428549.071],[5676784.623,6428548.897],[5676782.951,6428548.741],[5676780.97,6428548.48],[5676778.865,6428548.176],[5676776.822,6428547.894],[5676774.552,6428547.672],[5676772.155,6428547.821],[5676769.55,6428548.175],[5676766.906,6428548.24],[5676764.366,6428548.202],[5676761.643,6428547.688],[5676758.715,6428546.966],[5676755.394,6428546.386],[5676752.112,6428546.095],[5676748.951,6428546.26],[5676746.489,6428546.801],[5676744.298,6428547.157],[5676742.066,6428547.225],[5676740.063,6428547.232],[5676738.06,6428547.239],[5676736.014,6428547.37],[5676734.134,6428547.419],[5676732.131,6428547.426],[5676730.046,6428547.267],[5676727.671,6428547.148],[5676725.008,6428547.068],[5676722.487,6428547.175],[5676720.399,6428547.429],[5676718.767,6428547.563],[5676717.176,6428547.573],[5676715.524,6428547.561],[5676713.644,6428547.611],[5676711.846,6428547.826],[5676710.233,6428548.104],[5676708.89,6428548.198],[5676707.609,6428548.313],[5676706.473,6428548.202],[5676705.378,6428548.381],[5676704.178,6428548.662],[5676702.236,6428548.69],[5676700.047,6428548.634],[5676698.375,6428548.478],[5676697.178,6428548.346],[5676695.981,6428548.214],[5676694.329,6428548.203],[5676692.14,6428548.147],[5676690.446,6428548.259],[5676689.311,6428548.148],[5676688.361,6428548.1],[5676687.411,6428548.053],[5676686.13,6428548.168],[5676684.787,6428548.262],[5676683.444,6428548.356],[5676682.513,6428548.453],[5676681.831,6428548.634],[5676681.229,6428548.981],[5676680.875,6428549.413],[5676680.665,6428550.031],[5676680.496,6428550.525],[5676680.285,6428551.144],[5676680.218,6428551.949],[5676680.173,6428552.485],[5676680.209,6428553.188],[5676681.218,6428553.67],[5676682.783,6428554.341],[5676685.031,6428554.832],[5676687.793,6428555.635],[5676691.05,6428556.607],[5676694.141,6428557.661],[5676697.007,6428558.362],[5676699.463,6428558.647],[5676701.652,6428558.703],[5676703.987,6428558.533],[5676706.198,6428558.321],[5676707.997,6428558.106],[5676709.61,6428557.828],[5676711.037,6428557.486],[5676712.858,6428557.003],[5676714.783,6428556.417],[5676716.997,6428555.792],[5676719.413,6428555.787],[5676721.973,6428555.97],[5676724.738,6428556.36],[5676727.545,6428556.627],[5676730.498,6428556.668],[5676733.182,6428556.893],[5676735.885,6428557.262],[5676738.425,6428557.3],[5676740.78,6428557.275],[5676742.825,6428557.144],[5676744.705,6428557.095],[5676746.647,6428557.067],[5676748.175,6428557.036],[5676749.642,6428556.984],[5676750.8,6428556.826],[5676752.039,6428556.835],[5676753.135,6428556.656],[5676754.312,6428556.643],[5676755.759,6428556.447],[5676757.681,6428556.274],[5676760.016,6428556.104],[5676762.514,6428556.265],[5676765.24,6428556.366],[5676767.904,6428556.446],[5676770.444,6428556.484],[5676773.046,6428556.543],[5676775.44,6428556.807],[5676778.039,6428557.279],[5676780.72,6428557.917],[5676783.091,6428558.449],[5676785.07,6428559.124],[5676786.8,6428559.714],[5676788.408,6428560.262],[5676789.891,6428560.767],[5676791.561,6428561.336],[5676793.601,6428562.032],[5676796.321,6428562.959],[5676799.535,6428564.055],[5676802.997,6428565.235],[5676806.273,6428566.352],[5676809.117,6428567.321],[5676811.466,6428568.122],[5676813.63,6428568.859],[5676815.793,6428569.597],[5676817.586,6428570.208],[5676819.379,6428570.819],[5676821.172,6428571.43],[5676822.883,6428571.875],[5676824.74,6428572.095],[5676826.89,6428571.861],[5676829.391,6428571.61],[5676832.304,6428571.361],[5676835.114,6428571.215],[5676837.758,6428571.15],[5676840.091,6428571.393],[5676842.341,6428571.47],[5676844.758,6428571.466],[5676847.135,6428571.172],[5676849.802,6428570.839],[5676852.406,6428570.485],[5676854.949,6428570.11],[5676857.616,6428569.777],[5676860.117,6428569.525],[5676862.41,6428569.479],[5676864.599,6428569.535],[5676866.622,6428569.673],[5676868.625,6428569.666],[5676870.173,6428569.779],[5676870.69,6428569.68],[5676871.348,6428570.18],[5676871.612,6428570.822],[5676872.287,6428571.88],[5676873.25,6428572.898],[5676874.546,6428573.754],[5676876.007,6428574.528],[5676877.859,6428575.573],[5676879.896,6428576.682],[5676881.809,6428577.748],[5676884.26,6428578.859],[5676886.3,6428579.554],[5676888.092,6428580.166],[5676889.7,6428580.713],[5676891.287,6428581.117],[5676892.709,6428581.601],[5676893.946,6428582.023],[5676895.429,6428582.529],[5676897.18,6428583.263],[5676899.217,6428584.372],[5676901.333,6428586.059],[5676903.303,6428587.972],[5676905.107,6428589.967],[5676906.852,6428591.528],[5676908.639,6428592.966],[5676910.673,6428594.487],[5676912.851,6428596.195],[5676915.029,6428597.904],[5676917.249,6428599.488],[5676919.511,6428600.95],[5676921.649,6428602.369],[5676923.849,6428603.809],[5676925.988,6428605.227],[5676928.165,6428606.936]]}},{"type":"Feature","properties":{},"geometry":{"type":"LineString","coordinates":[[5675972.996,6427677.289],[5675971.37,6427678.677],[5675969.71,6427679.905],[5675968.215,6427681.052],[5675966.7,6427682.053],[5675964.958,6427683.116],[5675963.216,6427684.178],[5675961.949,6427685.264],[5675961.052,6427686.476],[5675960.465,6427687.794],[5675959.982,6427689.01],[5675959.791,6427689.772],[5675959.622,6427690.267],[5675959.721,6427690.991],[5675959.488,6427691.877],[5675960.12,6427693.059],[5675961.514,6427694.638],[5675963.523,6427696.841],[5675966.153,6427698.841],[5675969.075,6427700.389],[5675972.312,6427701.217],[5675975.673,6427702.086],[5675978.991,6427703.08],[5675982.515,6427704.281],[5675985.915,6427705.44],[5675988.882,6427706.451],[5675991.85,6427707.463],[5675994.879,6427708.495],[5675998.093,6427709.591],[5676001.246,6427710.666],[5676003.966,6427711.593],[5676006.377,6427712.415],[5676008.726,6427713.216],[5676011.463,6427714.7],[5676014.652,6427716.478],[5676018.274,6427718.402],[5676022.205,6427720.432],[5676026.302,6427722.381],[5676030.523,6427724.372],[5676034.558,6427726.299],[5676038.469,6427728.184],[5676041.968,6427730.067],[5676045.033,6427731.802],[5676047.832,6427733.308],[5676050.611,6427734.669],[5676053.429,6427736.32],[5676056.164,6427738.218],[5676058.751,6427740.342],[5676061.028,6427742.774],[5676063.326,6427744.938],[5676065.358,6427746.872],[5676067.493,6427748.704],[5676069.691,6427750.557],[5676071.824,6427752.802],[5676073.934,6427755.316],[5676075.94,6427757.932],[5676077.989,6427760.424],[5676080.037,6427762.917],[5676082.294,6427765.204],[5676084.592,6427767.367],[5676086.933,6427769.407],[5676089.212,6427771.426],[5676091.243,6427773.361],[5676093.441,6427775.214],[5676095.72,6427777.233],[5676098.246,6427779.336],[5676101.103,6427781.276],[5676104.127,6427783.134],[5676107.131,6427784.848],[5676110.093,6427786.686],[5676113.321,6427788.753],[5676116.342,6427791.024],[5676119.135,6427793.357],[5676121.824,6427795.791],[5676124.533,6427798.371],[5676127.037,6427800.742],[5676129.644,6427803.011],[5676132.294,6427805.156],[5676135.006,6427807.323],[5676137.903,6427809.552],[5676140.78,6427811.637],[5676143.267,6427813.451],[5676145.487,6427815.036],[5676147.316,6427816.349],[5676149.165,6427817.807],[5676151.138,6427819.308],[5676153.358,6427820.893],[5676155.558,6427822.333],[5676157.696,6427823.752],[5676159.711,6427825.128],[5676161.579,6427826.731],[5676163.591,6427828.521],[5676165.581,6427830.579],[5676167.57,6427832.638],[5676169.251,6427834.59],[5676170.723,6427836.748],[5676171.802,6427839.048],[5676172.114,6427841.777],[5676172.322,6427844.608],[5676172.738,6427847.234],[5676173.216,6427849.88],[5676173.573,6427852.072],[5676173.744,6427854.201],[5676173.669,6427856.245],[5676173.508,6427858.536],[5676173.657,6427860.933],[5676174.051,6427863.827],[5676174.588,6427866.908],[5676174.956,6427870.484],[5676175.262,6427874.039],[5676175.113,6427877.714],[5676174.655,6427881.284],[5676173.869,6427884.604],[5676172.899,6427887.447],[5676172.183,6427889.549],[5676171.382,6427891.898],[5676170.497,6427894.495],[5676169.781,6427896.597],[5676169.045,6427898.554],[5676168.266,6427900.634],[5676167.404,6427902.962],[5676166.541,6427905.29],[5676165.636,6427907.742],[5676164.709,6427910.462],[5676163.74,6427913.306],[5676162.667,6427916.252],[5676161.489,6427919.301],[5676160.25,6427922.329],[5676158.91,6427925.046],[5676157.365,6427927.555],[5676155.861,6427929.941],[5676154.254,6427932.429],[5676152.563,6427935.164],[5676150.849,6427938.168],[5676149.32,6427941.235],[5676148.019,6427944.242],[5676146.822,6427947.146],[5676145.749,6427950.092],[5676144.738,6427953.059],[5676143.768,6427955.903],[5676142.757,6427958.87],[5676141.745,6427961.838],[5676140.402,6427964.968],[5676138.708,6427968.116],[5676137.095,6427971.431],[5676135.609,6427974.374],[5676134.415,6427976.865],[5676133.243,6427979.088],[5676131.74,6427981.474],[5676129.883,6427984.291],[5676127.567,6427987.641],[5676125.21,6427991.116],[5676122.83,6427994.859],[5676120.925,6427998.626],[5676119.352,6428002.229],[5676117.84,6428005.854],[5676116.143,6428009.416],[5676114.387,6428012.543],[5676112.673,6428015.547],[5676110.939,6428018.406],[5676109.27,6428020.873],[5676107.581,6428023.196],[5676105.766,6428025.889],[5676103.822,6428029.366],[5676101.858,6428032.699],[5676100.04,6428035.805],[5676098.68,6428038.378],[5676097.57,6428040.622],[5676096.275,6428042.802],[5676094.732,6428044.898],[5676093.291,6428047.305],[5676091.889,6428050.001],[5676090.737,6428052.369],[5676089.523,6428054.715],[5676088.247,6428057.04],[5676086.64,6428059.528],[5676084.907,6428062.387],[5676083.131,6428065.37],[5676081.42,6428067.961],[5676079.916,6428070.347],[5676078.497,6428072.485],[5676077.183,6428074.521],[5676076.241,6428076.27],[5676075.218,6428077.853],[5676074.196,6428079.437],[5676073.027,6428081.246],[5676071.92,6428083.077],[5676070.917,6428084.805],[5676069.852,6428086.512],[5676068.725,6428088.198],[5676067.39,6428090.089],[5676065.848,6428092.186],[5676063.889,6428094.692],[5676061.495,6428097.464],[5676058.978,6428100.194],[5676056.317,6428102.737],[5676053.864,6428105.075],[5676051.391,6428107.268],[5676049.292,6428109.175],[5676047.236,6428110.958],[5676045.555,6428112.041],[5676044.122,6428113.208],[5676042.335,6428114.807],[5676040.798,6428116.077],[5676039.323,6428117.369],[5676037.952,6428118.557],[5676036.642,6428119.767],[5676035.229,6428121.079],[5676034.024,6428122.186],[5676033.046,6428123.233],[5676032.442,6428123.993],[5676032.211,6428124.467],[5676032.02,6428125.23],[5676031.745,6428126.24],[5676031.905,6428126.984],[5676032.81,6428127.569],[5676033.883,6428127.659],[5676035.659,6428127.712],[5676037.828,6428127.623],[5676039.795,6428126.914],[5676041.476,6428125.831],[5676043.468,6428124.44],[5676046.019,6428122.825],[5676048.86,6428121.172],[5676051.49,6428120.136],[5676053.892,6428119.161],[5676056.005,6428118.225],[5676058.076,6428117.413],[5676060.209,6428116.622],[5676062.072,6428116.015],[5676063.915,6428115.263],[5676065.82,6428114.533],[5676067.725,6428113.802],[5676069.774,6428113.258],[5676071.904,6428112.88],[5676074.199,6428112.421],[5676076.742,6428112.046],[5676079.285,6428111.67],[5676081.393,6428111.561],[5676083.438,6428111.43],[5676085.36,6428111.257],[5676087.572,6428111.045],[5676090.219,6428110.567],[5676092.576,6428110.129],[5676094.956,6428109.422],[5676097.049,6428108.342],[5676099.39,6428107.345],[5676102.537,6428106.21],[5676106.471,6428104.791],[5676110.613,6428103.167],[5676113.968,6428101.826],[5676116.494,6428100.893],[5676118.565,6428100.081],[5676120.447,6428099.619],[5676122.04,6428099.196],[5676123.176,6428099.307],[5676124.249,6428099.397],[5676125.362,6428099.776],[5676126.969,6428100.324],[5676128.329,6428100.788],[5676129.956,6428101.48],[5676131.746,6428102.505],[5676133.845,6428103.634],[5676136.191,6428104.848],[5676138.021,6428106.161],[5676139.066,6428107.346],[5676139.988,6428108.488],[5676140.994,6428109.383],[5676141.98,6428110.133],[5676142.946,6428110.739],[5676144.059,6428111.118],[5676145.543,6428111.624],[5676147.462,6428111.864],[5676149.752,6428112.23],[5676152.787,6428112.437],[5676156.322,6428111.986],[5676160.458,6428111.188],[5676164.431,6428110.058],[5676168.011,6428109.07],[5676171.197,6428108.224],[5676174.322,6428107.357],[5676177.429,6428105.933],[5676180.265,6428105.105],[5676183.327,6428104.217],[5676186.244,6428103.555],[5676188.911,6428103.222],[5676191.06,6428102.989],[5676193.024,6428102.692],[5676194.825,6428102.064],[5676197.293,6428100.697],[5676201.002,6428098.926],[5676205.497,6428096.87],[5676209.929,6428095.206],[5676214.112,6428093.459],[5676218.049,6428091.626],[5676221.862,6428089.752],[5676225.925,6428087.549],[5676230.337,6428085.741],[5676234.852,6428083.83],[5676239.471,6428081.816],[5676244.276,6428079.866],[5676248.831,6428078.245],[5676253.097,6428076.663],[5676256.907,6428075.201],[5676260.281,6428074.006],[5676263.78,6428072.852],[5676267.031,6428071.614],[5676269.95,6428070.539],[5676272.6,6428069.649],[5676275.331,6428068.924],[5676278.31,6428068.283],[5676281.389,6428067.953],[5676284.385,6428067.87],[5676286.989,6428067.515],[5676289.552,6428067.285],[5676292.238,6428067.097],[5676294.84,6428067.156],[5676297.81,6428067.754],[5676301.379,6428068.418],[5676304.681,6428068.854],[5676307.735,6428069.205],[5676310.418,6428069.43],[5676313.018,6428069.902],[5676316.134,6428070.274],[5676319.396,6428070.42],[5676322.821,6428070.898],[5676326.452,6428071.583],[5676330.06,6428072.537],[5676333.583,6428073.738],[5676337.107,6428074.939],[5676340.712,6428076.306],[5676344.09,6428077.734],[5676347.838,6428079.287],[5676351.502,6428081.088],[5676354.959,6428083.095],[5676358.395,6428084.956],[5676361.688,6428086.631],[5676364.897,6428088.552],[5676367.817,6428090.514],[5676370.41,6428091.812],[5676372.858,6428093.336],[5676375.305,6428094.86],[5676378.121,6428096.924],[5676381.223,6428099.362],[5676384.101,6428101.447],[5676386.627,6428103.55],[5676389.032,6428105.198],[5676390.962,6428106.822],[5676392.648,6428107.948],[5676394.292,6428109.199],[5676395.442,6428110.281],[5676395.914,6428110.718],[5676399.395,6428112.042],[5676400.129,6428113.534],[5676401.331,6428115.876],[5676403.231,6428119.008],[5676405.13,6428122.14],[5676407.134,6428125.169],[5676409.365,6428128.137],[5676411.102,6428130.937],[5676412.715,6428133.695],[5676414.266,6428136.432],[5676415.797,6428139.024],[5676417.43,6428141.927],[5676419.226,6428145.161],[5676421.37,6428148.79],[5676423.553,6428152.708],[5676426.048,6428156.319],[5676428.566,6428159.661],[5676431.21,6428162.632],[5676434.121,6428165.833],[5676436.993,6428168.744],[5676439.68,6428171.591],[5676442.388,6428174.171],[5676445.179,6428176.916],[5676448.031,6428179.682],[5676451.133,6428182.12],[5676454.379,6428184.744],[5676457.686,6428187.39],[5676460.847,6428190.261],[5676463.741,6428192.904],[5676466.076,6428195.77],[5676468.285,6428199.007],[5676470.513,6428202.389],[5676472.433,6428205.665],[5676474.105,6428208.857],[5676475.448,6428211.799],[5676476.625,6428214.822],[5676477.78,6428218.114],[5676478.873,6428221.385],[5676479.573,6428224.797],[5676480.085,6428228.56],[5676480.096,6428232.98],[5676479.877,6428237.873],[5676479.225,6428242.619],[5676478.433,6428246.765],[5676477.23,6428250.495],[5676476.132,6428254.123],[5676474.972,6428257.729],[5676473.811,6428261.336],[5676473.064,6428264.945],[5676472.479,6428268.886],[5676472.142,6428272.911],[5676472.199,6428276.795],[5676472.775,6428280.165],[5676473.806,6428283.415],[5676475.189,6428286.646],[5676476.982,6428290.293],[5676478.648,6428294.311],[5676480.5,6428298.393],[5676482.065,6428302.1],[5676483.554,6428304.816],[5676484.737,6428307.013],[5676486.154,6428308.324],[5676488.045,6428309.659],[5676490.346,6428311.409],[5676493.058,6428313.576],[5676496.387,6428315.953],[5676499.984,6428318.559],[5676503.643,6428321.186],[5676507.034,6428323.584],[5676510.263,6428325.651],[5676512.775,6428326.783],[5676514.815,6428327.479],[5676516.546,6428328.069],[5676518.71,6428328.806],[5676521.654,6428330.086],[5676524.92,6428332.855],[5676528.634,6428336.329],[5676532.616,6428340.033],[5676536.783,6428343.799],[5676541.012,6428347.587],[5676544.955,6428351.001],[5676548.981,6428354.167],[5676552.722,6428356.96],[5676556.234,6428359.814],[5676559.229,6428362.767],[5676561.649,6428365.386],[5676563.739,6428367.754],[5676565.602,6428370.183],[5676567.488,6428372.344],[5676569.562,6428374.155],[5676571.863,6428375.906],[5676574.375,6428377.038],[5676577.033,6428377.944],[5676579.444,6428378.766],[5676581.917,6428379.609],[5676584.558,6428379.957],[5676587.014,6428380.242],[5676589.141,6428380.277],[5676591.392,6428380.355],[5676593.89,6428380.516],[5676596.908,6428380.165],[5676600.215,6428379.774],[5676604.16,6428379.739],[5676608.783,6428380.349],[5676613.75,6428381.766],[5676618.449,6428383.367],[5676622.175,6428385.19],[5676624.847,6428387.067],[5676626.735,6428388.814],[5676628.087,6428390.517],[5676629.379,6428391.786],[5676630.756,6428392.807],[5676632.299,6428393.747],[5676634.277,6428394.421],[5676636.668,6428395.098],[5676639.636,6428396.11],[5676642.912,6428397.227],[5676646.683,6428398.512],[5676650.288,6428399.879],[5676653.5,6428401.388],[5676655.512,6428403.178],[5676656.906,6428404.757],[5676658.28,6428406.191],[5676659.963,6428407.731],[5676661.851,6428409.479],[5676663.596,6428411.04],[5676664.967,6428412.887],[5676666.274,6428415.126],[5676667.685,6428417.263],[5676668.972,6428419.358],[5676670.467,6428421.248],[5676672.085,6428423.18],[5676673.971,6428425.34],[5676676.064,6428427.296],[5676678.197,6428429.541],[5676680.58,6428431.457],[5676683.154,6428432.611],[5676686.059,6428433.601],[5676688.844,6428434.136],[5676691.735,6428434.156],[5676694.733,6428433.66],[5676697.465,6428432.935],[5676700.095,6428431.899],[5676702.91,6428430.927],[5676705.869,6428430.142],[5676708.988,6428430.101],[5676712.52,6428430.063],[5676716.485,6428430.172]]}},{"type":"Feature","properties":{},"geometry":{"type":"LineString","coordinates":[[5674940.449,6435279.727],[5674940.432,6435279.741],[5674940.521,6435279.628],[5674940.449,6435279.727]]}},{"type":"Feature","properties":{},"geometry":{"type":"LineString","coordinates":[[5674405.508,6434302.95],[5674404.515,6434306.329],[5674403.638,6434307.503],[5674402.687,6434308.814],[5674401.741,6434310.167],[5674400.926,6434311.313],[5674400.269,6434312.312],[5674399.703,6434313.345],[5674399.438,6434314.153],[5674399.399,6434314.829],[5674399.597,6434315.502],[5674399.957,6434316.268],[5674400.588,6434317.136],[5674401.351,6434318.033],[5674402.087,6434318.869],[5674402.532,6434319.625],[5674402.718,6434320.17],[5674402.738,6434320.58],[5674402.606,6434320.984],[5674402.214,6434321.609],[5674401.664,6434322.38],[5674400.836,6434323.397],[5674399.881,6434324.665],[5674398.86,6434325.918],[5674397.959,6434327.072],[5674397.178,6434328.128],[5674396.373,6434329.163],[5674395.621,6434330.086],[5674395.005,6434330.842],[5674394.471,6434331.352],[5674393.873,6434331.651],[5674393.101,6434331.73],[5674392.114,6434331.831],[5674391.202,6434332.032],[5674390.424,6434332.263],[5674389.654,6434332.58],[5674388.74,6434332.977],[5674387.634,6434333.61],[5674386.346,6434334.37],[5674385.056,6434335.325],[5674384.015,6434336.168],[5674383.13,6434337.061],[5674382.316,6434338.011],[5674381.406,6434339.079],[5674380.462,6434340.238],[5674379.672,6434341.207],[5674378.994,6434341.992],[5674378.402,6434342.572],[5674377.88,6434342.972],[5674377.554,6434343.179],[5674377.187,6434343.195],[5674376.668,6434343.204],[5674376.187,6434343.167],[5674375.773,6434343.144],[5674375.425,6434343.136],[5674374.983,6434343.051],[5674374.317,6434342.902],[5674373.514,6434342.68],[5674372.692,6434342.482],[5674371.983,6434342.338],[5674371.393,6434342.29],[5674370.902,6434342.361],[5674370.364,6434342.828],[5674369.887,6434343.462],[5674369.585,6434344.122],[5674369.413,6434344.768],[5674369.421,6434345.482],[5674369.619,6434346.156],[5674369.984,6434346.964],[5674370.561,6434347.946],[5674371.12,6434348.756],[5674371.544,6434349.298],[5674371.811,6434349.791],[5674372.168,6434350.319],[5674372.459,6434350.831],[5674372.722,6434351.281],[5674372.946,6434351.778],[5674373.093,6434352.37],[5674372.916,6434352.974],[5674372.52,6434353.556],[5674371.919,6434354.246],[5674371.148,6434355.192],[5674370.339,6434356.185],[5674369.775,6434356.828],[5674369.126,6434357.479],[5674368.424,6434358.245],[5674367.809,6434358.806],[5674367.22,6434359.191],[5674366.609,6434359.362],[5674365.774,6434359.469],[5674365.126,6434359.491],[5674364.574,6434359.396],[5674363.877,6434359.575],[5674363.095,6434360.197],[5674362.607,6434360.94],[5674362.4,6434361.677],[5674362.387,6434362.61],[5674362.514,6434363.855],[5674362.538,6434364.936],[5674362.604,6434366.014],[5674362.574,6434367.209],[5674362.568,6434368.424],[5674362.454,6434369.432],[5674362.295,6434370.207],[5674362.045,6434370.948],[5674361.71,6434371.698],[5674361.308,6434372.433],[5674360.916,6434373.058],[5674360.709,6434373.361],[5674360.592,6434373.504]]}},{"type":"Feature","properties":{},"geometry":{"type":"LineString","coordinates":[[5674360.592,6434373.504],[5674360.574,6434373.526],[5674360.593,6434373.503],[5674360.592,6434373.504]]}},{"type":"Feature","properties":{},"geometry":{"type":"LineString","coordinates":[[5674360.592,6434373.504],[5674356.27,6434377.455],[5674355.679,6434378.036],[5674354.655,6434379.051],[5674353.393,6434380.068],[5674352.149,6434380.629],[5674351.004,6434380.876],[5674349.974,6434380.981],[5674348.963,6434381.062],[5674348.058,6434381.111],[5674347.318,6434381.295],[5674346.967,6434381.678],[5674346.58,6434382.346],[5674346.219,6434383.271],[5674345.809,6434384.354],[5674345.451,6434385.518],[5674345.12,6434386.744],[5674344.775,6434388.036],[5674344.357,6434389.466],[5674343.892,6434390.858],[5674343.315,6434392],[5674342.793,6434392.834],[5674342.215,6434393.543],[5674341.652,6434394.186],[5674340.979,6434394.818],[5674340.268,6434395.498],[5674339.471,6434396.186],[5674338.408,6434396.815],[5674337.12,6434397.575],[5674335.84,6434398.421],[5674334.818,6434399.24],[5674334.045,6434399.948],[5674333.325,6434400.542],[5674332.485,6434401.234],[5674331.607,6434401.974],[5674330.642,6434402.723],[5674329.753,6434403.572],[5674329.03,6434404.557],[5674328.633,6434405.768],[5674328.483,6434407.062],[5674328.511,6434408.186],[5674328.504,6434408.968],[5674328.136,6434409.612],[5674327.271,6434410.481],[5674326.127,6434411.595],[5674324.949,6434412.799],[5674324.029,6434413.976],[5674323.394,6434415.19],[5674322.96,6434416.253],[5674322.67,6434417.237],[5674322.372,6434418.134],[5674322.15,6434418.937],[5674322.042,6434419.794],[5674322.076,6434420.766],[5674322.026,6434421.551],[5674321.912,6434422.127],[5674321.591,6434422.81],[5674321.15,6434423.592],[5674320.466,6434424.529],[5674319.704,6434425.56],[5674318.995,6434426.478],[5674318.263,6434427.376],[5674317.55,6434428.251],[5674316.708,6434429.139],[5674315.948,6434429.975],[5674315.2,6434430.507],[5674314.331,6434430.704],[5674313.413,6434430.624],[5674312.601,6434430.317],[5674311.873,6434430.196],[5674311.146,6434430.075],[5674310.461,6434429.95],[5674309.826,6434430.101],[5674309.269,6434430.592],[5674308.772,6434431.249],[5674308.319,6434431.902],[5674307.884,6434432.532],[5674307.458,6434433.247],[5674307.119,6434433.954],[5674307.03,6434434.787],[5674307.047,6434435.587],[5674307.269,6434436.28],[5674307.422,6434436.72],[5674307.352,6434437.095],[5674307.153,6434437.484],[5674306.849,6434437.905],[5674306.47,6434438.226],[5674306.116,6434438.37],[5674305.522,6434438.279],[5674304.805,6434438.049],[5674304.101,6434437.947],[5674303.584,6434438.195],[5674303.179,6434438.692],[5674302.758,6434439.45],[5674302.313,6434440.189],[5674302.048,6434440.996],[5674302.074,6434441.883],[5674302.666,6434442.798],[5674303.59,6434443.788],[5674304.397,6434444.681],[5674305.057,6434445.416],[5674305.5,6434445.934],[5674305.692,6434446.326],[5674305.665,6434446.698],[5674305.427,6434447.134],[5674305.081,6434447.559],[5674304.821,6434447.781],[5674304.293,6434447.705],[5674303.329,6434447.391],[5674302.069,6434447.151],[5674301.022,6434447.084],[5674300.416,6434447.103],[5674299.969,6434447.604],[5674299.456,6434448.523],[5674298.917,6434449.619],[5674298.483,6434450.682],[5674298.236,6434451.661],[5674298.114,6434452.584],[5674298.221,6434453.418],[5674298.617,6434454.332],[5674299.136,6434455.385],[5674299.707,6434456.519],[5674300.212,6434457.638],[5674300.346,6434458.535],[5674300.178,6434459.224],[5674299.605,6434459.976],[5674298.868,6434460.832],[5674298.003,6434461.7],[5674297.052,6434462.578],[5674296.023,6434463.55],[5674294.813,6434464.649],[5674293.597,6434465.9],[5674292.547,6434467.091],[5674291.614,6434468.14],[5674290.839,6434469.043],[5674290.179,6434469.804],[5674289.592,6434470.427],[5674289.14,6434470.885],[5674288.68,6434471.257],[5674288.052,6434471.69],[5674287.214,6434472.187],[5674286.18,6434472.683],[5674285.074,6434473.316],[5674284.071,6434474.112],[5674283.38,6434475.201],[5674283.022,6434476.365],[5674282.934,6434477.198],[5674282.853,6434477.683],[5674282.702,6434478.11],[5674282.455,6434478.461],[5674282.383,6434478.598],[5674282.402,6434478.574],[5674280.234,6434483.89],[5674279.915,6434484.378],[5674279.457,6434484.988],[5674278.847,6434485.592],[5674278.103,6434486.167],[5674277.302,6434486.812],[5674276.524,6434487.477],[5674275.856,6434488.152],[5674275.293,6434488.795],[5674274.826,6434489.319],[5674274.331,6434489.782],[5674273.899,6434490.216],[5674273.504,6434490.603],[5674273.091,6434491.014],[5674272.472,6434491.532],[5674271.608,6434492.205],[5674270.616,6434492.892],[5674269.643,6434493.555],[5674268.728,6434494.147],[5674267.871,6434494.668],[5674267.056,6434495.184],[5674266.237,6434495.658],[5674265.414,6434496.089],[5674264.567,6434496.5],[5674263.677,6434496.916],[5674262.845,6434497.261],[5674262.127,6434497.66],[5674261.514,6434498.026],[5674260.99,6434498.621],[5674260.367,6434499.53],[5674259.886,6434500.555],[5674259.461,6434501.704],[5674259.208,6434502.835],[5674259.004,6434503.81],[5674258.825,6434504.608],[5674258.638,6434505.321],[5674258.274,6434506.009],[5674257.471,6434506.849],[5674256.432,6434507.931],[5674255.37,6434508.993],[5674254.312,6434510.098],[5674253.181,6434511.341],[5674252.051,6434512.583],[5674250.95,6434513.693],[5674250.031,6434514.675],[5674249.196,6434515.411],[5674248.386,6434515.97],[5674247.271,6434516.517],[5674245.937,6434517.044],[5674244.685,6434517.518],[5674243.561,6434517.98],[5674242.493,6434518.565],[5674241.392,6434519.241],[5674240.456,6434520.052],[5674239.854,6434520.742],[5674239.468,6434521.215],[5674239.15,6434521.703],[5674238.801,6434522.324],[5674238.418,6434523.035],[5674237.952,6434523.993],[5674237.409,6434525.045],[5674236.81,6434525.974],[5674236.336,6434526.846],[5674235.904,6434527.714],[5674235.453,6434528.605],[5674234.931,6434529.439],[5674234.329,6434530.129],[5674234.226,6434530.178]]}},{"type":"Feature","properties":{},"geometry":{"type":"LineString","coordinates":[[5675119.531,6434754.842],[5675119.508,6434754.999],[5675119.553,6434754.811],[5675119.516,6434754.631],[5675119.454,6434754.169],[5675119.407,6434753.643],[5675119.338,6434753.1],[5675119.104,6434752.306],[5675118.811,6434751.315],[5675118.504,6434750.161],[5675118.16,6434749.052],[5675117.75,6434748.111],[5675117.244,6434747.241],[5675116.621,6434746.421],[5675115.994,6434745.561],[5675115.312,6434744.543],[5675114.715,6434743.334],[5675114.206,6434741.975],[5675113.936,6434740.554],[5675113.585,6434739.139],[5675113.182,6434737.832],[5675112.581,6434736.582],[5675111.819,6434735.348],[5675110.902,6434734.208],[5675109.908,6434733.117],[5675108.701,6434731.922],[5675107.252,6434730.749],[5675105.722,6434729.583],[5675104.221,6434728.516],[5675102.693,6434726.231],[5675102.447,6434725.988],[5675101.915,6434725.506],[5675101.317,6434724.97],[5675100.683,6434724.253],[5675099.887,6434723.327],[5675098.878,6434722.297],[5675097.748,6434721.279],[5675096.501,6434720.312],[5675095.18,6434719.208],[5675093.724,6434717.955],[5675092.249,6434716.723],[5675090.726,6434715.414],[5675089.2,6434714.064],[5675087.85,6434712.638],[5675086.761,6434711.168],[5675085.984,6434709.772],[5675085.589,6434708.321],[5675085.385,6434706.955],[5675085.266,6434705.621],[5675085.058,6434704.439],[5675084.787,6434703.241],[5675084.315,6434702.062],[5675083.6,6434700.905],[5675082.478,6434699.743],[5675081.168,6434698.761],[5675079.729,6434697.933],[5675078.221,6434697.234],[5675076.484,6434696.718],[5675074.52,6434696.609],[5675072.251,6434696.507],[5675069.757,6434696.405],[5675067.081,6434696.3],[5675064.363,6434695.973],[5675062.055,6434695.203],[5675060.22,6434694.045],[5675058.763,6434692.791],[5675057.557,6434691.596],[5675056.544,6434690.526],[5675055.833,6434689.633],[5675055.54,6434688.865],[5675055.687,6434688.241],[5675056.107,6434687.471],[5675056.457,6434686.38],[5675056.377,6434685.268],[5675055.854,6434684.195],[5675055.076,6434683.246],[5675054.17,6434682.452],[5675053.378,6434681.79],[5675052.739,6434681.257],[5675052.215,6434680.856],[5675051.752,6434680.47],[5675051.14,6434679.996],[5675050.439,6434679.448],[5675049.698,6434678.904],[5675049.022,6434678.415],[5675048.413,6434677.981],[5675047.793,6434677.425],[5675047.075,6434676.675],[5675046.264,6434675.812],[5675045.464,6434674.845],[5675044.72,6434673.812],[5675044.13,6434672.684],[5675043.801,6434671.512],[5675043.63,6434670.286],[5675043.642,6434668.839],[5675043.762,6434667.22],[5675043.94,6434665.575],[5675044.191,6434663.842],[5675044.531,6434662.182],[5675044.771,6434660.776],[5675044.868,6434659.586],[5675044.789,6434658.474],[5675044.511,6434657.195],[5675043.995,6434655.755],[5675043.255,6434654.315],[5675042.298,6434652.955],[5675041.087,6434651.72],[5675039.759,6434650.536],[5675038.556,6434649.382],[5675037.448,6434648.382],[5675036.513,6434647.488],[5675035.71,6434646.705],[5675035.189,6434645.897],[5675034.874,6434645.111],[5675034.655,6434644.255],[5675034.586,6434643.263],[5675034.58,6434642.063],[5675034.545,6434640.763],[5675034.535,6434639.521],[5675034.628,6434638.515],[5675034.772,6434637.627],[5675034.806,6434636.87],[5675034.866,6434636.173],[5675034.936,6434635.596],[5675035.029,6434635.038],[5675035.165,6434634.517],[5675035.243,6434634.021],[5675035.309,6434633.404],[5675035.325,6434632.67],[5675035.271,6434631.84],[5675035.051,6434630.984],[5675034.788,6434630.316],[5675034.744,6434629.831],[5675035.013,6434629.42],[5675035.509,6434628.825],[5675036.116,6434628.099],[5675036.686,6434627.417],[5675037.145,6434626.866],[5675037.532,6434626.404],[5675037.899,6434625.964],[5675038.168,6434625.553],[5675038.286,6434625.054],[5675038.309,6434624.4],[5675038.302,6434623.647],[5675038.072,6434622.894],[5675037.525,6434622.251],[5675036.821,6434621.663],[5675036.069,6434620.997],[5675035.273,6434620.295],[5675034.429,6434619.515],[5675033.56,6434618.677],[5675032.723,6434617.979],[5675031.986,6434617.251],[5675031.461,6434616.626],[5675031.363,6434615.983],[5675031.672,6434615.344],[5675032.183,6434614.688],[5675032.749,6434614.189],[5675033.363,6434614.215],[5675034.027,6434614.583],[5675034.629,6434614.936],[5675035.109,6434615.301],[5675035.575,6434615.503],[5675036.137,6434615.636],[5675036.971,6434615.622],[5675037.911,6434615.436],[5675038.881,6434615.125],[5675039.667,6434614.586],[5675040.175,6434613.889],[5675040.627,6434613.034],[5675041.098,6434612.156],[5675042.492,6434610.219],[5675042.581,6434610.069],[5675042.93,6434609.65],[5675043.242,6434609.276],[5675043.57,6434608.84],[5675044.158,6434608.135],[5675044.798,6434607.324],[5675045.453,6434606.451],[5675046.358,6434604.965],[5675046.652,6434604.613],[5675047.314,6434603.82],[5675048.306,6434602.632],[5675049.52,6434601.179],[5675050.939,6434599.524],[5675052.318,6434598.097],[5675053.777,6434596.887],[5675055.412,6434595.824],[5675057.036,6434595.088],[5675058.818,6434594.521],[5675060.805,6434593.976],[5675062.741,6434593.537],[5675064.364,6434593.025],[5675065.526,6434592.35],[5675066.345,6434591.503],[5675067.084,6434590.663],[5675067.827,6434589.863],[5675068.757,6434589.108],[5675069.933,6434588.371],[5675071.524,6434587.719],[5675073.364,6434587.126],[5675075.318,6434586.666],[5675077.482,6434586.268],[5675079.693,6434585.947],[5675081.852,6434585.733],[5675084.052,6434585.515],[5675086.321,6434585.393],[5675088.708,6434585.667],[5675091.134,6434586.386],[5675093.616,6434587.487],[5675095.946,6434588.723],[5675097.972,6434589.967],[5675099.608,6434590.96],[5675100.959,6434591.714],[5675102.313,6434592.285],[5675103.804,6434592.782],[5675105.47,6434593.203],[5675107.251,6434593.532],[5675108.958,6434593.725],[5675110.508,6434593.524],[5675111.717,6434592.927],[5675112.738,6434592.286],[5675113.859,6434591.839],[5675115.137,6434591.561],[5675116.485,6434591.379],[5675117.859,6434591.256],[5675119.159,6434591.22],[5675120.337,6434591.42],[5675121.427,6434591.994],[5675122.62,6434592.803],[5675123.948,6434593.763],[5675125.305,6434594.822],[5675126.689,6434595.94],[5675128.042,6434596.959],[5675129.415,6434597.956],[5675130.857,6434599.048],[5675132.262,6434600.184],[5675133.564,6434601.309],[5675134.764,6434602.423],[5675135.904,6434603.787],[5675137.056,6434605.272],[5675138.288,6434606.749],[5675139.612,6434608.341],[5675141.156,6434609.892],[5675142.891,6434611.304],[5675144.704,6434612.669],[5675146.568,6434613.927],[5675148.296,6434615.034],[5675150.285,6434616.769],[5675150.593,6434617.027],[5675151.198,6434617.644],[5675151.979,6434618.409],[5675152.654,6434619.346],[5675153.405,6434620.46],[5675154.23,6434621.709],[5675155.132,6434623.135],[5675156.048,6434624.722],[5675156.961,6434626.269],[5675157.778,6434627.662],[5675159.515,6434630.906],[5675159.68,6434631.156],[5675160.153,6434631.663],[5675161.074,6434632.843],[5675162.119,6434634.277],[5675163.105,6434635.735],[5675164.256,6434637.444],[5675165.363,6434639.116],[5675166.287,6434640.561],[5675167.061,6434641.692],[5675167.442,6434642.31],[5675167.577,6434642.461],[5675167.695,6434642.633],[5675167.878,6434642.861],[5675168.065,6434643.129],[5675168.34,6434643.471],[5675168.747,6434643.923],[5675169.257,6434644.387],[5675169.723,6434644.813],[5675170.094,6434645.085],[5675170.442,6434645.339],[5675170.86,6434645.688],[5675171.411,6434646.148],[5675172.001,6434646.604],[5675172.699,6434647.111],[5675173.436,6434647.615],[5675174.196,6434648.138],[5675174.974,6434648.638],[5675175.682,6434649.043],[5675176.383,6434649.367],[5675176.974,6434649.599],[5675177.543,6434649.812],[5675178.093,6434650.048],[5675178.666,6434650.302],[5675179.227,6434650.659],[5675179.752,6434651.06],[5675180.262,6434651.523],[5675180.882,6434652.078],[5675184.714,6434653.485],[5675184.908,6434653.834],[5675185.18,6434654.136],[5675185.499,6434654.514],[5675185.928,6434654.985],[5675186.555,6434655.621],[5675187.149,6434656.341],[5675187.498,6434656.819],[5675187.761,6434657.263],[5675188.213,6434657.752],[5675188.693,6434658.34],[5675189.291,6434659.101],[5675189.984,6434660.016],[5675190.776,6434660.902],[5675191.476,6434661.674],[5675192.144,6434662.306],[5675192.65,6434662.729],[5675193.098,6434663.178],[5675193.593,6434663.704],[5675194.103,6434664.167],[5675194.389,6434664.406],[5675195.346,6434664.685]]}},{"type":"Feature","properties":{},"geometry":{"type":"LineString","coordinates":[[5675195.346,6434664.685],[5675195.333,6434664.738],[5675195.811,6434665.076],[5675196.218,6434665.385],[5675196.678,6434665.707],[5675197.107,6434666.067],[5675197.548,6434666.373],[5675197.88,6434666.62],[5675198.175,6434666.836],[5675198.399,6434667.023],[5675198.619,6434667.176],[5675198.861,6434667.379],[5675199.141,6434667.614],[5675199.349,6434667.82],[5675199.572,6434668.007],[5675199.777,6434668.179],[5675199.945,6434668.32],[5675200.094,6434668.445],[5675200.218,6434668.485],[5675200.461,6434668.499],[5675200.822,6434668.484],[5675201.168,6434668.488],[5675201.523,6434668.405],[5675201.888,6434668.235],[5675202.356,6434667.866],[5675202.802,6434667.447],[5675203.112,6434667.04],[5675203.33,6434666.78],[5675203.53,6434666.503],[5675203.746,6434666.208],[5675203.915,6434665.969],[5675204.052,6434665.767],[5675204.159,6434665.602],[5675204.328,6434665.363],[5675204.65,6434664.903],[5675205.159,6434664.22],[5675205.594,6434663.664],[5675205.75,6434663.478],[5675205.893,6434663.344],[5675206.115,6434663.118],[5675206.418,6434662.832],[5675206.817,6434662.469],[5675207.279,6434662.032],[5675207.766,6434661.678],[5675208.031,6434661.551],[5675208.171,6434661.574],[5675208.419,6434661.845],[5675208.63,6434662.086],[5675208.611,6434662.26],[5675208.464,6434662.549],[5675208.329,6434662.785],[5675208.242,6434662.965],[5675208.107,6434663.202],[5675207.845,6434663.553],[5675207.535,6434663.959],[5675207.226,6434664.366],[5675206.979,6434664.699],[5675206.763,6434664.994],[5675206.547,6434665.289],[5675206.316,6434665.602],[5675206.103,6434665.932],[5675205.825,6434666.301],[5675205.453,6434666.783],[5675205.022,6434667.373],[5675204.622,6434667.926],[5675204.325,6434668.28],[5675204.122,6434668.522],[5675203.984,6434668.724],[5675203.813,6434668.929],[5675203.672,6434669.097],[5675203.516,6434669.283],[5675203.425,6434669.429],[5675203.331,6434669.541],[5675203.219,6434669.637],[5675203.063,6434669.823],[5675202.86,6434670.065],[5675202.641,6434670.326],[5675202.457,6434670.584],[5675202.285,6434670.789],[5675202.147,6434670.991],[5675201.944,6434671.233],[5675201.744,6434671.51],[5675201.51,6434671.789],[5675201.422,6434671.969],[5675201.409,6434672.022],[5675201.53,6434672.219],[5675201.595,6434672.368],[5675201.66,6434672.518],[5675201.787,6434672.783],[5675201.926,6434673.185],[5675202.114,6434673.755],[5675202.286,6434674.534],[5675202.448,6434675.4],[5675202.58,6434676.113],[5675202.672,6434676.571],[5675202.774,6434676.942],[5675202.882,6434677.191],[5675202.971,6434677.425],[5675203.117,6434677.705],[5675203.234,6434678.058],[5675203.429,6434678.506],[5675203.686,6434679.071],[5675203.958,6434679.616],[5675204.261,6434680.125],[5675204.534,6434680.48],[5675204.804,6434680.802],[5675205.068,6434681.055],[5675205.313,6434681.292],[5675205.596,6434681.561],[5675205.968,6434681.873],[5675206.468,6434682.261],[5675207.046,6434682.745],[5675207.645,6434683.279],[5675208.16,6434683.838],[5675208.622,6434684.384],[5675209.029,6434684.883],[5675209.379,6434685.336],[5675209.761,6434685.751],[5675210.195,6434686.179],[5675210.677,6434686.55],[5675211.152,6434686.854],[5675211.584,6434687.057],[5675211.889,6434687.186],[5675212.085,6434687.255],[5675212.38,6434687.281],[5675212.785,6434687.366],[5675213.189,6434687.451],[5675213.612,6434687.552],[5675214.107,6434687.681],[5675214.577,6434687.726],[5675215.069,6434687.631],[5675215.636,6434687.409],[5675216.263,6434687.078],[5675216.886,6434686.712],[5675217.395,6434686.409],[5675217.803,6434686.149],[5675218.178,6434685.891],[5675218.614,6434685.56],[5675219.117,6434685.187],[5675219.685,6434684.775],[5675220.334,6434684.304],[5675221.001,6434683.848],[5675221.625,6434683.483],[5675222.208,6434683.242],[5675222.647,6434683.134],[5675222.905,6434683.129],[5675223.101,6434683.198],[5675223.403,6434683.292],[5675223.919,6434683.471],[5675224.46,6434683.734],[5675224.988,6434684.05],[5675225.554,6434684.398],[5675226.125,6434684.813],[5675226.681,6434685.248],[5675227.224,6434685.735],[5675227.802,6434686.219],[5675228.255,6434686.663],[5675228.618,6434687.062],[5675228.907,6434687.399],[5675229.139,6434687.689],[5675229.409,6434688.011],[5675229.735,6434688.379],[5675230.055,6434688.679],[5675230.374,6434688.979],[5675230.713,6434689.294],[5675231.014,6434689.578],[5675231.371,6434689.909],[5675231.927,6434690.344],[5675232.613,6434690.888],[5675233.483,6434691.553],[5675234.427,6434692.281],[5675235.296,6434692.947],[5675235.917,6434693.531],[5675236.265,6434693.949],[5675236.522,6434694.324],[5675236.717,6434694.773],[5675236.936,6434695.305],[5675237.112,6434695.929],[5675237.263,6434696.468],[5675237.352,6434696.891],[5675237.444,6434697.349],[5675237.594,6434697.888],[5675237.807,6434698.542],[5675238.129,6434699.256],[5675238.478,6434700.089],[5675238.79,6434700.89],[5675238.882,6434701.537],[5675238.893,6434702.054],[5675238.929,6434702.465],[5675238.983,6434702.892],[5675239.094,6434703.365],[5675239.239,6434703.836],[5675239.402,6434704.322],[5675239.572,6434704.877],[5675239.742,6434705.431],[5675239.88,6434705.833],[5675239.982,6434706.204],[5675240.102,6434706.59],[5675240.204,6434706.961],[5675240.268,6434707.301],[5675240.274,6434707.559],[5675240.211,6434707.823],[5675240.145,6434708.053],[5675240.087,6434708.386],[5675240.024,6434708.841],[5675239.941,6434709.469],[5675239.914,6434710.145],[5675240.006,6434710.792],[5675240.11,6434711.387],[5675240.198,6434712.001],[5675240.274,6434712.667],[5675240.393,6434713.433],[5675240.599,6434714.209],[5675240.793,6434714.848],[5675240.907,6434715.356],[5675241.024,6434715.708],[5675241.098,6434715.96],[5675241.141,6434716.25],[5675241.114,6434716.735],[5675240.957,6434717.491],[5675240.839,6434718.313],[5675240.74,6434719.15],[5675240.688,6434719.931],[5675240.61,6434720.818],[5675240.558,6434721.599],[5675240.528,6434722.24],[5675240.505,6434722.76],[5675240.447,6434723.283],[5675240.436,6434723.75],[5675240.432,6434724.096],[5675240.456,6434724.37],[5675240.459,6434724.594],[5675240.48,6434724.833],[5675240.488,6434725.126],[5675240.487,6434725.506],[5675240.424,6434725.96],[5675240.307,6434726.402],[5675240.141,6434726.865],[5675239.921,6434727.316],[5675239.634,6434727.773],[5675239.246,6434728.273],[5675238.893,6434728.77],[5675238.621,6434729.208],[5675238.464,6434729.584],[5675238.376,6434729.954],[5675238.372,6434730.3],[5675238.395,6434730.764],[5675238.44,6434731.277],[5675238.523,6434731.633],[5675238.644,6434731.829],[5675238.783,6434732.041],[5675239,6434732.35],[5675239.332,6434732.787],[5675239.894,6434733.48],[5675240.56,6434734.387],[5675241.32,6434735.373],[5675242.082,6434736.394],[5675242.637,6434737.208],[5675242.934,6434737.838],[5675243.076,6434738.274],[5675243.221,6434738.744],[5675243.391,6434739.299],[5675243.559,6434740.043],[5675243.731,6434740.822],[5675243.916,6434741.548],[5675244.051,6434742.106],[5675244.134,6434742.461],[5675244.242,6434742.9],[5675244.356,6434743.408],[5675244.444,6434744.021],[5675244.616,6434744.8],[5675244.753,6434745.772],[5675244.909,6434746.759],[5675245.062,6434747.712],[5675245.309,6434748.363],[5675245.457,6434748.678],[5675245.572,6434748.806],[5675245.684,6434748.9],[5675245.849,6434749.006],[5675246.053,6434749.178],[5675246.33,6434749.378],[5675246.606,6434749.578],[5675246.861,6434749.729],[5675247.044,6434749.85],[5675247.172,6434749.926],[5675247.299,6434750.001],[5675247.427,6434750.076],[5675247.538,6434750.169],[5675247.65,6434750.263],[5675247.746,6434750.376],[5675247.895,6434750.501],[5675248.122,6434750.722],[5675248.498,6434751.069],[5675249.001,6434751.491],[5675249.541,6434751.944],[5675250.15,6434752.391],[5675250.737,6434752.788],[5675251.247,6434753.088],[5675251.573,6434753.267],[5675251.822,6434753.348],[5675251.999,6434753.402],[5675252.136,6434753.39],[5675252.323,6434753.356],[5675252.522,6434753.269],[5675252.737,6434753.164],[5675252.934,6434753.043],[5675253.212,6434752.864],[5675253.452,6434752.653],[5675253.72,6434752.37],[5675254.07,6434752.029],[5675254.438,6434751.703],[5675254.682,6434751.526],[5675254.831,6434751.462],[5675255.003,6434751.447],[5675255.18,6434751.5],[5675255.357,6434751.553],[5675255.606,6434751.635],[5675255.889,6434751.714],[5675256.197,6434751.877],[5675256.65,6434752.13],[5675257.203,6434752.53],[5675257.855,6434753.077],[5675258.473,6434753.627],[5675258.976,6434754.048],[5675259.355,6434754.429],[5675259.678,6434754.763],[5675260.019,6434755.113],[5675260.432,6434755.491],[5675260.86,6434755.85],[5675261.255,6434756.213],[5675261.537,6434756.481],[5675261.708,6434756.656],[5675261.773,6434756.806],[5675261.785,6434756.943],[5675261.772,6434757.185],[5675261.727,6434757.465],[5675261.698,6434757.727],[5675261.651,6434757.973],[5675261.557,6434758.274],[5675261.45,6434758.629],[5675261.293,6434759.005],[5675261.102,6434759.384],[5675260.883,6434759.835],[5675260.638,6434760.392],[5675260.322,6434761.11],[5675259.995,6434761.915],[5675259.66,6434762.807],[5675259.315,6434763.597],[5675258.948,6434764.337],[5675258.557,6434764.992],[5675258.247,6434765.589],[5675258,6434766.111],[5675257.79,6434766.665],[5675257.47,6434767.349],[5675257.082,6434768.039],[5675256.616,6434768.632],[5675256.142,6434769.122],[5675255.598,6434769.619],[5675254.959,6434770.193],[5675254.253,6434770.807],[5675253.501,6434771.477],[5675252.805,6434772.194],[5675252.28,6434772.896],[5675251.964,6434773.424],[5675251.8,6434773.922],[5675251.668,6434774.382],[5675251.558,6434774.892],[5675251.472,6434775.487],[5675251.364,6434776.221],[5675251.343,6434776.965],[5675251.4,6434777.426],[5675251.499,6434777.762],[5675251.614,6434777.89],[5675251.794,6434777.978],[5675252.173,6434778.169],[5675252.608,6434778.407],[5675253.109,6434778.605],[5675253.554,6434778.755],[5675253.927,6434778.878],[5675254.316,6434778.982],[5675254.729,6434779.17],[5675255.127,6434779.377],[5675255.55,6434779.667],[5675256.009,6434779.989],[5675256.506,6434780.343],[5675256.956,6434780.752],[5675257.375,6434781.198],[5675257.704,6434781.601],[5675258.11,6434782.1],[5675258.554,6434782.631],[5675259.001,6434783.195],[5675259.463,6434783.742],[5675259.968,6434784.387],[5675260.595,6434785.04],[5675261.244,6434785.742],[5675261.846,6434786.311],[5675262.405,6434786.779],[5675262.979,6434787.229],[5675263.591,6434787.711],[5675264.237,6434788.189],[5675264.964,6434788.798],[5675265.749,6434789.488],[5675266.588,6434790.191],[5675267.357,6434790.9],[5675268.031,6434791.497],[5675268.571,6434791.95],[5675269.003,6434792.343],[5675269.373,6434792.622],[5675269.668,6434792.837],[5675269.981,6434793.069],[5675270.295,6434793.3],[5675270.609,6434793.531],[5675270.972,6434793.741],[5675271.466,6434794.06],[5675272.15,6434794.38],[5675272.89,6434794.746],[5675273.605,6434795.218],[5675274.201,6434795.718],[5675274.679,6434796.246],[5675275.107,6434796.795],[5675275.556,6434797.394],[5675276.152,6434798.084],[5675276.806,6434798.854],[5675277.523,6434799.551],[5675278.144,6434800.135],[5675278.684,6434800.588],[5675279.147,6434800.944],[5675279.482,6434801.225],[5675279.765,6434801.494],[5675280.013,6434801.765],[5675280.193,6434802.043],[5675280.388,6434802.302],[5675280.621,6434802.592],[5675280.894,6434802.948],[5675281.129,6434803.272],[5675281.365,6434803.597],[5675281.613,6434803.868],[5675281.805,6434804.093],[5675281.992,6434804.249],[5675282.221,6434804.505],[5675282.522,6434804.789],[5675282.901,6434805.17],[5675283.388,6434805.611],[5675283.991,6434806.179],[5675284.699,6434806.773],[5675285.357,6434807.388],[5675286.006,6434807.9],[5675286.63,6434808.329],[5675287.18,6434808.695],[5675287.73,6434809.061],[5675288.174,6434809.401],[5675288.544,6434809.679],[5675288.839,6434809.895],[5675289.059,6434810.048],[5675289.221,6434810.12],[5675289.451,6434810.186],[5675289.678,6434810.218],[5675289.903,6434810.216],[5675290.055,6434810.185],[5675290.208,6434810.155],[5675290.392,6434810.087],[5675290.66,6434809.994],[5675290.999,6434809.93],[5675291.276,6434809.94],[5675291.559,6434810.018],[5675291.83,6434810.15],[5675292.069,6434810.319],[5675292.358,6434810.466],[5675292.637,6434810.7],[5675292.973,6434810.982],[5675293.289,6434811.247],[5675293.556,6434811.534],[5675293.777,6434811.688],[5675293.945,6434811.828],[5675294.168,6434812.016],[5675294.392,6434812.203],[5675294.594,6434812.341],[5675294.743,6434812.466],[5675294.942,6434812.569],[5675295.265,6434812.713],[5675295.713,6434812.898],[5675296.285,6434813.124],[5675296.963,6434813.375],[5675297.616,6434813.542],[5675298.045,6434813.711],[5675298.374,6434813.924],[5675298.728,6434814.221],[5675299.194,6434814.611],[5675299.653,6434815.123],[5675300.181,6434815.629],[5675300.696,6434816.188],[5675301.04,6434816.762],[5675301.169,6434817.251],[5675301.152,6434817.649],[5675301.126,6434817.945],[5675301.063,6434818.209],[5675300.994,6434818.405],[5675300.956,6434818.564],[5675300.922,6434818.757],[5675300.905,6434818.965]]}},{"type":"Feature","properties":{},"geometry":{"type":"LineString","coordinates":[[5675300.905,6434818.965],[5675300.88,6434819.261],[5675300.904,6434819.535],[5675300.972,6434819.719],[5675301.071,6434819.866],[5675301.276,6434820.037],[5675301.518,6434820.24],[5675301.797,6434820.475],[5675302.133,6434820.756],[5675302.487,6434821.053],[5675302.859,6434821.365],[5675303.251,6434821.693],[5675303.602,6434821.956],[5675303.859,6434822.14],[5675304.117,6434822.325],[5675304.378,6434822.543],[5675304.71,6434822.79],[5675305.046,6434823.071],[5675305.437,6434823.399],[5675305.847,6434823.743],[5675306.257,6434824.087],[5675306.723,6434824.477],[5675307.173,6434824.886],[5675307.682,6434825.377],[5675308.355,6434825.973],[5675309.088,6434826.651],[5675309.932,6434827.423],[5675310.87,6434828.272],[5675311.799,6434829.019],[5675312.559,6434829.625],[5675313.062,6434830.047],[5675313.358,6434830.263],[5675313.544,6434830.419],[5675313.727,6434830.541],[5675313.913,6434830.697],[5675314.118,6434830.869],[5675314.413,6434831.084],[5675314.727,6434831.316],[5675315.112,6434831.575],[5675315.519,6434831.885],[5675315.957,6434832.157],[5675316.38,6434832.448],[5675316.855,6434832.751],[5675317.346,6434833.036],[5675317.816,6434833.271],[5675318.245,6434833.44],[5675318.562,6434833.516],[5675318.845,6434833.594],[5675319.041,6434833.664],[5675319.237,6434833.733],[5675319.433,6434833.802],[5675319.576,6434833.858],[5675319.7,6434833.899],[5675319.84,6434833.921],[5675320.011,6434833.906],[5675320.164,6434833.875],[5675320.451,6434833.798],[5675320.821,6434833.697],[5675321.139,6434833.583],[5675321.47,6434833.416],[5675321.832,6434833.211],[5675322.227,6434833.004],[5675322.602,6434832.747],[5675323.039,6434832.415],[5675323.491,6434832.064],[5675323.912,6434831.751],[5675324.265,6434831.444],[5675324.589,6434831.209],[5675324.877,6434830.942],[5675325.211,6434830.619],[5675325.626,6434830.237],[5675326.038,6434829.821],[5675326.45,6434829.405],[5675326.784,6434829.083],[5675327.071,6434828.816],[5675327.374,6434828.53],[5675327.724,6434828.189],[5675328.102,6434827.776],[5675328.53,6434827.342],[5675329.036,6434826.814],[5675329.604,6434826.212],[5675330.169,6434825.575],[5675330.8,6434824.899],[5675331.353,6434824.315],[5675331.909,6434823.766],[5675332.483,6434823.232],[5675333.063,6434822.767],[5675333.584,6434822.41],[5675334.056,6434822.076],[5675334.442,6434821.765],[5675334.767,6434821.53],[5675335.073,6434821.279],[5675335.541,6434820.91],[5675336.021,6434820.488],[5675336.468,6434820.069],[5675336.802,6434819.746],[5675337.117,6434819.408],[5675337.367,6434819.11],[5675337.57,6434818.867],[5675337.711,6434818.7],[5675337.805,6434818.588],[5675337.961,6434818.402],[5675338.164,6434818.159],[5675338.489,6434817.734],[5675338.976,6434817.191],[5675339.464,6434816.647],[5675339.894,6434816.247],[5675340.197,6434815.962],[5675340.484,6434815.695],[5675340.806,6434815.425],[5675341.156,6434815.083],[5675341.539,6434814.739],[5675341.87,6434814.382],[5675342.236,6434814.022],[5675342.504,6434813.74],[5675342.739,6434813.46],[5675342.911,6434813.255],[5675343.101,6434813.066],[5675343.273,6434812.861],[5675343.479,6434812.653],[5675343.769,6434812.42],[5675344.059,6434812.188],[5675344.477,6434811.84],[5675344.958,6434811.418],[5675345.47,6434810.959],[5675346.094,6434810.404],[5675346.812,6434809.737],[5675347.393,6434809.082],[5675347.815,6434808.579],[5675348.137,6434808.119],[5675348.368,6434807.805],[5675348.506,6434807.603],[5675348.628,6434807.42],[5675348.763,6434807.184],[5675348.975,6434806.855],[5675349.188,6434806.525],[5675349.372,6434806.267],[5675349.547,6434806.097],[5675349.722,6434805.926],[5675349.931,6434805.752],[5675350.075,6434805.619],[5675350.206,6434805.538],[5675350.405,6434805.452],[5675350.53,6434805.493],[5675350.572,6434805.782],[5675350.59,6434805.988],[5675350.593,6434806.212],[5675350.542,6434806.423],[5675350.482,6434806.722],[5675350.407,6434807.039],[5675350.328,6434807.322],[5675350.249,6434807.605],[5675350.186,6434807.87],[5675350.123,6434808.134],[5675350.097,6434808.43],[5675350.121,6434808.704],[5675350.227,6434808.919],[5675350.347,6434809.116],[5675350.503,6434809.309],[5675350.689,6434809.465],[5675350.965,6434809.665],[5675351.167,6434809.803],[5675351.313,6434809.894],[5675351.456,6434809.95],[5675351.621,6434810.056],[5675351.894,6434810.222],[5675352.258,6434810.432],[5675352.709,6434810.651],[5675353.212,6434810.883],[5675353.744,6434811.043],[5675354.261,6434811.032],[5675354.697,6434810.891],[5675355.308,6434810.578],[5675356.076,6434810.079],[5675356.837,6434809.512],[5675357.632,6434808.941],[5675358.353,6434808.309],[5675359.021,6434807.663],[5675359.634,6434806.971],[5675360.118,6434806.393],[5675360.349,6434806.079],[5675360.474,6434805.93],[5675360.568,6434805.819],[5675360.737,6434805.579],[5675360.968,6434805.266],[5675361.212,6434804.899],[5675361.524,6434804.526],[5675361.79,6434804.21],[5675361.993,6434803.968],[5675362.149,6434803.781],[5675362.29,6434803.614],[5675362.427,6434803.412],[5675362.628,6434803.135],[5675362.859,6434802.821],[5675363.096,6434802.576],[5675363.284,6434802.353],[5675363.602,6434802.049],[5675364.067,6434801.645],[5675364.619,6434801.252],[5675365.018,6434801.078],[5675365.264,6434801.126],[5675365.426,6434801.198],[5675365.522,6434801.31],[5675365.587,6434801.46],[5675365.67,6434801.815],[5675365.678,6434802.298],[5675365.705,6434802.606],[5675365.673,6434802.833],[5675365.675,6434803.057],[5675365.727,6434803.45],[5675365.943,6434803.948],[5675366.123,6434804.226],[5675366.31,6434804.192],[5675366.538,6434804.034],[5675366.952,6434803.842],[5675367.302,6434803.691],[5675367.825,6434803.369],[5675368.384,6434803.044],[5675369.051,6434802.588],[5675369.81,6434801.986],[5675370.493,6434801.322],[5675371.102,6434800.596],[5675371.724,6434799.816],[5675372.352,6434799.105],[5675372.958,6434798.534],[5675373.529,6434797.966],[5675373.885,6434797.693],[5675374.094,6434797.52],[5675374.387,6434797.321],[5675374.712,6434797.086],[5675375.198,6434796.732],[5675375.76,6434796.252],[5675376.428,6434795.606],[5675377.112,6434794.942],[5675377.69,6434794.253],[5675378.205,6434793.638],[5675378.705,6434793.042],[5675379.208,6434792.48],[5675379.745,6434791.915],[5675380.404,6434791.356],[5675381.184,6434790.805],[5675381.848,6434790.505],[5675382.315,6434790.515],[5675382.766,6434790.545],[5675383.307,6434790.618],[5675383.967,6434790.664],[5675384.702,6434790.772],[5675385.302,6434790.926],[5675385.815,6434791.071],[5675386.167,6434791.143],[5675386.431,6434791.206],[5675386.624,6434791.241],[5675386.829,6434791.223],[5675387.1,6434791.165],[5675387.406,6434791.104],[5675387.705,6434790.974],[5675388.051,6434790.788],[5675388.572,6434790.432],[5675389.074,6434790.059],[5675389.474,6434789.696],[5675389.646,6434789.492],[5675389.765,6434789.274],[5675389.853,6434788.904],[5675389.926,6434788.362],[5675389.906,6434787.933],[5675389.859,6434787.799],[5675389.776,6434787.633],[5675389.646,6434787.334],[5675389.451,6434786.885],[5675389.223,6434786.25],[5675389.01,6434785.595],[5675388.803,6434785.009],[5675388.671,6434784.486],[5675388.613,6434784.025],[5675388.676,6434783.761],[5675388.789,6434783.665],[5675389.063,6434783.64],[5675389.296,6434783.741],[5675389.542,6434783.788],[5675389.74,6434783.892],[5675389.921,6434783.979],[5675390.154,6434784.08],[5675390.427,6434784.245],[5675390.754,6434784.424],[5675391.052,6434784.674],[5675391.347,6434784.889],[5675391.682,6434785.171],[5675391.999,6434785.436],[5675392.26,6434785.655],[5675392.483,6434785.842],[5675392.685,6434785.98],[5675392.816,6434786.089],[5675393.015,6434786.193],[5675393.198,6434786.315],[5675393.4,6434786.452],[5675393.527,6434786.527],[5675393.689,6434786.599],[5675393.897,6434786.615],[5675394.14,6434786.629],[5675394.511,6434786.527],[5675395.013,6434786.345],[5675395.452,6434786.047],[5675395.871,6434785.7],[5675396.124,6434785.436],[5675396.377,6434785.172],[5675396.567,6434784.983],[5675396.77,6434784.741],[5675397.007,6434784.496],[5675397.257,6434784.198],[5675397.557,6434783.878],[5675397.779,6434783.651],[5675397.951,6434783.446],[5675398.06,6434783.316],[5675398.182,6434783.133],[5675398.345,6434782.825],[5675398.455,6434782.505],[5675398.571,6434782.063],[5675398.581,6434781.786],[5675398.548,6434781.599],[5675398.402,6434781.318],[5675398.229,6434780.919],[5675398.056,6434780.52],[5675397.883,6434780.121],[5675397.763,6434779.735],[5675397.652,6434779.262],[5675397.61,6434778.782],[5675397.72,6434778.462],[5675397.916,6434778.341],[5675398.056,6434778.363],[5675398.252,6434778.432],[5675398.513,6434778.651],[5675398.901,6434778.945],[5675399.361,6434779.267],[5675399.951,6434779.698],[5675400.591,6434780.108],[5675401.244,6434780.465],[5675401.875,6434780.772],[5675402.459,6434781.134],[5675402.972,6434781.469],[5675403.4,6434781.828],[5675403.813,6434782.206],[5675404.242,6434782.566],[5675404.67,6434782.925],[5675405.17,6434783.312],[5675405.689,6434783.716],[5675406.195,6434784.172],[5675406.735,6434784.625],[5675407.244,6434785.115],[5675407.7,6434785.592],[5675408.101,6434786.023],[5675408.445,6434786.407],[5675408.752,6434786.76],[5675409.072,6434787.06],[5675409.354,6434787.328],[5675409.655,6434787.612],[5675410.009,6434787.909],[5675410.379,6434788.187],[5675410.764,6434788.447],[5675411.187,6434788.738],[5675411.628,6434789.044],[5675412.032,6434789.319],[5675412.488,6434789.607],[5675412.93,6434789.913],[5675413.021,6434789.978],[5675414.814,6434790.941],[5675416.103,6434791.862],[5675417.741,6434793.012],[5675418.763,6434793.836],[5675419.371,6434794.217],[5675419.56,6434794.267],[5675420.014,6434794.33],[5675420.543,6434794.456],[5675421.118,6434794.527],[5675421.713,6434794.613],[5675422.357,6434794.677],[5675422.954,6434794.797],[5675423.449,6434794.926],[5675423.788,6434795.052],[5675424.145,6434795.193],[5675424.45,6434795.321],[5675424.77,6434795.431],[5675425.128,6434795.572],[5675425.436,6434795.735],[5675425.715,6434795.969],[5675425.997,6434796.238],[5675426.196,6434796.531],[5675426.32,6434796.762],[5675426.372,6434796.964],[5675426.387,6434797.136],[5675426.427,6434797.391],[5675426.466,6434797.646],[5675426.54,6434797.899],[5675426.639,6434798.045],[5675426.857,6434798.164],[5675427.034,6434798.218],[5675427.227,6434798.253],[5675427.457,6434798.319],[5675427.722,6434798.382],[5675428.02,6434798.442],[5675428.282,6434798.471],[5675428.506,6434798.468],[5675428.712,6434798.45],[5675428.986,6434798.426],[5675429.412,6434798.371],[5675429.963,6434798.357],[5675430.633,6434798.316],[5675431.205,6434798.352],[5675431.588,6434798.387],[5675431.884,6434798.413],[5675432.145,6434798.442],[5675432.459,6434798.483],[5675432.876,6434798.516],[5675433.437,6434798.605],[5675434.099,6434798.684],[5675434.809,6434798.708],[5675435.537,6434798.748],[5675436.353,6434798.797],[5675437.165,6434798.812],[5675437.925,6434798.814],[5675438.635,6434798.838],[5675439.332,6434798.915],[5675440.06,6434798.954],[5675440.685,6434799.003],[5675441.124,6434799.085],[5675441.323,6434799.189],[5675441.497,6434799.398],[5675441.782,6434799.701],[5675442.124,6434800.05],[5675442.462,6434800.366],[5675442.763,6434800.65],[5675443.067,6434800.968],[5675443.461,6434801.331],[5675443.927,6434801.721],[5675444.505,6434802.205],[5675445.194,6434802.783],[5675445.831,6434803.349],[5675446.399,6434803.92],[5675446.895,6434804.463],[5675447.314,6434804.91],[5675447.593,6434805.334],[5675447.831,6434805.693],[5675447.98,6434806.007],[5675448.125,6434806.288],[5675448.218,6434806.556],[5675448.323,6434806.771],[5675448.394,6434806.989],[5675448.521,6434807.254],[5675448.672,6434807.603],[5675448.836,6434807.9],[5675449.016,6434808.177],[5675449.174,6434808.405],[5675449.351,6434808.648],[5675449.581,6434808.904],[5675449.795,6434809.179],[5675450.061,6434809.466],[5675450.381,6434809.766],[5675450.667,6434810.069],[5675451.039,6434810.381],[5675451.415,6434810.728],[5675451.843,6434811.087],[5675452.369,6434811.369],[5675452.909,6434811.632],[5675453.339,6434811.801],[5675453.64,6434811.896],[5675453.917,6434811.906],[5675454.21,6434811.897],[5675454.534,6434811.852],[5675454.908,6434811.784],[5675455.313,6434811.68],[5675455.77,6434811.588],[5675456.216,6434811.548],[5675456.642,6434811.494],[5675457.094,6434811.523],[5675457.567,6434811.602],[5675458.145,6434811.707],[5675458.643,6434811.87],[5675459.116,6434811.949],[5675459.536,6434812.016],[5675459.931,6434811.999],[5675460.395,6434811.975],[5675460.909,6434811.93],[5675461.578,6434811.888],[5675462.5,6434811.773],[5675463.637,6434811.552],[5675464.889,6434811.27],[5675466.098,6434810.887],[5675467.114,6434810.47],[5675467.9,6434809.987],[5675468.58,6434809.478],[5675469.173,6434808.96],[5675469.586,6434808.544]]}},{"type":"Feature","properties":{},"geometry":{"type":"LineString","coordinates":[[5675469.586,6434808.544],[5675469.914,6434808.153],[5675470.304,6434807.687],[5675470.689,6434807.153],[5675471.026,6434806.675],[5675471.377,6434806.143],[5675471.789,6434805.538],[5675472.243,6434804.807],[5675472.772,6434803.95],[5675473.288,6434802.955],[5675473.661,6434802.094],[5675473.831,6434801.475],[5675473.973,6434800.928],[5675474.118,6434800.414],[5675474.275,6434799.848],[5675474.448,6434799.264],[5675474.59,6434798.716],[5675474.747,6434798.15],[5675474.886,6434797.568],[5675474.969,6434796.94],[5675475.011,6434796.436],[5675475.021,6434795.969],[5675475.004,6434795.573],[5675474.977,6434795.265],[5675474.928,6434794.907],[5675474.861,6434794.343],[5675474.789,6434793.521],[5675474.677,6434792.634],[5675474.561,6434791.902],[5675474.431,6434791.413],[5675474.252,6434790.945],[5675474.051,6434790.428],[5675473.813,6434789.879],[5675473.581,6434789.399],[5675473.302,6434788.975],[5675473.045,6434788.601],[5675472.804,6434788.208],[5675472.512,6434787.836],[5675472.239,6434787.481],[5675471.975,6434787.228],[5675471.621,6434786.931],[5675471.227,6434786.568],[5675470.817,6434786.225],[5675470.389,6434785.866],[5675469.96,6434785.506],[5675469.479,6434785.134],[5675468.923,6434784.7],[5675468.258,6434784.206],[5675467.506,6434783.703],[5675466.708,6434783.255],[5675465.968,6434782.889],[5675465.29,6434782.638],[5675464.665,6434782.399],[5675464.205,6434782.267],[5675463.884,6434782.157],[5675463.548,6434782.066],[5675463.144,6434781.98],[5675462.634,6434781.87],[5675462.037,6434781.75],[5675461.386,6434781.617],[5675460.612,6434781.444],[5675459.725,6434781.176],[5675458.954,6434780.847],[5675458.28,6434780.44],[5675457.671,6434779.993],[5675457.038,6434779.462],[5675456.445,6434778.807],[5675456.005,6434778.121],[5675455.68,6434777.562],[5675455.588,6434777.105],[5675455.505,6434776.749],[5675455.525,6434776.385],[5675455.57,6434775.915],[5675455.627,6434775.393],[5675455.676,6434774.767],[5675455.722,6434774.107],[5675455.783,6434773.429],[5675455.872,6434772.869],[5675455.948,6434772.361],[5675456.061,6434771.886],[5675456.225,6434771.388],[5675456.394,6434770.959],[5675456.551,6434770.583],[5675456.773,6434770.166],[5675457.105,6434769.619],[5675457.546,6434768.942],[5675458.065,6434768.172],[5675458.553,6434767.438],[5675459.012,6434766.777],[5675459.316,6434766.301],[5675459.497,6434766.009],[5675459.647,6434765.754],[5675459.779,6434765.484],[5675459.948,6434765.055],[5675460.093,6434764.542],[5675460.176,6434763.913],[5675460.243,6434763.303],[5675460.272,6434762.852],[5675460.302,6434762.401],[5675460.347,6434761.931],[5675460.451,6434761.352],[5675460.568,6434760.72],[5675460.673,6434760.142],[5675460.786,6434759.666],[5675460.868,6434759.417],[5675460.971,6434759.218],[5675461.062,6434759.072],[5675461.184,6434758.889],[5675461.356,6434758.684],[5675461.543,6434758.46],[5675461.815,6434758.212],[5675462.136,6434757.942],[5675462.511,6434757.685],[5675462.782,6434757.627],[5675463.09,6434757.599],[5675463.578,6434757.66],[5675464.129,6434757.836],[5675464.726,6434758.146],[5675465.316,6434758.577],[5675465.925,6434759.024],[5675466.608,6434759.534],[5675467.291,6434760.043],[5675467.959,6434760.571],[5675468.555,6434761.071],[5675469.055,6434761.459],[5675469.406,6434761.721],[5675469.698,6434761.903],[5675469.969,6434762.034],[5675470.183,6434762.119],[5675470.345,6434762.191],[5675470.535,6434762.192],[5675470.793,6434762.186],[5675471.164,6434762.085],[5675471.7,6434761.9],[5675472.149,6434761.705],[5675472.461,6434761.522],[5675472.704,6434761.345],[5675472.929,6434761.153],[5675473.166,6434760.908],[5675473.409,6434760.731],[5675473.634,6434760.539],[5675473.883,6434760.431],[5675474.301,6434760.273],[5675474.896,6434760.169],[5675475.547,6434760.112],[5675476.241,6434760.154],[5675476.776,6434760.349],[5675477.248,6434760.618],[5675477.655,6434760.928],[5675477.972,6434761.193],[5675478.27,6434761.443],[5675478.512,6434761.646],[5675478.732,6434761.799],[5675478.969,6434761.934],[5675479.22,6434762.05],[5675479.575,6434762.157],[5675479.985,6434762.311],[5675480.377,6434762.449],[5675480.732,6434762.556],[5675481.074,6434762.715],[5675481.469,6434762.888],[5675481.814,6434763.082],[5675482.217,6434763.357],[5675482.587,6434763.635],[5675482.919,6434763.882],[5675483.308,6434764.176],[5675483.696,6434764.47],[5675484.115,6434764.726],[5675484.516,6434764.967],[5675484.864,6434765.195],[5675485.103,6434765.364],[5675485.287,6434765.486],[5675485.504,6434765.605],[5675485.687,6434765.727],[5675485.886,6434765.83],[5675486.104,6434765.949],[5675486.356,6434766.065],[5675486.673,6434766.141],[5675486.972,6434766.201],[5675487.299,6434766.19],[5675487.613,6434766.041],[5675488.088,6434765.741],[5675488.556,6434765.372],[5675489.08,6434764.859],[5675489.596,6434764.245],[5675490.18,6434763.434],[5675490.647,6434762.461],[5675491.008,6434761.463],[5675491.213,6434760.651],[5675491.336,6434760.088],[5675491.368,6434759.671],[5675491.357,6434759.154],[5675491.297,6434758.469],[5675491.1,6434757.796],[5675490.843,6434757.232],[5675490.555,6434756.895],[5675490.275,6434756.66],[5675489.974,6434756.376],[5675489.586,6434756.082],[5675489.139,6434755.708],[5675488.692,6434755.333],[5675488.269,6434755.042],[5675487.868,6434754.801],[5675487.486,6434754.576],[5675486.964,6434754.328],[5675486.389,6434754.068],[5675485.782,6434753.845],[5675485.179,6434753.657],[5675484.893,6434753.544],[5675484.489,6434753.268],[5675484.02,6434752.844],[5675483.365,6434752.263],[5675482.571,6434751.47],[5675481.609,6434750.536],[5675480.65,6434749.447],[5675479.794,6434748.348],[5675479.358,6434747.506],[5675479.393,6434747.124],[5675479.546,6434746.903],[5675479.871,6434746.478],[5675480.256,6434745.943],[5675480.634,6434745.341],[5675481.06,6434744.682],[5675481.451,6434744.026],[5675481.805,6434743.339],[5675482.121,6434742.621],[5675482.45,6434741.85],[5675482.846,6434740.849],[5675483.229,6434739.711],[5675483.506,6434738.737],[5675483.658,6434737.913],[5675483.797,6434737.141],[5675483.83,6434736.344],[5675483.864,6434735.548],[5675483.857,6434734.685],[5675483.838,6434733.876],[5675483.796,6434733.206],[5675483.789,6434732.534],[5675483.791,6434731.774],[5675483.813,6434730.841],[5675483.872,6434729.938],[5675483.964,6434729.222],[5675484.065,6434728.609],[5675484.145,6434727.946],[5675484.241,6434727.265],[5675484.314,6434726.534],[5675484.361,6434725.684],[5675484.419,6434724.781],[5675484.428,6434723.9],[5675484.346,6434723.166],[5675484.223,6434722.745],[5675484.087,6434722.567],[5675483.953,6434722.423],[5675483.764,6434722.233],[5675483.537,6434722.011],[5675483.311,6434721.79],[5675483.103,6434721.583],[5675482.966,6434721.406],[5675482.855,6434721.312],[5675482.867,6434721.259],[5675482.489,6434720.878],[5675482.07,6434720.432],[5675481.608,6434719.886],[5675481.148,6434719.374],[5675480.705,6434718.843],[5675480.274,6434718.26],[5675479.886,6434717.776],[5675479.635,6434717.47],[5675479.449,6434717.314],[5675479.281,6434717.173],[5675479.06,6434717.02],[5675478.806,6434716.87],[5675478.476,6434716.657],[5675478.163,6434716.426],[5675477.833,6434716.213],[5675477.557,6434716.013],[5675477.315,6434715.81],[5675477.057,6434715.626],[5675476.796,6434715.407],[5675476.551,6434715.17],[5675476.364,6434715.013],[5675476.194,6434714.839],[5675476.004,6434714.648],[5675475.865,6434714.436],[5675475.691,6434714.227],[5675475.518,6434714.018],[5675475.412,6434713.803],[5675475.307,6434713.588],[5675475.202,6434713.373],[5675475.134,6434713.189],[5675475.113,6434712.949],[5675475.079,6434712.762],[5675475.077,6434712.538],[5675475.127,6434712.326],[5675475.162,6434712.133],[5675475.275,6434711.847],[5675475.429,6434711.437],[5675475.676,6434710.915],[5675476.033,6434710.262],[5675476.502,6434709.513],[5675476.99,6434708.78],[5675477.422,6434708.19],[5675477.759,6434707.712],[5675478.069,6434707.305],[5675478.328,6434706.919],[5675478.569,6434706.519],[5675478.722,6434706.298],[5675478.879,6434706.112],[5675479.041,6434705.994],[5675479.203,6434705.876],[5675479.368,6434705.793],[5675479.711,6434705.762],[5675480.187,6434705.686],[5675480.586,6434705.703],[5675480.834,6434705.785],[5675481.052,6434705.903],[5675481.394,6434706.063],[5675481.866,6434706.332],[5675482.357,6434706.617],[5675482.904,6434706.949],[5675483.451,6434707.28],[5675484.073,6434707.675],[5675484.747,6434708.081],[5675485.408,6434708.541],[5675485.999,6434708.972],[5675486.583,6434709.335],[5675487.18,6434709.645],[5675487.705,6434709.927],[5675488.103,6434710.133],[5675488.392,6434710.281],[5675488.553,6434710.353],[5675488.591,6434710.384]]}},{"type":"Feature","properties":{},"geometry":{"type":"LineString","coordinates":[[5675071.589,6435066.354],[5675071.905,6435065.825],[5675072.205,6435065.316],[5675072.478,6435064.878],[5675072.815,6435064.399],[5675073.184,6435063.884],[5675073.618,6435063.328],[5675074.062,6435062.685],[5675074.575,6435062.035],[5675075.087,6435061.386],[5675075.468,6435061.008],[5675075.774,6435060.757],[5675075.955,6435060.654],[5675076.139,6435060.586],[5675076.407,6435060.494],[5675076.622,6435060.389],[5675076.853,6435060.265],[5675077.052,6435060.178],[5675077.283,6435060.054],[5675077.479,6435059.934],[5675077.692,6435059.794],[5675077.985,6435059.596],[5675078.359,6435059.339],[5675079.079,6435058.896],[5675079.984,6435058.385],[5675080.86,6435057.945],[5675081.723,6435057.559],[5675082.739,6435057.142],[5675083.821,6435056.684],[5675084.763,6435056.204],[5675085.67,6435055.728],[5675086.285,6435055.26],[5675086.725,6435054.772],[5675087.175,6435054.198],[5675087.541,6435053.648],[5675087.804,6435053.107],[5675088.054,6435052.619],[5675088.333,6435052.059],[5675088.659,6435051.444],[5675089.013,6435050.757],[5675089.457,6435049.924],[5675089.899,6435049.057],[5675090.39,6435048.168],[5675090.943,6435047.395],[5675091.54,6435046.721],[5675092.111,6435046.153],[5675092.679,6435045.741],[5675093.299,6435045.531],[5675093.96,6435045.387],[5675094.657,6435045.273],[5675095.234,6435045.154],[5675095.676,6435045.08],[5675096.168,6435044.985],[5675096.779,6435044.863],[5675097.501,6435044.644],[5675098.318,6435044.313],[5675099.166,6435043.945],[5675100.076,6435043.503],[5675100.918,6435043.067],[5675101.61,6435042.695],[5675102.113,6435042.323],[5675102.515,6435041.994],[5675103.008,6435041.52],[5675103.595,6435040.933],[5675104.164,6435040.331],[5675104.698,6435039.732],[5675105.263,6435039.095],[5675105.907,6435038.365],[5675106.613,6435037.561],[5675107.363,6435036.667],[5675108.144,6435035.736],[5675108.893,6435034.841],[5675109.593,6435033.969],[5675110.212,6435033.155],[5675110.737,6435032.453],[5675111.143,6435031.969],[5675111.515,6435031.487],[5675111.965,6435030.913],[5675112.406,6435030.235],[5675112.813,6435029.561],[5675113.17,6435028.908],[5675113.595,6435028.25],[5675114.024,6435027.625],[5675114.517,6435026.961],[5675115.077,6435026.256],[5675115.673,6435025.582],[5675116.257,6435024.961],[5675116.907,6435024.3],[5675117.616,6435023.53],[5675118.5,6435022.589],[5675119.555,6435021.444],[5675120.658,6435020.243],[5675121.763,6435019.075],[5675122.759,6435018.039],[5675123.674,6435017.251],[5675124.535,6435016.64],[5675125.446,6435016.008],[5675126.428,6435015.404],[5675127.323,6435014.98],[5675128.134,6435014.581],[5675128.997,6435014.194],[5675129.889,6435013.736],[5675130.924,6435013.145],[5675132.134,6435012.383],[5675133.294,6435011.642],[5675134.08,6435011.159],[5675134.557,6435010.893],[5675134.807,6435010.784],[5675134.944,6435010.772],[5675135.221,6435010.783],[5675135.426,6435010.765],[5675135.685,6435010.759],[5675135.925,6435010.738],[5675136.114,6435010.739],[5675136.286,6435010.724],[5675136.525,6435010.702],[5675136.815,6435010.66],[5675137.207,6435010.608],[5675137.718,6435010.529],[5675138.279,6435010.428],[5675138.939,6435010.283],[5675139.687,6435010.149],[5675140.36,6435009.951],[5675141.014,6435009.739],[5675141.756,6435009.345],[5675142.461,6435008.921],[5675143.097,6435008.503],[5675143.65,6435008.109],[5675143.952,6435007.824],[5675144.149,6435007.513],[5675144.393,6435007.146],[5675144.747,6435006.649],[5675145.141,6435006.028],[5675145.516,6435005.391],[5675145.77,6435004.747],[5675145.968,6435004.057],[5675146.117,6435003.388],[5675146.212,6435002.706],[5675146.249,6435001.944],[5675146.201,6435001.206],[5675146.038,6435000.53],[5675145.822,6435000.031],[5675145.571,6434999.535],[5675145.271,6434999.061],[5675144.877,6434998.509],[5675144.43,6434997.944],[5675143.984,6434997.38],[5675143.543,6434996.883],[5675143.159,6434996.434],[5675142.761,6434996.037],[5675142.439,6434995.703],[5675142.116,6434995.369],[5675141.759,6434995.038],[5675141.421,6434994.723],[5675141.029,6434994.395],[5675140.672,6434994.064],[5675140.262,6434993.72],[5675139.868,6434993.358],[5675139.455,6434992.98],[5675138.968,6434992.539],[5675138.515,6434992.096],[5675138.027,6434991.656],[5675137.611,6434991.243],[5675137.251,6434990.878],[5675136.947,6434990.56],[5675136.609,6434990.244],[5675136.262,6434989.826],[5675135.821,6434989.33],[5675135.436,6434988.88],[5675135.111,6434988.512],[5675134.993,6434988.395],[5675130.534,6434984.324],[5675130.267,6434984.037],[5675130.066,6434983.71],[5675130.057,6434983.228],[5675130.201,6434983.094],[5675130.736,6434983.098],[5675131.39,6434983.265],[5675133.151,6434984.085],[5675133.331,6434984.164],[5675134.213,6434984.587],[5675135.078,6434984.994],[5675135.82,6434985.395],[5675136.336,6434985.764],[5675136.69,6434986.061],[5675136.991,6434986.345],[5675137.289,6434986.595],[5675137.643,6434986.892],[5675138.013,6434987.17],[5675138.305,6434987.351],[5675138.464,6434987.389],[5675138.769,6434987.328],[5675138.968,6434987.241],[5675139.149,6434987.139],[5675139.377,6434986.981],[5675139.633,6434986.751],[5675139.917,6434986.45],[5675140.189,6434986.202],[5675140.329,6434986.034],[5675140.52,6434985.845],[5675140.738,6434985.584],[5675141.035,6434985.23],[5675141.379,6434984.82],[5675141.707,6434984.429],[5675141.891,6434984.171],[5675142.088,6434983.86],[5675142.401,6434983.298],[5675142.749,6434982.543],[5675142.991,6434981.952],[5675142.994,6434981.796],[5675142.855,6434981.584],[5675142.665,6434981.394],[5675142.476,6434981.203],[5675142.358,6434981.041],[5675142.247,6434980.947],[5675142.113,6434980.804],[5675141.942,6434980.629],[5675141.766,6434980.385],[5675141.626,6434980.173],[5675141.49,6434979.995],[5675141.394,6434979.883],[5675141.297,6434979.771],[5675141.198,6434979.624],[5675141.078,6434979.428],[5675141.016,6434979.312],[5675140.969,6434979.178],[5675140.995,6434978.883],[5675141.017,6434978.743],[5675141.139,6434978.559],[5675141.333,6434978.404],[5675141.467,6434978.358],[5675141.657,6434978.358],[5675141.887,6434978.425],[5675142.244,6434978.566],[5675142.732,6434978.816],[5675143.292,6434979.095],[5675143.789,6434979.448],[5675144.286,6434979.802],[5675144.82,6434980.186],[5675145.451,6434980.683],[5675146.258,6434981.233],[5675147.162,6434981.896],[5675148.026,6434982.493],[5675148.778,6434982.997],[5675149.421,6434983.441],[5675150.008,6434983.838],[5675150.468,6434984.16],[5675150.831,6434984.369],[5675151.167,6434984.461],[5675151.425,6434984.455],[5675151.681,6434984.415],[5675151.865,6434984.348],[5675152.161,6434984.183],[5675152.685,6434983.861],[5675153.446,6434983.294],[5675154.364,6434982.54],[5675155.256,6434981.702],[5675155.934,6434980.97],[5675156.518,6434980.349],[5675157.005,6434979.806],[5675157.415,6434979.355],[5675157.808,6434978.924],[5675158.264,6434978.418],[5675158.751,6434977.875],[5675159.158,6434977.39],[5675159.592,6434976.834],[5675159.945,6434976.337],[5675160.274,6434975.756],[5675160.631,6434975.103],[5675161.019,6434974.414],[5675161.238,6434973.963],[5675161.323,6434973.748],[5675161.376,6434973.571],[5675161.458,6434973.322],[5675161.521,6434973.058],[5675161.6,6434972.775],[5675161.688,6434972.405],[5675161.848,6434971.873],[5675162.019,6434971.064],[5675162.209,6434970.081],[5675162.339,6434969.017],[5675162.357,6434968.238],[5675162.331,6434967.74],[5675162.304,6434967.432],[5675162.292,6434967.105],[5675162.29,6434966.691],[5675162.304,6434966.258],[5675162.325,6434965.704],[5675162.354,6434965.063],[5675162.45,6434964.382],[5675162.583,6434963.731],[5675162.64,6434963.209],[5675162.663,6434962.879],[5675162.626,6434962.658],[5675162.574,6434962.455],[5675162.435,6434962.053],[5675162.241,6434961.414],[5675161.939,6434960.526],[5675161.509,6434959.373],[5675160.909,6434958.045],[5675160.207,6434956.726],[5675159.404,6434955.641],[5675158.559,6434954.869],[5675157.833,6434954.26],[5675157.255,6434953.776],[5675156.774,6434953.404],[5675156.327,6434953.029],[5675155.861,6434952.638],[5675155.398,6434952.282],[5675154.97,6434951.923],[5675154.628,6434951.573],[5675154.384,6434951.146],[5675154.167,6434950.647],[5675154.032,6434950.089],[5675153.959,6434949.457],[5675153.949,6434948.751],[5675153.945,6434947.923],[5675153.976,6434946.902],[5675154.057,6434945.859],[5675154.197,6434944.898],[5675154.38,6434944.036],[5675154.65,6434943.184],[5675154.883,6434942.3],[5675155.095,6434941.367],[5675155.297,6434940.331],[5675155.541,6434938.981],[5675155.744,6434937.565],[5675155.973,6434936.233],[5675156.243,6434935.191],[5675156.6,6434934.539],[5675156.813,6434934.209],[5675156.982,6434933.97],[5675157.138,6434933.784],[5675157.438,6434933.464],[5675157.897,6434932.992],[5675158.624,6434932.238],[5675159.633,6434931.148],[5675160.726,6434930.034],[5675161.766,6434929.097],[5675162.795,6434928.247],[5675163.738,6434927.578],[5675164.49,6434926.908],[5675165.099,6434926.181],[5675165.634,6434925.202],[5675165.986,6434924.101],[5675166.157,6434923.102],[5675166.181,6434922.393],[5675166.145,6434921.982],[5675166.078,6434921.608],[5675165.992,6434921.218],[5675165.897,6434920.726],[5675165.808,6434920.113],[5675165.711,6434919.396],[5675165.57,6434918.58],[5675165.411,6434917.559],[5675165.232,6434916.298],[5675165.093,6434914.912],[5675165.035,6434913.467],[5675164.964,6434912.076],[5675164.915,6434910.924],[5675164.874,6434910.064],[5675164.835,6434909.429],[5675164.859,6434908.909],[5675164.897,6434908.371],[5675165.024,6434907.652],[5675165.207,6434906.791],[5675165.506,6434905.867],[5675166.057,6434904.869],[5675166.673,6434904.021],[5675167.232,6434903.316],[5675167.707,6434902.636],[5675168.27,6434901.775],[5675168.905,6434900.753],[5675169.365,6434899.902],[5675169.538,6434899.507],[5675169.535,6434899.283],[5675169.517,6434899.077],[5675169.521,6434898.732],[5675169.532,6434898.265],[5675169.555,6434897.745],[5675169.545,6434897.228],[5675169.459,6434896.839],[5675169.403,6434896.602],[5675169.279,6434896.371],[5675169.125,6434895.988],[5675168.834,6434895.427],[5675168.531,6434894.728],[5675168.16,6434893.846],[5675167.734,6434892.727],[5675167.215,6434891.531],[5675166.654,6434890.458],[5675166.124,6434889.728],[5675165.711,6434889.35],[5675165.45,6434889.131],[5675165.211,6434888.962],[5675164.898,6434888.731],[5675164.422,6434888.428],[5675163.764,6434888.002],[5675163.049,6434887.53],[5675162.337,6434887.092],[5675161.663,6434886.686],[5675160.995,6434886.347],[5675160.401,6434886.072],[5675160.009,6434885.933],[5675159.714,6434885.908],[5675159.477,6434885.963],[5675159.293,6434886.031],[5675159.009,6434886.142],[5675158.663,6434886.328],[5675158.136,6434886.616],[5675157.609,6434886.904],[5675157.185,6434887.183],[5675156.861,6434887.418],[5675156.555,6434887.669],[5675156.202,6434887.977],[5675155.849,6434888.284],[5675155.628,6434888.51],[5675155.469,6434888.662],[5675155.312,6434888.849],[5675155.125,6434889.072],[5675154.981,6434889.206],[5675154.888,6434889.317],[5675154.775,6434889.414],[5675154.681,6434889.525],[5675154.522,6434889.677],[5675154.376,6434889.777],[5675154.248,6434889.891],[5675154.117,6434889.972],[5675153.967,6434890.037],[5675153.814,6434890.067],[5675153.609,6434890.086],[5675153.263,6434890.081],[5675152.881,6434890.046],[5675152.445,6434889.998],[5675152.109,6434889.907],[5675151.82,6434889.759],[5675151.494,6434889.581],[5675151.077,6434889.359],[5675150.692,6434889.099],[5675150.288,6434888.824],[5675149.953,6434888.543],[5675149.673,6434888.309],[5675149.372,6434888.024],[5675149.034,6434887.709],[5675148.698,6434887.428],[5675148.435,6434887.175],[5675148.286,6434887.05],[5675148.189,6434886.938],[5675148.053,6434886.76],[5675147.92,6434886.616],[5675147.764,6434886.423],[5675147.606,6434886.195],[5675147.411,6434885.936],[5675147.269,6434885.69],[5675147.198,6434885.471],[5675147.145,6434885.269],[5675147.077,6434885.085],[5675147.065,6434884.948],[5675147.053,6434884.811],[5675147.119,6434884.581],[5675147.214,6434884.279],[5675147.33,6434884.027],[5675147.42,6434883.881],[5675147.623,6434883.639],[5675148.036,6434883.223],[5675148.463,6434882.789],[5675148.894,6434882.388],[5675149.225,6434882.031],[5675149.509,6434881.73],[5675149.744,6434881.451],[5675149.944,6434881.174],[5675150.194,6434880.876],[5675150.409,6434880.581],[5675150.594,6434880.323],[5675150.747,6434880.103],[5675150.869,6434879.92],[5675150.991,6434879.736],[5675151.188,6434879.426],[5675151.494,6434878.984],[5675151.829,6434878.472],[5675152.095,6434877.965],[5675152.317,6434877.549],[5675152.54,6434877.132],[5675152.778,6434876.697],[5675153.028,6434876.209],[5675153.279,6434875.721],[5675153.47,6434875.342],[5675153.636,6434875.069],[5675153.789,6434874.848],[5675153.986,6434874.537],[5675154.183,6434874.227]]}},{"type":"Feature","properties":{},"geometry":{"type":"LineString","coordinates":[[5675154.183,6434874.227],[5675154.396,6434873.897],[5675154.593,6434873.587],[5675154.743,6434873.332],[5675154.893,6434873.077],[5675155.028,6434872.841],[5675155.131,6434872.642],[5675155.25,6434872.424],[5675155.384,6434872.188],[5675155.5,6434871.936],[5675155.663,6434871.629],[5675155.789,6434871.29],[5675155.927,6434870.898],[5675156.025,6434870.441],[5675156.459,6434868.901],[5675156.478,6434868.727],[5675156.442,6434868.316],[5675156.406,6434867.715],[5675156.359,6434866.977],[5675156.304,6434866.55],[5675156.23,6434866.298],[5675156.125,6434866.083],[5675156.023,6434865.902],[5675155.886,6434865.724],[5675155.626,6434865.505],[5675155.421,6434865.333],[5675155.178,6434865.13],[5675154.973,6434864.959],[5675154.824,6434864.834],[5675154.675,6434864.709],[5675154.489,6434864.552],[5675154.281,6434864.346],[5675154.073,6434864.14],[5675153.809,6434863.887],[5675153.508,6434863.603],[5675153.241,6434863.316],[5675152.978,6434863.063],[5675152.77,6434862.857],[5675152.621,6434862.732],[5675152.453,6434862.591],[5675152.338,6434862.463],[5675152.152,6434862.307],[5675151.981,6434862.132],[5675151.807,6434861.923],[5675151.581,6434861.701],[5675151.354,6434861.48],[5675151.106,6434861.208],[5675150.821,6434860.905],[5675150.622,6434860.612],[5675150.442,6434860.335],[5675150.281,6434860.073],[5675150.213,6434859.889],[5675150.236,6434859.749],[5675150.276,6434859.624],[5675150.352,6434859.497],[5675150.442,6434859.351],[5675150.583,6434859.183],[5675150.708,6434859.034],[5675150.87,6434858.916],[5675151.076,6434858.898],[5675151.359,6434858.977],[5675151.604,6434859.024],[5675151.779,6434859.044],[5675152.034,6434859.004],[5675152.383,6434858.852],[5675152.711,6434858.651],[5675152.82,6434858.521],[5675152.995,6434858.16],[5675153.111,6434857.908],[5675153.324,6434857.579],[5675153.528,6434857.147],[5675153.766,6434856.712],[5675154.013,6434856.19],[5675154.242,6434855.652],[5675154.458,6434855.167],[5675154.596,6434854.775],[5675154.763,6434854.312],[5675154.942,6434853.795],[5675155.083,6434853.248],[5675155.16,6434852.741],[5675155.226,6434852.321],[5675155.299,6434851.969],[5675155.372,6434851.618],[5675155.476,6434851.229],[5675155.567,6434850.893],[5675155.649,6434850.644],[5675155.696,6434850.398],[5675155.75,6434850.031],[5675155.78,6434849.39],[5675155.842,6434848.332],[5675155.849,6434847.037],[5675155.772,6434845.766],[5675155.598,6434844.574],[5675155.486,6434843.686],[5675155.42,6434842.932],[5675155.397,6434842.279],[5675155.439,6434841.585],[5675155.566,6434840.866],[5675155.752,6434840.228],[5675155.952,6434839.762],[5675156.146,6434839.417],[5675156.293,6434839.128],[5675156.441,6434838.839],[5675156.569,6434838.534],[5675156.695,6434838.195],[5675156.824,6434837.701],[5675156.922,6434837.053],[5675157.003,6434836.201],[5675156.99,6434835.27],[5675156.924,6434834.516],[5675156.791,6434833.993],[5675156.668,6434833.572],[5675156.48,6434833.002],[5675156.249,6434832.142],[5675155.922,6434831.17],[5675155.6,6434830.456],[5675155.377,6434830.079],[5675155.241,6434829.901],[5675155.126,6434829.773],[5675154.937,6434829.583],[5675154.654,6434829.314],[5675154.313,6434828.964],[5675153.876,6434828.502],[5675153.32,6434827.878],[5675152.653,6434827.16],[5675151.908,6434826.345],[5675151.201,6434825.562],[5675150.512,6434824.794],[5675149.858,6434824.023],[5675149.287,6434823.227],[5675148.807,6434822.476],[5675148.528,6434822.052],[5675148.429,6434821.905],[5675148.383,6434821.771],[5675148.349,6434821.584],[5675148.341,6434821.291],[5675148.28,6434820.796],[5675148.188,6434820.149],[5675148.06,6434819.47],[5675147.962,6434818.753],[5675147.849,6434818.056],[5675147.73,6434817.289],[5675147.552,6434816.442],[5675147.312,6434815.48],[5675146.951,6434814.51],[5675146.593,6434813.575],[5675146.249,6434812.812],[5675145.971,6434812.198],[5675145.739,6434811.717],[5675145.55,6434811.337],[5675145.405,6434811.056],[5675145.291,6434810.739],[5675145.17,6434810.352],[5675145.066,6434809.947],[5675145.033,6434809.381],[5675145.01,6434808.727],[5675145.003,6434808.054],[5675144.939,6434807.525],[5675144.863,6434807.048],[5675144.718,6434806.578],[5675144.474,6434805.961],[5675144.084,6434805.063],[5675143.57,6434804.125],[5675143.075,6434803.392],[5675142.708,6434802.958],[5675142.498,6434802.717],[5675142.305,6434802.493],[5675142.094,6434802.252],[5675141.846,6434801.981],[5675141.539,6434801.628],[5675141.154,6434801.179],[5675140.714,6434800.682],[5675140.27,6434800.152],[5675139.885,6434799.702],[5675139.597,6434799.365],[5675139.461,6434799.187],[5675139.327,6434799.044],[5675139.191,6434798.866],[5675139.036,6434798.673],[5675138.843,6434798.448],[5675138.651,6434798.223],[5675138.434,6434797.914],[5675138.18,6434797.574],[5675137.895,6434797.081],[5675137.517,6434796.511],[5675137.139,6434795.94],[5675136.804,6434795.469],[5675136.469,6434794.998],[5675136.119,6434794.545],[5675135.768,6434794.093],[5675135.434,6434793.622],[5675135.074,6434793.067],[5675134.677,6434792.48],[5675134.275,6434791.825],[5675133.885,6434791.117],[5675133.513,6434790.425],[5675133.176,6434789.73],[5675132.851,6434788.982],[5675132.53,6434788.078],[5675132.305,6434787.287],[5675132.216,6434786.863],[5675132.245,6434786.602],[5675132.286,6434786.477],[5675132.318,6434786.25],[5675132.397,6434785.967],[5675132.519,6434785.594],[5675132.617,6434785.137],[5675132.684,6434784.717],[5675132.735,6434784.315],[5675132.761,6434783.83],[5675132.754,6434783.157],[5675132.682,6434782.145],[5675132.552,6434780.862],[5675132.409,6434779.632],[5675132.266,6434778.592],[5675132.12,6434777.708],[5675131.932,6434776.947],[5675131.769,6434776.271],[5675131.593,6434775.648],[5675131.387,6434775.062],[5675131.158,6434774.427],[5675130.834,6434773.679],[5675130.546,6434772.962],[5675130.221,6434772.404],[5675129.998,6434772.026],[5675129.834,6434771.73],[5675129.692,6434771.484],[5675129.524,6434771.153],[5675129.261,6434770.71],[5675128.979,6434770.252],[5675128.657,6434769.728],[5675128.372,6434769.235],[5675128.112,6434768.827],[5675127.892,6434768.483],[5675127.752,6434768.271],[5675127.672,6434768.14],[5675127.573,6434767.994],[5675127.421,6434767.835],[5675127.306,6434767.707],[5675127.169,6434767.529],[5675127.052,6434767.367],[5675126.931,6434767.17],[5675126.804,6434766.905],[5675126.653,6434766.556],[5675126.498,6434766.173],[5675126.344,6434765.789],[5675126.223,6434765.403],[5675126.09,6434765.069],[5675125.967,6434764.839],[5675125.905,6434764.723],[5675125.765,6434764.511],[5675125.666,6434764.365],[5675125.511,6434764.171],[5675125.353,6434763.943],[5675125.217,6434763.765],[5675125.08,6434763.588],[5675125.018,6434763.472],[5675124.866,6434763.313],[5675124.733,6434763.169],[5675124.556,6434762.926],[5675124.348,6434762.72],[5675124.103,6434762.483],[5675123.82,6434762.214],[5675123.554,6434761.927],[5675123.268,6434761.624],[5675122.961,6434761.271],[5675122.691,6434760.95],[5675122.464,6434760.728],[5675122.294,6434760.553],[5675122.163,6434760.444],[5675122.036,6434760.369],[5675121.906,6434760.26],[5675121.719,6434760.103],[5675121.477,6434759.9],[5675121.179,6434759.65],[5675120.809,6434759.372],[5675120.458,6434759.11],[5675120.163,6434758.894],[5675119.908,6434758.744],[5675119.688,6434758.591],[5675119.489,6434758.487],[5675119.343,6434758.397],[5675119.138,6434758.225],[5675118.955,6434758.103],[5675118.793,6434758.031],[5675118.647,6434757.94],[5675118.414,6434757.84],[5675118.283,6434757.73],[5675118.156,6434757.655],[5675118.06,6434757.543],[5675118.026,6434757.356],[5675118.011,6434757.185],[5675118.03,6434757.01],[5675118.137,6434756.846],[5675118.306,6434756.607],[5675118.399,6434756.495],[5675118.543,6434756.361],[5675118.637,6434756.25],[5675118.73,6434756.138],[5675118.902,6434755.933],[5675119.024,6434755.75],[5675119.13,6434755.585],[5675119.224,6434755.473],[5675119.296,6434755.311],[5675119.531,6434754.842]]}},{"type":"Feature","properties":{},"geometry":{"type":"LineString","coordinates":[[5675323.598,6434852.895],[5675323.774,6434853.161]]}},{"type":"Feature","properties":{},"geometry":{"type":"LineString","coordinates":[[5675323.156,6434852.893],[5675323.437,6434853.055],[5675323.774,6434853.161]]}},{"type":"Feature","properties":{},"geometry":{"type":"LineString","coordinates":[[5675488.591,6434710.384],[5675489.158,6434710.774],[5675489.389,6434710.847],[5675489.979,6434710.954],[5675490.817,6434711.035],[5675491.981,6434711.429],[5675493.098,6434711.882],[5675494.026,6434712.488],[5675494.835,6434713.062],[5675495.803,6434713.62],[5675496.848,6434714.062],[5675497.894,6434714.602],[5675498.904,6434715.226],[5675499.934,6434715.866],[5675501.131,6434716.399],[5675502.529,6434716.983],[5675503.908,6434717.47],[5675505.148,6434717.99],[5675506.309,6434718.348],[5675507.465,6434718.752],[5675508.481,6434719.091],[5675509.394,6434719.297],[5675510.337,6434719.367],[5675511.5,6434719.663],[5675512.718,6434720.15],[5675513.951,6434720.857],[5675515.217,6434721.704],[5675516.354,6434722.431],[5675517.352,6434723.11],[5675518.264,6434723.815],[5675519.18,6434724.557],[5675520.079,6434725.219],[5675520.765,6434725.726],[5675521.241,6434726.015],[5675521.664,6434726.228],[5675522.198,6434726.386],[5675522.821,6434726.632],[5675523.572,6434726.998],[5675524.292,6434727.404],[5675525.063,6434727.866],[5675525.774,6434728.361],[5675526.269,6434728.746],[5675526.664,6434728.936],[5675526.979,6434728.965],[5675527.394,6434728.85],[5675527.805,6434728.602],[5675528.127,6434728.282],[5675528.522,6434727.795],[5675529.018,6434727.182],[5675529.476,6434726.617],[5675529.891,6434726.083],[5675530.422,6434725.447],[5675531.019,6434724.689],[5675531.634,6434723.93],[5675532.288,6434723.121],[5675532.958,6434722.293],[5675533.652,6434721.436],[5675534.298,6434720.637],[5675534.945,6434719.838],[5675535.487,6434719.148],[5675535.882,6434718.581],[5675536.418,6434717.838],[5675537.12,6434716.891],[5675537.793,6434715.92],[5675538.443,6434714.898],[5675539.228,6434713.728],[5675540.057,6434712.464],[5675540.757,6434711.241],[5675541.271,6434710.028],[5675541.627,6434708.672],[5675541.903,6434707.315],[5675542.165,6434706.173],[5675542.265,6434705.254],[5675542.248,6434704.338],[5675542.044,6434703.076],[5675541.628,6434701.757],[5675540.864,6434700.59],[5675539.935,6434699.387],[5675539.223,6434698.214],[5675538.742,6434697.116],[5675538.371,6434695.961],[5675538.162,6434694.824],[5675538.307,6434693.749],[5675538.622,6434692.682],[5675538.962,6434691.345],[5675539.362,6434689.895],[5675539.562,6434688.412],[5675539.545,6434686.819],[5675539.175,6434685.165],[5675538.807,6434683.448],[5675538.387,6434681.835],[5675537.925,6434680.574],[5675537.675,6434679.389],[5675537.563,6434677.992],[5675537.476,6434676.407],[5675537.336,6434674.907],[5675537.385,6434673.092],[5675537.685,6434671.288],[5675538.147,6434669.501],[5675538.665,6434667.825],[5675539.046,6434666.279],[5675539.289,6434664.863],[5675539.386,6434663.587],[5675539.409,6434662.204],[5675539.247,6434660.751],[5675539.047,6434659.444],[5675538.845,6434658.2],[5675538.644,6434656.893],[5675538.345,6434655.41],[5675537.887,6434654.024],[5675537.233,6434652.801],[5675536.603,6434651.646],[5675535.974,6434650.75],[5675535.144,6434650.143],[5675534.206,6434649.787],[5675533.075,6434649.452],[5675531.578,6434649.289],[5675530.049,6434649.325],[5675528.621,6434649.218],[5675527.253,6434649.255],[5675525.855,6434649.269],[5675524.516,6434649.33],[5675523.163,6434649.428],[5675521.782,6434649.68],[5675520.441,6434649.982],[5675519.19,6434650.034],[5675518.117,6434649.906],[5675517.077,6434649.677],[5675516.032,6434649.315],[5675515.04,6434648.867],[5675514.136,6434648.41],[5675513.251,6434648.049],[5675512.267,6434647.672],[5675511.314,6434647.336],[5675510.317,6434647.013],[5675509.179,6434646.866],[5675507.979,6434646.894],[5675506.9,6434647.052],[5675505.906,6434647.264],[5675505.019,6434647.304],[5675504.238,6434647.413],[5675503.356,6434647.586],[5675502.294,6434647.823],[5675501.002,6434647.906],[5675499.726,6434647.809],[5675498.603,6434647.722],[5675497.541,6434647.62],[5675496.502,6434647.489],[5675495.652,6434647.365],[5675494.93,6434647.281],[5675494.204,6434647.322],[5675493.389,6434647.452],[5675492.532,6434647.694],[5675491.643,6434648.055],[5675490.891,6434648.527],[5675490.327,6434649.005],[5675489.783,6434649.517],[5675489.368,6434649.89],[5675489.058,6434650.074],[5675488.65,6434650.26],[5675488.164,6434650.302],[5675487.656,6434650.133],[5675487.228,6434649.786],[5675486.711,6434649.368],[5675486.117,6434648.887],[5675485.515,6434648.416],[5675484.814,6434647.849],[5675484.063,6434647.242],[5675483.372,6434646.682],[5675482.779,6434646.219],[5675482.243,6434645.785],[5675481.647,6434645.286],[5675481.407,6434644.946],[5675481.283,6434644.701],[5675481.354,6434644.453],[5675481.581,6434643.814],[5675481.891,6434642.953],[5675482.083,6434641.979],[5675482.281,6434640.898],[5675482.442,6434639.722],[5675482.683,6434638.548],[5675482.99,6434637.312],[5675483.304,6434636.067],[5675483.616,6434634.885],[5675483.921,6434633.552],[5675484.058,6434632.147],[5675484.196,6434630.84],[5675484.339,6434629.569],[5675484.452,6434628.194],[5675484.546,6434626.803],[5675484.712,6434625.422],[5675485.091,6434624.116],[5675485.367,6434622.84],[5675485.477,6434621.688],[5675485.44,6434620.578],[5675485.293,6434619.604],[5675485.094,6434618.654],[5675484.758,6434617.575],[5675484.422,6434616.497],[5675484.145,6434615.483],[5675483.936,6434614.508],[5675483.703,6434613.4],[5675483.325,6434612.095],[5675482.891,6434610.599],[5675482.448,6434609.193],[5675482.111,6434608.017],[5675481.935,6434606.939],[5675481.792,6434605.841],[5675481.59,6434604.775],[5675481.35,6434603.677],[5675481.141,6434602.541],[5675480.86,6434601.394],[5675480.748,6434600.337],[5675480.821,6434599.251],[5675481.061,6434598.236],[5675481.398,6434597.203],[5675481.699,6434596.173],[5675481.879,6434595.174],[5675481.903,6434594.129],[5675481.786,6434593.197],[5675481.452,6434592.136],[5675480.911,6434591.15],[5675480.259,6434590.123],[5675479.557,6434589.297],[5675478.799,6434588.441],[5675478.003,6434587.572],[5675477.067,6434586.637],[5675476.114,6434585.543],[5675475.275,6434584.429],[5675474.494,6434583.281],[5675473.727,6434582.337],[5675472.991,6434581.533],[5675472.392,6434580.839],[5675472.036,6434580.163],[5675471.847,6434579.559],[5675471.729,6434579.028],[5675471.716,6434578.486],[5675471.863,6434577.847],[5675472.166,6434577.173],[5675472.58,6434576.622],[5675473.148,6434575.92],[5675473.771,6434575.151],[5675474.464,6434574.293],[5675475.182,6434573.407],[5675475.891,6434572.53],[5675476.664,6434571.575],[5675477.381,6434570.689],[5675478.036,6434569.88],[5675478.619,6434569.159],[5675479.171,6434568.477],[5675479.595,6434567.934],[5675479.682,6434567.826],[5675479.879,6434567.583],[5675480.221,6434567.199],[5675480.764,6434566.687],[5675481.435,6434566.198],[5675481.905,6434566.095],[5675482.036,6434566.152],[5675482.489,6434566.31],[5675483.093,6434566.38],[5675483.831,6434566.364],[5675484.727,6434566.074],[5675485.812,6434565.629],[5675486.977,6434565.186],[5675488.17,6434564.748],[5675489.538,6434564.114],[5675490.864,6434563.511],[5675491.965,6434563.047],[5675493.004,6434562.679],[5675494.026,6434562.313],[5675494.97,6434561.803],[5675496.035,6434561.085],[5675497.16,6434560.432],[5675498.084,6434559.729],[5675498.944,6434558.845],[5675499.648,6434557.995],[5675500.231,6434557.274],[5675500.909,6434556.437],[5675501.713,6434555.443],[5675502.569,6434554.346],[5675503.425,6434553.249],[5675504.213,6434552.194],[5675504.901,6434551.106],[5675505.629,6434549.986],[5675506.162,6434548.95],[5675506.47,6434547.991],[5675506.616,6434547.173],[5675506.635,6434546.254],[5675506.609,6434545.169],[5675506.472,6434543.865],[5675506.339,6434542.694],[5675506.152,6434541.51],[5675506.045,6434540.408],[5675506.046,6434539.232],[5675506.327,6434537.928],[5675506.74,6434536.521],[5675507.164,6434535.3],[5675507.46,6434534.395],[5675507.803,6434533.334],[5675508.156,6434532.201],[5675508.491,6434531.07],[5675508.887,6434529.923],[5675509.219,6434528.935],[5675509.51,6434528.057],[5675509.663,6434527.23],[5675509.813,6434526.288],[5675509.99,6434525.093],[5675510.154,6434523.935],[5675510.42,6434522.829],[5675510.83,6434521.645],[5675511.243,6434520.238],[5675511.584,6434518.821],[5675511.844,6434517.403],[5675512.104,6434515.986],[5675512.255,6434514.624],[5675512.364,6434513.294],[5675512.351,6434512.075],[5675512.42,6434510.954],[5675512.466,6434509.862],[5675512.365,6434508.91],[5675512.245,6434507.942],[5675512.132,6434506.947],[5675511.972,6434505.69],[5675511.831,6434504.431],[5675511.489,6434503.139],[5675511.2,6434502.082],[5675511.075,6434500.982],[5675510.989,6434499.832],[5675510.775,6434498.643],[5675510.504,6434497.424],[5675510.225,6434496.215],[5675509.996,6434494.804],[5675509.848,6434493.314],[5675509.835,6434492.094],[5675509.816,6434490.983],[5675509.819,6434490.002],[5675509.761,6434489.117],[5675509.68,6434488.342],[5675509.609,6434487.672],[5675509.511,6434486.916],[5675509.355,6434486.112],[5675509.07,6434485.349],[5675508.883,6434484.924],[5675508.78,6434484.712],[5675508.802,6434484.585],[5675508.862,6434484.133],[5675509.036,6434483.419],[5675509.262,6434482.602],[5675509.54,6434481.78],[5675509.975,6434480.665],[5675510.539,6434479.59],[5675511.164,6434478.499],[5675511.784,6434477.453],[5675512.447,6434476.474],[5675513.087,6434475.445],[5675513.635,6434474.469],[5675514.129,6434473.579],[5675514.475,6434472.973],[5675514.736,6434472.491],[5675514.991,6434471.956],[5675515.349,6434471.374],[5675515.695,6434470.768],[5675515.911,6434470.362],[5675516.124,6434469.938],[5675516.409,6434469.507],[5675516.764,6434468.908],[5675517.152,6434468.19],[5675517.434,6434467.483],[5675517.667,6434466.657],[5675517.893,6434465.581],[5675518.119,6434464.266],[5675518.23,6434463.033],[5675518.144,6434461.964],[5675517.808,6434461.064],[5675517.228,6434460.207],[5675516.484,6434459.492],[5675515.695,6434458.854],[5675514.933,6434458.221],[5675514.267,6434457.65],[5675513.683,6434457.177],[5675513.131,6434456.683],[5675512.415,6434456.054],[5675511.616,6434455.327],[5675510.783,6434454.524],[5675509.929,6434453.688],[5675509.228,6434452.959],[5675508.728,6434452.362],[5675508.277,6434451.803],[5675507.865,6434451.276],[5675507.414,6434450.718],[5675506.964,6434450.079],[5675506.367,6434449.403],[5675505.586,6434448.674],[5675504.88,6434447.973],[5675504.429,6434447.335],[5675504.207,6434446.752],[5675504.105,6434446.041],[5675504.042,6434445.184],[5675503.99,6434444.271],[5675503.919,6434443.263],[5675504.035,6434442.163],[5675504.296,6434441.004],[5675504.609,6434439.92],[5675504.78,6434438.832],[5675504.919,6434438.042],[5675505.067,6434437.163],[5675505.127,6434436.212],[5675505.001,6434435.432],[5675504.969,6434434.713],[5675504.94,6434433.754],[5675504.783,6434432.434],[5675504.504,6434431.064],[5675504.317,6434429.623],[5675504.352,6434428.184],[5675504.434,6434426.59],[5675504.554,6434424.946],[5675504.8,6434423.388],[5675505.184,6434421.877],[5675505.688,6434420.656],[5675506.208,6434419.497],[5675506.743,6434418.576],[5675507.358,6434417.477],[5675507.9,6434416.449],[5675508.302,6434415.694],[5675508.804,6434414.714],[5675509.283,6434413.505],[5675509.49,6434412.093],[5675509.235,6434410.775],[5675508.633,6434409.626],[5675507.746,6434408.57],[5675506.792,6434407.717],[5675505.912,6434406.973],[5675505.25,6434406.276],[5675504.768,6434405.418],[5675504.248,6434404.207],[5675503.676,6434402.842],[5675503.008,6434401.495],[5675502.307,6434400.17],[5675501.4,6434399.001],[5675500.228,6434397.779],[5675498.852,6434396.391],[5675497.416,6434395.019],[5675496.01,6434393.688],[5675494.578,6434392.449],[5675493.299,6434391.3],[5675492.255,6434390.279],[5675491.421,6434389.297],[5675490.66,6434388.246],[5675489.881,6434387.116],[5675489.037,6434386.127],[5675488.152,6434385.169],[5675487.292,6434384.279],[5675486.531,6434383.567],[5675485.838,6434382.909],[5675485.606,6434382.319],[5675485.539,6434381.764],[5675485.639,6434381.281],[5675485.751,6434380.646],[5675486.027,6434379.806],[5675486.443,6434378.675],[5675486.827,6434377.422],[5675487.179,6434376.191],[5675487.528,6434375.023],[5675487.998,6434373.904],[5675488.657,6434372.632],[5675489.427,6434371.142],[5675490.226,6434369.677],[5675490.934,6434368.283],[5675491.766,6434366.877],[5675492.743,6434365.411],[5675493.629,6434364.096],[5675494.452,6434362.94],[5675495.301,6434361.871],[5675495.993,6434360.996],[5675496.727,6434360.09],[5675497.501,6434359.152],[5675498.335,6434358.102],[5675499.194,6434357.04],[5675500.055,6434355.996],[5675500.986,6434354.846],[5675502.068,6434353.529],[5675503.219,6434352.107],[5675504.275,6434350.802],[5675505.237,6434349.613],[5675506.141,6434348.475],[5675506.944,6434347.464],[5675507.652,6434346.409],[5675508.281,6434345.353],[5675508.747,6434344.199],[5675509.14,6434343.276],[5675509.488,6434342.606],[5675509.788,6434342.076],[5675510.027,6434341.721],[5675510.253,6434341.323],[5675510.417,6434340.94],[5675510.553,6434340.534],[5675510.637,6434340.07],[5675510.726,6434339.562],[5675510.789,6434338.887],[5675510.829,6434338.339]]}},{"type":"Feature","properties":{},"geometry":{"type":"LineString","coordinates":[[5675510.829,6434338.339],[5675510.811,6434337.824],[5675510.747,6434337.305],[5675510.613,6434336.794],[5675510.411,6434336.147],[5675510.209,6434335.419],[5675509.837,6434334.764],[5675509.494,6434334.131],[5675509.163,6434333.605],[5675508.847,6434332.979],[5675508.579,6434332.553],[5675508.459,6434332.343],[5675508.394,6434332.144],[5675508.454,6434331.951],[5675508.523,6434331.507],[5675508.579,6434330.86],[5675508.675,6434330.244],[5675508.736,6434330.068],[5675509.079,6434330.023],[5675509.659,6434329.864],[5675510.103,6434330.013],[5675510.469,6434330.277],[5675510.768,6434330.326],[5675511.157,6434330.205],[5675511.691,6434329.863],[5675512.326,6434329.297],[5675513.058,6434328.374],[5675513.713,6434327.404],[5675514.187,6434326.321],[5675514.641,6434325.221],[5675514.983,6434324.321],[5675515,6434323.642],[5675514.611,6434323.246],[5675513.997,6434322.75],[5675513.146,6434322.029],[5675512.394,6434321.324],[5675511.798,6434320.486],[5675511.581,6434319.859],[5675511.741,6434319.521],[5675511.865,6434319.428],[5675512.062,6434319.443],[5675512.562,6434319.444],[5675513.459,6434319.251],[5675514.679,6434319.158],[5675516.106,6434319.088],[5675517.637,6434318.989],[5675519.131,6434318.876],[5675520.827,6434318.732],[5675522.452,6434318.677],[5675524,6434318.656],[5675525.667,6434318.828],[5675527.453,6434319.29],[5675529.279,6434319.704],[5675531.031,6434319.929],[5675532.705,6434319.913],[5675534.29,6434319.648],[5675535.124,6434319.343],[5675536.251,6434318.639],[5675536.874,6434318.208],[5675537.512,6434317.838],[5675538.417,6434317.297],[5675539.606,6434316.743],[5675540.772,6434316.22],[5675541.588,6434315.848],[5675542.196,6434315.615],[5675542.973,6434315.292],[5675544.061,6434314.964],[5675545.168,6434314.811],[5675546.382,6434314.666],[5675547.758,6434314.699],[5675549.243,6434314.756],[5675550.541,6434314.726],[5675551.991,6434314.867],[5675553.573,6434315.164],[5675554.932,6434315.716],[5675556.235,6434316.416],[5675557.505,6434317.137],[5675558.76,6434317.798],[5675560.019,6434318.494],[5675561.222,6434319.338],[5675562.323,6434320.229],[5675563.338,6434321.067],[5675564.382,6434321.928],[5675565.443,6434322.868],[5675566.619,6434323.964],[5675567.787,6434325.151],[5675569.008,6434326.332],[5675570.258,6434327.715],[5675571.43,6434329.276],[5675572.326,6434330.678],[5675573.023,6434331.71],[5675573.424,6434332.55],[5675573.642,6434333.436],[5675573.824,6434334.406],[5675573.883,6434335.389],[5675573.839,6434336.4],[5675573.737,6434337.462],[5675573.496,6434338.557],[5675573.182,6434339.722],[5675572.845,6434340.836],[5675572.502,6434341.897],[5675572.123,6434342.863],[5675571.702,6434343.941],[5675571.333,6434344.836],[5675571.021,6434345.679],[5675570.774,6434346.463],[5675570.616,6434347.335],[5675570.523,6434348.227],[5675570.545,6434348.938],[5675570.642,6434349.435],[5675570.799,6434349.998],[5675571.128,6434350.667],[5675571.618,6434351.337],[5675572.223,6434352.004],[5675572.914,6434352.564],[5675573.666,6434353.189],[5675574.553,6434353.906],[5675575.254,6434354.474],[5675575.847,6434354.937],[5675576.431,6434355.41],[5675577.14,6434355.968],[5675577.91,6434356.591],[5675578.728,6434357.253],[5675579.545,6434357.897],[5675580.246,6434358.465],[5675580.743,6434358.867],[5675581.347,6434359.356],[5675582.127,6434359.987],[5675582.957,6434360.674],[5675583.989,6434361.51],[5675585.084,6434362.428],[5675586.101,6434363.283],[5675586.95,6434364.067],[5675587.485,6434364.92],[5675587.902,6434366.079],[5675588.354,6434367.412],[5675588.884,6434368.631],[5675589.352,6434369.864],[5675589.895,6434371.126],[5675590.443,6434372.521],[5675591.044,6434373.99],[5675591.548,6434375.22],[5675592.026,6434376.462],[5675592.626,6434377.753],[5675593.423,6434378.979],[5675594.425,6434380.112],[5675595.523,6434381.065],[5675596.702,6434382.019],[5675597.912,6434383.014],[5675599.099,6434383.958],[5675600.219,6434384.865],[5675601.232,6434385.685],[5675602.275,6434386.528],[5675603.339,6434387.405],[5675604.458,6434388.392],[5675605.277,6434389.313],[5675605.736,6434390.2],[5675606.062,6434391.093],[5675606.432,6434392.069],[5675606.929,6434393.149],[5675607.596,6434394.237],[5675608.197,6434395.287],[5675608.878,6434396.338],[5675609.61,6434397.446],[5675610.281,6434398.489],[5675610.904,6434399.493],[5675611.368,6434400.513],[5675611.642,6434401.509],[5675611.785,6434402.349],[5675611.716,6434403.052],[5675611.493,6434403.806],[5675611.034,6434404.692],[5675610.465,6434405.634],[5675610.006,6434406.52],[5675609.645,6434407.244],[5675609.322,6434407.982],[5675608.816,6434408.927],[5675608.307,6434410.014],[5675607.946,6434411.157],[5675607.736,6434412.373],[5675607.741,6434413.522],[5675607.998,6434414.36],[5675608.377,6434414.988],[5675608.851,6434415.597],[5675609.481,6434416.333],[5675610.337,6434417.187],[5675611.258,6434418.061],[5675612.255,6434418.981],[5675613.277,6434419.969],[5675614.215,6434420.922],[5675615.034,6434421.923],[5675615.745,6434423.095],[5675616.454,6434424.411],[5675617.069,6434425.763],[5675617.509,6434426.973],[5675617.657,6434428.124],[5675617.575,6434429.122],[5675617.289,6434430.132],[5675616.939,6434431.123],[5675616.539,6434432.056],[5675616.12,6434432.813],[5675615.705,6434433.445],[5675615.243,6434434.135],[5675614.712,6434435.011],[5675614.011,6434436.056],[5675613.337,6434437.188],[5675612.665,6434438.337],[5675612.085,6434439.512],[5675611.758,6434440.633],[5675611.668,6434441.721],[5675611.692,6434442.966],[5675611.804,6434444.282],[5675612.077,6434445.599],[5675612.563,6434446.831],[5675613.269,6434447.95],[5675614.081,6434448.72],[5675614.818,6434449.204],[5675615.679,6434449.594],[5675616.669,6434449.766],[5675617.876,6434449.728],[5675619.297,6434449.507],[5675620.637,6434449.285],[5675621.761,6434449.131],[5675622.735,6434449.242],[5675623.695,6434449.729],[5675624.679,6434450.525],[5675625.708,6434451.406],[5675626.736,6434452.287],[5675627.433,6434452.98],[5675627.9,6434453.438],[5675628.336,6434453.856],[5675628.923,6434454.266],[5675629.628,6434454.611],[5675630.275,6434454.747],[5675630.958,6434454.72],[5675631.694,6434454.687],[5675632.321,6434454.63],[5675632.943,6434454.359],[5675633.585,6434454.024],[5675634.399,6434453.635],[5675635.12,6434453.622],[5675635.675,6434453.991],[5675636.384,6434454.629],[5675637.257,6434455.383],[5675638.428,6434456.347],[5675639.678,6434457.391],[5675640.935,6434458.408],[5675642.047,6434459.405],[5675642.958,6434460.271],[5675643.687,6434460.925],[5675643.992,6434461.365],[5675644.076,6434461.74],[5675644.113,6434462.012],[5675644.171,6434462.22],[5675644.272,6434462.592],[5675644.344,6434463.101],[5675644.445,6434463.973],[5675644.648,6434465.056],[5675645.096,6434466.177],[5675645.724,6434467.233],[5675646.404,6434468.106],[5675647.142,6434468.848],[5675647.97,6434469.518],[5675648.872,6434470.216],[5675649.958,6434470.966],[5675651.166,6434471.685],[5675652.34,6434472.426],[5675653.418,6434473.185],[5675654.493,6434474.088],[5675655.592,6434475.041],[5675656.567,6434476.008],[5675657.357,6434476.905],[5675658.116,6434477.938],[5675658.855,6434479.117],[5675659.581,6434480.591],[5675660.327,6434482.259],[5675660.965,6434484],[5675661.597,6434485.591],[5675662.107,6434487.132],[5675662.437,6434488.657],[5675662.427,6434490.004],[5675662.277,6434491.285],[5675662.045,6434492.548],[5675661.784,6434493.707],[5675661.458,6434494.668],[5675661.064,6434495.672],[5675660.519,6434496.924],[5675660.005,6434498.136],[5675659.525,6434499.408],[5675659.138,6434500.723],[5675658.81,6434501.844],[5675658.498,6434502.768],[5675658.11,6434503.567],[5675657.792,6434504.358],[5675657.467,6434505.158],[5675657.271,6434505.838],[5675657.123,6434506.38],[5675656.944,6434506.96],[5675656.738,6434507.632],[5675656.491,6434508.416],[5675656.193,6434509.303],[5675655.894,6434510.27],[5675655.609,6434511.12],[5675655.231,6434511.926],[5675654.705,6434512.854],[5675654.057,6434513.974],[5675653.522,6434515.073],[5675653.16,6434516.038],[5675653.059,6434516.762],[5675653.209,6434517.174],[5675653.551,6434517.547],[5675653.995,6434517.955],[5675654.476,6434518.377],[5675655.061,6434518.85],[5675655.745,6434519.419],[5675656.631,6434520.137],[5675657.635,6434520.949],[5675658.706,6434521.816],[5675659.749,6434522.659],[5675660.635,6434523.377],[5675661.494,6434524.088],[5675662.287,6434524.762],[5675663.072,6434525.445],[5675663.906,6434526.168],[5675664.914,6434527.114],[5675665.971,6434528.178],[5675666.783,6434529.028],[5675667.318,6434529.881],[5675667.632,6434530.748],[5675667.797,6434531.461],[5675667.761,6434532.142],[5675667.621,6434532.754],[5675667.495,6434533.507],[5675667.408,6434534.532],[5675667.409,6434535.726],[5675667.431,6434536.953],[5675667.405,6434538.061],[5675667.395,6434539.229],[5675667.294,6434540.55],[5675667.128,6434541.851],[5675666.955,6434543],[5675666.555,6434544.192],[5675665.915,6434545.48],[5675665.18,6434546.788],[5675664.471,6434548.003],[5675663.731,6434549.017],[5675662.875,6434550.114],[5675662.04,6434551.146],[5675661.188,6434552.199],[5675660.449,6434553.132],[5675659.601,6434554.219],[5675658.76,6434555.279],[5675658.028,6434556.283],[5675657.394,6434557.286],[5675656.837,6434558.253],[5675656.345,6434559.259],[5675655.754,6434560.328],[5675655.102,6434561.413],[5675654.55,6434562.513],[5675654.037,6434563.565],[5675653.464,6434564.633],[5675652.996,6434565.609],[5675652.598,6434566.48],[5675652.309,6434567.116],[5675652.109,6434567.502],[5675651.915,6434567.781],[5675651.722,6434568.06],[5675651.497,6434568.378],[5675651.144,6434568.914],[5675650.78,6434569.523],[5675650.408,6434570.221],[5675650.148,6434570.881],[5675649.955,6434571.419],[5675649.711,6434572.14],[5675649.375,6434573.271],[5675648.99,6434574.684],[5675648.663,6434576.064],[5675648.263,6434577.594],[5675647.751,6434579.163],[5675647.274,6434580.55],[5675646.688,6434581.752],[5675646.042,6434582.81],[5675645.392,6434583.832],[5675644.833,6434584.782],[5675644.393,6434585.683],[5675644.076,6434586.394],[5675643.861,6434586.978],[5675643.682,6434587.478],[5675643.557,6434587.892],[5675643.553,6434588.196],[5675643.526,6434588.528],[5675643.506,6434588.851],[5675643.461,6434589.186],[5675643.308,6434589.674],[5675643.093,6434590.258],[5675642.813,6434590.983],[5675642.48,6434591.713],[5675642.172,6434592.333],[5675641.817,6434593.03],[5675641.404,6434593.84],[5675641.002,6434594.595],[5675640.658,6434595.22],[5675640.467,6434595.516],[5675640.328,6434595.727],[5675639.92,6434596.331],[5675639.53,6434597.032],[5675639.111,6434597.789],[5675638.715,6434598.597],[5675638.333,6434599.368],[5675637.953,6434600.156],[5675637.515,6434601.076],[5675637.078,6434601.995],[5675636.702,6434602.917],[5675636.373,6434603.763],[5675636.104,6434604.513],[5675635.866,6434605.206],[5675635.579,6434606.038],[5675635.404,6434606.912],[5675635.437,6434607.729],[5675635.516,6434608.567],[5675635.699,6434609.376],[5675636.082,6434610.298],[5675636.609,6434611.161],[5675637.128,6434611.774],[5675637.551,6434612.148],[5675638.003,6434612.546],[5675638.646,6434613.067],[5675639.425,6434613.697],[5675640.38,6434614.47],[5675641.461,6434615.345],[5675642.543,6434616.22],[5675643.47,6434616.987],[5675644.368,6434617.73],[5675645.226,6434618.423],[5675646.065,6434619.119],[5675646.809,6434619.753],[5675647.329,6434620.206],[5675647.709,6434620.594],[5675648.026,6434620.98],[5675648.247,6434621.304],[5675648.515,6434621.73],[5675648.773,6434622.148],[5675648.997,6434622.588],[5675649.187,6434623.29],[5675649.286,6434624.224],[5675649.222,6434625.398],[5675648.945,6434626.657],[5675648.635,6434627.857],[5675648.343,6434629.055],[5675648.164,6434630.152],[5675648.064,6434631.312],[5675647.984,6434632.586],[5675647.874,6434634.157],[5675647.73,6434635.669],[5675647.614,6434636.929],[5675647.554,6434638.138],[5675647.61,6434639.683],[5675647.705,6434641.179],[5675647.891,6434642.603],[5675648.246,6434643.857],[5675648.781,6434644.79],[5675649.519,6434645.532],[5675650.24,6434646.115],[5675650.871,6434646.53],[5675651.455,6434646.905],[5675652.124,6434647.334],[5675652.986,6434647.742],[5675654.115,6434648.139],[5675655.388,6434648.46],[5675656.792,6434648.677],[5675658.103,6434648.77],[5675659.456,6434648.672],[5675660.818,6434648.404],[5675662.073,6434648.227],[5675663.453,6434647.957],[5675664.925,6434647.552],[5675666.45,6434647.062],[5675667.878,6434646.572],[5675669.222,6434646.048],[5675670.377,6434645.596],[5675671.269,6434645.012],[5675671.971,6434644.323],[5675672.576,6434643.716],[5675673.131,6434643.069],[5675673.75,6434642.344],[5675674.302,6434641.662],[5675674.775,6434641.078],[5675675.384,6434640.345],[5675676.262,6434639.299],[5675677.251,6434638.197],[5675678.312,6434637.105]]}},{"type":"Feature","properties":{},"geometry":{"type":"LineString","coordinates":[[5675522.441,6432962.071],[5675524.09,6432959.697],[5675524.792,6432959.024],[5675525.583,6432958.361],[5675526.484,6432957.821],[5675527.4,6432957.342],[5675528.401,6432956.819],[5675529.541,6432956.265],[5675530.726,6432955.814],[5675531.96,6432955.402],[5675533.278,6432954.947],[5675534.934,6432954.202],[5675536.504,6432953.397],[5675538.566,6432951.3],[5675539.074,6432950.842],[5675539.665,6432950.323],[5675540.372,6432949.703],[5675541.348,6432949.112],[5675542.538,6432948.713],[5675543.785,6432948.345],[5675544.934,6432947.879],[5675546.112,6432947.259],[5675547.42,6432946.6],[5675548.731,6432945.977],[5675549.512,6432945.386],[5675549.853,6432944.579],[5675549.758,6432943.395],[5675549.41,6432941.986],[5675548.814,6432940.405],[5675548.056,6432938.804],[5675547.175,6432937.41],[5675546.115,6432936.193],[5675544.869,6432934.986],[5675543.713,6432933.69],[5675542.632,6432932.44],[5675541.558,6432931.162],[5675540.463,6432929.949],[5675539.384,6432928.717],[5675538.362,6432927.711],[5675537.245,6432926.74],[5675536.079,6432925.712],[5675534.721,6432924.542],[5675533.355,6432923.381],[5675531.96,6432922.939],[5675531.572,6432922.51],[5675530.799,6432921.595],[5675530.184,6432920.844],[5675529.67,6432920.305],[5675529.235,6432919.946],[5675526.049,6432917.722],[5675526.019,6432917.681]]}},{"type":"Feature","properties":{},"geometry":{"type":"LineString","coordinates":[[5676086.458,6433381.425],[5676082.856,6433380.905],[5676082.685,6433380.766],[5676082.159,6433380.41],[5676081.587,6433379.981],[5676081.181,6433379.652],[5676080.882,6433379.41],[5676080.582,6433379.167],[5676080.112,6433378.786],[5676079.493,6433378.284],[5676078.724,6433377.66],[5676077.805,6433376.915],[5676077.07,6433376.249],[5676076.516,6433375.622],[5676076.108,6433374.902],[5676075.561,6433373.786],[5676074.992,6433372.262],[5676074.486,6433370.789],[5676074.034,6433369.644],[5676073.787,6433368.594],[5676073.708,6433367.468],[5676073.775,6433366.424],[5676073.797,6433365.698],[5676073.765,6433365.389],[5676073.822,6433365.187],[5676073.974,6433364.956],[5676074.182,6433364.7],[5676074.372,6433364.465],[5676074.528,6433364.273],[5676074.754,6433363.995],[5676074.979,6433363.717],[5676075.225,6433363.457],[5676075.523,6433363.308],[5676075.85,6433363.255],[5676076.417,6433363.254],[5676077.305,6433363.337],[5676078.214,6433363.614],[5676078.951,6433363.928],[5676079.725,6433364.414],[5676080.516,6433365.055],[5676081.413,6433365.783],[5676082.332,6433366.528],[5676083.264,6433367.212],[5676084.552,6433367.938],[5676086.073,6433368.64],[5676087.611,6433369.144],[5676089.143,6433369.394],[5676090.89,6433369.642],[5676092.62,6433369.911],[5676094.118,6433370.028],[5676095.498,6433369.943],[5676096.518,6433369.602],[5676097.273,6433369.151],[5676097.916,6433368.576],[5676098.436,6433367.935],[5676099.042,6433367.187],[5676099.701,6433366.375],[5676100.359,6433365.563],[5676100.913,6433364.879],[5676101.186,6433363.932],[5676101.259,6433362.575],[5676101.032,6433361.151],[5676100.687,6433360.092],[5676100.053,6433359.083],[5676099.197,6433357.999],[5676097.916,6433356.784],[5676096.481,6433355.584],[5676095.412,6433354.718],[5676094.741,6433354.28],[5676093.896,6433354.055],[5676093.003,6433353.933],[5676091.93,6433353.772],[5676091.016,6433353.633],[5676090.18,6433353.485],[5676089.498,6433353.322],[5676088.876,6433353.172],[5676088.164,6433352.914],[5676087.294,6433352.633],[5676086.321,6433352.305],[5676085.367,6433351.779],[5676084.011,6433350.786],[5676082.644,6433349.677],[5676081.533,6433348.777],[5676080.614,6433348.032],[5676079.816,6433347.313],[5676079.189,6433346.557],[5676078.585,6433345.643],[5676077.907,6433344.208],[5676077.009,6433342.346],[5676076.109,6433340.661],[5676075.28,6433339.281],[5676074.545,6433338.047],[5676073.789,6433336.797],[5676073.087,6433335.697],[5676072.266,6433334.57],[5676071.46,6433333.598],[5676070.637,6433332.648],[5676069.87,6433331.672],[5676069.22,6433330.684],[5676068.685,6433329.684],[5676068.335,6433328.586],[5676068.081,6433327.459],[5676067.809,6433326.353],[5676067.7,6433325.308],[5676067.612,6433324.281],[5676067.456,6433323.163],[5676067.24,6433322.032],[5676067.126,6433321.125],[5676067.05,6433320.214],[5676066.915,6433319.113],[5676066.89,6433317.747],[5676066.926,6433316.218],[5676066.827,6433314.898],[5676066.762,6433313.712],[5676066.705,6433312.604],[5676066.694,6433311.568],[5676066.788,6433310.405],[5676066.847,6433309.284],[5676066.916,6433308.455],[5676066.959,6433307.923],[5676067.006,6433307.253],[5676067.069,6433306.171],[5676067.008,6433305.024],[5676066.902,6433304.018],[5676066.799,6433303.403],[5676066.759,6433303.016],[5676066.77,6433302.565],[5676066.864,6433301.968],[5676067.024,6433301.248],[5676067.239,6433300.502],[5676067.436,6433299.953],[5676067.689,6433299.379],[5676068.01,6433298.896],[5676068.512,6433298.276],[5676069.015,6433297.657],[5676069.309,6433297.293],[5676069.604,6433296.93],[5676070.092,6433296.547],[5676070.806,6433296.277],[5676071.903,6433296.103],[5676073.101,6433296.154],[5676074.23,6433296.29],[5676075.251,6433296.516],[5676076.284,6433296.858],[5676077.373,6433297.174],[5676078.398,6433297.439],[5676079.642,6433297.739],[5676080.972,6433297.932],[5676082.213,6433298.018],[5676083.334,6433298.077],[5676084.168,6433298.009],[5676084.955,6433297.868],[5676085.759,6433297.706],[5676086.774,6433297.502],[5676087.747,6433297.264],[5676088.616,6433296.977],[5676089.387,6433296.682],[5676089.797,6433296.482],[5676090.154,6433296.347],[5676090.68,6433296.136],[5676091.489,6433295.836],[5676092.488,6433295.478],[5676093.396,6433295.187],[5676094.227,6433294.905],[5676095.02,6433294.626],[5676095.98,6433294.272],[5676097.052,6433293.867],[5676098.291,6433293.561],[5676099.134,6433293.395],[5676099.763,6433293.231],[5676100.64,6433293.022],[5676101.707,6433292.754],[5676102.74,6433292.529],[5676103.656,6433292.316],[5676104.642,6433292.017],[5676105.813,6433291.621],[5676107.191,6433291.145],[5676107.347,6433290.953],[5676107.567,6433290.812],[5676107.877,6433290.604],[5676108.356,6433290.319],[5676109.016,6433289.898],[5676109.912,6433289.492],[5676110.821,6433289.201],[5676111.401,6433289.141],[5676111.861,6433289.053],[5676112.463,6433289.01],[5676113.198,6433288.933],[5676113.946,6433288.796],[5676114.807,6433288.609],[5676115.804,6433288.426],[5676116.617,6433288.341],[5676117.029,6433288.357],[5676117.304,6433288.367],[5676117.772,6433288.358],[5676118.395,6433288.332],[5676119.1,6433288.336],[5676119.779,6433288.285],[5676120.458,6433288.233],[5676121.158,6433288.199],[5676121.764,6433288.195],[5676122.275,6433288.219],[5676123.001,6433288.241],[5676123.92,6433288.243],[5676124.762,6433288.253],[5676125.467,6433288.258],[5676126.146,6433288.206],[5676126.627,6433288.136],[5676126.993,6433288.078],[5676127.376,6433287.999],[5676127.789,6433287.839],[5676128.082,6433287.652],[5676128.238,6433287.459],[5676128.446,6433287.203],[5676128.671,6433286.925],[5676128.897,6433286.648],[5676129.07,6433286.434],[5676129.191,6433286.284],[5676129.274,6433286.139],[5676129.279,6433286.001],[5676129.316,6433285.606],[5676129.273,6433285.005],[5676129.221,6433284.326],[5676129.152,6433283.668],[5676129.04,6433283.152],[5676128.887,6433282.816],[5676128.718,6433282.501],[5676128.48,6433282.096],[5676128.259,6433281.669],[5676128.026,6433281.126],[5676127.712,6433280.553],[5676127.53,6433280.122],[5676127.438,6433279.799],[5676127.424,6433279.292],[5676127.45,6433278.605],[5676127.531,6433278.069],[5676127.663,6433277.644],[5676127.945,6433277.165],[5676128.378,6433276.631],[5676128.898,6433275.99],[5676129.331,6433275.456],[5676129.677,6433275.028],[5676130.024,6433274.601],[5676130.897,6433273.786],[5676131.139,6433273.487],[5676131.347,6433273.231],[5676131.451,6433273.103],[5676131.659,6433272.846],[5676131.78,6433272.697],[5676131.888,6433272.607],[5676132.126,6433272.445],[5676132.328,6433272.326],[5676132.492,6433272.212],[5676132.678,6433272.114],[5676132.828,6433272.059],[5676133.25,6433271.976],[5676133.83,6433271.915],[5676134.41,6433271.855],[5676134.625,6433271.852],[5676135.016,6433271.85],[5676135.651,6433271.94],[5676136.17,6433272.042],[5676136.608,6433272.114],[5676137.042,6433272.147],[5676137.475,6433272.18],[5676137.913,6433272.251],[5676138.57,6433272.359],[5676139.312,6433272.535],[5676139.895,6433272.69],[5676140.457,6433272.826],[5676141.117,6433272.973],[5676141.795,6433273.097],[5676142.576,6433273.27],[5676143.343,6433273.503],[5676143.991,6433273.709],[5676144.681,6433273.949],[5676145.607,6433274.205],[5676146.636,6433274.508],[5676147.498,6433274.711],[5676148.364,6433274.953],[5676149.277,6433275.268],[5676150.082,6433275.673],[5676150.942,6433276.229],[5676151.724,6433276.792],[5676152.691,6433277.434],[5676153.696,6433278.072],[5676154.552,6433278.589],[5676155.412,6433279.145],[5676156.194,6433279.708],[5676156.895,6433280.241],[5676157.451,6433280.692],[5676158.049,6433281.177],[5676158.754,6433281.748],[5676159.417,6433282.285],[5676166.963,6433290.483]]}},{"type":"Feature","properties":{},"geometry":{"type":"LineString","coordinates":[[5676011.541,6434153.035],[5676011.462,6434153.98],[5676011.023,6434155.173],[5676010.343,6434156.517],[5676009.479,6434157.943],[5676008.469,6434159.404],[5676007.329,6434160.835],[5676006.18,6434162.181],[5676005.077,6434163.332],[5676004.103,6434164.278],[5676003.332,6434165.119],[5676002.614,6434165.849],[5676002.01,6434166.44],[5676001.43,6434167.05],[5676000.845,6434167.618],[5676000.127,6434168.347],[5675999.303,6434169.3],[5675998.326,6434170.438],[5675997.266,6434171.819],[5675996.126,6434173.25],[5675994.947,6434174.727],[5675993.951,6434175.889],[5675993.123,6434176.799],[5675992.515,6434177.348],[5675991.995,6434177.697],[5675991.451,6434178.026],[5675990.827,6434178.406],[5675990.261,6434178.716],[5675989.855,6434178.926],[5675989.529,6434179.085],[5675989.185,6434179.267],[5675989.066,6434179.364],[5675989.123,6434179.294]]}},{"type":"Feature","properties":{},"geometry":{"type":"LineString","coordinates":[[5675891.755,6433786.419],[5675891.972,6433786.675],[5675892.474,6433787.244],[5675893.115,6433787.928],[5675893.807,6433788.692],[5675894.54,6433789.453],[5675895.416,6433790.135],[5675896.498,6433790.755],[5675897.314,6433791.039],[5675897.813,6433790.905],[5675898.164,6433790.573],[5675898.526,6433790.134],[5675898.999,6433789.513],[5675899.434,6433788.938],[5675899.862,6433788.513],[5675900.317,6433788.15],[5675900.834,6433787.993],[5675901.518,6433788.013],[5675902.44,6433788.073],[5675903.467,6433788.336],[5675904.487,6433788.749],[5675905.508,6433789.396],[5675906.469,6433790.305],[5675907.043,6433791.4],[5675907.176,6433792.559],[5675907.322,6433793.845],[5675907.67,6433795.026],[5675908.175,6433796.064],[5675908.824,6433796.832],[5675909.588,6433797.462],[5675910.628,6433798.086],[5675911.833,6433798.651],[5675912.983,6433798.86],[5675914,6433798.805],[5675914.798,6433798.685],[5675915.445,6433798.985],[5675916.147,6433799.642],[5675916.956,6433800.736],[5675917.782,6433802.233],[5675918.463,6433803.765],[5675919.082,6433805.325],[5675919.992,6433806.813],[5675921.014,6433808.355],[5675922.248,6433809.877],[5675923.589,6433811.41],[5675925.002,6433812.808],[5675926.422,6433814.056],[5675927.899,6433815.234],[5675929.253,6433816.233],[5675930.389,6433816.975],[5675931.453,6433817.619],[5675932.373,6433818.105],[5675933.228,6433818.577],[5675934.06,6433819.029],[5675934.888,6433819.439],[5675935.746,6433819.719],[5675936.517,6433819.538],[5675937.181,6433818.686],[5675937.558,6433817.52],[5675937.668,6433816.444],[5675937.648,6433815.573],[5675937.247,6433814.738],[5675936.732,6433813.807],[5675936.366,6433812.884],[5675936.663,6433811.768],[5675937.355,6433810.551],[5675938.14,6433809.41],[5675938.941,6433808.438],[5675939.846,6433807.435],[5675940.802,6433806.746],[5675941.9,6433806.64],[5675943.048,6433807.275],[5675944.202,6433808.421],[5675945.403,6433809.605],[5675946.572,6433810.685],[5675947.873,6433811.795],[5675949.377,6433813.035],[5675951.128,6433814.401],[5675952.863,6433815.597],[5675954.592,6433816.517],[5675956.093,6433817.054],[5675957.445,6433817.158],[5675958.599,6433816.748],[5675959.765,6433815.805],[5675960.906,6433814.608],[5675961.879,6433813.428],[5675962.661,6433812.479],[5675963.202,6433811.681],[5675963.61,6433811.045],[5675964.059,6433810.405],[5675964.604,6433809.65],[5675965.213,6433808.675],[5675965.852,6433807.569],[5675966.511,6433806.44],[5675967.138,6433805.208],[5675967.856,6433803.818],[5675968.686,6433802.481],[5675969.604,6433801.178],[5675970.725,6433799.77],[5675972.001,6433798.411],[5675973.411,6433797.125],[5675974.737,6433796.08],[5675976.106,6433795.032],[5675977.465,6433794.092],[5675978.823,6433793.151],[5675979.955,6433792.296],[5675980.961,6433791.688],[5675981.92,6433791.468],[5675982.831,6433791.635],[5675983.786,6433792.033],[5675984.652,6433792.397],[5675985.27,6433792.402],[5675985.706,6433792.061],[5675986.273,6433791.09],[5675986.976,6433789.766],[5675987.66,6433788.464],[5675988.152,6433787.159],[5675988.444,6433785.768],[5675988.557,6433784.5],[5675988.631,6433783.278],[5675988.888,6433781.975],[5675989.464,6433780.428],[5675990.324,6433778.96],[5675991.255,6433778.018],[5675992.255,6433777.559],[5675993.281,6433777.588],[5675994.261,6433777.813],[5675995.323,6433778.222],[5675996.24,6433778.667],[5675997.141,6433779.176],[5675998.205,6433779.819],[5675999.226,6433780.467],[5676000.319,6433780.979],[5676001.415,6433781.3],[5676002.445,6433781.371],[5676003.447,6433781.381],[5676004.426,6433781.372],[5676005.421,6433781.297],[5676006.399,6433781.054],[5676007.334,6433780.814],[5676008.327,6433780.505],[5676009.354,6433780.108],[5676010.473,6433779.553],[5676011.494,6433778.879],[5676012.347,6433778.221],[5676013.175,6433777.311],[5676014.004,6433776.4],[5676014.855,6433775.508],[5676015.693,6433774.916],[5676016.29,6433774.475],[5676016.416,6433774.463],[5676016.378,6433774.509],[5676019.529,6433772.053],[5676019.935,6433771.844],[5676020.609,6433771.544],[5676021.541,6433771.263],[5676022.592,6433771.119],[5676023.77,6433770.963],[5676025.026,6433770.948],[5676025.971,6433771.027],[5676026.686,6433771.15],[5676027.336,6433771.258],[5676028.033,6433771.638],[5676029.152,6433772.638],[5676030.546,6433774.059],[5676031.999,6433775.645],[5676033.34,6433777.177],[5676034.572,6433778.465],[5676035.632,6433779.3],[5676036.688,6433779.859],[5676038.138,6433780.316],[5676039.875,6433780.659],[5676041.592,6433780.558],[5676043.304,6433779.754],[5676045.066,6433778.369],[5676046.418,6433776.918],[5676047.241,6433775.731],[5676047.574,6433774.761],[5676047.387,6433773.714],[5676046.67,6433772.462],[5676045.817,6433771.564],[5676044.726,6433770.86],[5676043.52,6433770.06],[5676042.27,6433769.03],[5676041.185,6433767.941],[5676039.988,6433766.799],[5676038.896,6433765.861],[5676037.989,6433765.075],[5676037.102,6433764.265],[5676036.464,6433763.624],[5676036.259,6433763.26],[5676036.308,6433763.106],[5676036.463,6433762.729],[5676036.947,6433762],[5676037.729,6433761.051],[5676038.706,6433759.913],[5676039.791,6433758.786],[5676040.788,6433757.859],[5676041.556,6433757.21],[5676042.192,6433756.956],[5676042.757,6433757.072],[5676043.459,6433757.495],[5676044.572,6433758.218],[5676046.095,6433759.201],[5676048.025,6433760.442],[5676050.183,6433761.832],[5676052.115,6433763.308],[5676053.993,6433764.661],[5676055.634,6433765.547],[5676056.881,6433766.108],[5676057.923,6433766.306],[5676058.944,6433766.293],[5676060.053,6433766.079],[5676060.934,6433765.717],[5676061.677,6433765.241],[5676062.35,6433764.707],[5676062.953,6433764.116],[5676063.572,6433763.46],[5676064.213,6433762.823],[5676064.798,6433762.255],[5676065.359,6433761.669],[5676065.95,6433760.951],[5676066.637,6433760.118],[5676067.515,6433759.053],[5676068.449,6433757.919],[5676069.407,6433756.804],[5676070.324,6433755.927],[5676071.23,6433755.158],[5676072.149,6433754.75],[5676072.984,6433755.01],[5676073.963,6433755.662],[5676074.659,6433756.468],[5676074.94,6433757.4],[5676074.962,6433758.506],[5676074.995,6433759.738],[5676075.059,6433760.84],[5676075.178,6433761.638],[5676075.427,6433762.232],[5676075.945,6433762.736],[5676076.34,6433763.294],[5676076.496,6433763.812],[5676076.261,6433764.474],[5676075.62,6433765.771],[5676074.884,6433767.419],[5676074.12,6433769.005],[5676073.357,6433770.592],[5676072.643,6433772.024],[5676072.06,6433773.487],[5676071.755,6433774.752],[5676071.684,6433775.781],[5676071.974,6433776.797],[5676072.66,6433777.946],[5676073.711,6433779.123],[5676074.825,6433779.846],[5676075.741,6433780.291],[5676076.629,6433780.439],[5676077.773,6433780.372],[5676078.943,6433780.131],[5676079.992,6433779.519],[5676080.805,6433778.673],[5676081.41,6433777.656],[5676081.919,6433776.52],[5676082.435,6433775.469],[5676082.948,6433774.376],[5676083.395,6433773.267],[5676083.903,6433772.132],[5676084.335,6433771.089],[5676084.748,6433770.069],[5676085.173,6433769.175],[5676085.738,6433768.397],[5676086.458,6433768.135],[5676087.361,6433768.219],[5676088.407,6433768.459],[5676089.315,6433768.819],[5676089.936,6433769.292],[5676090.423,6433769.926],[5676090.961,6433770.642],[5676091.489,6433771.699],[5676091.934,6433772.998],[5676092.436,6433774.228],[5676093.189,6433774.965],[5676094.247,6433775.332],[5676095.415,6433775.517],[5676096.568,6433775.534],[5676097.518,6433775.229],[5676098.247,6433774.392],[5676098.754,6433773.022],[5676099.138,6433771.472],[5676099.457,6433770.142],[5676099.739,6433769.092],[5676099.911,6433768.223],[5676100.109,6433767.181],[5676100.326,6433766.117],[5676100.488,6433764.929],[5676100.712,6433763.714],[5676100.913,6433762.48],[5676101.121,6433761.331],[5676101.311,6433760.205],[5676101.397,6433759.11],[5676101.504,6433758.226],[5676101.644,6433757.254],[5676101.827,6433756.277],[5676102.014,6433755.343],[5676102.216,6433754.344],[5676102.41,6433753.26],[5676102.576,6433752.114],[5676102.738,6433750.693],[5676102.956,6433749.201],[5676103.228,6433747.598],[5676103.579,6433745.945],[5676104.013,6433744.476],[5676104.474,6433743.068],[5676104.928,6433741.81],[5676105.293,6433740.517],[5676105.716,6433739.156],[5676106.128,6433737.901],[5676106.554,6433736.582],[5676106.97,6433735.37],[5676107.351,6433734.012],[5676107.673,6433732.49],[5676107.965,6433731.098],[5676108.195,6433729.734],[5676108.35,6433728.462],[5676108.481,6433727.171],[5676108.627,6433725.814],[5676108.788,6433724.392],[5676108.839,6433723.152],[5676108.947,6433721.842],[5676109.085,6433720.401],[5676109.189,6433719.048],[5676109.297,6433717.738],[5676109.431,6433716.255],[5676109.549,6433714.603],[5676109.643,6433712.932],[5676109.638,6433711.335],[5676109.559,6433710.064],[5676109.468,6433708.901],[5676109.373,6433707.696],[5676109.248,6433706.621],[5676109.18,6433705.477],[5676109.009,6433704.364],[5676108.891,6433703.14],[5676108.718,6433701.793],[5676108.579,6433700.123],[5676108.385,6433698.331],[5676108.125,6433696.524],[5676107.817,6433694.87],[5676107.485,6433693.198],[5676107.153,6433691.525],[5676106.791,6433689.983],[5676106.499,6433688.499],[5676106.101,6433687.238],[5676105.729,6433686.038],[5676105.249,6433684.592],[5676104.714,6433683.025],[5676104.133,6433681.419],[5676103.653,6433679.974],[5676103.178,6433678.805],[5676102.75,6433677.675],[5676102.329,6433676.628],[5676101.861,6433675.31],[5676101.328,6433673.976],[5676100.83,6433672.789],[5676100.386,6433671.724],[5676099.955,6433670.785],[5676099.557,6433669.758],[5676099.009,6433668.49],[5676098.49,6433667.091],[5676097.93,6433665.696],[5676097.35,6433664.325],[5676096.783,6433663.08],[5676096.189,6433662.008],[5676095.682,6433661.162],[5676095.275,6433660.477],[5676095.088,6433660.09],[5676095.026,6433659.883],[5676094.993,6433659.545],[5676094.98,6433659.184],[5676094.981,6433658.758],[5676095.04,6433658.262],[5676095.21,6433657.82],[5676095.615,6433657.376],[5676096.318,6433656.711],[5676097.135,6433655.908],[5676097.972,6433655.082],[5676098.762,6433654.217],[5676099.514,6433653.399],[5676100.105,6433652.681],[5676100.451,6433652.073],[5676100.686,6433651.411],[5676100.79,6433650.719],[5676100.936,6433650.023],[5676101.073,6433649.243],[5676101.18,6433648.359],[5676101.112,6433647.215],[5676100.887,6433645.98],[5676100.646,6433644.81],[5676100.407,6433643.874],[5676100.226,6433643.103],[5676100.069,6433642.586],[5676098.864,6433637.823],[5676098.847,6433637.42],[5676098.871,6433637.012],[5676098.974,6433636.747],[5676099.173,6433636.6],[5676099.72,6433636.313],[5676100.272,6433636.068],[5676100.674,6433635.816],[5676100.933,6433635.407],[5676100.994,6433634.72],[5676100.894,6433633.898],[5676100.793,6433633.077],[5676100.708,6433632.191],[5676100.84,6433631.134],[5676100.988,6433630.012],[5676101.256,6433628.601],[5676101.532,6433627.04],[5676101.85,6433625.475],[5676102.195,6433623.972],[5676102.563,6433622.488],[5676102.997,6433621.018],[5676103.407,6433619.53],[5676103.932,6433617.903],[5676104.576,6433616.179],[5676105.257,6433614.409],[5676105.886,6433612.75],[5676106.503,6433611.199],[5676107.129,6433609.732],[5676107.701,6433608.378],[5676108.282,6433607.107],[5676108.71,6433606.022],[5676109.062,6433605.029],[5676109.293,6433603.899],[5676109.418,6433602.758],[5676109.473,6433601.559],[5676109.489,6433600.407],[5676109.506,6433599.255],[5676109.569,6433598.141],[5676109.64,6433597.111],[5676109.876,6433596.023],[5676110.198,6433595.161],[5676110.667,6433594.498],[5676111.34,6433593.965],[5676112.036,6433593.45],[5676112.876,6433592.666],[5676113.777,6433591.62],[5676114.52,6433590.483],[5676115.112,6433589.339],[5676115.521,6433588.277],[5676115.751,6433587.339],[5676115.854,6433586.647],[5676115.855,6433585.987],[5676115.747,6433585.315],[5676115.697,6433584.574],[5676115.588,6433583.669],[5676115.491,6433582.655],[5676115.442,6433581.488],[5676115.398,6433580.363],[5676115.357,6433579.281],[5676115.378,6433578.171],[5676115.449,6433577.141],[5676115.556,6433576.257],[5676115.651,6433575.481],[5676115.635,6433574.652],[5676115.58,6433573.634],[5676115.488,6433572.237],[5676115.356,6433570.652],[5676115.278,6433568.955],[5676115.15,6433567.412],[5676115.092,6433565.926],[5676115.054,6433564.651],[5676115.013,6433563.334],[5676114.906,6433562.002],[5676114.756,6433560.674],[5676114.531,6433559.439],[5676114.37,6433558.219],[5676114.218,6433557.083],[5676114.156,6433556.655],[5676114.175,6433551.334],[5676115.59,6433536.493],[5676115.538,6433535.862],[5676115.504,6433534.395],[5676115.55,6433533.112],[5676115.649,6433532.144],[5676115.812,6433531.191],[5676116.04,6433530.018],[5676116.259,6433528.527],[5676116.457,6433526.825],[5676116.674,6433525.099],[5676116.88,6433523.482],[5676116.99,6433521.745],[5676117.207,6433520.02],[5676117.523,6433518.221],[5676117.84,6433516.422],[5676118.134,6433514.604],[5676118.431,6433512.828],[5676118.745,6433511.221],[5676119.202,6433509.771],[5676119.721,6433508.528],[5676120.337,6433507.403]]}},{"type":"Feature","properties":{},"geometry":{"type":"LineString","coordinates":[[5676120.337,6433507.403],[5676121.114,6433506.177],[5676122.144,6433504.928],[5676123.155,6433503.701],[5676124.235,6433502.531],[5676125.254,6433501.389],[5676126.296,6433500.266],[5676127.461,6433499.088],[5676128.569,6433497.98],[5676129.642,6433496.96],[5676130.644,6433496.075],[5676131.535,6433495.372],[5676132.464,6433494.622],[5676133.274,6433493.968],[5676133.939,6433493.35],[5676134.481,6433492.787],[5676135.127,6433492.192],[5676135.819,6433491.635],[5676136.5,6433491.186],[5676136.694,6433490.989]]}},{"type":"Feature","properties":{},"geometry":{"type":"LineString","coordinates":[[5676136.694,6433490.989],[5676136.733,6433490.95],[5676136.691,6433490.954],[5676136.694,6433490.989]]}},{"type":"Feature","properties":{},"geometry":{"type":"LineString","coordinates":[[5676136.694,6433490.989],[5676136.695,6433490.996],[5676140.698,6433486.988],[5676141.425,6433485.917],[5676142.233,6433484.795],[5676143.041,6433483.673],[5676143.909,6433482.29],[5676144.888,6433480.725],[5676145.922,6433478.857],[5676146.922,6433477.077],[5676147.673,6433475.364],[5676148.352,6433473.786],[5676148.874,6433472.351],[5676149.423,6433470.977],[5676150.034,6433469.576],[5676150.645,6433468.175],[5676151.297,6433466.769],[5676151.927,6433465.345],[5676152.599,6433463.917],[5676153.153,6433462.585],[5676153.634,6433461.388],[5676154.085,6433460.322],[5676154.544,6433459.34],[5676154.927,6433458.451],[5676155.314,6433457.604],[5676155.545,6433456.9],[5676155.771,6433456.154],[5676155.89,6433455.396],[5676155.882,6433454.651],[5676155.939,6433453.921],[5676156.05,6433453.08],[5676156.229,6433452.061],[5676156.407,6433451.043],[5676156.445,6433450.102],[5676156.355,6433449.173],[5676156.114,6433448.003],[5676155.827,6433446.795],[5676155.395,6433445.622],[5676154.729,6433444.685],[5676153.956,6433443.736],[5676153.083,6433442.862],[5676152.038,6433441.961],[5676150.631,6433441.074],[5676149.102,6433440.242],[5676147.511,6433439.436],[5676146.087,6433438.806],[5676144.882,6433438.241],[5676143.911,6433437.674],[5676142.802,6433436.993],[5676141.61,6433436.127],[5676140.322,6433435.144],[5676139.138,6433434.129],[5676137.98,6433433.175],[5676136.865,6433432.217],[5676135.67,6433431.31],[5676134.34,6433430.33],[5676133.11,6433429.511],[5676131.95,6433428.749],[5676130.844,6433428.11],[5676129.658,6433427.521],[5676128.3,6433426.907],[5676126.894,6433426.254],[5676125.569,6433425.551],[5676124.394,6433424.854],[5676123.357,6433424.038],[5676122.476,6433423.079],[5676121.614,6433422.097],[5676120.856,6433421.083],[5676120.009,6433420.036],[5676118.762,6433418.814],[5676117.165,6433417.498],[5676115.394,6433415.921],[5676113.692,6433414.402],[5676112.105,6433412.744],[5676110.517,6433411.086],[5676109.006,6433409.336],[5676107.661,6433407.761],[5676106.518,6433406.507],[5676105.683,6433405.586],[5676104.977,6433404.888],[5676104.417,6433404.388],[5676103.95,6433403.964],[5676103.406,6433403.398],[5676102.915,6433402.956],[5676102.518,6433402.589],[5676102.135,6433402.157],[5676101.606,6433401.527],[5676101.102,6433400.723],[5676100.601,6433399.727],[5676100.423,6433398.764],[5676100.583,6433397.769],[5676100.947,6433396.903],[5676101.35,6433396.225],[5676101.462,6433395.617],[5676101.416,6433394.919],[5676101.081,6433394.099],[5676100.508,6433393.238],[5676099.897,6433392.423],[5676099.22,6433391.593],[5676098.47,6433390.664],[5676097.769,6433389.581],[5676097.256,6433388.459],[5676096.99,6433387.462],[5676096.786,6433386.672],[5676096.372,6433386.137],[5676095.654,6433385.545],[5676094.671,6433384.852],[5676093.454,6433384.16],[5676092.306,6433383.525],[5676091.198,6433383.077],[5676090.217,6433382.852],[5676089.391,6433382.676],[5676088.564,6433382.5],[5676087.852,6433382.186],[5676087.201,6433381.844],[5676086.55,6433381.501],[5676086.462,6433381.467],[5676086.458,6433381.425]]}},{"type":"Feature","properties":{},"geometry":{"type":"LineString","coordinates":[[5676166.963,6433290.483],[5676167.097,6433290.555],[5676167.69,6433290.732],[5676168.651,6433290.981],[5676169.723,6433291.048],[5676170.759,6433290.969],[5676171.496,6433290.877],[5676172.134,6433290.858],[5676172.76,6433290.947],[5676173.513,6433291.023],[5676174.24,6433291.273],[5676174.803,6433291.581],[5676175.246,6433291.985],[5676175.599,6433292.548],[5676175.683,6433293.2],[5676175.564,6433293.957],[5676175.3,6433294.75],[5676175.074,6433295.496],[5676175.116,6433296.153],[5676175.622,6433296.764],[5676176.398,6433297.52],[5676177.339,6433298.218],[5676178.43,6433298.922],[5676179.724,6433299.756],[5676181.046,6433300.652],[5676182.272,6433301.428],[5676183.158,6433302.003],[5676183.691,6433302.442],[5676183.932,6433302.952],[5676184.104,6433303.638],[5676184.193,6433304.333],[5676184.258,6433305.008],[5676184.492,6433305.667],[5676184.919,6433306.564],[5676185.581,6433307.459],[5676186.476,6433308.352],[5676187.453,6433309.196],[5676188.544,6433310.134],[5676189.71,6433311.173],[5676190.956,6433312.16],[5676192.216,6433313.083],[5676193.416,6433314.032],[5676194.523,6433314.906],[5676195.514,6433315.684],[5676196.537,6433316.565],[5676197.532,6433317.386],[5676198.454,6433318.106],[5676199.329,6433318.789],[5676200.185,6433319.495],[5676201.111,6433320.258],[5676202.106,6433321.078],[5676203.125,6433321.917],[5676204.12,6433322.737],[5676205.162,6433323.596],[5676206.25,6433324.492],[5676207.291,6433325.351],[5676208.147,6433326.056],[5676208.869,6433326.69],[5676209.563,6433327.262],[5676210.369,6433327.888],[5676211.392,6433328.769],[5676212.538,6433329.83],[5676213.657,6433330.83],[5676214.665,6433331.777],[5676215.514,6433332.633],[5676216.256,6433333.477],[5676217.19,6433334.325],[5676218.367,6433335.256],[5676219.724,6433336.296],[5676221.178,6433337.456],[5676222.662,6433338.485],[5676224.043,6433339.545],[5676225.358,6433340.59],[5676226.534,6433341.52],[5676227.526,6433342.298],[5676228.378,6433342.962],[5676229.188,6433343.63],[5676230.064,6433344.312],[5676230.985,6433345.033],[5676231.964,6433345.684],[5676233.062,6433346.239],[5676234.154,6433346.517],[5676235.279,6433346.473],[5676236.495,6433346.27],[5676237.626,6433345.841],[5676238.71,6433345.375],[5676239.891,6433345.026],[5676240.83,6433344.829],[5676241.782,6433344.759],[5676242.824,6433344.957],[5676243.903,6433345.535],[5676245.14,6433346.438],[5676246.513,6433347.413],[5676247.821,6433348.608],[5676248.673,6433349.932],[5676248.949,6433351.248],[5676249.048,6433352.496],[5676249.289,6433353.666],[5676249.833,6433354.891],[5676250.669,6433356.047],[5676251.638,6433357.04],[5676252.771,6433357.74],[5676253.987,6433358.198],[5676255.19,6433358.295],[5676256.218,6433358.132],[5676257.146,6433357.808],[5676258.092,6433357.462],[5676258.794,6433357.223],[5676259.387,6433356.974],[5676259.981,6433356.725],[5676260.66,6433356.468],[5676261.56,6433356.083],[5676262.503,6433355.694],[5676263.449,6433355.347],[5676264.34,6433355.304],[5676265.156,6433355.587],[5676265.981,6433356.19],[5676266.675,6433356.762],[5676267.342,6433357.273],[5676267.967,6433357.788],[5676268.527,6433358.288],[5676268.951,6433358.716],[5676269.542,6433359.319],[5676270.249,6433360.018],[5676270.671,6433360.638],[5676270.8,6433361.094],[5676270.699,6433361.594],[5676270.591,6433362.243],[5676270.569,6433363.119],[5676270.758,6433363.974],[5676271.27,6433364.863],[5676272.058,6433365.745],[5676273.068,6433366.5],[5676274.188,6433366.84],[5676275.336,6433366.814],[5676276.441,6433366.559],[5676277.64,6433366.187],[5676278.819,6433366.031],[5676280.032,6433366.021],[5676281.395,6433366.017],[5676282.824,6433366.028],[5676284.276,6433366.059],[5676285.639,6433366.055],[5676286.871,6433366.022],[5676287.828,6433365.993],[5676288.461,6433365.932],[5676288.982,6433365.818],[5676289.561,6433365.634],[5676290.244,6433365.419],[5676291.049,6433365.15],[5676291.926,6433364.746],[5676292.856,6433364.23],[5676293.825,6433363.668],[5676294.758,6433362.96],[5676295.729,6433362.206],[5676296.766,6433361.467],[5676297.811,6433360.812],[5676298.906,6433360.238],[5676299.99,6433359.771],[5676301.11,6433359.45],[5676302.271,6433359.125],[5676303.518,6433358.792],[5676304.825,6433358.431],[5676306.202,6433358.128],[5676307.557,6433358.04],[5676308.863,6433358.106],[5676310.179,6433358.49],[5676310.304,6433358.533],[5676320.188,6433357.994],[5676320.928,6433357.944],[5676321.712,6433357.89],[5676322.41,6433357.844],[5676322.94,6433357.814],[5676323.4,6433357.727],[5676323.949,6433357.674],[5676324.636,6433357.501],[5676325.341,6433357.305],[5676325.985,6433357.137],[5676326.541,6433356.934],[5676327.112,6433356.666],[5676327.617,6433356.383],[5676328,6433356.154],[5676328.294,6433355.891],[5676328.589,6433355.629],[5676328.822,6433355.393],[5676329.331,6433355.203],[5676329.816,6433354.658],[5676330.384,6433353.921],[5676331.071,6433353.088],[5676331.734,6433352.236],[5676332.413,6433351.318],[5676333.149,6433350.331],[5676334.003,6433349.247],[5676334.865,6433348.248],[5676335.552,6433347.415],[5676336.105,6433346.744],[5676336.678,6433346.049],[5676337.246,6433345.313],[5676337.806,6433344.492],[5676338.4,6433343.582],[5676338.971,6433342.653],[5676339.519,6433341.706],[5676340.098,6433340.862],[5676340.731,6433340.14],[5676341.427,6433339.625],[5676342.171,6433339.383],[5676343.032,6433339.471],[5676343.613,6433339.756],[5676343.831,6433340.246],[5676343.987,6433340.764],[5676344.259,6433341.376],[5676344.569,6433341.709],[5676344.981,6433342.01],[5676345.686,6433342.475],[5676346.849,6433343.044],[5676348.215,6433343.509],[5676349.363,6433343.484],[5676350.375,6433343.152],[5676351.135,6433342.418],[5676351.983,6433341.484],[5676352.765,6433340.535],[5676353.431,6433339.491],[5676354.163,6433338.461],[5676354.926,6433337.536],[5676355.781,6433336.686],[5676356.765,6433336.059],[5676357.88,6433335.695],[5676359.147,6433335.573],[5676360.825,6433335.518],[5676362.41,6433335.386],[5676363.972,6433335.236],[5676365.565,6433334.954],[5676366.83,6433334.598],[5676367.646,6433334.221],[5676368.018,6433334.1],[5676368.05,6433334.086]]}},{"type":"Feature","properties":{},"geometry":{"type":"LineString","coordinates":[[5676368.05,6433334.086],[5676368.079,6433334.073],[5676368.041,6433334.119],[5676368.05,6433334.086]]}},{"type":"Feature","properties":{},"geometry":{"type":"LineString","coordinates":[[5676368.05,6433334.086],[5676369.657,6433328.338],[5676370.139,6433326.715],[5676370.886,6433324.96],[5676371.764,6433323.235],[5676372.592,6433321.663],[5676373.342,6433320.377],[5676374.169,6433319.232],[5676375.023,6433318.148],[5676375.901,6433317.083],[5676376.879,6433316.179],[5676377.901,6433315.505],[5676379.008,6433315.058],[5676380.355,6433314.885],[5676381.807,6433314.916],[5676383.282,6433314.965],[5676384.979,6433314.887],[5676386.439,6433314.341],[5676387.505,6433313.471],[5676388.414,6433312.51],[5676389.33,6433311.399],[5676390.328,6433310.046],[5676391.391,6433308.473],[5676392.419,6433306.755],[5676393.396,6433304.956],[5676394.324,6433303.311],[5676395.165,6433301.867],[5676396.048,6433300.418],[5676397.011,6433298.919],[5676398.247,6433297.372],[5676399.639,6433295.683],[5676400.92,6433293.94],[5676401.982,6433292.133],[5676402.798,6433290.435],[5676403.35,6433288.869],[5676403.585,6433287.547],[5676403.67,6433286.217],[5676403.708,6433284.85],[5676403.639,6433283.472],[5676403.448,6433282.148],[5676403.026,6433280.868],[5676402.49,6433279.726],[5676401.805,6433278.812],[5676401.06,6433278.16],[5676400.271,6433277.703],[5676399.346,6433277.174],[5676398.219,6433276.75],[5676397.026,6433276.311],[5676395.863,6433275.742],[5676394.825,6433274.926],[5676393.837,6433273.956],[5676393.086,6433272.792],[5676392.969,6433271.802],[5676393.39,6433270.867],[5676394.278,6433269.694],[5676395.251,6433268.514],[5676396.247,6433267.353],[5676397.186,6433266.261],[5676398.129,6433265.211],[5676398.987,6433264.169],[5676399.769,6433263.22],[5676400.632,6433262.221],[5676401.49,6433261.18],[5676402.31,6433260.184],[5676403.111,6433259.212],[5676403.817,6433258.356],[5676404.427,6433257.615],[5676405.023,6433256.94],[5676405.576,6433256.269],[5676406.072,6433255.667],[5676406.518,6433254.985],[5676406.786,6433254.234],[5676406.785,6433253.34],[5676406.573,6433252.465],[5676406.222,6433251.476],[5676405.77,6433250.327],[5676405.249,6433249.12],[5676404.673,6433247.79],[5676404.136,6433246.415],[5676403.394,6433244.91],[5676402.592,6433243.666],[5676401.746,6433242.618],[5676400.785,6433241.71],[5676399.84,6433240.97],[5676399.065,6433240.448],[5676398.334,6433240.156],[5676397.542,6433240.126],[5676396.449,6433240.274],[5676395.497,6433240.345],[5676394.725,6433240.291],[5676393.683,6433240.093],[5676392.655,6433239.596],[5676391.695,6433238.921],[5676390.75,6433238.182],[5676389.843,6433237.395],[5676388.886,6433236.529],[5676387.994,6433235.677],[5676387.229,6433234.814],[5676386.743,6433233.753],[5676386.755,6433232.324],[5676387.257,6433230.678],[5676387.844,6433229.257],[5676388.445,6433228.198],[5676389.12,6433227.238],[5676389.87,6433226.186],[5676390.613,6433225.049],[5676391.33,6433224.085],[5676391.676,6433223.476]]}},{"type":"Feature","properties":{},"geometry":{"type":"LineString","coordinates":[[5676391.676,6433223.476],[5676391.71,6433223.388],[5676391.676,6433223.476]]}},{"type":"Feature","properties":{},"geometry":{"type":"LineString","coordinates":[[5676391.676,6433223.476],[5676393.387,6433218.901],[5676393.293,6433217.93],[5676393.071,6433216.737],[5676392.915,6433215.558],[5676393.001,6433214.464],[5676393.507,6433213.52],[5676394.289,6433212.571],[5676395.217,6433211.587],[5676396.275,6433210.632],[5676397.279,6433209.555],[5676398.134,6433208.472],[5676398.965,6433207.369],[5676399.796,6433206.266],[5676400.577,6433205.083],[5676401.334,6433203.88],[5676401.896,6433202.633],[5676402.242,6433201.364],[5676402.354,6433200.096],[5676402.152,6433198.88],[5676401.943,6433197.813],[5676401.921,6433196.708],[5676402.076,6433195.436],[5676402.205,6433193.91],[5676402.211,6433192.205],[5676402.038,6433190.624],[5676401.718,6433189.078],[5676401.096,6433187.711],[5676400.226,6433186.644],[5676398.897,6433185.898],[5676397.291,6433185.585],[5676395.62,6433185.49],[5676394.045,6433185.514],[5676392.909,6433185.666],[5676391.885,6433185.872],[5676390.854,6433186.227],[5676389.655,6433186.832],[5676388.399,6433187.507],[5676387.028,6433188.087],[5676385.425,6433188.476],[5676383.913,6433188.707],[5676382.63,6433188.66],[5676381.443,6433188.498],[5676380.382,6433188.323],[5676379.378,6433188.079],[5676378.385,6433187.727],[5676377.522,6433187.171],[5676376.508,6433186.374],[5676375.466,6433185.516],[5676374.406,6433184.681],[5676373.31,6433183.7],[5676372.041,6433182.693],[5676370.751,6433181.475],[5676369.243,6433180.193],[5676367.553,6433178.8],[5676365.883,6433177.385],[5676364.355,6433176.126],[5676362.842,6433174.801],[5676361.457,6433173.465],[5676360.02,6433172.048],[5676358.765,6433170.741],[5676357.647,6433169.315],[5676356.918,6433167.937],[5676356.529,6433166.334],[5676356.286,6433164.695],[5676356.078,6433163.202],[5676355.905,6433161.855],[5676355.595,6433160.628],[5676355.235,6433159.321],[5676354.824,6433157.933],[5676354.486,6433156.41],[5676354.47,6433154.92],[5676354.638,6433153.349],[5676354.867,6433151.75],[5676355.173,6433150.058],[5676355.536,6433148.298],[5676355.825,6433146.437],[5676355.729,6433144.337],[5676355.718,6433142.229],[5676355.745,6433140.309],[5676355.798,6433138.642],[5676355.79,6433137.236],[5676355.71,6433135.966],[5676355.508,6433134.75],[5676355.267,6433133.58],[5676355.039,6433132.536],[5676354.861,6433131.573],[5676354.572,6433130.792],[5676353.961,6433129.977],[5676353.215,6433129.09],[5676352.577,6433128.214],[5676351.78,6433127.247],[5676350.83,6433126.231],[5676349.891,6433125.107],[5676349.078,6433123.971],[5676348.542,6433122.829],[5676348.39,6433121.693],[5676348.367,6433120.353],[5676348.384,6433119.201],[5676348.463,6433118.256],[5676348.617,6433117.644],[5676348.695,6433117.126],[5676348.773,6433116.607],[5676348.815,6433115.942],[5676348.892,6433115.189],[5676348.868,6433114.275],[5676348.778,6433113.346],[5676348.746,6433112.348],[5676348.697,6433111.181],[5676348.605,6433109.784],[5676348.413,6433108.46],[5676348.1,6433107.425],[5676347.585,6433106.494],[5676346.912,6433105.707],[5676346.332,6433104.996],[5676345.661,6433104.443],[5676345.086,6433104.008],[5676344.485,6433103.512],[5676344.009,6433103.004],[5676343.596,6433102.468],[5676343.178,6433101.891],[5676342.809,6433101.159],[5676342.504,6433100.209],[5676342.848,6433099.131],[5676343.437,6433097.945],[5676343.871,6433096.71],[5676343.789,6433095.632],[5676343.269,6433094.659],[5676342.477,6433093.734],[5676341.593,6433092.967],[5676340.741,6433092.304],[5676339.688,6433091.553],[5676338.855,6433090.866],[5676338.276,6433090.389],[5676337.86,6433090.046],[5676337.207,6433089.47],[5676336.478,6433088.752],[5676336.026,6433088.263],[5676335.995,6433088.159],[5676336.188,6433087.736],[5676336.448,6433086.901],[5676336.657,6433085.751],[5676336.767,6433084.676],[5676336.906,6433083.469],[5676337.13,6433082.254],[5676337.341,6433080.913],[5676337.44,6433079.945],[5676337.297,6433079.127],[5676336.998,6433078.453],[5676336.389,6433077.446],[5676335.492,6433076.319],[5676334.703,6433075.201],[5676334.11,6433074.364],[5676333.673,6433073.809],[5676333.396,6433073.58],[5676333.392,6433073.538]]}},{"type":"Feature","properties":{},"geometry":{"type":"LineString","coordinates":[[5676333.392,6433073.538],[5676333.688,6433073.34],[5676333.603,6433073.231],[5676333.564,6433073.16],[5676333.567,6433072.85],[5676333.57,6433072.54],[5676333.611,6433072.184],[5676333.616,6433071.778],[5676333.574,6433071.452],[5676333.5,6433071.117],[5676333.353,6433070.683],[5676333.186,6433070.154],[5676332.951,6433069.472],[5676332.703,6433068.759],[5676332.43,6433068.123],[5676332.201,6433067.622],[5676332.108,6433067.193],[5676331.953,6433066.792],[5676331.776,6433066.275],[5676331.604,6433065.469],[5676331.417,6433064.612],[5676331.29,6433063.941],[5676331.289,6433063.589],[5676331.269,6433063.378],[5676331.178,6433063.087],[5676330.896,6433062.58],[5676330.495,6433061.839],[5676330.039,6433060.954],[5676329.658,6433060.189],[5676329.444,6433059.622],[5676329.32,6433059.09],[5676329.17,6433058.634],[5676328.952,6433058.239],[5676328.645,6433057.809],[5676328.347,6433057.367],[5676328.117,6433056.962],[5676327.891,6433056.599],[5676327.765,6433056.398],[5676327.68,6433056.288],[5676327.574,6433056.181],[5676327.376,6433055.997],[5676327.084,6433055.736],[5676326.708,6433055.366],[5676326.297,6433054.85],[5676325.803,6433054.245],[5676325.33,6433053.756],[5676324.991,6433053.436],[5676324.792,6433053.252],[5676324.676,6433053.156],[5676324.535,6433053.02],[5676324.316,6433052.838],[5676324.096,6433052.656],[5676323.893,6433052.429],[5676323.731,6433052.178],[5676323.533,6433051.78],[5676323.297,6433051.311],[5676323.102,6433050.818],[5676322.968,6433050.414],[5676322.917,6433050.216],[5676322.893,6433049.962],[5676322.854,6433049.774],[5676322.796,6433049.609],[5676322.74,6433049.465],[5676322.695,6433049.33],[5676322.614,6433049.146],[5676322.588,6433048.753],[5676322.584,6433048.263],[5676322.504,6433047.63],[5676322.365,6433047.067],[5676322.183,6433046.604],[5676321.993,6433046.174],[5676321.84,6433045.793],[5676321.789,6433045.478],[5676321.71,6433045.197],[5676321.624,6433044.971],[5676321.48,6433044.792],[5676321.291,6433044.597],[5676321.032,6433044.343],[5676320.841,6433044.127],[5676320.708,6433043.958],[5676320.563,6433043.779],[5676320.303,6433043.505],[5676319.872,6433043.129],[5676319.44,6433042.732],[5676319.132,6433042.398],[5676318.991,6433042.262],[5676318.846,6433042.084],[5676318.703,6433041.927],[5676318.483,6433041.627],[5676318.274,6433041.22],[5676318.046,6433040.719],[5676317.817,6433040.217],[5676317.654,6433039.731],[5676317.488,6433039.32],[5676317.353,6433038.799],[5676317.136,6433038.19],[5676316.797,6433037.421],[5676316.387,6433036.692],[5676316.018,6433036.054],[5676315.683,6433035.445],[5676315.459,6433034.986],[5676315.408,6433034.788],[5676315.294,6433034.479],[5676315.214,6433034.198],[5676315.076,6433033.753],[5676314.917,6433033.191],[5676314.767,6433032.619],[5676314.554,6433032.052],[5676314.341,6433031.602],[5676314.208,6433031.316],[5676314.112,6433030.984],[5676313.99,6433030.59],[5676313.89,6433030.097],[5676313.785,6433029.542],[5676313.541,6433028.871],[5676313.009,6433027.982],[5676312.451,6433027.149],[5676312.236,6433026.678],[5676312.216,6433026.467],[5676312.21,6433026.286],[5676312.199,6433026.063],[5676312.145,6433025.823],[5676312.046,6433025.565],[5676311.933,6433025.277],[5676311.75,6433024.91],[5676311.512,6433024.42],[5676311.228,6433024.01],[5676310.967,6433023.618],[5676310.76,6433023.232],[5676310.568,6433022.78],[5676310.397,6433022.21],[5676310.154,6433021.325],[5676309.629,6433020.169],[5676308.947,6433019.038],[5676308.574,6433018.358],[5676308.504,6433018.183],[5676308.459,6433018.049],[5676308.403,6433017.905],[5676308.343,6433017.718],[5676308.221,6433017.559],[5676308.071,6433017.435],[5676307.944,6433017.329],[5676307.828,6433017.233],[5676307.678,6433017.109],[5676307.554,6433016.928],[5676307.457,6433016.575],[5676307.367,6433016.188],[5676307.303,6433015.959],[5676307.208,6433015.862],[5676307.07,6433015.747],[5676306.906,6433015.591],[5676306.753,6433015.446],[5676306.658,6433015.23],[5676306.515,6433014.956],[5676306.353,6433014.704],[5676306.173,6433014.497],[5676305.998,6433014.332],[5676305.836,6433014.198],[5676305.697,6433014.083],[5676305.581,6433013.987],[5676305.431,6433013.863],[5676305.304,6433013.757],[5676305.165,6433013.642],[5676305.061,6433013.556],[5676304.899,6433013.422],[5676304.737,6433013.288],[5676304.586,6433013.163],[5676304.459,6433013.058],[5676304.332,6433012.952],[5676304.205,6433012.847],[5676304.123,6433012.662],[5676304.073,6433012.464],[5676304.022,6433012.266],[5676303.966,6433012.122],[5676303.81,6433011.934],[5676303.723,6433011.804],[5676303.624,6433011.663],[5676303.537,6433011.533],[5676303.452,6433011.424],[5676303.319,6433011.255],[5676303.242,6433011.113],[5676303.118,6433010.815],[5676303.03,6433010.567],[5676302.995,6433010.303],[5676302.899,6433009.854],[5676302.752,6433009.537],[5676302.638,6433009.345],[5676302.613,6433009.187],[5676302.618,6433009.016],[5676302.64,6433008.8],[5676302.655,6433008.618],[5676302.653,6433008.479],[5676302.814,6433008.261],[5676302.977,6433008.065],[5676303.197,6433007.798],[5676303.379,6433007.579],[5676303.41,6433007.565],[5676303.533,6433007.628],[5676303.862,6433007.608],[5676304.029,6433007.571],[5676304.116,6433007.584],[5676304.359,6433007.785],[5676304.475,6433007.881],[5676304.635,6433007.994],[5676304.831,6433008.157],[5676305.092,6433008.314],[5676305.371,6433008.448],[5676305.641,6433008.593],[5676305.762,6433008.635],[5676305.876,6433008.71],[5676306.038,6433008.844],[5676306.246,6433009.017],[5676306.406,6433009.13],[5676306.469,6433009.124],[5676306.565,6433009.008],[5676306.77,6433008.807],[5676307.079,6433008.576],[5676307.256,6433008.41],[5676307.342,6433008.306],[5676307.438,6433008.19],[5676307.601,6433007.993],[5676307.752,6433007.787],[5676307.875,6433007.615],[5676307.947,6433007.481],[5676308.02,6433007.346],[5676308.081,6433007.201],[5676308.16,6433007.012],[5676308.257,6433006.683],[5676308.294,6433006.402],[5676308.322,6433006.016],[5676308.286,6433005.518],[5676308.175,6433005.016],[5676308.122,6433004.679],[5676308.081,6433004.47],[5676308.069,6433004.343],[5676308.034,6433004.079],[5676307.93,6433003.662],[5676307.771,6433003.202]]}},{"type":"Feature","properties":{},"geometry":{"type":"LineString","coordinates":[[5673801.557,6434114.761],[5673800.321,6434112.209],[5673799.918,6434111.36],[5673799.487,6434110.454],[5673799.199,6434109.73],[5673798.989,6434108.997],[5673798.822,6434107.8],[5673798.724,6434106.514],[5673798.68,6434105.341],[5673798.668,6434104.264],[5673798.693,6434103.322],[5673798.756,6434102.376],[5673798.842,6434101.447],[5673798.989,6434100.53],[5673799.154,6434099.592],[5673799.358,6434098.648],[5673799.679,6434097.69],[5673800.097,6434096.7],[5673800.493,6434095.693],[5673800.933,6434094.721],[5673801.277,6434093.78],[5673801.621,6434092.839],[5673801.874,6434091.969],[5673802.062,6434091.227],[5673802.233,6434090.507],[5673802.39,6434089.669],[5673802.599,6434088.765],[5673802.815,6434087.76],[5673802.997,6434086.799],[5673803.157,6434085.821],[5673803.225,6434084.914],[5673803.254,6434084.012],[5673803.31,6434083.166],[5673803.354,6434082.382],[5673803.425,6434081.655],[5673803.394,6434080.92],[5673803.337,6434080.128],[5673803.266,6434079.218],[5673803.295,6434078.316],[5673803.447,6434077.438],[5673803.621,6434076.578],[5673803.817,6434075.736],[5673804.035,6434074.91],[5673804.232,6434074.067],[5673804.445,6434073.202],[5673804.649,6434072.259],[5673804.853,6434071.315],[5673805.025,6434070.276],[5673805.157,6434069.241],[5673805.185,6434068.159],[5673805.097,6434066.952],[5673804.964,6434065.71],[5673804.78,6434064.535],[5673804.505,6434063.43],[5673804.112,6434062.34],[5673803.635,6434061.22],[5673803.141,6434060.123],[5673802.696,6434059.099],[5673802.322,6434058.166],[5673802.066,6434057.219],[5673801.854,6434056.306],[5673801.704,6434055.406],[5673801.632,6434054.497],[5673801.639,6434053.577],[5673801.747,6434052.665],[5673801.894,6434051.749],[5673802.133,6434050.761],[5673802.489,6434049.759],[5673802.964,6434048.742],[5673803.421,6434047.747],[5673803.814,6434046.88],[5673804.069,6434046.19],[5673804.215,6434045.593],[5673804.27,6434045.067],[5673804.264,6434044.529],[5673804.192,6434043.938],[5673804.139,6434043.506],[5673804.157,6434043.164],[5673804.175,6434042.822],[5673804.21,6434042.458],[5673804.231,6434041.977],[5673804.212,6434041.5],[5673804.211,6434041.001],[5673804.21,6434040.502],[5673804.174,6434040.047],[5673804.143,6434039.631],[5673804.191,6434039.206],[5673804.292,6434038.894],[5673804.472,6434038.572],[5673804.653,6434038.251],[5673804.902,6434037.841],[5673805.191,6434037.426],[5673805.47,6434036.932],[5673805.758,6434036.518],[5673806.052,6434036.142],[5673806.306,6434035.771],[5673806.543,6434035.423],[5673806.779,6434035.074],[5673807.103,6434034.615],[5673807.724,6434033.82],[5673808.225,6434033.18],[5673808.466,6434032.871],[5673808.604,6434032.694],[5673808.725,6434032.539],[5673808.932,6434032.274],[5673809.243,6434031.877],[5673809.554,6434031.479],[5673809.744,6434031.236],[5673810.37,6434030.161],[5673810.536,6434029.721],[5673810.645,6434029.308],[5673810.757,6434028.756],[5673810.902,6434027.979],[5673811.071,6434027.08],[5673811.218,6434026.163],[5673811.304,6434025.234],[5673811.368,6434024.287],[5673811.449,6434023.319],[5673811.532,6434022.21],[5673811.562,6434020.989],[5673811.474,6434019.781],[5673811.29,6434018.606],[5673811.015,6434017.501],[5673810.752,6434016.335],[5673810.556,6434015.221],[5673810.325,6434014.151],[5673810.16,6434013.133],[5673810,6434012.154],[5673809.889,6434011.249],[5673809.808,6434010.261],[5673809.665,6434009.26],[5673809.517,6434008.219],[5673809.375,6434007.218],[5673809.249,6434006.195],[5673809.173,6434005.246],[5673809.232,6434004.261],[5673809.364,6434003.226],[5673809.514,6434002.169],[5673809.787,6434001.137],[5673810.144,6434000.135],[5673810.697,6433999.109],[5673811.324,6433998.033],[5673811.983,6433997.054],[5673812.55,6433996.146],[5673812.992,6433995.353],[5673813.424,6433994.481],[5673813.884,6433993.666],[5673814.343,6433992.851],[5673814.81,6433991.935],[5673815.345,6433990.93],[5673815.889,6433989.825],[5673816.457,6433988.597],[5673817.077,6433987.303],[5673817.697,6433986.009],[5673818.278,6433984.72],[5673818.778,6433983.58],[5673819.252,6433982.564],[5673819.692,6433981.591],[5673820.176,6433980.653],[5673820.707,6433979.609],[5673821.381,6433978.428],[5673822.08,6433977.125],[5673822.818,6433975.816],[5673823.495,6433974.495],[5673824.058,6433973.228],[5673824.499,6433971.936],[5673824.848,6433970.715],[5673825.168,6433969.577],[5673825.431,6433968.466],[5673825.655,6433967.361],[5673825.857,6433966.238],[5673826.081,6433965.132],[5673826.287,6433964.048],[5673826.455,6433962.969],[5673826.634,6433961.829],[5673826.853,6433960.684],[5673827.023,6433959.465],[5673827.211,6433958.224],[5673827.46,6433956.995],[5673827.713,6433955.806],[5673828.077,6433954.703],[5673828.485,6433953.634],[5673828.972,6433952.556],[5673829.53,6433951.569],[5673830.066,6433950.565],[5673830.607,6433949.6],[5673831.165,6433948.613],[5673831.722,6433947.626],[5673832.253,6433946.582],[5673832.644,6433945.536],[5673833.013,6433944.472],[5673833.299,6433943.379],[5673833.544,6433942.29],[5673833.616,6433941.243],[5673833.557,6433940.272],[5673833.406,6433939.372],[5673833.148,6433938.565],[5673832.736,6433937.816],[5673832.156,6433937.061],[5673830.529,6433934.313],[5673830.068,6433933.81],[5673829.478,6433933.064],[5673828.909,6433932.335],[5673828.481,6433931.609],[5673828.299,6433931.176]]}},{"type":"Feature","properties":{},"geometry":{"type":"LineString","coordinates":[[5673801.557,6434114.761],[5673801.308,6434115.393],[5673800.996,6434116.264],[5673800.672,6434117.044],[5673800.398,6434117.656],[5673800.215,6434118.256],[5673800.089,6434118.943],[5673800.044,6434119.735],[5673800.088,6434120.68],[5673800.177,6434121.618],[5673800.333,6434122.734],[5673800.625,6434124.205],[5673800.759,6434125.717],[5673800.543,6434127.201],[5673800.208,6434128.469],[5673799.846,6434129.508],[5673799.408,6434130.486],[5673798.949,6434131.49],[5673798.349,6434132.674],[5673797.711,6434134.116],[5673797.055,6434135.792],[5673796.47,6434137.483],[5673795.945,6434139.097],[5673795.555,6434140.487],[5673795.286,6434141.723],[5673795.066,6434142.791],[5673794.852,6434143.905],[5673794.729,6434145.008],[5673794.712,6434146.029],[5673794.831,6434146.825],[5673795.187,6434147.477],[5673795.813,6434148.259],[5673796.618,6434149.182],[5673797.545,6434150.159],[5673798.396,6434151.077],[5673799.2,6434151.999],[5673799.98,6434152.902],[5673800.725,6434153.901],[5673801.48,6434154.992],[5673802.053,6434156.104],[5673802.199,6434157.129],[5673801.913,6434158.228],[5673801.451,6434159.395],[5673800.835,6434160.441],[5673800.318,6434161.151],[5673799.6,6434161.538],[5673798.834,6434161.722],[5673798.082,6434161.627],[5673797.279,6434161.491],[5673796.552,6434161.416],[5673795.861,6434161.452],[5673795.131,6434161.539],[5673794.347,6434161.957],[5673793.552,6434162.863],[5673792.832,6434164.199],[5673792.264,6434165.448],[5673791.885,6434166.35],[5673791.657,6434166.956],[5673791.481,6434167.471]]}},{"type":"Feature","properties":{},"geometry":{"type":"LineString","coordinates":[[5675832.20273813,6433861.23962594],[5675832.697,6433861.806],[5675833.424,6433862.716],[5675834.294,6433863.783],[5675835.21,6433864.888],[5675836.13,6433866.035],[5675837.066,6433867.116],[5675837.892,6433867.953],[5675838.483,6433868.556],[5675838.885,6433868.965],[5675839.286,6433869.374],[5675839.742,6433869.905],[5675840.24,6433870.432],[5675840.774,6433871.105],[5675841.255,6433871.89],[5675841.314,6433872.949],[5675841.068,6433874.379],[5675840.7,6433875.864],[5675840.301,6433877.244],[5675840.061,6433878.29],[5675840.179,6433878.854],[5675840.635,6433879.385],[5675841.515,6433880.11],[5675842.645,6433881.003],[5675843.852,6433882.037],[5675845.24,6433882.947],[5675846.356,6433883.479],[5675846.955,6433883.506],[5675847.489,6433883.519],[5675848.016,6433883.681],[5675848.479,6433884.062],[5675849.112,6433884.662],[5675850.043,6433885.701],[5675851.25,6433887.162],[5675852.548,6433888.698],[5675853.9,6433890.123],[5675855.24,6433891.422],[5675856.525,6433892.597],[5675857.775,6433893.627],[5675858.978,6433894.619],[5675860.409,6433895.76],[5675861.914,6433897],[5675863.299,6433898.102],[5675864.709,6433899.031],[5675866.185,6433899.975],[5675867.715,6433901.042],[5675868.961,6433902.03],[5675869.929,6433902.789],[5675870.658,6433903.273],[5675871.281,6433903.554],[5675871.724,6433903.724],[5675872.112,6433903.772],[5675872.435,6433903.805],[5675873.026,6433903.748],[5675873.752,6433903.763],[5675874.41,6433903.955],[5675875.049,6433904.405],[5675875.714,6433905.108],[5675876.591,6433906.025],[5675877.51,6433906.937],[5675878.382,6433907.812],[5675879.19,6433908.672],[5675880.1,6433909.5],[5675881.053,6433910.324],[5675881.964,6433911.153],[5675882.991,6433912.076],[5675884.095,6433913.142],[5675885.354,6433914.49],[5675886.511,6433916.105],[5675887.61,6433917.554],[5675888.426,6433918.732],[5675888.95,6433919.747],[5675889.109,6433920.733],[5675889.038,6433921.763],[5675888.799,6433923.043],[5675888.369,6433924.32],[5675887.9,6433925.644],[5675887.289,6433927.045],[5675886.587,6433928.604],[5675885.904,6433930.14],[5675885.336,6433931.537],[5675884.87,6433932.669],[5675884.639,6433933.373],[5675884.676,6433933.753],[5675884.871,6433934.224],[5675885.246,6433934.806],[5675885.907,6433935.467],[5675886.717,6433936.134],[5675887.584,6433936.732],[5675888.447,6433937.288],[5675889.172,6433937.73],[5675889.711,6433938.019],[5675890.258,6433938.392],[5675890.917,6433938.819],[5675891.846,6433939.39],[5675893.187,6433940.262],[5675894.845,6433941.551],[5675896.351,6433943.025],[5675897.264,6433944.321],[5675897.565,6433945.23],[5675897.568,6433945.698],[5675897.67,6433946.093],[5675897.853,6433946.672],[5675898.336,6433947.265],[5675899.115,6433947.829],[5675900.112,6433948.223],[5675901.2,6433948.459],[5675902.512,6433948.141],[5675903.757,6433947.573],[5675904.803,6433947.153],[5675905.79,6433947.228],[5675906.826,6433947.81],[5675907.818,6433948.588],[5675908.17,6433949.151],[5675908.169,6433949.577],[5675907.987,6433950.127],[5675907.554,6433950.936],[5675906.957,6433952.037],[5675906.383,6433953.158],[5675905.908,6433953.971],[5675905.726,6433954.521],[5675905.828,6433954.916],[5675906.118,6433955.272],[5675906.711,6433955.449],[5675907.37,6433955.215],[5675908.239,6433954.726],[5675908.927,6433954.127],[5675909.592,6433953.509],[5675910.451,6433952.702],[5675911.421,6433952.374],[5675912.28,6433952.888],[5675913.183,6433953.632],[5675914.073,6433954.249],[5675914.905,6433954.701],[5675915.803,6433955.169],[5675916.783,6433955.394],[5675917.884,6433955.096],[5675919.247,6433954.432],[5675920.649,6433953.721],[5675921.916,6433952.939],[5675923.052,6433952.126],[5675924.248,6433951.052],[5675925.379,6433949.963],[5675926.422,6433949.074],[5675927.218,6433948.486],[5675927.899,6433948.037],[5675928.546,6433947.676],[5675929.144,6433947.469],[5675929.901,6433947.588],[5675930.925,6433948.043],[5675932.304,6433948.869],[5675933.835,6433949.936],[5675935.424,6433951.168],[5675937.185,6433952.425],[5675939.017,6433953.74],[5675940.87,6433954.84],[5675942.477,6433955.814],[5675943.948,6433956.716],[5675945.277,6433957.462],[5675946.321,6433957.894],[5675947.07,6433957.928],[5675947.74,6433957.586],[5675948.327,6433956.827],[5675948.894,6433955.856],[5675949.42,6433955.123],[5675950.045,6433954.317],[5675950.751,6433953.461],[5675951.506,6433952.451],[5675952.195,6433951.425],[5675952.804,6433950.45],[5675953.348,6433949.461],[5675953.534,6433948.292],[5675953.526,6433946.887],[5675953.497,6433945.696],[5675953.596,6433944.962],[5675953.978,6433944.499],[5675954.682,6433944.069],[5675955.901,6433943.675],[5675957.383,6433943.574],[5675958.913,6433943.981],[5675960.219,6433944.707],[5675961.515,6433945.775],[5675962.805,6433946.993],[5675964.074,6433948],[5675965.398,6433948.703],[5675966.853,6433949.202],[5675968.383,6433949.609],[5675969.658,6433949.571],[5675970.809,6433949.354],[5675971.837,6433949.191],[5675973.034,6433949.011],[5675974.396,6433948.773],[5675975.793,6433948.447],[5675977.213,6433948.374],[5675978.727,6433948.611],[5675980.465,6433948.955],[5675982.273,6433949.591],[5675983.936,6433950.261],[5675985.315,6433951.087],[5675986.304,6433952.057],[5675986.967,6433953.186],[5675987.199,6433954.272],[5675987.229,6433955.462],[5675987.42,6433956.786],[5675987.95,6433958.077],[5675988.664,6433958.86],[5675989.454,6433959.317],[5675990.32,6433959.681],[5675991.155,6433959.941],[5675991.92,6433960.145],[5675992.597,6433960.314],[5675993.436,6433960.616],[5675994.386,6433960.972],[5675995.425,6433961.362],[5675996.43,6433961.84],[5675997.458,6433962.338],[5675998.594,6433962.846],[5675999.763,6433963.266],[5676001.163,6433963.642],[5676002.686,6433963.964],[5676004.08,6433964.064],[5676005.313,6433964.031],[5676006.352,6433963.76],[5676007.333,6433963.325],[5676008.183,6433962.859],[5676008.909,6433962.214],[5676009.604,6433961.465],[5676010.218,6433960.767],[5676010.833,6433960.068],[5676011.521,6433959.469],[5676012.194,6433958.935],[5676012.898,6433958.505],[5676013.808,6433958.439],[5676014.863,6433958.998],[5676016.012,6433959.867],[5676017.146,6433960.802],[5676018.215,6433961.721],[5676019.111,6433962.615],[5676020.099,6433963.585],[5676021.161,6433964.655],[5676022.276,6433965.612],[5676023.341,6433966.49],[5676023.97,6433967.047],[5676024.557,6433967.608],[5676025.002,6433968.247],[5676025.42,6433968.825],[5676025.761,6433969.495],[5676025.815,6433970.278],[5676025.614,6433971.278],[5676025.145,6433972.601],[5676024.492,6433974.006],[5676023.992,6433975.227],[5676023.701,6433976.192],[5676023.61,6433977.01],[5676023.943,6433977.596],[5676024.903,6433978.271],[5676026.224,6433978.932],[5676027.38,6433979.651],[5676028.521,6433980.436],[5676029.674,6433981.348],[5676030.634,6433982.022],[5676031.204,6433982.414],[5676031.67,6433982.604],[5676032.077,6433982.629],[5676032.543,6433982.157],[5676033.218,6433981.198],[5676034.038,6433980.202],[5676035.027,6433979.191],[5676035.993,6433978.16],[5676037.035,6433977.037],[5676037.998,6433976.198],[5676038.983,6433975.805],[5676039.983,6433976.007],[5676040.899,6433976.451],[5676041.508,6433976.797],[5676041.619,6433976.851],[5676048.152,6433978.969],[5676048.973,6433978.869],[5676049.782,6433978.642],[5676050.667,6433978.322],[5676051.701,6433977.775],[5676052.719,6433977.059],[5676053.595,6433976.42],[5676054.306,6433975.84],[5676054.926,6433975.419],[5676055.553,6433975.081],[5676056.16,6433974.959],[5676056.955,6433975.031],[5676057.975,6433975.444],[5676059.065,6433976.149],[5676060.349,6433977.09],[5676061.776,6433978.188],[5676063.416,6433979.5],[5676064.897,6433980.721],[5676065.9,6433981.626],[5676066.241,6433982.062],[5676066.4,6433982.387],[5676066.622,6433982.92],[5676066.941,6433983.805],[5676067.321,6433985.09],[5676067.563,6433986.494],[5676067.509,6433987.927],[5676067.044,6433989.292],[5676066.345,6433990.659],[5676065.706,6433991.765],[5676065.258,6433992.639],[5676064.977,6433993.263],[5676064.877,6433993.997],[5676065.216,6433994.859],[5676065.864,6433996.054],[5676066.839,6433997.323],[5676067.537,6433998.598],[5676068.085,6433999.866],[5676068.473,6434001.235],[5676068.525,6434002.445],[5676068.185,6434003.33],[5676067.555,6434004.094],[5676066.527,6434004.917],[5676065.128,6434006.096],[5676063.492,6434007.468],[5676061.836,6434008.864],[5676060.335,6434010.308],[5676059.037,6434011.648],[5676057.941,6434012.883],[5676056.949,6434014.086],[5676056.165,6434015.227],[5676055.517,6434016.248],[5676054.959,6434017.304],[5676054.495,6434018.243],[5676053.947,6434019.191],[5676053.292,6434020.128],[5676052.409,6434020.916],[5676051.261,6434021.602],[5676049.828,6434022.209],[5676048.316,6434022.44],[5676046.945,6434022.359],[5676045.861,6434022.165],[5676044.957,6434021.847],[5676044.217,6434021.471],[5676043.678,6434021.182],[5676043.159,6434021.105],[5676042.798,6434021.118],[5676042.411,6434021.305],[5676041.887,6434021.611],[5676041.347,6434021.982],[5676040.763,6434022.55],[5676040.168,6434023.225],[5676039.535,6434024.181],[5676038.956,6434025.025],[5676038.327,6434025.789],[5676037.759,6434026.526],[5676037.11,6434027.313],[5676036.366,6434028.215],[5676035.565,6434029.188],[5676035.054,6434029.855],[5676034.922,6434030.251],[5676035.001,6434030.627],[5676035.242,6434031.136],[5676035.444,6434031.692],[5676035.794,6434032.447],[5676036.402,6434033.453],[5676037.181,6434034.678],[5676038.267,6434036.001],[5676039.544,6434037.092],[5676040.794,6434038.122],[5676041.947,6434039.034],[5676043.069,6434039.842],[5676044.238,6434040.688],[5676045.368,6434041.58],[5676046.622,6434042.652],[5676047.841,6434043.813],[5676048.741,6434044.749],[5676049.483,6434045.594],[5676050.025,6434046.351],[5676050.436,6434047.079],[5676050.671,6434047.972],[5676050.879,6434048.804],[5676051.075,6434049.51],[5676051.548,6434050.21],[5676052.335,6434050.858],[5676053.187,6434051.522],[5676053.936,6434052.217],[5676054.565,6434052.774],[5676054.897,6434053.126],[5676055.451,6434057.546],[5676055.373,6434058.726],[5676054.999,6434059.934],[5676054.537,6434061.108],[5676054.075,6434062.281],[5676053.605,6434063.371],[5676053.146,6434064.352],[5676052.911,6434065.014],[5676053.137,6434065.589],[5676053.729,6434066.427],[5676054.437,6434067.36],[5676055.164,6434068.27],[5676055.752,6434069.065],[5676056.44,6434069.788],[5676057.22,6434070.586],[5676058.181,6434071.495],[5676059.285,6434072.56],[5676060.301,6434073.591],[5676061.162,6434074.574],[5676061.765,6434075.304],[5676062.191,6434075.966],[5676062.564,6434076.739],[5676062.764,6434077.487],[5676062.795,6434078.251],[5676062.638,6434079.055],[5676062.302,6434079.982],[5676061.697,6434080.999],[5676060.988,6434082.048],[5676060.218,6434083.123],[5676059.33,6434084.295],[5676058.365,6434085.56],[5676057.183,6434086.995],[5676056.146,6434088.395],[5676055.357,6434089.494],[5676054.835,6434090.269],[5676054.497,6434090.962],[5676054.328,6434091.638],[5676054.421,6434092.609],[5676054.835,6434093.805],[5676055.401,6434094.816],[5676055.932,6434095.681],[5676056.032,6434096.502],[5676055.641,6434097.307],[5676054.982,6434098.202],[5676054.253,6434099.039],[5676053.452,6434100.011],[5676052.521,6434101.187],[5676051.347,6434102.707],[5676049.932,6434104.612],[5676048.389,6434106.721],[5676046.745,6434108.903],[5676045.247,6434110.816],[5676043.916,6434112.479],[5676042.866,6434113.752],[5676042.046,6434114.747],[5676041.387,6434115.641],[5676040.719,6434116.451],[5676040.041,6434117.369],[5676039.244,6434118.383],[5676038.328,6434119.494],[5676037.374,6434120.652],[5676036.378,6434121.813],[5676035.501,6434122.878],[5676034.757,6434123.78],[5676033.994,6434124.706],[5676033.04,6434125.864],[5676031.838,6434127.322],[5676030.522,6434128.919],[5676029.233,6434130.577],[5676028.173,6434131.958],[5676027.419,6434132.968],[5676026.939,6434133.739],[5676026.512,6434134.398],[5676026.17,6434135.048],[5676025.676,6434135.885],[5676025.227,6434136.759],[5676024.684,6434137.749],[5676024.102,6434138.785],[5676023.482,6434139.867],[5676022.887,6434140.777],[5676022.368,6434141.36],[5676021.791,6434141.777],[5676021.125,6434142.161],[5676020.47,6434142.437],[5676019.699,6434142.618],[5676018.892,6434142.653],[5676017.966,6434142.551],[5676017.028,6434142.322],[5676016.093,6434141.901],[5676015.097,6434141.081],[5676013.909,6434140.023],[5676012.577,6434138.809],[5676011.153,6434137.519],[5676009.872,6434136.386],[5676008.83,6434135.527],[5676008.071,6434134.94],[5676007.685,6434134.7],[5676007.455,6434134.744],[5676006.955,6434135.303],[5676006.154,6434136.275],[5676005.155,6434137.629],[5676004.146,6434139.09],[5676003.148,6434140.677],[5676002.525,6434141.952],[5676002.407,6434142.709],[5676002.957,6434143.551],[5676004.108,6434144.889],[5676005.607,6434146.513],[5676006.896,6434147.731],[5676007.749,6434148.394],[5676008.397,6434148.928],[5676009.276,6434149.653],[5676010.404,6434150.737],[5676011.185,6434151.77],[5676011.488,6434152.486],[5676011.541,6434153.035]]}},{"type":"Feature","properties":{},"geometry":{"type":"LineString","coordinates":[[5674943.14999348,6435242.09202796],[5674943.381,6435241.969],[5674943.512,6435241.888],[5674943.643,6435241.808],[5674943.755,6435241.711],[5674943.883,6435241.597],[5674944.042,6435241.444],[5674944.276,6435241.165],[5674944.636,6435240.737],[5674945.123,6435240.193],[5674945.641,6435239.613],[5674946.157,6435238.998],[5674946.607,6435238.423],[5674946.945,6435237.945],[5674947.11,6435237.671],[5674947.133,6435237.531],[5674947.264,6435237.261],[5674947.336,6435237.099],[5674947.477,6435236.932],[5674947.636,6435236.78],[5674947.83,6435236.625],[5674948.042,6435236.485],[5674948.254,6435236.346],[5674948.447,6435236.191],[5674948.678,6435236.067],[5674948.822,6435235.933],[5674948.95,6435235.819],[5674949.087,6435235.617],[5674949.193,6435235.452],[5674949.296,6435235.309],[5674949.618,6435234.703],[5674950.021,6435234.184],[5674950.131,6435233.674],[5674949.718,6435233.296],[5674949.505,6435232.832],[5674949.683,6435232.316],[5674950.272,6435232.143],[5674950.879,6435231.986],[5674951.483,6435231.794],[5674951.963,6435231.562],[5674952.559,6435231.077],[5674952.983,6435230.608],[5674953.47,6435229.945],[5674953.503,6435229.896],[5674953.76,6435229.476],[5674954.013,6435229.023],[5674954.264,6435228.535],[5674954.427,6435228.037],[5674954.519,6435227.511],[5674954.527,6435227.01],[5674954.438,6435226.586],[5674954.349,6435226.163],[5674954.244,6435225.758],[5674954.145,6435225.421],[5674954.084,6435225.116],[5674954.032,6435224.724],[5674953.959,6435224.281],[5674953.876,6435223.736],[5674953.804,6435223.104],[5674953.734,6435222.506],[5674953.695,6435221.871],[5674953.681,6435221.32],[5674953.736,6435220.763],[5674953.875,6435220.181],[5674954.076,6435219.525],[5674954.442,6435218.785],[5674954.886,6435218.142],[5674955.389,6435217.58],[5674955.988,6435217.131],[5674956.637,6435216.66],[5674957.355,6435216.182],[5674957.925,6435215.804],[5674958.471,6435215.722],[5674959.005,6435215.916],[5674959.615,6435216.174],[5674960.317,6435216.509],[5674961.129,6435216.903],[5674962.074,6435217.252],[5674963.135,6435217.538],[5674964.282,6435217.834],[5674965.424,6435218.062],[5674966.426,6435218.267],[5674967.226,6435218.335],[5674967.879,6435218.312],[5674968.536,6435218.324],[5674969.224,6435218.298],[5674969.844,6435218.088],[5674970.368,6435217.766],[5674970.718,6435217.424],[5674970.975,6435217.005],[5674971.219,6435216.638],[5674971.4,6435216.346],[5674971.55,6435216.091],[5674971.672,6435215.908],[5674971.831,6435215.756],[5674972.009,6435215.619],[5674972.268,6435215.424],[5674972.605,6435215.136],[5674973.083,6435214.679],[5674973.657,6435214.146],[5674974.179,6435213.599],[5674974.629,6435213.025],[5674974.951,6435212.565],[5674975.232,6435212.23],[5674975.451,6435211.969],[5674975.638,6435211.745],[5674975.829,6435211.556],[5674976.019,6435211.367],[5674976.259,6435211.156],[5674976.515,6435210.926],[5674976.837,6435210.656],[5674977.255,6435210.309],[5674977.739,6435209.921],[5674978.232,6435209.447],[5674978.594,6435209.052],[5674978.804,6435208.689],[5674978.923,6435208.281],[5674978.993,6435207.895],[5674979,6435207.584],[5674978.995,6435207.326],[5674979.052,6435206.993],[5674979.072,6435206.629],[5674979.126,6435206.262],[5674979.195,6435205.876],[5674979.281,6435205.471],[5674979.344,6435205.017],[5674979.377,6435204.6],[5674979.396,6435204.236],[5674979.372,6435203.962],[5674979.351,6435203.722],[5674979.293,6435203.451],[5674979.253,6435203.196],[5674979.248,6435202.937],[5674979.186,6435202.632],[5674979.188,6435202.252],[5674979.139,6435201.894],[5674979.096,6435201.604],[5674979.007,6435201.371],[5674978.883,6435201.14],[5674978.772,6435200.856],[5674978.636,6435200.489],[5674978.506,6435199.999],[5674978.387,6435199.423],[5674978.264,6435198.813],[5674978.054,6435198.193],[5674977.763,6435197.631],[5674977.457,6435197.089],[5674977.075,6435196.674],[5674976.681,6435196.311],[5674976.261,6435196.055],[5674975.916,6435195.861],[5674975.677,6435195.692],[5674975.51,6435195.551],[5674975.323,6435195.395],[5674975.013,6435195.198],[5674974.659,6435194.901],[5674974.193,6435194.511],[5674973.634,6435194.042],[5674973.007,6435193.39],[5674972.3,6435192.606],[5674971.518,6435191.76],[5674970.742,6435190.793],[5674970.621,6435189.802],[5674971.035,6435188.817],[5674971.283,6435187.915],[5674971.351,6435187.305],[5674971.42,6435186.919],[5674971.611,6435186.54],[5674971.883,6435186.102],[5674972.162,6435185.542],[5674972.441,6435184.983],[5674972.669,6435184.635],[5674972.801,6435184.364],[5674972.885,6435184.15],[5674972.97,6435183.935],[5674973.12,6435183.681],[5674973.327,6435183.283],[5674973.624,6435182.739],[5674973.95,6435182.123],[5674974.297,6435181.558],[5674974.588,6435181.135],[5674974.838,6435180.837],[5674975.007,6435180.598],[5674975.126,6435180.381],[5674975.279,6435180.16],[5674975.448,6435179.921],[5674975.679,6435179.607],[5674975.939,6435179.222],[5674976.182,6435178.855],[5674976.361,6435178.529],[5674976.467,6435178.364],[5674976.714,6435178.032],[5674976.93,6435177.737],[5674977.208,6435177.367],[5674977.471,6435177.016],[5674977.683,6435176.687],[5674977.765,6435176.438],[5674977.7,6435176.289],[5674977.57,6435176.179],[5674977.405,6435176.073],[5674977.287,6435175.911],[5674977.207,6435175.78],[5674977.154,6435175.577],[5674977.083,6435175.359],[5674976.963,6435175.163],[5674976.829,6435175.019],[5674976.761,6435174.835],[5674976.73,6435174.682],[5674976.697,6435174.496],[5674976.641,6435174.259],[5674976.593,6435173.901],[5674976.594,6435173.521],[5674976.713,6435173.113],[5674976.989,6435172.71],[5674977.363,6435172.262],[5674977.76,6435171.865],[5674978.15,6435171.589],[5674978.586,6435171.447],[5674979.222,6435171.219],[5674980.085,6435170.832],[5674980.871,6435170.539],[5674981.478,6435170.572],[5674981.941,6435170.738],[5674982.348,6435170.858],[5674982.707,6435170.809],[5674983.109,6435170.67],[5674983.442,6435170.538],[5674983.71,6435170.445],[5674984.028,6435170.331],[5674984.408,6435170.142],[5674984.817,6435169.882],[5674985.322,6435169.544],[5674985.893,6435169.166],[5674986.398,6435168.828],[5674986.922,6435168.506],[5674987.481,6435168.181],[5674988.001,6435167.824],[5674988.494,6435167.539],[5674988.987,6435167.255],[5674989.461,6435166.954],[5674989.938,6435166.688],[5674990.397,6435166.406],[5674990.868,6435166.071],[5674991.454,6435165.674],[5674992.153,6435165.181],[5674992.839,6435164.741],[5674993.341,6435164.369],[5674993.672,6435164.012],[5674993.86,6435163.789],[5674993.951,6435163.643],[5674994.125,6435163.472],[5674994.366,6435163.261],[5674994.616,6435162.963],[5674994.965,6435162.622],[5674995.315,6435162.28],[5674995.596,6435161.945],[5674995.843,6435161.613],[5674996.059,6435161.318],[5674996.24,6435161.026],[5674996.44,6435160.749],[5674996.64,6435160.473],[5674996.809,6435160.233],[5674996.9,6435160.087],[5674996.956,6435159.944],[5674997.041,6435159.73],[5674997.135,6435159.618],[5674997.241,6435159.453],[5674997.41,6435159.214],[5674997.62,6435158.851],[5674997.855,6435158.381],[5674998.049,6435157.846],[5674998.244,6435157.312],[5674998.367,6435156.748],[5674998.421,6435156.191],[5674998.479,6435155.669],[5674998.396,6435155.313],[5674998.254,6435155.067],[5674998.127,6435154.802],[5674998.01,6435154.45],[5674997.886,6435154.029],[5674997.785,6435153.469],[5674997.604,6435152.777],[5674997.479,6435151.942],[5674997.272,6435151.167],[5674997.037,6435150.652],[5674996.761,6435150.452],[5674996.565,6435150.383],[5674996.335,6435150.317],[5674996.117,6435150.198],[5674995.909,6435149.992],[5674995.667,6435149.789],[5674995.422,6435149.552],[5674995.158,6435149.299],[5674994.894,6435149.046],[5674994.633,6435148.827],[5674994.407,6435148.605],[5674994.183,6435148.418],[5674993.978,6435148.246],[5674993.773,6435148.074],[5674993.653,6435147.878],[5674993.647,6435147.619],[5674993.673,6435147.324],[5674993.917,6435146.957],[5674994.242,6435146.532],[5674994.492,6435146.234],[5674994.651,6435146.082],[5674994.798,6435145.982],[5674994.994,6435145.862],[5674995.222,6435145.703],[5674995.415,6435145.548],[5674995.621,6435145.34],[5674995.909,6435145.074],[5674996.324,6435144.692],[5674996.636,6435144.319],[5674996.917,6435143.984],[5674997.12,6435143.742],[5674997.264,6435143.608],[5674997.439,6435143.438],[5674997.582,6435143.304],[5674997.726,6435143.171],[5674997.885,6435143.019],[5674998.063,6435142.882],[5674998.21,6435142.783],[5674998.356,6435142.684],[5674998.487,6435142.603],[5674998.721,6435142.514],[5674998.942,6435142.477],[5674999.291,6435142.326],[5674999.796,6435142.178],[5675000.238,6435142.104],[5675000.618,6435142.106],[5675000.88,6435142.134],[5675001.178,6435142.194],[5675001.364,6435142.351],[5675001.579,6435142.435],[5675001.815,6435142.57],[5675002.17,6435142.677],[5675002.527,6435142.818],[5675002.919,6435142.956],[5675003.295,6435143.113],[5675003.6,6435143.241],[5675003.908,6435143.404],[5675004.113,6435143.576],[5675004.318,6435143.748],[5675004.504,6435143.904],[5675004.762,6435144.089],[5675005.032,6435144.22],[5675005.39,6435144.361],[5675005.779,6435144.465],[5675006.217,6435144.547],[5675006.61,6435144.496],[5675007.021,6435144.46],[5675007.32,6435144.33],[5675007.397,6435144.154]]}},{"type":"Feature","properties":{},"geometry":{"type":"LineString","coordinates":[[5674833.043833566,6435341.001134019],[5674837.430556714,6435330.286176999],[5674856.298729594,6435334.939002486],[5674870.956344295,6435330.764176395],[5674874.481760567,6435324.127721131],[5674875.404660327,6435320.43723877],[5674870.332330164,6435312.068619385],[5674869.098604913,6435309.778145172],[5674869.892671001,6435307.851159031],[5674872.49,6435304.995],[5674873.329,6435304.993],[5674874.159,6435304.911],[5674874.961,6435304.77],[5674875.759,6435304.589],[5674876.636,6435304.398],[5674877.671,6435304.147],[5674878.788,6435303.742],[5674879.913,6435303.233],[5674881.016,6435302.707],[5674882.02,6435302.214],[5674882.951,6435301.627],[5674883.963,6435301.03],[5674884.935,6435300.438],[5674885.881,6435299.973],[5674886.809,6435299.53],[5674887.72,6435299.109],[5674888.613,6435298.712],[5674889.512,6435298.354],[5674890.369,6435298.002],[5674891.295,6435297.703],[5674892.198,6435297.386],[5674893.053,6435297.177],[5674893.692,6435296.873],[5674894.257,6435296.475],[5674894.817,6435296.036],[5674895.426,6435295.489],[5674896.042,6435294.839],[5674896.716,6435294.162],[5674897.377,6435293.547],[5674898.031,6435293.035],[5674898.722,6435292.663],[5674899.509,6435292.401],[5674900.369,6435292.233],[5674901.179,6435291.989],[5674901.958,6435291.831],[5674902.652,6435291.642],[5674903.26,6435291.423],[5674903.792,6435291.255],[5674904.216,6435291.038],[5674904.577,6435290.809],[5674904.898,6435290.585],[5674905.223,6435290.401],[5674905.602,6435290.149],[5674905.894,6435289.867],[5674906.129,6435289.613],[5674906.382,6435289.335],[5674906.669,6435289.013],[5674906.952,6435288.65],[5674907.28,6435288.322],[5674907.591,6435288.017],[5674907.715,6435287.859],[5674907.826,6435287.763],[5674907.932,6435287.627],[5674908.055,6435287.468],[5674908.361,6435287.123],[5674908.876,6435286.649],[5674909.403,6435286.112],[5674909.931,6435285.576],[5674910.441,6435285.062],[5674910.875,6435284.598],[5674911.256,6435284.202],[5674911.678,6435283.802],[5674912.14,6435283.396],[5674912.624,6435283.008],[5674913.114,6435282.661],[5674913.671,6435282.366],[5674914.279,6435282.147],[5674914.92,6435282.027],[5674915.679,6435282.035],[5674916.489,6435282.119],[5674917.313,6435282.324],[5674918.13,6435282.632],[5674918.939,6435283.044],[5674919.748,6435283.456],[5674920.48,6435283.734],[5674921.165,6435283.977],[5674921.778,6435284.126],[5674922.345,6435284.24],[5674922.827,6435284.324],[5674923.268,6435284.412],[5674923.687,6435284.483],[5674924.159,6435284.486],[5674924.67,6435284.484],[5674925.379,6435284.417],[5674926.186,6435284.316],[5674926.953,6435284.221],[5674927.675,6435284.091],[5674928.467,6435283.87],[5674929.302,6435283.5],[5674930.132,6435283.089],[5674930.899,6435282.666],[5674931.553,6435282.155],[5674932.156,6435281.568],[5674932.83,6435280.89],[5674933.494,6435280.131],[5674934.193,6435279.327],[5674934.862,6435278.609],[5674935.531,6435277.891],[5674936.2,6435277.173],[5674936.899,6435276.369],[5674937.541,6435275.593],[5674938.187,6435274.857],[5674938.74,6435274.194],[5674939.222,6435273.622],[5674939.616,6435273.163],[5674939.886,6435272.863],[5674940.121,6435272.609],[5674940.368,6435272.291],[5674940.616,6435271.974],[5674940.898,6435271.611],[5674941.199,6435271.225],[5674941.588,6435270.726],[5674941.994,6435270.205],[5674942.383,6435269.706],[5674942.825,6435269.139],[5674943.284,6435268.549],[5674943.762,6435267.936],[5674944.203,6435267.369],[5674944.663,6435266.78],[5674945.087,6435266.235],[5674945.458,6435265.759],[5674945.794,6435265.328],[5674946.148,6435264.874],[5674946.519,6435264.398],[5674946.89,6435263.922],[5674947.296,6435263.4],[5674947.703,6435262.878],[5674948.127,6435262.334],[5674949.132,6435261.185],[5674949.268,6435260.963],[5674949.445,6435260.736],[5674949.622,6435260.509],[5674949.816,6435260.26],[5674949.915,6435259.899],[5674949.991,6435259.521],[5674950.074,6435259.039],[5674950.183,6435258.432],[5674950.237,6435257.708],[5674950.152,6435257.022],[5674949.923,6435256.333],[5674949.555,6435255.682],[5674949.165,6435255.013],[5674948.712,6435254.332],[5674948.223,6435253.696],[5674947.717,6435253.083],[5674947.175,6435252.515],[5674946.656,6435251.964],[5674946.233,6435251.525],[5674945.865,6435251.202],[5674945.751,6435251.114],[5674945.582,6435250.909],[5674945.3,6435250.617],[5674944.968,6435250.248],[5674944.658,6435249.897],[5674944.398,6435249.622],[5674944.247,6435249.395],[5674944.124,6435249.226],[5674944,6435249.057],[5674943.854,6435248.87],[5674943.612,6435248.572],[5674943.388,6435248.252],[5674943.272,6435247.979],[5674943.162,6435247.747],[5674943.028,6435247.497],[5674942.93,6435247.202],[5674942.872,6435246.902],[5674942.814,6435246.602],[5674942.739,6435246.324],[5674942.704,6435246.042],[5674942.714,6435245.795],[5674942.72,6435245.507],[5674942.796,6435245.129],[5674942.97,6435244.718],[5674943.14999348,6435242.09202796]]}},{"type":"Feature","properties":{},"geometry":{"type":"LineString","coordinates":[[5675876.52043366,6434483.83325001],[5675876.666,6434483.613],[5675877.308,6434482.94],[5675877.909,6434482.217],[5675878.67,6434481.317],[5675879.363,6434480.46],[5675880.073,6434479.583],[5675880.93,6434478.503],[5675881.804,6434477.324],[5675882.69,6434476.01],[5675883.672,6434474.677],[5675884.593,6434473.439],[5675885.431,6434472.344],[5675886.193,6434471.283],[5675886.968,6434470.186],[5675887.641,6434469.134],[5675888.287,6434468.077],[5675888.812,6434466.97],[5675889.133,6434465.698],[5675889.478,6434464.156],[5675889.65,6434462.489],[5675889.796,6434460.754],[5675889.862,6434459.098],[5675890.086,6434457.667],[5675890.361,6434456.47],[5675890.696,6434455.259],[5675891.188,6434454.173],[5675891.667,6434453.143],[5675892.178,6434452.153],[5675892.726,6434451.356],[5675893.42,6434450.498],[5675894.212,6434449.559],[5675894.986,6434448.622],[5675895.786,6434447.754],[5675896.579,6434446.993],[5675897.436,6434446.332],[5675898.378,6434445.966],[5675899.48,6434445.6],[5675900.667,6434445.368],[5675901.732,6434445.068],[5675902.565,6434444.695],[5675903.182,6434444.372],[5675903.834,6434443.965],[5675904.5,6434443.44],[5675905.261,6434442.798],[5675906.109,6434442.13],[5675907.099,6434441.384],[5675908.236,6434440.498],[5675909.186,6434439.622],[5675909.979,6434438.861],[5675910.661,6434438.059],[5675911.459,6434437.092],[5675912.204,6434436.212],[5675913.008,6434435.218],[5675913.686,6434434.38],[5675914.328,6434433.546],[5675914.912,6434432.745],[5675915.439,6434431.994],[5675915.893,6434431.394],[5675916.22,6434430.869],[5675916.568,6434430.28],[5675916.991,6434429.558],[5675917.485,6434428.749],[5675918.085,6434427.848],[5675918.856,6434426.795],[5675919.808,6434425.599],[5675920.691,6434424.508],[5675921.541,6434423.358],[5675922.425,6434422.106],[5675923.235,6434421.085],[5675923.879,6434420.171],[5675924.472,6434419.378],[5675925.08,6434418.547],[5675925.636,6434417.74],[5675926.026,6434416.959],[5675926.244,6434416.152],[5675926.196,6434415.614],[5675926.11,6434415.222],[5675925.972,6434414.755],[5675925.993,6434414.031],[5675926.216,6434413.018],[5675926.343,6434412.025],[5675926.552,6434411.049],[5675927.022,6434410.091],[5675927.728,6434409.018],[5675928.338,6434408.125],[5675928.857,6434407.465],[5675929.322,6434406.89],[5675929.858,6434406.228],[5675930.394,6434405.565],[5675930.948,6434404.901],[5675931.444,6434404.287],[5675931.878,6434403.751],[5675932.256,6434403.284],[5675932.731,6434402.717],[5675933.245,6434402.101],[5675933.783,6434401.536],[5675934.284,6434401.216],[5675934.78,6434401.102],[5675935.369,6434401.031],[5675936.382,6434400.835],[5675937.638,6434400.577],[5675938.74,6434400.212],[5675939.67,6434399.9],[5675940.529,6434399.595],[5675941.502,6434399.19],[5675942.597,6434398.673],[5675943.622,6434398.004],[5675944.755,6434397.082],[5675945.878,6434396.153],[5675946.864,6434395.194],[5675947.781,6434394.259],[5675948.721,6434393.198],[5675949.655,6434392.084],[5675950.635,6434390.991],[5675951.682,6434389.758],[5675952.763,6434388.441],[5675953.836,6434387.116],[5675954.924,6434385.772],[5675956.063,6434384.324],[5675957.127,6434383.009],[5675958.046,6434381.833],[5675958.889,6434380.613],[5675959.361,6434379.431],[5675959.39,6434378.101],[5675959.421,6434376.788],[5675959.28,6434375.109],[5675959.044,6434373.468],[5675958.786,6434371.953],[5675958.223,6434370.418],[5675957.732,6434368.714],[5675957.204,6434366.916],[5675956.811,6434365.051],[5675956.379,6434363.234],[5675955.704,6434361.478],[5675955.251,6434359.548],[5675955.118,6434357.619],[5675955.114,6434355.713],[5675955.169,6434353.791],[5675955.45,6434351.81],[5675955.922,6434349.693],[5675956.468,6434347.684],[5675957.04,6434345.761],[5675957.474,6434343.871],[5675957.591,6434342.112],[5675957.031,6434340.514],[5675956.216,6434339.129],[5675955.632,6434337.979],[5675955.176,6434336.949],[5675954.945,6434335.859],[5675954.973,6434334.689],[5675955.151,6434333.592],[5675955.377,6434332.775],[5675955.83,6434331.997],[5675956.638,6434330.958],[5675957.582,6434329.771],[5675958.568,6434328.554],[5675959.532,6434327.303],[5675960.49,6434326.079],[5675961.267,6434324.999],[5675961.832,6434324.102],[5675962.233,6434323.346],[5675962.484,6434322.598],[5675962.656,6434321.689],[5675962.752,6434320.574],[5675962.78,6434319.323],[5675962.793,6434318.092],[5675962.664,6434316.956],[5675962.407,6434315.781],[5675962.181,6434314.486],[5675961.92,6434312.936],[5675961.637,6434311.353],[5675961.488,6434309.604],[5675961.216,6434307.949],[5675960.778,6434306.498],[5675960.487,6434304.925],[5675960.458,6434303.128],[5675960.617,6434301.257],[5675961.053,6434299.643],[5675961.657,6434298.278],[5675962.517,6434296.878],[5675963.603,6434295.436],[5675964.644,6434294.15],[5675965.582,6434292.91],[5675966.413,6434291.825],[5675967.225,6434290.821],[5675968.019,6434289.82],[5675968.823,6434288.826],[5675969.682,6434287.764],[5675970.55,6434286.692],[5675971.442,6434285.609],[5675972.333,6434284.508],[5675973.118,6434283.499],[5675973.849,6434282.575],[5675974.478,6434281.698],[5675975.116,6434280.65],[5675975.773,6434279.521],[5675976.312,6434278.297],[5675976.597,6434276.948],[5675976.553,6434275.687],[5675976.356,6434274.576],[5675976.001,6434273.321],[5675975.675,6434272.171],[5675975.306,6434271.212],[5675974.788,6434270.437],[5675973.979,6434269.525],[5675973.022,6434268.735],[5675971.947,6434267.832],[5675971.038,6434266.983],[5675970.403,6434266.034],[5675969.797,6434264.851],[5675969.174,6434263.509],[5675968.519,6434262.107],[5675968.384,6434261.828],[5675966.58,6434260.2],[5675966.109,6434259.786],[5675965.512,6434259.288],[5675964.887,6434258.766],[5675964.201,6434258.178],[5675963.483,6434257.532],[5675962.858,6434256.93],[5675962.409,6434256.389],[5675961.962,6434255.786],[5675961.427,6434254.933],[5675961.034,6434254.084],[5675960.763,6434253.203],[5675960.522,6434252.186],[5675960.382,6434251.283],[5675960.536,6434250.376],[5675961.08,6434249.445],[5675961.888,6434248.407],[5675962.635,6434247.463],[5675963.264,6434246.666],[5675963.934,6434245.838],[5675964.574,6434245.067],[5675965.238,6434244.266],[5675965.997,6434243.349],[5675966.772,6434242.411],[5675967.493,6434241.56],[5675968.157,6434240.759],[5675968.809,6434240.013],[5675969.449,6434239.242],[5675970.111,6434238.424],[5675970.655,6434237.751],[5675971.243,6434237.066],[5675972.058,6434236.436],[5675972.857,6434235.987],[5675973.569,6434235.724],[5675974.321,6434235.413],[5675975.334,6434234.879],[5675976.562,6434234.277],[5675977.88,6434233.586],[5675979.264,6434232.852],[5675980.475,6434232.091],[5675981.48,6434231.228],[5675982.28,6434230.279],[5675983.012,6434229.275],[5675983.603,6434228.206],[5675983.882,6434227.303],[5675983.939,6434226.317],[5675983.839,6434225.285],[5675983.762,6434224.046],[5675983.66,6434222.657],[5675983.444,6434221.29],[5675983.267,6434219.776],[5675983.113,6434218.313],[5675982.926,6434216.969],[5675982.816,6434215.671],[5675982.796,6434215.011],[5675982.701,6434214.997],[5675982.101,6434214.463],[5675981.468,6434213.951],[5675981.244,6434213.77],[5675980.901,6434213.476],[5675980.312,6434212.968],[5675979.475,6434212.29],[5675978.623,6434211.569],[5675977.883,6434210.97],[5675977.082,6434210.305],[5675976.367,6434209.695],[5675975.752,6434209.18],[5675975.124,6434208.641],[5675974.386,6434207.979],[5675973.584,6434207.297],[5675972.768,6434206.572],[5675972.08,6434205.968],[5675971.569,6434205.424],[5675971.166,6434204.905],[5675970.724,6434204.257],[5675970.366,6434203.404],[5675970.227,6434202.501],[5675970.167,6434201.518],[5675970.127,6434200.791],[5675970.106,6434200.179],[5675970.11,6434199.617],[5675970.165,6434199.13],[5675970.186,6434198.825],[5675970.231,6434198.651],[5675970.29,6434198.457],[5675970.429,6434198.166],[5675970.623,6434197.727],[5675970.896,6434197.19],[5675971.134,6434196.738],[5675971.52,6434196.26],[5675972.072,6434195.578],[5675973.022,6434194.445],[5675974.157,6434193.042],[5675975.174,6434191.785],[5675976.272,6434190.448],[5675977.567,6434189.046],[5675978.882,6434187.821],[5675979.897,6434186.805],[5675980.775,6434185.919],[5675981.669,6434185.014],[5675982.566,6434184.144],[5675983.371,6434183.328],[5675984.054,6434182.624],[5675984.534,6434182.19],[5675984.772,6434181.996],[5675984.982,6434181.875],[5675985.161,6434181.794],[5675985.398,6434181.68],[5675985.811,6434181.449],[5675986.396,6434181.085],[5675987.255,6434180.522],[5675988.16,6434179.981],[5675989.123,6434179.294]]}},{"type":"Feature","properties":{},"geometry":{"type":"LineString","coordinates":[[5675678.312,6434637.105],[5675679.271,6434636.139],[5675680.171,6434635.207],[5675680.988,6434634.256],[5675681.8,6434633.253],[5675682.628,6434632.23],[5675683.336,6434631.336],[5675683.831,6434630.624],[5675684.075,6434629.983],[5675683.976,6434629.21],[5675683.639,6434628.47],[5675683.175,6434627.868],[5675682.667,6434627.28],[5675682.071,6434626.443],[5675681.454,6434625.492],[5675681.17,6434624.827],[5675681.294,6434624.395],[5675681.706,6434623.906],[5675682.33,6434623.154],[5675683.21,6434622.286],[5675684.17,6434621.499],[5675685.114,6434620.731],[5675685.892,6434620.088],[5675686.718,6434619.466],[5675687.681,6434618.794],[5675688.717,6434618.311],[5675689.767,6434618.129],[5675690.631,6434618.296],[5675691.676,6434618.658],[5675692.975,6434619.145],[5675694.486,6434619.787],[5675696.025,6434620.436],[5675697.522,6434621.116],[5675699.02,6434621.796],[5675700.519,6434622.573],[5675701.86,6434623.207],[5675703.047,6434623.732],[5675704.24,6434624.15],[5675705.526,6434624.513],[5675707.017,6434624.704],[5675708.666,6434624.878],[5675710.394,6434625.132],[5675712.063,6434625.321],[5675713.689,6434625.364],[5675715.358,6434625.393],[5675716.895,6434625.427],[5675718.326,6434625.311],[5675719.662,6434625.135],[5675720.926,6434624.788],[5675722.148,6434624.454],[5675723.331,6434624.187],[5675724.441,6434623.891],[5675725.498,6434623.441],[5675726.659,6434623.043],[5675727.946,6434622.907],[5675729.145,6434622.959],[5675730.274,6434623.098],[5675731.565,6434623.256],[5675732.904,6434623.534],[5675734.133,6434623.867],[5675735.332,6434624.08],[5675736.695,6434624.328],[5675738.062,6434624.531],[5675739.488,6434624.96],[5675740.944,6434625.332],[5675742.307,6434625.5],[5675743.545,6434625.824],[5675744.695,6434626.175],[5675745.992,6434626.466],[5675747.269,6434626.581],[5675748.494,6434626.541],[5675749.569,6434626.508],[5675750.62,6434626.246],[5675751.677,6434625.876],[5675752.74,6434625.398],[5675753.769,6434624.844],[5675754.868,6434624.283],[5675755.805,6434623.783],[5675756.604,6434623.334],[5675757.386,6434622.806],[5675758.231,6434622.2],[5675759.092,6434621.494],[5675759.79,6434620.85],[5675760.342,6434620.248],[5675760.817,6434619.681],[5675761.313,6434619.068],[5675761.889,6434618.357],[5675762.59,6434617.489],[5675763.379,6434616.515],[5675764.183,6434615.522],[5675765.105,6434614.382],[5675765.935,6434613.376],[5675766.668,6434612.47],[5675767.395,6434611.592],[5675768.278,6434610.581],[5675769.168,6434609.641],[5675770.246,6434608.627],[5675771.373,6434607.653],[5675772.407,6434606.893],[5675773.378,6434606.211],[5675774.381,6434605.669],[5675775.213,6434605.198],[5675775.977,6434604.752],[5675776.865,6434604.213],[5675777.88,6434603.616],[5675779.003,6434602.945],[5675780.16,6434602.253],[5675781.183,6434601.726],[5675782.133,6434601.269],[5675783.044,6434600.781],[5675784.088,6434600.128],[5675785.175,6434599.443],[5675786.387,6434598.602],[5675787.617,6434597.679],[5675788.695,6434596.826],[5675789.729,6434595.986],[5675790.754,6434595.139],[5675791.709,6434594.316],[5675792.587,6434593.511],[5675793.345,6434592.754],[5675794.077,6434592.008],[5675794.693,6434591.346],[5675795.16,6434590.789],[5675795.617,6434590.224],[5675796.25,6434589.462],[5675796.952,6434588.595],[5675797.661,6434587.718],[5675798.341,6434586.898],[5675799.054,6434586.137],[5675799.794,6434585.462],[5675800.48,6434584.873],[5675801.151,6434584.303],[5675801.821,6434583.813],[5675802.526,6434583.4],[5675803.051,6434583.309],[5675803.411,6434583.343],[5675803.823,6434583.531],[5675804.264,6434583.743],[5675804.882,6434584.114],[5675805.434,6434584.448],[5675805.863,6434584.715],[5675806.22,6434584.971],[5675806.555,6434585.194],[5675807.01,6434585.53],[5675807.587,6434585.932],[5675808.216,6434586.409],[5675808.82,6434586.898],[5675809.303,6434587.337],[5675809.643,6434587.774],[5675810.112,6434588.33],[5675810.453,6434588.864],[5675810.652,6434589.396],[5675810.55,6434590.039],[5675810.097,6434590.898],[5675809.519,6434592.091],[5675808.769,6434593.676],[5675807.949,6434595.366],[5675807.259,6434597.275],[5675806.504,6434599.323],[5675805.732,6434601.472],[5675804.952,6434603.711],[5675804.259,6434605.923],[5675803.617,6434607.951],[5675803.118,6434609.723],[5675802.812,6434611.297],[5675802.899,6434612.464],[5675803.373,6434613.073],[5675803.879,6434613.385],[5675804.437,6434613.692],[5675805.186,6434614.041],[5675805.998,6434614.472],[5675806.84,6434614.686],[5675807.738,6434614.752],[5675808.723,6434614.452],[5675809.74,6434614.211],[5675810.832,6434613.837],[5675812.096,6434613.312],[5675813.499,6434612.674],[5675814.995,6434612.08],[5675816.435,6434611.616],[5675817.795,6434611.169],[5675818.995,6434610.883],[5675820.044,6434610.603],[5675821.116,6434610.294],[5675822.293,6434609.795],[5675823.504,6434609.276],[5675824.536,6434608.757],[5675825.554,6434608.097],[5675826.715,6434607.279],[5675827.865,6434606.356],[5675829.016,6434605.353],[5675830.09,6434604.384],[5675830.995,6434603.585],[5675831.672,6434602.907],[5675832.314,6434602.412],[5675833.056,6434601.835],[5675833.926,6434601.297],[5675834.697,6434600.922],[5675835.544,6434600.592],[5675836.507,6434600.259],[5675837.437,6434599.947],[5675838.342,6434599.745],[5675839.383,6434599.394],[5675840.67,6434598.92],[5675842.075,6434598.558],[5675843.402,6434598.213],[5675844.575,6434597.84],[5675845.521,6434597.428],[5675846.241,6434597.076],[5675846.983,6434596.757],[5675847.744,6434596.454],[5675848.448,6434596.121],[5675849.137,6434595.808],[5675849.711,6434595.418],[5675850.312,6434594.954],[5675850.894,6434594.473],[5675851.461,6434594.013],[5675852.108,6434593.392],[5675852.869,6434592.67],[5675853.57,6434591.964],[5675854.224,6434591.235],[5675855.049,6434590.355],[5675856.031,6434589.361],[5675856.993,6434588.252],[5675857.891,6434587.142],[5675858.619,6434586.183],[5675859.1,6434585.25],[5675859.256,6434584.28],[5675859.35,6434583.308],[5675859.353,6434582.327],[5675859.261,6434581.285],[5675858.986,6434580.031],[5675858.533,6434578.778],[5675857.948,6434577.708],[5675857.133,6434576.823],[5675856.069,6434575.946],[5675855.037,6434575.11],[5675854.043,6434574.306],[5675853.071,6434573.535],[5675852.04,6434572.717],[5675850.951,6434571.852],[5675849.774,6434570.915],[5675848.634,6434569.993],[5675847.56,6434569.108],[5675846.596,6434568.328],[5675845.737,6434567.616],[5675844.932,6434566.917],[5675844.286,6434566.281],[5675844.044,6434565.763],[5675844.009,6434565.348],[5675844.137,6434564.871],[5675844.395,6434564.193],[5675844.806,6434563.268],[5675845.118,6434562.424],[5675845.365,6434561.56],[5675845.695,6434560.715],[5675846.065,6434559.999],[5675846.515,6434559.363],[5675846.944,6434558.614],[5675847.397,6434558.014],[5675847.817,6434557.435],[5675848.351,6434556.496],[5675848.915,6434555.421],[5675849.208,6434554.561],[5675849.271,6434553.984],[5675849.252,6434553.55],[5675849.118,6434553.118],[5675848.88,6434552.635],[5675848.435,6434552.05],[5675847.858,6434551.567],[5675847.332,6434551.141],[5675846.718,6434550.645],[5675846.046,6434550.101],[5675845.228,6434549.438],[5675844.331,6434548.713],[5675843.387,6434547.948],[5675842.578,6434547.294],[5675841.982,6434546.795],[5675841.349,6434546.283],[5675840.692,6434545.72],[5675839.944,6434545.05],[5675839.101,6434544.239],[5675838.249,6434543.34],[5675837.616,6434542.488],[5675837.077,6434541.601],[5675836.755,6434540.663],[5675836.702,6434539.653],[5675836.861,6434538.54],[5675837.314,6434537.601],[5675837.886,6434536.855],[5675838.546,6434536.019],[5675839.122,6434535.308],[5675839.739,6434534.566],[5675840.448,6434533.689],[5675841.189,6434532.773],[5675841.867,6434531.935],[5675842.49,6434531.166],[5675843.095,6434530.398],[5675843.724,6434529.601],[5675844.263,6434528.876],[5675844.798,6434527.955],[5675845.453,6434526.986],[5675846.043,6434525.899],[5675846.602,6434524.869],[5675847.079,6434524.061],[5675847.559,6434523.208],[5675848.053,6434522.319],[5675848.49,6434521.301],[5675849.103,6434520.185],[5675849.737,6434519.102],[5675850.173,6434518.165],[5675850.532,6434517.263],[5675850.891,6434516.361],[5675851.211,6434515.588],[5675851.419,6434514.853],[5675851.663,6434514.132],[5675851.935,6434513.497],[5675852.388,6434512.719],[5675852.994,6434511.791],[5675853.743,6434510.785],[5675854.484,6434509.869],[5675855.121,6434509.062],[5675855.72,6434508.322],[5675856.493,6434507.367],[5675857.368,6434506.286],[5675858.245,6434505.222],[5675859.214,6434504.024],[5675860.216,6434502.787],[5675861.25,6434501.528],[5675862.251,6434500.291],[5675863.239,6434499.091],[5675864.287,6434497.795],[5675865.434,6434496.418],[5675866.472,6434495.194],[5675867.493,6434493.973],[5675868.53,6434492.732],[5675869.663,6434491.392],[5675870.815,6434490.067],[5675872.03,6434488.745],[5675873.233,6434487.397],[5675874.295,6434486.305],[5675875.169,6434485.304],[5675875.961,6434484.445],[5675876.52043366,6434483.83325001]]}},{"type":"Feature","properties":{},"geometry":{"type":"LineString","coordinates":[[5674073.27,6434397.743],[5674073.759,6434396.882],[5674074.424,6434396.247],[5674075.423,6434396.082],[5674076.644,6434396.422],[5674077.946,6434397.239],[5674079.556,6434398.505],[5674081.418,6434400.135],[5674083.585,6434401.798],[5674085.895,6434403.49],[5674088.164,6434405.233],[5674090.019,6434406.609],[5674091.406,6434407.369],[5674092.531,6434407.675],[5674093.576,6434407.504],[5674094.491,6434407.024],[5674095.302,6434406.255],[5674096.006,6434405.361],[5674096.667,6434404.309],[5674097.206,6434403.203],[5674097.408,6434402.368],[5674097.092,6434401.665],[5674096.733,6434400.597],[5674096.465,6434399.517],[5674096.657,6434398.8],[5674097.185,6434398.181],[5674098.086,6434397.772],[5674099.205,6434397.453],[5674100.389,6434397.474],[5674101.601,6434397.931],[5674102.932,6434398.605],[5674104.294,6434399.345],[5674105.751,6434399.912],[5674107.216,6434400.154],[5674108.578,6434399.736],[5674109.714,6434398.975],[5674110.661,6434397.982],[5674111.364,6434397.088],[5674112.033,6434396.29],[5674112.718,6434395.629],[5674113.628,6434395.104],[5674114.837,6434394.565],[5674116.262,6434394.279],[5674118.088,6434394.061],[5674120.19,6434394.018],[5674122.511,6434394.065],[5674124.716,6434394.102],[5674126.754,6434393.72],[5674128.46,6434393.076],[5674129.865,6434392.237],[5674131.036,6434391.379],[5674132.121,6434390.578],[5674133.193,6434390.056],[5674134.324,6434389.828],[5674135.483,6434390.037],[5674136.659,6434390.961],[5674137.58,6434392.472],[5674137.658,6434394.477],[5674137.199,6434396.639],[5674136.57,6434398.544],[5674135.793,6434400.373],[5674135.333,6434401.956],[5674135.305,6434403.465],[5674135.721,6434404.619],[5674136.577,6434405.582],[5674137.716,6434406.395],[5674138.923,6434406.807],[5674139.984,6434406.773],[5674140.925,6434406.313],[5674141.736,6434405.544],[5674142.666,6434404.414],[5674143.681,6434403.02],[5674144.861,6434401.466],[5674146.394,6434399.569],[5674148.077,6434397.377],[5674149.926,6434395.025],[5674151.878,6434392.754],[5674153.663,6434390.642],[5674155.271,6434388.598],[5674156.859,6434386.578],[5674158.286,6434384.764],[5674159.633,6434383.051],[5674160.853,6434381.447],[5674161.985,6434380.061],[5674163.143,6434378.904],[5674164.595,6434377.688],[5674166.385,6434376.78],[5674168.34,6434376.662],[5674170.244,6434377.291],[5674172.028,6434378.073],[5674173.81,6434378.647],[5674175.514,6434378.953],[5674176.922,6434379.109],[5674177.901,6434378.969],[5674178.75,6434378.52],[5674179.673,6434377.715],[5674180.778,6434376.888],[5674182.04,6434376.02],[5674183.332,6434375.008],[5674184.667,6434373.784],[5674186.164,6434372.354],[5674187.761,6434370.797],[5674189.299,6434369.525],[5674190.916,6434368.522],[5674192.748,6434367.77],[5674194.675,6434367.424],[5674196.43,6434367.191],[5674197.918,6434366.666],[5674199.086,6434365.97],[5674200.109,6434365.038],[5674200.938,6434364.035],[5674201.711,6434362.947],[5674202.488,6434361.697],[5674203.31,6434360.441],[5674204.107,6434359.164],[5674204.716,6434357.864],[5674205.204,6434356.718],[5674205.634,6434355.856],[5674205.984,6434355.305],[5674206.246,6434354.972],[5674206.547,6434354.589],[5674206.823,6434354.185],[5674207.094,6434353.736],[5674207.333,6434353.221],[5674207.724,6434352.619],[5674208.397,6434352.238],[5674209.467,6434352.087],[5674210.626,6434352.295],[5674211.477,6434352.633],[5674212.319,6434352.51],[5674213.037,6434352.123],[5674213.662,6434351.539],[5674214.068,6434350.865],[5674214.473,6434350.191],[5674214.758,6434349.671],[5674214.959,6434349.415],[5674214.985,6434349.436],[5674216.957,6434345.981],[5674217.062,6434344.533],[5674217.17,6434342.922],[5674217.626,6434341.502],[5674218.616,6434340.295],[5674220.028,6434339.131],[5674221.685,6434338.076],[5674223.282,6434337.098],[5674224.741,6434336.136],[5674226.088,6434335.581],[5674227.483,6434335.438],[5674228.679,6434335.758],[5674229.959,6434336.392],[5674231.085,6434336.906],[5674232.17,6434337.262],[5674233.351,6434337.654],[5674234.633,6434337.917],[5674235.944,6434338.038],[5674237.174,6434338.054],[5674238.417,6434337.998],[5674239.513,6434337.867],[5674240.549,6434337.812],[5674241.564,6434337.783],[5674242.674,6434337.581],[5674243.575,6434337.173],[5674244.282,6434336.694],[5674244.972,6434336.079],[5674245.678,6434335.393],[5674246.421,6434334.447],[5674247.123,6434333.345],[5674247.484,6434332.097],[5674247.572,6434330.512],[5674247.297,6434329.179],[5674246.811,6434328.218],[5674246.434,6434327.383],[5674246.067,6434326.64],[5674245.695,6434325.851],[5674245.332,6434324.945],[5674244.983,6434323.968],[5674244.701,6434322.959],[5674244.342,6434321.891],[5674244.066,6434320.558],[5674244.48,6434318.98],[5674245.626,6434317.523],[5674246.817,6434316.64],[5674247.759,6434316.388],[5674248.7,6434316.507],[5674249.826,6434317.021],[5674251.431,6434317.663],[5674253.091,6434318.182],[5674254.806,6434318.579],[5674256.478,6434318.819],[5674257.823,6434318.635],[5674258.955,6434318.037],[5674260.101,6434317.159],[5674261.082,6434316.069],[5674262.121,6434314.695],[5674263.242,6434313.218],[5674264.433,6434311.755],[5674265.697,6434310.516],[5674267.087,6434309.748],[5674268.729,6434309.343],[5674270.455,6434309.253],[5674272.208,6434309.39],[5674274.013,6434309.568],[5674276.003,6434309.562],[5674277.884,6434309.221],[5674279.611,6434308.552],[5674281.136,6434307.559],[5674282.504,6434306.608],[5674283.624,6434305.71],[5674284.698,6434304.818],[5674285.773,6434303.925],[5674286.836,6434302.941],[5674287.766,6434301.811],[5674288.681,6434300.752],[5674289.551,6434299.699],[5674290.421,6434298.646],[5674291.236,6434297.715],[5674291.879,6434296.897],[5674292.442,6434296.181],[5674292.964,6434295.517],[5674293.567,6434294.75],[5674294.231,6434293.907],[5674294.98,6434293.007],[5674295.841,6434292.07],[5674296.703,6434291.342],[5674297.664,6434290.856],[5674298.818,6434291.02],[5674300.191,6434291.851],[5674301.794,6434292.864],[5674303.548,6434293.788],[5674305.232,6434294.12],[5674306.693,6434293.945],[5674308.076,6434293.502],[5674309.168,6434292.955],[5674310.087,6434292.312],[5674310.944,6434291.538],[5674311.658,6434290.735],[5674312.325,6434289.729],[5674313.082,6434288.504],[5674313.782,6434287.193],[5674314.531,6434285.714],[5674315.224,6434284.149],[5674316.085,6434282.634],[5674317.052,6434281.037],[5674318.329,6434279.518],[5674319.634,6434278.227],[5674320.903,6434277.033],[5674322.001,6434275.953],[5674323.083,6434274.735],[5674324.148,6434273.381],[5674325.201,6434271.726],[5674326.186,6434269.895],[5674327.389,6434267.945],[5674328.725,6434266.142],[5674330.031,6434264.48],[5674331.314,6434263.007],[5674332.578,6434261.768],[5674333.895,6434260.777],[5674335.262,6434260.196],[5674336.515,6434260.024],[5674337.534,6434259.832],[5674338.591,6434259.382],[5674339.503,6434258.485],[5674340.386,6434257.153],[5674341.336,6434255.418],[5674342.23,6434253.598],[5674343.226,6434251.858],[5674344.29,6434250.295],[5674345.517,6434248.944],[5674346.696,6434247.761],[5674347.86,6434246.65],[5674348.965,6434245.823],[5674350.087,6434245.133],[5674351.376,6434244.493],[5674352.726,6434243.776],[5674354.074,6434242.85],[5674355.366,6434241.839],[5674356.627,6434240.762],[5674357.777,6434239.93],[5674358.742,6434239.282],[5674359.641,6434238.665],[5674360.545,6434238.094],[5674361.46,6434237.614],[5674362.498,6434237.189],[5674363.55,6434236.693],[5674364.449,6434236.076],[5674365.194,6434235.339],[5674365.823,6434234.592],[5674366.481,6434233.703],[5674367.148,6434232.697],[5674367.953,6434231.883],[5674368.711,6434231.445],[5674369.206,6434231.131],[5674369.358,6434231.043],[5674369.338,6434231.069],[5674373.202,6434231.626],[5674374.279,6434232.308],[5674375.27,6434233.046],[5674376.233,6434233.926],[5674377.058,6434234.824],[5674377.78,6434235.64],[5674378.268,6434236.23],[5674378.795,6434236.769],[5674379.451,6434237.409],[5674380.042,6434238.287],[5674380.399,6434239.148],[5674380.487,6434239.878],[5674380.335,6434240.545],[5674380.174,6434241.328],[5674380.084,6434242.126],[5674380.18,6434242.74],[5674380.458,6434243.124],[5674381.009,6434243.474],[5674381.869,6434243.696],[5674383.007,6434243.722],[5674384.36,6434243.421],[5674385.645,6434242.735],[5674386.766,6434242.045],[5674387.636,6434241.571],[5674388.359,6434241.23],[5674389.139,6434240.974],[5674389.753,6434240.878],[5674390.361,6434240.736],[5674390.766,6434240.641],[5674391.035,6434240.562],[5674391.278,6434240.464],[5674391.652,6434240.303],[5674392.187,6434239.938],[5674393.015,6434239.307],[5674394.098,6434238.298],[5674395.186,6434237.126],[5674396.242,6434235.888],[5674397.212,6434234.707],[5674398.096,6434233.582],[5674398.804,6434232.525],[5674399.217,6434231.526],[5674399.462,6434230.478],[5674399.636,6434229.415],[5674399.799,6434228.261],[5674399.986,6434226.919],[5674400.171,6434225.369],[5674400.457,6434223.691],[5674400.651,6434222.023],[5674400.886,6434220.305],[5674401.014,6434218.669],[5674401.103,6434217.083],[5674401.186,6434215.453],[5674401.274,6434213.868],[5674401.368,6434212.328],[5674401.441,6434210.814],[5674401.519,6434209.138],[5674401.613,6434207.598],[5674401.707,6434206.059],[5674401.804,6434204.357],[5674401.88,6434202.472],[5674401.936,6434200.613],[5674402.053,6434198.885],[5674402.207,6434197.269],[5674402.321,6434195.704],[5674402.43,6434194.094],[5674402.579,6434192.432],[5674402.696,6434190.704],[5674402.839,6434188.997],[5674403.05,6434187.466],[5674403.211,6434186.104],[5674403.338,6434184.839],[5674403.45,6434183.644],[5674403.562,6434182.45],[5674403.729,6434181.133],[5674403.87,6434179.797],[5674404.068,6434178.546],[5674404.282,6434177.432],[5674404.472,6434176.506],[5674404.639,6434175.768],[5674404.811,6434175.076],[5674404.926,6434174.298],[5674405.056,6434173.449],[5674405.113,6434172.377],[5674405.16,6434171.214],[5674405.257,6434170.091],[5674405.36,6434169.013],[5674405.499,6434168.047],[5674405.755,6434167.091],[5674406.148,6434166.117],[5674406.753,6434164.98],[5674407.555,6434163.749],[5674408.418,6434162.442],[5674409.209,6434161.12],[5674409.946,6434159.921],[5674410.728,6434158.716],[5674411.419,6434157.522],[5674412.095,6434156.399],[5674412.817,6434155.271],[5674413.599,6434154.066],[5674414.478,6434152.895],[5674415.317,6434151.776],[5674416.075,6434150.76],[5674416.744,6434149.962],[5674417.272,6434149.343],[5674417.679,6434148.877],[5674417.992,6434148.585],[5674418.204,6434148.421],[5674418.432,6434148.394],[5674418.657,6434148.529],[5674418.969,6434148.816],[5674419.542,6434149.349],[5674420.101,6434149.954],[5674420.277,6434150.466],[5674420.162,6434150.665],[5674419.826,6434151.145],[5674419.26,6434152.023],[5674418.492,6434153.157],[5674417.655,6434154.484],[5674416.752,6434155.842],[5674415.875,6434157.221],[5674414.989,6434158.716],[5674414.036,6434160.242],[5674413.049,6434161.865],[5674412.077,6434163.417],[5674411.125,6434164.943],[5674410.314,6434166.291],[5674409.583,6434167.536],[5674408.903,6434168.821],[5674408.239,6434170.244],[5674407.522,6434171.997],[5674406.809,6434174.166],[5674406.225,6434176.644],[5674405.733,6434179.111],[5674405.343,6434181.079],[5674405.037,6434182.783],[5674404.812,6434184.385],[5674404.711,6434185.67],[5674404.689,6434186.645],[5674404.743,6434187.681],[5674404.808,6434188.808],[5674404.84,6434190.239],[5674404.915,6434191.828],[5674405.02,6434193.483],[5674405.16,6434195.041],[5674405.208,6434196.61],[5674405.268,6434198.27],[5674405.358,6434199.995],[5674405.419,6434201.864],[5674405.371,6434203.977],[5674405.319,6434206.252],[5674405.135,6434208.59],[5674405.001,6434210.759],[5674404.819,6434212.726],[5674404.747,6434214.448],[5674404.507,6434216.121],[5674404.384,6434217.803],[5674404.177,6434219.749],[5674403.905,6434221.935],[5674403.514,6434224.274],[5674403.115,6434226.36],[5674403.017,6434228.062],[5674402.803,6434229.755],[5674402.601,6434231.168],[5674402.44,6434232.53],[5674402.291,6434233.613],[5674402.075,6434234.519],[5674401.889,6434235.282],[5674401.609,6434235.848],[5674401.223,6434236.496],[5674400.646,6434237.283],[5674399.994,6434238.218],[5674399.169,6434239.266],[5674398.322,6434240.502],[5674397.58,6434241.656],[5674397.106,6434242.731],[5674397.33192801,6434243.44190342]]}},{"type":"Feature","properties":{},"geometry":{"type":"LineString","coordinates":[[5674397.33192801,6434243.44190342],[5674397.095,6434243.798],[5674397.591,6434244.85],[5674398.513,6434245.782],[5674399.694,6434246.752],[5674400.672,6434247.77],[5674401.645,6434248.742],[5674402.435,6434249.735],[5674403.016,6434250.523],[5674403.306,6434251.206],[5674403.3,6434251.739],[5674403.132,6434252.269],[5674402.916,6434252.596],[5674402.679,6434252.74],[5674402.425,6434252.747],[5674402.009,6434252.75],[5674401.51,6434252.648],[5674400.787,6434252.41],[5674399.925,6434251.981],[5674399.093,6434251.409],[5674398.178,6434250.731],[5674397.238,6434250.033],[5674396.234,6434249.574],[5674395.434,6434249.276],[5674394.758,6434249.241],[5674394.166,6434249.52],[5674393.582,6434250.053],[5674393.13,6434250.732],[5674393.121,6434251.428],[5674393.482,6434252.126],[5674394.19,6434253.013],[5674395.229,6434253.954],[5674396.308,6434254.844],[5674397.381,6434255.688],[5674398.389,6434256.564],[5674399.26,6434257.455],[5674400.161,6434258.413],[5674400.764,6434259.383],[5674401.198,6434260.303],[5674401.541,6434261.235],[5674401.767,6434262.157],[5674401.852,6434263.258],[5674401.702,6434264.712],[5674401.318,6434266.147],[5674400.619,6434267.666],[5674399.724,6434269.279],[5674398.994,6434270.732],[5674398.407,6434272.215],[5674398.085,6434273.781],[5674398.255,6434275.197],[5674398.844,6434276.446],[5674399.813,6434277.581],[5674400.813,6434278.781],[5674401.514,6434279.994],[5674401.822,6434281.022],[5674401.778,6434281.815],[5674401.642,6434282.618],[5674401.427,6434283.524],[5674401.17,6434284.481],[5674400.673,6434285.744],[5674399.98,6434287.309],[5674399.452,6434289.086],[5674399.237,6434290.779],[5674399.408,6434292.402],[5674399.99,6434293.977],[5674400.87,6434295.33],[5674401.616,6434296.538],[5674402.315,6434297.543],[5674402.722,6434298.235],[5674402.981,6434298.852],[5674403.229,6434299.378],[5674403.519,6434300.062],[5674403.926,6434300.754],[5674404.43,6434301.481],[5674404.928,6434302.162],[5674405.319,6434302.718],[5674405.508,6434302.95]]}},{"type":"Feature","properties":{},"geometry":{"type":"LineString","coordinates":[[5675593.927,6432693.95],[5675592.702,6432693.547],[5675591.426,6432693.386],[5675590.377,6432693.648],[5675589.43,6432694.412],[5675588.551,6432695.501],[5675587.861,6432696.652],[5675587.358,6432697.535],[5675586.874,6432698.283],[5675586.364,6432698.951],[5675586.059,6432699.514],[5675585.86,6432700.132],[5675585.667,6432700.816],[5675585.721,6432701.489],[5675585.994,6432702.189],[5675586.612,6432703.018],[5675587.746,6432704.023],[5675589.17,6432705.263],[5675590.807,6432706.645],[5675592.506,6432708.136],[5675594.27,6432709.77],[5675596.087,6432711.597],[5675597.809,6432713.616],[5675599.469,6432715.676],[5675600.996,6432717.898],[5675602.397,6432720.168],[5675603.503,6432722.32],[5675604.322,6432724.27],[5675604.939,6432726.027],[5675605.519,6432727.755],[5675605.941,6432729.234],[5675606.173,6432730.171],[5675606.212,6432730.382],[5675606.168,6432730.436],[5675606.093,6432730.826],[5675605.943,6432731.753],[5675605.742,6432733.3],[5675605.498,6432735.381],[5675605.253,6432737.761],[5675604.949,6432740.213],[5675604.631,6432742.534],[5675604.144,6432744.509],[5675603.516,6432746.399],[5675602.77,6432748.435],[5675601.922,6432750.598],[5675600.928,6432752.793],[5675599.992,6432755.064],[5675599.161,6432757.391],[5675598.326,6432759.685],[5675597.388,6432761.774],[5675596.358,6432763.791],[5675595.248,6432765.982],[5675593.918,6432768.296],[5675592.293,6432770.79],[5675590.486,6432773.288],[5675588.589,6432775.713],[5675586.509,6432778.14],[5675584.423,6432780.502],[5675582.512,6432782.646],[5675580.751,6432784.642],[5675579.112,6432786.376],[5675577.623,6432787.811],[5675576.267,6432789.084],[5675574.976,6432790.2],[5675573.683,6432791.135],[5675572.282,6432791.832],[5675570.642,6432792.306],[5675568.789,6432792.489],[5675566.835,6432792.5],[5675565.041,6432792.46],[5675563.553,6432792.487],[5675562.253,6432792.577],[5675560.975,6432792.714],[5675559.61,6432792.811],[5675558.238,6432792.842],[5675557.06,6432792.671],[5675556.123,6432792.274],[5675555.219,6432791.874],[5675554.238,6432791.532],[5675553.151,6432791.284],[5675552.034,6432791.221],[5675550.702,6432791.314],[5675549.213,6432791.342],[5675547.791,6432791.213],[5675546.679,6432791.034],[5675545.789,6432790.765],[5675545.19,6432790.431],[5675544.627,6432790.127],[5675544.072,6432789.888],[5675543.574,6432789.726],[5675543.269,6432789.659],[5675543.17,6432789.67],[5675542.954,6432789.975],[5675542.544,6432790.483],[5675542.012,6432791.253],[5675541.301,6432792.357],[5675540.606,6432793.625],[5675540.191,6432795.028],[5675540.162,6432796.473],[5675540.771,6432797.684],[5675541.679,6432798.747],[5675542.543,6432799.864],[5675543.127,6432800.845],[5675543.476,6432801.636],[5675543.454,6432802.368],[5675542.973,6432803.149],[5675541.981,6432804.266],[5675540.807,6432805.387],[5675539.609,6432806.278],[5675538.379,6432806.874],[5675537.031,6432807.284],[5675535.676,6432807.479],[5675534.523,6432807.387],[5675533.579,6432807.074],[5675532.708,6432806.521],[5675532.063,6432806.06],[5675531.514,6432805.887],[5675531.041,6432805.954],[5675530.523,6432806.076],[5675529.787,6432806.321],[5675528.737,6432806.732],[5675527.438,6432807.302],[5675526.143,6432808.055],[5675525.009,6432809.088],[5675523.94,6432810.413],[5675522.807,6432811.926],[5675521.779,6432813.644],[5675520.79,6432815.723],[5675519.801,6432818.282],[5675518.709,6432821.117],[5675517.632,6432823.934],[5675516.622,6432826.446],[5675515.661,6432828.637],[5675514.559,6432830.595],[5675513.192,6432832.399],[5675511.699,6432834.101],[5675510.067,6432835.751],[5675508.392,6432837.306],[5675506.627,6432838.788],[5675504.892,6432839.936],[5675503.23,6432840.512],[5675501.679,6432840.579],[5675500.063,6432840.653],[5675498.559,6432840.848],[5675497.327,6432841.262],[5675496.334,6432841.899],[5675495.351,6432842.634],[5675494.536,6432843.384],[5675493.873,6432844.168],[5675493.229,6432844.967],[5675492.599,6432845.747],[5675492.218,6432846.219],[5675492.203,6432846.237],[5675491.821,6432846.228],[5675490.998,6432846.283],[5675489.681,6432846.358],[5675488.214,6432846.433],[5675486.885,6432846.559],[5675485.821,6432846.839],[5675484.997,6432847.193],[5675484.19,6432847.561],[5675483.267,6432848.074],[5675482.171,6432848.838],[5675480.846,6432849.776],[5675479.264,6432850.957],[5675477.434,6432852.297],[5675475.528,6432853.546],[5675473.696,6432854.405],[5675471.998,6432854.803],[5675470.314,6432854.702],[5675468.624,6432854.237],[5675467.034,6432853.612],[5675465.749,6432852.905],[5675464.806,6432852.293],[5675463.918,6432851.726],[5675462.844,6432851.128],[5675461.351,6432850.493],[5675459.608,6432849.835],[5675457.588,6432849.223],[5675455.603,6432848.79],[5675454.035,6432848.693],[5675453.088,6432848.977],[5675452.777,6432849.325],[5675452.652,6432849.554],[5675452.697,6432849.831],[5675452.618,6432850.337],[5675452.429,6432851.053],[5675452.122,6432852.064],[5675451.774,6432853.162],[5675451.426,6432854.26],[5675451.075,6432855.325],[5675450.819,6432856.347],[5675450.817,6432857.275],[5675451.123,6432857.972],[5675451.528,6432858.508],[5675452.02,6432859.085],[5675452.565,6432859.856],[5675453.313,6432860.969],[5675454.273,6432862.374],[5675455.372,6432863.83],[5675456.656,6432865.317],[5675458.134,6432866.749],[5675459.775,6432868.164],[5675461.587,6432869.627],[5675463.543,6432871.207],[5675465.819,6432872.984],[5675468.378,6432874.931],[5675471.174,6432876.918],[5675474.075,6432878.81],[5675476.694,6432880.535],[5675478.807,6432882.032],[5675480.387,6432883.337],[5675481.561,6432884.404],[5675482.466,6432885.285],[5675483.273,6432886.027],[5675484.139,6432886.846],[5675485.175,6432887.712],[5675486.223,6432888.528],[5675487.219,6432889.332],[5675487.98,6432889.947],[5675488.488,6432890.356],[5675488.796,6432890.605],[5675489.133,6432890.818],[5675489.644,6432891.111],[5675490.417,6432891.674],[5675491.403,6432892.38],[5675492.473,6432893.094],[5675493.641,6432893.648],[5675494.867,6432893.798],[5675496.059,6432893.472],[5675497.221,6432893.181],[5675498.281,6432893.018],[5675499.195,6432892.886],[5675499.861,6432892.765],[5675500.247,6432892.807],[5675500.443,6432892.935],[5675500.707,6432893.238],[5675501.228,6432893.779],[5675501.966,6432894.644],[5675502.27592767,6432893.95755346]]}},{"type":"Feature","properties":{},"geometry":{"type":"LineString","coordinates":[[5675502.27592767,6432893.95755346],[5675502.983,6432895.645],[5675504.073,6432896.705],[5675504.959,6432897.87],[5675505.459,6432898.993],[5675505.767,6432899.871],[5675506.105,6432900.564],[5675506.482,6432900.988],[5675506.953,6432901.368],[5675507.663,6432901.971],[5675508.519,6432902.542],[5675509.426,6432903.125],[5675510.379,6432903.834],[5675511.48,6432904.843],[5675512.664,6432906.009],[5675513.702,6432907.207],[5675514.608,6432908.568],[5675515.271,6432909.972],[5675515.632,6432911.193],[5675515.557,6432912.212],[5675515.204,6432912.946],[5675514.838,6432913.399],[5675514.56,6432913.744],[5675514.263,6432914.074],[5675513.864,6432914.531],[5675513.348,6432915.134],[5675512.685,6432915.917],[5675511.895,6432916.748],[5675510.934,6432917.531],[5675509.911,6432918.204],[5675508.733,6432918.811],[5675507.311,6432919.312],[5675505.824,6432919.67],[5675504.495,6432919.946],[5675503.366,6432920.083],[5675502.434,6432920.2],[5675501.457,6432920.371],[5675500.358,6432920.472],[5675499.094,6432920.591],[5675497.802,6432920.747],[5675496.749,6432920.976],[5675496.026,6432921.352],[5675495.605,6432921.911],[5675495.368,6432922.649],[5675495.332,6432923.399],[5675495.598,6432924.033],[5675496.24,6432924.461],[5675497.282,6432924.913],[5675498.666,6432925.311],[5675500.17,6432925.746],[5675501.606,6432926.007],[5675502.865,6432926.153],[5675504.065,6432926.223],[5675505.269,6432926.326],[5675506.378,6432926.472],[5675507.257,6432926.941],[5675507.824,6432927.61],[5675508.163,6432928.303],[5675508.229,6432928.925],[5675507.803,6432929.601],[5675506.884,6432930.628],[5675505.618,6432931.973],[5675504.341,6432933.37],[5675503.154,6432934.84],[5675502.058,6432936.383],[5675501.083,6432937.813],[5675500.177,6432939.12],[5675499.337,6432940.42],[5675498.435,6432941.76],[5675497.521,6432943.3],[5675496.467,6432945.087],[5675495.263,6432947.172],[5675494.01,6432949.428],[5675492.737,6432951.487],[5675491.428,6432953.368],[5675489.948,6432955.201],[5675488.399,6432957.008],[5675486.957,6432958.571],[5675485.714,6432959.815],[5675484.536,6432960.903],[5675483.479,6432962.027],[5675482.392,6432963.188],[5675481.395,6432964.571],[5675480.638,6432966.028],[5675480.16,6432967.621],[5675479.838,6432969.429],[5675479.755,6432971.31],[5675479.78,6432973.429],[5675479.9,6432975.654],[5675480.031,6432977.678],[5675480.146,6432979.39],[5675480.365,6432980.675],[5675480.754,6432981.529],[5675481.381,6432981.975],[5675482.191,6432982.269],[5675483.202,6432982.426],[5675484.664,6432982.468],[5675486.502,6432982.453],[5675488.513,6432982.038],[5675490.447,6432981.052],[5675492.322,6432979.508],[5675494.215,6432977.83],[5675496.097,6432976.351],[5675497.998,6432975.368],[5675499.991,6432974.939],[5675502.052,6432974.685],[5675504.029,6432974.423],[5675505.788,6432974.134],[5675507.258,6432973.612],[5675508.546,6432972.794],[5675509.807,6432971.863],[5675511.195,6432970.886],[5675512.68,6432970.047],[5675514.169,6432969.241],[5675515.52,6432968.383],[5675516.773,6432967.387],[5675517.91,6432966.386],[5675519.026,6432965.338],[5675520.144,6432964.323],[5675521.062,6432963.446],[5675521.783,6432962.739],[5675522.244,6432962.242],[5675522.453,6432962.02],[5675522.441,6432962.071]]}},{"type":"Feature","properties":{},"geometry":{"type":"LineString","coordinates":[[5675007.397,6435144.154],[5675004.345,6435140.915],[5675004.155,6435140.725],[5675004.019,6435140.547],[5675003.761,6435140.362],[5675003.445,6435140.097],[5675003.091,6435139.8],[5675002.712,6435139.419],[5675002.349,6435139.02],[5675001.989,6435138.654],[5675001.679,6435138.267],[5675001.474,6435137.906],[5675001.373,6435137.535],[5675001.349,6435137.261],[5675001.605,6435137.031],[5675002.109,6435136.883],[5675002.37,6435137.102],[5675002.49,6435137.488],[5675002.657,6435138.009],[5675003.07,6435138.387],[5675003.548,6435138.724],[5675003.967,6435139.171],[5675004.34,6435139.483],[5675004.703,6435139.693],[5675005.204,6435139.89],[5675005.785,6435140.219],[5675006.463,6435140.47],[5675006.947,6435140.876],[5675007.245,6435141.316],[5675007.592,6435141.734],[5675008.058,6435142.125],[5675008.614,6435142.559],[5675009.263,6435143.072],[5675010.043,6435143.694],[5675010.772,6435144.337],[5675011.403,6435144.834],[5675011.961,6435145.303],[5675012.356,6435145.665],[5675012.623,6435145.952],[5675012.849,6435146.174],[5675013.076,6435146.395],[5675013.355,6435146.63],[5675013.672,6435146.895],[5675013.892,6435147.238],[5675014.081,6435147.619],[5675014.263,6435147.931],[5675014.443,6435148.208],[5675014.757,6435148.44],[5675015.164,6435148.749],[5675015.577,6435149.127],[5675016.061,6435149.533],[5675016.548,6435149.973],[5675017.045,6435150.327],[5675017.548,6435150.748],[5675018.03,6435151.12],[5675018.527,6435151.474],[5675018.952,6435151.799],[5675019.378,6435151.934],[5675019.733,6435152.041],[5675020.128,6435152.023],[5675020.43,6435152.117],[5675020.72,6435152.075],[5675020.9,6435152.162],[5675021.027,6435152.238],[5675021.252,6435152.235],[5675021.55,6435152.295],[5675021.833,6435152.374],[5675022.072,6435152.543],[5675022.399,6435152.721],[5675022.747,6435152.949],[5675023.098,6435153.212],[5675023.446,6435153.44],[5675023.775,6435153.653],[5675024.161,6435153.723],[5675024.531,6435153.811],[5675024.795,6435153.874],[5675025.001,6435153.856],[5675025.212,6435153.906],[5675025.455,6435153.92],[5675025.772,6435153.995],[5675026.193,6435154.062],[5675026.591,6435154.079],[5675026.952,6435154.064],[5675027.323,6435153.962],[5675027.728,6435153.858],[5675028.192,6435153.644],[5675028.538,6435153.459],[5675028.856,6435153.345],[5675029.059,6435153.292],[5675029.264,6435153.274],[5675029.445,6435153.172],[5675029.613,6435153.123],[5675029.729,6435153.061],[5675029.894,6435152.977],[5675030.059,6435152.894],[5675030.19,6435152.813],[5675030.321,6435152.733],[5675030.546,6435152.54],[5675030.69,6435152.407],[5675030.899,6435152.233],[5675031.142,6435152.056],[5675031.435,6435151.858],[5675031.744,6435151.641],[5675032.006,6435151.48],[5675032.237,6435151.356],[5675032.436,6435151.27],[5675032.785,6435151.118],[5675033.253,6435150.939],[5675033.736,6435150.741],[5675034.154,6435150.584],[5675034.5,6435150.398],[5675034.864,6435150.228],[5675035.304,6435150.12],[5675035.652,6435150.159],[5675035.891,6435150.327],[5675036.131,6435150.496],[5675036.298,6435150.637],[5675036.479,6435150.725],[5675036.674,6435150.794],[5675036.908,6435150.894],[5675037.206,6435150.954],[5675037.57,6435150.974],[5675037.966,6435150.956],[5675038.324,6435150.908],[5675038.651,6435150.896],[5675038.981,6435150.919],[5675039.195,6435151.004],[5675039.379,6435151.126],[5675039.655,6435151.326],[5675039.897,6435151.529],[5675040.087,6435151.719],[5675040.273,6435151.875],[5675040.441,6435152.016],[5675040.602,6435152.088],[5675040.761,6435152.126],[5675040.988,6435152.158],[5675041.178,6435152.158],[5675041.355,6435152.212],[5675041.495,6435152.234],[5675041.648,6435152.203],[5675041.891,6435152.216],[5675042.043,6435152.186],[5675042.159,6435152.124],[5675042.436,6435151.944],[5675042.683,6435151.802],[5675042.982,6435151.672],[5675043.278,6435151.508],[5675043.658,6435151.319],[5675044.17,6435151.05],[5675044.747,6435150.74],[5675045.202,6435150.424],[5675045.427,6435150.232],[5675045.57,6435150.098],[5675045.733,6435149.98],[5675045.861,6435149.866],[5675046.088,6435149.708],[5675046.363,6435149.494],[5675046.753,6435149.218],[5675047.23,6435148.951],[5675047.644,6435148.76],[5675048.096,6435148.599],[5675048.601,6435148.451],[5675049.043,6435148.378],[5675049.548,6435148.42],[5675050.126,6435148.524],[5675050.627,6435148.722],[5675051.14,6435148.867],[5675051.566,6435149.002],[5675051.808,6435149.205],[5675051.963,6435149.398],[5675052.187,6435149.586],[5675052.429,6435149.789],[5675052.671,6435149.992],[5675052.873,6435150.13],[5675053.022,6435150.255],[5675053.19,6435150.395],[5675053.355,6435150.502],[5675053.485,6435150.611],[5675053.687,6435150.748],[5675053.814,6435150.824],[5675053.96,6435150.914],[5675054.141,6435151.002],[5675054.371,6435151.068],[5675054.638,6435151.165],[5675054.906,6435151.263],[5675055.173,6435151.36],[5675055.453,6435151.404],[5675055.696,6435151.418],[5675055.846,6435151.353],[5675056.026,6435151.25],[5675056.142,6435151.189],[5675056.279,6435151.177],[5675056.497,6435151.106],[5675056.781,6435150.994],[5675057.061,6435150.849],[5675057.342,6435150.703],[5675057.557,6435150.598],[5675057.732,6435150.428],[5675057.956,6435150.235],[5675058.134,6435150.099],[5675058.346,6435149.959],[5675058.556,6435149.786],[5675058.752,6435149.665],[5675059.03,6435149.485],[5675059.273,6435149.308],[5675059.466,6435149.153],[5675059.61,6435149.02],[5675059.794,6435148.762],[5675060.107,6435148.389],[5675060.454,6435148.014],[5675060.788,6435147.691],[5675061.028,6435147.48],[5675061.331,6435147.195],[5675061.712,6435146.816],[5675062.105,6435146.385],[5675062.561,6435145.878],[5675062.983,6435145.375],[5675063.449,6435144.782],[5675064.011,6435144.112],[5675064.654,6435143.382],[5675065.22,6435142.746],[5675067.198,6435140.121],[5675069.916,6435136.879],[5675070.163,6435136.547],[5675070.641,6435135.901],[5675071.391,6435135.007],[5675072.013,6435134.227],[5675072.341,6435133.836],[5675072.513,6435133.631],[5675072.732,6435133.37],[5675073.153,6435132.867],[5675073.669,6435132.252],[5675074.01,6435131.808],[5675074.163,6435131.588],[5675074.332,6435131.348],[5675074.616,6435130.857],[5675074.873,6435130.438],[5675074.948,6435130.31],[5675074.952,6435130.155],[5675074.918,6435129.968],[5675074.81,6435129.719],[5675074.577,6435129.428],[5675074.345,6435129.138],[5675074.093,6435128.832],[5675073.845,6435128.561],[5675073.6,6435128.323],[5675073.355,6435128.086],[5675073.054,6435127.802],[5675072.731,6435127.468],[5675072.405,6435127.1],[5675072.008,6435126.703],[5675071.555,6435126.26],[5675070.968,6435125.673],[5675070.251,6435124.976],[5675069.388,6435124.189],[5675068.509,6435123.421],[5675067.618,6435122.705],[5675066.764,6435122.021],[5675065.932,6435121.386],[5675065.19,6435120.796],[5675064.525,6435120.302],[5675063.972,6435119.902],[5675063.599,6435119.589],[5675063.423,6435119.346],[5675063.286,6435119.168],[5675063.203,6435119.003],[5675063.122,6435118.872],[5675063.11,6435118.735],[5675063.076,6435118.548],[5675063.021,6435118.311],[5675062.984,6435118.09],[5675062.926,6435117.819],[5675062.88,6435117.495],[5675062.841,6435117.05],[5675062.765,6435116.574],[5675062.706,6435116.303],[5675062.782,6435116.175],[5675062.993,6435116.226],[5675063.117,6435116.266],[5675063.279,6435116.338],[5675063.459,6435116.426],[5675063.658,6435116.53],[5675063.95,6435116.711],[5675064.274,6435116.855],[5675064.566,6435117.037],[5675064.765,6435117.14],[5675064.911,6435117.231],[5675065.075,6435117.337],[5675065.293,6435117.456],[5675065.548,6435117.606],[5675065.84,6435117.788],[5675066.042,6435117.925],[5675066.241,6435118.028],[5675066.421,6435118.116],[5675066.604,6435118.238],[5675066.747,6435118.295],[5675066.875,6435118.37],[5675067.021,6435118.46],[5675067.198,6435118.514],[5675067.394,6435118.583],[5675067.571,6435118.636],[5675067.767,6435118.705],[5675067.963,6435118.774],[5675068.14,6435118.828],[5675068.315,6435118.847],[5675068.489,6435118.866],[5675068.641,6435118.836],[5675068.794,6435118.805],[5675068.925,6435118.724],[5675069.075,6435118.66],[5675069.203,6435118.545],[5675069.365,6435118.427],[5675069.524,6435118.275],[5675069.715,6435118.086],[5675069.918,6435117.843],[5675070.168,6435117.545],[5675070.418,6435117.247],[5675070.686,6435116.965],[5675070.905,6435116.704],[5675071.127,6435116.477],[5675071.345,6435116.216],[5675071.564,6435115.956],[5675071.733,6435115.716],[5675071.808,6435115.589],[5675071.787,6435115.349],[5675071.719,6435115.165],[5675071.667,6435114.963],[5675071.602,6435114.623],[5675071.528,6435114.371],[5675071.479,6435114.203],[5675071.402,6435113.916],[5675071.35,6435113.714],[5675071.263,6435113.514],[5675071.195,6435113.33],[5675071.13,6435113.181],[5675071.062,6435112.997],[5675070.979,6435112.832],[5675070.874,6435112.616],[5675070.768,6435112.401],[5675070.645,6435112.171],[5675070.499,6435111.89],[5675070.335,6435111.594],[5675070.155,6435111.316],[5675069.935,6435110.973],[5675069.684,6435110.667],[5675069.436,6435110.396],[5675069.225,6435110.155],[5675069.07,6435109.962],[5675068.915,6435109.768],[5675068.772,6435109.522],[5675068.642,6435109.223],[5675068.603,6435108.967],[5675068.747,6435108.644],[5675068.997,6435108.346],[5675069.109,6435108.25],[5675069.52,6435108.404],[5675069.883,6435108.613],[5675070.262,6435108.804],[5675070.642,6435108.995],[5675070.987,6435109.189],[5675071.207,6435109.343],[5675071.387,6435109.43],[5675071.655,6435109.528],[5675072.006,6435109.6],[5675072.445,6435109.683],[5675072.865,6435109.749],[5675073.282,6435109.782],[5675073.808,6435109.873],[5675074.39,6435110.012],[5675075.068,6435110.263],[5675075.764,6435110.53],[5675076.408,6435110.594],[5675076.932,6435110.462],[5675077.206,6435110.248],[5675077.344,6435110.046],[5675077.363,6435109.872],[5675077.386,6435109.542],[5675077.409,6435109.212],[5675077.403,6435108.953],[5675077.37,6435108.767],[5675077.261,6435108.517],[5675077.013,6435108.246],[5675076.656,6435107.915],[5675076.299,6435107.584],[5675076.02,6435107.349],[5675075.815,6435107.177],[5675075.628,6435107.021],[5675075.386,6435106.818],[5675075.091,6435106.602],[5675074.759,6435106.356],[5675074.448,6435106.158],[5675074.1,6435105.93],[5675073.786,6435105.699],[5675073.454,6435105.452],[5675073.103,6435105.189],[5675072.712,6435104.861],[5675072.302,6435104.518],[5675071.926,6435104.171],[5675071.535,6435103.843],[5675071.212,6435103.509],[5675070.908,6435103.19],[5675070.66,6435102.919],[5675070.396,6435102.666],[5675070.111,6435102.363],[5675069.804,6435102.01],[5675069.469,6435101.539],[5675069.115,6435101.053],[5675068.662,6435100.609],[5675068.156,6435100.153],[5675067.638,6435099.75],[5675067.159,6435099.412],[5675066.684,6435099.109],[5675066.24,6435098.768],[5675065.796,6435098.428],[5675065.333,6435098.071],[5675064.886,6435097.697],[5675064.401,6435097.29],[5675063.961,6435096.794],[5675063.517,6435096.264],[5675063.158,6435095.708],[5675062.907,6435095.213],[5675062.725,6435094.711],[5675062.748,6435094.191],[5675062.821,6435093.65],[5675062.913,6435093.124],[5675062.964,6435092.722],[5675063.084,6435092.315],[5675063.238,6435091.905],[5675063.429,6435091.525],[5675063.607,6435091.199],[5675063.745,6435090.997],[5675063.885,6435090.829],[5675064.041,6435090.643],[5675064.232,6435090.454],[5675064.404,6435090.249],[5675064.591,6435090.025],[5675064.888,6435089.671],[5675065.219,6435089.314],[5675065.575,6435088.852],[5675065.897,6435088.392],[5675066.085,6435087.978],[5675066.145,6435087.68],[5675066.133,6435087.543],[5675065.925,6435087.337],[5675065.659,6435087.049],[5675065.404,6435086.709],[5675065.169,6435086.385],[5675064.976,6435086.16],[5675064.809,6435086.02],[5675064.641,6435085.879],[5675064.436,6435085.707],[5675064.157,6435085.473],[5675063.862,6435085.257],[5675063.657,6435085.085],[5675063.505,6435084.926],[5675063.374,6435084.817],[5675063.294,6435084.686],[5675063.16,6435084.542],[5675063.002,6435084.314],[5675062.801,6435083.987],[5675062.603,6435083.504],[5675062.372,6435082.834],[5675062.237,6435081.896],[5675062.06,6435080.859],[5675061.926,6435079.922],[5675061.875,6435079.15],[5675061.967,6435078.624],[5675062.205,6435078.189],[5675062.405,6435077.912],[5675062.561,6435077.726],[5675062.736,6435077.555],[5675063.11,6435077.298],[5675063.613,6435076.926],[5675064.112,6435076.52],[5675064.527,6435076.138],[5675064.939,6435075.722],[5675065.411,6435075.198],[5675065.908,6435074.567],[5675066.42,6435073.918],[5675066.899,6435073.272],[5675067.346,6435072.663],[5675067.715,6435072.148],[5675067.99,6435071.744],[5675068.205,6435071.449],[5675068.343,6435071.247],[5675068.431,6435071.066],[5675068.553,6435070.883],[5675068.659,6435070.718],[5675068.797,6435070.516],[5675068.947,6435070.262],[5675069.194,6435069.929],[5675069.487,6435069.541],[5675069.797,6435069.134],[5675070.088,6435068.712],[5675070.319,6435068.398],[5675070.516,6435068.087],[5675070.776,6435067.702],[5675071.019,6435067.335],[5675071.273,6435066.882],[5675071.589,6435066.354]]}},{"type":"Feature","properties":{},"geometry":{"type":"LineString","coordinates":[[5675832.20273813,6433861.23962594],[5675831.52,6433861.393],[5675830.793,6433861.547],[5675829.676,6433861.349],[5675828.691,6433860.903],[5675827.028,6433859.764],[5675825.446,6433858.656],[5675824.172,6433857.693],[5675822.335,6433856.2],[5675820.249,6433854.505],[5675820.063,6433853.148],[5675820.454,6433852.012],[5675821.179,6433851.076],[5675822.659,6433849.69],[5675823.516,6433848.897],[5675825.697,6433845.776],[5675825.745,6433843.971],[5675825.386,6433842.012],[5675824.895,6433839.911],[5675824.612,6433836.986],[5675823.209,6433833.29],[5675823.189,6433832.761],[5675823.124,6433832.142],[5675823.093,6433831.656],[5675823.143,6433831.201],[5675823.163,6433830.827],[5675823.26,6433830.446],[5675823.349,6433829.987],[5675823.568,6433829.279],[5675823.75,6433828.4],[5675823.866,6433827.644],[5675823.846,6433827.451],[5675823.826,6433827.258],[5675823.811,6433826.927],[5675823.732,6433826.544],[5675823.661,6433826.238],[5675823.543,6433825.86],[5675823.396,6433825.386],[5675823.24,6433824.835],[5675823.004,6433824.254],[5675822.814,6433823.746],[5675822.628,6433823.276],[5675822.395,6433822.733],[5675822.153,6433822.289],[5675821.915,6433821.884],[5675821.719,6433821.689],[5675821.505,6433821.516],[5675821.185,6433821.256],[5675820.8,6433820.945],[5675820.394,6433820.615],[5675819.954,6433820.329],[5675819.333,6433820.003],[5675818.699,6433819.737],[5675818.168,6433819.518],[5675817.536,6433819.467],[5675816.759,6433819.509],[5675815.882,6433819.542],[5675815.182,6433819.576],[5675814.503,6433819.627],[5675813.837,6433819.619],[5675813.481,6433819.578],[5675813.318,6433819.517],[5675813.095,6433819.442],[5675812.624,6433819.237],[5675812.127,6433818.976],[5675811.636,6433818.578],[5675811.02,6433818.114],[5675810.315,6433817.542],[5675809.631,6433816.988],[5675809.076,6433816.538],[5675808.52,6433816.087],[5675807.974,6433815.538],[5675807.394,6433814.856],[5675806.785,6433814.078],[5675806.061,6433813.137],[5675805.533,6433812.391],[5675805.134,6433811.748],[5675804.696,6433810.933],[5675804.325,6433809.994],[5675804.027,6433808.832],[5675803.779,6433807.392],[5675803.584,6433805.711],[5675803.476,6433803.747],[5675803.397,6433802.054],[5675803.536,6433800.573],[5675803.966,6433799.081],[5675804.525,6433797.692],[5675805.087,6433796.519],[5675805.796,6433795.252],[5675806.78,6433793.82],[5675807.903,6433792.216],[5675808.873,6433791.019],[5675809.688,6433790.015],[5675810.398,6433789.139],[5675811.091,6433788.285],[5675811.736,6433787.533],[5675812.487,6433786.868],[5675813.422,6433786.457],[5675814.516,6433786.069],[5675815.858,6433785.811],[5675817.341,6433785.598],[5675818.69,6433785.594],[5675820.319,6433785.463],[5675822.499,6433785.176],[5675824.718,6433784.886],[5675826.037,6433784.787],[5675826.7,6433784.581],[5675827.48,6433784.186],[5675828.265,6433783.655],[5675828.923,6433783.019],[5675829.633,6433782.143],[5675830.516,6433781.053],[5675831.66,6433779.643],[5675832.941,6433778.062],[5675833.83,6433776.835],[5675834.096,6433776.201],[5675834.189,6433775.781],[5675834.297,6433775.124],[5675834.45,6433773.974],[5675834.609,6433772.686],[5675834.634,6433771.432],[5675834.638,6433770.16],[5675834.634,6433768.811],[5675834.638,6433767.746],[5675834.478,6433760.575],[5675834.637,6433759.855],[5675835.086,6433758.908],[5675835.299,6433758.515],[5675835.472,6433758.301],[5675835.853,6433757.831],[5675836.425,6433757.126],[5675837.118,6433756.271],[5675837.897,6433755.31],[5675838.653,6433754.683],[5675839.404,6433754.194],[5675839.985,6433753.957],[5675840.609,6433753.755],[5675841.406,6433753.516],[5675842.413,6433753.234],[5675843.467,6433753.026],[5675844.59,6433752.733],[5675845.725,6433752.556],[5675846.584,6433752.544],[5675847.099,6433752.608],[5675847.554,6433752.658],[5675848.224,6433752.705],[5675849.001,6433752.839],[5675849.644,6433753.007],[5675850.231,6433753.2],[5675850.767,6433753.457],[5675851.104,6433753.695],[5675851.357,6433753.864],[5675851.635,6433754.089],[5675851.955,6433754.349],[5675852.297,6433754.626],[5675852.639,6433754.904],[5675853.023,6433755.215],[5675853.365,6433755.493],[5675853.579,6433755.666],[5675853.771,6433755.822],[5675854.092,6433756.082],[5675854.647,6433756.532],[5675855.309,6433757.069],[5675855.865,6433757.519],[5675856.271,6433757.848],[5675856.655,6433758.16],[5675857.061,6433758.489],[5675857.617,6433758.94],[5675858.198,6433759.446],[5675858.804,6433760.009],[5675859.385,6433760.515],[5675859.884,6433760.991],[5675860.341,6433761.432],[5675860.742,6433761.899],[5675861.185,6433762.4],[5675861.625,6433762.862],[5675862.171,6433763.411],[5675862.739,6433763.978],[5675863.233,6433764.591],[5675863.733,6433765.067],[5675864.181,6433765.431],[5675864.801,6433765.933],[5675865.655,6433766.626],[5675866.788,6433767.544],[5675868.006,6433768.532],[5675868.988,6433769.328],[5675869.792,6433769.909],[5675870.52,6433770.322],[5675871.325,6433770.727],[5675872.155,6433771.188],[5675872.925,6433771.635],[5675873.554,6433772.039],[5675874.055,6433772.339],[5675874.44,6433772.65],[5675874.888,6433773.014],[5675875.444,6433773.464],[5675876.127,6433774.019],[5675876.897,6433774.642],[5675877.708,6433775.301],[5675878.499,6433775.942],[5675879.247,6433776.548],[5675879.995,6433777.154],[5675880.7,6433777.726],[5675881.383,6433778.28],[5675882.042,6433778.779],[5675882.73,6433779.195],[5675883.462,6433779.647],[5675883.976,6433779.887],[5675884.25,6433780.073],[5675884.502,6433780.242],[5675884.865,6433780.537],[5675885.335,6433780.918],[5675885.805,6433781.299],[5675886.254,6433781.663],[5675891.755,6433786.419]]}},{"type":"Feature","properties":{},"geometry":{"type":"LineString","coordinates":[[5675526.019,6432917.681],[5675530.523,6432911.891],[5675530.793,6432911.643],[5675531.093,6432911.339],[5675531.447,6432910.949],[5675531.831,6432910.583],[5675532.185,6432910.371],[5675532.495,6432910.172],[5675532.9,6432909.84],[5675533.309,6432909.462],[5675533.659,6432909.117],[5675534.021,6432908.718],[5675534.334,6432908.359],[5675534.685,6432907.933],[5675535.172,6432907.344],[5675535.786,6432906.6],[5675536.489,6432905.749],[5675537.119,6432904.986],[5675537.59,6432904.416],[5675538.085,6432903.816],[5675538.595,6432903.198],[5675539.084,6432902.626],[5675539.655,6432901.993],[5675540.243,6432901.34],[5675540.863,6432900.747],[5675541.584,6432900.091],[5675542.43,6432899.44],[5675543.289,6432898.931],[5675544.108,6432898.648],[5675544.893,6432898.484],[5675545.6,6432898.515],[5675546.147,6432898.658],[5675546.696,6432898.998],[5675547.392,6432899.572],[5675548.242,6432900.274],[5675549.141,6432901.016],[5675549.962,6432901.695],[5675550.823,6432902.405],[5675551.686,6432903.151],[5675552.619,6432903.97],[5675553.465,6432904.815],[5675554.174,6432905.708],[5675554.686,6432906.505],[5675554.778,6432907.28],[5675554.439,6432908.3],[5675553.927,6432909.471],[5675553.348,6432910.488],[5675552.821,6432911.223],[5675552.095,6432912.103],[5675551.146,6432913.075],[5675550.101,6432914.065],[5675549.098,6432914.926],[5675548.119,6432915.678],[5675547.194,6432916.345],[5675546.282,6432916.957],[5675545.537,6432917.545],[5675544.947,6432918.26],[5675544.464,6432918.983],[5675544.171,6432919.83],[5675544.088,6432920.639],[5675544.193,6432921.555],[5675544.449,6432922.465],[5675544.734,6432923.497],[5675545.137,6432924.643],[5675545.704,6432925.63],[5675546.395,6432926.25],[5675546.974,6432926.63],[5675547.567,6432927.055],[5675548.16,6432927.399],[5675548.877,6432927.731],[5675549.703,6432927.892],[5675550.542,6432927.919],[5675551.301,6432927.847],[5675552.097,6432927.61],[5675552.972,6432927.358],[5675553.913,6432926.948],[5675555.003,6432926.532],[5675556.228,6432926.112],[5675557.411,6432925.821],[5675558.549,6432925.722],[5675559.799,6432925.665],[5675561.138,6432925.795],[5675562.415,6432926.118],[5675563.599,6432926.673],[5675564.647,6432927.018],[5675565.751,6432927.118],[5675566.923,6432927.273],[5675568.002,6432927.481],[5675568.992,6432927.779],[5675570.07,6432927.969],[5675571.126,6432928.029],[5675571.961,6432928.198],[5675572.434,6432928.394],[5675572.685,6432928.503],[5675573.11,6432928.578],[5675573.799,6432928.611],[5675574.656,6432928.636],[5675575.551,6432928.595],[5675576.485,6432928.488],[5675577.556,6432928.332],[5675578.791,6432928.214],[5675580.075,6432928.056],[5675581.313,6432927.876],[5675582.591,6432927.549],[5675583.839,6432927.198],[5675584.932,6432926.8],[5675585.92,6432926.43],[5675586.906,6432926.122],[5675587.896,6432925.77],[5675588.945,6432925.385],[5675590.021,6432925.086],[5675591.147,6432924.765],[5675592.416,6432924.35],[5675593.944,6432924.035],[5675595.403,6432923.647],[5675596.771,6432923.249],[5675598.222,6432922.968],[5675599.631,6432922.798],[5675601.116,6432922.594],[5675602.602,6432922.408],[5675604.087,6432922.204],[5675605.385,6432921.813],[5675606.51,6432921.376],[5675607.65,6432920.822],[5675608.757,6432920.111],[5675609.773,6432919.373],[5675610.931,6432918.542],[5675612.047,6432917.741],[5675612.991,6432916.992],[5675614.279,6432916.219],[5675615.883,6432915.398],[5675617.754,6432914.57],[5675619.598,6432913.833],[5675621.207,6432913.065],[5675622.801,6432912.415],[5675624.369,6432911.775],[5675626.035,6432911.136],[5675627.765,6432910.516],[5675629.641,6432909.741],[5675631.582,6432909.004],[5675633.414,6432908.241],[5675635.082,6432907.619],[5675636.763,6432907.041],[5675638.183,6432906.62],[5675639.499,6432906.325],[5675640.757,6432906.081],[5675642.056,6432905.885],[5675643.355,6432905.592],[5675644.648,6432905.246],[5675646.037,6432904.784],[5675647.55,6432904.311],[5675649.021,6432903.868],[5675650.486,6432903.354],[5675651.839,6432902.7],[5675653.15,6432901.978],[5675654.507,6432901.181],[5675655.604,6432900.266],[5675656.552,6432899.294],[5675657.368,6432898.326],[5675658.238,6432897.273],[5675659.032,6432896.271],[5675659.807,6432895.334],[5675660.615,6432894.295],[5675661.453,6432893.28],[5675662.299,6432892.256],[5675663.065,6432891.328],[5675663.664,6432890.603],[5675664.151,6432890.014],[5675664.709,6432889.337],[5675665.372,6432888.535],[5675666.077,6432887.72],[5675666.666,6432887.085],[5675667.005,6432886.715],[5675667.232,6432886.479],[5675667.385,6432886.313],[5675667.604,6432886.088],[5675667.982,6432885.669],[5675668.504,6432885.076],[5675669.15,6432884.374],[5675669.814,6432883.687],[5675670.444,6432883.102],[5675671.19,6432882.532],[5675672.168,6432881.86],[5675673.268,6432881.256],[5675674.472,6432880.625],[5675675.879,6432879.886],[5675677.251,6432879.149],[5675678.428,6432878.61],[5675679.376,6432878.19],[5675680.269,6432877.659],[5675681.362,6432876.985],[5675682.537,6432876.33],[5675683.75,6432875.609],[5675684.913,6432874.928],[5675685.962,6432874.347],[5675686.999,6432873.839],[5675687.925,6432873.466],[5675689.027,6432872.978],[5675690.324,6432872.391],[5675691.671,6432871.862],[5675693.102,6432871.271],[5675694.571,6432870.713],[5675696.05,6432870.26],[5675697.445,6432869.771],[5675698.705,6432869.348],[5675699.706,6432869.119],[5675700.715,6432868.96],[5675701.943,6432868.674],[5675703.067,6432868.513],[5675704.172,6432868.336],[5675705.224,6432868.165],[5675706.122,6432868.061],[5675707.063,6432867.945],[5675708.013,6432867.819],[5675708.948,6432867.827],[5675709.809,6432867.888],[5675710.716,6432867.97],[5675711.661,6432867.987],[5675712.723,6432867.921],[5675713.909,6432867.843],[5675715.141,6432867.788],[5675716.201,6432867.705],[5675717.172,6432867.71],[5675718.197,6432867.728],[5675719.301,6432867.729],[5675720.354,6432867.754],[5675721.435,6432867.882],[5675722.48,6432868.014],[5675723.454,6432868.054],[5675724.422,6432868.024],[5675725.298,6432868.065],[5675726.149,6432868.118],[5675727.186,6432868.259],[5675728.334,6432868.345],[5675729.652,6432868.442],[5675730.875,6432868.575],[5675732.036,6432868.704],[5675733.161,6432868.837],[5675734.381,6432868.934],[5675735.776,6432868.997],[5675737.116,6432869.047],[5675738.457,6432869.195],[5675739.632,6432869.288],[5675740.792,6432869.222],[5675741.991,6432869.107],[5675743.073,6432869.057],[5675744.091,6432869.005],[5675744.926,6432869.076],[5675745.515,6432869.367],[5675745.875,6432869.778],[5675746.077,6432870.124],[5675746.113,6432870.414],[5675746.122,6432870.6],[5675746.056,6432870.936],[5675746.032,6432871.339],[5675746.096,6432871.635],[5675746.179,6432871.85],[5675746.35,6432871.958],[5675746.792,6432872.21],[5675747.296,6432872.545],[5675747.769,6432872.838],[5675748.421,6432873.23],[5675749.172,6432873.737],[5675750.029,6432874.314],[5675750.881,6432874.855],[5675751.604,6432875.338],[5675752.275,6432875.746],[5675752.945,6432876.234],[5675753.642,6432876.728],[5675754.287,6432877.148],[5675754.95,6432877.565],[5675755.681,6432878.038],[5675756.358,6432878.419],[5675756.931,6432878.729],[5675757.408,6432878.879],[5675757.937,6432878.829],[5675758.569,6432878.635],[5675759.365,6432878.301],[5675760.354,6432877.851],[5675761.29,6432877.387],[5675762.291,6432876.784],[5675763.245,6432876.141],[5675764.15,6432875.459],[5675765.119,6432874.698],[5675766.036,6432874.041],[5675767.166,6432873.479],[5675768.379,6432873.132],[5675769.333,6432872.961],[5675770.291,6432873.021],[5675771.209,6432873.209],[5675772.136,6432873.601],[5675773.153,6432874.181],[5675774.116,6432874.57],[5675775.183,6432874.931],[5675776.217,6432875.313],[5675777.247,6432875.758],[5675778.24,6432876.268],[5675779.22,6432876.931],[5675780.21,6432877.603],[5675781.245,6432878.278],[5675782.275,6432878.723],[5675783.286,6432879.152],[5675784.457,6432879.663],[5675785.674,6432880.295],[5675787.067,6432880.99],[5675788.262,6432881.472],[5675789.45,6432882.08],[5675790.729,6432882.795],[5675792.08,6432883.52],[5675793.446,6432884.209],[5675794.638,6432884.852],[5675795.85,6432885.609],[5675796.954,6432886.358],[5675798.199,6432887.192],[5675799.411,6432887.948],[5675800.683,6432888.771],[5675801.875,6432889.512],[5675803.088,6432890.286],[5675804.369,6432891.116],[5675805.642,6432891.858],[5675807.062,6432892.56],[5675808.335,6432893.302],[5675809.553,6432894.129],[5675810.717,6432894.846],[5675811.909,6432895.489],[5675813.132,6432896.093],[5675814.319,6432896.861],[5675815.362,6432897.625],[5675816.323,6432898.37],[5675817.145,6432899.049],[5675817.82,6432899.688],[5675818.323,6432900.298],[5675818.835,6432900.899],[5675819.071,6432901.42],[5675819.174,6432901.846],[5675819.228,6432902.037],[5675819.352,6432902.123],[5675819.683,6432902.332],[5675820.305,6432902.78],[5675821.227,6432903.395],[5675822.391,6432904.112],[5675823.589,6432904.728],[5675824.8,6432905.387],[5675825.812,6432906.011],[5675826.523,6432906.371],[5675827.19,6432906.645],[5675827.757,6432906.805],[5675828.27,6432906.854],[5675828.746,6432906.71],[5675829.355,6432906.385],[5675830.016,6432905.841],[5675830.596,6432905.296],[5675831.142,6432904.675],[5675831.732,6432903.959],[5675832.47,6432903.106],[5675833.181,6432902.343],[5675833.744,6432901.72],[5675834.137,6432901.264],[5675834.344,6432901.013],[5675834.454,6432900.86],[5675834.497,6432900.749],[5675834.458,6432900.619],[5675834.412,6432900.419],[5675834.394,6432900.225],[5675834.378,6432899.968],[5675834.295,6432899.655],[5675834.109,6432899.388],[5675833.943,6432899.235],[5675833.806,6432899.106],[5675833.734,6432898.997],[5675833.76,6432898.905],[5675833.944,6432898.683],[5675834.297,6432898.275],[5675834.728,6432897.754],[5675835.314,6432897.083],[5675835.853,6432896.489],[5675836.364,6432895.968],[5675836.97,6432895.412],[5675837.566,6432894.848],[5675837.877,6432894.579]]}}]}