{"type":"FeatureCollection","features":[{"type":"Feature","properties":{},"geometry":{"type":"Polygon","coordinates":[[[5675683.596719297,6434387.774608575],[5675678.0792914415,6434383.259708822],[5675675.873677499,6434386.039026152],[5675670.537733989,6434381.804521775],[5675669.207823472,6434383.42974115],[5675674.568412773,6434387.6838039635],[5675672.308238363,6434390.531873513],[5675677.7743957555,6434394.90094084],[5675683.596719297,6434387.774608575]]]}},{"type":"Feature","properties":{},"geometry":{"type":"Polygon","coordinates":[[[5675738.902718942,6434233.452768179],[5675747.532610814,6434240.5706790015],[5675751.168243951,6434236.04129936],[5675742.463505483,6434229.053150512],[5675738.902718942,6434233.452768179]]]}},{"type":"Feature","properties":{},"geometry":{"type":"Polygon","coordinates":[[[5675486.71441465,6433262.130089248],[5675490.760928374,6433257.0049433885],[5675486.577365032,6433253.568123722],[5675482.406592275,6433258.730078344],[5675486.71441465,6433262.130089248]]]}},{"type":"Feature","properties":{},"geometry":{"type":"Polygon","coordinates":[[[5675396.852697428,6433415.423820256],[5675391.58400006,6433411.06299997],[5675389.014000063,6433414.168999906],[5675394.270997495,6433418.543003059],[5675396.852697428,6433415.423820256]]]}},{"type":"Feature","properties":{},"geometry":{"type":"Polygon","coordinates":[[[5675017.249216705,6433684.63393668],[5675023.510953223,6433677.145822396],[5675022.492759073,6433676.29439175],[5675026.003469082,6433672.060609135],[5675023.063500015,6433669.65299997],[5675019.476125618,6433674.009238066],[5675018.478853419,6433673.17530272],[5675015.817811712,6433676.424742214],[5675014.436973283,6433675.270062504],[5675016.936089162,6433672.146855847],[5675015.401824241,6433670.863878391],[5675009.30614433,6433678.280257994],[5675017.249216705,6433684.63393668]]]}},{"type":"Feature","properties":{},"geometry":{"type":"Polygon","coordinates":[[[5675355.343503521,6433113.776294589],[5675356.814970697,6433111.991157587],[5675358.242510012,6433113.167861246],[5675360.205745415,6433110.786126727],[5675354.91999173,6433106.429142909],[5675351.485289157,6433110.596014426],[5675355.343503521,6433113.776294589]]]}},{"type":"Feature","properties":{},"geometry":{"type":"Polygon","coordinates":[[[5674776.136123701,6434598.1328173475],[5674778.584531966,6434595.0971465865],[5674775.759023027,6434592.818243509],[5674776.688542594,6434591.666551982],[5674775.427571663,6434590.649520857],[5674774.498432117,6434591.8015189925],[5674771.29708633,6434589.219486191],[5674768.842420452,6434592.262915486],[5674776.136123701,6434598.1328173475]]]}},{"type":"Feature","properties":{},"geometry":{"type":"Polygon","coordinates":[[[5674429.014308907,6434608.397403264],[5674432.635323954,6434604.00877041],[5674422.1508548865,6434595.320708195],[5674418.715259554,6434599.899765454],[5674429.014308907,6434608.397403264]]]}},{"type":"Feature","properties":{},"geometry":{"type":"Polygon","coordinates":[[[5675362.236786036,6433382.415185286],[5675359.914408867,6433385.337497494],[5675361.267463718,6433386.406814937],[5675360.027274206,6433387.976081805],[5675358.6699717855,6433386.903407513],[5675356.35975676,6433389.810415755],[5675361.495161567,6433393.868919321],[5675367.341188761,6433386.47168148],[5675362.236786036,6433382.415185286]]]}},{"type":"Feature","properties":{},"geometry":{"type":"Polygon","coordinates":[[[5675140.376051452,6433057.446867065],[5675147.563414158,6433063.720404066],[5675151.460414786,6433059.079608218],[5675144.360316133,6433052.882240224],[5675140.376051452,6433057.446867065]]]}},{"type":"Feature","properties":{},"geometry":{"type":"Polygon","coordinates":[[[5675145.399117816,6433051.692122994],[5675152.476464456,6433057.869631744],[5675155.981192744,6433053.695978712],[5675148.982326153,6433047.5869717905],[5675145.399117816,6433051.692122994]]]}},{"type":"Feature","properties":{},"geometry":{"type":"Polygon","coordinates":[[[5674778.9859788995,6434430.330798467],[5674770.908849383,6434440.147211347],[5674776.706980195,6434444.845400132],[5674784.709855373,6434434.968888296],[5674778.9859788995,6434430.330798467]]]}},{"type":"Feature","properties":{},"geometry":{"type":"Polygon","coordinates":[[[5674778.9859788995,6434430.330798467],[5674784.709855373,6434434.968888296],[5674785.358301677,6434434.168627458],[5674779.637182858,6434429.532841015],[5674778.9859788995,6434430.330798467]]]}},{"type":"Feature","properties":{},"geometry":{"type":"Polygon","coordinates":[[[5675691.870211925,6433591.38072195],[5675694.580691525,6433588.044487721],[5675689.3545924565,6433583.798666952],[5675686.6848953115,6433587.168673992],[5675685.69749918,6433588.361330745],[5675690.854564794,6433592.630846364],[5675691.870211925,6433591.38072195]]]}},{"type":"Feature","properties":{},"geometry":{"type":"Polygon","coordinates":[[[5675691.870211925,6433591.38072195],[5675699.607433007,6433597.665122427],[5675702.316264097,6433594.33006975],[5675704.397099264,6433591.768191705],[5675696.661610639,6433585.483406002],[5675694.580691525,6433588.044487721],[5675691.870211925,6433591.38072195]]]}},{"type":"Feature","properties":{},"geometry":{"type":"Polygon","coordinates":[[[5675699.607433007,6433597.665122427],[5675698.604502834,6433598.899908865],[5675703.6991375405,6433603.024373607],[5675707.404480101,6433598.462871903],[5675702.316264097,6433594.33006975],[5675699.607433007,6433597.665122427]]]}},{"type":"Feature","properties":{},"geometry":{"type":"Polygon","coordinates":[[[5674716.268854713,6434314.939405247],[5674716.183932647,6434314.874121842],[5674714.94346895,6434316.394806056],[5674709.4882156495,6434311.932518751],[5674708.457874085,6434313.22504288],[5674706.106308992,6434311.304252812],[5674695.54028305,6434324.094364731],[5674706.441044284,6434333.198707293],[5674719.3043043455,6434317.272891643],[5674717.373147816,6434315.788324928],[5674716.268854713,6434314.939405247]]]}},{"type":"Feature","properties":{},"geometry":{"type":"Polygon","coordinates":[[[5674726.33040575,6434307.140296668],[5674729.071690061,6434309.427426236],[5674729.537969806,6434309.816456366],[5674735.11430839,6434302.92598922],[5674733.907981955,6434301.912511555],[5674729.136368798,6434298.033532242],[5674723.52299997,6434304.798000122],[5674726.33040575,6434307.140296668]]]}},{"type":"Feature","properties":{},"geometry":{"type":"Polygon","coordinates":[[[5674743.009970626,6434296.040202131],[5674742.538341069,6434295.649225288],[5674733.535021538,6434306.645941674],[5674733.897971138,6434306.942909525],[5674741.317273941,6434313.013433951],[5674750.246204572,6434302.0389777785],[5674743.009970626,6434296.040202131]]]}},{"type":"Feature","properties":{},"geometry":{"type":"Polygon","coordinates":[[[5674736.264780286,6434298.874096259],[5674737.161121592,6434299.569358586],[5674744.542597661,6434291.11333781],[5674740.833757133,6434287.87579638],[5674735.776980079,6434293.871475229],[5674738.118999908,6434295.81299997],[5674735.851413852,6434298.553461576],[5674736.264780286,6434298.874096259]]]}},{"type":"Feature","properties":{},"geometry":{"type":"Polygon","coordinates":[[[5674729.071690061,6434309.427426236],[5674726.33040575,6434307.140296668],[5674724.301928837,6434309.5287289815],[5674727.082110495,6434311.864090382],[5674729.071690061,6434309.427426236]]]}},{"type":"Feature","properties":{},"geometry":{"type":"Polygon","coordinates":[[[5674733.897971138,6434306.942909525],[5674733.535021538,6434306.645941674],[5674742.538341069,6434295.649225288],[5674743.009970626,6434296.040202131],[5674746.019967138,6434292.4029712835],[5674744.542597661,6434291.11333781],[5674737.161121592,6434299.569358586],[5674736.264780286,6434298.874096259],[5674733.907981955,6434301.912511555],[5674735.11430839,6434302.92598922],[5674729.537969806,6434309.816456366],[5674730.714212764,6434310.789909331],[5674733.897971138,6434306.942909525]]]}},{"type":"Feature","properties":{},"geometry":{"type":"Polygon","coordinates":[[[5674716.268854713,6434314.939405247],[5674717.373147816,6434315.788324928],[5674718.481537239,6434314.416647846],[5674717.390508038,6434313.524610779],[5674716.268854713,6434314.939405247]]]}},{"type":"Feature","properties":{},"geometry":{"type":"Polygon","coordinates":[[[5674869.723902668,6433470.446868181],[5674876.79511559,6433461.709899476],[5674873.983864503,6433459.443250961],[5674866.928888085,6433468.193310795],[5674869.723902668,6433470.446868181]]]}},{"type":"Feature","properties":{},"geometry":{"type":"Polygon","coordinates":[[[5675512.520988334,6433996.5170965595],[5675520.711284049,6433986.425967449],[5675511.19734902,6433978.682285131],[5675503.063789126,6433988.781767565],[5675512.520988334,6433996.5170965595]]]}},{"type":"Feature","properties":{},"geometry":{"type":"Polygon","coordinates":[[[5675005.874954158,6433293.491362131],[5674999.302880768,6433287.974716716],[5674996.375275696,6433291.504334492],[5675001.99383472,6433296.171255559],[5675004.060016677,6433297.89796786],[5675006.965420057,6433294.406707007],[5675005.874954158,6433293.491362131]]]}},{"type":"Feature","properties":{},"geometry":{"type":"Polygon","coordinates":[[[5675005.203333232,6433298.853439741],[5675004.060016677,6433297.89796786],[5675001.99383472,6433296.171255559],[5674998.223880576,6433300.631385762],[5675001.527641653,6433303.368036251],[5675005.203333232,6433298.853439741]]]}},{"type":"Feature","properties":{},"geometry":{"type":"Polygon","coordinates":[[[5674553.051840757,6433256.1522476],[5674561.123865622,6433262.697647525],[5674569.5720303515,6433252.27906401],[5674561.34571918,6433245.730902147],[5674553.051840757,6433256.1522476]]]}},{"type":"Feature","properties":{},"geometry":{"type":"Polygon","coordinates":[[[5675005.203333232,6433298.853439741],[5675010.9799971515,6433291.785997765],[5675008.761649724,6433290.044894545],[5675005.874954158,6433293.491362131],[5675006.965420057,6433294.406707007],[5675004.060016677,6433297.89796786],[5675005.203333232,6433298.853439741]]]}},{"type":"Feature","properties":{},"geometry":{"type":"Polygon","coordinates":[[[5674592.964981411,6433740.0251020985],[5674596.663453755,6433735.62239812],[5674594.102851378,6433733.540736414],[5674595.519260717,6433731.854626461],[5674590.71418092,6433727.818140058],[5674584.784599086,6433735.111977133],[5674587.081662031,6433737.041614878],[5674588.046355949,6433735.893232153],[5674592.964981411,6433740.0251020985]]]}},{"type":"Feature","properties":{},"geometry":{"type":"Polygon","coordinates":[[[5674482.901095451,6434108.486354865],[5674485.364692963,6434105.335135249],[5674479.00054243,6434100.359694783],[5674476.53694489,6434103.510914435],[5674482.901095451,6434108.486354865]]]}},{"type":"Feature","properties":{},"geometry":{"type":"Polygon","coordinates":[[[5674482.901095451,6434108.486354865],[5674476.53694489,6434103.510914435],[5674476.044217655,6434104.141168249],[5674482.408368216,6434109.116608679],[5674482.901095451,6434108.486354865]]]}},{"type":"Feature","properties":{},"geometry":{"type":"Polygon","coordinates":[[[5674684.562583528,6433760.401547274],[5674688.739616074,6433755.311531025],[5674684.564838754,6433751.714147025],[5674683.206145657,6433753.395202224],[5674684.695446291,6433754.655611729],[5674681.78126496,6433758.099010152],[5674684.562583528,6433760.401547274]]]}},{"type":"Feature","properties":{},"geometry":{"type":"Polygon","coordinates":[[[5674727.918959035,6433794.251629053],[5674729.49151194,6433792.302207274],[5674729.327108731,6433790.884780798],[5674729.9567100685,6433790.107859199],[5674731.375087576,6433789.96722487],[5674732.950662047,6433788.032098297],[5674728.116215397,6433784.1322636055],[5674723.11115813,6433790.337128722],[5674727.918959035,6433794.251629053]]]}},{"type":"Feature","properties":{},"geometry":{"type":"Polygon","coordinates":[[[5674821.353900618,6433598.180519397],[5674830.573855098,6433586.722199161],[5674821.646654071,6433579.442836683],[5674812.280105897,6433590.867627746],[5674821.353900618,6433598.180519397]]]}},{"type":"Feature","properties":{},"geometry":{"type":"Polygon","coordinates":[[[5675207.51421728,6433202.613177172],[5675211.613624749,6433197.81826916],[5675205.73271282,6433193.077115791],[5675201.8012489,6433197.954202945],[5675207.51421728,6433202.613177172]]]}},{"type":"Feature","properties":{},"geometry":{"type":"Polygon","coordinates":[[[5674905.57032182,6433315.806113667],[5674909.124142863,6433311.610771809],[5674904.686285847,6433307.965543678],[5674901.183981075,6433312.229023039],[5674905.57032182,6433315.806113667]]]}},{"type":"Feature","properties":{},"geometry":{"type":"Polygon","coordinates":[[[5675331.86945758,6433070.654285523],[5675337.37044219,6433064.174664479],[5675329.627521491,6433057.601180117],[5675324.126536881,6433064.080801162],[5675331.86945758,6433070.654285523]]]}},{"type":"Feature","properties":{},"geometry":{"type":"Polygon","coordinates":[[[5675402.504167816,6433163.181067318],[5675405.417071038,6433159.643589435],[5675397.1956672575,6433152.873751048],[5675394.282764035,6433156.411228931],[5675402.504167816,6433163.181067318]]]}},{"type":"Feature","properties":{},"geometry":{"type":"Polygon","coordinates":[[[5675813.890633191,6433691.862658395],[5675817.560437507,6433687.191429227],[5675816.140960886,6433686.076262053],[5675816.455236976,6433685.688630521],[5675814.660627939,6433684.233633534],[5675813.088530065,6433686.168793497],[5675810.510055389,6433684.0740754185],[5675812.078202093,6433682.139906296],[5675810.282350789,6433680.699256647],[5675810.00185654,6433681.048908598],[5675808.523765351,6433679.863169244],[5675804.768269095,6433684.544607796],[5675813.890633191,6433691.862658395]]]}},{"type":"Feature","properties":{},"geometry":{"type":"Polygon","coordinates":[[[5675810.657916554,6433677.202829025],[5675812.136007746,6433678.388568381],[5675811.849917391,6433678.749005955],[5675813.653237043,6433680.180356055],[5675815.199347245,6433678.2285253145],[5675817.803478018,6433680.291344119],[5675816.2553447895,6433682.245728757],[5675818.055426629,6433683.689772192],[5675818.375175521,6433683.2911871085],[5675819.84352023,6433684.49387059],[5675823.614685039,6433679.902741986],[5675814.413412795,6433672.521390492],[5675810.657916554,6433677.202829025]]]}},{"type":"Feature","properties":{},"geometry":{"type":"Polygon","coordinates":[[[5675818.575749217,6433695.545698208],[5675822.828509824,6433690.368263261],[5675818.174096661,6433686.594292303],[5675813.890633191,6433691.862658395],[5675813.625654905,6433692.1885635005],[5675815.990330064,6433694.105929893],[5675816.31153535,6433693.70978956],[5675818.575749217,6433695.545698208]]]}},{"type":"Feature","properties":{},"geometry":{"type":"Polygon","coordinates":[[[5675818.575749217,6433695.545698208],[5675820.839963084,6433697.381606856],[5675820.500682611,6433697.804531398],[5675822.906951069,6433699.734899157],[5675827.482922982,6433694.142234216],[5675822.828509824,6433690.368263261],[5675818.575749217,6433695.545698208]]]}},{"type":"Feature","properties":{},"geometry":{"type":"Polygon","coordinates":[[[5675822.906951069,6433699.734899157],[5675825.313350575,6433701.665372045],[5675825.634537398,6433701.2692167405],[5675828.100905008,6433703.2690391475],[5675833.011516692,6433697.145619736],[5675834.993105579,6433694.708401402],[5675833.48597433,6433693.483023072],[5675832.138249232,6433695.145321799],[5675831.478015344,6433694.609979655],[5675830.787461473,6433695.469862422],[5675828.144189975,6433693.326620359],[5675827.482922982,6433694.142234216],[5675822.906951069,6433699.734899157]]]}},{"type":"Feature","properties":{},"geometry":{"type":"Polygon","coordinates":[[[5675828.100905008,6433703.2690391475],[5675830.172858752,6433704.949056152],[5675829.842482528,6433705.356506943],[5675832.020189142,6433707.103516767],[5675837.280245401,6433700.6163245365],[5675833.011516692,6433697.145619736],[5675828.100905008,6433703.2690391475]]]}},{"type":"Feature","properties":{},"geometry":{"type":"Polygon","coordinates":[[[5673629.692257279,6435755.531943437],[5673627.671417359,6435754.797977489],[5673625.247622828,6435761.4714488555],[5673628.819339901,6435762.768690998],[5673631.827101643,6435763.861105432],[5673631.929515497,6435763.579127768],[5673632.95365403,6435760.759351134],[5673633.1243437845,6435760.289388363],[5673634.148482317,6435757.46961173],[5673634.250896171,6435757.187634065],[5673629.692257279,6435755.531943437]]]}},{"type":"Feature","properties":{},"geometry":{"type":"Polygon","coordinates":[[[5673628.819339901,6435762.768690998],[5673625.247622828,6435761.4714488555],[5673624.842257119,6435762.587548611],[5673628.413974188,6435763.884790752],[5673628.819339901,6435762.768690998]]]}},{"type":"Feature","properties":{},"geometry":{"type":"Polygon","coordinates":[[[5673629.692257279,6435755.531943437],[5673630.033636789,6435754.592017895],[5673628.0127968695,6435753.858051945],[5673627.671417359,6435754.797977489],[5673629.692257279,6435755.531943437]]]}},{"type":"Feature","properties":{},"geometry":{"type":"Polygon","coordinates":[[[5673622.454830587,6435752.903321203],[5673617.896191696,6435751.247630574],[5673615.472397166,6435757.92110194],[5673618.480158907,6435759.013516375],[5673622.051875977,6435760.310758518],[5673624.475670506,6435753.637287152],[5673622.454830587,6435752.903321203]]]}},{"type":"Feature","properties":{},"geometry":{"type":"Polygon","coordinates":[[[5673622.051875977,6435760.310758518],[5673618.480158907,6435759.013516375],[5673618.074793194,6435760.12961613],[5673621.646510264,6435761.426858272],[5673622.051875977,6435760.310758518]]]}},{"type":"Feature","properties":{},"geometry":{"type":"Polygon","coordinates":[[[5673624.475670506,6435753.637287152],[5673624.817050018,6435752.697361608],[5673622.796210098,6435751.963395659],[5673622.454830587,6435752.903321203],[5673624.475670506,6435753.637287152]]]}},{"type":"Feature","properties":{},"geometry":{"type":"Polygon","coordinates":[[[5673632.95365403,6435760.759351134],[5673631.929515497,6435763.579127768],[5673633.05742615,6435763.988783181],[5673634.081564683,6435761.169006548],[5673632.95365403,6435760.759351134]]]}},{"type":"Feature","properties":{},"geometry":{"type":"Polygon","coordinates":[[[5673634.148482317,6435757.46961173],[5673633.1243437845,6435760.289388363],[5673634.252254438,6435760.699043777],[5673635.276392972,6435757.879267144],[5673634.148482317,6435757.46961173]]]}},{"type":"Feature","properties":{},"geometry":{"type":"Polygon","coordinates":[[[5674695.2157094,6434920.71139517],[5674700.278712908,6434914.468090903],[5674697.934279762,6434912.532830397],[5674692.854621273,6434918.796672299],[5674695.2157094,6434920.71139517]]]}},{"type":"Feature","properties":{},"geometry":{"type":"Polygon","coordinates":[[[5674775.935833795,6433634.6662027575],[5674781.314106201,6433639.00438152],[5674790.326377345,6433628.099383144],[5674785.072420931,6433623.711896299],[5674775.935833795,6433634.6662027575]]]}},{"type":"Feature","properties":{},"geometry":{"type":"Polygon","coordinates":[[[5674936.2410627855,6433623.401391151],[5674935.129621855,6433622.49103256],[5674934.3452824075,6433623.448618915],[5674935.466660269,6433624.367116643],[5674936.2410627855,6433623.401391151]]]}},{"type":"Feature","properties":{},"geometry":{"type":"Polygon","coordinates":[[[5674920.203,6433623.628],[5674925.872854881,6433628.287244512],[5674929.243173881,6433624.183222399],[5674930.248672875,6433625.007219835],[5674932.657565699,6433622.06624459],[5674928.977455855,6433619.049271639],[5674929.771069669,6433618.083519542],[5674926.757923033,6433615.607444872],[5674920.203,6433623.628]]]}},{"type":"Feature","properties":{},"geometry":{"type":"Polygon","coordinates":[[[5674934.3452824075,6433623.448618915],[5674928.568000122,6433630.501999877],[5674931.362999493,6433632.799000624],[5674935.284338758,6433627.970784874],[5674937.909117083,6433624.738981862],[5674936.2410627855,6433623.401391151],[5674935.466660269,6433624.367116643],[5674934.3452824075,6433623.448618915]]]}},{"type":"Feature","properties":{},"geometry":{"type":"Polygon","coordinates":[[[5674908.839430795,6433760.132728309],[5674907.795412172,6433759.341447629],[5674909.940509179,6433756.722434504],[5674901.414755333,6433749.739820834],[5674899.23761868,6433752.422948127],[5674903.358604243,6433755.766788258],[5674898.974210275,6433760.907800821],[5674903.509987051,6433764.775773494],[5674905.170065823,6433762.659115947],[5674906.075260965,6433763.400413292],[5674908.839430795,6433760.132728309]]]}},{"type":"Feature","properties":{},"geometry":{"type":"Polygon","coordinates":[[[5674908.839430795,6433760.132728309],[5674906.075260965,6433763.400413292],[5674905.170065823,6433762.659115947],[5674903.509987051,6433764.775773494],[5674905.219540938,6433766.233596298],[5674909.755754422,6433760.91412992],[5674908.839430795,6433760.132728309]]]}},{"type":"Feature","properties":{},"geometry":{"type":"Polygon","coordinates":[[[5674899.23761868,6433752.422948127],[5674898.408871246,6433753.434928214],[5674901.488973935,6433755.957336743],[5674897.985898145,6433760.064941566],[5674898.974210275,6433760.907800821],[5674903.358604243,6433755.766788258],[5674899.23761868,6433752.422948127]]]}},{"type":"Feature","properties":{},"geometry":{"type":"Polygon","coordinates":[[[5674656.847521819,6434129.910938157],[5674658.9299356835,6434127.301066556],[5674655.540158189,6434124.5963665815],[5674643.268662887,6434139.369777583],[5674646.9407317545,6434142.276225772],[5674649.033238012,6434139.664437135],[5674648.071709433,6434138.865711407],[5674650.0905712955,6434136.435348502],[5674651.022268396,6434137.181803244],[5674654.858491436,6434132.393572047],[5674653.896945887,6434131.594866746],[5674655.915824719,6434129.164483415],[5674656.847521819,6434129.910938157]]]}},{"type":"Feature","properties":{},"geometry":{"type":"Polygon","coordinates":[[[5674654.858491436,6434132.393572047],[5674656.847521819,6434129.910938157],[5674655.915824719,6434129.164483415],[5674653.896945887,6434131.594866746],[5674654.858491436,6434132.393572047]]]}},{"type":"Feature","properties":{},"geometry":{"type":"Polygon","coordinates":[[[5674651.022268396,6434137.181803244],[5674650.0905712955,6434136.435348502],[5674648.071709433,6434138.865711407],[5674649.033238012,6434139.664437135],[5674651.022268396,6434137.181803244]]]}},{"type":"Feature","properties":{},"geometry":{"type":"Polygon","coordinates":[[[5674917.853467811,6433831.817666801],[5674921.238131042,6433827.446124797],[5674916.913996524,6433824.089004305],[5674913.542894734,6433828.279913607],[5674917.853467811,6433831.817666801]]]}},{"type":"Feature","properties":{},"geometry":{"type":"Polygon","coordinates":[[[5675455.187170251,6434323.506313865],[5675457.744633263,6434320.340633037],[5675454.953764883,6434318.0859702835],[5675452.38879113,6434321.22200333],[5675455.187170251,6434323.506313865]]]}},{"type":"Feature","properties":{},"geometry":{"type":"Polygon","coordinates":[[[5675643.460722931,6434188.667946743],[5675650.013468021,6434194.02775373],[5675655.088710821,6434187.826399988],[5675648.508545908,6434182.442255184],[5675643.460722931,6434188.667946743]]]}},{"type":"Feature","properties":{},"geometry":{"type":"Polygon","coordinates":[[[5675723.130916789,6434104.935103022],[5675717.647072146,6434111.722819325],[5675720.0993223805,6434113.704908445],[5675721.86721569,6434111.507875617],[5675722.860324258,6434112.346764985],[5675724.7682825,6434110.0316634],[5675723.966130554,6434109.434543434],[5675725.86953238,6434107.115694243],[5675723.130916789,6434104.935103022]]]}},{"type":"Feature","properties":{},"geometry":{"type":"Polygon","coordinates":[[[5675865.481404835,6433982.272982764],[5675862.797302736,6433985.502126636],[5675869.466017428,6433991.026170526],[5675872.081333817,6433987.739876726],[5675865.481404835,6433982.272982764]]]}},{"type":"Feature","properties":{},"geometry":{"type":"Polygon","coordinates":[[[5675865.481404835,6433982.272982764],[5675872.081333817,6433987.739876726],[5675874.694854983,6433984.452095896],[5675868.122499744,6433979.093499791],[5675865.481404835,6433982.272982764]]]}},{"type":"Feature","properties":{},"geometry":{"type":"Polygon","coordinates":[[[5676019.130691962,6433777.337084544],[5676024.409336992,6433770.771028856],[5676023.708164063,6433770.207335344],[5676023.839444516,6433768.291532109],[5676023.138009085,6433767.727627563],[5676025.017710825,6433765.389525477],[5676022.957238203,6433763.733022113],[5676025.066805328,6433761.108997673],[5676022.245801059,6433758.841069913],[5676020.136233931,6433761.465094351],[5676018.242417054,6433759.942572773],[5676014.169729951,6433765.008460629],[5676016.909474961,6433767.237452374],[5676013.451391311,6433771.487924564],[5676011.258429189,6433774.215729017],[5676014.836642355,6433777.092359681],[5676016.375357877,6433775.121990543],[5676019.130691962,6433777.337084544]]]}},{"type":"Feature","properties":{},"geometry":{"type":"Polygon","coordinates":[[[5675907.49108738,6433994.6832799185],[5675905.485122541,6433997.243885225],[5675910.99934393,6434001.563697497],[5675912.972758181,6433999.044642875],[5675913.657274798,6433999.580889621],[5675915.176930977,6434000.771380345],[5675917.391383048,6433998.0619587265],[5675912.567351624,6433994.119203516],[5675910.362964755,6433996.9330936745],[5675907.49108738,6433994.6832799185]]]}},{"type":"Feature","properties":{},"geometry":{"type":"Polygon","coordinates":[[[5676013.96193596,6433695.000322841],[5676017.986947266,6433689.881759002],[5676020.865635145,6433691.986356066],[5676023.956823269,6433687.972654353],[5676017.685025679,6433683.118125572],[5676010.527372383,6433692.365615245],[5676013.96193596,6433695.000322841]]]}},{"type":"Feature","properties":{},"geometry":{"type":"Polygon","coordinates":[[[5675816.571999878,6434143.96299997],[5675817.582133469,6434144.806840112],[5675812.466064924,6434150.929239704],[5675816.872016118,6434154.511981131],[5675829.741257872,6434139.4468865255],[5675823.717741631,6434134.417316202],[5675821.346597229,6434137.532847718],[5675820.3770228755,6434136.808969889],[5675815.561999878,6434143.11899991],[5675816.571999878,6434143.96299997]],[[5675821.241494671,6434147.855710895],[5675819.706789118,6434146.573260559],[5675820.98817133,6434145.038651027],[5675822.523853844,6434146.320929167],[5675821.241494671,6434147.855710895]]]}},{"type":"Feature","properties":{},"geometry":{"type":"Polygon","coordinates":[[[5675816.571999878,6434143.96299997],[5675811.557305682,6434150.190365551],[5675812.466064924,6434150.929239704],[5675817.582133469,6434144.806840112],[5675816.571999878,6434143.96299997]]]}},{"type":"Feature","properties":{},"geometry":{"type":"Polygon","coordinates":[[[5675821.241494671,6434147.855710895],[5675822.523853844,6434146.320929167],[5675820.98817133,6434145.038651027],[5675819.706789118,6434146.573260559],[5675821.241494671,6434147.855710895]]]}},{"type":"Feature","properties":{},"geometry":{"type":"Polygon","coordinates":[[[5675783.98030836,6434205.130603028],[5675782.260042234,6434203.679820368],[5675780.527945002,6434205.815765843],[5675777.619454829,6434203.443905599],[5675769.638325758,6434213.3116928255],[5675772.350000001,6434215.56599994],[5675773.388081448,6434214.317067627],[5675775.4729999695,6434216.05],[5675777.71327193,6434213.296151503],[5675782.862012188,6434217.426133613],[5675791.20515727,6434207.0249537],[5675788.567668569,6434204.879341118],[5675787.936606044,6434205.6550730895],[5675786.579821619,6434207.322896827],[5675783.98030836,6434205.130603028]]]}},{"type":"Feature","properties":{},"geometry":{"type":"Polygon","coordinates":[[[5675783.98030836,6434205.130603028],[5675786.579821619,6434207.322896827],[5675787.936606044,6434205.6550730895],[5675785.2991173435,6434203.509460506],[5675783.98030836,6434205.130603028]]]}},{"type":"Feature","properties":{},"geometry":{"type":"Polygon","coordinates":[[[5675675.514818884,6434381.161206256],[5675677.056864505,6434379.155462793],[5675678.620170761,6434380.434710052],[5675677.018678648,6434382.391811577],[5675678.0792914415,6434383.259708822],[5675683.596719297,6434387.774608575],[5675685.976424113,6434384.922523533],[5675671.139608184,6434372.735038684],[5675668.75910455,6434375.633019249],[5675675.514818884,6434381.161206256]]]}},{"type":"Feature","properties":{},"geometry":{"type":"Polygon","coordinates":[[[5675675.514818884,6434381.161206256],[5675677.018678648,6434382.391811577],[5675678.620170761,6434380.434710052],[5675677.056864505,6434379.155462793],[5675675.514818884,6434381.161206256]]]}},{"type":"Feature","properties":{},"geometry":{"type":"Polygon","coordinates":[[[5674700.589159038,6433354.18095385],[5674705.130951334,6433348.644791431],[5674698.590267375,6433343.278669933],[5674694.155010279,6433348.690689699],[5674700.589159038,6433354.18095385]]]}},{"type":"Feature","properties":{},"geometry":{"type":"Polygon","coordinates":[[[5675156.25294482,6433142.427067539],[5675159.9799855035,6433137.864930451],[5675148.4368213415,6433128.563660016],[5675144.673290786,6433133.247230555],[5675156.25294482,6433142.427067539]]]}},{"type":"Feature","properties":{},"geometry":{"type":"Polygon","coordinates":[[[5674765.189171669,6434722.41450738],[5674765.886783214,6434722.9831356695],[5674763.492010565,6434725.921057594],[5674760.933147556,6434729.060286587],[5674764.591764785,6434732.042515762],[5674769.564035949,6434725.942372961],[5674771.219376081,6434723.911548242],[5674766.86317954,6434720.360780475],[5674765.189171669,6434722.41450738]]]}},{"type":"Feature","properties":{},"geometry":{"type":"Polygon","coordinates":[[[5674763.445146942,6434720.992940028],[5674761.050382107,6434723.930914849],[5674763.492010565,6434725.921057594],[5674765.886783214,6434722.9831356695],[5674765.189171669,6434722.41450738],[5674763.445146942,6434720.992940028]]]}},{"type":"Feature","properties":{},"geometry":{"type":"Polygon","coordinates":[[[5674771.219376081,6434723.911548242],[5674769.564035949,6434725.942372961],[5674773.323408249,6434729.00666491],[5674774.978727183,6434726.975822912],[5674771.219376081,6434723.911548242]]]}},{"type":"Feature","properties":{},"geometry":{"type":"Polygon","coordinates":[[[5674763.445146942,6434720.992940028],[5674762.235949463,6434720.007314289],[5674759.841173342,6434722.945302954],[5674761.050382107,6434723.930914849],[5674763.445146942,6434720.992940028]]]}},{"type":"Feature","properties":{},"geometry":{"type":"Polygon","coordinates":[[[5674572.921785544,6433783.5515640285],[5674577.284000008,6433787.1760000065],[5674580.004215364,6433783.701506675],[5674575.637643803,6433780.282874408],[5674572.921785544,6433783.5515640285]]]}},{"type":"Feature","properties":{},"geometry":{"type":"Polygon","coordinates":[[[5674480.962327149,6432719.6493798755],[5674483.05017998,6432717.029576342],[5674477.693521763,6432712.760586749],[5674475.605668932,6432715.380390283],[5674480.962327149,6432719.6493798755]]]}},{"type":"Feature","properties":{},"geometry":{"type":"Polygon","coordinates":[[[5675366.954833349,6434743.895318248],[5675378.201541148,6434730.648034981],[5675374.984571696,6434727.916875074],[5675363.737834803,6434741.164143719],[5675366.954833349,6434743.895318248]]]}},{"type":"Feature","properties":{},"geometry":{"type":"Polygon","coordinates":[[[5670268.327093547,6431524.542695156],[5670269.603229702,6431521.286009251],[5670265.932939865,6431519.883114417],[5670264.6833096715,6431523.15242933],[5670268.327093547,6431524.542695156]]]}},{"type":"Feature","properties":{},"geometry":{"type":"Polygon","coordinates":[[[5675463.025371457,6433985.85418459],[5675467.22892503,6433989.484091474],[5675470.000697078,6433986.101461425],[5675465.63410879,6433982.5865196595],[5675463.025371457,6433985.85418459]]]}},{"type":"Feature","properties":{},"geometry":{"type":"Polygon","coordinates":[[[5675604.580268907,6434469.010921849],[5675607.908215521,6434471.961816246],[5675608.103430992,6434471.73402046],[5675611.110960133,6434474.215855116],[5675613.896665804,6434470.9045285275],[5675613.630085036,6434470.692055381],[5675615.051669399,6434469.002239352],[5675614.624309776,6434468.642716335],[5675617.508527865,6434465.059309848],[5675617.904741116,6434465.364293552],[5675619.246199198,6434463.621566119],[5675619.530074036,6434463.840077739],[5675622.299632063,6434460.421079592],[5675619.36633252,6434458.083148817],[5675619.5533160195,6434457.848548794],[5675616.171493927,6434455.232606359],[5675604.580268907,6434469.010921849]]]}},{"type":"Feature","properties":{},"geometry":{"type":"Polygon","coordinates":[[[5673901.09672103,6432445.19490632],[5673907.4085624395,6432450.416777462],[5673910.146150058,6432446.883151275],[5673903.944628958,6432441.752549606],[5673901.09672103,6432445.19490632]]]}},{"type":"Feature","properties":{},"geometry":{"type":"Polygon","coordinates":[[[5674180.63142881,6432411.930582242],[5674181.358054607,6432411.039226561],[5674182.272663046,6432411.7848078115],[5674183.789099488,6432409.924587258],[5674180.355442383,6432407.12549832],[5674178.112380141,6432409.877074558],[5674180.63142881,6432411.930582242]]]}},{"type":"Feature","properties":{},"geometry":{"type":"Polygon","coordinates":[[[5673874.468526287,6432612.648745564],[5673877.064734892,6432614.765926346],[5673880.389089226,6432610.717120833],[5673877.810538561,6432608.592570518],[5673874.468526287,6432612.648745564]]]}},{"type":"Feature","properties":{},"geometry":{"type":"Polygon","coordinates":[[[5673836.5197637575,6432898.464546268],[5673850.5963052185,6432881.538108095],[5673832.31078668,6432866.326558328],[5673818.274215325,6432883.84731836],[5673836.5197637575,6432898.464546268]],[[5673835.974604212,6432889.807624255],[5673827.155667209,6432882.742473856],[5673833.032847855,6432875.406347652],[5673841.851784857,6432882.471498051],[5673835.974604212,6432889.807624255]]]}},{"type":"Feature","properties":{},"geometry":{"type":"Polygon","coordinates":[[[5674991.294079606,6434403.047315006],[5674994.067957849,6434399.631820972],[5674984.988842882,6434392.387137773],[5674978.312890393,6434400.607280802],[5674983.975637145,6434405.206255315],[5674987.876890998,6434400.319348223],[5674991.294079606,6434403.047315006]]]}},{"type":"Feature","properties":{},"geometry":{"type":"Polygon","coordinates":[[[5673610.468354404,6432091.253968308],[5673613.391663135,6432092.422604011],[5673615.0271756,6432088.317486927],[5673612.1068438105,6432087.155334001],[5673610.468354404,6432091.253968308]]]}},{"type":"Feature","properties":{},"geometry":{"type":"Polygon","coordinates":[[[5673354.995372299,6435477.802101837],[5673366.314305588,6435481.953853665],[5673367.133888543,6435479.719422242],[5673367.546976701,6435479.870941779],[5673368.166829353,6435478.181035659],[5673367.753741191,6435478.029516122],[5673368.573324142,6435475.795084697],[5673363.034187419,6435473.763345451],[5673363.402655384,6435472.758790148],[5673360.849019471,6435471.822123918],[5673360.480551505,6435472.826679221],[5673357.213399677,6435471.628297427],[5673354.995372299,6435477.802101837]]]}},{"type":"Feature","properties":{},"geometry":{"type":"Polygon","coordinates":[[[5673548.975442862,6434924.813831683],[5673551.299970589,6434918.338418889],[5673544.681918244,6434916.018110727],[5673542.447895321,6434922.470588755],[5673548.975442862,6434924.813831683]]]}},{"type":"Feature","properties":{},"geometry":{"type":"Polygon","coordinates":[[[5673868.444920367,6434997.944103481],[5673861.74422165,6434995.507397362],[5673863.086439461,6434991.6911357865],[5673869.792415171,6434994.17082202],[5673871.281478678,6434990.143851117],[5673864.1390789235,6434987.546520614],[5673864.549183739,6434986.418773285],[5673856.654952431,6434983.548039572],[5673856.244847615,6434984.675786902],[5673850.23019519,6434982.488561216],[5673848.863179136,6434986.2477189815],[5673847.735431806,6434985.837614166],[5673846.163363344,6434990.160645597],[5673847.291110674,6434990.5707504125],[5673845.92409462,6434994.329908178],[5673851.938747045,6434996.517133865],[5673851.528642229,6434997.644881193],[5673859.422873537,6435000.515614907],[5673859.832978353,6434999.387867578],[5673866.975378108,6435001.985198081],[5673868.444920367,6434997.944103481]]]}},{"type":"Feature","properties":{},"geometry":{"type":"Polygon","coordinates":[[[5673868.444920367,6434997.944103481],[5673866.975378108,6435001.985198081],[5673859.832978353,6434999.387867578],[5673859.422873537,6435000.515614907],[5673851.528642229,6434997.644881193],[5673851.938747045,6434996.517133865],[5673845.92409462,6434994.329908178],[5673847.291110674,6434990.5707504125],[5673846.163363344,6434990.160645597],[5673847.735431806,6434985.837614166],[5673848.863179136,6434986.2477189815],[5673850.23019519,6434982.488561216],[5673856.244847615,6434984.675786902],[5673856.654952431,6434983.548039572],[5673864.549183739,6434986.418773285],[5673864.1390789235,6434987.546520614],[5673871.281478678,6434990.143851117],[5673869.792415171,6434994.17082202],[5673870.941159391,6434994.590992668],[5673871.691515307,6434994.868453744],[5673873.844565589,6434988.947780262],[5673866.796144778,6434986.38462516],[5673867.206249596,6434985.2568778265],[5673855.364902631,6434980.95077726],[5673854.9547978155,6434982.0785245905],[5673849.034124333,6434979.925474306],[5673847.632932878,6434983.778611016],[5673846.505185548,6434983.3685062],[5673843.634451835,6434991.262737509],[5673844.762199165,6434991.672842325],[5673843.361007711,6434995.525979035],[5673849.281681191,6434997.679029319],[5673848.871576373,6434998.806776647],[5673860.712923338,6435003.112877219],[5673861.123028155,6435001.985129884],[5673868.171448964,6435004.548284991],[5673870.32449925,6434998.627611509],[5673869.5726676965,6434998.354208298],[5673868.444920367,6434997.944103481]]]}},{"type":"Feature","properties":{},"geometry":{"type":"Polygon","coordinates":[[[5673869.5726676965,6434998.354208298],[5673870.941159391,6434994.590992668],[5673869.792415171,6434994.17082202],[5673863.086439461,6434991.6911357865],[5673861.74422165,6434995.507397362],[5673868.444920367,6434997.944103481],[5673869.5726676965,6434998.354208298]]]}},{"type":"Feature","properties":{},"geometry":{"type":"Polygon","coordinates":[[[5673846.940746727,6434970.291352717],[5673852.297546544,6434972.239350595],[5673853.391159387,6434969.232024382],[5673853.949993283,6434969.450629757],[5673854.701852112,6434967.3830929855],[5673854.138076695,6434967.1780763045],[5673855.202455659,6434964.251140342],[5673849.845655843,6434962.303142464],[5673848.683692196,6434965.498426566],[5673849.623481638,6434965.8401805805],[5673849.042499816,6434967.43782263],[5673848.102710374,6434967.096068616],[5673846.940746727,6434970.291352717]]]}},{"type":"Feature","properties":{},"geometry":{"type":"Polygon","coordinates":[[[5673851.486075108,6434957.792153146],[5673856.842874925,6434959.7401510235],[5673857.936487768,6434956.732824811],[5673858.500263185,6434956.937841492],[5673859.247180493,6434954.883893414],[5673858.683405075,6434954.678876733],[5673859.74778404,6434951.751940771],[5673854.390984223,6434949.803942893],[5673853.229020577,6434952.999226995],[5673854.168810018,6434953.340981009],[5673853.587828197,6434954.938623059],[5673852.648038754,6434954.596869045],[5673851.486075108,6434957.792153146]]]}},{"type":"Feature","properties":{},"geometry":{"type":"Polygon","coordinates":[[[5673856.0314034885,6434945.292953574],[5673861.388203305,6434947.2409514515],[5673862.481816148,6434944.233625239],[5673863.045591566,6434944.43864192],[5673863.792508873,6434942.384693842],[5673863.228733456,6434942.179677161],[5673864.2931124205,6434939.252741199],[5673858.936312604,6434937.304743321],[5673857.774348957,6434940.500027423],[5673858.714138399,6434940.841781437],[5673858.133156577,6434942.439423487],[5673857.193367135,6434942.097669473],[5673856.0314034885,6434945.292953574]]]}},{"type":"Feature","properties":{},"geometry":{"type":"Polygon","coordinates":[[[5672001.180961751,6431953.094634639],[5672004.671647364,6431957.214721283],[5672007.570967595,6431954.758312888],[5672004.080281982,6431950.638226245],[5672001.180961751,6431953.094634639]]]}},{"type":"Feature","properties":{},"geometry":{"type":"Polygon","coordinates":[[[5672024.868062294,6431979.02251392],[5672015.390300925,6431974.27572138],[5672013.599058458,6431977.852235103],[5672023.076819825,6431982.599027644],[5672024.868062294,6431979.02251392]]]}},{"type":"Feature","properties":{},"geometry":{"type":"Polygon","coordinates":[[[5673765.254337762,6434862.4289601315],[5673768.425504869,6434852.734441102],[5673765.47913144,6434851.77065502],[5673762.307964332,6434861.465174049],[5673765.254337762,6434862.4289601315]]]}},{"type":"Feature","properties":{},"geometry":{"type":"Polygon","coordinates":[[[5674004.750078794,6434869.099651104],[5674005.193579886,6434874.631902615],[5674015.3609610405,6434873.816819526],[5674014.91745995,6434868.284568014],[5674013.322576631,6434868.412424184],[5674013.08284631,6434865.422017964],[5674006.105231791,6434865.981388709],[5674006.344962113,6434868.971794931],[5674004.750078794,6434869.099651104]]]}},{"type":"Feature","properties":{},"geometry":{"type":"Polygon","coordinates":[[[5674016.025387989,6434884.052803787],[5674025.1531198155,6434888.605222008],[5674027.630170907,6434883.63866204],[5674026.198369839,6434882.924557224],[5674027.537316373,6434880.239930215],[5674021.273186686,6434877.115721632],[5674019.934240149,6434879.80034864],[5674018.502439081,6434879.086243821],[5674016.025387989,6434884.052803787]]]}},{"type":"Feature","properties":{},"geometry":{"type":"Polygon","coordinates":[[[5674098.172292859,6433123.604916106],[5674101.905589333,6433126.6228634715],[5674104.313208752,6433123.644561997],[5674099.8218113175,6433120.0137758665],[5674098.438914025,6433121.724463615],[5674099.197014987,6433122.337302379],[5674098.172292859,6433123.604916106]]]}},{"type":"Feature","properties":{},"geometry":{"type":"Polygon","coordinates":[[[5676377.148517218,6433226.965446867],[5676379.472843514,6433223.989054817],[5676376.793132654,6433221.896413017],[5676374.46880636,6433224.8728050655],[5676377.148517218,6433226.965446867]]]}},{"type":"Feature","properties":{},"geometry":{"type":"Polygon","coordinates":[[[5676379.472843514,6433223.989054817],[5676377.148517218,6433226.965446867],[5676371.69751963,6433233.945665572],[5676377.214922549,6433238.4433067795],[5676383.018446887,6433231.324542926],[5676385.293187922,6433228.5342825055],[5676379.472843514,6433223.989054817]]]}},{"type":"Feature","properties":{},"geometry":{"type":"Polygon","coordinates":[[[5676383.018446887,6433231.324542926],[5676377.214922549,6433238.4433067795],[5676378.305758475,6433239.320801064],[5676382.910545791,6433233.558941204],[5676382.950578368,6433233.508076153],[5676382.9888397865,6433233.455865766],[5676383.025284871,6433233.402371687],[5676383.059870592,6433233.347657076],[5676383.092556113,6433233.291786535],[5676383.123302843,6433233.234826028],[5676383.1520744795,6433233.17684281],[5676383.178837053,6433233.117905339],[5676383.203558964,6433233.058083205],[5676383.2262110235,6433232.997447037],[5676383.246766487,6433232.936068428],[5676383.265201085,6433232.874019848],[5676383.281493052,6433232.811374556],[5676383.295623151,6433232.748206519],[5676383.3075747,6433232.684590316],[5676383.317333587,6433232.620601062],[5676383.324888291,6433232.5563143045],[5676383.3302298905,6433232.491805948],[5676383.33335208,6433232.427152158],[5676383.334251173,6433232.362429269],[5676383.332926108,6433232.2977137],[5676383.329378448,6433232.23308186],[5676383.323612384,6433232.168610058],[5676383.315634722,6433232.104374416],[5676383.305454883,6433232.040450778],[5676383.293084885,6433231.976914616],[5676383.2785393335,6433231.913840948],[5676383.261835402,6433231.851304243],[5676383.242992813,6433231.78937834],[5676383.222033814,6433231.728136352],[5676383.1989831505,6433231.667650589],[5676383.173868039,6433231.607992464],[5676383.146718131,6433231.549232416],[5676383.117565485,6433231.491439822],[5676383.0864445185,6433231.434682918],[5676383.053391978,6433231.379028716],[5676383.018446887,6433231.324542926]]]}},{"type":"Feature","properties":{},"geometry":{"type":"Polygon","coordinates":[[[5676385.293187922,6433228.5342825055],[5676383.018446887,6433231.324542926],[5676383.0796889,6433231.348098002],[5676383.1417141035,6433231.369505942],[5676383.204447247,6433231.38874077],[5676383.267812217,6433231.405779148],[5676383.331732136,6433231.420600408],[5676383.396129454,6433231.433186565],[5676383.460926037,6433231.44352235],[5676383.526043274,6433231.451595222],[5676383.59140216,6433231.457395387],[5676383.6569233965,6433231.460915809],[5676383.72252749,6433231.462152215],[5676383.788134846,6433231.461103105],[5676383.853665866,6433231.457769753],[5676383.919041043,6433231.452156204],[5676383.984181062,6433231.444269267],[5676384.04900689,6433231.434118511],[5676384.113439877,6433231.421716252],[5676384.177401848,6433231.407077537],[5676384.240815203,6433231.390220127],[5676384.303603003,6433231.371164474],[5676384.365689072,6433231.349933696],[5676384.426998082,6433231.326553554],[5676384.48745565,6433231.301052412],[5676384.546988427,6433231.2734612115],[5676384.605524181,6433231.243813425],[5676384.662991896,6433231.212145026],[5676384.719321848,6433231.178494434],[5676384.774445694,6433231.142902478],[5676384.828296554,6433231.105412337],[5676384.880809095,6433231.066069499],[5676384.931919604,6433231.024921697],[5676384.9815660715,6433230.982018852],[5676385.029688262,6433230.937413016],[5676385.0762277935,6433230.891158311],[5676385.121128201,6433230.843310853],[5676385.164335006,6433230.793928692],[5676385.205795791,6433230.743071744],[5676385.245460251,6433230.690801711],[5676385.283280265,6433230.637182009],[5676385.319209945,6433230.582277694],[5676385.353205701,6433230.526155378],[5676385.385226287,6433230.468883151],[5676385.415232853,6433230.410530501],[5676385.443188993,6433230.351168224],[5676385.469060792,6433230.290868341],[5676385.492816857,6433230.229704012],[5676385.514428368,6433230.167749445],[5676385.5338691035,6433230.105079806],[5676385.551115478,6433230.041771131],[5676385.5661465665,6433229.977900228],[5676385.578944133,6433229.913544591],[5676385.58949265,6433229.848782298],[5676385.59777932,6433229.783691923],[5676385.603794089,6433229.718352438],[5676385.607529659,6433229.652843115],[5676385.6089814985,6433229.587243436],[5676385.608147846,6433229.521632988],[5676385.605029712,6433229.456091375],[5676385.599630882,6433229.390698115],[5676385.5919579035,6433229.325532548],[5676385.582020086,6433229.260673735],[5676385.569829488,6433229.196200367],[5676385.555400901,6433229.132190668],[5676385.538751827,6433229.0687222965],[5676385.519902468,6433229.005872257],[5676385.498875692,6433228.943716803],[5676385.475697011,6433228.882331344],[5676385.450394546,6433228.821790357],[5676385.4229989955,6433228.7621672945],[5676385.393543598,6433228.703534493],[5676385.36206409,6433228.645963091],[5676385.328598664,6433228.589522936],[5676385.293187922,6433228.5342825055]]]}},{"type":"Feature","properties":{},"geometry":{"type":"Polygon","coordinates":[[[5674770.081706681,6434418.576191667],[5674768.294086125,6434420.731281629],[5674769.140496608,6434421.433368689],[5674768.50201976,6434422.20300972],[5674767.655849247,6434421.501066551],[5674759.48350744,6434431.35231579],[5674762.715601842,6434434.033588439],[5674767.1210920885,6434428.723065331],[5674764.735176059,6434426.743821867],[5674766.650496531,6434424.434963006],[5674769.036521675,6434426.414141447],[5674774.113147128,6434420.294611791],[5674771.727137447,6434418.315231322],[5674770.928162055,6434419.278371142],[5674770.081706681,6434418.576191667]]]}},{"type":"Feature","properties":{},"geometry":{"type":"Polygon","coordinates":[[[5674767.655849247,6434421.501066551],[5674768.50201976,6434422.20300972],[5674769.140496608,6434421.433368689],[5674768.294086125,6434420.731281629],[5674767.655849247,6434421.501066551]]]}},{"type":"Feature","properties":{},"geometry":{"type":"Polygon","coordinates":[[[5674771.727137447,6434418.315231322],[5674770.880706336,6434417.613051155],[5674770.081706681,6434418.576191667],[5674770.928162055,6434419.278371142],[5674771.727137447,6434418.315231322]]]}},{"type":"Feature","properties":{},"geometry":{"type":"Polygon","coordinates":[[[5675491.577354656,6434445.8719974365],[5675496.8106495915,6434450.299251366],[5675502.351492159,6434443.376135715],[5675497.774000061,6434439.6610000925],[5675499.009975098,6434438.138791939],[5675496.785616932,6434436.332697837],[5675495.2450635815,6434438.242921502],[5675496.88500017,6434439.505000131],[5675491.577354656,6434445.8719974365]]]}},{"type":"Feature","properties":{},"geometry":{"type":"Polygon","coordinates":[[[5675784.456039716,6434149.859349298],[5675782.0893554045,6434147.963921629],[5675783.420825698,6434146.301410362],[5675778.818000122,6434142.6149998475],[5675770.184908819,6434153.393927154],[5675777.0781414425,6434158.914876031],[5675784.456039716,6434149.859349298]]]}},{"type":"Feature","properties":{},"geometry":{"type":"Polygon","coordinates":[[[5675784.456039716,6434149.859349298],[5675785.80142817,6434148.208038767],[5675783.420825698,6434146.301410362],[5675782.0893554045,6434147.963921629],[5675784.456039716,6434149.859349298]]]}},{"type":"Feature","properties":{},"geometry":{"type":"Polygon","coordinates":[[[5675907.49108738,6433994.6832799185],[5675906.8224603655,6433994.186075729],[5675904.355121532,6433997.3356229095],[5675911.122728858,6434002.816226376],[5675913.657274798,6433999.580889621],[5675912.972758181,6433999.044642875],[5675910.99934393,6434001.563697497],[5675905.485122541,6433997.243885225],[5675907.49108738,6433994.6832799185]]]}},{"type":"Feature","properties":{},"geometry":{"type":"Polygon","coordinates":[[[5674922.3619587235,6433688.901966775],[5674918.704183944,6433693.401931244],[5674923.249544037,6433697.096674073],[5674927.081727941,6433692.332485285],[5674928.430301761,6433690.658017929],[5674927.199541267,6433689.695583589],[5674925.712576837,6433691.597112869],[5674922.3619587235,6433688.901966775]]]}},{"type":"Feature","properties":{},"geometry":{"type":"Polygon","coordinates":[[[5674927.199541267,6433689.695583589],[5674923.847520918,6433687.074359147],[5674922.3619587235,6433688.901966775],[5674925.712576837,6433691.597112869],[5674927.199541267,6433689.695583589]]]}},{"type":"Feature","properties":{},"geometry":{"type":"Polygon","coordinates":[[[5673835.974604212,6432889.807624255],[5673841.851784857,6432882.471498051],[5673833.032847855,6432875.406347652],[5673827.155667209,6432882.742473856],[5673835.974604212,6432889.807624255]]]}},{"type":"Feature","properties":{},"geometry":{"type":"Polygon","coordinates":[[[5674966.2877803985,6434321.892448496],[5674965.1065527415,6434320.959852682],[5674966.927893663,6434318.679693018],[5674964.1165836835,6434316.4648847515],[5674963.435077382,6434317.286188571],[5674959.962100237,6434314.404361221],[5674956.796814206,6434318.366681004],[5674964.310678524,6434324.36768665],[5674966.2877803985,6434321.892448496]]]}},{"type":"Feature","properties":{},"geometry":{"type":"Polygon","coordinates":[[[5674969.778045925,6434317.498280957],[5674971.587767195,6434315.2323274035],[5674964.0872087795,6434309.240531159],[5674961.2413633065,6434312.802973762],[5674964.798089985,6434315.643580933],[5674964.1165836835,6434316.4648847515],[5674966.927893663,6434318.679693018],[5674968.614179608,6434316.56861038],[5674969.778045925,6434317.498280957]]]}},{"type":"Feature","properties":{},"geometry":{"type":"Polygon","coordinates":[[[5674966.927893663,6434318.679693018],[5674965.1065527415,6434320.959852682],[5674966.2877803985,6434321.892448496],[5674968.109786665,6434319.6108128205],[5674966.927893663,6434318.679693018]]]}},{"type":"Feature","properties":{},"geometry":{"type":"Polygon","coordinates":[[[5674969.778045925,6434317.498280957],[5674968.614179608,6434316.56861038],[5674966.927893663,6434318.679693018],[5674968.109786665,6434319.6108128205],[5674969.778045925,6434317.498280957]]]}},{"type":"Feature","properties":{},"geometry":{"type":"Polygon","coordinates":[[[5674701.094427688,6435071.25182768],[5674703.075288669,6435068.783895846],[5674703.527851596,6435069.160589191],[5674705.867126912,6435066.350161826],[5674705.357207227,6435065.940879853],[5674710.210869038,6435059.893758624],[5674707.869966185,6435058.014856192],[5674698.610460598,6435069.139313288],[5674701.094427688,6435071.25182768]]]}},{"type":"Feature","properties":{},"geometry":{"type":"Polygon","coordinates":[[[5674715.642612318,6435070.315751518],[5674716.694207752,6435069.005580903],[5674717.393452371,6435069.587952746],[5674719.596795186,6435066.842833362],[5674716.6411126675,6435064.470484137],[5674716.816378573,6435064.252122368],[5674713.7135053435,6435061.76163198],[5674711.702576438,6435064.26702507],[5674711.764965527,6435064.317101053],[5674710.432855712,6435065.976761299],[5674715.642612318,6435070.315751518]]]}},{"type":"Feature","properties":{},"geometry":{"type":"Polygon","coordinates":[[[5674052.501060542,6434073.39906368],[5674058.293035799,6434066.28955333],[5674053.015815666,6434061.929376237],[5674047.12627064,6434068.958271896],[5674052.501060542,6434073.39906368]]]}},{"type":"Feature","properties":{},"geometry":{"type":"Polygon","coordinates":[[[5674440.143343947,6433419.5644863555],[5674445.65300795,6433412.62957985],[5674443.108366065,6433410.607905616],[5674444.4706429,6433408.893234362],[5674442.1756216,6433407.069879391],[5674440.738378259,6433408.865888398],[5674439.56722105,6433407.928678231],[5674434.115750846,6433414.740948159],[5674440.143343947,6433419.5644863555]]]}},{"type":"Feature","properties":{},"geometry":{"type":"Polygon","coordinates":[[[5675232.068029749,6434808.224310977],[5675233.693859783,6434809.553412332],[5675236.623225052,6434805.969669318],[5675238.946884659,6434803.126937831],[5675235.525201312,6434800.329742625],[5675232.088296436,6434804.533954111],[5675231.703166725,6434804.218612364],[5675229.886565212,6434806.441017122],[5675232.068029749,6434808.224310977]]]}},{"type":"Feature","properties":{},"geometry":{"type":"Polygon","coordinates":[[[5675232.393355566,6434810.370130604],[5675231.2812155085,6434811.652704972],[5675231.651264923,6434811.973580537],[5675234.979131218,6434814.694065637],[5675237.079010273,6434812.104812101],[5675239.889270633,6434808.639632054],[5675236.623225052,6434805.969669318],[5675233.693859783,6434809.553412332],[5675233.233306749,6434810.116848745],[5675232.825212851,6434809.819222911],[5675232.393355566,6434810.370130604]]]}},{"type":"Feature","properties":{},"geometry":{"type":"Polygon","coordinates":[[[5675237.079010273,6434812.104812101],[5675241.328378246,6434815.592115613],[5675245.222662836,6434810.563808992],[5675241.082984609,6434807.179406999],[5675239.889270633,6434808.639632054],[5675237.079010273,6434812.104812101]]]}},{"type":"Feature","properties":{},"geometry":{"type":"Polygon","coordinates":[[[5675233.693859783,6434809.553412332],[5675232.068029749,6434808.224310977],[5675231.146862373,6434809.351133687],[5675232.393355566,6434810.370130604],[5675232.825212851,6434809.819222911],[5675233.233306749,6434810.116848745],[5675233.693859783,6434809.553412332]]]}},{"type":"Feature","properties":{},"geometry":{"type":"Polygon","coordinates":[[[5675245.222662836,6434810.563808992],[5675245.83898647,6434809.768010909],[5675241.652559544,6434806.482667571],[5675241.082984609,6434807.179406999],[5675245.222662836,6434810.563808992]]]}},{"type":"Feature","properties":{},"geometry":{"type":"Polygon","coordinates":[[[5675092.81366272,6433109.081223883],[5675094.677556659,6433106.730500721],[5675095.617669698,6433107.515605517],[5675097.616308564,6433105.170232444],[5675093.583180595,6433101.928136987],[5675089.791160166,6433106.616578206],[5675092.81366272,6433109.081223883]]]}},{"type":"Feature","properties":{},"geometry":{"type":"Polygon","coordinates":[[[5674737.581875593,6434248.5389298275],[5674735.446304258,6434251.197394621],[5674734.79832254,6434250.676864431],[5674731.101558118,6434255.27877957],[5674734.778815997,6434258.234536927],[5674735.385177638,6434257.479707976],[5674736.538936507,6434258.407211706],[5674737.491616635,6434257.222134911],[5674741.779463077,6434260.66660481],[5674740.813400916,6434261.840114036],[5674742.162123525,6434262.923556386],[5674743.371356263,6434261.419343573],[5674746.033947958,6434263.559794061],[5674750.366728685,6434258.170075377],[5674747.772655661,6434256.034569548],[5674745.153105748,6434253.8780905055],[5674743.406144396,6434252.439948203],[5674739.033100117,6434248.839948719],[5674738.014,6434248.001],[5674737.581875593,6434248.5389298275]]]}},{"type":"Feature","properties":{},"geometry":{"type":"Polygon","coordinates":[[[5674743.406144396,6434252.439948203],[5674744.156113709,6434251.528934467],[5674743.864553581,6434251.269750666],[5674743.564162037,6434251.020856168],[5674743.255302001,6434250.78255168],[5674742.938346629,6434250.555125114],[5674742.613678857,6434250.3388512395],[5674742.2816909375,6434250.133991354],[5674741.94278397,6434249.940792962],[5674741.597367412,6434249.75948948],[5674741.245858585,6434249.590299955],[5674740.888682173,6434249.433428794],[5674740.526269703,6434249.289065527],[5674740.159059034,6434249.157384567],[5674739.787493817,6434249.038545009],[5674739.412022967,6434248.9326904295],[5674739.033100117,6434248.83994872],[5674743.406144396,6434252.439948203]]]}},{"type":"Feature","properties":{},"geometry":{"type":"Polygon","coordinates":[[[5674747.772655662,6434256.034569548],[5674747.76087727,6434255.907232455],[5674747.744652881,6434255.780385165],[5674747.7240023445,6434255.6541828625],[5674747.698950922,6434255.5287799435],[5674747.669529264,6434255.404329825],[5674747.6357733635,6434255.28098476],[5674747.597724518,6434255.158895649],[5674747.555429276,6434255.038211854],[5674747.508939382,6434254.919081021],[5674747.45831171,6434254.801648892],[5674747.403608199,6434254.686059136],[5674747.344895774,6434254.5724531645],[5674747.282246262,6434254.460969961],[5674747.21573631,6434254.3517459165],[5674747.145447284,6434254.244914653],[5674747.071465177,6434254.14060687],[5674746.993880499,6434254.038950175],[5674746.912788166,6434253.940068937],[5674746.828287385,6434253.844084126],[5674746.740481537,6434253.751113169],[5674746.649478042,6434253.661269807],[5674746.555388233,6434253.574663955],[5674746.458327219,6434253.491401565],[5674746.358413746,6434253.411584501],[5674746.255770046,6434253.335310412],[5674746.150521695,6434253.262672609],[5674746.042797453,6434253.193759959],[5674745.932729108,6434253.128656768],[5674745.820451319,6434253.067442685],[5674745.153105748,6434253.8780905055],[5674747.772655662,6434256.034569548]]]}},{"type":"Feature","properties":{},"geometry":{"type":"Polygon","coordinates":[[[5674734.79832254,6434250.676864431],[5674735.446304258,6434251.197394621],[5674737.581875595,6434248.5389298275],[5674737.454228032,6434248.5644595595],[5674737.327518908,6434248.594300223],[5674737.201893767,6434248.62841754],[5674737.0774969105,6434248.666772324],[5674736.954471228,6434248.709320515],[5674736.832958032,6434248.756013243],[5674736.713096903,6434248.806796872],[5674736.595025518,6434248.86161307],[5674736.478879502,6434248.9203988705],[5674736.364792267,6434248.98308675],[5674736.252894861,6434249.049604701],[5674736.143315814,6434249.119876317],[5674736.036180997,6434249.19382088],[5674735.93161347,6434249.2713534525],[5674735.8297333475,6434249.352384976],[5674735.730657652,6434249.436822373],[5674735.634500191,6434249.524568655],[5674735.5413714135,6434249.615523029],[5674735.451378294,6434249.709581022],[5674735.364624205,6434249.806634592],[5674735.281208796,6434249.906572257],[5674735.201227884,6434250.009279224],[5674735.124773338,6434250.114637516],[5674735.05193298,6434250.222526115],[5674734.9827904785,6434250.332821092],[5674734.917425253,6434250.445395755],[5674734.855912388,6434250.560120795],[5674734.79832254,6434250.676864431]]]}},{"type":"Feature","properties":{},"geometry":{"type":"Polygon","coordinates":[[[5674720.171065436,6433907.875385758],[5674724.144602425,6433903.241511555],[5674721.063936562,6433900.690139799],[5674717.078901206,6433905.467486779],[5674720.171065436,6433907.875385758]]]}},{"type":"Feature","properties":{},"geometry":{"type":"Polygon","coordinates":[[[5674848.175897118,6433682.861123263],[5674850.6669999985,6433679.877000003],[5674844.905795702,6433674.952243427],[5674842.24999933,6433678.116999463],[5674848.175897118,6433682.861123263]]]}},{"type":"Feature","properties":{},"geometry":{"type":"Polygon","coordinates":[[[5674853.577726037,6433644.573053222],[5674857.651404789,6433639.567503608],[5674851.43553238,6433634.501107641],[5674847.371228006,6433639.486718189],[5674853.577726037,6433644.573053222]]]}},{"type":"Feature","properties":{},"geometry":{"type":"Polygon","coordinates":[[[5674931.362999493,6433632.799000624],[5674933.553784424,6433634.596324602],[5674934.801417902,6433633.078333993],[5674935.676986373,6433633.792672745],[5674938.359033148,6433630.529319851],[5674935.284338758,6433627.970784874],[5674931.362999493,6433632.799000624]]]}},{"type":"Feature","properties":{},"geometry":{"type":"Polygon","coordinates":[[[5674947.330045969,6433622.381057098],[5674949.872368868,6433624.469118904],[5674953.076636928,6433620.591850909],[5674948.388883804,6433616.717778334],[5674949.018526302,6433615.955890544],[5674946.6463693,6433613.980395027],[5674939.560156124,6433622.706129938],[5674942.019326926,6433624.753666576],[5674945.290933908,6433620.725092991],[5674947.330045969,6433622.381057098]]]}},{"type":"Feature","properties":{},"geometry":{"type":"Polygon","coordinates":[[[5673720.893140279,6435436.290141426],[5673717.276264662,6435433.211065141],[5673713.7758410955,6435437.322881632],[5673712.085427649,6435435.883818611],[5673708.941528705,6435439.576838978],[5673710.631942151,6435441.015901999],[5673706.742582633,6435445.58458699],[5673706.867677094,6435447.06418791],[5673708.375034354,6435446.936746759],[5673708.661467124,6435450.324636086],[5673707.988101422,6435451.378161006],[5673708.829958171,6435452.31752614],[5673709.150091159,6435456.104017243],[5673713.071382797,6435455.772487398],[5673712.412731746,6435447.982048937],[5673718.246771024,6435441.129021453],[5673717.392716712,6435440.401957917],[5673720.893140279,6435436.290141426]]]}},{"type":"Feature","properties":{},"geometry":{"type":"Polygon","coordinates":[[[5673709.150091159,6435456.104017243],[5673708.829958171,6435452.31752614],[5673707.988101422,6435451.378161006],[5673708.661467124,6435450.324636086],[5673708.375034354,6435446.936746759],[5673706.867677094,6435447.06418791],[5673707.642733901,6435456.231458394],[5673709.150091159,6435456.104017243]]]}},{"type":"Feature","properties":{},"geometry":{"type":"Polygon","coordinates":[[[5673720.893140279,6435436.290141426],[5673717.392716712,6435440.401957917],[5673718.246771024,6435441.129021453],[5673721.747194588,6435437.017204961],[5673720.893140279,6435436.290141426]]]}},{"type":"Feature","properties":{},"geometry":{"type":"Polygon","coordinates":[[[5669860.5897724535,6430475.77137919],[5669862.81398193,6430469.39835854],[5669859.485848924,6430468.236826925],[5669857.261639448,6430474.6098475745],[5669860.5897724535,6430475.77137919]]]}},{"type":"Feature","properties":{},"geometry":{"type":"Polygon","coordinates":[[[5669863.571285641,6430452.456182026],[5669864.099814077,6430445.726905863],[5669860.810264834,6430445.4685392445],[5669860.306340538,6430452.199747859],[5669863.571285641,6430452.456182026]]]}},{"type":"Feature","properties":{},"geometry":{"type":"Polygon","coordinates":[[[5669871.531589104,6430434.371587949],[5669876.36293046,6430429.65771049],[5669874.075826949,6430427.313615238],[5669869.244485596,6430432.027492698],[5669871.531589104,6430434.371587949]]]}},{"type":"Feature","properties":{},"geometry":{"type":"Polygon","coordinates":[[[5669883.193933372,6430415.362102394],[5669885.418142849,6430408.989081744],[5669882.326047644,6430407.909928257],[5669880.101838168,6430414.282948907],[5669883.193933372,6430415.362102394]]]}},{"type":"Feature","properties":{},"geometry":{"type":"Polygon","coordinates":[[[5674392.211963866,6433889.05940672],[5674394.81089694,6433885.760081485],[5674391.480151017,6433883.136394609],[5674388.88086581,6433886.436166875],[5674392.211963866,6433889.05940672]]]}},{"type":"Feature","properties":{},"geometry":{"type":"Polygon","coordinates":[[[5674898.851602355,6433576.9250279],[5674903.124062918,6433580.453067385],[5674907.237232867,6433575.472013042],[5674902.942,6433571.925],[5674898.851602355,6433576.9250279]]]}},{"type":"Feature","properties":{},"geometry":{"type":"Polygon","coordinates":[[[5676052.01291642,6433160.464813248],[5676053.970000798,6433158.024443707],[5676047.48743968,6433152.825837603],[5676045.359556359,6433155.477650938],[5676045.594090473,6433155.665738457],[5676043.592080756,6433158.162127266],[5676043.358044305,6433157.9744388545],[5676041.284971119,6433160.559951688],[5676047.819714658,6433165.693418938],[5676049.934683793,6433163.027627722],[5676049.418216128,6433162.613440123],[5676051.465325112,6433160.033182543],[5676052.01291642,6433160.464813248]]]}},{"type":"Feature","properties":{},"geometry":{"type":"Polygon","coordinates":[[[5676052.01291642,6433160.464813248],[5676051.465325112,6433160.033182543],[5676049.418216128,6433162.613440123],[5676049.934683792,6433163.027627724],[5676050.274121257,6433163.304298485],[5676052.340559711,6433160.727570817],[5676052.01291642,6433160.464813248]]]}},{"type":"Feature","properties":{},"geometry":{"type":"Polygon","coordinates":[[[5676047.48743968,6433152.825837603],[5676047.01860571,6433152.449924886],[5676040.82062378,6433160.179975919],[5676041.284971119,6433160.559951688],[5676043.358044305,6433157.9744388545],[5676043.592080756,6433158.162127266],[5676045.594090473,6433155.665738457],[5676045.359556359,6433155.477650938],[5676047.48743968,6433152.825837603]]]}},{"type":"Feature","properties":{},"geometry":{"type":"Polygon","coordinates":[[[5674851.095325357,6433913.210818135],[5674856.527728237,6433906.652328096],[5674850.813558619,6433902.200544465],[5674845.586789224,6433908.648092969],[5674851.095325357,6433913.210818135]]]}},{"type":"Feature","properties":{},"geometry":{"type":"Polygon","coordinates":[[[5674726.784085654,6434207.222516575],[5674730.704086702,6434202.313783254],[5674727.976764718,6434200.10255291],[5674723.954491697,6434205.063607135],[5674726.784085654,6434207.222516575]]]}},{"type":"Feature","properties":{},"geometry":{"type":"Polygon","coordinates":[[[5674729.041543443,6434279.287282561],[5674735.260252963,6434271.639021221],[5674728.556396757,6434266.124193085],[5674726.043544746,6434269.178830173],[5674725.31871681,6434268.596142895],[5674724.065625969,6434270.154912549],[5674724.790453905,6434270.737599827],[5674722.31904487,6434273.883083132],[5674729.041543443,6434279.287282561]]]}},{"type":"Feature","properties":{},"geometry":{"type":"Polygon","coordinates":[[[5675805.470940355,6432987.143994004],[5675810.8721556505,6432980.477132943],[5675803.476431605,6432974.486019488],[5675798.024246429,6432981.110990353],[5675805.470940355,6432987.143994004]]]}},{"type":"Feature","properties":{},"geometry":{"type":"Polygon","coordinates":[[[5675513.51424162,6434293.705579646],[5675516.008102589,6434290.577055732],[5675515.303793416,6434290.016743915],[5675512.804668268,6434293.139952744],[5675513.51424162,6434293.705579646]]]}},{"type":"Feature","properties":{},"geometry":{"type":"Polygon","coordinates":[[[5675517.515326644,6434288.685307093],[5675520.058221675,6434285.494177496],[5675519.366,6434284.919],[5675516.811616801,6434288.124546331],[5675517.515326644,6434288.685307093]]]}},{"type":"Feature","properties":{},"geometry":{"type":"Polygon","coordinates":[[[5675526.724478781,6434291.033271709],[5675520.058221675,6434285.494177496],[5675517.515326644,6434288.685307093],[5675518.555281088,6434289.514008937],[5675520.908341035,6434291.469202165],[5675520.424345999,6434292.051686452],[5675524.693046328,6434295.598614349],[5675526.680961041,6434293.206174345],[5675525.665444927,6434292.362366592],[5675526.724478781,6434291.033271709]]]}},{"type":"Feature","properties":{},"geometry":{"type":"Polygon","coordinates":[[[5675516.008102589,6434290.577055732],[5675513.51424162,6434293.705579646],[5675520.153091468,6434298.996441406],[5675521.212186939,6434297.667269194],[5675522.272293882,6434298.51197122],[5675524.693046328,6434295.598614349],[5675520.424345999,6434292.051686452],[5675519.401808227,6434293.282302763],[5675516.008102589,6434290.577055732]]]}},{"type":"Feature","properties":{},"geometry":{"type":"Polygon","coordinates":[[[5675522.272293882,6434298.51197122],[5675521.212186939,6434297.667269194],[5675520.153091468,6434298.996441406],[5675521.185847499,6434299.819501051],[5675522.272293882,6434298.51197122]]]}},{"type":"Feature","properties":{},"geometry":{"type":"Polygon","coordinates":[[[5675526.680961041,6434293.206174345],[5675527.766811459,6434291.899361753],[5675526.724478781,6434291.033271709],[5675525.665444927,6434292.362366592],[5675526.680961041,6434293.206174345]]]}},{"type":"Feature","properties":{},"geometry":{"type":"Polygon","coordinates":[[[5675050.667603251,6433799.7491580425],[5675053.132860785,6433801.7420454],[5675061.281715178,6433791.613068546],[5675065.928149972,6433795.409203911],[5675057.673377868,6433805.412549988],[5675060.18527209,6433807.443137936],[5675072.817,6433791.984],[5675063.148117298,6433784.20507177],[5675050.667603251,6433799.7491580425]]]}},{"type":"Feature","properties":{},"geometry":{"type":"Polygon","coordinates":[[[5674439.740115543,6433679.461670202],[5674441.922882191,6433676.85994843],[5674435.315000153,6433671.638999908],[5674433.233171432,6433674.226628329],[5674439.740115543,6433679.461670202]]]}},{"type":"Feature","properties":{},"geometry":{"type":"Polygon","coordinates":[[[5675969.052643508,6434166.415431529],[5675970.977776301,6434164.114591742],[5675969.749990465,6434163.10432349],[5675971.896420985,6434160.538997733],[5675968.591197615,6434157.773488402],[5675964.537388317,6434162.700110249],[5675969.052643508,6434166.415431529]]]}},{"type":"Feature","properties":{},"geometry":{"type":"Polygon","coordinates":[[[5675971.896420985,6434160.538997733],[5675969.749990465,6434163.10432349],[5675970.977776301,6434164.114591742],[5675969.052643508,6434166.415431529],[5675971.801648224,6434168.677415851],[5675975.846062675,6434163.843697513],[5675971.896420985,6434160.538997733]]]}},{"type":"Feature","properties":{},"geometry":{"type":"Polygon","coordinates":[[[5675975.562224968,6434171.77175949],[5675977.487357762,6434169.470919702],[5675976.259571926,6434168.46065145],[5675978.3615626255,6434165.9484383445],[5675975.846062675,6434163.843697513],[5675971.801648224,6434168.677415851],[5675975.562224968,6434171.77175949]]]}},{"type":"Feature","properties":{},"geometry":{"type":"Polygon","coordinates":[[[5675978.3615626255,6434165.9484383445],[5675976.259571926,6434168.46065145],[5675977.487357762,6434169.470919702],[5675975.562224968,6434171.77175949],[5675978.287845318,6434174.014502177],[5675982.248692006,6434169.200833528],[5675978.3615626255,6434165.9484383445]]]}},{"type":"Feature","properties":{},"geometry":{"type":"Polygon","coordinates":[[[5675985.85838329,6434176.617760652],[5675986.753839538,6434177.354571841],[5675987.563825319,6434176.370185556],[5675988.112832742,6434175.215641851],[5675987.453204354,6434174.679553807],[5675988.0401467085,6434173.966235105],[5675982.248692006,6434169.200833528],[5675978.287845318,6434174.014502178],[5675980.418716617,6434175.767853955],[5675982.197799876,6434173.60571085],[5675985.85838329,6434176.617760652]]]}},{"type":"Feature","properties":{},"geometry":{"type":"Polygon","coordinates":[[[5675985.85838329,6434176.617760652],[5675982.197799876,6434173.60571085],[5675980.418716617,6434175.767853955],[5675978.287845318,6434174.014502178],[5675975.562224968,6434171.77175949],[5675971.801648224,6434168.677415851],[5675969.052643508,6434166.415431529],[5675964.537388317,6434162.700110249],[5675963.521940493,6434163.934190765],[5675970.949108287,6434169.828336904],[5675971.110530101,6434169.623866131],[5675976.392326485,6434173.969903919],[5675976.112756243,6434174.3096692795],[5675983.056359367,6434180.023096876],[5675985.85838329,6434176.617760652]]]}},{"type":"Feature","properties":{},"geometry":{"type":"Polygon","coordinates":[[[5670435.960282056,6430729.730604568],[5670437.348175095,6430726.085916254],[5670429.591530734,6430723.132195169],[5670428.203637694,6430726.776883483],[5670435.960282056,6430729.730604568]]]}},{"type":"Feature","properties":{},"geometry":{"type":"Polygon","coordinates":[[[5675438.798109074,6434566.870329904],[5675437.624534746,6434565.9444389185],[5675435.382405524,6434568.698544808],[5675436.566975888,6434569.649780007],[5675438.798109074,6434566.870329904]]]}},{"type":"Feature","properties":{},"geometry":{"type":"Polygon","coordinates":[[[5675438.798109074,6434566.870329904],[5675440.9562238585,6434564.321803224],[5675439.574865194,6434563.187166619],[5675434.831013952,6434559.3133204],[5675432.87253131,6434561.703264531],[5675432.099101231,6434561.069463362],[5675429.6302421065,6434564.082221937],[5675430.672338861,6434564.916312393],[5675435.382405524,6434568.698544808],[5675437.624534746,6434565.9444389185],[5675438.798109074,6434566.870329904]]]}},{"type":"Feature","properties":{},"geometry":{"type":"Polygon","coordinates":[[[5675434.831013952,6434559.3133204],[5675439.574865194,6434563.187166619],[5675441.440211065,6434560.904015998],[5675443.126964019,6434562.292743919],[5675446.068692748,6434558.691531334],[5675443.294580534,6434556.508597202],[5675443.88772913,6434555.793586241],[5675442.150627766,6434554.352546465],[5675440.707603718,6434553.451095064],[5675439.385824716,6434553.303445926],[5675438.063133565,6434553.791900755],[5675437.271219078,6434554.719947869],[5675438.057188788,6434555.3380992515],[5675437.33400075,6434556.280395299],[5675436.550040275,6434555.637964807],[5675434.062076054,6434558.683189365],[5675434.831013952,6434559.3133204]]]}},{"type":"Feature","properties":{},"geometry":{"type":"Polygon","coordinates":[[[5674914.107230298,6434575.416897382],[5674916.015690482,6434572.767869502],[5674918.379978026,6434569.625088045],[5674914.561668142,6434567.000198065],[5674910.708680943,6434572.509988827],[5674914.107230298,6434575.416897382]]]}},{"type":"Feature","properties":{},"geometry":{"type":"Polygon","coordinates":[[[5676172.157128864,6432944.882668757],[5676175.14962393,6432941.244801629],[5676166.056296077,6432933.764666219],[5676162.3218358755,6432938.327589055],[5676169.340719098,6432944.056365409],[5676170.071962643,6432943.1674192995],[5676172.157128864,6432944.882668757]]]}},{"type":"Feature","properties":{},"geometry":{"type":"Polygon","coordinates":[[[5675112.95700003,6432743.35299997],[5675115.368000124,6432740.392999971],[5675108.910728956,6432735.134332996],[5675106.418999907,6432738.194000061],[5675112.95700003,6432743.35299997]]]}},{"type":"Feature","properties":{},"geometry":{"type":"Polygon","coordinates":[[[5675537.570911676,6433040.168932759],[5675540.351351698,6433036.699278102],[5675541.827441173,6433037.89558904],[5675542.815480931,6433036.662634282],[5675544.375321248,6433037.914392323],[5675546.451154969,6433035.183679775],[5675544.7873897,6433033.918918294],[5675544.885006023,6433033.805027759],[5675541.445104126,6433031.016218891],[5675539.044333547,6433033.977488613],[5675537.980729425,6433033.125159563],[5675537.084230071,6433034.264729197],[5675536.184240518,6433034.260392416],[5675535.269530324,6433035.385472528],[5675535.279046956,6433036.445429809],[5675534.343560152,6433037.553294657],[5675537.570911676,6433040.168932759]]]}},{"type":"Feature","properties":{},"geometry":{"type":"Polygon","coordinates":[[[5675442.841465752,6432551.430637101],[5675446.01970272,6432547.31495857],[5675441.911938954,6432544.142833595],[5675438.733701986,6432548.258512126],[5675442.841465752,6432551.430637101]]]}},{"type":"Feature","properties":{},"geometry":{"type":"Polygon","coordinates":[[[5674609.929258494,6434033.745914188],[5674612.302980838,6434030.907703091],[5674605.901363303,6434025.7714616135],[5674603.5863288585,6434028.657742182],[5674609.929258494,6434033.745914188]]]}},{"type":"Feature","properties":{},"geometry":{"type":"Polygon","coordinates":[[[5674924.742726231,6435033.434562211],[5674928.621422587,6435028.791479767],[5674924.8128941655,6435025.629579822],[5674925.713727459,6435024.455314359],[5674927.11372746,6435024.455314359],[5674928.070874206,6435023.236146566],[5674928.070874206,6435021.836146566],[5674928.378004597,6435021.44159502],[5674930.30524834,6435022.803700579],[5674931.572495444,6435021.192308393],[5674930.955588187,6435020.731520549],[5674933.251157651,6435017.753608389],[5674935.635871977,6435019.606589119],[5674937.075871977,6435019.606589119],[5674937.716464044,6435020.051608],[5674939.149894861,6435018.494230009],[5674932.423606024,6435013.279373638],[5674931.200636787,6435014.810895824],[5674928.938522346,6435013.11038465],[5674927.071500861,6435015.709274947],[5674925.671500861,6435015.709274947],[5674924.675163366,6435016.935534135],[5674924.675163366,6435018.335534136],[5674923.4065870065,6435019.97126456],[5674921.976587007,6435019.97126456],[5674920.896183158,6435021.373272949],[5674920.896183158,6435022.793272949],[5674919.610812448,6435024.428577855],[5674918.210812448,6435024.428577855],[5674917.166241754,6435025.7058296185],[5674917.166241754,6435027.155829619],[5674924.742726231,6435033.434562211]]]}},{"type":"Feature","properties":{},"geometry":{"type":"Polygon","coordinates":[[[5675213.483795651,6433398.080252702],[5675215.536645151,6433395.541712893],[5675210.711953833,6433391.65617385],[5675208.6774584055,6433394.192384401],[5675213.483795651,6433398.080252702]]]}},{"type":"Feature","properties":{},"geometry":{"type":"Polygon","coordinates":[[[5675167.920309129,6433428.140825995],[5675165.25399995,6433425.899999955],[5675160.329997057,6433432.242997614],[5675162.900788044,6433434.328467444],[5675167.920309129,6433428.140825995]]]}},{"type":"Feature","properties":{},"geometry":{"type":"Polygon","coordinates":[[[5675191.622530595,6433425.305800348],[5675193.871825326,6433422.567212553],[5675176.554286766,6433408.13107108],[5675172.283536766,6433413.370304188],[5675174.600179539,6433415.258330381],[5675176.472521569,6433412.960596124],[5675191.622530595,6433425.305800348]]]}},{"type":"Feature","properties":{},"geometry":{"type":"Polygon","coordinates":[[[5675189.536992877,6433427.845008671],[5675190.892824175,6433426.194241062],[5675188.012781016,6433423.8471882725],[5675186.718000122,6433425.435999939],[5675189.536992877,6433427.845008671]]]}},{"type":"Feature","properties":{},"geometry":{"type":"Polygon","coordinates":[[[5675762.7254374325,6432901.5809401395],[5675761.8119323375,6432900.834007452],[5675764.28060817,6432897.814795693],[5675765.1941132685,6432898.561728383],[5675767.594981547,6432895.625445844],[5675761.29174664,6432890.302690008],[5675758.806369645,6432893.342150456],[5675759.967577846,6432894.291674294],[5675757.625419047,6432897.155987851],[5675756.464210847,6432896.206464016],[5675753.957793559,6432899.271655421],[5675760.2757514,6432904.576927206],[5675762.7254374325,6432901.5809401395]]]}},{"type":"Feature","properties":{},"geometry":{"type":"Polygon","coordinates":[[[5675762.7254374325,6432901.5809401395],[5675765.1941132685,6432898.561728383],[5675764.28060817,6432897.814795693],[5675761.8119323375,6432900.834007452],[5675762.7254374325,6432901.5809401395]]]}},{"type":"Feature","properties":{},"geometry":{"type":"Polygon","coordinates":[[[5674112.271804326,6434034.577866232],[5674115.827236108,6434030.373268536],[5674110.62,6434025.97],[5674107.039999427,6434030.330000694],[5674112.271804326,6434034.577866232]]]}},{"type":"Feature","properties":{},"geometry":{"type":"Polygon","coordinates":[[[5674598.888439767,6433823.898493639],[5674600.742461451,6433821.641098234],[5674592.588931421,6433815.067842886],[5674588.843680346,6433819.654110839],[5674592.507661296,6433822.683080728],[5674593.887512439,6433821.013949472],[5674595.819436329,6433822.600658108],[5674596.419162568,6433821.870451296],[5674598.888439767,6433823.898493639]]]}},{"type":"Feature","properties":{},"geometry":{"type":"Polygon","coordinates":[[[5674875.158564773,6434863.479370444],[5674878.1988240415,6434865.9696839955],[5674879.9361511925,6434863.942223917],[5674880.996883531,6434864.809257307],[5674882.927415906,6434862.5563291],[5674876.775249751,6434857.284547872],[5674874.241384758,6434860.3796475595],[5674876.310336916,6434862.067595498],[5674875.158564773,6434863.479370444]]]}},{"type":"Feature","properties":{},"geometry":{"type":"Polygon","coordinates":[[[5674874.241384758,6434860.3796475595],[5674873.085445336,6434861.788022641],[5674875.158564773,6434863.479370444],[5674876.310336916,6434862.067595498],[5674874.241384758,6434860.3796475595]]]}},{"type":"Feature","properties":{},"geometry":{"type":"Polygon","coordinates":[[[5674858.155270224,6434851.761719369],[5674861.599224118,6434854.75256677],[5674862.579194505,6434855.545050012],[5674864.3305275,6434853.373196456],[5674859.922099863,6434849.727219109],[5674858.155270224,6434851.761719369]]]}},{"type":"Feature","properties":{},"geometry":{"type":"Polygon","coordinates":[[[5674858.155270224,6434851.761719369],[5674856.405999957,6434853.776000055],[5674860.002592715,6434856.737216699],[5674861.599224118,6434854.75256677],[5674858.155270224,6434851.761719369]]]}},{"type":"Feature","properties":{},"geometry":{"type":"Polygon","coordinates":[[[5674829.013093227,6433147.435860118],[5674835.507734878,6433139.467350287],[5674832.2518562535,6433136.813684122],[5674825.734208304,6433144.763442936],[5674829.013093227,6433147.435860118]]]}},{"type":"Feature","properties":{},"geometry":{"type":"Polygon","coordinates":[[[5673616.490992106,6434935.376220281],[5673618.718526393,6434928.951610232],[5673599.823128869,6434922.400663317],[5673597.5957301725,6434928.825292482],[5673616.490992106,6434935.376220281]]]}},{"type":"Feature","properties":{},"geometry":{"type":"Polygon","coordinates":[[[5673623.99575617,6434881.678036624],[5673626.583548697,6434874.213900381],[5673621.38699815,6434872.412272667],[5673621.141321641,6434873.120893202],[5673620.716149323,6434872.973487298],[5673618.619709809,6434879.020382482],[5673619.04488213,6434879.167788386],[5673618.799205624,6434879.876408915],[5673623.99575617,6434881.678036624]]]}},{"type":"Feature","properties":{},"geometry":{"type":"Polygon","coordinates":[[[5673628.28090763,6434867.8203013735],[5673630.868700155,6434860.356165132],[5673625.672149607,6434858.554537424],[5673625.426473102,6434859.263157953],[5673625.001300782,6434859.115752049],[5673622.904861269,6434865.162647232],[5673623.330033589,6434865.310053137],[5673623.084357084,6434866.018673666],[5673628.28090763,6434867.8203013735]]]}},{"type":"Feature","properties":{},"geometry":{"type":"Polygon","coordinates":[[[5673869.083893913,6435070.679558499],[5673875.463255676,6435074.919982899],[5673880.1798187345,6435067.737016689],[5673878.173655042,6435066.419706085],[5673878.47733248,6435065.957228485],[5673876.086654078,6435064.3874333445],[5673875.782976642,6435064.849910946],[5673873.776812948,6435063.5326003395],[5673869.083893913,6435070.679558499]]]}},{"type":"Feature","properties":{},"geometry":{"type":"Polygon","coordinates":[[[5673889.755196558,6435056.972438654],[5673892.540939706,6435048.888990435],[5673885.298926394,6435046.39322521],[5673882.513183247,6435054.476673429],[5673884.782221396,6435055.258636438],[5673884.601956761,6435055.781714039],[5673887.305893827,6435056.713553267],[5673887.486158462,6435056.190475665],[5673889.755196558,6435056.972438654]]]}},{"type":"Feature","properties":{},"geometry":{"type":"Polygon","coordinates":[[[5673854.832118185,6435045.182703038],[5673857.604574019,6435037.137810891],[5673850.330504585,6435034.74110858],[5673847.590104927,6435042.686937831],[5673849.859143023,6435043.468900822],[5673849.678878388,6435043.991978423],[5673852.382815454,6435044.92381765],[5673852.563080089,6435044.400740049],[5673854.832118185,6435045.182703038]]]}},{"type":"Feature","properties":{},"geometry":{"type":"Polygon","coordinates":[[[5673816.978383402,6435035.959173759],[5673817.597274179,6435034.193526256],[5673818.151057141,6435034.387637009],[5673819.0971041415,6435031.688638108],[5673818.564326119,6435031.501889958],[5673819.368867421,6435029.24073079],[5673811.313832485,6435026.374675013],[5673808.923348466,6435033.093117982],[5673816.978383402,6435035.959173759]]]}},{"type":"Feature","properties":{},"geometry":{"type":"Polygon","coordinates":[[[5674014.750588845,6434941.862897857],[5674023.631466969,6434946.298236603],[5674030.33350471,6434932.878747414],[5674021.452626623,6434928.443408686],[5674014.750588845,6434941.862897857]]]}},{"type":"Feature","properties":{},"geometry":{"type":"Polygon","coordinates":[[[5666061.032589397,6430508.751575243],[5666065.1551461015,6430496.950959742],[5666059.896552742,6430495.113864949],[5666055.773996039,6430506.914480449],[5666061.032589397,6430508.751575243]]]}},{"type":"Feature","properties":{},"geometry":{"type":"Polygon","coordinates":[[[5673392.419999066,6435489.258258695],[5673394.695407636,6435482.956380829],[5673390.48535831,6435481.412146975],[5673389.418624808,6435484.32038568],[5673388.990370927,6435484.165748525],[5673387.610515269,6435488.033224052],[5673389.117462313,6435488.57087953],[5673389.284537216,6435488.108180404],[5673392.419999066,6435489.258258695]]]}},{"type":"Feature","properties":{},"geometry":{"type":"Polygon","coordinates":[[[5676254.89100138,6431709.6365565155],[5676249.74114397,6431705.307246219],[5676247.872189676,6431703.7360797925],[5676243.239054809,6431709.247346552],[5676245.620464218,6431711.249316599],[5676242.428524163,6431715.046234586],[5676238.193886316,6431711.48631831],[5676235.748620692,6431714.395042433],[5676236.896801268,6431715.360278863],[5676235.255125815,6431717.31310597],[5676244.157172863,6431724.796754717],[5676248.244113943,6431719.935203482],[5676246.638519605,6431718.58543483],[5676247.282010558,6431717.819981112],[5676247.5996435685,6431718.0870044],[5676247.631815778,6431718.129679796],[5676247.665446622,6431718.171215407],[5676247.700495753,6431718.211561397],[5676247.736921122,6431718.250669365],[5676247.774679027,6431718.288492389],[5676247.813724169,6431718.324985093],[5676247.854009703,6431718.360103697],[5676247.895487298,6431718.3938060645],[5676247.938107193,6431718.426051765],[5676247.981818255,6431718.456802109],[5676248.02656804,6431718.4860202065],[5676248.072302864,6431718.513671003],[5676248.1189678535,6431718.539721324],[5676248.166507025,6431718.5641399175],[5676248.214863345,6431718.586897487],[5676248.263978796,6431718.607966729],[5676248.3137944555,6431718.627322367],[5676248.364250556,6431718.644941179],[5676248.415286563,6431718.660802026],[5676248.466841249,6431718.67488588],[5676248.51885276,6431718.687175846],[5676248.571258698,6431718.697657175],[5676248.623996188,6431718.706317296],[5676248.67700196,6431718.713145819],[5676248.730212421,6431718.7181345485],[5676248.783563732,6431718.721277502],[5676248.836991887,6431718.722570908],[5676248.890432784,6431718.722013215],[5676248.94382231,6431718.719605092],[5676248.997096412,6431718.715349427],[5676249.050191173,6431718.709251328],[5676249.103042897,6431718.701318109],[5676249.155588172,6431718.69155929],[5676249.207763961,6431718.679986576],[5676249.259507664,6431718.666613853],[5676249.310757204,6431718.651457164],[5676249.361451095,6431718.634534694],[5676249.4115285175,6431718.615866745],[5676249.460929392,6431718.595475714],[5676249.509594451,6431718.573386064],[5676249.557465307,6431718.549624296],[5676249.604484532,6431718.52421892],[5676249.650595712,6431718.497200414],[5676249.695743526,6431718.468601194],[5676249.739873811,6431718.4384555705],[5676249.782933619,6431718.406799711],[5676249.824871292,6431718.373671595],[5676249.865636516,6431718.339110965],[5676249.905180383,6431718.303159286],[5676249.94345545,6431718.265859691],[5676249.980415798,6431718.2272569295],[5676250.016017085,6431718.187397314],[5676250.0502165975,6431718.146328665],[5676250.082973305,6431718.104100255],[5676250.114247911,6431718.060762746],[5676250.14400289,6431718.016368132],[5676250.172202547,6431717.970969675],[5676250.19881305,6431717.924621841],[5676250.2238024715,6431717.877380235],[5676250.247140832,6431717.829301534],[5676250.268800131,6431717.78044342],[5676250.288754385,6431717.730864509],[5676250.306979652,6431717.680624285],[5676250.323454067,6431717.629783019],[5676250.338157865,6431717.578401711],[5676250.351073407,6431717.526542002],[5676250.362185195,6431717.474266112],[5676250.371479901,6431717.4216367565],[5676250.37894637,6431717.368717078],[5676250.384575648,6431717.315570566],[5676250.388360979,6431717.262260981],[5676250.390297823,6431717.208852281],[5676250.3903838545,6431717.155408543],[5676250.388618972,6431717.101993884],[5676250.3850052925,6431717.048672388],[5676250.379547151,6431716.995508028],[5676250.372251096,6431716.942564585],[5676250.363125881,6431716.8899055775],[5676250.3521824535,6431716.837594184],[5676250.339433943,6431716.785693162],[5676250.324895645,6431716.734264781],[5676250.308584999,6431716.683370739],[5676250.290521577,6431716.633072098],[5676250.270727049,6431716.583429201],[5676250.249225161,6431716.5345016075],[5676250.226041713,6431716.486348017],[5676250.201204516,6431716.439026201],[5676250.17474337,6431716.392592934],[5676250.14669002,6431716.347103923],[5676250.117078125,6431716.302613742],[5676250.085943208,6431716.259175768],[5676250.053322625,6431716.216842116],[5676250.019255511,6431716.175663574],[5676249.983782739,6431716.1356895445],[5676249.946946865,6431716.096967988],[5676249.908792083,6431716.059545359],[5676249.869364169,6431716.023466554],[5676249.828710426,6431715.988774858],[5676249.786879627,6431715.955511893],[5676249.743921958,6431715.923717566],[5676249.699888958,6431715.893430021],[5676249.654833453,6431715.864685593],[5676249.608809499,6431715.837518771],[5676249.561872312,6431715.811962147],[5676249.5140782045,6431715.788046381],[5676249.465484517,6431715.765800167],[5676249.186968703,6431715.553970559],[5676249.830459657,6431714.788516842],[5676252.126820807,6431716.718989703],[5676256.759955674,6431711.207722943],[5676254.89100138,6431709.6365565155]]]}},{"type":"Feature","properties":{},"geometry":{"type":"Polygon","coordinates":[[[5676254.89100138,6431709.6365565155],[5676254.943046384,6431709.528318764],[5676254.99130106,6431709.4183388585],[5676255.035707191,6431709.306749483],[5676255.076211203,6431709.1936852615],[5676255.112764233,6431709.079282599],[5676255.14532218,6431708.963679514],[5676255.173845768,6431708.847015474],[5676255.198300582,6431708.729431226],[5676255.21865712,6431708.611068628],[5676255.234890824,6431708.4920704765],[5676255.246982109,6431708.372580335],[5676255.254916387,6431708.2527423585],[5676255.258684086,6431708.132701125],[5676255.25828066,6431708.012601456],[5676255.253706597,6431707.892588243],[5676255.244967415,6431707.772806275],[5676255.232073656,6431707.65340006],[5676255.2150408765,6431707.534513653],[5676255.193889625,6431707.416290483],[5676255.16864542,6431707.29887318],[5676255.139338716,6431707.182403397],[5676255.10600487,6431707.0670216475],[5676255.068684096,6431706.952867134],[5676255.02742142,6431706.840077573],[5676254.9822666235,6431706.728789041],[5676254.933274181,6431706.619135797],[5676254.880503198,6431706.511250133],[5676254.824017341,6431706.405262203],[5676254.763884757,6431706.301299876],[5676254.700177989,6431706.199488575],[5676254.632973896,6431706.0999511285],[5676254.562353557,6431706.002807622],[5676254.488402169,6431705.908175251],[5676254.41120895,6431705.816168186],[5676254.330867027,6431705.726897425],[5676254.247473329,6431705.640470668],[5676254.161128464,6431705.5569921825],[5676254.071936601,6431705.476562681],[5676253.980005344,6431705.399279194],[5676253.885445603,6431705.325234961],[5676253.788371456,6431705.254519309],[5676253.688900018,6431705.187217554],[5676253.587151294,6431705.12341089],[5676253.483248036,6431705.063176296],[5676253.377315599,6431705.00658644],[5676253.26948178,6431704.953709594],[5676253.159876675,6431704.904609551],[5676253.048632516,6431704.859345546],[5676252.935883509,6431704.817972188],[5676252.82176568,6431704.780539391],[5676252.706416704,6431704.747092313],[5676252.589975741,6431704.71767131],[5676252.47258327,6431704.692311872],[5676252.354380918,6431704.671044596],[5676252.235511285,6431704.653895139],[5676252.116117783,6431704.64088419],[5676251.99634445,6431704.632027446],[5676251.876335785,6431704.627335593],[5676251.756236569,6431704.626814291],[5676251.636191696,6431704.630464168],[5676251.51634599,6431704.638280822],[5676251.396844038,6431704.650254822],[5676251.27783001,6431704.666371723],[5676251.159447489,6431704.686612079],[5676251.041839296,6431704.710951474],[5676250.925147316,6431704.739360541],[5676250.809512332,6431704.77180501],[5676250.695073848,6431704.808245737],[5676250.581969926,6431704.848638758],[5676250.47033702,6431704.892935343],[5676250.360309806,6431704.941082051],[5676250.252021025,6431704.993020796],[5676250.145601321,6431705.048688917],[5676250.0411790805,6431705.108019255],[5676249.938880282,6431705.170940231],[5676249.838828344,6431705.237375936],[5676249.741143971,6431705.307246218],[5676254.89100138,6431709.6365565155]]]}},{"type":"Feature","properties":{},"geometry":{"type":"Polygon","coordinates":[[[5676235.255125815,6431717.31310597],[5676234.7089320235,6431717.962821501],[5676243.51368191,6431725.562208433],[5676244.157172863,6431724.796754717],[5676235.255125815,6431717.31310597]]]}},{"type":"Feature","properties":{},"geometry":{"type":"Polygon","coordinates":[[[5673825.285230682,6435288.699570835],[5673823.706171068,6435288.119394349],[5673824.292350634,6435286.52365204],[5673825.119898257,6435284.270839369],[5673817.798444886,6435281.580798378],[5673815.419245471,6435288.057634808],[5673814.48057353,6435287.7128233],[5673813.937600928,6435289.190944339],[5673823.776727465,6435292.80524655],[5673825.285230682,6435288.699570835]]]}},{"type":"Feature","properties":{},"geometry":{"type":"Polygon","coordinates":[[[5673825.285230682,6435288.699570835],[5673825.871521666,6435287.103869463],[5673824.292350634,6435286.52365204],[5673823.706171068,6435288.119394349],[5673825.285230682,6435288.699570835]]]}},{"type":"Feature","properties":{},"geometry":{"type":"Polygon","coordinates":[[[5674645.432796881,6433475.316709475],[5674648.316729611,6433471.74085381],[5674643.61242299,6433467.987355328],[5674640.731192391,6433471.493753318],[5674645.432796881,6433475.316709475]]]}},{"type":"Feature","properties":{},"geometry":{"type":"Polygon","coordinates":[[[5674870.808826345,6433305.551590543],[5674872.960537799,6433302.881216706],[5674865.486887056,6433296.968420419],[5674863.408443104,6433299.595530104],[5674870.808826345,6433305.551590543]]]}},{"type":"Feature","properties":{},"geometry":{"type":"Polygon","coordinates":[[[5674863.408443104,6433299.595530104],[5674863.032242789,6433300.062958994],[5674870.433078181,6433306.018481101],[5674870.808826345,6433305.551590543],[5674863.408443104,6433299.595530104]]]}},{"type":"Feature","properties":{},"geometry":{"type":"Polygon","coordinates":[[[5674689.6290561,6433587.30972263],[5674692.33,6433583.988000123],[5674683.334429772,6433576.647767679],[5674680.6570000565,6433579.92899993],[5674689.6290561,6433587.30972263]]]}},{"type":"Feature","properties":{},"geometry":{"type":"Polygon","coordinates":[[[5674582.151454628,6433796.747907432],[5674584.855409086,6433793.5628801165],[5674579.61564375,6433789.114539355],[5674577.737672465,6433787.591600103],[5674575.009317431,6433790.955997207],[5674582.151454628,6433796.747907432]]]}},{"type":"Feature","properties":{},"geometry":{"type":"Polygon","coordinates":[[[5674423.200399159,6434103.764960477],[5674429.505226161,6434095.947919751],[5674409.992359199,6434080.264840926],[5674405.232869519,6434086.209420236],[5674405.686939917,6434089.639496048],[5674423.200399159,6434103.764960477]]]}},{"type":"Feature","properties":{},"geometry":{"type":"Polygon","coordinates":[[[5674827.468553548,6433646.620379826],[5674824.097665215,6433643.901008751],[5674817.317882305,6433652.304832674],[5674823.258452398,6433657.383048876],[5674829.941067756,6433649.338481433],[5674827.1524046995,6433647.007782034],[5674827.468553548,6433646.620379826]]]}},{"type":"Feature","properties":{},"geometry":{"type":"Polygon","coordinates":[[[5675178.191035257,6433227.986752982],[5675174.507673281,6433232.498037807],[5675186.758928358,6433242.501183819],[5675190.434187884,6433238.013855546],[5675178.191035257,6433227.986752982]]]}},{"type":"Feature","properties":{},"geometry":{"type":"Polygon","coordinates":[[[5675261.860307176,6433338.671088822],[5675267.687007704,6433331.6612218125],[5675265.2115463475,6433329.603583347],[5675264.622813369,6433330.292984619],[5675261.700529103,6433327.863940636],[5675259.752321449,6433330.1452751],[5675260.136832537,6433330.46488615],[5675259.29260922,6433331.453464419],[5675260.82760786,6433332.735563938],[5675258.42765885,6433335.608912231],[5675261.860307176,6433338.671088822]]]}},{"type":"Feature","properties":{},"geometry":{"type":"Polygon","coordinates":[[[5673864.919900622,6433931.263130704],[5673869.314509337,6433928.670164134],[5673867.114131962,6433924.9409230035],[5673862.739185643,6433927.5222881],[5673864.919900622,6433931.263130704]]]}},{"type":"Feature","properties":{},"geometry":{"type":"Polygon","coordinates":[[[5675261.861107406,6433318.703713971],[5675259.221000092,6433321.904000061],[5675269.063000018,6433330.005999979],[5675272.902557817,6433325.38612582],[5675264.746781547,6433318.426735104],[5675263.443886086,6433320.009442726],[5675261.861107406,6433318.703713971]]]}},{"type":"Feature","properties":{},"geometry":{"type":"Polygon","coordinates":[[[5675264.746781547,6433318.426735104],[5675263.187354566,6433317.096063284],[5675261.861107406,6433318.703713971],[5675263.443886086,6433320.009442726],[5675264.746781547,6433318.426735104]]]}},{"type":"Feature","properties":{},"geometry":{"type":"Polygon","coordinates":[[[5675167.920309129,6433428.140825995],[5675162.900788043,6433434.328467442],[5675165.249213357,6433436.233550417],[5675170.725141599,6433429.540811617],[5675168.359861967,6433427.603308293],[5675167.920309129,6433428.140825995]]]}},{"type":"Feature","properties":{},"geometry":{"type":"Polygon","coordinates":[[[5674748.78599994,6433965.768999908],[5674751.724000061,6433965.350000001],[5674756.181076368,6433960.052718466],[5674752.1689999085,6433956.677000031],[5674747.164275848,6433962.897076959],[5674747.832858883,6433963.4692628775],[5674747.598999908,6433964.800499893],[5674748.78599994,6433965.768999908]]]}},{"type":"Feature","properties":{},"geometry":{"type":"Polygon","coordinates":[[[5674669.446203858,6434159.229028566],[5674669.928175241,6434158.640459469],[5674667.472814697,6434156.639301563],[5674662.42536213,6434162.846009432],[5674664.757879575,6434164.811171606],[5674669.446203858,6434159.229028566]]]}},{"type":"Feature","properties":{},"geometry":{"type":"Polygon","coordinates":[[[5674669.446203858,6434159.229028566],[5674679.110410843,6434167.106729154],[5674682.158491241,6434163.334629553],[5674672.518234613,6434155.477556106],[5674669.928175241,6434158.640459469],[5674669.446203858,6434159.229028566]]]}},{"type":"Feature","properties":{},"geometry":{"type":"Polygon","coordinates":[[[5675314.0365795,6433367.826148844],[5675316.68199391,6433364.611004703],[5675313.981022482,6433362.3981871735],[5675311.355820925,6433365.620425848],[5675314.0365795,6433367.826148844]]]}},{"type":"Feature","properties":{},"geometry":{"type":"Polygon","coordinates":[[[5675321.477985429,6433368.540203649],[5675316.681993911,6433364.611004703],[5675314.0365795,6433367.826148844],[5675318.827555757,6433371.768154889],[5675321.477985429,6433368.540203649]]]}},{"type":"Feature","properties":{},"geometry":{"type":"Polygon","coordinates":[[[5675321.477985429,6433368.540203649],[5675318.827555757,6433371.768154889],[5675319.59973901,6433372.4035057835],[5675322.257491246,6433369.183622393],[5675321.477985429,6433368.540203649]]]}},{"type":"Feature","properties":{},"geometry":{"type":"Polygon","coordinates":[[[5675376.935582985,6433302.702157149],[5675385.766184234,6433291.710037154],[5675379.762083167,6433286.886597963],[5675370.8510066625,6433297.97889162],[5675376.935582985,6433302.702157149]]]}},{"type":"Feature","properties":{},"geometry":{"type":"Polygon","coordinates":[[[5675330.03599994,6433293.431000092],[5675334.603738833,6433287.91645161],[5675329.474335053,6433283.667730755],[5675324.845,6433289.29],[5675330.03599994,6433293.431000092]]]}},{"type":"Feature","properties":{},"geometry":{"type":"Polygon","coordinates":[[[5675277.365215155,6433511.853208771],[5675276.389269466,6433511.072164591],[5675271.589682291,6433517.220511281],[5675275.294509975,6433520.11261291],[5675276.365124509,6433518.741138849],[5675277.546925109,6433519.663688487],[5675289.832,6433504.313],[5675286.918086674,6433501.969533064],[5675278.341160845,6433512.634252951],[5675277.365215155,6433511.853208771]]]}},{"type":"Feature","properties":{},"geometry":{"type":"Polygon","coordinates":[[[5675277.365215155,6433511.853208771],[5675278.341160845,6433512.634252951],[5675286.918086674,6433501.9695330635],[5675285.944018304,6433501.186154574],[5675277.365215155,6433511.853208771]]]}},{"type":"Feature","properties":{},"geometry":{"type":"Polygon","coordinates":[[[5675326.847954148,6433496.63708402],[5675328.601999878,6433494.45599994],[5675324.774618105,6433491.330867984],[5675323.854440003,6433492.445553],[5675321.220744001,6433490.271423002],[5675320.338391658,6433491.340285436],[5675326.847954148,6433496.63708402]]]}},{"type":"Feature","properties":{},"geometry":{"type":"Polygon","coordinates":[[[5675057.327464726,6433772.099535187],[5675060.816669974,6433774.818522252],[5675062.785330275,6433772.484974845],[5675059.20107037,6433769.795082767],[5675057.327464726,6433772.099535187]]]}},{"type":"Feature","properties":{},"geometry":{"type":"Polygon","coordinates":[[[5675301.020755562,6433484.93807289],[5675304.874999847,6433480.26],[5675301.367578625,6433477.252942241],[5675297.471000092,6433482.01299997],[5675301.020755562,6433484.93807289]]]}},{"type":"Feature","properties":{},"geometry":{"type":"Polygon","coordinates":[[[5673832.965387887,6433405.036648815],[5673835.6191043295,6433401.757176895],[5673837.166187924,6433403.009061732],[5673837.923816072,6433402.078591353],[5673839.021067339,6433402.972019517],[5673841.192810258,6433400.3560244385],[5673840.049320247,6433399.4009592915],[5673841.49315173,6433397.61666737],[5673836.302676158,6433393.41658556],[5673832.758203237,6433397.796857406],[5673829.281345416,6433401.959664728],[5673832.965387887,6433405.036648815]]]}},{"type":"Feature","properties":{},"geometry":{"type":"Polygon","coordinates":[[[5675830.172274454,6434427.40392969],[5675828.8619735595,6434429.0847447645],[5675825.3927945625,6434433.3758408185],[5675827.924646613,6434435.29762658],[5675830.391002537,6434437.2925252635],[5675833.7995275585,6434433.07845868],[5675831.257016046,6434430.896073799],[5675834.339858119,6434427.084659278],[5675831.971358051,6434425.243407686],[5675833.480668023,6434423.377400343],[5675830.784400841,6434421.035496654],[5675828.636273984,6434423.798746734],[5675828.3764634,6434423.595280617],[5675827.180563993,6434425.071703526],[5675830.172274454,6434427.40392969]]]}},{"type":"Feature","properties":{},"geometry":{"type":"Polygon","coordinates":[[[5673670.512956264,6433036.514331084],[5673674.393809233,6433031.642663127],[5673671.446866642,6433029.230371287],[5673670.080887494,6433030.899100611],[5673667.797431778,6433029.02992216],[5673669.143001278,6433027.340234993],[5673666.198997716,6433024.925998129],[5673662.0932706455,6433029.809378591],[5673664.532425675,6433031.751781115],[5673663.971771717,6433032.455817433],[5673667.488175189,6433035.256078547],[5673668.048829148,6433034.552042228],[5673670.512956264,6433036.514331084]]]}},{"type":"Feature","properties":{},"geometry":{"type":"Polygon","coordinates":[[[5673663.971771717,6433032.455817433],[5673664.532425675,6433031.751781115],[5673662.0932706455,6433029.809378591],[5673661.3207599465,6433030.728207352],[5673663.784887063,6433032.690496207],[5673663.971771717,6433032.455817433]]]}},{"type":"Feature","properties":{},"geometry":{"type":"Polygon","coordinates":[[[5673667.488175189,6433035.256078547],[5673667.301290536,6433035.49075732],[5673669.765417653,6433037.453046176],[5673670.512956264,6433036.514331084],[5673668.048829148,6433034.552042228],[5673667.488175189,6433035.256078547]]]}},{"type":"Feature","properties":{},"geometry":{"type":"Polygon","coordinates":[[[5673629.3640208,6433028.129269923],[5673631.914130299,6433024.919435958],[5673626.49380393,6433020.56284245],[5673623.925499843,6433023.758748275],[5673629.3640208,6433028.129269923]]]}},{"type":"Feature","properties":{},"geometry":{"type":"Polygon","coordinates":[[[5673620.379165861,6433044.135499592],[5673625.191645775,6433038.147021563],[5673617.397542727,6433031.883499483],[5673615.643729121,6433034.066189919],[5673619.938547904,6433037.517119786],[5673616.928975389,6433041.262124275],[5673620.379165861,6433044.135499592]]]}},{"type":"Feature","properties":{},"geometry":{"type":"Polygon","coordinates":[[[5673880.860364166,6432918.880023022],[5673878.6782505205,6432921.659066709],[5673881.33609641,6432923.8298924295],[5673883.6296154475,6432921.054447639],[5673880.860364166,6432918.880023022]]]}},{"type":"Feature","properties":{},"geometry":{"type":"Polygon","coordinates":[[[5673670.8571226355,6433149.987186377],[5673675.052881169,6433144.635961255],[5673670.252517456,6433140.87211904],[5673666.0567589225,6433146.223344164],[5673670.8571226355,6433149.987186377]]]}},{"type":"Feature","properties":{},"geometry":{"type":"Polygon","coordinates":[[[5673615.178252425,6433342.952613409],[5673620.685,6433336.256],[5673617.432795897,6433333.586437395],[5673611.916102261,6433340.307168963],[5673615.178252425,6433342.952613409]]]}},{"type":"Feature","properties":{},"geometry":{"type":"Polygon","coordinates":[[[5673785.260576082,6432007.976666049],[5673803.010952795,6431996.747863658],[5673800.816111132,6431992.934378366],[5673782.908905687,6432004.259169385],[5673785.260576082,6432007.976666049]]]}},{"type":"Feature","properties":{},"geometry":{"type":"Polygon","coordinates":[[[5673513.249350354,6433613.7863773955],[5673521.1598937055,6433607.189920914],[5673520.525642931,6433606.423107227],[5673520.679756702,6433606.2956358725],[5673520.66253285,6433605.333419125],[5673519.387819963,6433603.792268888],[5673518.424328004,6433603.612734153],[5673518.291788262,6433603.722361088],[5673517.6544315005,6433602.951792233],[5673509.717638247,6433609.516512419],[5673507.671143301,6433611.256951419],[5673509.2116801785,6433613.097262841],[5673511.270710295,6433611.394187536],[5673513.249350354,6433613.7863773955]]]}},{"type":"Feature","properties":{},"geometry":{"type":"Polygon","coordinates":[[[5674571.398583452,6432380.566347938],[5674573.409600023,6432378.094783151],[5674567.903027623,6432373.614298399],[5674565.820281941,6432376.174019167],[5674571.398583452,6432380.566347938]]]}},{"type":"Feature","properties":{},"geometry":{"type":"Polygon","coordinates":[[[5674576.146016317,6432384.304454586],[5674578.095987581,6432381.907915253],[5674574.394704684,6432378.896324671],[5674572.396520174,6432381.352118691],[5674576.146016317,6432384.304454586]]]}},{"type":"Feature","properties":{},"geometry":{"type":"Polygon","coordinates":[[[5674649.611027286,6432451.443476848],[5674652.823211836,6432453.977900023],[5674654.502200173,6432451.863426527],[5674656.024309938,6432453.064375663],[5674658.262961054,6432450.24507767],[5674656.732089267,6432449.03721527],[5674658.156761238,6432447.231554189],[5674654.934719416,6432444.689353596],[5674649.611027286,6432451.443476848]]]}},{"type":"Feature","properties":{},"geometry":{"type":"Polygon","coordinates":[[[5674643.739448553,6432459.208131362],[5674645.102165105,6432457.480993961],[5674641.72639655,6432454.817502521],[5674640.363679999,6432456.544639922],[5674643.739448553,6432459.208131362]]]}},{"type":"Feature","properties":{},"geometry":{"type":"Polygon","coordinates":[[[5674525.574694152,6432547.600650541],[5674528.68941779,6432543.731629653],[5674521.32834626,6432537.805659191],[5674518.213622621,6432541.674680079],[5674525.574694152,6432547.600650541]]]}},{"type":"Feature","properties":{},"geometry":{"type":"Polygon","coordinates":[[[5674341.50812894,6432761.108759198],[5674344.45681757,6432757.488904228],[5674338.746899841,6432752.959668328],[5674335.82625484,6432756.641667464],[5674341.50812894,6432761.108759198]]]}},{"type":"Feature","properties":{},"geometry":{"type":"Polygon","coordinates":[[[5674351.277470491,6432750.699743803],[5674355.181921443,6432745.907401712],[5674348.596689186,6432740.542234564],[5674344.029016814,6432746.300608388],[5674347.24117092,6432748.848561684],[5674347.851757498,6432748.057058342],[5674351.277470491,6432750.699743803]]]}},{"type":"Feature","properties":{},"geometry":{"type":"Polygon","coordinates":[[[5674194.366297616,6432864.84483367],[5674200.756110757,6432856.913164524],[5674197.4937454,6432854.284714043],[5674191.093513878,6432862.226824074],[5674194.366297616,6432864.84483367]]]}},{"type":"Feature","properties":{},"geometry":{"type":"Polygon","coordinates":[[[5674101.249174399,6432997.373991418],[5674104.489133563,6432993.435379401],[5674100.188407901,6432990.00700387],[5674097.00442427,6432993.876553121],[5674101.249174399,6432997.373991418]]]}},{"type":"Feature","properties":{},"geometry":{"type":"Polygon","coordinates":[[[5674104.182724421,6432980.057534503],[5674101.047801434,6432983.853264709],[5674106.062621366,6432987.988670499],[5674109.258447336,6432984.103708476],[5674104.182724421,6432980.057534503]]]}},{"type":"Feature","properties":{},"geometry":{"type":"Polygon","coordinates":[[[5675967.39285366,6433087.846994072],[5675967.201450482,6433088.104556578],[5675966.984408286,6433087.971111803],[5675966.6306465985,6433088.46235538],[5675966.216563241,6433088.159970339],[5675965.080578721,6433089.424699232],[5675966.222435588,6433090.350476147],[5675963.577309649,6433093.612984823],[5675965.674571499,6433095.313423806],[5675968.099271532,6433092.322883762],[5675969.551819553,6433093.500595206],[5675971.913540363,6433090.587731527],[5675973.265684221,6433090.847323474],[5675974.437383643,6433089.40219047],[5675974.185702719,6433087.7853261065],[5675968.773975791,6433083.397690491],[5675965.939964829,6433086.893170696],[5675967.39285366,6433087.846994072]]]}},{"type":"Feature","properties":{},"geometry":{"type":"Polygon","coordinates":[[[5674010.076345798,6433328.986762906],[5674012.159149279,6433326.427089166],[5674014.119506137,6433328.007491229],[5674016.359951992,6433325.228405135],[5674014.5049179895,6433323.544242742],[5674007.408916198,6433317.770234514],[5674002.94046034,6433323.180780436],[5674010.076345798,6433328.986762906]]]}},{"type":"Feature","properties":{},"geometry":{"type":"Polygon","coordinates":[[[5673809.5611324,6433423.632665484],[5673811.129239361,6433424.934333031],[5673813.68407832,6433421.856541958],[5673805.962177602,6433415.444759984],[5673803.406394546,6433418.523688399],[5673804.94482483,6433419.800721679],[5673802.864366311,6433422.306260892],[5673806.634187598,6433425.436507974],[5673808.715118883,6433422.930399397],[5673809.5611324,6433423.632665484]]]}},{"type":"Feature","properties":{},"geometry":{"type":"Polygon","coordinates":[[[5673819.673859303,6433417.971328977],[5673821.361600039,6433419.380962939],[5673823.937636814,6433416.320550853],[5673815.941887088,6433409.64701925],[5673813.3795970045,6433412.715645272],[5673815.067212966,6433414.124797648],[5673813.1125949705,6433416.465669071],[5673816.872343844,6433419.608006969],[5673818.82905553,6433417.265255512],[5673819.673859303,6433417.971328977]]]}},{"type":"Feature","properties":{},"geometry":{"type":"Polygon","coordinates":[[[5673819.673859303,6433417.971328977],[5673818.82905553,6433417.265255512],[5673816.872343844,6433419.608006969],[5673817.716603531,6433420.313149117],[5673819.673859303,6433417.971328977]]]}},{"type":"Feature","properties":{},"geometry":{"type":"Polygon","coordinates":[[[5675608.633118464,6432632.183689015],[5675612.3376230495,6432627.337386737],[5675603.403598699,6432620.553912228],[5675599.85006548,6432625.234014181],[5675603.261975349,6432627.965042971],[5675604.320239656,6432626.571279485],[5675606.279472901,6432628.058896738],[5675605.221208594,6432629.452660225],[5675608.633118464,6432632.183689015]]]}},{"type":"Feature","properties":{},"geometry":{"type":"Polygon","coordinates":[[[5675624.752613355,6432620.43413036],[5675628.3963883575,6432615.667275662],[5675620.451630524,6432609.5943173235],[5675619.358498024,6432611.024373733],[5675617.13396583,6432609.323945397],[5675618.227104062,6432607.893881491],[5675614.890300041,6432605.343246488],[5675611.246525039,6432610.1101011885],[5675624.752613355,6432620.43413036]]]}},{"type":"Feature","properties":{},"geometry":{"type":"Polygon","coordinates":[[[5673812.117308207,6433669.043161179],[5673829.027815118,6433648.075014405],[5673825.169904567,6433644.894365701],[5673811.922479499,6433661.320482001],[5673810.9883993305,6433660.567159863],[5673810.250490885,6433661.482127859],[5673799.686226401,6433652.962201443],[5673796.823642567,6433656.434320939],[5673812.117308207,6433669.043161179]]]}},{"type":"Feature","properties":{},"geometry":{"type":"Polygon","coordinates":[[[5673806.465660854,6433652.905887593],[5673817.816295033,6433638.8316930905],[5673813.958384482,6433635.651044386],[5673802.421584286,6433649.644398368],[5673806.465660854,6433652.905887593]]]}},{"type":"Feature","properties":{},"geometry":{"type":"Polygon","coordinates":[[[5674800.66172752,6433466.102798824],[5674806.617944479,6433458.611172575],[5674803.241745495,6433455.926925792],[5674802.580962464,6433456.757970204],[5674790.6720527345,6433447.160366267],[5674785.303,6433453.75],[5674800.66172752,6433466.102798824]]]}},{"type":"Feature","properties":{},"geometry":{"type":"Polygon","coordinates":[[[5674966.924707025,6433806.839771298],[5674964.637405902,6433809.518444732],[5674966.899919075,6433811.419686837],[5674969.10888187,6433808.70482342],[5674966.924707025,6433806.839771298]]]}},{"type":"Feature","properties":{},"geometry":{"type":"Polygon","coordinates":[[[5674969.10888187,6433808.70482342],[5674966.899919075,6433811.419686837],[5674967.70378125,6433812.0951908],[5674969.929368562,6433809.376365519],[5674969.10888187,6433808.70482342]]]}},{"type":"Feature","properties":{},"geometry":{"type":"Polygon","coordinates":[[[5675346.596206794,6433448.684246262],[5675351.75316682,6433442.371951825],[5675348.423174846,6433439.651445723],[5675347.7259943765,6433440.488509198],[5675344.6379278,6433437.916494326],[5675339.468614137,6433444.152505824],[5675342.866002962,6433446.928073174],[5675343.522649269,6433446.124315767],[5675346.596206794,6433448.684246262]]]}},{"type":"Feature","properties":{},"geometry":{"type":"Polygon","coordinates":[[[5675342.866002962,6433446.928073174],[5675345.963530956,6433449.458663],[5675346.596206794,6433448.684246262],[5675343.522649269,6433446.124315767],[5675342.866002962,6433446.928073174]]]}},{"type":"Feature","properties":{},"geometry":{"type":"Polygon","coordinates":[[[5674923.581846045,6434103.777638043],[5674927.865510587,6434107.132728061],[5674926.54450634,6434108.81934124],[5674929.997559674,6434111.547012783],[5674936.580293534,6434103.377235746],[5674933.764504021,6434101.10779994],[5674934.587679653,6434100.065713556],[5674932.266955426,6434098.165577917],[5674930.502670081,6434100.339812776],[5674927.933298403,6434098.268984634],[5674923.581846045,6434103.777638043]]]}},{"type":"Feature","properties":{},"geometry":{"type":"Polygon","coordinates":[[[5674926.54450634,6434108.81934124],[5674927.865510587,6434107.132728061],[5674923.581846045,6434103.777638043],[5674923.085954039,6434104.405404814],[5674925.68916101,6434106.461581621],[5674924.857383148,6434107.486631469],[5674926.54450634,6434108.81934124]]]}},{"type":"Feature","properties":{},"geometry":{"type":"Polygon","coordinates":[[[5674934.587679653,6434100.065713556],[5674933.764504021,6434101.10779994],[5674936.580293534,6434103.377235746],[5674937.395898854,6434102.364994668],[5674934.587679653,6434100.065713556]]]}},{"type":"Feature","properties":{},"geometry":{"type":"Polygon","coordinates":[[[5674748.602821737,6434161.98033802],[5674754.505044448,6434154.571250781],[5674750.047154869,6434151.0200094115],[5674744.140673782,6434158.434442208],[5674748.602821737,6434161.98033802]]]}},{"type":"Feature","properties":{},"geometry":{"type":"Polygon","coordinates":[[[5674735.656940596,6434147.349791755],[5674741.288127776,6434151.82467767],[5674745.080802004,6434147.063716318],[5674739.449271797,6434142.577530016],[5674735.656940596,6434147.349791755]]]}},{"type":"Feature","properties":{},"geometry":{"type":"Polygon","coordinates":[[[5675833.42598869,6433800.196290203],[5675840.426360847,6433791.562786154],[5675838.450100795,6433789.960433367],[5675831.449584998,6433798.593663483],[5675833.42598869,6433800.196290203]]]}},{"type":"Feature","properties":{},"geometry":{"type":"Polygon","coordinates":[[[5674572.369472793,6433277.929011831],[5674578.899136146,6433269.9032112425],[5674576.128999908,6433267.648999908],[5674569.598999908,6433275.674999848],[5674572.369472793,6433277.929011831]]]}},{"type":"Feature","properties":{},"geometry":{"type":"Polygon","coordinates":[[[5674928.24509279,6433693.282107194],[5674927.08221377,6433692.332881853],[5674921.269074647,6433699.559061114],[5674925.717632097,6433703.202098367],[5674931.58779788,6433696.010663071],[5674928.24509279,6433693.282107194]]]}},{"type":"Feature","properties":{},"geometry":{"type":"Polygon","coordinates":[[[5674928.430301761,6433690.658017929],[5674927.081727941,6433692.332485285],[5674927.08221377,6433692.332881853],[5674928.24509279,6433693.282107194],[5674929.588881624,6433691.566631322],[5674928.430301761,6433690.658017929]]]}},{"type":"Feature","properties":{},"geometry":{"type":"Polygon","coordinates":[[[5675136.597402604,6433762.526219524],[5675136.1720000105,6433762.1770000085],[5675132.95194567,6433762.726066026],[5675132.6047495995,6433763.149338889],[5675133.223989976,6433763.657602169],[5675136.09160493,6433763.145409217],[5675136.597402604,6433762.526219524]]]}},{"type":"Feature","properties":{},"geometry":{"type":"Polygon","coordinates":[[[5675132.176480522,6433774.673333952],[5675126.822449573,6433770.2140963925],[5675124.802837747,6433772.681977574],[5675130.194960921,6433777.094668028],[5675132.176480522,6433774.673333952]]]}},{"type":"Feature","properties":{},"geometry":{"type":"Polygon","coordinates":[[[5674988.708032787,6434545.911490546],[5674985.722111448,6434543.591657891],[5674980.506179839,6434550.220979108],[5674983.532918909,6434552.572524019],[5674988.708032787,6434545.911490546]]]}},{"type":"Feature","properties":{},"geometry":{"type":"Polygon","coordinates":[[[5674988.708032787,6434545.911490546],[5674983.532918909,6434552.572524019],[5674986.559657251,6434554.924069863],[5674991.754066897,6434548.278026229],[5674988.708032787,6434545.911490546]]]}},{"type":"Feature","properties":{},"geometry":{"type":"Polygon","coordinates":[[[5675002.2106414465,6433832.297995476],[5675002.519204608,6433831.920084716],[5675000.183454117,6433829.958766373],[5674999.7602886455,6433830.452153629],[5674998.627682183,6433829.515560251],[5674998.111118458,6433829.088394965],[5674994.921893317,6433832.939218643],[5674999.729756634,6433836.8651520815],[5675001.887363902,6433834.20794565],[5675001.127801578,6433833.624196686],[5675002.2106414465,6433832.297995476]]]}},{"type":"Feature","properties":{},"geometry":{"type":"Polygon","coordinates":[[[5674991.8138038395,6433830.431906135],[5674992.5791377,6433829.49456838],[5674993.83195802,6433830.457294324],[5674996.452220142,6433827.047862346],[5674994.523205939,6433825.457609472],[5674994.094703174,6433825.959590926],[5674991.135162293,6433823.517693996],[5674987.945323729,6433827.383728441],[5674988.733,6433827.928],[5674991.8138038395,6433830.431906135]]]}},{"type":"Feature","properties":{},"geometry":{"type":"Polygon","coordinates":[[[5674991.135162293,6433823.517693996],[5674994.094703174,6433825.959590926],[5674994.523205939,6433825.457609472],[5674996.452220142,6433827.047862346],[5674997.339566675,6433827.779378668],[5674997.435868505,6433827.664388637],[5674999.779604593,6433824.819555154],[5674993.977298324,6433820.073069585],[5674991.135162293,6433823.517693996]]]}},{"type":"Feature","properties":{},"geometry":{"type":"Polygon","coordinates":[[[5674991.8138038395,6433830.431906135],[5674994.921893317,6433832.939218643],[5674998.111118458,6433829.088394965],[5674998.627682183,6433829.515560251],[5674999.044463117,6433829.011554147],[5674997.435868506,6433827.664388636],[5674997.339566675,6433827.779378668],[5674996.452220142,6433827.047862346],[5674993.83195802,6433830.457294324],[5674992.5791377,6433829.49456838],[5674991.8138038395,6433830.431906135]]]}},{"type":"Feature","properties":{},"geometry":{"type":"Polygon","coordinates":[[[5674998.627682183,6433829.515560251],[5674999.7602886455,6433830.452153629],[5675000.183454117,6433829.958766373],[5675002.519204608,6433831.920084716],[5675002.2106414465,6433832.297995476],[5675002.906471953,6433832.866139291],[5675004.400344289,6433830.896703428],[5675001.137277227,6433828.206675657],[5675001.391235989,6433827.898617696],[5675000.532939807,6433827.205996852],[5674999.044463117,6433829.011554147],[5674998.627682183,6433829.515560251]]]}},{"type":"Feature","properties":{},"geometry":{"type":"Polygon","coordinates":[[[5674645.74821195,6434497.766314436],[5674648.2580361385,6434494.656784099],[5674639.701920161,6434487.746224825],[5674637.14538033,6434490.904985235],[5674645.74821195,6434497.766314436]]]}},{"type":"Feature","properties":{},"geometry":{"type":"Polygon","coordinates":[[[5674634.79344616,6434488.919074774],[5674637.303270348,6434485.809544437],[5674628.747154371,6434478.898985163],[5674626.19061454,6434482.057745573],[5674634.79344616,6434488.919074774]]]}},{"type":"Feature","properties":{},"geometry":{"type":"Polygon","coordinates":[[[5674899.208392739,6435270.065813868],[5674902.678639469,6435273.050063242],[5674911.783833747,6435261.821909253],[5674908.368486472,6435258.891823418],[5674902.867684263,6435265.810591582],[5674899.208392739,6435270.065813868]]]}},{"type":"Feature","properties":{},"geometry":{"type":"Polygon","coordinates":[[[5674883.816827704,6435253.692734698],[5674888.551884241,6435257.681411897],[5674889.311739842,6435258.32940101],[5674887.724722033,6435260.190395808],[5674892.893395529,6435264.635212549],[5674894.550486522,6435262.708257433],[5674895.30630448,6435263.362190358],[5674897.707264794,6435265.477643324],[5674902.171982588,6435260.191331705],[5674898.39881433,6435257.08770095],[5674898.044982581,6435257.5565442145],[5674897.615503921,6435258.000756454],[5674893.918721526,6435254.822329391],[5674894.821406012,6435253.834444384],[5674893.598200934,6435252.9399328595],[5674888.966888389,6435248.893091728],[5674888.044776517,6435248.087350328],[5674887.1775301,6435249.050239455],[5674884.310431451,6435246.563407043],[5674879.224225346,6435252.880367509],[5674881.508049503,6435254.844349134],[5674883.052790095,6435253.048041146],[5674883.816827704,6435253.692734698]]]}},{"type":"Feature","properties":{},"geometry":{"type":"Polygon","coordinates":[[[5674893.598200934,6435252.9399328595],[5674894.821406012,6435253.834444384],[5674893.918721526,6435254.822329391],[5674897.615503921,6435258.000756454],[5674898.044982581,6435257.5565442145],[5674898.39881433,6435257.08770095],[5674899.569111912,6435255.537003082],[5674899.051330912,6435254.613845027],[5674897.233978088,6435253.422612079],[5674895.701265908,6435252.8647489855],[5674893.598200934,6435252.9399328595]]]}},{"type":"Feature","properties":{},"geometry":{"type":"Polygon","coordinates":[[[5674892.893395529,6435264.635212549],[5674893.650945838,6435265.286670274],[5674895.30630448,6435263.362190358],[5674894.550486522,6435262.708257433],[5674892.893395529,6435264.635212549]]]}},{"type":"Feature","properties":{},"geometry":{"type":"Polygon","coordinates":[[[5674887.724722033,6435260.190395808],[5674889.311739842,6435258.32940101],[5674888.551884241,6435257.681411897],[5674886.978761357,6435259.548904658],[5674887.724722033,6435260.190395808]]]}},{"type":"Feature","properties":{},"geometry":{"type":"Polygon","coordinates":[[[5674883.816827704,6435253.692734698],[5674883.052790095,6435253.048041146],[5674881.508049503,6435254.844349134],[5674882.277904109,6435255.506387975],[5674883.816827704,6435253.692734698]]]}},{"type":"Feature","properties":{},"geometry":{"type":"Polygon","coordinates":[[[5674884.310431451,6435246.563407043],[5674887.1775301,6435249.050239455],[5674888.044776517,6435248.087350328],[5674888.966888389,6435248.893091728],[5674888.738489028,6435247.056844996],[5674886.836340297,6435244.707039903],[5674886.26205798,6435244.139528149],[5674884.310431451,6435246.563407043]]]}},{"type":"Feature","properties":{},"geometry":{"type":"Polygon","coordinates":[[[5674586.330707604,6434484.813982749],[5674584.380960737,6434487.235204929],[5674592.142831162,6434493.485636082],[5674594.050128994,6434491.105359166],[5674591.869317932,6434489.349209082],[5674592.0895955665,6434489.077220546],[5674586.330707604,6434484.813982749]]]}},{"type":"Feature","properties":{},"geometry":{"type":"Polygon","coordinates":[[[5674586.330707604,6434484.813982749],[5674592.0895955665,6434489.077220546],[5674591.869317932,6434489.349209082],[5674594.050128994,6434491.105359166],[5674596.520102279,6434488.022872328],[5674588.787,6434481.76],[5674586.330707604,6434484.813982749]]]}},{"type":"Feature","properties":{},"geometry":{"type":"Polygon","coordinates":[[[5674018.265716208,6433014.1985836215],[5674014.402436487,6433011.026906953],[5674013.133371412,6433012.5726992525],[5674016.981026196,6433015.756965281],[5674018.265716208,6433014.1985836215]]]}},{"type":"Feature","properties":{},"geometry":{"type":"Polygon","coordinates":[[[5674918.571595961,6434867.908628157],[5674920.647940395,6434865.369781907],[5674915.307853999,6434861.002499457],[5674913.272,6434863.49],[5674918.571595961,6434867.908628157]]]}},{"type":"Feature","properties":{},"geometry":{"type":"Polygon","coordinates":[[[5675582.931999999,6434009.847],[5675586.230000027,6434009.556999997],[5675588.31310896,6434006.996324574],[5675583.049713593,6434002.667440244],[5675579.353253785,6434006.911029499],[5675582.931999999,6434009.847]]]}},{"type":"Feature","properties":{},"geometry":{"type":"Polygon","coordinates":[[[5675593.665917019,6434000.366137252],[5675595.7664084565,6433997.834497859],[5675590.046247556,6433993.209609825],[5675588.013323092,6433995.72475719],[5675593.665917019,6434000.366137252]]]}},{"type":"Feature","properties":{},"geometry":{"type":"Polygon","coordinates":[[[5674106.352031982,6433031.706971482],[5674107.305742412,6433030.549292086],[5674110.006231976,6433032.775581648],[5674115.53145231,6433026.2003258495],[5674114.325025315,6433025.18655811],[5674116.319327961,6433022.813250036],[5674111.798870407,6433019.014686944],[5674103.3106428655,6433029.18665148],[5674106.352031982,6433031.706971482]]]}},{"type":"Feature","properties":{},"geometry":{"type":"Polygon","coordinates":[[[5674110.006231976,6433032.775581648],[5674107.305742412,6433030.549292086],[5674106.352031982,6433031.706971482],[5674109.020145551,6433033.949007677],[5674110.006231976,6433032.775581648]]]}},{"type":"Feature","properties":{},"geometry":{"type":"Polygon","coordinates":[[[5675335.010370177,6433683.629112986],[5675340.733828386,6433688.2509726],[5675345.501528412,6433682.720628622],[5675339.638677519,6433678.025946239],[5675339.627201242,6433678.039839728],[5675335.010370177,6433683.629112986]]]}},{"type":"Feature","properties":{},"geometry":{"type":"Polygon","coordinates":[[[5675335.010370177,6433683.629112986],[5675339.627201242,6433678.039839728],[5675338.671,6433677.25],[5675334.104347626,6433682.896339706],[5675335.010370177,6433683.629112986]]]}},{"type":"Feature","properties":{},"geometry":{"type":"Polygon","coordinates":[[[5675332.1750510335,6433685.291933418],[5675330.076476499,6433687.876330038],[5675327.843834713,6433690.636633492],[5675331.794310888,6433693.8317115335],[5675334.009756877,6433691.057851575],[5675336.901156942,6433693.445325887],[5675338.9882550305,6433690.917702651],[5675332.1750510335,6433685.291933418]]]}},{"type":"Feature","properties":{},"geometry":{"type":"Polygon","coordinates":[[[5675489.65901604,6433627.021006082],[5675496.901517461,6433617.960567938],[5675493.561493023,6433615.29035114],[5675486.354517498,6433624.379540515],[5675489.65901604,6433627.021006082]]]}},{"type":"Feature","properties":{},"geometry":{"type":"Polygon","coordinates":[[[5675303.207718489,6433741.366335331],[5675307.574315597,6433736.166251807],[5675299.83299997,6433729.98700003],[5675295.624834563,6433734.998860872],[5675303.207718489,6433741.366335331]]]}},{"type":"Feature","properties":{},"geometry":{"type":"Polygon","coordinates":[[[5675310.854566699,6433749.791635815],[5675316.200874775,6433743.049896548],[5675313.269150192,6433740.711642035],[5675307.796383525,6433747.221078585],[5675310.854566699,6433749.791635815]]]}},{"type":"Feature","properties":{},"geometry":{"type":"Polygon","coordinates":[[[5675316.302646787,6433790.871485278],[5675316.91268024,6433790.120656126],[5675318.84630965,6433791.705294036],[5675318.232904964,6433792.443761837],[5675318.977956184,6433793.049153178],[5675319.658603593,6433792.2114848],[5675321.7047747895,6433793.911126949],[5675321.033812243,6433794.718783598],[5675321.149830006,6433794.81386187],[5675324.905000078,6433790.292999906],[5675325.852,6433791.08],[5675329.181514316,6433787.071584632],[5675325.754999847,6433784.225000152],[5675324.025949829,6433786.3065749975],[5675320.91745322,6433783.7245174125],[5675315.556292365,6433790.263548176],[5675316.302646787,6433790.871485278]]]}},{"type":"Feature","properties":{},"geometry":{"type":"Polygon","coordinates":[[[5675321.033812243,6433794.718783598],[5675321.7047747895,6433793.911126949],[5675319.658603593,6433792.2114848],[5675318.977956184,6433793.049153178],[5675321.033812243,6433794.718783598]]]}},{"type":"Feature","properties":{},"geometry":{"type":"Polygon","coordinates":[[[5675316.302646787,6433790.871485278],[5675318.232904964,6433792.443761837],[5675318.84630965,6433791.705294036],[5675316.91268024,6433790.120656126],[5675316.302646787,6433790.871485278]]]}},{"type":"Feature","properties":{},"geometry":{"type":"Polygon","coordinates":[[[5675143.817961002,6433821.805552001],[5675150.943927482,6433812.91752974],[5675145.083112405,6433808.218624791],[5675140.748210714,6433813.625428591],[5675137.036580799,6433810.649631546],[5675134.245516003,6433814.13085],[5675143.817961002,6433821.805552001]]]}},{"type":"Feature","properties":{},"geometry":{"type":"Polygon","coordinates":[[[5675116.523148319,6433881.281920977],[5675113.291047873,6433885.226984756],[5675121.894151054,6433892.184153134],[5675125.131258714,6433888.185811671],[5675116.523148319,6433881.281920977]]]}},{"type":"Feature","properties":{},"geometry":{"type":"Polygon","coordinates":[[[5675413.654786589,6433686.7090283735],[5675420.927854933,6433677.420818782],[5675418.381167532,6433675.401689445],[5675417.943246623,6433675.947789506],[5675415.225671663,6433673.793773094],[5675416.05213931,6433672.758946116],[5675413.363625716,6433670.627370539],[5675405.682217224,6433680.315777253],[5675413.654786589,6433686.7090283735]]]}},{"type":"Feature","properties":{},"geometry":{"type":"Polygon","coordinates":[[[5674769.494170911,6434347.282077461],[5674773.739345563,6434342.086703215],[5674767.260434458,6434336.89905882],[5674763.067014651,6434342.092728636],[5674769.494170911,6434347.282077461]]]}},{"type":"Feature","properties":{},"geometry":{"type":"Polygon","coordinates":[[[5674485.233577703,6435258.461181951],[5674491.907271109,6435250.292303561],[5674489.075792991,6435248.035296653],[5674487.190178188,6435250.368632638],[5674484.8296971675,6435248.461081398],[5674481.970691972,6435251.998930005],[5674484.390992366,6435253.954822461],[5674482.50488647,6435256.288766146],[5674485.233577703,6435258.461181951]]]}},{"type":"Feature","properties":{},"geometry":{"type":"Polygon","coordinates":[[[5674493.605677833,6435243.2054866655],[5674496.084613596,6435245.1790625565],[5674500.163730765,6435240.186053429],[5674495.442872234,6435236.563021225],[5674493.084033263,6435239.481943927],[5674495.219901448,6435241.207981108],[5674493.605677833,6435243.2054866655]]]}},{"type":"Feature","properties":{},"geometry":{"type":"Polygon","coordinates":[[[5674486.470925992,6435238.00037569],[5674488.47566131,6435235.516235197],[5674490.809604995,6435237.402341093],[5674493.0149497995,6435234.700551721],[5674484.615647479,6435228.257411609],[5674482.558946382,6435230.833706098],[5674484.889471487,6435232.717049375],[5674482.85959574,6435235.237414735],[5674486.470925992,6435238.00037569]]]}},{"type":"Feature","properties":{},"geometry":{"type":"Polygon","coordinates":[[[5675599.435356568,6433384.925209437],[5675606.502474926,6433376.3059526775],[5675602.845270077,6433373.310321656],[5675595.798676544,6433381.914287272],[5675599.435356568,6433384.925209437]]]}},{"type":"Feature","properties":{},"geometry":{"type":"Polygon","coordinates":[[[5675641.692718013,6433328.468344316],[5675650.0760067105,6433318.268638666],[5675646.339331933,6433315.325536835],[5675637.974834,6433325.527937],[5675641.692718013,6433328.468344316]]]}},{"type":"Feature","properties":{},"geometry":{"type":"Polygon","coordinates":[[[5674969.869788539,6434073.680245122],[5674973.480827023,6434069.159468514],[5674962.971795349,6434060.300087899],[5674959.057716335,6434065.0450341115],[5674969.869788539,6434073.680245122]]]}},{"type":"Feature","properties":{},"geometry":{"type":"Polygon","coordinates":[[[5674457.3682615645,6432450.6184044955],[5674454.129926577,6432454.641163835],[5674456.856300525,6432456.8359041605],[5674457.452033006,6432456.09590226],[5674458.984078664,6432457.267949146],[5674459.693062937,6432456.341197589],[5674463.1205044715,6432459.100299713],[5674465.001646544,6432456.763598669],[5674457.3682615645,6432450.6184044955]]]}},{"type":"Feature","properties":{},"geometry":{"type":"Polygon","coordinates":[[[5674016.981026196,6433015.756965281],[5674013.133371412,6433012.5726992525],[5674014.402436487,6433011.026906953],[5674018.265716208,6433014.1985836215],[5674020.988398864,6433010.895857923],[5674007.076282546,6432999.47447277],[5674000.731084284,6433007.203293725],[5674014.627467984,6433018.611927892],[5674016.981026196,6433015.756965281]]]}},{"type":"Feature","properties":{},"geometry":{"type":"Polygon","coordinates":[[[5673826.457957229,6433199.286053545],[5673824.271247396,6433202.018784853],[5673828.001805454,6433204.980898675],[5673830.16700003,6433202.25400006],[5673826.457957229,6433199.286053545]]]}},{"type":"Feature","properties":{},"geometry":{"type":"Polygon","coordinates":[[[5668649.574485878,6432132.060265012],[5668650.777178394,6432128.63521507],[5668643.700772955,6432126.1503637545],[5668642.49808044,6432129.5754136965],[5668649.574485878,6432132.060265012]]]}},{"type":"Feature","properties":{},"geometry":{"type":"Polygon","coordinates":[[[5673886.409019493,6434431.559232314],[5673888.374308374,6434429.150566486],[5673885.615997504,6434426.899993734],[5673883.650708623,6434429.308659563],[5673886.409019493,6434431.559232314]]]}},{"type":"Feature","properties":{},"geometry":{"type":"Polygon","coordinates":[[[5674064.944471675,6434270.239386249],[5674068.166435869,6434266.415919663],[5674068.931129186,6434267.060312502],[5674071.6375791095,6434263.84860057],[5674068.9611525005,6434261.593225634],[5674066.254702576,6434264.804937567],[5674065.642947922,6434264.289423295],[5674062.420983729,6434268.112889881],[5674064.944471675,6434270.239386249]]]}},{"type":"Feature","properties":{},"geometry":{"type":"Polygon","coordinates":[[[5675682.849616249,6434143.214387539],[5675680.123661483,6434140.991282941],[5675679.74261459,6434141.470978964],[5675679.84504798,6434141.555033263],[5675679.818890478,6434141.684980425],[5675679.797284718,6434141.815761428],[5675679.7802570285,6434141.947216887],[5675679.767828164,6434142.079186592],[5675679.76001327,6434142.211509709],[5675679.756821873,6434142.344024972],[5675679.758257859,6434142.47657088],[5675679.764319482,6434142.608985896],[5675679.774999352,6434142.741108643],[5675679.790284454,6434142.872778099],[5675679.810156159,6434143.003833793],[5675679.83459025,6434143.134116006],[5675679.863556946,6434143.26346596],[5675679.897020947,6434143.39172601],[5675679.934941469,6434143.518739843],[5675679.977272296,6434143.644352664],[5675680.02396184,6434143.768411386],[5675680.0749531975,6434143.890764813],[5675680.130184225,6434144.0112638315],[5675680.18958761,6434144.129761585],[5675680.253090957,6434144.246113657],[5675680.320616872,6434144.360178247],[5675680.39208306,6434144.47181634],[5675680.467402422,6434144.58089188],[5675680.546483166,6434144.687271934],[5675680.629228911,6434144.790826853],[5675680.715538816,6434144.891430433],[5675680.805307691,6434144.988960064],[5675680.898426131,6434145.083296886],[5675680.994780653,6434145.174325925],[5675681.094253824,6434145.261936244],[5675681.196724416,6434145.346021068],[5675681.302067542,6434145.426477923],[5675681.41015482,6434145.503208752],[5675681.520854522,6434145.576120041],[5675681.634031732,6434145.645122931],[5675681.749548519,6434145.710133328],[5675681.8672641,6434145.771072],[5675681.987035012,6434145.82786468],[5675682.108715286,6434145.880442155],[5675682.232156627,6434145.928740344],[5675682.357208594,6434145.972700386],[5675682.483718783,6434146.012268707],[5675682.611533011,6434146.047397083],[5675682.7404955095,6434146.078042701],[5675682.870449106,6434146.104168214],[5675683.001235425,6434146.125741782],[5675683.1326950705,6434146.142737111],[5675683.264667831,6434146.15513349],[5675683.396992868,6434146.162915811],[5675683.529508912,6434146.166074589],[5675683.662054462,6434146.164605974],[5675683.794467983,6434146.158511757],[5675683.926588097,6434146.147799364],[5675684.058253786,6434146.132481852],[5675684.189304585,6434146.112577886],[5675684.319580779,6434146.0881117275],[5675684.448923598,6434146.0591131905],[5675684.577175407,6434146.025617618],[5675684.704179902,6434145.987665833],[5675684.829782299,6434145.9453040855],[5675684.953829524,6434145.898584005],[5675685.076170396,6434145.847562531],[5675685.239038348,6434145.981207931],[5675685.6412471775,6434145.491053178],[5675682.849616249,6434143.214387539]]]}},{"type":"Feature","properties":{},"geometry":{"type":"Polygon","coordinates":[[[5675679.74261459,6434141.470978964],[5675680.123661483,6434140.991282941],[5675682.849616249,6434143.214387539],[5675687.900646799,6434137.101101164],[5675682.449316152,6434132.93449334],[5675677.268267121,6434139.440590791],[5675677.195342043,6434140.71160904],[5675678.320787864,6434141.60992508],[5675679.640181199,6434141.3869246645],[5675679.74261459,6434141.470978964]]]}},{"type":"Feature","properties":{},"geometry":{"type":"Polygon","coordinates":[[[5675697.775579624,6434130.685386916],[5675697.38827061,6434131.1668441575],[5675694.4743696,6434128.871972295],[5675689.7560530305,6434134.78212741],[5675690.610746876,6434135.451028821],[5675689.713141612,6434136.603456423],[5675691.509488697,6434138.140851139],[5675692.61404167,6434136.794931965],[5675695.143904408,6434138.83510231],[5675700.220396567,6434132.652123637],[5675700.110260292,6434132.563524342],[5675700.076998545,6434131.414005293],[5675698.97636798,6434130.485451384],[5675697.880289362,6434130.769620695],[5675697.775579624,6434130.685386916]]]}},{"type":"Feature","properties":{},"geometry":{"type":"Polygon","coordinates":[[[5675692.202161284,6434126.201842029],[5675692.1020918125,6434126.121340989],[5675692.064535362,6434124.823397888],[5675690.963904798,6434123.894843979],[5675689.731539881,6434124.214346872],[5675689.524540132,6434124.049517816],[5675684.324852517,6434130.579942286],[5675689.7560530305,6434134.78212741],[5675694.4743696,6434128.871972295],[5675691.794519676,6434126.761429706],[5675692.202161284,6434126.201842029]]]}},{"type":"Feature","properties":{},"geometry":{"type":"Polygon","coordinates":[[[5675694.4743696,6434128.871972295],[5675697.38827061,6434131.1668441575],[5675697.775579624,6434130.685386916],[5675697.600919169,6434130.544881047],[5675697.626927703,6434130.4158276105],[5675697.648446763,6434130.285950117],[5675697.665450479,6434130.155404695],[5675697.677918412,6434130.02434828],[5675697.685835572,6434129.892938418],[5675697.689192443,6434129.761333082],[5675697.68798499,6434129.629690477],[5675697.682214663,6434129.498168857],[5675697.6718884,6434129.366926327],[5675697.657018613,6434129.236120659],[5675697.63762318,6434129.105909099],[5675697.613725414,6434128.976448178],[5675697.585354045,6434128.847893526],[5675697.552543179,6434128.7203996815],[5675697.515332258,6434128.594119909],[5675697.473766016,6434128.4692060165],[5675697.427894421,6434128.345808163],[5675697.377772615,6434128.224074692],[5675697.323460853,6434128.104151944],[5675697.2650244245,6434127.986184079],[5675697.202533577,6434127.870312912],[5675697.136063433,6434127.756677736],[5675697.0656939,6434127.645415154],[5675696.991509571,6434127.53665892],[5675696.913599623,6434127.430539773],[5675696.832057717,6434127.327185282],[5675696.746981877,6434127.226719692],[5675696.658474374,6434127.129263778],[5675696.566641606,6434127.034934694],[5675696.4715939695,6434126.943845836],[5675696.373445724,6434126.856106705],[5675696.272314856,6434126.771822776],[5675696.1683229385,6434126.691095367],[5675696.061594984,6434126.614021526],[5675695.952259293,6434126.540693905],[5675695.840447303,6434126.471200652],[5675695.726293425,6434126.40562531],[5675695.609934889,6434126.344046707],[5675695.491511572,6434126.28653887],[5675695.371165836,6434126.23317093],[5675695.249042351,6434126.184007044],[5675695.125287927,6434126.139106312],[5675695.000051333,6434126.098522711],[5675694.873483119,6434126.062305027],[5675694.745735438,6434126.0304968],[5675694.616961859,6434126.003136268],[5675694.487317186,6434125.980256321],[5675694.356957268,6434125.961884463],[5675694.226038816,6434125.948042781],[5675694.094719211,6434125.9387479145],[5675693.963156316,6434125.934011036],[5675693.831508288,6434125.93383784],[5675693.6999333855,6434125.938228536],[5675693.568589778,6434125.947177845],[5675693.437635358,6434125.960675008],[5675693.307227553,6434125.978703801],[5675693.177523127,6434126.001242549],[5675693.048678003,6434126.02826416],[5675692.920847071,6434126.059736148],[5675692.794184,6434126.095620682],[5675692.6688410565,6434126.1358746225],[5675692.544968918,6434126.180449578],[5675692.4227164965,6434126.229291965],[5675692.302230756,6434126.282343068],[5675692.202161284,6434126.201842029],[5675691.794519676,6434126.761429706],[5675694.4743696,6434128.871972295]]]}},{"type":"Feature","properties":{},"geometry":{"type":"Polygon","coordinates":[[[5674178.599580225,6434306.671132634],[5674182.6498859245,6434301.817289117],[5674179.777,6434299.42],[5674175.652008735,6434304.114359733],[5674178.599580225,6434306.671132634]]]}},{"type":"Feature","properties":{},"geometry":{"type":"Polygon","coordinates":[[[5675809.348953285,6433485.253656765],[5675811.427374266,6433482.690423216],[5675808.565915668,6433480.344796841],[5675810.171927703,6433478.416510394],[5675809.618969362,6433477.9559679525],[5675811.090910223,6433476.188656407],[5675807.594706946,6433473.2767734],[5675804.778820083,6433476.657717226],[5675805.544259977,6433477.295229192],[5675804.453553657,6433478.6048048185],[5675807.7450438915,6433481.346188464],[5675807.698271341,6433482.382250104],[5675806.971920157,6433483.263674482],[5675809.348953285,6433485.253656765]]]}},{"type":"Feature","properties":{},"geometry":{"type":"Polygon","coordinates":[[[5676159.202515841,6432919.149494301],[5676165.990983619,6432910.878659686],[5676161.739620033,6432907.38926036],[5676154.951152255,6432915.660094974],[5676159.202515841,6432919.149494301]]]}},{"type":"Feature","properties":{},"geometry":{"type":"Polygon","coordinates":[[[5674482.543170253,6434556.029257983],[5674479.167997954,6434553.316582349],[5674472.390578898,6434561.6165823825],[5674475.731436991,6434564.351173315],[5674482.543170253,6434556.029257983]]]}},{"type":"Feature","properties":{},"geometry":{"type":"Polygon","coordinates":[[[5674482.543170253,6434556.029257983],[5674475.731436991,6434564.351173315],[5674479.072295084,6434567.085764246],[5674485.909886287,6434558.73513787],[5674482.543170253,6434556.029257983]]]}},{"type":"Feature","properties":{},"geometry":{"type":"Polygon","coordinates":[[[5674487.251090791,6434573.702416678],[5674490.693823948,6434576.523771219],[5674495.257893797,6434570.948239614],[5674497.552870771,6434568.092778136],[5674494.108892704,6434565.324219121],[5674487.251090791,6434573.702416678]]]}},{"type":"Feature","properties":{},"geometry":{"type":"Polygon","coordinates":[[[5674967.819751782,6433872.587687633],[5674971.431109521,6433875.505998976],[5674974.934310629,6433871.220313087],[5674971.2559999395,6433868.334999847],[5674967.819751782,6433872.587687633]]]}},{"type":"Feature","properties":{},"geometry":{"type":"Polygon","coordinates":[[[5674350.946432096,6432986.515039016],[5674354.266062195,6432989.247853284],[5674356.363360849,6432986.700202747],[5674353.043744604,6432983.967239917],[5674350.946432096,6432986.515039016]]]}},{"type":"Feature","properties":{},"geometry":{"type":"Polygon","coordinates":[[[5673779.092454306,6433126.522794341],[5673772.670656083,6433121.26431867],[5673770.148631365,6433124.369038739],[5673776.590946568,6433129.602257136],[5673779.092454306,6433126.522794341]]]}},{"type":"Feature","properties":{},"geometry":{"type":"Polygon","coordinates":[[[5673779.092454306,6433126.522794341],[5673781.634996002,6433123.392816994],[5673775.1926808,6433118.159598601],[5673772.670656083,6433121.26431867],[5673779.092454306,6433126.522794341]]]}},{"type":"Feature","properties":{},"geometry":{"type":"Polygon","coordinates":[[[5673930.169149368,6433746.304006335],[5673936.866388045,6433737.999779603],[5673933.440563452,6433735.238646386],[5673926.654592744,6433743.469567282],[5673930.169149368,6433746.304006335]]]}},{"type":"Feature","properties":{},"geometry":{"type":"Polygon","coordinates":[[[5673935.479748996,6433751.988922002],[5673942.911307599,6433742.774176849],[5673940.011023956,6433740.381256358],[5673932.553134806,6433749.628650013],[5673935.479748996,6433751.988922002]]]}},{"type":"Feature","properties":{},"geometry":{"type":"Polygon","coordinates":[[[5674229.362535516,6434017.083699122],[5674238.0110707395,6434024.269474753],[5674243.004110054,6434018.2456127405],[5674234.262799051,6434010.895126117],[5674229.362535516,6434017.083699122]]]}},{"type":"Feature","properties":{},"geometry":{"type":"Polygon","coordinates":[[[5674390.791239808,6434218.032273178],[5674397.618684701,6434209.350952738],[5674386.123113756,6434200.310404664],[5674379.331588648,6434208.946215022],[5674390.791239808,6434218.032273178]]]}},{"type":"Feature","properties":{},"geometry":{"type":"Polygon","coordinates":[[[5675430.290836054,6434571.574266774],[5675431.079044098,6434570.624292639],[5675434.328775486,6434573.320644387],[5675432.8263633065,6434575.192285157],[5675434.85392459,6434576.819858577],[5675439.025041858,6434571.623659267],[5675436.566975888,6434569.649780007],[5675435.382405524,6434568.698544808],[5675430.672338861,6434564.916312393],[5675428.581976439,6434567.535281191],[5675427.340760009,6434566.538926168],[5675426.257797696,6434567.888034254],[5675427.499014125,6434568.884389277],[5675427.27914145,6434569.156705282],[5675430.290836054,6434571.574266774]]]}},{"type":"Feature","properties":{},"geometry":{"type":"Polygon","coordinates":[[[5675414.397230196,6434587.34727057],[5675417.351373394,6434590.815583656],[5675418.4595116,6434589.871724533],[5675417.681415734,6434588.958200747],[5675418.221625878,6434588.503033857],[5675416.810458085,6434586.862903863],[5675416.2133991495,6434587.37661335],[5675415.435303283,6434586.463089565],[5675414.397230196,6434587.34727057]]]}},{"type":"Feature","properties":{},"geometry":{"type":"Polygon","coordinates":[[[5675417.351373394,6434590.815583656],[5675422.844688919,6434597.265013098],[5675425.2918864405,6434595.203068697],[5675425.775145445,6434595.77661968],[5675428.375243245,6434593.585845517],[5675426.337931871,6434591.217980047],[5675423.089908449,6434587.442964304],[5675420.337567316,6434584.244055383],[5675416.338144696,6434579.595725803],[5675413.814693319,6434581.722270687],[5675414.297998974,6434582.295782365],[5675411.85101582,6434584.357886494],[5675414.397230196,6434587.34727057],[5675415.435303283,6434586.463089565],[5675416.2133991495,6434587.37661335],[5675416.810458085,6434586.862903863],[5675418.221625878,6434588.503033857],[5675417.681415734,6434588.958200747],[5675418.4595116,6434589.871724533],[5675417.351373394,6434590.815583656]]]}},{"type":"Feature","properties":{},"geometry":{"type":"Polygon","coordinates":[[[5674984.129087958,6434824.372772568],[5674986.522847549,6434821.357409403],[5674982.632816551,6434818.216126411],[5674980.167157449,6434821.227576241],[5674984.129087958,6434824.372772568]]]}},{"type":"Feature","properties":{},"geometry":{"type":"Polygon","coordinates":[[[5675762.945309009,6434547.554733269],[5675760.655732521,6434545.616218502],[5675754.725079816,6434552.779785359],[5675757.026214089,6434554.720405585],[5675760.308873979,6434557.488777709],[5675763.748591462,6434560.397561507],[5675768.775186999,6434554.45463366],[5675765.095464552,6434551.339124595],[5675766.019127407,6434550.157241804],[5675766.003366978,6434550.143897927],[5675762.945309009,6434547.554733269]]]}},{"type":"Feature","properties":{},"geometry":{"type":"Polygon","coordinates":[[[5675766.019127407,6434550.157241804],[5675765.095464552,6434551.339124595],[5675768.775186999,6434554.45463366],[5675769.74312797,6434553.310240317],[5675766.019127407,6434550.157241804]]]}},{"type":"Feature","properties":{},"geometry":{"type":"Polygon","coordinates":[[[5675766.003366978,6434550.143897927],[5675766.943299733,6434548.974707114],[5675763.890121667,6434546.39052524],[5675762.945309009,6434547.554733269],[5675766.003366978,6434550.143897927]]]}},{"type":"Feature","properties":{},"geometry":{"type":"Polygon","coordinates":[[[5675757.026214089,6434554.720405585],[5675756.059858197,6434555.866283934],[5675759.385211124,6434558.6706604995],[5675760.308873979,6434557.488777709],[5675757.026214089,6434554.720405585]]]}},{"type":"Feature","properties":{},"geometry":{"type":"Polygon","coordinates":[[[5674397.112291591,6435185.320202993],[5674402.331240471,6435178.862064695],[5674396.369807992,6435174.115937558],[5674391.108942694,6435180.625944955],[5674397.112291591,6435185.320202993]]]}},{"type":"Feature","properties":{},"geometry":{"type":"Polygon","coordinates":[[[5675154.907,6434296.45],[5675157.9409953905,6434292.730474228],[5675153.15185298,6434289.0685002385],[5675154.06253008,6434287.877513535],[5675149.608859031,6434284.204865537],[5675145.658156863,6434288.995721582],[5675154.907,6434296.45]]]}},{"type":"Feature","properties":{},"geometry":{"type":"Polygon","coordinates":[[[5675908.762854707,6434107.382149841],[5675911.545022643,6434104.012285812],[5675908.433137107,6434101.426243961],[5675909.6283180555,6434099.988035872],[5675907.9439994935,6434098.588331981],[5675909.062484337,6434097.242415323],[5675906.278359591,6434094.92874953],[5675904.7884593345,6434096.721604914],[5675902.327354587,6434094.676375485],[5675898.7045141775,6434099.023674991],[5675908.762854707,6434107.382149841]]]}},{"type":"Feature","properties":{},"geometry":{"type":"Polygon","coordinates":[[[5674803.010729143,6434514.379113887],[5674804.454223645,6434512.633492629],[5674799.17,6434508.2700000005],[5674797.807257505,6434509.99811549],[5674803.010729143,6434514.379113887]]]}},{"type":"Feature","properties":{},"geometry":{"type":"Polygon","coordinates":[[[5675229.456348018,6433989.682904178],[5675231.444404452,6433987.252839246],[5675232.365897457,6433988.006720376],[5675234.496117978,6433985.402883739],[5675232.89396869,6433984.0921520125],[5675237.18445774,6433978.847750096],[5675231.323,6433973.99],[5675222.97359876,6433984.30149548],[5675229.456348018,6433989.682904178]]]}},{"type":"Feature","properties":{},"geometry":{"type":"Polygon","coordinates":[[[5676075.15606174,6432911.444665616],[5676078.035644669,6432907.986631182],[5676075.081168943,6432905.596846007],[5676076.965553788,6432903.333925354],[5676071.97061516,6432899.1745277895],[5676070.1845651865,6432901.382609648],[5676068.5752950525,6432900.080920188],[5676065.568402008,6432903.691838831],[5676075.15606174,6432911.444665616]]]}},{"type":"Feature","properties":{},"geometry":{"type":"Polygon","coordinates":[[[5676304.979965924,6433111.160246188],[5676308.494643823,6433106.68364073],[5676304.562188612,6433103.596186731],[5676301.083644654,6433108.026768798],[5676304.979965924,6433111.160246188]]]}},{"type":"Feature","properties":{},"geometry":{"type":"Polygon","coordinates":[[[5675507.690117338,6433342.9431405105],[5675511.043220285,6433338.931596752],[5675507.590871899,6433336.045904797],[5675504.278696368,6433340.008484318],[5675507.690117338,6433342.9431405105]]]}},{"type":"Feature","properties":{},"geometry":{"type":"Polygon","coordinates":[[[5675393.740803272,6433168.397792138],[5675392.17517212,6433167.153441995],[5675394.497025934,6433164.343933602],[5675387.592267057,6433158.637653899],[5675384.406388597,6433162.492656411],[5675385.981658913,6433163.724940237],[5675384.006843385,6433166.114522549],[5675391.107593006,6433171.644382838],[5675393.740803272,6433168.397792138]]]}},{"type":"Feature","properties":{},"geometry":{"type":"Polygon","coordinates":[[[5674603.168300295,6432426.272598824],[5674609.037101607,6432419.058246042],[5674606.092460648,6432416.739649391],[5674600.33986572,6432424.0455025425],[5674603.168300295,6432426.272598824]]]}},{"type":"Feature","properties":{},"geometry":{"type":"Polygon","coordinates":[[[5675234.393036023,6432859.076697461],[5675230.608741056,6432863.678017494],[5675233.914940745,6432866.397157816],[5675237.69923571,6432861.795837784],[5675234.393036023,6432859.076697461]]]}},{"type":"Feature","properties":{},"geometry":{"type":"Polygon","coordinates":[[[5673981.719179161,6432834.305971584],[5673984.732988979,6432830.580129932],[5673981.30543292,6432827.80760145],[5673978.298242412,6432831.5387974195],[5673981.719179161,6432834.305971584]]]}},{"type":"Feature","properties":{},"geometry":{"type":"Polygon","coordinates":[[[5674005.924521661,6432802.600972534],[5674007.678382547,6432800.431153494],[5674006.138517975,6432799.175551292],[5674004.332103275,6432801.3909296915],[5674005.924521661,6432802.600972534]]]}},{"type":"Feature","properties":{},"geometry":{"type":"Polygon","coordinates":[[[5673243.951680222,6433925.38269115],[5673248.207644267,6433920.156376],[5673245.012927643,6433917.554802305],[5673240.772467742,6433922.793751597],[5673243.951680222,6433925.38269115]]]}},{"type":"Feature","properties":{},"geometry":{"type":"Polygon","coordinates":[[[5675897.550532447,6433208.99841417],[5675897.046272685,6433209.619479458],[5675900.891188307,6433212.770211317],[5675901.412495767,6433212.134046994],[5675903.598500449,6433213.923948903],[5675906.779035792,6433210.057612113],[5675906.136477233,6433209.529029032],[5675903.615178424,6433212.634355475],[5675901.286183592,6433210.743381369],[5675900.655858891,6433211.51971298],[5675897.550532447,6433208.99841417]]]}},{"type":"Feature","properties":{},"geometry":{"type":"Polygon","coordinates":[[[5675903.223454767,6433202.011429674],[5675907.493278628,6433205.478215538],[5675904.971979817,6433208.583541981],[5675905.589798895,6433209.091773806],[5675908.64716007,6433205.3631982505],[5675903.738185191,6433201.377468328],[5675903.223454767,6433202.011429674]]]}},{"type":"Feature","properties":{},"geometry":{"type":"Polygon","coordinates":[[[5675905.589798895,6433209.091773806],[5675904.971979817,6433208.583541981],[5675900.70215596,6433205.116756117],[5675897.550532447,6433208.99841417],[5675900.655858891,6433211.51971298],[5675901.286183592,6433210.743381369],[5675903.615178424,6433212.634355475],[5675906.136477233,6433209.529029032],[5675905.589798895,6433209.091773806]]]}},{"type":"Feature","properties":{},"geometry":{"type":"Polygon","coordinates":[[[5675903.223454767,6433202.011429674],[5675900.702155958,6433205.116756117],[5675904.971979817,6433208.583541981],[5675907.493278628,6433205.478215538],[5675903.223454767,6433202.011429674]]]}},{"type":"Feature","properties":{},"geometry":{"type":"Polygon","coordinates":[[[5675910.960064489,6433201.208391678],[5675913.481363297,6433198.103065235],[5675909.211539439,6433194.6362793725],[5675906.690240632,6433197.741605816],[5675910.960064489,6433201.208391678]]]}},{"type":"Feature","properties":{},"geometry":{"type":"Polygon","coordinates":[[[5673693.121645669,6435336.966389521],[5673696.299277414,6435332.85024369],[5673695.016985772,6435331.860324772],[5673703.272717477,6435321.166261278],[5673693.250282629,6435313.429021532],[5673691.70684427,6435315.428314677],[5673698.024957879,6435320.305847981],[5673694.720254901,6435324.586595557],[5673692.583025335,6435322.936671382],[5673686.9610614795,6435330.219083236],[5673690.892844108,6435333.307947973],[5673689.976219567,6435334.495297732],[5673693.121645669,6435336.966389521]]]}},{"type":"Feature","properties":{},"geometry":{"type":"Polygon","coordinates":[[[5675130.89725973,6433769.487725597],[5675128.842533409,6433767.745638436],[5675126.822449572,6433770.214096392],[5675132.176480522,6433774.673333952],[5675134.158000123,6433772.251999877],[5675130.89725973,6433769.487725597]]]}},{"type":"Feature","properties":{},"geometry":{"type":"Polygon","coordinates":[[[5666061.52398516,6430509.770658264],[5666066.174229116,6430496.459563975],[5666059.40515698,6430494.094781925],[5666054.754913019,6430507.405876213],[5666061.52398516,6430509.770658264]],[[5666061.032589397,6430508.751575243],[5666055.773996039,6430506.914480449],[5666059.896552742,6430495.113864949],[5666065.1551461015,6430496.950959742],[5666061.032589397,6430508.751575243]]]}},{"type":"Feature","properties":{},"geometry":{"type":"Polygon","coordinates":[[[5673935.100126218,6434445.69532079],[5673936.373619723,6434444.145900261],[5673937.768098199,6434445.292044416],[5673940.092223846,6434442.46435195],[5673934.91715928,6434438.2108836435],[5673932.593033633,6434441.038576108],[5673935.1340833,6434443.127105457],[5673933.860589795,6434444.676525986],[5673935.100126218,6434445.69532079]]]}},{"type":"Feature","properties":{},"geometry":{"type":"Polygon","coordinates":[[[5673973.467276633,6434373.659195252],[5673975.863655359,6434370.830336364],[5673973.797709256,6434369.08023518],[5673971.401330532,6434371.909094069],[5673973.467276633,6434373.659195252]]]}},{"type":"Feature","properties":{},"geometry":{"type":"Polygon","coordinates":[[[5673837.594288473,6433670.727385498],[5673841.674783378,6433665.667784592],[5673839.183902931,6433663.658925562],[5673838.242250261,6433664.826525771],[5673839.137410421,6433665.548459485],[5673836.846055592,6433668.389619994],[5673835.561695361,6433667.353802056],[5673834.7142079575,6433668.404642244],[5673837.594288473,6433670.727385498]]]}},{"type":"Feature","properties":{},"geometry":{"type":"Polygon","coordinates":[[[5674438.967636264,6435188.758429472],[5674438.431984181,6435189.431242112],[5674439.819644641,6435190.536012315],[5674440.35204555,6435189.87719791],[5674438.967636264,6435188.758429472]]]}},{"type":"Feature","properties":{},"geometry":{"type":"Polygon","coordinates":[[[5674434.785137525,6435183.87381372],[5674432.296179669,6435181.862437809],[5674431.872652019,6435182.394415021],[5674434.376140725,6435184.387539279],[5674434.785137525,6435183.87381372]]]}},{"type":"Feature","properties":{},"geometry":{"type":"Polygon","coordinates":[[[5674434.785137525,6435183.87381372],[5674434.376140725,6435184.387539279],[5674431.872652019,6435182.394415021],[5674432.296179669,6435181.862437809],[5674431.021165082,6435180.847349347],[5674425.037710596,6435188.251517785],[5674430.467151724,6435192.574106016],[5674430.618000909,6435192.387439137],[5674436.19608668,6435196.828369122],[5674436.34527129,6435196.643762054],[5674438.633272496,6435198.492740936],[5674445.472180103,6435189.902645317],[5674442.362367416,6435187.389544375],[5674440.35204555,6435189.87719791],[5674439.819644641,6435190.536012315],[5674438.431984181,6435189.431242112],[5674438.967636264,6435188.758429472],[5674437.95059404,6435187.948722793],[5674437.414941895,6435188.621535383],[5674436.124080531,6435187.593830688],[5674438.665313958,6435184.401882589],[5674436.059755446,6435182.296279388],[5674434.785137525,6435183.87381372]]]}},{"type":"Feature","properties":{},"geometry":{"type":"Polygon","coordinates":[[[5675023.741553478,6433996.047158898],[5675021.735744675,6433998.564279837],[5675028.8167084055,6434004.2000985565],[5675030.734321413,6434001.764372719],[5675032.855984716,6433999.037711968],[5675025.743965201,6433993.50372289],[5675023.741553478,6433996.047158898]]]}},{"type":"Feature","properties":{},"geometry":{"type":"Polygon","coordinates":[[[5675045.077501087,6434009.45200071],[5675045.455324618,6434008.987591297],[5675041.931605977,6434006.188768877],[5675038.070924015,6434003.137477719],[5675036.095923126,6434005.646096858],[5675033.979802137,6434008.3075000495],[5675041.283843609,6434014.1150513105],[5675041.795134092,6434013.486588302],[5675045.077501087,6434009.45200071]]]}},{"type":"Feature","properties":{},"geometry":{"type":"Polygon","coordinates":[[[5675038.9193145335,6434002.375483314],[5675042.632344656,6434005.298700183],[5675041.931605977,6434006.188768877],[5675045.455324618,6434008.987591297],[5675046.465218306,6434007.746260079],[5675048.086875997,6434005.7529668445],[5675048.636,6434005.078],[5675041.394772086,6433999.377082178],[5675038.9193145335,6434002.375483314]]]}},{"type":"Feature","properties":{},"geometry":{"type":"Polygon","coordinates":[[[5675032.855984716,6433999.037711968],[5675030.734321413,6434001.764372719],[5675031.360505898,6434002.262261253],[5675033.50286742,6433999.541062923],[5675032.855984716,6433999.037711968]]]}},{"type":"Feature","properties":{},"geometry":{"type":"Polygon","coordinates":[[[5675048.086875997,6434005.7529668445],[5675046.465218306,6434007.746260079],[5675047.240604471,6434008.377081771],[5675048.828404771,6434006.356242773],[5675048.086875997,6434005.7529668445]]]}},{"type":"Feature","properties":{},"geometry":{"type":"Polygon","coordinates":[[[5675045.077501087,6434009.45200071],[5675041.795134092,6434013.486588302],[5675042.483558306,6434014.019378355],[5675045.805935275,6434009.92857021],[5675045.077501087,6434009.45200071]]]}},{"type":"Feature","properties":{},"geometry":{"type":"Polygon","coordinates":[[[5674227.577924409,6433601.071309342],[5674229.13836745,6433599.130918036],[5674225.149935317,6433595.90173466],[5674224.792253259,6433596.343515275],[5674220.419508754,6433592.803178272],[5674219.215257167,6433594.3005821165],[5674227.577924409,6433601.071309342]]]}},{"type":"Feature","properties":{},"geometry":{"type":"Polygon","coordinates":[[[5674696.04013913,6433639.953835884],[5674690.749499103,6433646.418908419],[5674695.916014991,6433650.646885076],[5674701.220196716,6433644.165264816],[5674700.7313664835,6433643.767841863],[5674696.04013913,6433639.953835884]]]}},{"type":"Feature","properties":{},"geometry":{"type":"Polygon","coordinates":[[[5674696.04013913,6433639.953835884],[5674700.7313664835,6433643.767841863],[5674701.362193098,6433642.991925129],[5674696.687806191,6433639.162596006],[5674696.04013913,6433639.953835884]]]}},{"type":"Feature","properties":{},"geometry":{"type":"Polygon","coordinates":[[[5675974.397631398,6433942.1840732815],[5675973.426360495,6433941.46527257],[5675972.490023933,6433940.699260136],[5675969.127601229,6433944.809036324],[5675971.00048014,6433946.339978917],[5675974.397631398,6433942.1840732815]]]}},{"type":"Feature","properties":{},"geometry":{"type":"Polygon","coordinates":[[[5675968.361447531,6433945.745480221],[5675970.234733333,6433947.276755418],[5675971.00048014,6433946.339978917],[5675969.127601229,6433944.809036324],[5675968.361447531,6433945.745480221]]]}},{"type":"Feature","properties":{},"geometry":{"type":"Polygon","coordinates":[[[5675543.694440699,6433183.285950668],[5675544.286017096,6433182.542622095],[5675540.880323537,6433179.737544077],[5675540.2764368765,6433180.470733243],[5675543.694440699,6433183.285950668]]]}},{"type":"Feature","properties":{},"geometry":{"type":"Polygon","coordinates":[[[5675543.417093927,6433176.550037063],[5675546.852773214,6433179.317437361],[5675547.516063196,6433178.483999113],[5675544.0642452175,6433175.736877429],[5675543.417093927,6433176.550037063]]]}},{"type":"Feature","properties":{},"geometry":{"type":"Polygon","coordinates":[[[5675544.0642452175,6433175.736877429],[5675542.282361476,6433174.318769205],[5675541.6435412355,6433175.121460693],[5675543.417093927,6433176.550037063],[5675544.0642452175,6433175.736877429]]]}},{"type":"Feature","properties":{},"geometry":{"type":"Polygon","coordinates":[[[5675542.282361476,6433174.318769205],[5675538.888511937,6433171.617781576],[5675538.260982527,6433172.396848412],[5675541.6435412355,6433175.121460693],[5675542.282361476,6433174.318769205]]]}},{"type":"Feature","properties":{},"geometry":{"type":"Polygon","coordinates":[[[5676033.869595032,6433277.13870775],[5676036.748608254,6433273.588008462],[5676033.252281187,6433270.753238199],[5676031.465770768,6433269.304659406],[5676027.049746675,6433274.750735907],[5676031.214211735,6433278.127548192],[5676032.751095529,6433276.2317574425],[5676033.869595032,6433277.13870775]]]}},{"type":"Feature","properties":{},"geometry":{"type":"Polygon","coordinates":[[[5676043.8084897455,6433279.312055937],[5676042.961815376,6433278.625584884],[5676038.659485095,6433275.137319137],[5676035.780387543,6433278.688006243],[5676036.9144651415,6433279.607499583],[5676035.3777776435,6433281.502807347],[5676039.393373269,6433284.757538218],[5676043.8084897455,6433279.312055937]]]}},{"type":"Feature","properties":{},"geometry":{"type":"Polygon","coordinates":[[[5676036.748608254,6433273.588008462],[5676033.869595032,6433277.13870775],[5676035.780387543,6433278.688006243],[5676038.659485095,6433275.137319137],[5676036.748608254,6433273.588008462]]]}},{"type":"Feature","properties":{},"geometry":{"type":"Polygon","coordinates":[[[5676038.659485095,6433275.137319137],[5676042.961815376,6433278.625584884],[5676045.267751952,6433275.781506629],[5676035.558183482,6433267.909132149],[5676033.252281187,6433270.753238199],[5676036.748608254,6433273.588008462],[5676038.659485095,6433275.137319137]]]}},{"type":"Feature","properties":{},"geometry":{"type":"Polygon","coordinates":[[[5676043.8084897455,6433279.312055937],[5676046.114426321,6433276.467977682],[5676045.267751952,6433275.781506629],[5676042.961815376,6433278.625584884],[5676043.8084897455,6433279.312055937]]]}},{"type":"Feature","properties":{},"geometry":{"type":"Polygon","coordinates":[[[5675105.353910004,6433961.602712289],[5675103.462681313,6433963.9246322755],[5675104.282327725,6433964.590985155],[5675102.356465557,6433966.960759908],[5675105.9438980445,6433969.928701833],[5675108.66819121,6433972.182554395],[5675109.433108093,6433971.257978463],[5675111.644999998,6433973.076000061],[5675117.286841699,6433966.257533393],[5675114.962608669,6433964.368768755],[5675115.787499069,6433963.36400163],[5675119.162462906,6433959.229872299],[5675112.824621295,6433954.080235103],[5675111.868463667,6433953.275087544],[5675109.155630621,6433956.611333468],[5675110.126561043,6433957.400350328],[5675108.694724544,6433959.162085128],[5675106.153113831,6433962.289288582],[5675105.353910004,6433961.602712289]]]}},{"type":"Feature","properties":{},"geometry":{"type":"Polygon","coordinates":[[[5675117.286841699,6433966.257533393],[5675118.115612515,6433965.255919648],[5675115.787499069,6433963.36400163],[5675114.962608669,6433964.368768755],[5675117.286841699,6433966.257533393]]]}},{"type":"Feature","properties":{},"geometry":{"type":"Polygon","coordinates":[[[5675108.694724544,6433959.162085128],[5675107.715888164,6433958.366643571],[5675105.17916088,6433961.459379365],[5675105.353910004,6433961.602712289],[5675106.153113831,6433962.289288582],[5675108.694724544,6433959.162085128]]]}},{"type":"Feature","properties":{},"geometry":{"type":"Polygon","coordinates":[[[5675145.438302579,6434017.286395174],[5675147.935271983,6434014.229237655],[5675146.536470341,6434013.128095337],[5675147.2167598205,6434012.263910912],[5675146.82945803,6434011.947687378],[5675147.144969833,6434011.561391383],[5675143.685542244,6434008.735863157],[5675140.199,6434013.007],[5675145.438302579,6434017.286395174]]]}},{"type":"Feature","properties":{},"geometry":{"type":"Polygon","coordinates":[[[5675149.28125477,6434020.425038534],[5675153.888684482,6434024.188211007],[5675160.885139074,6434015.622121359],[5675158.170902329,6434013.492469066],[5675154.74706326,6434017.682724304],[5675152.811159185,6434016.100905625],[5675149.28125477,6434020.425038534]]]}},{"type":"Feature","properties":{},"geometry":{"type":"Polygon","coordinates":[[[5675153.888684482,6434024.188211007],[5675160.877,6434029.896],[5675163.613291507,6434029.433119851],[5675169.421222321,6434022.319727708],[5675160.885139074,6434015.622121359],[5675153.888684482,6434024.188211007]]]}},{"type":"Feature","properties":{},"geometry":{"type":"Polygon","coordinates":[[[5674991.393349333,6434225.4354970595],[5674993.632421723,6434222.639737792],[5674990.869956312,6434220.490601954],[5674988.661761768,6434223.247865321],[5674991.393349333,6434225.4354970595]]]}},{"type":"Feature","properties":{},"geometry":{"type":"Polygon","coordinates":[[[5674991.393349333,6434225.4354970595],[5674995.070562213,6434228.37587433],[5674997.346695847,6434225.529359361],[5674999.458036763,6434227.217907692],[5675002.325389849,6434223.632603214],[5674992.641443436,6434215.887851322],[5674989.6991486475,6434219.552943597],[5674990.869956312,6434220.490601954],[5674993.632421723,6434222.639737792],[5674991.393349333,6434225.4354970595]]]}},{"type":"Feature","properties":{},"geometry":{"type":"Polygon","coordinates":[[[5674857.82,6434268.761000092],[5674872.897000031,6434281.20700003],[5674875.252999966,6434278.318000128],[5674861.419527328,6434267.038301033],[5674862.121894904,6434266.191752224],[5674860.247903785,6434264.67999213],[5674857.3011649,6434268.332795588],[5674857.82,6434268.761000092]]]}},{"type":"Feature","properties":{},"geometry":{"type":"Polygon","coordinates":[[[5674803.118999908,6434345.28],[5674804.318366511,6434346.272731168],[5674800.443714627,6434351.089212064],[5674803.91,6434353.890000001],[5674810.152154586,6434346.130123548],[5674802.45470047,6434339.982962271],[5674800.122916598,6434342.8001032965],[5674803.118999908,6434345.28]]]}},{"type":"Feature","properties":{},"geometry":{"type":"Polygon","coordinates":[[[5674821.903000064,6434355.514999922],[5674828.264000061,6434347.83299997],[5674825.063869469,6434345.236912437],[5674818.621558856,6434352.894436513],[5674821.903000064,6434355.514999922]]]}},{"type":"Feature","properties":{},"geometry":{"type":"Polygon","coordinates":[[[5674880.908049792,6434471.930473697],[5674881.705729806,6434470.94567543],[5674878.293135465,6434468.30149157],[5674877.554144888,6434469.213833145],[5674880.908049792,6434471.930473697]]]}},{"type":"Feature","properties":{},"geometry":{"type":"Polygon","coordinates":[[[5674980.308909944,6434281.336655721],[5674984.172421212,6434284.455313147],[5674987.066168876,6434280.909703409],[5674989.257846929,6434282.645130085],[5674990.36383258,6434281.248372308],[5674984.313620042,6434276.3754687505],[5674980.308909944,6434281.336655721]]]}},{"type":"Feature","properties":{},"geometry":{"type":"Polygon","coordinates":[[[5675095.817997806,6434235.105238185],[5675094.221675596,6434237.104668872],[5675093.34304405,6434236.362900508],[5675089.283001354,6434241.448198393],[5675093.796062105,6434245.081665373],[5675095.889593078,6434242.601858413],[5675095.485091488,6434242.260365458],[5675097.400996309,6434239.990958329],[5675096.522269643,6434239.249109661],[5675098.328509877,6434237.109601256],[5675095.817997806,6434235.105238185]]]}},{"type":"Feature","properties":{},"geometry":{"type":"Polygon","coordinates":[[[5675093.34304405,6434236.362900508],[5675094.221675596,6434237.104668872],[5675095.817997806,6434235.105238185],[5675094.919424879,6434234.38782801],[5675093.34304405,6434236.362900508]]]}},{"type":"Feature","properties":{},"geometry":{"type":"Polygon","coordinates":[[[5675357.668542153,6433854.546196451],[5675363.388884258,6433859.10490509],[5675364.228275029,6433858.072234271],[5675358.542184134,6433853.450381762],[5675357.668542153,6433854.546196451]]]}},{"type":"Feature","properties":{},"geometry":{"type":"Polygon","coordinates":[[[5675486.261350844,6433688.214640678],[5675483.877324771,6433686.276957594],[5675479.855000152,6433691.254999847],[5675482.267816696,6433693.215850872],[5675480.711648245,6433695.130707704],[5675483.09825566,6433697.1152123315],[5675487.049913606,6433692.243106506],[5675484.60343087,6433690.255349919],[5675486.261350844,6433688.214640678]]]}},{"type":"Feature","properties":{},"geometry":{"type":"Polygon","coordinates":[[[5675486.261350844,6433688.214640678],[5675487.522370146,6433686.662269867],[5675485.128723825,6433684.729493647],[5675483.87732477,6433686.276957595],[5675486.261350844,6433688.214640678]]]}},{"type":"Feature","properties":{},"geometry":{"type":"Polygon","coordinates":[[[5675430.290836054,6434571.574266774],[5675427.27914145,6434569.156705282],[5675427.499014125,6434568.884389277],[5675426.257797696,6434567.888034254],[5675425.174835382,6434569.23714234],[5675426.395317531,6434570.216853444],[5675423.974052363,6434573.167754003],[5675424.265568464,6434573.4851718135],[5675429.575446009,6434579.266841162],[5675431.343930663,6434581.192458736],[5675434.85392459,6434576.819858577],[5675432.8263633065,6434575.192285157],[5675429.5120804375,6434572.531828605],[5675430.290836054,6434571.574266774]]]}},{"type":"Feature","properties":{},"geometry":{"type":"Polygon","coordinates":[[[5675423.318583934,6434572.45404607],[5675423.974052363,6434573.167754003],[5675426.395317531,6434570.216853444],[5675425.174835382,6434569.23714234],[5675422.931167806,6434572.032207348],[5675423.318583934,6434572.45404607]]]}},{"type":"Feature","properties":{},"geometry":{"type":"Polygon","coordinates":[[[5675430.672338861,6434564.916312393],[5675429.6302421065,6434564.082221937],[5675429.391944119,6434563.983648824],[5675427.340760009,6434566.538926168],[5675428.581976439,6434567.535281191],[5675430.672338861,6434564.916312393]]]}},{"type":"Feature","properties":{},"geometry":{"type":"Polygon","coordinates":[[[5675432.8263633065,6434575.192285157],[5675434.328775486,6434573.320644387],[5675431.079044098,6434570.624292639],[5675430.290836054,6434571.574266774],[5675429.5120804375,6434572.531828605],[5675432.8263633065,6434575.192285157]]]}},{"type":"Feature","properties":{},"geometry":{"type":"Polygon","coordinates":[[[5674412.645106154,6432741.194033781],[5674415.4808467915,6432737.63579334],[5674413.009709356,6432735.666419722],[5674410.189825565,6432739.204763253],[5674412.645106154,6432741.194033781]]]}},{"type":"Feature","properties":{},"geometry":{"type":"Polygon","coordinates":[[[5674428.107463697,6432730.408111586],[5674431.650512214,6432725.962352921],[5674428.889063619,6432723.724953264],[5674426.3287940705,6432726.884895084],[5674427.94490765,6432728.194313618],[5674426.91877678,6432729.460787241],[5674428.107463697,6432730.408111586]]]}},{"type":"Feature","properties":{},"geometry":{"type":"Polygon","coordinates":[[[5673582.235736696,6432093.467246405],[5673584.420774838,6432088.07298943],[5673585.996416912,6432088.7112308135],[5673588.211489944,6432083.242825976],[5673580.3332795855,6432080.051619066],[5673578.099434749,6432085.566366317],[5673579.350679923,6432086.073205061],[5673577.184413585,6432091.421119622],[5673582.235736696,6432093.467246405]]]}},{"type":"Feature","properties":{},"geometry":{"type":"Polygon","coordinates":[[[5675557.405493027,6434412.544167323],[5675555.184853822,6434415.249488288],[5675560.25488289,6434419.317018896],[5675564.319123711,6434414.332658176],[5675560.082758115,6434410.859724212],[5675558.1814468205,6434413.1771681355],[5675557.405493027,6434412.544167323]]]}},{"type":"Feature","properties":{},"geometry":{"type":"Polygon","coordinates":[[[5675564.319123711,6434414.332658176],[5675566.419767881,6434411.756440687],[5675567.780180083,6434412.8657189105],[5675569.78265669,6434410.3697046],[5675568.970389406,6434409.736026897],[5675563.432942297,6434405.2011532765],[5675561.202410823,6434407.9185256185],[5675561.977237752,6434408.550607166],[5675560.082758115,6434410.859724212],[5675564.319123711,6434414.332658176]]]}},{"type":"Feature","properties":{},"geometry":{"type":"Polygon","coordinates":[[[5675566.394864299,6434401.569946213],[5675563.432942297,6434405.2011532765],[5675568.970389406,6434409.736026897],[5675571.94134522,6434406.0941288285],[5675566.394864299,6434401.569946213]]]}},{"type":"Feature","properties":{},"geometry":{"type":"Polygon","coordinates":[[[5675566.394864299,6434401.569946213],[5675571.94134522,6434406.0941288285],[5675574.912301036,6434402.452230759],[5675570.853654446,6434399.137447765],[5675569.3684451915,6434397.924445779],[5675566.394864299,6434401.569946213]]]}},{"type":"Feature","properties":{},"geometry":{"type":"Polygon","coordinates":[[[5675574.754733834,6434391.618097316],[5675574.191174564,6434392.308325216],[5675572.224016072,6434390.702173969],[5675571.526601949,6434390.133303563],[5675568.751778522,6434393.53513468],[5675569.053775947,6434393.783026642],[5675570.158541686,6434394.689863998],[5675568.251956049,6434397.012585349],[5675569.3684451915,6434397.924445779],[5675570.853654446,6434399.137447765],[5675572.003970351,6434397.728580634],[5675574.554219886,6434394.605123215],[5675575.187251268,6434393.829808275],[5675576.743522872,6434391.923740645],[5675575.412136823,6434390.812230509],[5675574.754733834,6434391.618097316]]]}},{"type":"Feature","properties":{},"geometry":{"type":"Polygon","coordinates":[[[5675577.4706493085,6434395.694163702],[5675576.838458841,6434396.468952516],[5675574.554219886,6434394.605123215],[5675572.003970351,6434397.728580634],[5675575.378214631,6434400.48359335],[5675579.192652703,6434395.80824404],[5675578.102970758,6434394.919214361],[5675577.4706493085,6434395.694163702]]]}},{"type":"Feature","properties":{},"geometry":{"type":"Polygon","coordinates":[[[5675581.33119034,6434400.13418074],[5675579.0180568285,6434398.246983881],[5675579.65009791,6434397.472292359],[5675580.282335378,6434396.697274315],[5675579.192652703,6434395.80824404],[5675575.378214631,6434400.48359335],[5675578.837693954,6434403.258815156],[5675581.33119034,6434400.13418074]]]}},{"type":"Feature","properties":{},"geometry":{"type":"Polygon","coordinates":[[[5675561.202410823,6434407.9185256185],[5675559.30889806,6434410.225320782],[5675560.082758115,6434410.859724212],[5675561.977237752,6434408.550607166],[5675561.202410823,6434407.9185256185]]]}},{"type":"Feature","properties":{},"geometry":{"type":"Polygon","coordinates":[[[5675557.405493027,6434412.544167323],[5675558.1814468205,6434413.1771681355],[5675560.082758115,6434410.859724212],[5675559.30889806,6434410.225320782],[5675557.405493027,6434412.544167323]]]}},{"type":"Feature","properties":{},"geometry":{"type":"Polygon","coordinates":[[[5675577.4706493085,6434395.694163702],[5675575.187251268,6434393.829808275],[5675574.554219886,6434394.605123215],[5675576.838458841,6434396.468952516],[5675577.4706493085,6434395.694163702]]]}},{"type":"Feature","properties":{},"geometry":{"type":"Polygon","coordinates":[[[5675581.33119034,6434400.13418074],[5675581.956437552,6434399.35067491],[5675579.65009791,6434397.472292359],[5675579.0180568285,6434398.246983881],[5675581.33119034,6434400.13418074]]]}},{"type":"Feature","properties":{},"geometry":{"type":"Polygon","coordinates":[[[5675569.053775947,6434393.783026642],[5675567.152021401,6434396.114507531],[5675568.251956049,6434397.012585349],[5675570.158541686,6434394.689863998],[5675569.053775947,6434393.783026642]]]}},{"type":"Feature","properties":{},"geometry":{"type":"Polygon","coordinates":[[[5675574.754733834,6434391.618097316],[5675572.786570666,6434390.012560753],[5675572.224016072,6434390.702173969],[5675574.191174564,6434392.308325216],[5675574.754733834,6434391.618097316]]]}},{"type":"Feature","properties":{},"geometry":{"type":"Polygon","coordinates":[[[5676128.406837138,6433222.483908957],[5676131.746962852,6433225.191945249],[5676134.009149649,6433222.402392876],[5676136.494506806,6433224.417401665],[5676140.541748819,6433219.4254423445],[5676133.163070754,6433213.441705217],[5676129.161546752,6433218.472135826],[5676129.891926329,6433219.064296581],[5676130.6687023165,6433219.694073577],[5676128.406837138,6433222.483908957]]]}},{"type":"Feature","properties":{},"geometry":{"type":"Polygon","coordinates":[[[5675562.559770407,6433617.525371653],[5675566.504750693,6433620.757472995],[5675571.780941974,6433614.317544334],[5675567.836058406,6433611.085527118],[5675562.559770407,6433617.525371653]]]}},{"type":"Feature","properties":{},"geometry":{"type":"Polygon","coordinates":[[[5675613.405791233,6433510.940824312],[5675620.901889248,6433517.249178138],[5675628.98318067,6433507.131777528],[5675623.066102795,6433502.323083566],[5675617.0600000005,6433509.71299997],[5675615.45978828,6433508.412827947],[5675613.405791233,6433510.940824312]]]}},{"type":"Feature","properties":{},"geometry":{"type":"Polygon","coordinates":[[[5675644.950408709,6433471.073702223],[5675649.169389992,6433474.494335038],[5675652.223072001,6433470.714366001],[5675648.011966161,6433467.297233288],[5675644.950408709,6433471.073702223]]]}},{"type":"Feature","properties":{},"geometry":{"type":"Polygon","coordinates":[[[5675651.63905884,6433473.194015931],[5675655.943234734,6433476.675909282],[5675659.298267401,6433472.508777168],[5675654.997990939,6433469.022042905],[5675651.63905884,6433473.194015931]]]}},{"type":"Feature","properties":{},"geometry":{"type":"Polygon","coordinates":[[[5675461.202498554,6433860.565216628],[5675470.911652456,6433868.54153629],[5675472.818720389,6433866.225700128],[5675471.273345707,6433864.956126552],[5675476.98669048,6433858.014172531],[5675468.828234867,6433851.299626512],[5675461.202498554,6433860.565216628]]]}},{"type":"Feature","properties":{},"geometry":{"type":"Polygon","coordinates":[[[5675509.422514295,6433929.039827252],[5675505.209975579,6433933.930815462],[5675509.812112508,6433937.621538984],[5675513.740624944,6433932.760538574],[5675509.422514295,6433929.039827252]]]}},{"type":"Feature","properties":{},"geometry":{"type":"Polygon","coordinates":[[[5675409.884948077,6433963.320957121],[5675427.516193134,6433941.597032605],[5675418.118000123,6433933.79],[5675400.400967475,6433955.493973131],[5675409.884948077,6433963.320957121]]]}},{"type":"Feature","properties":{},"geometry":{"type":"Polygon","coordinates":[[[5673685.714654212,6434852.259539934],[5673687.879717722,6434851.009539934],[5673686.629717722,6434848.844476424],[5673684.464654212,6434850.094476424],[5673685.714654212,6434852.259539934]]]}},{"type":"Feature","properties":{},"geometry":{"type":"Polygon","coordinates":[[[5675051.740109788,6434731.696259312],[5675053.798927282,6434729.06904322],[5675047.300823419,6434723.652725585],[5675052.465004876,6434717.540114041],[5675049.479800304,6434715.01809256],[5675048.284583679,6434716.432817279],[5675045.586995001,6434714.202791423],[5675046.772085002,6434712.730505195],[5675042.311021003,6434708.9616180165],[5675038.272857693,6434713.741307676],[5675039.713991474,6434714.901322083],[5675038.3135659825,6434716.558943403],[5675044.070154028,6434721.1924603665],[5675041.811403235,6434723.866043142],[5675051.740109788,6434731.696259312]]]}},{"type":"Feature","properties":{},"geometry":{"type":"Polygon","coordinates":[[[5675102.356465557,6433966.960759908],[5675098.32026683,6433971.92755522],[5675102.200488417,6433975.080945057],[5675104.431637965,6433972.384093642],[5675104.121359705,6433972.131653715],[5675105.9438980445,6433969.928701833],[5675102.356465557,6433966.960759908]]]}},{"type":"Feature","properties":{},"geometry":{"type":"Polygon","coordinates":[[[5675432.574611252,6434587.777973015],[5675430.00487162,6434589.988976909],[5675430.494031774,6434590.557503377],[5675431.258740793,6434590.572339659],[5675432.964320195,6434589.1048591975],[5675433.063771405,6434588.346499482],[5675432.574611252,6434587.777973015]]]}},{"type":"Feature","properties":{},"geometry":{"type":"Polygon","coordinates":[[[5675433.688338778,6434586.819721888],[5675435.26563653,6434585.462614953],[5675431.606217737,6434581.478050471],[5675429.574411973,6434583.344058219],[5675427.559072139,6434581.0017291745],[5675429.575446009,6434579.266841162],[5675424.265568464,6434573.4851718135],[5675421.369873658,6434575.9766275305],[5675420.978545534,6434575.5218063565],[5675416.297940652,6434579.5489986455],[5675416.338144696,6434579.595725803],[5675420.337567316,6434584.244055383],[5675423.058913998,6434581.902608786],[5675425.811255131,6434585.101517708],[5675423.089908449,6434587.442964304],[5675426.337931871,6434591.217980047],[5675429.052639853,6434588.882245387],[5675430.004871619,6434589.98897691],[5675432.574611252,6434587.777973015],[5675431.576724539,6434586.618179021],[5675432.65940657,6434585.623845264],[5675433.688338778,6434586.819721888]]]}},{"type":"Feature","properties":{},"geometry":{"type":"Polygon","coordinates":[[[5675467.159986301,6434188.128635485],[5675468.057658396,6434188.8474433925],[5675467.470111063,6434189.581192758],[5675466.5724389665,6434188.86238485],[5675465.065824387,6434187.656115618],[5675462.889204424,6434190.34239257],[5675471.65376435,6434197.474855795],[5675473.831727728,6434194.798500872],[5675471.724149766,6434193.110864912],[5675476.969,6434186.922],[5675469.518008992,6434180.573007528],[5675467.286,6434183.328],[5675469.510175638,6434185.193638028],[5675467.159986301,6434188.128635485]]]}},{"type":"Feature","properties":{},"geometry":{"type":"Polygon","coordinates":[[[5675467.159986301,6434188.128635485],[5675466.5724389665,6434188.86238485],[5675467.470111063,6434189.581192758],[5675468.057658396,6434188.8474433925],[5675467.159986301,6434188.128635485]]]}},{"type":"Feature","properties":{},"geometry":{"type":"Polygon","coordinates":[[[5675424.663,6434041.546],[5675428.372826249,6434037.0213100845],[5675424.498829292,6434033.844951359],[5675420.771995222,6434038.405776017],[5675424.663,6434041.546]]]}},{"type":"Feature","properties":{},"geometry":{"type":"Polygon","coordinates":[[[5675430.546664357,6434368.579414504],[5675434.108,6434364.196],[5675427.132919851,6434358.7844143445],[5675423.748859467,6434363.056490575],[5675430.546664357,6434368.579414504]]]}},{"type":"Feature","properties":{},"geometry":{"type":"Polygon","coordinates":[[[5675422.256984526,6434357.772711949],[5675426.538965133,6434352.366191258],[5675422.915,6434349.496],[5675418.517164302,6434354.747840929],[5675422.256984526,6434357.772711949]]]}},{"type":"Feature","properties":{},"geometry":{"type":"Polygon","coordinates":[[[5675693.266565085,6429797.325565511],[5675699.51398446,6429789.713979444],[5675684.592435861,6429777.466638408],[5675678.344942682,6429785.07823203],[5675693.266565085,6429797.325565511]]]}},{"type":"Feature","properties":{},"geometry":{"type":"Polygon","coordinates":[[[5675704.119338341,6429784.103015085],[5675718.132808661,6429767.029607801],[5675703.25583483,6429753.983072062],[5675699.761335342,6429757.967852273],[5675708.053660577,6429765.043424517],[5675696.868710643,6429778.151797859],[5675704.119338341,6429784.103015085]]]}},{"type":"Feature","properties":{},"geometry":{"type":"Polygon","coordinates":[[[5675774.0978567125,6429745.624814778],[5675779.571651839,6429739.063237872],[5675776.366073808,6429738.097319393],[5675774.0978567125,6429745.624814778]]]}},{"type":"Feature","properties":{},"geometry":{"type":"Polygon","coordinates":[[[5673635.740613704,6433137.658848976],[5673632.510476845,6433141.6641066],[5673636.223947145,6433144.664165289],[5673639.399106156,6433140.609342373],[5673635.740613704,6433137.658848976]]]}},{"type":"Feature","properties":{},"geometry":{"type":"Polygon","coordinates":[[[5675097.00400006,6433925.021999878],[5675095.03298963,6433925.058241273],[5675093.0646306835,6433927.4531448325],[5675102.753655442,6433935.413949158],[5675105.524748427,6433932.042008609],[5675107.161000037,6433933.389999955],[5675108.321906425,6433931.97536348],[5675107.990007231,6433931.709905527],[5675108.609221782,6433930.958275476],[5675108.93629904,6433931.226687952],[5675109.126611562,6433930.994780333],[5675108.736141922,6433930.682476859],[5675109.298288176,6433929.979631506],[5675106.073008947,6433927.400004809],[5675108.82127952,6433923.9638719745],[5675106.275417466,6433921.927653323],[5675107.79945842,6433920.022161478],[5675106.190723502,6433918.735471165],[5675103.042704482,6433922.671405139],[5675106.041511319,6433925.069895822],[5675103.7429577485,6433927.9437523745],[5675100.7441509105,6433925.545261692],[5675099.488775061,6433927.069065538],[5675097.00400006,6433925.021999878]]]}},{"type":"Feature","properties":{},"geometry":{"type":"Polygon","coordinates":[[[5675097.00400006,6433925.021999878],[5675095.226695851,6433923.561582857],[5675093.255685421,6433923.597824252],[5675091.287814119,6433925.992692223],[5675093.0646306835,6433927.4531448325],[5675095.03298963,6433925.058241273],[5675097.00400006,6433925.021999878]]]}},{"type":"Feature","properties":{},"geometry":{"type":"Polygon","coordinates":[[[5675102.753655442,6433935.413949158],[5675104.395286213,6433936.76043256],[5675107.161000037,6433933.389999955],[5675105.524748427,6433932.042008609],[5675102.753655442,6433935.413949158]]]}},{"type":"Feature","properties":{},"geometry":{"type":"Polygon","coordinates":[[[5674624.782075633,6434391.782572938],[5674619.768612167,6434398.016767684],[5674631.868373072,6434407.9170392435],[5674637.030513921,6434401.607594314],[5674624.782075633,6434391.782572938]]]}},{"type":"Feature","properties":{},"geometry":{"type":"Polygon","coordinates":[[[5675353.110169063,6433040.008747535],[5675358.928360017,6433032.753497434],[5675355.103046298,6433029.634099928],[5675349.251682616,6433036.809620745],[5675353.110169063,6433040.008747535]]]}},{"type":"Feature","properties":{},"geometry":{"type":"Polygon","coordinates":[[[5675009.806860599,6434030.089806178],[5675016.011921606,6434022.74761049],[5675011.686,6434019.237],[5675005.540479364,6434026.508899706],[5675009.806860599,6434030.089806178]]]}},{"type":"Feature","properties":{},"geometry":{"type":"Polygon","coordinates":[[[5674668.317653852,6434441.0462957155],[5674673.765834178,6434434.1611137185],[5674666.6309671085,6434428.2938097585],[5674661.05524174,6434435.074106055],[5674668.317653852,6434441.0462957155]]]}},{"type":"Feature","properties":{},"geometry":{"type":"Polygon","coordinates":[[[5675261.442059605,6434548.387540595],[5675258.049286737,6434552.519759875],[5675261.177321541,6434555.090623519],[5675264.573604815,6434550.958706763],[5675261.442059605,6434548.387540595]]]}},{"type":"Feature","properties":{},"geometry":{"type":"Polygon","coordinates":[[[5675261.442059605,6434548.387540595],[5675264.573604815,6434550.958706763],[5675267.74869805,6434547.095889711],[5675264.60398322,6434544.511329328],[5675261.442059605,6434548.387540595]]]}},{"type":"Feature","properties":{},"geometry":{"type":"Polygon","coordinates":[[[5676034.589578946,6433220.708113788],[5676032.862287725,6433219.2976652635],[5676033.187175256,6433218.899795104],[5676030.552190768,6433216.751107771],[5676030.229104135,6433217.147486079],[5676026.504912159,6433214.106216061],[5676026.825557305,6433213.713541294],[5676024.190122125,6433211.5654068915],[5676023.871608002,6433211.956175423],[5676022.11333398,6433210.520427374],[5676015.540421976,6433218.898619053],[5676017.353412684,6433220.264622232],[5676016.94273993,6433220.768455428],[5676019.630335264,6433222.876944743],[5676019.915908197,6433222.512937926],[5676023.710509806,6433225.466748477],[5676023.41369243,6433225.845088073],[5676026.089550039,6433227.944368834],[5676026.357967305,6433227.6022295635],[5676028.083439305,6433229.001193771],[5676034.589578946,6433220.708113788]],[[5676020.824427295,6433216.1157100685],[5676029.451124424,6433222.883581145],[5676028.136395777,6433224.559405895],[5676019.509698648,6433217.791534817],[5676020.824427295,6433216.1157100685]]]}},{"type":"Feature","properties":{},"geometry":{"type":"Polygon","coordinates":[[[5676022.11333398,6433210.520427374],[5676023.871608002,6433211.956175423],[5676024.190122127,6433211.565406889],[5676022.423324747,6433210.1252962565],[5676022.11333398,6433210.520427374]]]}},{"type":"Feature","properties":{},"geometry":{"type":"Polygon","coordinates":[[[5676030.552190768,6433216.751107771],[5676026.825557305,6433213.713541294],[5676026.504912159,6433214.106216061],[5676030.229104135,6433217.147486079],[5676030.552190768,6433216.751107771]]]}},{"type":"Feature","properties":{},"geometry":{"type":"Polygon","coordinates":[[[5676033.187175256,6433218.899795104],[5676032.862287725,6433219.2976652635],[5676034.589578946,6433220.708113788],[5676034.908346288,6433220.30179557],[5676033.187175256,6433218.899795104]]]}},{"type":"Feature","properties":{},"geometry":{"type":"Polygon","coordinates":[[[5676020.824427295,6433216.1157100685],[5676019.509698648,6433217.791534817],[5676028.136395777,6433224.559405895],[5676029.451124424,6433222.883581145],[5676020.824427295,6433216.1157100685]]]}},{"type":"Feature","properties":{},"geometry":{"type":"Polygon","coordinates":[[[5674906.44042523,6434005.993497262],[5674908.743114057,6434003.270764123],[5674904.196584369,6433999.459491257],[5674901.897000031,6434002.151000092],[5674906.44042523,6434005.993497262]]]}},{"type":"Feature","properties":{},"geometry":{"type":"Polygon","coordinates":[[[5675711.0514312135,6433521.114345843],[5675708.553429626,6433524.161681212],[5675709.221204581,6433524.7036005845],[5675711.71907586,6433521.656424181],[5675711.0514312135,6433521.114345843]]]}},{"type":"Feature","properties":{},"geometry":{"type":"Polygon","coordinates":[[[5675711.0514312135,6433521.114345843],[5675702.8011298105,6433514.415708033],[5675700.305099478,6433517.467914292],[5675708.553429626,6433524.161681212],[5675711.0514312135,6433521.114345843]]]}},{"type":"Feature","properties":{},"geometry":{"type":"Polygon","coordinates":[[[5673899.093993555,6433311.526868986],[5673904.342587022,6433305.278925031],[5673901.60676571,6433302.98069477],[5673896.349786925,6433309.24340014],[5673899.093993555,6433311.526868986]]]}},{"type":"Feature","properties":{},"geometry":{"type":"Polygon","coordinates":[[[5674834.565172997,6433523.011954219],[5674831.60716265,6433526.675079115],[5674833.388806598,6433528.113774691],[5674834.258585987,6433527.036661971],[5674839.086259904,6433531.019687612],[5674843.215999955,6433526.056000054],[5674842.773,6433522.863],[5674840.15388059,6433520.738364006],[5674836.809861041,6433524.879512943],[5674834.565172997,6433523.011954219]]]}},{"type":"Feature","properties":{},"geometry":{"type":"Polygon","coordinates":[[[5674966.924707025,6433806.839771298],[5674965.5346429795,6433805.652805014],[5674963.25935646,6433808.360437938],[5674964.637405902,6433809.518444732],[5674966.924707025,6433806.839771298]]]}},{"type":"Feature","properties":{},"geometry":{"type":"Polygon","coordinates":[[[5675694.835844108,6434253.670273756],[5675696.390078243,6434251.757978363],[5675693.28594703,6434249.23506966],[5675691.709355324,6434251.175265162],[5675694.835844108,6434253.670273756]]]}},{"type":"Feature","properties":{},"geometry":{"type":"Polygon","coordinates":[[[5674661.898705961,6435126.853662592],[5674667.14165397,6435131.056216387],[5674675.779811691,6435120.603723763],[5674673.858809993,6435119.003801116],[5674672.802861045,6435120.271662238],[5674669.575578192,6435117.583792191],[5674661.898705961,6435126.853662592]]]}},{"type":"Feature","properties":{},"geometry":{"type":"Polygon","coordinates":[[[5674673.858809993,6435119.003801116],[5674669.86312646,6435115.675962012],[5674661.118561561,6435126.228327608],[5674661.898705962,6435126.853662592],[5674669.575578192,6435117.583792191],[5674672.802861045,6435120.271662238],[5674673.858809993,6435119.003801116]]]}},{"type":"Feature","properties":{},"geometry":{"type":"Polygon","coordinates":[[[5675084.734919655,6434917.255723336],[5675089.591058852,6434911.280113568],[5675082.9141815165,6434905.702541601],[5675079.387952338,6434902.789067001],[5675074.499048913,6434908.706192179],[5675084.734919655,6434917.255723336]]]}}]}