{"type":"FeatureCollection","features":[{"type":"Feature","properties":{},"geometry":{"type":"Polygon","coordinates":[[[5668668.20104323,6433594.66897346],[5668600.268,6433786.186],[5668572.689,6433863.28],[5668565.157,6433884.28],[5668496.422,6434080.122],[5668494.442,6434085.888],[5668523.491,6434097.187],[5668680.053,6434153.587],[5668825.311,6434204.366],[5668898.662,6434230.594],[5668989.449,6434262.861],[5669162.10987436,6433779.70869109],[5668668.20104323,6433594.66897346]]]}},{"type":"Feature","properties":{},"geometry":{"type":"Polygon","coordinates":[[[5667934.007,6426577.585],[5667965.082,6426589.32],[5668096.922,6426635.241],[5668291.846,6426706.472],[5668430.686,6426757.86],[5668584.637,6426813.838],[5668811.894,6426896.471],[5669219.734976385,6427044.766064162],[5669224.812,6427029.705],[5669295.072,6426820.818],[5669298.182,6426811.033],[5669592.012,6425924.957],[5670513.892,6426118.001],[5670733.718662734,6426166.856017807],[5670731.09393443,6426153.08973404],[5670715.24458292,6426069.96239854],[5670752.73712067,6425906.25124876],[5670746.033,6425841.012],[5670742.513,6425806.756],[5670742.45483608,6425710.49902687],[5670742.338,6425517.144],[5670741.397,6425506.852],[5670676.74568544,6425337.84717771],[5670628.76460119,6425212.41952148],[5670615.185,6425176.921],[5670593.73143225,6425192.47049987],[5670584.223,6425186.054],[5670575.068,6425169.879],[5670572.919,6425162.186],[5670572.072,6425151.625],[5670573.53,6425143.981],[5670574.248,6425137.589],[5670571.618,6425132.143],[5670567.328,6425122.797],[5670565.8,6425115.924],[5670558.299,6425110.591],[5670551.581,6425107.343],[5670546.822,6425099.344],[5670545.832,6425092.658],[5670545.706,6425088.689],[5670544.94,6425078.76],[5670543.8,6425069.908],[5670540.725,6425064.006],[5670538.583,6425062.353],[5670532.347,6425056.858],[5670523.1,6425053.936],[5670519.062,6425052.528],[5670507.279,6425043.891],[5670498.934,6425040.981],[5670489.255,6425036.701],[5670487.044,6425033.515],[5670481.69,6425022.892],[5670477.444,6425016.883],[5670474.683,6425014.411],[5670464.708,6424998.856],[5670461.396,6424997.097],[5670449.007,6424999.722],[5670429.088,6425005.76],[5670420.368,6425003.928],[5670414.539,6425001.594],[5670403.739,6424993.601],[5670402.01,6424988.168],[5670400.111,6424975.428],[5670399.439,6424965.23],[5670399.476,6424962.526],[5670398.842,6424949.624],[5670398.447,6424945.561],[5670396.73,6424939.226],[5670393.374,6424934.131],[5670390.087,6424930.569],[5670383.169,6424928.761],[5670370.75,6424940.132],[5670364.465,6424938.242],[5670361.234,6424937.116],[5670357.009,6424936.246],[5670354.768,6424941.806],[5670346.136,6424946.647],[5670343.938,6424942.559],[5670338.665,6424932.569],[5670329.468,6424926.041],[5670316.946,6424918.656],[5670298.455,6424925.796],[5670295.656,6424926.028],[5670288.808,6424925.753],[5670281.001,6424923.031],[5670276.674,6424916.39],[5670275.283,6424912.584],[5670271.87,6424905.054],[5670268.131,6424894.994],[5670243.734,6424892.225],[5670240.316,6424891.637],[5670231.314,6424890.612],[5670225.917,6424889.636],[5670218.167,6424889.35],[5670212.59674116,6424890.48170108],[5670987.89866367,6424194.01480962],[5670796.0471663,6423976.2786322],[5669953.39382818,6424737.24414506],[5669826.07053299,6424751.42237564],[5669817.667,6424737.338],[5669807.986,6424720.074],[5669802.863,6424712.249],[5669793.884,6424696.437],[5669791.028,6424694.234],[5669776.948,6424688.721],[5669767.694,6424679.758],[5669753.137,6424669.55],[5669747.121,6424667.755],[5669732.277,6424665.297],[5669721.272,6424665.687],[5669709.071,6424667.774],[5669695.561,6424666.687],[5669688.468,6424664.515],[5669675.727,6424653.431],[5669665.971,6424641.575],[5669657.448,6424625.319],[5669648.876,6424612.669],[5669645.882,6424607.398],[5669642.255,6424589.225],[5669641.032,6424579.741],[5669639.202,6424568.535],[5669635.676,6424556.135],[5669631.937,6424546.075],[5669626.424,6424527.245],[5669619.109,6424508.39],[5669614.481,6424497.417],[5669610.623,6424489.43],[5669609.49,6424486.619],[5669608.262,6424484.078],[5669604.548,6424472.215],[5669597.892,6424464.46],[5669592.333,6424462.219],[5669582.641,6424458.841],[5669575.103,6424456.213],[5669565.412,6424452.834],[5669549.798,6424447.39],[5669539.524,6424440.487],[5669527.409,6424436.263],[5669515.577,6424431.232],[5669505.49,6424423.79],[5669493.964,6424416.148],[5669484.309,6424410.065],[5669474.06,6424401.359],[5669467.191,6424395.945],[5669457.117,6424387.602],[5669443.988,6424378.495],[5669427.571,6424365.827],[5669422.155,6424359.712],[5669413.089,6424350.21],[5669409.369,6424345.29],[5669398.206,6424337.473],[5669389.955,6424334.295],[5669374.854,6424330.841],[5669362.021,6424333.01],[5669354.903,6424332.642],[5669343.641,6424332.036],[5669323.245,6424333.379],[5669312.66,6424336.029],[5669300.716,6424339.111],[5669288.853,6424342.826],[5669278.537,6424345.569],[5669272.12,6424346.654],[5669255.618,6424343.705],[5669246.88,6424343.73],[5669226.921,6424342.481],[5669217.105,6424342.076],[5669205.879,6424340.102],[5669200.487,6424338.535],[5669190.252,6424334.969],[5669186.994,6424332.135],[5669181.557,6424324.663],[5669173.873,6424315.678],[5669167.158,6424306.537],[5669159.686,6424295.326],[5669156.05,6424289.197],[5669150.901,6424281.642],[5669145.042,6424274.021],[5669139.319,6424268.806],[5669128.087,6424261.37],[5669114.029,6424252.562],[5669100.999,6424243.557],[5669092.409,6424234.722],[5669086.899,6424225.323],[5669084.96,6424219.337],[5669081.606,6424210.57],[5669074.386,6424201.578],[5669062.775,6424194.072],[5669050.383,6424187.348],[5669036.722,6424179.835],[5669023.788,6424173.579],[5669009.141,6424163.953],[5668999.888,6424156.37],[5668990.306,6424150.018],[5668976.658,6424140.048],[5668969.867,6424134.142],[5668957.664,6424128.235],[5668940.361,6424121.904],[5668936.867,6424120.687],[5668929.591,6424117.52],[5668917.351,6424111.912],[5668905.887,6424107.18],[5668889.924,6424102.213],[5668880.23116785,6424100.09868571],[5668853.413,6424096.97],[5668825.679,6424093.333],[5668794.618,6424085.292],[5668761.956,6424072.396],[5668737.726,6424068.393],[5668710.321,6424067.157],[5668673.727,6424070.248],[5668652.036,6424072.781],[5668628.858,6424075.663],[5668619.702,6424075.912],[5668586.788,6424075.46],[5668557.811,6424071.156],[5668538.732,6424072.082],[5668520.894,6424073.101],[5668504.799,6424071.713],[5668488.085,6424069.507],[5668474.095,6424065.537],[5668455.992,6424059.531],[5668440.94,6424052.648],[5668428.056,6424048.004],[5668414.665,6424041.02],[5668399.04806184,6424027.1572876],[5668385.208,6424018.902],[5668377.155,6424015.499],[5668364.472,6424010.152],[5668345.584,6424002.656],[5668328.58,6423991.278],[5668323.484,6423983.696],[5668319.483,6423976.77],[5668306.401,6423953.493],[5668303.449,6423940.125],[5668296.124,6423925.682],[5668287.502,6423909.25],[5668280.06,6423889.647],[5668270.847,6423863.173],[5668265.819,6423853.401],[5668263.799,6423847.266],[5668252.655,6423831.062],[5668243.449,6423819.788],[5668233.534,6423811.823],[5668225.156,6423796.245],[5668214.102,6423778.349],[5668199.91,6423760.833],[5668198.486,6423757.792],[5668180.958,6423737.185],[5668150.20802517,6423697.85648891],[5668135.016,6423665.92],[5668132.531,6423659.659],[5668125.080222447,6423649.257914557],[5668103.531223586,6423684.562886434],[5668079.076223586,6423707.446886433],[5668059.586223586,6423724.867886433],[5668052.659223586,6423746.364886434],[5668043.102223586,6423763.448886434],[5668025.778223586,6423786.349886433],[5668016.669223586,6423814.223886433],[5668021.086223586,6423840.479886433],[5668034.499223586,6423873.7888864335],[5668027.504223586,6423905.111886433],[5668016.3592235865,6423937.099886433],[5668007.275223586,6423963.172886433],[5667992.354223587,6423994.748886433],[5667974.489223586,6424024.394886433],[5667961.8252235865,6424055.550886434],[5667953.818279617,6424085.808016604],[5667951.472223586,6424115.545886434],[5667957.839223586,6424143.988886434],[5667962.769223586,6424172.231886433],[5667963.271223586,6424195.014886433],[5667958.989223586,6424225.473886433],[5667947.363223586,6424259.704886434],[5667937.635223586,6424286.759886433],[5667935.857223586,6424311.761886434],[5667929.896223586,6424333.196886433],[5667922.742223586,6424356.325886433],[5667920.731223586,6424378.533886434],[5667917.630223586,6424408.198886434],[5667919.321223586,6424436.218886433],[5667928.824223586,6424459.122886433],[5667935.615223587,6424482.889886433],[5667940.2512235865,6424512.839886433],[5667941.373223586,6424536.440886433],[5667938.812223586,6424559.361886433],[5667938.455223586,6424572.499886434],[5667939.780223587,6424587.820886433],[5667941.824391576,6424621.678559483],[5667933.288223586,6424638.166886433],[5667915.474223586,6424653.018886433],[5667892.814223587,6424672.347886434],[5667870.322223586,6424694.799886433],[5667872.216223586,6424711.475886433],[5667882.208223586,6424724.416886433],[5667895.580223586,6424747.462886433],[5667907.294223586,6424766.615886433],[5667915.250223586,6424797.420886434],[5667923.9102235865,6424822.743886434],[5667928.836223586,6424857.918886433],[5667919.344223586,6424880.836886434],[5667903.9502235865,6424900.792886433],[5667889.998223586,6424914.017886434],[5667868.736223586,6424935.245886434],[5667855.885223586,6424966.939886433],[5667844.553223586,6424999.464886433],[5667835.317223586,6425023.375886434],[5668038.209064509,6425044.7161062285],[5668046.761223586,6425444.293886433],[5668048.705904396,6425535.154128184],[5668053.625223586,6425815.636886434],[5668051.499223586,6425879.702886433],[5668041.482223586,6425988.043886433],[5667934.007,6426577.585]]]}},{"type":"Feature","properties":{},"geometry":{"type":"Polygon","coordinates":[[[5668979.54739142,6429458.54959451],[5669005.777,6429384.221],[5669036.423,6429295.811],[5669069.806,6429199.503],[5668556.626,6429018.142],[5668470.87560193,6429271.32237031],[5668389.099,6429512.77],[5668659.151,6429609.055],[5668897.76,6429690.32],[5668979.248,6429459.398],[5668979.54739142,6429458.54959451]]]}},{"type":"Feature","properties":{},"geometry":{"type":"Polygon","coordinates":[[[5668384.645732664,6431178.26773139],[5668882.96494037,6431369.61718117],[5668893.043,6431341.094],[5668903.087,6431312.669],[5668945.885,6431190.94],[5668961.354,6431146.777],[5668962.549,6431143.366],[5669021.831,6430976.691],[5668902.654,6430932.508],[5668892.148,6430928.582],[5668889.681,6430927.66],[5668784.94103763,6430888.51997046],[5668773.70467323,6430884.32107993],[5668742.427,6430872.633],[5668717.276,6430862.987],[5668647.408,6430837.238],[5668603.859,6430821.189],[5668587.168,6430815.153],[5668540.166,6430798.156],[5668528.53805306,6430793.95117987],[5668453.912,6430985.769],[5668414.122,6431097.965],[5668393.003,6431154.476],[5668388.08649063,6431168.47247344],[5668384.645732664,6431178.26773139]]]}},{"type":"Feature","properties":{},"geometry":{"type":"Polygon","coordinates":[[[5667854.637,6427601.464],[5667594.703,6427515.615],[5667573.549,6427587.896],[5667532.447,6427726.828],[5667510.62637186,6427800.62185611],[5667495.29,6427852.487],[5667464.202,6427944.932],[5667424.151,6428033.871],[5667450.957,6428035.396],[5667598.687,6428054.479],[5667607.097,6428055.565],[5667674.636,6428069.082],[5667794.88,6428093.147],[5667760.023,6428265.503],[5667699.713,6428565.865],[5667665.525,6428732.208],[5667621.881,6428955.898],[5667566.84983708,6428969.74608627],[5667549.051,6428974.225],[5667459.194,6428998.385],[5667454.081,6429012.017],[5667432.039,6429076.017],[5667398.302,6429169.488],[5667402.227,6429171.438],[5667406.55,6429173.282],[5667452.478,6429188.612],[5667655.509,6429258.907],[5667662.38,6429261.31],[5667741.323,6429288.925],[5667746.498,6429290.736],[5667866.863,6429332.84],[5667920.501,6429165.05],[5667938.92929351,6429110.86416739],[5667956.417,6429059.444],[5667957.246,6429056.901],[5667958.067,6429054.356],[5667958.88,6429051.808],[5667959.686,6429049.258],[5667960.485,6429046.705],[5667961.275,6429044.15],[5667962.059,6429041.593],[5667962.834,6429039.033],[5667963.602,6429036.471],[5667964.362,6429033.907],[5667965.115,6429031.341],[5667965.86,6429028.772],[5667966.597,6429026.201],[5667967.327,6429023.628],[5667968.049,6429021.053],[5667968.764,6429018.475],[5667969.47,6429015.896],[5667970.169,6429013.314],[5667970.861,6429010.731],[5667971.544,6429008.145],[5667972.22,6429005.557],[5667972.888,6429002.967],[5667973.549,6429000.376],[5667974.202,6428997.782],[5667974.847,6428995.187],[5667975.484,6428992.589],[5667976.114,6428989.99],[5667976.736,6428987.388],[5667977.35,6428984.785],[5667977.956,6428982.18],[5667978.555,6428979.574],[5667979.146,6428976.965],[5667979.729,6428974.355],[5667980.304,6428971.743],[5667980.872,6428969.13],[5667981.432,6428966.514],[5667981.984,6428963.897],[5667982.528,6428961.279],[5667983.064,6428958.659],[5667983.593,6428956.037],[5667984.114,6428953.413],[5667984.627,6428950.789],[5667985.132,6428948.162],[5667985.629,6428945.534],[5667986.119,6428942.905],[5667986.6,6428940.274],[5667987.074,6428937.642],[5667987.54,6428935.008],[5667987.999,6428932.373],[5667988.449,6428929.737],[5667988.891,6428927.099],[5667989.326,6428924.46],[5667989.753,6428921.82],[5667990.172,6428919.178],[5667990.583,6428916.536],[5667990.986,6428913.892],[5667991.381,6428911.246],[5667991.769,6428908.6],[5667992.148,6428905.953],[5667992.52,6428903.304],[5667992.884,6428900.654],[5667993.24,6428898.004],[5667993.588,6428895.352],[5667993.928,6428892.699],[5667994.26,6428890.045],[5667994.585,6428887.39],[5667994.901,6428884.735],[5667995.209,6428882.078],[5667995.51,6428879.42],[5667995.803,6428876.762],[5667996.088,6428874.102],[5667996.364,6428871.442],[5667996.633,6428868.781],[5667996.894,6428866.12],[5667997.148,6428863.457],[5667997.393,6428860.794],[5667997.63,6428858.13],[5667997.859,6428855.465],[5667998.081,6428852.8],[5667998.294,6428850.134],[5667998.5,6428847.467],[5667998.697,6428844.8],[5667998.887,6428842.132],[5668029.026,6428713.573],[5668029.595182036,6428716.444544666],[5668061.45269587,6428500.31499966],[5668097.551,6428255.331],[5668108.52,6428157.505],[5667954.633,6428128.393],[5667919.20741091,6428115.06607295],[5667877.395,6427778.002],[5667854.637,6427601.464]]]}},{"type":"Feature","properties":{},"geometry":{"type":"Polygon","coordinates":[[[5668120.67048473,6429435.36043583],[5668089.807,6429424.432],[5667966.245,6429381.176],[5667890.686,6429354.725],[5667786.91,6429660.069],[5667786.324,6429661.808],[5667725.635,6429842.332],[5667725.45,6429842.874],[5667963.21236149,6429928.64866953],[5667980.707,6429934.96],[5668205.74,6430016.143],[5668207.765,6430010.253],[5668209.663,6430004.732],[5668237.779,6429921.152],[5668302.737,6429728.047],[5668371.076,6429524.027],[5668189.697,6429459.802],[5668120.67048473,6429435.36043583]]]}},{"type":"Feature","properties":{},"geometry":{"type":"Polygon","coordinates":[[[5667805.819,6429509.017],[5667810.154,6429496.097],[5667858.564,6429352.524],[5667861.297,6429345.468],[5667741.493,6429304.344],[5667621.689,6429263.219],[5667612.9,6429260.202],[5667525.724,6429228.762],[5667439.531,6429197.677],[5667399.801,6429184.506],[5667395.695,6429191.197],[5667348.334,6429321.94],[5667347.45,6429324.404],[5667291.185,6429481.237],[5667222.723,6429669.653],[5667267.343,6429686.521],[5667300.28,6429696.599],[5667336.871,6429709.256],[5667451.703,6429748.974],[5667670.81171123,6429822.79121071],[5667696.42807469,6429829.6157487],[5667731.359,6429730.945],[5667805.819,6429509.017]]]}},{"type":"Feature","properties":{},"geometry":{"type":"Polygon","coordinates":[[[5667166.1,6430186.561],[5667284.022,6430228.926],[5667410.95,6430277.192],[5667574.752,6430178.985],[5667617.812,6430057.535],[5667618.728,6430054.692],[5667638.858,6429992.239],[5667690.11735253,6429847.44203893],[5667447.729,6429762.619],[5667346.66382701,6429726.84438898],[5667297.213,6429709.34],[5667256.898,6429694.423],[5667218.465,6429681.368],[5667162.879,6429835.399],[5667127.674,6429935.62],[5667053.412,6430142.717],[5667141.942,6430177.882],[5667166.1,6430186.561]]]}},{"type":"Feature","properties":{},"geometry":{"type":"Polygon","coordinates":[[[5667719.677,6429859.779],[5667607.873,6430187.199],[5667673.781,6430373.838],[5668005.6,6430496.645],[5668022.228,6430502.835],[5668036.879,6430508.289],[5668119.624,6430266.611],[5668201.237,6430029.238],[5668199.584,6430028.651],[5667858.274,6429907.129],[5667719.677,6429859.779]]]}},{"type":"Feature","properties":{},"geometry":{"type":"Polygon","coordinates":[[[5667384.881,6430832.556],[5667469.071,6430865.401],[5667621.46,6430926.418],[5667641.958,6430933.82],[5667670.015,6430943.951],[5667816.454,6430996.828],[5667866.526,6431013.267],[5667880.807,6430969.657],[5667909.157,6430884.578],[5667933.782,6430810.679],[5667976.772,6430681.215],[5667988.385,6430647.419],[5668002.451,6430606.481],[5668001.489,6430598.185],[5667927.309,6430571.165],[5667854.342,6430544.587],[5667847.621,6430542.061],[5667781.81291431,6430517.32657991],[5667677.668,6430478.183],[5667543.192,6430537.674],[5667537.975,6430539.784],[5667535.003,6430540.987],[5667475.946,6430564.882],[5667457.585,6430618.657],[5667432.343,6430692.586],[5667418.485,6430732.667],[5667398.712,6430789.858],[5667386.301,6430828.107],[5667385.4,6430830.725],[5667384.881,6430832.556]]]}},{"type":"Feature","properties":{},"geometry":{"type":"Polygon","coordinates":[[[5667880.52192325,6431018.99229919],[5667866.526,6431013.267],[5667816.454,6430996.828],[5667670.015,6430943.951],[5667641.958,6430933.82],[5667621.46,6430926.418],[5667469.071,6430865.401],[5667384.881,6430832.556],[5667377.706,6430857.867],[5667376.859,6430860.33],[5667376.021,6430862.795],[5667375.189,6430865.263],[5667374.366,6430867.734],[5667373.55,6430870.207],[5667372.741,6430872.683],[5667371.941,6430875.161],[5667371.147,6430877.642],[5667370.362,6430880.125],[5667369.584,6430882.61],[5667368.814,6430885.098],[5667368.555,6430885.943],[5667368.052,6430887.588],[5667367.297,6430890.081],[5667366.55,6430892.576],[5667365.811,6430895.073],[5667365.079,6430897.572],[5667364.356,6430900.074],[5667363.64,6430902.578],[5667362.931,6430905.084],[5667362.231,6430907.592],[5667361.538,6430910.103],[5667360.853,6430912.615],[5667360.175,6430915.13],[5667359.506,6430917.647],[5667358.844,6430920.166],[5667358.19,6430922.686],[5667357.544,6430925.209],[5667356.905,6430927.734],[5667356.275,6430930.261],[5667355.652,6430932.79],[5667355.037,6430935.32],[5667354.43,6430937.853],[5667353.83,6430940.387],[5667353.239,6430942.923],[5667352.655,6430945.461],[5667352.079,6430948.001],[5667351.511,6430950.543],[5667350.951,6430953.086],[5667350.399,6430955.631],[5667349.854,6430958.178],[5667349.318,6430960.727],[5667348.789,6430963.277],[5667348.268,6430965.828],[5667347.755,6430968.382],[5667347.25,6430970.936],[5667346.753,6430973.493],[5667346.264,6430976.051],[5667345.783,6430978.61],[5667345.309,6430981.171],[5667344.844,6430983.734],[5667344.386,6430986.297],[5667343.936,6430988.862],[5667343.495,6430991.429],[5667343.061,6430993.997],[5667342.635,6430996.566],[5667342.217,6430999.137],[5667341.807,6431001.709],[5667341.405,6431004.282],[5667341.011,6431006.856],[5667340.625,6431009.431],[5667340.246,6431012.008],[5667339.876,6431014.586],[5667339.514,6431017.165],[5667339.159,6431019.745],[5667338.813,6431022.326],[5667338.475,6431024.908],[5667338.144,6431027.492],[5667337.822,6431030.076],[5667337.507,6431032.661],[5667337.201,6431035.247],[5667336.903,6431037.835],[5667336.612,6431040.423],[5667336.33,6431043.012],[5667336.055,6431045.601],[5667335.789,6431048.192],[5667335.53,6431050.783],[5667335.28,6431053.376],[5667335.037,6431055.969],[5667334.803,6431058.562],[5667334.576,6431061.157],[5667334.358,6431063.752],[5667334.147,6431066.348],[5667334.027,6431067.887],[5667333.945,6431068.944],[5667333.751,6431071.541],[5667333.564,6431074.139],[5667333.386,6431076.737],[5667333.093,6431079.429],[5667332.807,6431082.122],[5667332.53,6431084.815],[5667332.261,6431087.509],[5667332,6431090.205],[5667331.747,6431092.9],[5667331.502,6431095.597],[5667331.265,6431098.294],[5667331.036,6431100.993],[5667330.816,6431103.691],[5667330.603,6431106.391],[5667330.398,6431109.091],[5667330.202,6431111.791],[5667330.013,6431114.492],[5667329.833,6431117.194],[5667329.661,6431119.897],[5667329.497,6431122.599],[5667329.341,6431125.303],[5667329.193,6431128.006],[5667329.053,6431130.71],[5667328.921,6431133.415],[5667328.797,6431136.12],[5667328.681,6431138.825],[5667328.574,6431141.531],[5667328.474,6431144.237],[5667328.383,6431146.943],[5667328.3,6431149.649],[5667328.225,6431152.356],[5667328.158,6431155.063],[5667328.099,6431157.77],[5667328.048,6431160.477],[5667328.005,6431163.185],[5667327.97,6431165.892],[5667327.944,6431168.6],[5667327.925,6431171.308],[5667327.915,6431174.015],[5667327.913,6431176.723],[5667327.919,6431179.431],[5667327.933,6431182.139],[5667327.955,6431184.846],[5667327.985,6431187.554],[5667328.023,6431190.261],[5667328.069,6431192.969],[5667328.124,6431195.676],[5667328.186,6431198.383],[5667328.257,6431201.09],[5667328.336,6431203.796],[5667328.423,6431206.503],[5667328.518,6431209.209],[5667328.621,6431211.915],[5667328.732,6431214.62],[5667328.851,6431217.325],[5667328.978,6431220.03],[5667329.114,6431222.734],[5667329.257,6431225.438],[5667329.409,6431228.142],[5667329.568,6431230.845],[5667329.736,6431233.547],[5667329.912,6431236.249],[5667330.096,6431238.951],[5667345.555,6431422.137],[5667436.867,6431455.205],[5667443.446,6431457.587],[5667517.851,6431484.532],[5667525.313,6431487.234],[5667678.062,6431540.541],[5667681.929,6431541.891],[5667693.863,6431546.056],[5667711.385,6431499.251],[5667751.292,6431383.388],[5667789.906,6431271.915],[5667796.091,6431254.059],[5667848.764,6431106.308],[5667868.452,6431052.104],[5667880.52192325,6431018.99229919]]]}},{"type":"Feature","properties":{},"geometry":{"type":"Polygon","coordinates":[[[5668383.707,6429528.5],[5668216.244,6430019.932],[5668237.504,6430027.602],[5668476.554,6430112.572],[5668589.02,6430152.548],[5668717.342,6430198.021],[5668734.177,6430149.791],[5668803.958,6429950.453],[5668890.887,6429704.684],[5668799.689,6429672.962],[5668647.064,6429619.873],[5668645.767,6429619.422],[5668540.252,6429582.94],[5668421.491,6429541.879],[5668383.707,6429528.5]]]}},{"type":"Feature","properties":{},"geometry":{"type":"Polygon","coordinates":[[[5668408.95056691,6430103.03328073],[5668211.795,6430032.989],[5668187.193,6430105.186],[5668092.495,6430378.789],[5668047.263,6430512.155],[5668252.29392278,6430588.48049697],[5668405.547,6430645.531],[5668416.441,6430649.587],[5668419.784,6430650.831],[5668541.706,6430695.725],[5668564.114,6430632.806],[5668611.26,6430500.423],[5668637.7,6430426.18],[5668712.815,6430210.988],[5668540.33,6430149.709],[5668408.95056691,6430103.03328073]]]}},{"type":"Feature","properties":{},"geometry":{"type":"Polygon","coordinates":[[[5668027.762,6430608.088],[5668014.839198642,6430603.276452488],[5668009.234,6430619.387],[5667988.136,6430685.149],[5667938.144,6430838.561],[5667887.197280122,6430994.899984842],[5668367.171761894,6431171.557906361],[5668490.555576996,6430842.512509017],[5668509.26298015,6430786.98105738],[5668496.578,6430782.394],[5668483.528,6430777.675],[5668401.233,6430746.496],[5668374.853,6430736.502],[5668368.955,6430734.332],[5668300.875,6430709.278],[5668293.029,6430706.391],[5668213.666,6430676.864],[5668185.913,6430666.712],[5668145.883,6430652.068],[5668027.762,6430608.088]]]}},{"type":"Feature","properties":{},"geometry":{"type":"Polygon","coordinates":[[[5667708.17037494,6431569.61332291],[5667526.60448943,6432062.61443744],[5667724.202,6432127.771],[5667739.57,6432133.051],[5667787.1530414,6432149.39789776],[5667867.076,6432176.855],[5668002.152,6432222.701],[5668032.95,6432141.428],[5668076.339,6432019.889],[5668099.133,6431954.407],[5668099.49,6431953.384],[5668100.519,6431950.427],[5668153.958,6431794.536],[5668169.38624176,6431751.7098667],[5668174.23686489,6431738.24495182],[5667980.62517288,6431669.19762769],[5667939.976,6431654.701],[5667708.17037494,6431569.61332291]]]}},{"type":"Feature","properties":{},"geometry":{"type":"Polygon","coordinates":[[[5668682.384,6431916.837],[5668609.46,6431889.639],[5668593.213,6431883.954],[5668546.87970514,6431867.84048009],[5668190.74479502,6431743.98598235],[5668028.03501494,6432231.65123916],[5668124.605,6432265.045],[5668396.21054935,6432359.06139926],[5668447.349,6432376.763],[5668510.028,6432398.459],[5668533.157,6432334.758],[5668535.79586218,6432327.4483169],[5668540.727,6432313.789],[5668542.616,6432308.557],[5668544.248,6432304.023],[5668588.983,6432179.784],[5668632.12160305,6432059.96754745],[5668634.489,6432053.392],[5668660.897,6431979.593],[5668662.012,6431976.478],[5668662.888,6431974.029],[5668682.384,6431916.837]]]}},{"type":"Feature","properties":{},"geometry":{"type":"Polygon","coordinates":[[[5668357.13968364,6431194.45675799],[5668320.031,6431180.778],[5668318.81,6431180.335],[5668249.516,6431155.218],[5668185.242,6431131.908],[5668123.774,6431109.616],[5668123.205,6431109.382],[5668102.922,6431101.034],[5668003.961,6431064.912],[5667880.52192325,6431018.99229919],[5667868.452,6431052.104],[5667848.764,6431106.308],[5667796.091,6431254.059],[5667789.906,6431271.915],[5667751.292,6431383.388],[5667711.385,6431499.251],[5667693.863,6431546.056],[5667720.913,6431555.496],[5667856.17,6431604.133],[5667981.243,6431649.109],[5668167.28140093,6431716.64485662],[5668176.192,6431694.866],[5668177.25,6431691.793],[5668178.897,6431687.013],[5668180.543,6431682.233],[5668181.798,6431678.591],[5668183.327,6431674.152],[5668184.228,6431671.535],[5668185.287,6431668.462],[5668186.816,6431664.023],[5668188.462,6431659.243],[5668190.109,6431654.462],[5668191.794,6431649.568],[5668193.715,6431643.991],[5668195.832,6431637.845],[5668197.831,6431632.041],[5668199.674,6431626.692],[5668201.281,6431622.025],[5668202.418,6431618.725],[5668203.398,6431615.879],[5668224.893,6431556.06],[5668242.925,6431503.705],[5668282.775,6431393.551],[5668357.13968364,6431194.45675799]]]}},{"type":"Feature","properties":{},"geometry":{"type":"Polygon","coordinates":[[[5668167.28140093,6431716.64485662],[5668481.214,6431830.609],[5668613.42,6431878.125],[5668628.382,6431882.467],[5668690.08,6431903.333],[5668692.25,6431897.322],[5668793.0037487,6431620.15087502],[5668844.432,6431478.673],[5668876.43102869,6431388.10950883],[5668762.89,6431339.486],[5668739.266,6431330.906],[5668698.332,6431316.679],[5668695.373,6431315.66],[5668691.617,6431314.366],[5668687.292,6431312.877],[5668682.171,6431311.113],[5668676.821,6431309.27],[5668672.838,6431307.898],[5668671.472,6431307.428],[5668666.919,6431305.86],[5668665.98053667,6431305.53653872],[5668628.41105824,6431292.02404714],[5668357.13968364,6431194.45675799],[5668282.775,6431393.551],[5668242.925,6431503.705],[5668224.893,6431556.06],[5668203.398,6431615.879],[5668202.418,6431618.725],[5668201.281,6431622.025],[5668199.674,6431626.692],[5668197.831,6431632.041],[5668195.832,6431637.845],[5668193.715,6431643.991],[5668191.794,6431649.568],[5668190.109,6431654.462],[5668188.462,6431659.243],[5668186.816,6431664.023],[5668185.287,6431668.462],[5668184.228,6431671.535],[5668183.327,6431674.152],[5668181.798,6431678.591],[5668180.543,6431682.233],[5668178.897,6431687.013],[5668177.25,6431691.793],[5668176.192,6431694.866],[5668167.28140093,6431716.64485662]]]}},{"type":"Feature","properties":{},"geometry":{"type":"Polygon","coordinates":[[[5668356.29688188,6434037.5224887],[5668455.489,6434072.122],[5668480.256,6434080.936],[5668508.604,6434002.067],[5668570.48625187,6433825.85189399],[5668581.485,6433794.532],[5668652.116,6433594.647],[5668547.681,6433554.338],[5668540.265,6433551.626],[5668530.8953581,6433548.19982713],[5668395.39971244,6433498.65348273],[5668284.89498678,6433458.24550379],[5668164.41,6433415.352],[5668079.24,6433655.501],[5668067.201,6433688.847],[5668050.79366155,6433734.96533587],[5668032.723,6433785.759],[5667996.329,6433887.62],[5667992.634,6433898.209],[5667989.617,6433907.633],[5668102.443942,6433948.36949467],[5668107.007,6433950.017],[5668118.613,6433953.821],[5668126.267,6433956.33],[5668218.91287976,6433989.10418985],[5668319.419,6434024.659],[5668356.29688188,6434037.5224887]]]}},{"type":"Feature","properties":{},"geometry":{"type":"Polygon","coordinates":[[[5668210.55507273,6433287.12079186],[5668202.13920411,6433310.66167449],[5668201.334,6433312.914],[5668195.083,6433330.399],[5668169.141,6433402.957],[5668238.266,6433428.102],[5668358.504,6433471.841],[5668361.111,6433472.79],[5668375.5,6433478.027],[5668490.97,6433520.053],[5668656.728,6433579.389],[5668659.721,6433577.136],[5668660.121,6433576.383],[5668666.828,6433558.163],[5668679.276,6433522.648],[5668722.071,6433400.543],[5668749.79,6433321.836],[5668752.555,6433313.984],[5668825.496,6433110.189],[5668831.326,6433091.909],[5668831.622,6433090.734],[5668831.61,6433089.704],[5668831.134,6433088.891],[5668758.513,6433062.414],[5668602.052,6433004.671],[5668550.124,6432985.507],[5668541.519,6432982.368],[5668344.625,6432910.541],[5668304.287,6433024.443],[5668285.488,6433077.524],[5668266.571,6433130.437],[5668227.356,6433240.126],[5668224.45327207,6433248.24543288],[5668218.2501781,6433265.59656134],[5668212.215,6433282.478],[5668210.55507273,6433287.12079186]]]}},{"type":"Feature","properties":{},"geometry":{"type":"Polygon","coordinates":[[[5668009.248,6432243.138],[5667991.156,6432293.817],[5667954.941,6432394.528],[5667943.077,6432427.222],[5667924.269,6432479.054],[5667899.829,6432546.405],[5667895.666,6432558.07],[5667852.768,6432678.268],[5667841.479,6432709.898],[5667840.28032191,6432713.17412018],[5667879.819,6432727.935],[5667910.849,6432739.52],[5668058.429,6432793.314],[5668058.632,6432792.84],[5668123.837,6432816.445],[5668273.174,6432870.428],[5668335.248,6432892.271],[5668359.283,6432823.781],[5668432.038,6432619.79],[5668440.141,6432597.067],[5668442.084,6432591.617],[5668444.27,6432585.486],[5668472.904,6432505.185],[5668504.724,6432412.441],[5668452.147,6432394.795],[5668354.448,6432362.036],[5668256.194,6432328.302],[5668237.862,6432322.008],[5668009.248,6432243.138]]]}},{"type":"Feature","properties":{},"geometry":{"type":"Polygon","coordinates":[[[5667930.068,6432766.892],[5667927.564,6432766.03],[5667924.149,6432764.854],[5667921.076,6432763.795],[5667918.231,6432762.815],[5667915.727,6432761.953],[5667911.402,6432760.463],[5667908.784,6432759.562],[5667905.864,6432758.429],[5667903.019,6432757.449],[5667899.836,6432755.97],[5667895.17,6432754.363],[5667889.781,6432752.634],[5667884.962,6432751.102],[5667880.409,6432749.534],[5667877.528,6432748.287],[5667875.064,6432747.311],[5667872.258,6432746.217],[5667869.679,6432745.201],[5667867.175,6432744.339],[5667863.345,6432742.892],[5667860.346,6432741.987],[5667856.057,6432740.764],[5667851.846,6432739.314],[5667847.254,6432737.859],[5667843.49,6432737.327],[5667832.9281336,6432733.26299975],[5667782.758,6432870.346],[5667746.348,6432969.832],[5667745.108,6432973.479],[5667687.641,6433142.497],[5667660.999,6433218.368],[5667878.723231909,6433298.4938936895],[5668061.00147892,6433365.57511526],[5668141.311,6433393.733],[5668154.728,6433398.138],[5668184.208,6433318.682],[5668187.44207289,6433309.96546656],[5668188.119,6433308.141],[5668220.555,6433217.542],[5668233.44,6433181.554],[5668241.835,6433158.303],[5668241.863,6433157.159],[5668241.551,6433155.893],[5668240.454,6433153.958],[5668239.35621732,6433151.72844137],[5668238.457,6433149.904],[5668239.613,6433147.208],[5668240.076,6433146.129],[5668246.761,6433145.723],[5668281.557,6433045.584],[5668292.677,6433013.581],[5668304.298,6432980.467],[5668330.59878162,6432905.5195449],[5668178.474,6432853.725],[5668051.291,6432810.138],[5668048,6432809.294],[5668045.041,6432808.275],[5668040.488,6432806.707],[5668035.594,6432805.021],[5668031.838,6432803.728],[5668027.286,6432802.16],[5668024.44,6432801.18],[5668021.709,6432800.239],[5668018.408,6432799.102],[5668015.15,6432797.471],[5668013.231,6432795.282],[5668010.962,6432793.736],[5668007.661,6432792.6],[5668003.223,6432791.071],[5667998.67,6432789.503],[5667994.345,6432788.013],[5667990.703,6432786.759],[5667987.744,6432785.739],[5667984.671,6432784.681],[5667980.801,6432783.348],[5667976.476,6432781.858],[5667972.72,6432780.565],[5667969.875,6432779.585],[5667967.485,6432778.761],[5667964.867,6432777.86],[5667962.136,6432776.919],[5667959.216,6432775.786],[5667955.232,6432774.414],[5667951.476,6432773.12],[5667948.176,6432771.983],[5667945.33,6432771.003],[5667941.347,6432769.631],[5667938.274,6432768.573],[5667935.275,6432767.668],[5667932.65,6432767.527],[5667930.068,6432766.892]]]}},{"type":"Feature","properties":{},"geometry":{"type":"Polygon","coordinates":[[[5667539.856,6433568.952],[5667553.912,6433749.953],[5667609.984,6433771.332],[5667613.3,6433772.596],[5667633.364,6433780.246],[5667638.365,6433782.003],[5667725.0966652,6433812.47994213],[5667753.185,6433822.35],[5667871.182,6433863.814],[5667910.818,6433878.378],[5667976.356,6433902.46],[5668002.313,6433827.728],[5668058.47,6433673.259],[5668110.36755813,6433528.22926021],[5668129.773,6433474],[5668151.43,6433411.178],[5668027.336,6433366.826],[5667905.05547545,6433322.10824616],[5667658.361597435,6433231.92901486],[5667539.856,6433568.952]]]}},{"type":"Feature","properties":{},"geometry":{"type":"Polygon","coordinates":[[[5667345.289207879,6432534.068777824],[5667436.4281873,6432570.41483285],[5667827.04366867,6432706.71328118],[5667991.538829789,6432243.01844197],[5667509.80787505,6432078.44515998],[5667418.822,6432349.029],[5667390.26188295,6432392.371299883],[5667345.289207879,6432534.068777824]]]}},{"type":"Feature","properties":{},"geometry":{"type":"Polygon","coordinates":[[[5667645.8,6433215.552],[5667820.772,6432723.133],[5667437.498,6432583.867],[5667404.899,6432569.838],[5667337.823,6432546.863],[5667160.589,6433038.881],[5667453.008,6433143.944],[5667479.362,6433154.661],[5667645.8,6433215.552]]]}},{"type":"Feature","properties":{},"geometry":{"type":"Polygon","coordinates":[[[5666736.110223586,6426265.4028864335],[5667307.833223586,6426390.290886434],[5667758.753223586,6426485.463886433],[5667768.943223586,6426490.822886433],[5667813.586223586,6426531.395886433],[5667934.007,6426577.585],[5668041.482223586,6425988.043886433],[5668051.499223586,6425879.702886433],[5668053.625223586,6425815.636886434],[5668048.705904396,6425535.154128184],[5668046.761223586,6425444.293886433],[5668038.209064509,6425044.7161062285],[5667835.317223586,6425023.375886434],[5667844.553223586,6424999.464886433],[5667855.885223586,6424966.939886433],[5667868.736223586,6424935.245886434],[5667889.998223586,6424914.017886434],[5667903.9502235865,6424900.792886433],[5667919.344223586,6424880.836886434],[5667928.836223586,6424857.918886433],[5667923.9102235865,6424822.743886434],[5667915.250223586,6424797.420886434],[5667907.294223586,6424766.615886433],[5667895.580223586,6424747.462886433],[5667882.208223586,6424724.416886433],[5667872.216223586,6424711.475886433],[5667870.322223586,6424694.799886433],[5667892.814223587,6424672.347886434],[5667915.474223586,6424653.018886433],[5667933.288223586,6424638.166886433],[5667941.824391576,6424621.678559483],[5667939.780223587,6424587.820886433],[5667938.455223586,6424572.499886434],[5667938.812223586,6424559.361886433],[5667941.373223586,6424536.440886433],[5667940.2512235865,6424512.839886433],[5667935.615223587,6424482.889886433],[5667928.824223586,6424459.122886433],[5667919.321223586,6424436.218886433],[5667917.630223586,6424408.198886434],[5667920.731223586,6424378.533886434],[5667922.742223586,6424356.325886433],[5667929.896223586,6424333.196886433],[5667935.857223586,6424311.761886434],[5667937.635223586,6424286.759886433],[5667947.363223586,6424259.704886434],[5667958.989223586,6424225.473886433],[5667963.271223586,6424195.014886433],[5667962.769223586,6424172.231886433],[5667957.839223586,6424143.988886434],[5667951.472223586,6424115.545886434],[5667953.818279617,6424085.808016604],[5667961.8252235865,6424055.550886434],[5667974.489223586,6424024.394886433],[5667992.354223587,6423994.748886433],[5668007.275223586,6423963.172886433],[5668016.3592235865,6423937.099886433],[5668027.504223586,6423905.111886433],[5668034.499223586,6423873.7888864335],[5668021.086223586,6423840.479886433],[5668016.669223586,6423814.223886433],[5668025.778223586,6423786.349886433],[5668043.102223586,6423763.448886434],[5668052.659223586,6423746.364886434],[5668059.586223586,6423724.867886433],[5668079.076223586,6423707.446886433],[5668103.531223586,6423684.562886434],[5668125.080222447,6423649.257914557],[5668124.718223586,6423633.700886433],[5668126.437223586,6423609.624886434],[5668120.631223586,6423578.707886433],[5668110.297223587,6423546.599886433],[5668098.088223586,6423516.579886434],[5668090.067223586,6423495.473886433],[5668076.142223586,6423479.872886433],[5668054.526223586,6423466.6698864335],[5668018.338223586,6423454.108886434],[5668004.073223586,6423448.475886433],[5667981.6772235865,6423426.316886433],[5667962.429223586,6423404.206886433],[5667939.474223586,6423359.435886433],[5667934.268861907,6423318.117782773],[5667929.884454339,6423283.316088379],[5667938.046223586,6423253.165886434],[5667940.417223586,6423234.598886433],[5667945.462223587,6423215.432886434],[5667952.494223586,6423188.017886434],[5667955.447223586,6423166.187886434],[5667956.384223586,6423145.730886433],[5667937.238223586,6423111.200886433],[5667906.305223586,6423081.026886433],[5667878.707223586,6423053.425886434],[5667853.107223586,6423013.547886433],[5667845.994223586,6422996.270886433],[5667840.654223586,6422978.5388864335],[5667837.794223586,6422947.6128864335],[5667835.514223586,6422928.615886433],[5667833.278223586,6422882.808886433],[5667828.461223586,6422856.079886434],[5667816.218223586,6422841.141886434],[5667784.036223586,6422835.650886433],[5667753.486223586,6422833.7608864335],[5667733.443223586,6422834.891886434],[5667712.204223586,6422839.161886433],[5667706.004223586,6422837.615886433],[5667692.968223586,6422830.068886434],[5667687.312223586,6422821.829886434],[5667679.582223586,6422810.373886433],[5667663.9442235865,6422790.540886434],[5667660.551223586,6422777.247886433],[5667656.499223586,6422760.638886433],[5667652.067223586,6422748.969886433],[5667648.096223586,6422738.371886433],[5667644.9672235865,6422725.414886434],[5667632.934223586,6422709.886886434],[5667630.130223586,6422699.462886433],[5667628.227223586,6422688.875886434],[5667617.578223586,6422676.137886434],[5667600.374223586,6422666.077886433],[5667593.812223586,6422657.153886434],[5667584.964223586,6422643.667886433],[5667572.864223586,6422636.937886434],[5667565.844223586,6422632.742886433],[5667552.2002235865,6422618.937886434],[5667536.033223586,6422599.942886434],[5667513.631223586,6422585.310886433],[5667495.236223586,6422572.348886433],[5667477.913223586,6422558.318886434],[5667469.162223586,6422546.499886434],[5667450.789223586,6422530.463886433],[5667426.2172235865,6422521.7038864335],[5667407.490223587,6422515.269886433],[5667387.868223586,6422501.446886433],[5667377.9672235865,6422483.598886433],[5667368.780223587,6422454.707886433],[5667359.057223586,6422423.449886434],[5667356.773223586,6422393.273886434],[5667358.425223586,6422367.763886433],[5667362.081223587,6422341.154886434],[5667368.594223586,6422317.075886433],[5667367.745223586,6422293.633886433],[5667359.646223586,6422276.971886434],[5667347.905223587,6422258.0448864335],[5667319.003223586,6422228.287886433],[5667298.534223586,6422212.108886434],[5667279.096223586,6422196.479886433],[5667249.321223586,6422178.855886433],[5667234.277223586,6422171.559886433],[5667213.312223586,6422158.708886433],[5667191.282223586,6422144.752886433],[5667170.773223586,6422133.634886433],[5667104.613223586,6422135.640886433],[5667083.6092235865,6422121.832886433],[5667079.958223586,6422107.541886433],[5667076.384223586,6422089.592886433],[5667072.671223586,6422071.171886434],[5667064.637223586,6422054.110886433],[5667030.131223586,6422047.608886434],[5667010.430223586,6422059.615886433],[5667004.892223586,6422082.894886433],[5667006.176223586,6422123.408886434],[5667006.898223586,6422146.562886434],[5667001.612223586,6422174.946886433],[5666993.385223586,6422196.300886434],[5666979.543223586,6422214.685886433],[5666952.990223587,6422238.810886433],[5666931.466223586,6422258.082886433],[5666917.317223586,6422268.5048864335],[5666898.0582235865,6422279.702886433],[5666878.618223586,6422298.509886433],[5666861.772223586,6422316.065886433],[5666848.658223586,6422332.837886433],[5666847.214223586,6422343.560886433],[5666849.821223586,6422355.183886433],[5666862.9672235865,6422378.779886434],[5666871.6262235865,6422389.781886433],[5666883.523223586,6422398.372886433],[5666902.218223586,6422407.695886433],[5666919.877223586,6422426.376886433],[5666931.011223586,6422445.932886434],[5666935.720223586,6422458.546886434],[5666944.182223586,6422484.5218864335],[5666948.3082235865,6422500.491886433],[5666948.395223586,6422510.793886433],[5666942.764223586,6422531.321886433],[5666936.800223586,6422540.734886433],[5666928.256223586,6422560.827886433],[5666919.542223586,6422574.939886433],[5666906.929223586,6422589.231886433],[5666893.357223586,6422602.336886434],[5666880.881223586,6422615.167886433],[5666873.470223586,6422634.8798864335],[5666866.113223586,6422655.516886434],[5666862.616223586,6422665.325886433],[5666853.145223586,6422679.409886434],[5666846.106223586,6422690.976886434],[5666837.215223586,6422702.789886434],[5666821.824223586,6422728.960886434],[5666808.686223586,6422744.938886434],[5666797.3082235865,6422763.296886434],[5666786.562223586,6422781.818886434],[5666778.678223586,6422800.274886433],[5666771.139223586,6422807.434886433],[5666757.602223586,6422828.405886433],[5666748.373223586,6422840.5218864335],[5666742.336223586,6422852.506886434],[5666733.778223586,6422859.725886433],[5666716.206223587,6422868.988886434],[5666706.590223586,6422881.3288864335],[5666688.445223587,6422888.755886434],[5666666.625223586,6422894.871886433],[5666646.547223587,6422898.467886433],[5666622.352223586,6422894.675886434],[5666604.637223586,6422890.353886434],[5666587.615223587,6422883.439886433],[5666568.548223586,6422873.439886433],[5666561.098223587,6422868.729886433],[5666548.435223586,6422863.792886433],[5666526.748223586,6422853.825886433],[5666516.158223586,6422846.304886433],[5666501.541223587,6422835.655886433],[5666479.469223586,6422827.847886434],[5666450.287223586,6422817.383886433],[5666423.562223586,6422810.574886434],[5666402.588223586,6422824.000886434],[5666382.345223586,6422806.755886434],[5666358.456223587,6422805.548886433],[5666331.323223586,6422807.414886434],[5666308.034223586,6422807.751886433],[5666279.217157036,6422809.239617543],[5666249.929825196,6422813.752670913],[5666231.870223586,6422812.437886434],[5666204.511223586,6422805.040886434],[5666173.483223586,6422806.424886433],[5666154.849223586,6422809.628886433],[5666134.487223586,6422811.009886433],[5666123.711223586,6422817.1358864335],[5666109.031223586,6422833.349886433],[5666095.416223587,6422847.224886433],[5666090.384223586,6422855.097886434],[5666083.584223586,6422876.537886433],[5666078.326223586,6422892.363886434],[5666075.714223586,6422907.866886433],[5666074.832223586,6422923.682886434],[5666073.656223586,6422942.475886433],[5666071.378223586,6422960.270886433],[5666069.691223586,6422971.0278864335],[5666061.522223586,6422992.221886434],[5666053.8592235865,6423013.715886434],[5666047.591223586,6423031.297886433],[5666045.968223586,6423037.787886433],[5666044.303223586,6423048.460886434],[5666042.008223586,6423072.564886433],[5666038.712223587,6423086.976886434],[5666030.833223586,6423099.392886434],[5666021.8762235865,6423108.161886433],[5666010.599223586,6423125.0048864335],[5665999.878223586,6423142.903886434],[5665987.420223586,6423156.293886433],[5665975.487223586,6423170.767886434],[5665962.355223586,6423187.8288864335],[5665951.597223586,6423201.509886433],[5665947.3022235865,6423207.825886433],[5665939.921223586,6423216.973886433],[5665934.813223586,6423230.815886433],[5665928.343223586,6423245.985886433],[5665917.668223586,6423260.295886434],[5665909.728223586,6423271.051886434],[5665894.650223586,6423285.934886433],[5665863.682223586,6423301.605886433],[5665840.926223586,6423313.522886434],[5665825.855223586,6423320.600886433],[5665810.691223586,6423327.946886433],[5665795.051223586,6423337.529886434],[5665781.182223586,6423348.929886433],[5665771.040223586,6423356.517886434],[5665760.316223586,6423367.507886433],[5665752.726223586,6423378.985886433],[5665747.757223587,6423388.971886434],[5665737.699223586,6423404.096886434],[5665734.684223586,6423408.455886434],[5665724.060223586,6423432.993886434],[5665703.326223586,6423484.049886433],[5665700.266223586,6423491.995886434],[5665691.083223586,6423508.926886434],[5665685.008223586,6423521.230886433],[5665674.846223586,6423537.5218864335],[5665669.549223586,6423544.990886433],[5665665.533223586,6423550.502886433],[5665662.774223587,6423555.851886434],[5665654.023223586,6423574.132886433],[5665648.181223586,6423610.841886434],[5665646.873223586,6423629.306886434],[5665645.834223586,6423647.864886434],[5665647.601223586,6423664.393886433],[5665646.908223586,6423676.765886433],[5665646.832223586,6423689.951886433],[5665642.030223587,6423708.103886434],[5665634.804223586,6423726.314886433],[5665627.460223586,6423739.679886433],[5665618.475223586,6423755.177886433],[5665613.561223586,6423760.678886433],[5665601.509223586,6423770.305886433],[5665590.004223586,6423779.223886433],[5665579.500223586,6423786.986886433],[5665571.0582235865,6423794.865886433],[5665550.761223586,6423810.939886433],[5665536.904223586,6423821.441886433],[5665517.259223586,6423835.639886433],[5665503.866223586,6423844.802886433],[5665492.570223587,6423851.389886433],[5665480.201223586,6423857.604886433],[5665464.586368506,6423864.724095964],[5665451.959223586,6423870.618886434],[5665436.806223586,6423877.067886434],[5665425.811223586,6423881.056886434],[5665408.969223586,6423886.318886434],[5665394.9672235865,6423886.860886433],[5665379.279223586,6423893.123886433],[5665366.761223586,6423904.091886434],[5665349.085223586,6423918.673886433],[5665342.843223586,6423922.8118864335],[5665337.323223586,6423926.600886433],[5665326.997223586,6423941.632886433],[5665326.9672235865,6423951.231886433],[5665324.892223586,6423973.633886433],[5665311.422223587,6423989.075886433],[5665294.653223586,6424002.7718864335],[5665278.220223586,6424011.177886433],[5665263.370223586,6424015.029886434],[5665253.469223586,6424017.596886434],[5665235.377223586,6424015.217886433],[5665232.872223586,6424014.647886434],[5665226.441223586,6424012.414886434],[5665212.599223586,6424007.306886434],[5665206.938223586,6424008.043886433],[5665172.7852235865,6424012.998886433],[5665158.716223586,6424018.923886433],[5665145.417223586,6424027.817886434],[5665135.880223586,6424037.118886434],[5665123.843223586,6424052.757886433],[5665120.8422235865,6424063.126886433],[5665122.583223586,6424074.541886433],[5665128.147223586,6424088.786886433],[5665132.705223586,6424097.276886433],[5665138.441223586,6424104.973886433],[5665137.5109339105,6424131.749933204],[5665160.119223586,6424129.018886433],[5665164.701223586,6424135.714886433],[5665169.434223586,6424144.565886433],[5665174.0692235865,6424158.381886434],[5665177.867223586,6424166.1128864335],[5665183.851223586,6424182.605886433],[5665189.995223586,6424193.447886433],[5665192.388223587,6424202.986886433],[5665193.466223586,6424217.175886434],[5665192.345223586,6424235.103886434],[5665192.452223586,6424240.846886434],[5665193.062223586,6424249.466886434],[5665191.904223586,6424263.178886433],[5665188.230223586,6424277.217886433],[5665186.028223586,6424302.5788864335],[5665185.618223586,6424321.054886433],[5665185.345223586,6424335.673886433],[5665184.551223586,6424356.118886434],[5665184.205223586,6424362.304886433],[5665183.236223586,6424382.388886433],[5665182.714223586,6424388.212886433],[5665179.858223586,6424408.541886433],[5665177.862223586,6424424.665886434],[5665176.473223587,6424442.500886434],[5665170.554223586,6424463.868886434],[5665164.784223586,6424480.482886434],[5665158.604223587,6424493.951886433],[5665152.135223586,6424509.122886433],[5665148.207223586,6424529.079886434],[5665143.043223586,6424547.405886433],[5665138.602223586,6424565.382886433],[5665136.070223587,6424581.319886434],[5665133.721223586,6424589.812886434],[5665127.664223586,6424615.036886433],[5665123.553223586,6424642.4368864335],[5665118.888223587,6424656.732886434],[5665117.1832235865,6424671.155886433],[5665113.813223586,6424689.5048864335],[5665114.590223586,6424706.290886434],[5665112.114223586,6424717.742886433],[5665108.113223586,6424729.265886433],[5665104.412223586,6424738.190886433],[5665093.443223586,6424747.293886433],[5665082.928223586,6424755.9538864335],[5665070.794223586,6424764.952886433],[5665067.909223586,6424773.259886433],[5665056.322223586,6424781.548886433],[5665051.361223586,6424783.728886434],[5665040.306223586,6424785.295886434],[5665028.846223586,6424790.624886434],[5665017.036223586,6424795.231886433],[5665009.742002086,6424797.550058654],[5664991.8082235865,6424803.886886434],[5664984.156223586,6424806.033886434],[5664969.889223586,6424813.391886434],[5664957.182223586,6424817.9878864335],[5664942.811223586,6424826.509886433],[5664917.903223586,6424845.486886433],[5664906.815223586,6424849.743886434],[5664893.698223586,6424851.194886434],[5664884.989223586,6424858.980886433],[5664880.496223587,6424866.728886434],[5664867.2342235865,6424879.840886434],[5664863.697223586,6424890.023886434],[5664861.616223586,6424898.609886433],[5664859.922223587,6424912.1358864335],[5664860.196223586,6424926.0448864335],[5664861.137223586,6424944.088886433],[5664862.275223586,6424960.699886434],[5664864.521223586,6424981.899886433],[5664859.945223587,6425010.640886433],[5664855.757223587,6425022.699886434],[5664849.671223586,6425035.900886433],[5664843.396223586,6425042.730886433],[5664838.821223586,6425049.849886433],[5664853.676775014,6425082.405237355],[5665039.26965862,6425348.59071543],[5665803.66014138,6425510.754346312],[5666326.735223586,6425621.5448864335],[5666850.197223586,6425730.324886434],[5666736.110223586,6426265.4028864335]]]}},{"type":"Feature","properties":{},"geometry":{"type":"Polygon","coordinates":[[[5667347.109,6428475.228],[5667381.636,6428354.3],[5667405.289,6428268.734],[5667405.531158183,6428266.53018678],[5667412.815,6428200.242],[5667416.14752743,6428164.5194455],[5667425.151,6428068.008],[5667424.151,6428033.871],[5667464.202,6427944.932],[5667495.29,6427852.487],[5667510.62637186,6427800.62185611],[5667532.447,6427726.828],[5667573.549,6427587.896],[5667594.703,6427515.615],[5667854.637,6427601.464],[5667831.17232127,6427419.149620931],[5667825.031,6427290.828],[5667833.37896717,6427170.72614453],[5667836.190723628,6427130.27352164],[5667870.92199629,6426940.98557691],[5667899.07071181,6426772.47193791],[5667934.007,6426577.585],[5667813.586223586,6426531.395886433],[5667768.943223586,6426490.822886433],[5667758.753223586,6426485.463886433],[5667307.833223586,6426390.290886434],[5666736.110223586,6426265.4028864335],[5666724.87,6426257.87],[5666557.77182047,6426215.77808393],[5666447.35473151,6426191.11323152],[5666281.35045739,6426155.08695371],[5665706.48,6426032.303],[5665691.242,6426030.535],[5665803.66014138,6425510.754346312],[5665039.26965862,6425348.59071543],[5665027.025,6425366.56],[5664866.627392365,6425334.671191505],[5664781.41,6425307.686],[5664612.31776186,6425272.57589813],[5664585.804,6425287.714],[5664564.182,6425302.511],[5664545.419,6425314.903],[5664530.209,6425329.201],[5664520.388,6425341.279],[5664515.554,6425350.282],[5664511.256,6425356.766],[5664500.867,6425364.155],[5664491.866,6425381.306],[5664487.44,6425394.105],[5664479.203,6425410.791],[5664473.398,6425429.549],[5664473.171,6425443.69],[5664467.772,6425459.404],[5664462.709,6425474.57],[5664457.06,6425487.381],[5664448.842,6425505.153],[5664438.696,6425519.342],[5664414.111,6425540.048],[5664393.228,6425553.772],[5664388.19,6425556.769],[5664365.881,6425567.917],[5664344.50928638,6425591.44460528],[5664298.5076737,6425612.50797441],[5664277.024,6425631.231],[5664262.156,6425642.224],[5664255.718,6425653.752],[5664246.938,6425664.078],[5664229.725,6425685.745],[5664224.332,6425695.282],[5664208.824,6425712.3],[5664200.117,6425723.55],[5664193.948,6425730.849],[5664171.795,6425758.185],[5664160.156,6425770.916],[5664154.666,6425783.48],[5664149.913,6425798.63],[5664147.501,6425816.121],[5664144.681,6425830.956],[5664138.81,6425847.172],[5664133.538,6425862.508],[5664130.082,6425887.689],[5664130.557,6425896.306],[5664128.578,6425911.362],[5664126.3,6425931.417],[5664124.301,6425939.687],[5664121.4365161,6425951.1090385],[5664115.095,6425975.246],[5664111.098,6425986.989],[5664106.9,6425999.564],[5664096.733,6426015.186],[5664088.54,6426020.789],[5664071.9,6426027.051],[5664050.336,6426032.089],[5664033.04,6426037.352],[5664014.759,6426043.966],[5664010.658,6426045.297],[5663996.164,6426064.753],[5663988.843,6426081.204],[5663982.831,6426093.054],[5663976.246,6426098.174],[5663969.015,6426114.356],[5663966.428,6426125.07],[5663963.10827858,6426135.70062226],[5663956.677,6426155.647],[5663945.913,6426176.709],[5663936.676,6426188.861],[5663929.785,6426194.899],[5663924.81184132,6426204.59128765],[5663944.19609904,6426208.51982211],[5663911.22816096,6426294.71863843],[5663897.97847475,6426329.36160779],[5663891.0037717,6426373.00783922],[5663975.68713838,6426418.43841712],[5664003.5695621,6426465.05977756],[5664088.84800255,6426483.5688063],[5664046.690282251,6426576.627849838],[5663989.60310892,6426617.825116],[5664085.1796392,6426714.29670176],[5664144.76054328,6426806.1588718],[5664032.85661818,6426880.23430254],[5664029.75043694,6426900.13739417],[5664144.191,6427027.529],[5664145.82397448,6427104.38168885],[5664146.642782082,6427142.917236482],[5664166.28168022,6427203.52072458],[5664182.38529715,6427237.87659719],[5664209.52771011,6427342.63299574],[5664167.35,6427400.055],[5664140.3015513,6427404.93234717],[5664109.56024347,6427456.00315522],[5664109.107299359,6427489.749786252],[5664105.86716273,6427515.60588854],[5664105.14315243,6427535.11074347],[5664112.09456746,6427575.81819254],[5664119.04377494,6427594.57470015],[5664150.83184764,6427665.09040814],[5664162.25182475,6427702.01105032],[5664171.68272984,6427733.33832313],[5664190.01829763,6427941.67216018],[5664152.8303315,6428037.65761148],[5664656.774390695,6428262.031608352],[5665658.933,6428710.49],[5665814.12,6428816.314],[5666197.023,6428957.73],[5666177.193,6428809.361],[5666261.658,6428415.533],[5666309.214454476,6428192.799310076],[5666363.01094153,6427940.841909031],[5666375.831850274,6427944.294694331],[5666646.43323233,6428017.17006476],[5666589.85925748,6428243.31492485],[5667211.151999996,6428402.367999999],[5667205.59811379,6428422.27746267],[5667202.111,6428434.778],[5667347.109,6428475.228]]]}},{"type":"Feature","properties":{},"geometry":{"type":"Polygon","coordinates":[[[5666790.61547824,6429025.82955039],[5666672.82980976,6429377.70413231],[5666670.481,6429384.721],[5666643.691,6429464.981],[5666641.475,6429472.164],[5666644.861,6429473.237],[5666670.737,6429481.989],[5666799.802,6429527.193],[5666832.82567763,6429538.75988708],[5666833.687,6429539.061],[5666852.395,6429545.837],[5666930.963,6429572.628],[5666936.81893589,6429574.62481799],[5666944.937,6429577.393],[5666979.76274872,6429589.26789138],[5667046.11,6429614.373],[5667064.508,6429621.335],[5667179.909,6429662.347],[5667207.25,6429672.064],[5667212.367,6429658.609],[5667233.028,6429601.27],[5667254.41364144,6429541.92145716],[5667255.595,6429538.643],[5667256.656,6429535.698],[5667257.141,6429534.352],[5667316.444,6429372.651],[5667384.211,6429189.436],[5667392.78,6429168.32],[5667398.302,6429169.488],[5667432.039,6429076.017],[5667454.081,6429012.017],[5667459.194,6428998.385],[5667549.051,6428974.225],[5667566.84983708,6428969.74608627],[5667621.881,6428955.898],[5667665.525,6428732.208],[5667699.713,6428565.865],[5667760.023,6428265.503],[5667794.88,6428093.147],[5667674.636,6428069.082],[5667607.097,6428055.565],[5667598.687,6428054.479],[5667450.957,6428035.396],[5667424.151,6428033.871],[5667425.151,6428068.008],[5667416.14752743,6428164.5194455],[5667412.815,6428200.242],[5667405.531158183,6428266.53018678],[5667405.289,6428268.734],[5667381.636,6428354.3],[5667347.109,6428475.228],[5667315.66370989,6428587.55803857],[5667286.296,6428692.69],[5667248.678,6428821.207],[5667248.107,6428820.654],[5667197.971,6428806.125],[5667192.446,6428805.319],[5667127.219,6428788.2],[5667063.411,6429028.666],[5667055.39747954,6429058.867096],[5666911.451,6429039.69],[5666790.61547824,6429025.82955039]]]}},{"type":"Feature","properties":{},"geometry":{"type":"Polygon","coordinates":[[[5666790.61547824,6429025.82955039],[5666911.451,6429039.69],[5667055.39747954,6429058.867096],[5667063.411,6429028.666],[5667127.219,6428788.2],[5667192.446,6428805.319],[5667197.971,6428806.125],[5667248.107,6428820.654],[5667248.678,6428821.207],[5667286.296,6428692.69],[5667315.66370989,6428587.55803857],[5667347.109,6428475.228],[5667202.111,6428434.778],[5667205.59811379,6428422.27746267],[5667211.151999996,6428402.367999999],[5666589.85925748,6428243.31492485],[5666646.43323233,6428017.17006476],[5666375.831850274,6427944.294694331],[5666299.457,6428302.884],[5666251.107,6428515.842],[5666241.911,6428557.441],[5666214.025,6428683.59],[5666187.953,6428802.655],[5666188.565,6428811.446],[5666188.534,6428815.062],[5666199.275,6428903.958],[5666208.613,6428958.167],[5666210.414,6428959.268],[5666161.04,6429118.088],[5666111.325,6429273.886],[5666301.552,6429338.622],[5666393.07892295,6429374.81052429],[5666469.413,6429404.992],[5666530.949,6429426.814],[5666629.79912859,6429467.37326507],[5666777.41990406,6429024.31596816],[5666788.684,6429025.608],[5666790.61547824,6429025.82955039]]]}},{"type":"Feature","properties":{},"geometry":{"type":"Polygon","coordinates":[[[5666197.023,6428957.73],[5665814.12,6428816.314],[5665703.0218462525,6428775.282572954],[5665687.719,6428826.126],[5665607.584,6429077.504],[5665775.84,6429144.131],[5665900.449,6429194.223],[5665941.503,6429209.506],[5665994.302,6429230.086],[5666034.158,6429245.622],[5666099.384,6429267.258],[5666197.197,6428961.143],[5666197.023,6428957.73]]]}},{"type":"Feature","properties":{},"geometry":{"type":"Polygon","coordinates":[[[5662307.367,6428562.722],[5662246.691,6428748.785],[5662151.91083476,6429065.36692512],[5662187.196,6429076.256],[5662317.735,6429119.207],[5662411.095,6429149.925],[5662458.919,6429165.631],[5662646.25,6429227.151],[5662647.752,6429227.641],[5662728.836,6428978.424],[5662729.394,6428976.713],[5662742.791,6428935.606],[5662787.284,6428799.09],[5662809.6518118,6428725.88361607],[5662619.693,6428664.504],[5662619.186,6428664.19],[5662412.112,6428597.354],[5662307.367,6428562.722]]]}},{"type":"Feature","properties":{},"geometry":{"type":"Polygon","coordinates":[[[5662314.339,6430254.482],[5662396.7038973,6429999.60734044],[5662423.346,6429916.545],[5662477.678,6429747.15],[5662332,6429699.592],[5662231.815,6429666.886],[5662154.41971103,6429641.21390415],[5662104.124,6429624.53],[5661985.324,6429586.711],[5661975.27,6429583.298],[5661930.297,6429719.901],[5661864.261,6429924.641],[5661809.121,6430089.329],[5661936.357,6430131.149],[5662090.936,6430181.595],[5662124.454,6430192.632],[5662199.273,6430217.269],[5662314.339,6430254.482]]]}},{"type":"Feature","properties":{},"geometry":{"type":"Polygon","coordinates":[[[5662983.71767055,6429913.39551741],[5662477.678,6429747.15],[5662423.346,6429916.545],[5662396.7038973,6429999.60734044],[5662314.339,6430254.482],[5662357.429,6430268.417],[5662508.701,6430317.361],[5662639.362,6430359.96],[5662791.775,6430409.29],[5662820.448,6430418.493],[5662902.138,6430165.773],[5662983.71767055,6429913.39551741]]]}},{"type":"Feature","properties":{},"geometry":{"type":"Polygon","coordinates":[[[5663315.26094151,6428888.96598122],[5663096.623,6428818.788],[5663002.334,6428788.125],[5662996.834,6428786.349],[5662905.365,6428756.81],[5662809.6518118,6428725.88361607],[5662787.284,6428799.09],[5662742.791,6428935.606],[5662729.394,6428976.713],[5662728.836,6428978.424],[5662647.752,6429227.641],[5662778.508,6429270.291],[5662925.975,6429318.455],[5663005.913,6429344.854],[5663091.807,6429373.22],[5663152.838,6429393.508],[5663231.959,6429147.731],[5663233.85,6429141.857],[5663241.863,6429116.966],[5663243.113,6429113.083],[5663272.505,6429021.782],[5663315.26094151,6428888.96598122]]]}},{"type":"Feature","properties":{},"geometry":{"type":"Polygon","coordinates":[[[5662642.059,6429245.542],[5662641.136,6429245.255],[5662579.169,6429224.351],[5662569.268,6429221.011],[5662565.886,6429219.87],[5662545.846,6429213.11],[5662498.256,6429198.508],[5662430.082,6429177.59],[5662425.472,6429175.973],[5662421.444,6429174.561],[5662318.40740466,6429138.42303886],[5662303.467,6429133.183],[5662143.212,6429082.977],[5662142.489,6429082.859],[5662139.084,6429086.156],[5662093.751,6429223.011],[5662044.721,6429372.141],[5662043.156,6429376.904],[5661996.698,6429518.21],[5661975.27,6429583.298],[5661985.324,6429586.711],[5662104.124,6429624.53],[5662154.41971103,6429641.21390415],[5662231.815,6429666.886],[5662332,6429699.592],[5662477.678,6429747.15],[5662521.907,6429609.253],[5662546.559,6429532.392],[5662560.333,6429491.155],[5662607.343,6429350.417],[5662619.554,6429313.86],[5662625.432,6429296.017],[5662642.059,6429245.542]]]}},{"type":"Feature","properties":{},"geometry":{"type":"Polygon","coordinates":[[[5662289.74105799,6428559.26681983],[5662289.01,6428559.127],[5662150.562,6428512.538],[5662004.53,6428465.066],[5661820.39,6428403.046],[5661737.97,6428375],[5661479.714,6428294.111],[5661277.41499216,6428228.17699744],[5661270.388,6428249.228],[5661219.788,6428404.566],[5661144.197,6428635.136],[5661116.442,6428720.877],[5661117.463,6428724.651],[5661118.794,6428725.987],[5661120.201,6428727.476],[5661121.873,6428729.308],[5661124.386,6428730.151],[5661510.867,6428855.772],[5661666.204,6428907.515],[5661673.003,6428909.705],[5661677.095,6428911.023],[5661873.437,6428974.259],[5662111.098,6429052.772],[5662131.55727082,6429059.08577324],[5662289.74105799,6428559.26681983]]]}},{"type":"Feature","properties":{},"geometry":{"type":"Polygon","coordinates":[[[5661445.277,6427718.485],[5661423.993,6427779.315],[5661373.2,6427933.133],[5661359.881,6427973.685],[5661326.784,6428074.456],[5661307.453,6428138.06],[5661300.199,6428159.729],[5661294.535,6428176.89],[5661277.41499216,6428228.17699744],[5661479.714,6428294.111],[5661737.97,6428375],[5661820.39,6428403.046],[5662004.53,6428465.066],[5662150.562,6428512.538],[5662289.01,6428559.127],[5662289.74105799,6428559.26681983],[5662290.133,6428558.049],[5662371.609,6428304.44],[5662370.849,6428304.189],[5662374.62,6428296.261],[5662375.591,6428293.323],[5662454.101,6428049.3],[5662443.483,6428046.026],[5662380.48812419,6428025.8548521],[5662295.302,6427998.578],[5662216.69,6427973.406],[5662141.25907114,6427948.57184104],[5662119.03408897,6427941.25470008],[5662087.159,6427930.761],[5662028.889,6427911.996],[5661912.652,6427874.564],[5661744.375,6427817.56],[5661558.365,6427757.099],[5661445.277,6427718.485]]]}},{"type":"Feature","properties":{},"geometry":{"type":"Polygon","coordinates":[[[5661148.73509628,6427622.56872956],[5660929.266,6427548.885],[5660740.244,6427484.14],[5660585.69970833,6427434.05733047],[5660506.968,6427408.543],[5660501.137,6427406.798],[5660426.982,6427383.499],[5660422.894,6427383.917],[5660415.453,6427390.442],[5660381.583,6427495.75],[5660360.746,6427565.81],[5660366.233,6427567.673],[5660350.286,6427611.451],[5660343.947,6427630.377],[5660324.036,6427689.821],[5660281.093,6427822.751],[5660258.732,6427889.591],[5660424.027,6427945.902],[5660499.14887482,6427970.5703139],[5660602.057,6428004.363],[5660668.613,6428026.218],[5660765.6402577,6428057.8782665],[5660853.71,6428086.378],[5660902.385,6428102.129],[5660935.34009904,6428113.18307049],[5660969.055,6428124.492],[5661061.878,6427866.539],[5661148.73509628,6427622.56872956]]]}},{"type":"Feature","properties":{},"geometry":{"type":"Polygon","coordinates":[[[5660969.055,6428124.492],[5661069.74397335,6428158.26499106],[5661266.70681845,6428223.08494088],[5661277.4,6428191.218],[5661290.32,6428150.822],[5661323.487,6428043.633],[5661359.215,6427936.052],[5661412.775,6427773.474],[5661422.568,6427738.822],[5661430.46967763,6427715.33169999],[5661405.514,6427707.238],[5661281.463,6427666.692],[5661148.73509628,6427622.56872956],[5661061.878,6427866.539],[5660969.055,6428124.492]]]}},{"type":"Feature","properties":{},"geometry":{"type":"Polygon","coordinates":[[[5661069.74397335,6428158.26499106],[5660969.055,6428124.492],[5660935.34009904,6428113.18307049],[5660902.385,6428102.129],[5660853.71,6428086.378],[5660765.6402577,6428057.8782665],[5660668.613,6428026.218],[5660602.057,6428004.363],[5660499.14887482,6427970.5703139],[5660424.027,6427945.902],[5660258.732,6427889.591],[5660100.42000865,6428399.49615122],[5660208.152,6428433.628],[5660338.913611,6428476.73547277],[5660597.80587571,6428562.08308485],[5660763.58311126,6428616.73396909],[5660790.095,6428625.474],[5660891.107,6428656.881],[5661007.631,6428332.236],[5661018.761,6428301.147],[5661069.74397335,6428158.26499106]]]}},{"type":"Feature","properties":{},"geometry":{"type":"Polygon","coordinates":[[[5660593.443,6428573.761],[5660347.308,6428493.413],[5660300.393,6428478.098],[5660295.227,6428476.412],[5660166.243,6428434.306],[5660110.578,6428416.898],[5660081.085,6428438.517],[5660050.461,6428535.233],[5660264.915,6428606.44],[5660321.595,6428625.212],[5660381.341,6428645],[5660551.868,6428701.841],[5660593.443,6428573.761]]]}},{"type":"Feature","properties":{},"geometry":{"type":"Polygon","coordinates":[[[5660932.84170463,6429244.32990448],[5660953.298,6429181.689],[5661013.831,6428993.72],[5661077.891,6428794.863],[5661095.598,6428742.475],[5661096.331,6428737.638],[5660793.192,6428638.967],[5660593.443,6428573.761],[5660551.868,6428701.841],[5660381.341,6428645],[5660321.595,6428625.212],[5660264.915,6428606.44],[5660050.461,6428535.233],[5660049.186,6428539.261],[5659978.106,6428762.068],[5659928.238,6428916.615],[5659934.467,6428918.621],[5660100.59579059,6428972.60093424],[5660126.057,6428980.874],[5660224.741,6429015.113],[5660267.28788991,6429028.79501121],[5660434.60098315,6429082.59869983],[5660461.025,6429091.096],[5660536.752,6429116.135],[5660564.431,6429125.287],[5660601.73027727,6429137.44016208],[5660704.649,6429170.974],[5660708.081,6429172.092],[5660768.84673117,6429191.53494574],[5660838.445,6429213.804],[5660932.84170463,6429244.32990448]]]}},{"type":"Feature","properties":{},"geometry":{"type":"Polygon","coordinates":[[[5660269.91310202,6429588.10689073],[5660381.247,6429624.232],[5660435.043,6429642.284],[5660541.951,6429678.158],[5660604.05072535,6429697.30759885],[5660607.363,6429698.329],[5660626.184,6429704.22],[5660637.973,6429707.91],[5660658.077,6429714.203],[5660699.256,6429727.824],[5660764.339,6429749.351],[5660766.785,6429745.47],[5660770.493,6429738.963],[5660773.671,6429731.007],[5660819.516,6429591.355],[5660820.04,6429589.749],[5660932.84170463,6429244.32990448],[5660838.445,6429213.804],[5660768.84673117,6429191.53494574],[5660708.081,6429172.092],[5660704.649,6429170.974],[5660601.73027727,6429137.44016208],[5660564.431,6429125.287],[5660536.752,6429116.135],[5660461.025,6429091.096],[5660434.60098315,6429082.59869983],[5660269.91310202,6429588.10689073]]]}},{"type":"Feature","properties":{},"geometry":{"type":"Polygon","coordinates":[[[5660269.91310202,6429588.10689073],[5660434.60098315,6429082.59869983],[5660267.28788991,6429028.79501121],[5660224.741,6429015.113],[5660126.057,6428980.874],[5660100.59579059,6428972.60093424],[5659934.467,6428918.621],[5659928.238,6428916.615],[5659854.013,6429146.647],[5659817.121,6429261.089],[5659788.841,6429348.817],[5659766.536,6429414.91],[5659766.908,6429419.483],[5659768.312,6429422.495],[5659854.317,6429451.355],[5659935.79184262,6429478.46842352],[5660083.172,6429527.514],[5660102.74344067,6429533.86445072],[5660269.91310202,6429588.10689073]]]}},{"type":"Feature","properties":{},"geometry":{"type":"Polygon","coordinates":[[[5660920.031,6429326.713],[5661067.159,6429374.821],[5661157.972,6429404.515],[5661205.97704614,6429420.35858968],[5661294.919,6429449.713],[5661365.164,6429472.896],[5661394.595,6429482.137],[5661417.33875365,6429411.52739926],[5661446.311,6429321.581],[5661463.195,6429269.043],[5661485.94600445,6429198.24591818],[5661518.193,6429097.899],[5661582.258,6428898.259],[5661486.26,6428866.603],[5661438.207,6428850.758],[5661425.165,6428846.457],[5661394.35018233,6428836.23652502],[5661335.167,6428816.607],[5661238.312,6428784.482],[5661130.483,6428748.717],[5661111.256,6428742.392],[5661109.692,6428743.265],[5661107.744,6428746.043],[5661106.517,6428749.698],[5661095.441,6428782.706],[5661049.664,6428925.695],[5661005.73,6429062.928],[5660984.884,6429127.091],[5660920.031,6429326.713]]]}},{"type":"Feature","properties":{},"geometry":{"type":"Polygon","coordinates":[[[5661954.5137168,6429588.78300958],[5661991.267,6429475.299],[5662024.6286458,6429372.69573637],[5662049.331,6429296.724],[5662056.702,6429273.908],[5662108.799,6429112.644],[5662120.27710511,6429075.94607752],[5662117.77,6429075.123],[5662011.415,6429039.23],[5661891.825,6429000.126],[5661788.802,6428965.174],[5661687.282,6428932.535],[5661644.161,6428918.672],[5661582.258,6428898.259],[5661518.193,6429097.899],[5661485.94600445,6429198.24591818],[5661463.195,6429269.043],[5661446.311,6429321.581],[5661417.33875365,6429411.52739926],[5661954.5137168,6429588.78300958]]]}},{"type":"Feature","properties":{},"geometry":{"type":"Polygon","coordinates":[[[5661258.70756023,6429909.68181698],[5661369.779,6429945.778],[5661515.221,6429992.168],[5661664.911,6430042.065],[5661793.337,6430084.873],[5661848.504,6429917.774],[5661873.886,6429840.895],[5661876.973,6429831.543],[5661898.748,6429763.008],[5661932.891,6429655.548],[5661954.5137168,6429588.78300958],[5661417.33875365,6429411.52739926],[5661394.595,6429482.137],[5661258.70756023,6429909.68181698]]]}},{"type":"Feature","properties":{},"geometry":{"type":"Polygon","coordinates":[[[5661258.70756023,6429909.68181698],[5661394.595,6429482.137],[5661365.164,6429472.896],[5661294.919,6429449.713],[5661205.97704614,6429420.35858968],[5661157.972,6429404.515],[5661067.159,6429374.821],[5660920.031,6429326.713],[5660881.987,6429443.812],[5660853.162,6429531.609],[5660786.185,6429741.433],[5660784.422,6429746.687],[5660785.249,6429752.174],[5660786.424,6429755.11],[5660787.374,6429756.065],[5660791.334,6429757.139],[5660933.231,6429804.246],[5661189.655,6429887.241],[5661258.70756023,6429909.68181698]]]}},{"type":"Feature","properties":{},"geometry":{"type":"Polygon","coordinates":[[[5662642.059,6429245.542],[5662625.432,6429296.017],[5662619.554,6429313.86],[5662607.343,6429350.417],[5662560.333,6429491.155],[5662546.559,6429532.392],[5662521.907,6429609.253],[5662477.678,6429747.15],[5662983.71767055,6429913.39551741],[5663105.861,6429535.529],[5663110.714,6429520.514],[5663146.973,6429409.324],[5662923.571,6429336.059],[5662921.742,6429335.459],[5662783.381,6429290.033],[5662781.237,6429289.329],[5662776.965,6429287.926],[5662774.811,6429287.219],[5662749.977,6429279.066],[5662642.059,6429245.542]]]}},{"type":"Feature","properties":{},"geometry":{"type":"Polygon","coordinates":[[[5663331.22,6428898.409999999],[5663536.26,6428963.352],[5663537.679,6428963.753],[5663557.389,6428969.994],[5663695.344,6429013.676],[5663789.699,6429044.468],[5663833.01,6429058.674],[5663833.60165945,6429058.85377775],[5663834.19125914,6429059.03292963],[5663867.351,6428957.773999999],[5663867.781,6428956.460999999],[5663906.906,6428836.464999999],[5663908.648,6428831.264999999],[5663911.371,6428822.903999999],[5663957.671,6428680.741999999],[5663986.04,6428593.635999999],[5663987.129,6428590.146999999],[5663999.232,6428553.006999999],[5664000.69554987,6428548.516592729],[5663888.463,6428510.658999999],[5663821.843,6428495.252],[5663770.526,6428479.117],[5663711.368,6428459.099],[5663494.584,6428389.213999999],[5663456.066,6428506.5479999995],[5663431.542,6428581.252999999],[5663427.875,6428592.926999999],[5663367.299,6428785.753999999],[5663355.254,6428823.365999999],[5663347.842,6428846.507999999],[5663343.84,6428859.003999999],[5663331.22,6428898.409999999]]]}},{"type":"Feature","properties":{},"geometry":{"type":"Polygon","coordinates":[[[5664504.94723225,6428715.56748126],[5664000.69554987,6428548.516592729],[5663999.232,6428553.006999999],[5663987.129,6428590.146999999],[5663986.04,6428593.635999999],[5663957.671,6428680.741999999],[5663911.371,6428822.903999999],[5663908.648,6428831.264999999],[5663906.906,6428836.464999999],[5663867.781,6428956.460999999],[5663867.351,6428957.773999999],[5663834.19125914,6429059.03292963],[5664346.4349811,6429214.679936989],[5664412.333,6429006.525999999],[5664415.42329621,6428996.289747919],[5664447.786,6428889.091999999],[5664455.041,6428868.144999999],[5664499.657,6428729.402999999],[5664502.037,6428722.829999999],[5664504.94723225,6428715.56748126]]]}},{"type":"Feature","properties":{},"geometry":{"type":"Polygon","coordinates":[[[5663834.19125914,6429059.03292963],[5663828.503,6429076.403],[5663810.267,6429132.093],[5663809.199,6429135.353],[5663800.57,6429162.084],[5663755.062,6429303.069],[5663754.08240451,6429306.23323814],[5663749.82320533,6429319.99108065],[5663674.62276857,6429562.8995998],[5663754.859,6429589.044],[5663908.393,6429638.986],[5663972.868,6429659.959],[5664061.189,6429689.136],[5664177.382,6429727.52],[5664226.736,6429569.743],[5664239.797,6429527.99],[5664257.17975269,6429477.50579029],[5664302.933,6429344.626],[5664326.502,6429276.176],[5664335.617,6429248.851],[5664346.4349811,6429214.679936989],[5663834.19125914,6429059.03292963]]]}},{"type":"Feature","properties":{},"geometry":{"type":"Polygon","coordinates":[[[5663674.62276857,6429562.8995998],[5663749.82320533,6429319.99108065],[5663754.08240451,6429306.23323814],[5663755.062,6429303.069],[5663800.57,6429162.084],[5663809.199,6429135.353],[5663810.267,6429132.093],[5663828.503,6429076.403],[5663834.19125914,6429059.03292963],[5663833.60165945,6429058.85377775],[5663833.01,6429058.674],[5663789.699,6429044.468],[5663695.344,6429013.676],[5663557.389,6428969.994],[5663537.679,6428963.753],[5663536.26,6428963.352],[5663331.22,6428898.409999999],[5663329.579,6428903.534],[5663260.488,6429110.291],[5663258.742,6429115.516],[5663243.96,6429159.753],[5663232.589,6429196.097],[5663176.687,6429374.773],[5663169.383,6429398.348],[5663318.278,6429446.827],[5663480.329,6429499.59],[5663666.347,6429560.203],[5663674.62276857,6429562.8995998]]]}},{"type":"Feature","properties":{},"geometry":{"type":"Polygon","coordinates":[[[5663502.648,6430082.214],[5663567.24580146,6429832.37823936],[5663636.20258947,6429565.68384426],[5663567.492,6429543.15],[5663471.575,6429512.984],[5663448.724,6429506.18],[5663438.685,6429502.78],[5663416.904,6429495.815],[5663359.656,6429669.295],[5663252.457,6429999.332],[5663388.522,6430043.889],[5663502.648,6430082.214]]]}},{"type":"Feature","properties":{},"geometry":{"type":"Polygon","coordinates":[[[5664086.11073552,6430002.58416884],[5664164.205,6429760.469],[5664170.722,6429740.263],[5663840.989,6429632.895],[5663836.906,6429631.566],[5663815.048,6429624.448],[5663713.208,6429590.938],[5663636.20258947,6429565.68384426],[5663567.24580146,6429832.37823936],[5664086.11073552,6430002.58416884]]]}},{"type":"Feature","properties":{},"geometry":{"type":"Polygon","coordinates":[[[5663336.963,6430587.096],[5663413.127,6430611.544],[5663511.245,6430643.635],[5663639.603,6430685.616],[5663841.334,6430753.71],[5664006.725,6430247.645],[5664024.625,6430192.876],[5664025.859,6430189.1],[5664032.851,6430167.705],[5664086.11073552,6430002.58416884],[5663567.24580146,6429832.37823936],[5663502.648,6430082.214],[5663488.625,6430123.12],[5663429.807,6430302.872],[5663336.963,6430587.096]]]}},{"type":"Feature","properties":{},"geometry":{"type":"Polygon","coordinates":[[[5663416.904,6429495.815],[5663163.096,6429414.657],[5663016.947,6429869.088],[5662977.594,6429989.535],[5662891.821,6430252.055],[5662836.529,6430424.702],[5662883.989,6430439.631],[5662993.773,6430475.16],[5663187.631,6430539.162],[5663336.963,6430587.096],[5663429.807,6430302.872],[5663488.625,6430123.12],[5663502.648,6430082.214],[5663388.522,6430043.889],[5663252.457,6429999.332],[5663359.656,6429669.295],[5663416.904,6429495.815]]]}},{"type":"Feature","properties":{},"geometry":{"type":"Polygon","coordinates":[[[5665031.91,6430579.948],[5665042.78,6430545.365],[5665051.028,6430521.76],[5665052.247,6430518.269],[5665076.552,6430448.707],[5665085.63,6430415.911],[5665113.22045325,6430331.41674104],[5665134.7774935,6430265.39948046],[5665136.074,6430261.429],[5665137.573,6430256.837],[5665152.078,6430212.416],[5665155.70811617,6430202.68291564],[5665164.895,6430178.051],[5665165.906,6430175.342],[5665172.543,6430157.546],[5665173.698,6430152.003],[5665176.24252057,6430139.7917669],[5665178.858,6430127.24],[5665192.459,6430087.846],[5665196.705,6430075.549],[5665081.953,6430037.357],[5664964.446,6429999.413],[5664913.583,6429982.989],[5664864.358,6429967.094],[5664841.47978672,6430036.51122628],[5664820.77092642,6430099.34618737],[5664800.07772185,6430162.13364573],[5664779.50310808,6430224.56127514],[5664753.093,6430304.695],[5664583.098,6430247.843],[5664527.905,6430415.72],[5664761.997,6430492.278],[5664882.552,6430531.726],[5664982.623,6430564.471],[5665031.91,6430579.948]]]}},{"type":"Feature","properties":{},"geometry":{"type":"Polygon","coordinates":[[[5664021.39129377,6430251.91286327],[5664260.061,6430325.814],[5664274.026,6430330.38],[5664332.71472475,6430349.56878598],[5664388.646,6430367.856],[5664527.905,6430415.72],[5664583.098,6430247.843],[5664753.093,6430304.695],[5664779.50310808,6430224.56127514],[5664800.07772185,6430162.13364573],[5664820.77092642,6430099.34618737],[5664841.47978672,6430036.51122628],[5664864.358,6429967.094],[5664732.947,6429925.866],[5664709.294,6429918.302],[5664704.917,6429916.903],[5664701.895,6429915.936],[5664690.826,6429912.396],[5664616.815,6429888.729],[5664440.072,6429830.084],[5664419.938,6429823.403],[5664185.528,6429746.102],[5664101.83325396,6430003.6238464],[5664099.514,6430010.76],[5664078.976,6430074.268],[5664057.92,6430139.379],[5664027.414,6430233.71],[5664022.949,6430247.205],[5664021.39129377,6430251.91286327]]]}},{"type":"Feature","properties":{},"geometry":{"type":"Polygon","coordinates":[[[5664359.004,6430929.813],[5664383.67691286,6430854.63161241],[5664384.321,6430852.669],[5664422.63925595,6430735.90949637],[5664424.965,6430728.822],[5664442.43173955,6430675.69521201],[5664479.632,6430562.547],[5664505.443,6430484.038],[5664506.96470933,6430479.40973281],[5664527.905,6430415.72],[5664388.646,6430367.856],[5664332.71472475,6430349.56878598],[5664274.026,6430330.38],[5664260.061,6430325.814],[5664021.39129377,6430251.91286327],[5663942.653,6430489.884],[5663921.07614991,6430557.2334827],[5663918.019,6430566.776],[5663892.766,6430645.598],[5663855.35,6430762.387],[5664086.348,6430838.126],[5664106.921,6430844.99],[5664141.995,6430856.693],[5664238.177,6430888.136],[5664359.004,6430929.813]]]}},{"type":"Feature","properties":{},"geometry":{"type":"Polygon","coordinates":[[[5665031.91,6430579.948],[5664982.623,6430564.471],[5664882.552,6430531.726],[5664761.997,6430492.278],[5664527.905,6430415.72],[5664506.96470933,6430479.40973281],[5664505.443,6430484.038],[5664479.632,6430562.547],[5664442.43173955,6430675.69521201],[5664424.965,6430728.822],[5664422.63925595,6430735.90949637],[5664384.321,6430852.669],[5664383.67691286,6430854.63161241],[5664359.004,6430929.813],[5664863.532,6431103.912],[5664861.693,6431100.734],[5664889.617909,6431014.61479132],[5664912.898,6430942.82],[5664943.162,6430852.833],[5664951.85390764,6430827.47865417],[5664976.08,6430756.811],[5664982.693,6430735.506],[5664984.848,6430728.722],[5665013.261,6430639.278],[5665016.1804912,6430629.9899195],[5665031.91,6430579.948]]]}},{"type":"Feature","properties":{},"geometry":{"type":"Polygon","coordinates":[[[5664520.114,6428720.592],[5664463.872,6428887.771],[5664463.123,6428890.169],[5664389.837,6429121.543],[5664355.505,6429225.205],[5664482.145,6429268.56],[5664609.317,6429310.761],[5664610.407,6429311.117],[5664762.833,6429360.945],[5664859.844,6429391.697],[5664874.184,6429346.881],[5664917.113,6429214.312],[5664944.323,6429135.942],[5664973.055,6429046.561],[5664974.362,6429043.141],[5664991.631,6428989.671],[5665016.977,6428911.192],[5665017.964,6428908.03],[5665024.713,6428888.5],[5664885.291,6428842.815],[5664678.618,6428774.726],[5664674.946,6428773.46],[5664558.526,6428734.375],[5664520.114,6428720.592]]]}},{"type":"Feature","properties":{},"geometry":{"type":"Polygon","coordinates":[[[5664520.114,6428720.592],[5664558.526,6428734.375],[5664674.946,6428773.46],[5664678.618,6428774.726],[5664885.291,6428842.815],[5665024.713,6428888.5],[5665017.964,6428908.03],[5665016.977,6428911.192],[5664991.631,6428989.671],[5664974.362,6429043.141],[5664973.055,6429046.561],[5664944.323,6429135.942],[5664917.113,6429214.312],[5664874.184,6429346.881],[5664859.844,6429391.697],[5664859.634,6429392.352],[5664884.71,6429400.178],[5664888.417,6429401.335],[5664962.33099606,6429425.21250518],[5665046.41329974,6429452.37482557],[5665074.054,6429461.304],[5665150.84581616,6429487.20858125],[5665282.541,6429531.634],[5665285.048,6429532.417],[5665290.711,6429533.825],[5665364.323,6429555.961],[5665365.07947005,6429555.9513194],[5665381.705,6429503.717],[5665420.93,6429382.555],[5665431.554,6429349.738],[5665486.987,6429179.249],[5665496.65,6429154.574],[5665500.35486806,6429142.93452874],[5665542.482,6429010.585],[5665557.966,6428961.939],[5665578.973,6428896.588],[5665611.34,6428795.899],[5665623.9208781,6428758.47980356],[5665636.351,6428721.509],[5665514.106,6428665.052],[5665511.776,6428664.085],[5665504.743,6428660.933],[5665349.613,6428592.538],[5665346.369,6428591.048],[5665189.07,6428518.865],[5665182.243,6428516.974],[5665127.89,6428491.396],[5665083.892,6428472.232],[5665062.126,6428462.752],[5664997.074,6428434.418],[5664889.426,6428385.628],[5664787.965,6428339.247],[5664678.396,6428290.096],[5664665.749,6428286.149],[5664659.241,6428300.868],[5664644.12453026,6428346.33988823],[5664613.205,6428439.349],[5664567.885,6428565.606],[5664567.649,6428566.371],[5664520.114,6428720.592]]]}},{"type":"Feature","properties":{},"geometry":{"type":"Polygon","coordinates":[[[5664719.37,6429903.823],[5664733.552,6429908.501],[5664798.082,6429928.99],[5664803.19622513,6429930.6137879],[5664810.022,6429932.781],[5664892.47682447,6429958.96064476],[5664893.174,6429959.182],[5664898.66,6429960.924],[5664909.71,6429964.432],[5664922.406,6429968.467],[5664969.931,6429984.474],[5664985.959,6429989.754],[5665201.06,6430060.615],[5665285.125,6429803.305],[5665288.588,6429792.657],[5665339.396,6429636.644],[5665365.07947005,6429555.9513194],[5665364.323,6429555.961],[5665290.711,6429533.825],[5665285.048,6429532.417],[5665282.541,6429531.634],[5665150.84581616,6429487.20858125],[5665074.054,6429461.304],[5665046.41329974,6429452.37482557],[5664962.33099606,6429425.21250518],[5664888.417,6429401.335],[5664884.71,6429400.178],[5664881.928,6429410.296],[5664855.511,6429491.907],[5664836.628,6429550.243],[5664830.756,6429568.108],[5664783.363,6429712.302],[5664777.386,6429730.487],[5664742.675,6429834.195],[5664719.37,6429903.823]]]}},{"type":"Feature","properties":{},"geometry":{"type":"Polygon","coordinates":[[[5664719.37,6429903.823],[5664742.675,6429834.195],[5664777.386,6429730.487],[5664783.363,6429712.302],[5664830.756,6429568.108],[5664836.628,6429550.243],[5664855.511,6429491.907],[5664881.928,6429410.296],[5664884.71,6429400.178],[5664859.634,6429392.352],[5664859.844,6429391.697],[5664762.833,6429360.945],[5664610.407,6429311.117],[5664609.317,6429310.761],[5664482.145,6429268.56],[5664355.505,6429225.205],[5664346.591,6429252.12],[5664308.518,6429368.961],[5664251.156,6429545],[5664192.322,6429731.114],[5664191.736,6429732.823],[5664198.096,6429734.791],[5664306.169,6429768.231],[5664361.086,6429785.999],[5664370.007,6429788.885],[5664374.016,6429790.182],[5664381.024,6429792.45],[5664418.498,6429804.574],[5664719.37,6429903.823]]]}},{"type":"Feature","properties":{},"geometry":{"type":"Polygon","coordinates":[[[5665455.925,6429549.85],[5665548.389,6429582.999],[5665697.531,6429639.447],[5665823.46410702,6429685.83408086],[5665853.87,6429697.034],[5665917.985,6429720.585],[5665964.115917013,6429737.516489904],[5666019.05030107,6429548.83080659],[5666102.20070312,6429282.0230837],[5665910.79160984,6429207.03790723],[5665778.575,6429158.364],[5665602.893501032,6429091.690473769],[5665551.901,6429253.326],[5665531.425251911,6429316.777773342],[5665501.524,6429409.438],[5665455.925,6429549.85]]]}},{"type":"Feature","properties":{},"geometry":{"type":"Polygon","coordinates":[[[5665905.563,6429879.865],[5665942.80808889,6429752.80393652],[5665898.838,6429739.766],[5665825.963,6429711.882],[5665693.326,6429661.938],[5665599.351,6429627.908],[5665546.332,6429608.039],[5665530.021,6429601.703],[5665501.319,6429590.553],[5665485.169,6429584.775],[5665447.77661641,6429572.09600688],[5665426.095,6429654.522],[5665372.26872808,6429823.09089975],[5665358.589,6429865.932],[5665350.656,6429891],[5665350.153,6429892.589],[5665292.25749911,6430075.54017317],[5665332.07,6430089.353],[5665349.928,6430095.549],[5665442.033,6430129.647],[5665505.971,6430153.317],[5665709.04,6430228.043],[5665778.80920611,6430254.8766161],[5665864.93726553,6430006.48128532],[5665889.52,6429929.482],[5665905.563,6429879.865]]]}},{"type":"Feature","properties":{},"geometry":{"type":"Polygon","coordinates":[[[5665192.75733205,6430388.98087772],[5665124.777,6430605.562],[5665119.227,6430622.123],[5665225.76596815,6430660.32250859],[5665270.51403007,6430676.36691005],[5665338.781,6430700.844],[5665345.681,6430703.318],[5665617.79966185,6430802.92191441],[5665625.34966288,6430780.39834676],[5665671.92066288,6430632.80634676],[5665780.68571251,6430277.81588515],[5665434.62037291,6430154.09114601],[5665284.3921861,6430100.38179954],[5665246.40965671,6430219.79397537],[5665207.562,6430341.926],[5665206.866,6430344.113],[5665205.79765586,6430347.47190916],[5665204.922,6430350.225],[5665192.75733205,6430388.98087772]]]}},{"type":"Feature","properties":{},"geometry":{"type":"Polygon","coordinates":[[[5665115.89,6430633.713],[5665071.225,6430770.694],[5664980.77,6431051.274],[5664946.697,6431157.153],[5665017.944,6431181.279],[5665237.616,6431259.893],[5665449.467,6431336.151],[5665488.124,6431217.149],[5665545.175,6431037.001],[5665614.193,6430813.747],[5665352.209,6430719.563],[5665115.89,6430633.713]]]}},{"type":"Feature","properties":{},"geometry":{"type":"Polygon","coordinates":[[[5666320.98210839,6430457.35404146],[5666455.26226567,6430023.99520002],[5666353.165,6429986.296],[5666286.006,6429961.156],[5666185.454633279,6429923.516050637],[5666120.353,6429899.955],[5665944.285,6429829.32],[5665930.132,6429835.346],[5665869.12573006,6430017.74948264],[5665786.34067015,6430257.91184155],[5666072.24456277,6430357.79424566],[5666190.06914747,6430405.37142314],[5666320.98210839,6430457.35404146]]]}},{"type":"Feature","properties":{},"geometry":{"type":"Polygon","coordinates":[[[5666023.49492979,6429658.8647899],[5666036.087,6429715.263],[5666044.271,6429747.803],[5666059.574,6429772.268],[5666136.47830625,6429801.9592648],[5666168.559,6429814.345],[5666172.183,6429815.674],[5666275.182,6429853.436],[5666299.03640666,6429862.17521992],[5666365.815,6429886.64],[5666434.433,6429911.779],[5666482.642,6429929.494],[5666491.037,6429905.253],[5666493.487,6429898.18],[5666506.542,6429855.516],[5666508.51,6429849.422],[5666519.711,6429816.396],[5666521.244,6429811.221],[5666535.087,6429764.496],[5666573.276,6429649.223],[5666625.31850024,6429472.7164289],[5666528.343,6429435.826],[5666508.70882301,6429429.17795336],[5666495.531,6429424.716],[5666408,6429394.091],[5666277.504,6429347.42],[5666152.618,6429304.485],[5666112.024,6429290.326],[5666106.665,6429288.49],[5666089.525,6429342.203],[5666034.759,6429514.645],[5666010.404,6429597.674],[5666010.487,6429600.604],[5666023.49492979,6429658.8647899]]]}},{"type":"Feature","properties":{},"geometry":{"type":"Polygon","coordinates":[[[5665628.301,6430806.762],[5665853.614,6430888.834],[5665900.123,6430905.705],[5666064.62,6430962.866],[5666139.789549826,6430987.786178067],[5666214.707,6430764.879],[5666315.198,6430467.832],[5666178.917,6430418.941],[5666073.471,6430381.663],[5665928.354,6430330.967],[5665790.887,6430282.942],[5665718.387,6430519.055],[5665680.724,6430641.712],[5665628.301,6430806.762]]]}},{"type":"Feature","properties":{},"geometry":{"type":"Polygon","coordinates":[[[5665593.612,6430913.144],[5665586.004,6430937.232],[5665539.566,6431084.258],[5665542.55665968,6431085.15659728],[5665543.36270844,6431085.43290006],[5665505.444,6431202.488],[5665494.899,6431233.754],[5665461.363,6431337.327],[5665465.17,6431343.04],[5665551.721,6431373.564],[5665716.18,6431429.697],[5665931.359,6431506.177],[5665963.362,6431517.495],[5666027.747,6431326.457],[5666039.904,6431290.016],[5666038.541,6431255.285],[5666050.269,6431260.086],[5666056.605,6431240.872],[5666105.038,6431094.009],[5666104.384,6431093.684],[5666109.719,6431077.311],[5666070.629,6430996.227],[5666066.521,6430976.957],[5666051.67,6430971.622],[5665961.466,6430939.766],[5665838.71,6430896.415],[5665824.421,6430891.369],[5665699.305,6430845.897],[5665624.474,6430818.7],[5665593.612,6430913.144]]]}},{"type":"Feature","properties":{},"geometry":{"type":"Polygon","coordinates":[[[5666763.806,6430035.504],[5666819.16,6430058.265],[5666849.73,6430070.834],[5666871.031,6430078.862],[5666873.395,6430073.024],[5666964.907,6430107.54],[5667037.989,6430136.583],[5667045.167,6430116.935],[5667102.777,6429959.236],[5667118.556,6429914.847],[5667127.555,6429889.533],[5667170.683,6429768.211],[5667193.464,6429708.312],[5667204.20668997,6429680.06587886],[5667192.083,6429675.467],[5667129.345,6429654.683],[5667114.932,6429648.775],[5667047.011,6429625.128],[5667014.492,6429609.628],[5666979.393,6429599.891],[5666934.346,6429586.382],[5666926.99316059,6429583.86142997],[5666911.957,6429578.707],[5666907.955,6429577.335],[5666905.001,6429576.08],[5666902.044,6429575.187],[5666898.978,6429574.257],[5666894.902,6429573.101],[5666891.512,6429572.06],[5666889.132,6429571.244],[5666886.537,6429570.354],[5666884.012,6429569.61],[5666881.163,6429568.754],[5666878.279,6429567.645],[5666875.575,6429566.718],[5666872.909,6429565.682],[5666870.566,6429564.758],[5666867.72,6429563.541],[5666864.658,6429562.249],[5666861.308,6429560.738],[5666857.704,6429559.261],[5666854.28,6429557.967],[5666851.289,6429556.82],[5666829.189,6429548.767],[5666803.093,6429539.451],[5666739.014,6429514.824],[5666735.877,6429513.749],[5666679.643,6429493.382],[5666642.41361233,6429479.21957676],[5666629.184,6429519.718],[5666568.642,6429705.048],[5666567.22,6429709.273],[5666536.685,6429799.98],[5666522.678,6429841.588],[5666500.39,6429911.184],[5666492.638,6429934.151],[5666570.58189738,6429963.38424781],[5666615.26,6429980.075],[5666618.609,6429981.326],[5666661.83580324,6429997.38427891],[5666757.776,6430033.025],[5666763.806,6430035.504]]]}},{"type":"Feature","properties":{},"geometry":{"type":"Polygon","coordinates":[[[5666584.878,6430550.947],[5666634.599,6430568.671],[5666693.53889276,6430590.55147715],[5666779.637,6430622.514],[5666828.93229547,6430639.37358835],[5666994.98923028,6430224.62594341],[5666912.178,6430193.654],[5666866.10899932,6430176.77707719],[5666829.599,6430163.402],[5666825.521,6430161.908],[5666824.767,6430161.632],[5666740.345,6430130.336],[5666651.277,6430097.317],[5666609.60707246,6430081.86980783],[5666586.368,6430073.255],[5666466.63,6430028.7],[5666464.504,6430036.311],[5666461.093,6430046.262],[5666427.082,6430159.22],[5666382.03,6430308.211],[5666357.031,6430383.911],[5666340.454,6430434.365],[5666332.488,6430462.048],[5666451.149,6430503.278],[5666519.293,6430527.567],[5666584.878,6430550.947]]]}},{"type":"Feature","properties":{},"geometry":{"type":"Polygon","coordinates":[[[5666407.459,6431088.159],[5666547.867,6431138.421],[5666576.738,6431148.136],[5666664.632,6431177.712],[5666739.398,6430976.017],[5666850.87835577,6430662.14285517],[5666815.085,6430649.446],[5666696.597,6430604.054],[5666645.791,6430584.591],[5666589.91789362,6430564.87831528],[5666328.677,6430472.709],[5666220.605,6430782.969],[5666217.633,6430789.595],[5666217.747,6430793.822],[5666241.568,6431027.989],[5666270.507,6431039.42],[5666402.028,6431086.215],[5666407.459,6431088.159]]]}},{"type":"Feature","properties":{},"geometry":{"type":"Polygon","coordinates":[[[5665972.25245126,6431520.63918913],[5666044.354,6431546.079],[5666124.719,6431574.236],[5666199.123,6431602.738],[5666303.12504118,6431616.55885051],[5666481.75892004,6431686.46490423],[5666529.603,6431555.063],[5666661.603,6431189.439],[5666406.29,6431100.078],[5666243.52018651,6431039.87390617],[5666152.539452632,6431006.222625741],[5666120.719,6431101.8],[5666091.833,6431184.962],[5666086.807,6431183.285],[5666066.457,6431243.906],[5665972.25245126,6431520.63918913]]]}},{"type":"Feature","properties":{},"geometry":{"type":"Polygon","coordinates":[[[5666582.0268965,6431450.57529524],[5666581.037,6431453.399],[5666510.277,6431647.282],[5666509.858,6431648.43],[5666499.962,6431675.544],[5666489.697,6431703.989],[5666598.416,6431741.098],[5666719.574,6431782.453],[5666982.965,6431872.339],[5667045.863,6431687.877],[5667069.869,6431619.373],[5667157.491,6431369.33],[5667112.755,6431353.411],[5667110.741,6431352.694],[5666855.293,6431261.793],[5666674.854,6431197.667],[5666673.14,6431197.096],[5666670.512,6431199.266],[5666668.531,6431203.683],[5666582.0268965,6431450.57529524]]]}},{"type":"Feature","properties":{},"geometry":{"type":"Polygon","coordinates":[[[5667142.5382815,6431348.42710128],[5667179.15466581,6431361.60157956],[5667314.268,6431410.215],[5667302.81512299,6431278.30301252],[5667234.34647048,6431214.56337293],[5667235.51566731,6431211.44847922],[5667255.933,6431216.59],[5667290.685,6431224.74],[5667299.381,6431226.844],[5667299.203,6431224.068],[5667299.033,6431221.291],[5667298.872,6431218.513],[5667298.718,6431215.735],[5667298.573,6431212.957],[5667298.435,6431210.178],[5667298.306,6431207.399],[5667298.184,6431204.62],[5667298.071,6431201.84],[5667297.966,6431199.06],[5667297.869,6431196.279],[5667297.78,6431193.499],[5667297.699,6431190.718],[5667297.626,6431187.936],[5667297.561,6431185.155],[5667297.505,6431182.374],[5667297.456,6431179.592],[5667297.415,6431176.81],[5667297.383,6431174.028],[5667297.359,6431171.246],[5667297.342,6431168.464],[5667297.334,6431165.682],[5667297.334,6431162.9],[5667297.342,6431160.118],[5667297.358,6431157.336],[5667297.382,6431154.554],[5667297.414,6431151.772],[5667297.455,6431148.99],[5667297.503,6431146.208],[5667297.559,6431143.427],[5667297.624,6431140.645],[5667297.697,6431137.864],[5667297.777,6431135.083],[5667297.866,6431132.302],[5667297.963,6431129.522],[5667298.068,6431126.742],[5667298.181,6431123.962],[5667298.302,6431121.182],[5667298.431,6431118.403],[5667298.568,6431115.625],[5667298.714,6431112.846],[5667298.867,6431110.068],[5667299.028,6431107.291],[5667299.198,6431104.514],[5667299.376,6431101.738],[5667299.561,6431098.962],[5667299.755,6431096.186],[5667299.957,6431093.411],[5667300.167,6431090.637],[5667300.384,6431087.864],[5667300.61,6431085.091],[5667300.844,6431082.318],[5667301.086,6431079.547],[5667301.337,6431076.776],[5667301.595,6431074.006],[5667301.861,6431071.237],[5667302.135,6431068.468],[5667302.417,6431065.7],[5667302.708,6431062.933],[5667303.006,6431060.167],[5667303.313,6431057.402],[5667303.627,6431054.638],[5667303.95,6431051.874],[5667304.28,6431049.112],[5667304.619,6431046.35],[5667304.965,6431043.59],[5667305.32,6431040.831],[5667305.682,6431038.072],[5667306.053,6431035.315],[5667306.431,6431032.559],[5667306.818,6431029.803],[5667307.213,6431027.049],[5667307.615,6431024.297],[5667308.026,6431021.545],[5667308.444,6431018.794],[5667308.871,6431016.045],[5667309.306,6431013.297],[5667309.748,6431010.551],[5667310.199,6431007.805],[5667310.657,6431005.061],[5667311.124,6431002.318],[5667311.598,6430999.577],[5667312.081,6430996.837],[5667312.571,6430994.098],[5667313.069,6430991.361],[5667313.576,6430988.626],[5667314.09,6430985.891],[5667314.612,6430983.159],[5667315.142,6430980.428],[5667315.68,6430977.698],[5667316.116,6430975.217],[5667316.559,6430972.736],[5667317.01,6430970.258],[5667317.469,6430967.78],[5667317.936,6430965.305],[5667318.411,6430962.83],[5667318.893,6430960.357],[5667319.383,6430957.886],[5667319.88,6430955.416],[5667320.386,6430952.948],[5667320.899,6430950.481],[5667321.42,6430948.016],[5667321.949,6430945.553],[5667322.485,6430943.091],[5667323.029,6430940.631],[5667323.581,6430938.173],[5667324.14,6430935.716],[5667324.707,6430933.261],[5667325.282,6430930.808],[5667325.865,6430928.357],[5667326.455,6430925.908],[5667327.053,6430923.46],[5667327.658,6430921.015],[5667328.271,6430918.571],[5667328.892,6430916.129],[5667329.521,6430913.69],[5667330.157,6430911.252],[5667330.801,6430908.816],[5667331.452,6430906.382],[5667332.111,6430903.95],[5667332.777,6430901.521],[5667333.452,6430899.093],[5667334.133,6430896.668],[5667334.823,6430894.244],[5667335.52,6430891.823],[5667336.224,6430889.404],[5667336.937,6430886.988],[5667337.656,6430884.573],[5667338.384,6430882.161],[5667339.118,6430879.751],[5667339.861,6430877.343],[5667340.611,6430874.938],[5667341.368,6430872.535],[5667342.133,6430870.135],[5667342.905,6430867.737],[5667343.685,6430865.341],[5667344.473,6430862.948],[5667345.268,6430860.557],[5667346.07,6430858.169],[5667346.88,6430855.783],[5667347.698,6430853.4],[5667348.523,6430851.019],[5667349.355,6430848.641],[5667349.81055151,6430847.35298234],[5667281.38252802,6430821.92676224],[5667212.20701807,6430796.222794],[5667128.02951565,6430764.94444347],[5667044.22146165,6430733.80337116],[5666959.68024905,6430702.38987461],[5666862.149,6430666.67],[5666838.256,6430732.202],[5666787.383,6430880.516],[5666750.361,6430981.687],[5666702.635,6431112.106],[5666678.894,6431182.512],[5666768.54247963,6431215.13544457],[5666850.81466057,6431245.07462419],[5666854.814,6431246.53],[5666934.92046107,6431274.81876713],[5666961.514,6431284.21],[5666965.238,6431285.525],[5667018.46186608,6431304.32020938],[5667097.567,6431332.255],[5667098.812,6431332.695],[5667142.5382815,6431348.42710128]]]}},{"type":"Feature","properties":{},"geometry":{"type":"Polygon","coordinates":[[[5667111.64,6430736.189],[5667217.057,6430773.888],[5667358.03097721,6430825.15177988],[5667449.467,6430554.872],[5667381.061,6430367.962],[5667363.075,6430362.001],[5667279.334,6430330.764],[5667262.799,6430324.6],[5667260.847,6430323.872],[5667258.409,6430322.963],[5667256.456,6430322.235],[5667104.432,6430265.558],[5667003.024,6430227.631],[5666959.79,6430351.637],[5666884.222,6430566.255],[5666859.795,6430635.671],[5666855.745,6430648.561],[5666965.572,6430688.857],[5667111.64,6430736.189]]]}},{"type":"Feature","properties":{},"geometry":{"type":"Polygon","coordinates":[[[5667513.722,6432055.021],[5667566.506,6431907.41],[5667608.247,6431790.285],[5667626.269,6431739.718],[5667675.709,6431603.579],[5667689.25631782,6431562.67063899],[5667337.73852692,6431430.90047302],[5667307.69947276,6431430.00643227],[5667170.06766634,6431374.86092319],[5667055.329,6431712.145],[5667034.573,6431774.256],[5667009.347,6431849.342],[5667003.977,6431864.935],[5667006.405,6431873.41],[5667008.815,6431876.023],[5667020.523,6431881.583],[5667023.902,6431882.492],[5667083.082,6431903.257],[5667228.897,6431951.571],[5667349.64524927,6431993.03642269],[5667392.768,6432013.997],[5667513.722,6432055.021]]]}},{"type":"Feature","properties":{},"geometry":{"type":"Polygon","coordinates":[[[5665975.63148131,6433203.0487751],[5666454.047834457,6433373.686836941],[5666492.70884195,6433264.66885194],[5666634.389,6432865.153],[5666145.91887129,6432691.54332708],[5665975.63148131,6433203.0487751]]]}},{"type":"Feature","properties":{},"geometry":{"type":"Polygon","coordinates":[[[5667086.23653101,6433191.68226111],[5667141.07651968,6433046.08861466],[5667007.199,6432998.144],[5666879.134,6432952.634],[5666783.424,6432918.904],[5666672.14,6432877.901],[5666647.697,6432870.501],[5666645.18,6432874.853],[5666631.495,6432914.955],[5666597.97678079,6433007.44293839],[5666592.977,6433021.239],[5666547.392,6433149.151],[5666496.487,6433297.703],[5666496.807,6433300.499],[5666499.056,6433320.168],[5666507.211,6433390.008],[5666565.327,6433411.217],[5666679.459,6433452.869],[5666684.101,6433454.563],[5666848.786,6433513.534],[5666861.362,6433518.037],[5666951.2177271,6433550.14112438],[5667086.23653101,6433191.68226111]]]}},{"type":"Feature","properties":{},"geometry":{"type":"Polygon","coordinates":[[[5666859.093,6432932.43],[5667027.051,6432992.628],[5667036.457,6432995.999],[5667142.222,6433033.064],[5667147.458,6433034.868],[5667161.761,6433001.472],[5667232.66,6432799.012],[5667267.634,6432698.894],[5667271.078,6432689.093],[5667271.956,6432686.595],[5667273.102,6432683.332],[5667312.532,6432571.127],[5667322.134,6432543.924],[5667246.726,6432515.667],[5667159.918,6432483.139],[5667040.165,6432440.011],[5667034.63216943,6432438.06923363],[5666939.60875297,6432404.72043104],[5666825.487,6432364.669],[5666769.483,6432525.787],[5666678.451,6432783.06],[5666660.899,6432832.701],[5666659.702,6432836.085],[5666658.948,6432838.219],[5666652.047,6432859.383],[5666759.04949019,6432897.09082936],[5666845.162,6432927.437],[5666859.093,6432932.43]]]}},{"type":"Feature","properties":{},"geometry":{"type":"Polygon","coordinates":[[[5666991.063,6431888.751],[5666829.865803598,6432350.526115198],[5667078.936,6432441.294],[5667329.69,6432530.184],[5667361.636,6432441.498],[5667415.22299874,6432302.74998381],[5667432.38974465,6432255.20760982],[5667495.19748991,6432075.52597374],[5667394.8807685,6432041.16548107],[5667342.868,6432013.234],[5666991.063,6431888.751]]]}},{"type":"Feature","properties":{},"geometry":{"type":"Polygon","coordinates":[[[5666143.54962062,6432676.655844735],[5666335.296,6432746.387],[5666439.816,6432785.404],[5666638.034,6432854.568],[5666764.503,6432493.258],[5666811.613,6432358.744],[5666379.828,6432203.436],[5666327.07133761,6432184.480136857],[5666295.769,6432259.814],[5666143.54962062,6432676.655844735]]]}},{"type":"Feature","properties":{},"geometry":{"type":"Polygon","coordinates":[[[5666485.544,6431713.394],[5666447.36,6431822.145],[5666399.415,6431961.276],[5666351.939,6432099.049],[5666381.354,6432190.108],[5666574.828,6432260.109],[5666817.028,6432346.35],[5666855.2,6432240.329],[5666907.731,6432091.51],[5666957.39282142,6431948.20534097],[5666917.26652123,6431863.21853691],[5666715.535,6431794.562],[5666549.276,6431735.886],[5666485.544,6431713.394]]]}},{"type":"Feature","properties":{},"geometry":{"type":"Polygon","coordinates":[[[5665457.78,6431351.493],[5665432.247,6431433.981],[5665399.013,6431541.352],[5665314.77749527,6431808.2559961],[5665375.677,6431830.116],[5665550.57,6431891.506],[5665569.228,6431897.985],[5665770.203,6431970.996],[5665797.32977845,6431980.6747984],[5665959.7914566,6431528.08922922],[5665830.373,6431482.771],[5665827.416,6431481.723],[5665704.697,6431438.243],[5665701.533,6431437.122],[5665683.24,6431430.641],[5665457.78,6431351.493]]]}},{"type":"Feature","properties":{},"geometry":{"type":"Polygon","coordinates":[[[5665813.6646899,6431986.50307303],[5666259.93937089,6432148.36485449],[5666303.132774988,6432162.092033675],[5666346.76247265,6432037.75276171],[5666467.37670114,6431694.01704584],[5666305.38303799,6431638.38467288],[5666200.339,6431612.03],[5665968.65926483,6431531.19445375],[5665813.6646899,6431986.50307303]]]}},{"type":"Feature","properties":{},"geometry":{"type":"Polygon","coordinates":[[[5664941.22487067,6431174.15698972],[5664906.588,6431281.788],[5664860.554,6431423.963],[5664859.261,6431427.956],[5664848.066,6431462.533],[5664796.121,6431620.28],[5664793.94657558,6431626.88291368],[5664840.376,6431642.781],[5664871.531,6431653.28],[5664952.326,6431680.508],[5665050.314,6431714.42],[5665135.329,6431743.843],[5665299.717,6431802.85],[5665308.172,6431777.51],[5665338.145,6431682.409],[5665384.163,6431536.398],[5665393.111,6431508.966],[5665405.9,6431469.759],[5665445.709,6431347.72],[5665306.115,6431297.724],[5665159.857,6431247.917],[5664941.22487067,6431174.15698972]]]}},{"type":"Feature","properties":{},"geometry":{"type":"Polygon","coordinates":[[[5666231.36293576,6432150.59566402],[5666115.11,6432108.399],[5665975.978,6432058.879],[5665972.927,6432057.793],[5665880.207,6432024.069],[5665809.40925464,6431999.00374508],[5665743.53,6432199.743],[5665733.393,6432230.891],[5665644.067,6432494.833],[5665648.942,6432496.602],[5665833.785,6432563.88],[5665899.685,6432587.866],[5666113.264,6432665.336],[5666132.392,6432672.525],[5666170.409,6432566.338],[5666256.492,6432324.657],[5666285.683,6432239.439],[5666264.95314903,6432184.2329057],[5666255.6298763,6432159.40390555],[5666231.36293576,6432150.59566402]]]}},{"type":"Feature","properties":{},"geometry":{"type":"Polygon","coordinates":[[[5665308.847,6431820.389],[5665243.857,6432012.235],[5665142.239,6432312.206],[5665360.763,6432391.985],[5665384.186,6432400.536],[5665631.044,6432490.108],[5665734.202,6432189.269],[5665792.86000057,6431993.14412996],[5665642.469,6431939.895],[5665449.602,6431870.808],[5665308.847,6431820.389]]]}},{"type":"Feature","properties":{},"geometry":{"type":"Polygon","coordinates":[[[5665642.123,6432507.91],[5665531.973,6432833.218],[5665510.729,6432896.462],[5665510.193,6432898.059],[5665472.656,6433009.818],[5665594.924,6433053.907],[5665692.061,6433088.089],[5665836.134,6433139.053],[5665911.655,6433165.768],[5665949.682,6433179.22],[5666009.257,6433014.021],[5666125.748,6432691.082],[5666126.682,6432688.473],[5666127.494,6432686.205],[5666124.229,6432685.006],[5665801.43,6432566.429],[5665642.123,6432507.91]]]}},{"type":"Feature","properties":{},"geometry":{"type":"Polygon","coordinates":[[[5665135.38,6432324.369],[5664957.248,6432825.981],[5665021.127,6432848.78],[5665147.394,6432893.822],[5665258.823,6432935.006],[5665309.568,6432953.762],[5665458.491,6433006.997],[5665490.877,6432911.674],[5665528.609,6432800.614],[5665572.395,6432672.024],[5665573.462,6432668.825],[5665578.11990346,6432654.86234041],[5665629.1,6432502.043],[5665135.38,6432324.369]]]}},{"type":"Feature","properties":{},"geometry":{"type":"Polygon","coordinates":[[[5664623.538,6432140.946],[5664570.3,6432299.77],[5664542.329,6432383.618],[5664508.717,6432484.373],[5664454.68,6432645.214],[5664857.773,6432790.477],[5664951.583,6432823.959],[5665022.211,6432616.447],[5665051.567,6432532.036],[5665078.267,6432455.262],[5665094.785,6432406.57],[5665095.114,6432405.6],[5665096.603,6432401.213],[5665097.224,6432399.382],[5665124.034,6432320.352],[5664937.281,6432252.184],[5664934.392,6432251.129],[5664929.075,6432249.189],[5664889.665,6432234.803],[5664623.538,6432140.946]]]}},{"type":"Feature","properties":{},"geometry":{"type":"Polygon","coordinates":[[[5664790.35979069,6431637.77525084],[5664723.957,6431839.429],[5664628.61,6432126.482],[5664770.289,6432178.615],[5664912.096,6432228.068],[5664970.504,6432249.571],[5665128.835,6432307.862],[5665233.937,6431999.277],[5665296.053,6431815.36],[5665144.529,6431762.342],[5665116.896,6431752.673],[5664969.458,6431700.696],[5664914.121,6431681.255],[5664790.35979069,6431637.77525084]]]}},{"type":"Feature","properties":{},"geometry":{"type":"Polygon","coordinates":[[[5664353.892,6430936.896],[5664275.34811119,6431182.49107295],[5664221.091,6431352.145],[5664193.09,6431440.858],[5664357.807,6431495.277],[5664477.004,6431533.513],[5664583.231,6431567.588],[5664697.287,6431605.661],[5664734.137,6431493.257],[5664780.214,6431351.663],[5664784.48163642,6431338.54888914],[5664793.708,6431310.197],[5664816.648,6431242.423],[5664859.59216921,6431115.55157647],[5664353.892,6430936.896]]]}},{"type":"Feature","properties":{},"geometry":{"type":"Polygon","coordinates":[[[5663688.056,6431277.143],[5663830.816,6431323.153],[5664193.09,6431440.858],[5664221.091,6431352.145],[5664275.34811119,6431182.49107295],[5664353.892,6430936.896],[5664143.034,6430868.891],[5663851.664111,6430773.88946374],[5663688.056,6431277.143]]]}},{"type":"Feature","properties":{},"geometry":{"type":"Polygon","coordinates":[[[5663688.056,6431277.143],[5663618.395,6431477.755],[5663559.365,6431664.438],[5663530.952,6431753.637],[5663525.278,6431775.759],[5663525.493,6431777.36],[5663616.366,6431810.549],[5663786.593,6431865.211],[5664009.875,6431938.57],[5664102.096,6431968.577],[5664116.325,6431973.207],[5664167.863,6431989.976],[5664175.754,6431992.544],[5664251.018,6432017.033],[5664302.802,6432034.612],[5664403.974,6432068.958],[5664533.106,6432109.405],[5664601.208,6431899.6],[5664670.003,6431688.887],[5664697.287,6431605.661],[5664583.231,6431567.588],[5664477.004,6431533.513],[5664357.807,6431495.277],[5664193.09,6431440.858],[5663830.816,6431323.153],[5663688.056,6431277.143]]]}},{"type":"Feature","properties":{},"geometry":{"type":"Polygon","coordinates":[[[5663355.722026606,6432300.190918779],[5664361.357,6432631.042],[5664389.21,6432546.623],[5664414.118,6432470.61],[5664427.54372313,6432429.63784323],[5664460.964,6432327.647],[5664469.222,6432302.446],[5664490.898,6432235.685],[5664492.319,6432231.307],[5664526.215,6432126.907],[5664219.42,6432023.773],[5664025.96309943,6431960.71970659],[5664023.217,6431959.825],[5663780.297,6431879.861],[5663772.61,6431877.387],[5663518.938,6431795.741],[5663478.25,6431919.709],[5663455.939,6431987.686],[5663441.126,6432033.802],[5663410.952,6432127.738],[5663402.882,6432152.86],[5663361.947,6432281.188],[5663355.722026606,6432300.190918779]]]}},{"type":"Feature","properties":{},"geometry":{"type":"Polygon","coordinates":[[[5663591.062,6431522.498],[5663456.498,6431478.283],[5663261.66,6431415.184],[5663175.843,6431387.676],[5663086.802,6431359.956],[5663084.685,6431366.358],[5663047.968,6431477.404],[5663045.22876441,6431485.68842098],[5663036.882,6431510.932],[5663004.156,6431609.91],[5663508.265,6431774.128],[5663591.062,6431522.498]]]}},{"type":"Feature","properties":{},"geometry":{"type":"Polygon","coordinates":[[[5663331.612,6430602.319],[5663322.292,6430631.59],[5663268.332,6430801.071],[5663248.602,6430863.04],[5663247.85,6430865.334],[5663168.16,6431108.471],[5663162.252,6431128.057],[5663149.502,6431170.326],[5663086.802,6431359.956],[5663175.843,6431387.676],[5663261.66,6431415.184],[5663456.498,6431478.283],[5663591.062,6431522.498],[5663611.769,6431459.566],[5663671.934,6431274.651],[5663689.485,6431220.71],[5663751.206,6431031.015],[5663751.954,6431028.716],[5663773.314,6430962.967],[5663834.997,6430773.099],[5663836.533,6430768.4],[5663331.612,6430602.319]]]}},{"type":"Feature","properties":{},"geometry":{"type":"Polygon","coordinates":[[[5662647.377,6431007.107],[5662831.387,6431066.89],[5662916.491,6431094.569],[5662986.411,6431117.517],[5663037.871,6431134.533],[5663149.502,6431170.326],[5663162.252,6431128.057],[5663168.16,6431108.471],[5663247.85,6430865.334],[5663248.602,6430863.04],[5663268.332,6430801.071],[5663322.292,6430631.59],[5663331.612,6430602.319],[5663136.587,6430540.821],[5663051.947,6430512.508],[5662831.053,6430438.615],[5662747.326,6430695.735],[5662729.464,6430750.588],[5662647.377,6431007.107]]]}},{"type":"Feature","properties":{},"geometry":{"type":"Polygon","coordinates":[[[5662647.377,6431007.107],[5662606.147,6431135.953],[5662600.935,6431152.239],[5662547.27330045,6431313.36309787],[5662503.128,6431445.911],[5662712.346,6431515.243],[5662730.981,6431521.045],[5662779.616,6431537.008],[5663004.156,6431609.91],[5663036.882,6431510.932],[5663045.22876441,6431485.68842098],[5663047.968,6431477.404],[5663084.685,6431366.358],[5663086.802,6431359.956],[5663149.502,6431170.326],[5663037.871,6431134.533],[5662986.411,6431117.517],[5662916.491,6431094.569],[5662831.387,6431066.89],[5662647.377,6431007.107]]]}},{"type":"Feature","properties":{},"geometry":{"type":"Polygon","coordinates":[[[5662834.869,6432128.262],[5662997.973,6432182.901],[5663042.29,6432198.119],[5663217.619,6432258.324],[5663221.381,6432259.61],[5663337.414,6432299.263],[5663463.883,6431913.626],[5663503.155,6431792.75],[5663263.737,6431712.969],[5663112.256,6431662.314],[5663002.04110728,6431626.7741961],[5662834.869,6432128.262]]]}},{"type":"Feature","properties":{},"geometry":{"type":"Polygon","coordinates":[[[5663002.04110728,6431626.7741961],[5662993.81,6431624.12],[5662992.575,6431623.722],[5662989.163,6431622.622],[5662968.357,6431615.913],[5662801.479,6431561.806],[5662785.35,6431556.498],[5662498.315,6431464.626],[5662482.626,6431511.702],[5662410.409,6431734.693],[5662334.433,6431968.117],[5662593.799,6432051.12],[5662628.333,6432062.171],[5662834.869,6432128.262],[5663002.04110728,6431626.7741961]]]}},{"type":"Feature","properties":{},"geometry":{"type":"Polygon","coordinates":[[[5661814.018,6431796.694],[5661816.208,6431797.382],[5662035.481,6431865.859],[5662036.075,6431866.045],[5661882.41145866,6432339.4232467],[5662161.26356546,6432431.07875198],[5662397.163,6431721.54],[5662399.152,6431715.368],[5662482.578,6431458.152],[5662322.909,6431405.092],[5662197.94670836,6431364.43290511],[5662112.619,6431336.669],[5661977.717,6431293.093],[5661945.218,6431394.67],[5661936.545,6431421.233],[5661913.216,6431492.679],[5661895.269,6431547.645],[5661890.598,6431561.95],[5661814.018,6431796.694]]]}},{"type":"Feature","properties":{},"geometry":{"type":"Polygon","coordinates":[[[5662649.428637781,6430948.195090687],[5662652.925,6430937.518],[5662660.193,6430915.322],[5662717.13049467,6430739.78346456],[5662738.683,6430673.337],[5662783.00440375,6430536.69348223],[5662815.718,6430435.837],[5662509.793,6430335.914],[5662312.081,6430271.276],[5662304.068,6430268.656],[5662111.538,6430205.993],[5662016.518,6430175.305],[5661939.812,6430150.531],[5661908.428,6430140.395],[5661804.01,6430106.672],[5661779.316,6430181.088],[5661770.74884742,6430207.52321098],[5661750.325,6430270.544],[5661725.287,6430347.8],[5661704.09115854,6430413.20216367],[5661640.954,6430608.019],[5661640.694,6430608.82],[5661778.54,6430654.186],[5661879.564,6430687.433],[5661894.698,6430692.325],[5662019.505,6430732.667],[5662069.965,6430748.85],[5662146.936,6430773.536],[5662143.937878932,6430782.787572083],[5662649.428637781,6430948.195090687]]]}},{"type":"Feature","properties":{},"geometry":{"type":"Polygon","coordinates":[[[5662143.937878932,6430782.787572083],[5662087.71,6430956.295],[5661718.792,6430836.63],[5661581.302,6430792.033],[5661544.2327563,6430907.46218042],[5661510.157,6431013.57],[5661502.931,6431036.072],[5661478.841,6431111.086],[5661481.338,6431114.602],[5661482.82,6431115.104],[5661534.736,6431132.279],[5661612.375,6431157.964],[5661762.96,6431207.438],[5661927.203,6431259.758],[5662108.166,6431320.156],[5662296.977,6431380.288],[5662425.804,6431423.792],[5662489.437,6431441.655],[5662554.79986313,6431238.14405169],[5662571.097,6431187.402],[5662649.428637781,6430948.195090687],[5662143.937878932,6430782.787572083]]]}},{"type":"Feature","properties":{},"geometry":{"type":"Polygon","coordinates":[[[5661581.302,6430792.033],[5661718.792,6430836.63],[5662087.71,6430956.295],[5662143.937878932,6430782.787572083],[5662146.936,6430773.536],[5662069.965,6430748.85],[5662019.505,6430732.667],[5661894.698,6430692.325],[5661879.564,6430687.433],[5661778.54,6430654.186],[5661640.694,6430608.82],[5661611.238,6430699.688],[5661607.451,6430711.37],[5661582.899,6430787.107],[5661581.302,6430792.033]]]}},{"type":"Feature","properties":{},"geometry":{"type":"Polygon","coordinates":[[[5661814.018,6431796.694],[5661890.598,6431561.95],[5661895.269,6431547.645],[5661913.216,6431492.679],[5661936.545,6431421.233],[5661945.218,6431394.67],[5661977.717,6431293.093],[5661885.33,6431263.251],[5661577.831,6431162.714],[5661473.311,6431128.541],[5661472.267,6431131.621],[5661408.365,6431328.563],[5661365.654,6431461.17],[5661310.207,6431633.32],[5661610.348,6431730.507],[5661611.942,6431731.025],[5661689.263,6431756.152],[5661814.018,6431796.694]]]}},{"type":"Feature","properties":{},"geometry":{"type":"Polygon","coordinates":[[[5661123.355,6430438.922],[5661226.574,6430118.197],[5661233.467,6430096.754],[5661272.032,6429978.041],[5661285.486,6429938.303],[5661230.734,6429920.469],[5660992.97,6429841.701],[5660841.208,6429793.318],[5660800.43,6429781.159],[5660797.803,6429780.278],[5660794.832,6429780.043],[5660791.671,6429779.237],[5660788.321,6429778.239],[5660785.884,6429777.549],[5660783.293,6429777.315],[5660781.195,6429779.025],[5660778.866,6429781.421],[5660776.5,6429783.169],[5660774.933,6429785.947],[5660773.441,6429788.877],[5660771.949,6429791.808],[5660761.757,6429821.047],[5660739.448,6429889.045],[5660717.84,6429955.134],[5660676.773,6430080.743],[5660615.322,6430274.372],[5660847.819,6430350.614],[5660881.26,6430361.332],[5661123.355,6430438.922]]]}},{"type":"Feature","properties":{},"geometry":{"type":"Polygon","coordinates":[[[5661285.486,6429938.303],[5661272.032,6429978.041],[5661233.467,6430096.754],[5661226.574,6430118.197],[5661123.355,6430438.922],[5661134.711,6430442.562],[5661196.467,6430462.613],[5661274.858,6430488.065],[5661376.283,6430522.099],[5661442.569,6430543.452],[5661560.672,6430583.373],[5661597.378,6430594.467],[5661600.04852789,6430595.27345945],[5661602.544,6430596.028],[5661624.398,6430603.177],[5661665.075,6430478.726],[5661665.76910601,6430476.6029579],[5661724.72,6430295.732],[5661787.827,6430106.022],[5661788.758,6430102.523],[5661785.987,6430100.567],[5661763.971,6430093.111],[5661598.82,6430039.339],[5661557.251,6430026.349],[5661456.7,6429993.498],[5661372.9,6429966.776],[5661285.486,6429938.303]]]}},{"type":"Feature","properties":{},"geometry":{"type":"Polygon","coordinates":[[[5660106.91764345,6429553.524536],[5660065.241,6429539.67],[5659989.611,6429514.733],[5659847.388,6429467.838],[5659762.712,6429441.076],[5659760.389,6429440.805],[5659757.326,6429448.037],[5659749.472,6429469.928],[5659729.733,6429529.131],[5659714.317,6429579.618],[5659668.265,6429721.858],[5659651.858,6429772.59],[5659635.80140461,6429821.06657342],[5659639.59535929,6429822.03114127],[5659982.88440357,6429933.64929742],[5660042.13234278,6429752.07209458],[5660106.91764345,6429553.524536]]]}},{"type":"Feature","properties":{},"geometry":{"type":"Polygon","coordinates":[[[5660131.70165999,6430003.07866744],[5660313.471,6430061.766],[5660466.217,6430110.62],[5660475.17,6430113.484],[5660530.18,6430130.885],[5660594.074,6430151.097],[5660632.837,6430163.593],[5660633.494,6430161.528],[5660696.20451917,6429964.27910281],[5660758.931,6429766.98],[5660628.036,6429724.2],[5660568.651,6429704.633],[5660460.173,6429668.889],[5660268.741,6429607.316],[5660106.91764345,6429553.524536],[5660042.13234278,6429752.07209458],[5659982.88440357,6429933.64929742],[5659976.57274248,6429952.9926498],[5660131.70165999,6430003.07866744]]]}},{"type":"Feature","properties":{},"geometry":{"type":"Polygon","coordinates":[[[5659718.11709575,6430537.4087039],[5659785.661,6430328.538],[5660002.254,6430398.816],[5660043.114,6430275.523],[5660131.70165999,6430003.07866744],[5659976.57274248,6429952.9926498],[5659982.88440357,6429933.64929742],[5659639.59535929,6429822.03114127],[5659635.80140461,6429821.06657342],[5659586.645,6429969.475],[5659554.48,6430066.581],[5659546.54437922,6430090.53930875],[5659516.45,6430181.398],[5659434.445860702,6430446.30368916],[5659443.261,6430449.119],[5659655.255,6430516.824],[5659718.11709575,6430537.4087039]]]}},{"type":"Feature","properties":{},"geometry":{"type":"Polygon","coordinates":[[[5660632.837,6430163.593],[5660594.074,6430151.097],[5660530.18,6430130.885],[5660475.17,6430113.484],[5660466.217,6430110.62],[5660313.471,6430061.766],[5660131.70165999,6430003.07866744],[5660043.114,6430275.523],[5660002.254,6430398.816],[5659785.661,6430328.538],[5659718.11709575,6430537.4087039],[5659827.802,6430573.326],[5660013.256,6430633.778],[5660213.665,6430699.282],[5660332.192,6430738.023],[5660436.629,6430772.159],[5660482.018,6430631.593],[5660504.953,6430560.505],[5660573.33,6430350.765],[5660632.837,6430163.593]]]}},{"type":"Feature","properties":{},"geometry":{"type":"Polygon","coordinates":[[[5660959.143,6430943.433],[5660974.89,6430895.474],[5660985.68,6430862.613],[5661004.998,6430803.779],[5661022.888,6430749.294],[5661055.476,6430647.256],[5661055.974,6430645.726],[5661063.463,6430622.744],[5661082.723,6430563.631],[5661092.989,6430532.12],[5661123.355,6430438.922],[5660881.26,6430361.332],[5660847.819,6430350.614],[5660615.322,6430274.372],[5660594.764,6430339.15],[5660568.037,6430421.038],[5660550.915,6430473.496],[5660545.008,6430491.594],[5660495.683,6430645.584],[5660491.604,6430658.318],[5660454.145,6430776.766],[5660668.14,6430847.981],[5660683.228,6430853.002],[5660888.023,6430919.817],[5660959.143,6430943.433]]]}},{"type":"Feature","properties":{},"geometry":{"type":"Polygon","coordinates":[[[5660959.143,6430943.433],[5661069.928,6430979.443],[5661254.38122613,6431039.36722204],[5661324.369,6431062.203],[5661453.272,6431105.859],[5661456.922,6431107.096],[5661462.948,6431105.449],[5661481.961,6431048.182],[5661513.51809016,6430951.40574622],[5661544.506,6430856.375],[5661555.876,6430820.552],[5661566.246,6430787.3],[5661592.856,6430701.976],[5661624.062,6430604.206],[5661624.398,6430603.177],[5661602.544,6430596.028],[5661600.04852789,6430595.27345945],[5661597.378,6430594.467],[5661560.672,6430583.373],[5661442.569,6430543.452],[5661376.283,6430522.099],[5661274.858,6430488.065],[5661196.467,6430462.613],[5661134.711,6430442.562],[5661123.355,6430438.922],[5661092.989,6430532.12],[5661082.723,6430563.631],[5661063.463,6430622.744],[5661055.974,6430645.726],[5661055.476,6430647.256],[5661022.888,6430749.294],[5661004.998,6430803.779],[5660985.68,6430862.613],[5660974.89,6430895.474],[5660959.143,6430943.433]]]}},{"type":"Feature","properties":{},"geometry":{"type":"Polygon","coordinates":[[[5660792.62,6431455.588],[5661292.427,6431627.54],[5661377.841,6431364.759],[5661454.687,6431128.337],[5661455.846,6431124.915],[5661454.718,6431121.863],[5661388.877,6431100.338],[5660955.90644027,6430959.21068214],[5660953.588,6430958.479],[5660905.427,6431107.25],[5660859.897,6431247.898],[5660845.492,6431292.367],[5660792.62,6431455.588]]]}},{"type":"Feature","properties":{},"geometry":{"type":"Polygon","coordinates":[[[5660792.62,6431455.588],[5660845.492,6431292.367],[5660859.897,6431247.898],[5660905.427,6431107.25],[5660953.588,6430958.479],[5660947.953,6430956.701],[5660921.065,6430947.844],[5660770.63851685,6430898.29181676],[5660769.443,6430897.898],[5660714.172,6430879.692],[5660700.099,6430875.056],[5660585.37972867,6430837.42833749],[5660448.018,6430792.374],[5660283.98558321,6431295.79319027],[5660421.88032468,6431338.78794851],[5660608.04612473,6431396.83333501],[5660744.304,6431440.138],[5660792.62,6431455.588]]]}},{"type":"Feature","properties":{},"geometry":{"type":"Polygon","coordinates":[[[5659771.90277342,6431131.24058881],[5660269.397,6431292.466],[5660432.679,6430785.067],[5659934.47567926,6430627.25136432],[5659771.90277342,6431131.24058881]]]}},{"type":"Feature","properties":{},"geometry":{"type":"Polygon","coordinates":[[[5659934.47567926,6430627.25136432],[5659428.946,6430463.377],[5659265.698,6430965.966],[5659771.90277342,6431131.24058881],[5659934.47567926,6430627.25136432]]]}},{"type":"Feature","properties":{},"geometry":{"type":"Polygon","coordinates":[[[5667526.551448096,6433562.635430658],[5667643.104,6433226.336],[5667482.129,6433167.327],[5667451.645,6433157.144],[5667155.433,6433051.23],[5667152.242,6433059.051],[5666973.239,6433558.009],[5667466.742,6433718.782],[5667526.551448096,6433562.635430658]]]}},{"type":"Feature","properties":{},"geometry":{"type":"Polygon","coordinates":[[[5668964.04748066,6432718.357772],[5669006.48643319,6432600.44777564],[5668516.5552838,6432427.28789487],[5668481.623,6432524.359],[5668477.27156601,6432536.58053543],[5668443.583,6432631.199],[5668441.149,6432638.033],[5668436.038,6432652.389],[5668434.53422728,6432656.60511969],[5668391.20965809,6432778.07398682],[5668366.967,6432846.043],[5668348.478,6432898.626],[5668611.415,6432995.073],[5668752.778,6433045.985],[5668837.337,6433075.618],[5668878.82492915,6432958.05610975],[5668921.08748387,6432838.29920883],[5668931.645,6432808.383],[5668964.04748066,6432718.357772]]]}},{"type":"Feature","properties":{},"geometry":{"type":"Polygon","coordinates":[[[5669877.23067357,6428631.19056007],[5669620.588,6429340.395],[5669608.821,6429372.619],[5669668.049,6429393.358],[5669720.01943384,6429411.55511206],[5669739.454,6429418.36],[5669784.52767992,6429434.18655199],[5669840.07585688,6429453.69097479],[5669888.933,6429470.846],[5669900.65076266,6429474.94035755],[5669961.108,6429496.065],[5670017.0680463,6429515.6184018],[5670085.933,6429539.681],[5670157.8,6429332.674],[5670218.944,6429151.256],[5670263.899,6429025.924],[5670313.511,6428874.022],[5670259.75388574,6428844.20441481],[5670205.696,6428814.22],[5670205.218,6428813.955],[5670150.77742633,6428783.75851339],[5670102.02412645,6428756.71657998],[5670092.951,6428751.684],[5670048.05965501,6428726.7840081],[5670013.057,6428707.369],[5670000.468,6428700.5],[5669987.02768589,6428693.16716982],[5669932.035,6428663.164],[5669932.373,6428662.214],[5669888.105,6428637.308],[5669881.611,6428633.655],[5669877.23067357,6428631.19056007]]]}},{"type":"Feature","properties":{},"geometry":{"type":"Polygon","coordinates":[[[5670161.39588699,6432553.45244258],[5670182.908,6432493.87],[5670193.203,6432458.612],[5670190.942,6432457.411],[5670138.796,6432437.828],[5670099.26772203,6432424.25976449],[5670081.978,6432418.325],[5670022.893,6432397.668],[5669707.733,6432284.483],[5669577.563,6432653.255],[5669535.848,6432773.327],[5670009.815,6432939.871],[5670023.80950753,6432944.81477691],[5670027.025,6432935.927],[5670048.069,6432876.338],[5670099.75,6432730],[5670115.616,6432685.073],[5670147.645,6432594.38],[5670152.195,6432578.936],[5670159.602,6432558.421],[5670161.39588699,6432553.45244258]]]}},{"type":"Feature","properties":{},"geometry":{"type":"Polygon","coordinates":[[[5669297.784,6428590.588],[5669445.89,6428585.395],[5669507.731,6428583.242],[5669607.575,6428581.321],[5669643.152,6428586.082],[5669662.706,6428589.527],[5669695.7559756,6428595.35027458],[5669698.7,6428595.869],[5669770.641,6428608.544],[5669771.299,6428608.66],[5669868.238,6428626.131],[5669874.041,6428629.396],[5669877.23067357,6428631.19056007],[5669881.611,6428633.655],[5669888.105,6428637.308],[5669932.373,6428662.214],[5669932.035,6428663.164],[5669987.02768589,6428693.16716982],[5670000.468,6428700.5],[5670013.057,6428707.369],[5670048.05965501,6428726.7840081],[5670092.951,6428751.684],[5670102.02412645,6428756.71657998],[5670150.77742633,6428783.75851339],[5670205.218,6428813.955],[5670205.696,6428814.22],[5670259.75388574,6428844.20441481],[5670313.511,6428874.022],[5670326.229,6428881.077],[5670372.954,6428930.988],[5670434.42805608,6428998.38594614],[5670461.597,6429028.173],[5670514.69,6429094.011],[5670514.398,6429094.612],[5670531.222,6429107.912],[5670538.753,6429117.208],[5670579.682,6429167.73],[5670652.312,6429256.374],[5670741.268,6429358.391],[5670752.22104955,6429364.60160347],[5670979.337,6429493.381],[5671012.414,6429507.968],[5671041.46068011,6429520.41286294],[5671043.491,6429521.282],[5671101.73,6429546.245],[5671163.209,6429572.356],[5671270.11761603,6429618.16183548],[5671306.059,6429525.251],[5671323.683,6429479.849],[5671325.608,6429474.892],[5671388.833,6429312.018],[5671422.834,6429220.672],[5671485.895,6429058.629],[5671509.617,6428997.672],[5671512.71132944,6428989.72065096],[5671539.682,6428921.788],[5671547.0705028,6428903.08028846],[5671554.165,6428885.117],[5671554.948,6428883.093],[5671578.011,6428823.452],[5671589.984,6428768.223],[5671609.098,6428662.704],[5671612.78139121,6428644.38520077],[5671630.375,6428556.886],[5671641.088,6428499.252],[5671638.744,6428498.349],[5671573.116,6428466.925],[5671181.19481029,6428286.89191334],[5671065.43065812,6428234.01180756],[5670941.83248889,6428177.55318769],[5670890.89515724,6428154.28543653],[5670863.455,6428141.751],[5670839.92420114,6428131.09143655],[5670782.37833122,6428105.02288463],[5670624.23416484,6428033.38282745],[5670617.111,6428030.156],[5670574.09843754,6428014.63417697],[5670530.672,6427998.963],[5670515.714,6427993.565],[5670387.029,6427942.45],[5670372.22365612,6427935.25783294],[5670312.715,6427906.348],[5670249.55140795,6427874.18202521],[5670114.362,6427805.337],[5669947.886,6427729.319],[5669941.841,6427726.559],[5669830.889,6427677.61],[5669785.656,6427701.695],[5669638.378,6427636.417],[5669491.972,6427571.526],[5669460.05631327,6427557.19714065],[5669100.633,6427395.835999999],[5669219.734976385,6427044.766064162],[5668811.894,6426896.471],[5668584.637,6426813.838],[5668430.686,6426757.86],[5668291.846,6426706.472],[5668096.922,6426635.241],[5667965.082,6426589.32],[5667934.007,6426577.585],[5667899.07071181,6426772.47193791],[5667870.92199629,6426940.98557691],[5667836.190723628,6427130.27352164],[5667833.37896717,6427170.72614453],[5667825.031,6427290.828],[5667831.17232127,6427419.149620931],[5667854.637,6427601.464],[5667877.395,6427778.002],[5667919.20741091,6428115.06607295],[5667954.633,6428128.393],[5668108.52,6428157.505],[5668097.551,6428255.331],[5668061.45269587,6428500.31499966],[5668029.595182036,6428716.444544666],[5668029.31248447,6428718.36243746],[5668029.361,6428719.2],[5668029.516,6428722.014],[5668029.663,6428724.829],[5668029.802,6428727.644],[5668029.933,6428730.459],[5668030.056,6428733.275],[5668030.171,6428736.091],[5668030.278,6428738.908],[5668030.377,6428741.725],[5668030.468,6428744.542],[5668030.551,6428747.359],[5668030.626,6428750.177],[5668030.693,6428752.995],[5668030.752,6428755.813],[5668030.803,6428758.631],[5668030.846,6428761.449],[5668030.881,6428764.267],[5668030.908,6428767.086],[5668030.927,6428769.904],[5668030.938,6428772.723],[5668030.941,6428775.541],[5668030.936,6428778.36],[5668030.922,6428781.178],[5668030.901,6428783.997],[5668030.872,6428786.815],[5668030.835,6428789.634],[5668030.79,6428792.452],[5668030.737,6428795.27],[5668030.675,6428798.088],[5668030.606,6428800.906],[5668030.529,6428803.723],[5668030.444,6428806.54],[5668030.351,6428809.357],[5668030.249,6428812.174],[5668030.14,6428814.991],[5668030.023,6428817.807],[5668029.898,6428820.622],[5668029.764,6428823.438],[5668029.623,6428826.253],[5668029.474,6428829.068],[5668029.317,6428831.882],[5668029.151,6428834.695],[5668028.978,6428837.509],[5668028.797,6428840.321],[5668028.608,6428843.134],[5668028.41,6428845.945],[5668028.205,6428848.756],[5668027.992,6428851.567],[5668027.771,6428854.377],[5668027.541,6428857.186],[5668027.304,6428859.994],[5668027.059,6428862.802],[5668026.806,6428865.61],[5668026.545,6428868.416],[5668026.276,6428871.222],[5668025.999,6428874.027],[5668025.713,6428876.831],[5668025.42,6428879.634],[5668025.119,6428882.436],[5668024.811,6428885.238],[5668024.494,6428888.039],[5668024.169,6428890.839],[5668023.836,6428893.637],[5668023.495,6428896.435],[5668023.146,6428899.232],[5668022.79,6428902.028],[5668022.425,6428904.823],[5668022.052,6428907.617],[5668021.672,6428910.41],[5668021.283,6428913.201],[5668020.887,6428915.992],[5668020.483,6428918.781],[5668020.07,6428921.569],[5668019.65,6428924.356],[5668019.222,6428927.142],[5668018.786,6428929.927],[5668018.342,6428932.71],[5668017.89,6428935.492],[5668017.43,6428938.273],[5668016.963,6428941.053],[5668016.487,6428943.831],[5668016.004,6428946.608],[5668015.512,6428949.383],[5668015.013,6428952.157],[5668014.506,6428954.93],[5668013.991,6428957.701],[5668013.468,6428960.47],[5668012.937,6428963.239],[5668012.399,6428966.005],[5668011.852,6428968.77],[5668011.298,6428971.534],[5668010.736,6428974.296],[5668010.166,6428977.056],[5668009.588,6428979.815],[5668009.002,6428982.572],[5668008.409,6428985.327],[5668007.807,6428988.081],[5668007.198,6428990.833],[5668006.581,6428993.583],[5668005.956,6428996.331],[5668005.323,6428999.078],[5668004.683,6429001.823],[5668004.035,6429004.566],[5668003.379,6429007.307],[5668002.715,6429010.046],[5668002.043,6429012.784],[5668001.364,6429015.519],[5668000.676,6429018.253],[5667999.982,6429020.984],[5667999.279,6429023.714],[5667998.568,6429026.441],[5667997.97751735,6429028.68286032],[5667997.85,6429029.167],[5667997.124,6429031.89],[5667996.39,6429034.612],[5667995.649,6429037.331],[5667994.9,6429040.048],[5667994.143,6429042.763],[5667993.378,6429045.476],[5667992.606,6429048.187],[5667991.826,6429050.895],[5667991.038,6429053.602],[5667990.243,6429056.306],[5667989.44,6429059.007],[5667988.629,6429061.707],[5667987.81,6429064.404],[5667986.984,6429067.099],[5667986.151,6429069.791],[5667985.309,6429072.481],[5667984.46,6429075.169],[5667983.603,6429077.854],[5667982.739,6429080.537],[5667981.867,6429083.217],[5667980.988,6429085.895],[5667980.1,6429088.57],[5667979.206,6429091.243],[5667978.303,6429093.913],[5667977.393,6429096.581],[5667976.476,6429099.246],[5667975.551,6429101.908],[5667974.618,6429104.568],[5667895.021,6429341.804],[5667897.626,6429343.041],[5667995.19961729,6429377.05913331],[5668095.962,6429412.189],[5668376.285,6429509.92],[5668444.75561634,6429312.94152497],[5668497.859,6429160.172],[5668501.825,6429147.726],[5668545.742,6429009.899],[5668547.918,6428990.459],[5668606.066,6428819.714],[5668613.045,6428799.221],[5668659.57,6428659.123],[5668647.371,6428655.151],[5668649.471,6428648.892],[5668653.527,6428636.801],[5668666.039,6428640.279],[5668721.01,6428480.416],[5668739.554,6428426.486],[5668772.69479709,6428329.11191087],[5668782.017749889,6428301.719267482],[5668794.829,6428307.32],[5668952.89,6428376.42],[5669121.544,6428450.885],[5669157.126,6428467.008],[5669292.921,6428528.54],[5669302.316,6428532.797],[5669282.55966941,6428591.52190115],[5669297.784,6428590.588]]]}},{"type":"Feature","properties":{},"geometry":{"type":"Polygon","coordinates":[[[5669602.502,6429391.605],[5669531.093,6429586.345],[5669527.983,6429595.377],[5669517.628,6429625.454],[5669489.663,6429706.679],[5669441.172,6429841.026],[5669428.875,6429876.506],[5669428.316,6429878.216],[5669481.995,6429895.985],[5669519.318,6429909.106],[5669584.31037114,6429931.95386813],[5669591.041,6429934.32],[5669629.583,6429947.731],[5669707.317,6429974.779],[5669741.64109783,6429987.03093134],[5669828.158,6430017.913],[5669899.412,6430043.786],[5669912.76,6430046.727],[5669915.523,6430040.884],[5669957.916,6429919.332],[5670030.291,6429708.234],[5670080.403,6429554.076],[5669978.835,6429517.829],[5669918.93169157,6429496.73668821],[5669825.793,6429463.942],[5669779.318,6429449.101],[5669759.54705559,6429442.78759461],[5669687.547,6429419.796],[5669663.235,6429412.032],[5669605.173,6429392.477],[5669602.502,6429391.605]]]}},{"type":"Feature","properties":{},"geometry":{"type":"Polygon","coordinates":[[[5669819.225,6430309.335],[5669820.422,6430306.025],[5669826.113,6430290.296],[5669866.83,6430176.012],[5669882.912,6430130.873],[5669903.824,6430073.727],[5669907.065,6430063.078],[5669832.034,6430036.172],[5669826.912,6430034.335],[5669677.884,6429980.894],[5669670.444,6429978.296],[5669551.99,6429936.938],[5669494.858,6429917.107],[5669424.97576755,6429892.6345972],[5669363.761,6430054.145],[5669334.749,6430135.371],[5669334.294,6430136.444],[5669250.5334892,6430385.40527538],[5669383.393,6430430.696],[5669679.689,6430536.219],[5669731.089,6430553.362],[5669778.705,6430421.331],[5669819.225,6430309.335]]]}},{"type":"Feature","properties":{},"geometry":{"type":"Polygon","coordinates":[[[5668794.829,6428307.32],[5668663.85202091,6428693.5589643],[5668628.367,6428798.201],[5668563.878,6428995.087],[5668565.524,6429005.665],[5668715.533,6429058.653],[5668947.513,6429140.927],[5669075.228,6429186.223],[5669162.751,6428933.646],[5669188.941,6428859.676],[5669257.327,6428666.525],[5669282.55966941,6428591.52190115],[5669302.316,6428532.797],[5669292.921,6428528.54],[5669157.126,6428467.008],[5669121.544,6428450.885],[5668952.89,6428376.42],[5668794.829,6428307.32]]]}},{"type":"Feature","properties":{},"geometry":{"type":"Polygon","coordinates":[[[5669868.238,6428626.131],[5669771.299,6428608.66],[5669770.641,6428608.544],[5669698.7,6428595.869],[5669695.7559756,6428595.35027458],[5669662.706,6428589.527],[5669643.152,6428586.082],[5669607.575,6428581.321],[5669507.731,6428583.242],[5669445.89,6428585.395],[5669297.784,6428590.588],[5669219.813,6428811.459],[5669171.119,6428950.829],[5669170.822,6428951.68],[5669087.315,6429191.244],[5669165.981,6429217.933],[5669271.176,6429254.301],[5669435.64483112,6429311.30164039],[5669437.002,6429311.772],[5669597.605,6429369.666],[5669663.545,6429187.685],[5669717.307,6429043.353],[5669719.215,6429038.095],[5669761.794,6428920.717],[5669771.885,6428892.901],[5669847.913,6428686.188],[5669868.238,6428626.131]]]}},{"type":"Feature","properties":{},"geometry":{"type":"Polygon","coordinates":[[[5669085.221,6429206.125],[5669052.527,6429294.209],[5668994.433,6429462.316],[5668912.236,6429695.781],[5669060.745,6429749.059],[5669168.969,6429786.653],[5669183.01003681,6429791.5183592],[5669188.066,6429793.27],[5669202.069,6429798.122],[5669329.594,6429842.307],[5669413.814,6429872.652],[5669422.334,6429853.084],[5669471.627,6429716.28],[5669532.156,6429550.506],[5669583.501,6429412.125],[5669592.771,6429381.568],[5669454.656,6429333.029],[5669448.721,6429330.956],[5669193.32,6429241.763],[5669085.221,6429206.125]]]}},{"type":"Feature","properties":{},"geometry":{"type":"Polygon","coordinates":[[[5669361.09197114,6430025.60553736],[5669409.25228999,6429881.26194517],[5669309.714,6429846.693],[5669296.4,6429841.944],[5669290.357,6429839.788],[5669250.825,6429825.686],[5669210.431,6429811.751],[5669205.719,6429810.126],[5669128.496,6429783.486],[5669084.34705284,6429767.89650082],[5668907.941,6429706.42],[5668852.60251299,6429864.53050443],[5668820.351,6429956.678],[5668819.916,6429957.86],[5668805.241,6429997.753],[5668762.659,6430117.196],[5668733.95505656,6430197.71236145],[5668987.02389284,6430285.07169677],[5669244.82805744,6430374.06566693],[5669325.20811162,6430133.15476686],[5669361.09197114,6430025.60553736]]]}},{"type":"Feature","properties":{},"geometry":{"type":"Polygon","coordinates":[[[5668949.048,6430844.163],[5668961.86,6430848.774],[5669035.275,6430875.198],[5669052.008,6430881.22],[5669055.811,6430870.273],[5669075.33535701,6430817.47343243],[5669125.591,6430681.632],[5669133.747,6430655.211],[5669157.85478855,6430589.66563333],[5669183.18631274,6430520.79311501],[5669219.645,6430416.83],[5669226.062,6430396.458],[5669227.881,6430391.612],[5669228.494,6430390.515],[5669227.801,6430390.049],[5669188.152,6430376.39],[5669053.108,6430330.036],[5669049.067,6430328.616],[5668980.445,6430304.495],[5668973.23,6430301.959],[5668972.383,6430301.661],[5668971.215,6430301.263],[5668912.379,6430280.488],[5668791.298,6430237.69],[5668727.658,6430215.376],[5668675.964,6430360.379],[5668670.149,6430377.043],[5668645.85521352,6430446.65667616],[5668580.228,6430634.711],[5668556.941,6430701.44],[5668700.893,6430757.438],[5668817.591,6430797.326],[5668822.86373114,6430799.27086757],[5668949.048,6430844.163]]]}},{"type":"Feature","properties":{},"geometry":{"type":"Polygon","coordinates":[[[5669055.94200104,6430983.70670917],[5668902.91780451,6431394.61959475],[5669006.437,6431432.293],[5669097.04954618,6431465.61869926],[5669178.014,6431495.396],[5669495.885,6431612.089],[5669506.761,6431614.99],[5669533.512,6431540.545],[5669595.021,6431370.187],[5669628.075,6431281.479],[5669645.801,6431234.161],[5669655.022,6431211.925],[5669501.532,6431155.789],[5669396.116,6431116.109],[5669055.94200104,6430983.70670917]]]}},{"type":"Feature","properties":{},"geometry":{"type":"Polygon","coordinates":[[[5669140.064,6430916.838],[5669212.242,6430943.425],[5669227.887,6430949.188],[5669238.008,6430952.973],[5669245.489,6430955.724],[5669288.74745219,6430971.62844179],[5669352.74,6430995.156],[5669396.264,6431011.158],[5669497.5698514,6431047.67934619],[5669500.892,6431048.877],[5669514.864,6431053.914],[5669544.379,6431065.255],[5669547.215,6431066.017],[5669603.307,6430913.104],[5669630.65418422,6430838.34305677],[5669641.33145491,6430809.15384219],[5669652.186,6430779.48],[5669654.081,6430774.299],[5669666.282,6430740.233],[5669711.794,6430613.164],[5669723.67709381,6430578.25667094],[5669724.04257526,6430577.18304638],[5669726.133,6430568.535],[5669665.136,6430545.657],[5669433.068,6430462.175],[5669237.579,6430396.317],[5669206.749,6430494.333],[5669151.58040117,6430655.50013107],[5669134.55,6430705.252],[5669070.873,6430891.165],[5669140.064,6430916.838]]]}},{"type":"Feature","properties":{},"geometry":{"type":"Polygon","coordinates":[[[5668625.575,6432125.172],[5668594.145,6432211.648],[5668524.71398496,6432417.91782245],[5668616.033,6432449.297],[5668693.59119751,6432474.8917061],[5668715.125,6432481.998],[5668803.114,6432511.716],[5668889.377,6432538.759],[5669013.321,6432581.459],[5669196.83134336,6432103.34096748],[5669072.129,6432057.814],[5669064.022,6432054.711],[5669054.332,6432051.003],[5668885.62627491,6431989.31030411],[5668804.834,6431959.766],[5668698.889,6431921.899],[5668679.86,6431974.388],[5668670.161,6432001.142],[5668668.065,6432006.924],[5668667.243,6432009.192],[5668640.31,6432084.853],[5668625.575,6432125.172]]]}},{"type":"Feature","properties":{},"geometry":{"type":"Polygon","coordinates":[[[5669445.235,6432191.628],[5669431.692,6432186.868],[5669233.95290358,6432116.5641147],[5669050.55591755,6432596.58843944],[5669276.44976163,6432677.49399016],[5669366.494,6432709.744],[5669523.393,6432765.625],[5669525.34,6432760.174],[5669599.427,6432548.587],[5669634.315,6432449.111],[5669664.843,6432362.067],[5669673.341,6432337.836],[5669693.845,6432279.982],[5669591.653,6432243.084],[5669445.235,6432191.628]]]}},{"type":"Feature","properties":{},"geometry":{"type":"Polygon","coordinates":[[[5668799.85358988,6431639.57257897],[5668780.814,6431691.091],[5668730.305,6431828.497],[5668721.861,6431854.382],[5668703.889,6431909.473],[5668756.053,6431928.692],[5668802.348,6431945.347],[5668853.475,6431963.74],[5668854.543,6431964.124],[5668903.37194595,6431981.60121556],[5669059.149,6432037.358],[5669189.033,6432085.527],[5669190.313,6432082.023],[5669278.151,6431837.324],[5669355.719,6431625.328],[5669370.15077715,6431581.46290616],[5669305.692,6431558.29],[5669270.903,6431544.95],[5669265.601,6431542.917],[5669241.701,6431534.545],[5669128.236,6431492.295],[5669091.81613936,6431479.56118107],[5669027.149,6431456.951],[5668914.402,6431416.649],[5668908.268,6431414.457],[5668885.096,6431406.174],[5668870.558,6431446.439],[5668830.936,6431555.468],[5668799.85358988,6431639.57257897]]]}},{"type":"Feature","properties":{},"geometry":{"type":"Polygon","coordinates":[[[5669638.41263204,6431678.95308157],[5669531.434,6431640.045],[5669391.3119631,6431589.08343961],[5669316.89330401,6431782.91899069],[5669199.30595427,6432089.19444651],[5669357.193,6432145.353],[5669566.419,6432219.23],[5669673.785,6432256.713],[5669700.357,6432266.563],[5669752.674,6432117.758],[5669806.878,6431964.886],[5669827.19,6431907.6],[5669829.766,6431900.334],[5669878.247,6431767.836],[5669849.424,6431757.154],[5669811.306,6431743.026],[5669730.194,6431712.358],[5669728.506,6431711.72],[5669638.41263204,6431678.95308157]]]}},{"type":"Feature","properties":{},"geometry":{"type":"Polygon","coordinates":[[[5669782.21114243,6431155.02678678],[5669811.92,6431165.822],[5669825.829,6431170.876],[5669838.95,6431175.644],[5669845.738,6431178.111],[5669851.148,6431180.077],[5669877.2609035,6431189.56551193],[5669888.90894659,6431193.79800165],[5669908.743,6431201.005],[5669921.599,6431205.827],[5669922.866,6431206.302],[5669927.424,6431208.012],[5670042.959,6431251.345],[5670061.519,6431257.88],[5670132.31,6431061.046],[5670160.962,6430978.969],[5670189.229,6430897.996],[5670202.3,6430861.343],[5670242.638,6430748.227],[5670217.185,6430739.276],[5670177.31,6430725.253],[5670082.258,6430691.825],[5670046.006,6430679.025],[5669965.56383079,6430650.62266455],[5669849.95,6430609.802],[5669739.872,6430571.367],[5669708.253,6430662.385],[5669699.67389336,6430686.67830195],[5669648.492,6430831.602],[5669636.694,6430864.4],[5669613.622,6430928.534],[5669585.566,6431006.526],[5669576.45,6431032.625],[5669563.994,6431071.852],[5669575.687,6431077.327],[5669728.613,6431135.551],[5669782.21114243,6431155.02678678]]]}},{"type":"Feature","properties":{},"geometry":{"type":"Polygon","coordinates":[[[5669822.197,6431729.907],[5669883.192,6431752.361],[5669896.977,6431713.829],[5669947.228,6431576.073],[5670026.972,6431351.661],[5669938.51638557,6431318.58277345],[5669937.172,6431318.08],[5669848.877,6431285.303],[5669798.06883356,6431265.90974101],[5669777.768,6431258.161],[5669765.179,6431253.355],[5669693.607,6431226.036],[5669669.20333837,6431217.11128653],[5669601.50981008,6431403.85184217],[5669522.81204641,6431620.94887474],[5669615.048,6431655.238],[5669627.372,6431659.82],[5669661.754,6431672.189],[5669807.788,6431724.723],[5669822.197,6431729.907]]]}},{"type":"Feature","properties":{},"geometry":{"type":"Polygon","coordinates":[[[5669678.844,6433966.928],[5669511.019,6434442.735],[5670009.042,6434623.642],[5670182.778,6434141.128],[5669678.844,6433966.928]]]}},{"type":"Feature","properties":{},"geometry":{"type":"Polygon","coordinates":[[[5669530.60976248,6432787.97277435],[5669495.4,6432886.417],[5669464.066,6432974.976],[5669444.815,6433028.026],[5669355.217,6433276.449],[5669468.613,6433319.955],[5669551.889,6433352.074],[5669619.866,6433379.695],[5669732.975,6433423.995],[5669828.768,6433460.506],[5669840.07,6433464.714],[5669868.09,6433386.753],[5669921.749,6433234.586],[5669992.163,6433034.238],[5670019.54694105,6432956.85946884],[5669530.60976248,6432787.97277435]]]}},{"type":"Feature","properties":{},"geometry":{"type":"Polygon","coordinates":[[[5669351.119,6433290.995],[5669338.32,6433325.733],[5669286.749,6433472.115],[5669279.786,6433491.658],[5669277.157,6433499.037],[5669274.121,6433507.447],[5669239.031,6433604.632],[5669202.17,6433708.759],[5669184.29627284,6433769.50822506],[5669240.732,6433790.248],[5669425.56375417,6433857.73620325],[5669429.559,6433859.195],[5669531.26,6433897.453],[5669666.501,6433947.566],[5669671.082,6433945.886],[5669698.699,6433867.647],[5669703.355,6433854.456],[5669712.985,6433827.175],[5669748.499,6433730.758],[5669754.0631862,6433713.13634687],[5669759.219,6433696.808],[5669836.18971157,6433475.85017277],[5669582.223,6433380.976],[5669578.663,6433378.408],[5669530.396,6433360.468],[5669481.472,6433342.193],[5669458.434,6433333.588],[5669351.119,6433290.995]]]}},{"type":"Feature","properties":{},"geometry":{"type":"Polygon","coordinates":[[[5669248.25289058,6434352.40689324],[5669249.527,6434352.86],[5669333.373,6434382.678],[5669370.671,6434395.825],[5669467.918,6434430.103],[5669495.069,6434439.519],[5669664.782,6433961.56],[5669369.591,6433851.646],[5669300.09458806,6433825.58522311],[5669176.67,6433780.58],[5669154.63373244,6433841.78527417],[5669143.16531533,6433873.63856384],[5669135.739,6433894.265],[5669119.34401512,6433939.48803139],[5669106.9748634,6433973.60642435],[5669085.25844066,6434033.50781948],[5669074.02865979,6434064.48343406],[5669072.98,6434067.376],[5669050.64875951,6434129.22496887],[5669039.53838165,6434159.99645307],[5669001.56,6434265.182],[5669088.314,6434295.48],[5669115.47092218,6434305.15023369],[5669137.507,6434312.997],[5669191.691,6434332.292],[5669248.25289058,6434352.40689324]]]}},{"type":"Feature","properties":{},"geometry":{"type":"Polygon","coordinates":[[[5668851.86121615,6433081.2504107],[5669103.59419821,6433178.871069],[5669342.2407531,6433271.41688321],[5669430.28565673,6433025.29568885],[5669433.479,6433016.369],[5669451.084,6432967.468],[5669477.307,6432894.628],[5669516.97813403,6432783.5813632],[5669283.67943795,6432699.25205646],[5669029.72073255,6432612.77904895],[5668942.01583159,6432843.788528886],[5668851.86121615,6433081.2504107]]]}},{"type":"Feature","properties":{},"geometry":{"type":"Polygon","coordinates":[[[5669142.938,6433752.888],[5669166.2558377,6433760.3995278],[5669172.679,6433747.215],[5669198.988,6433673.508],[5669266.005,6433484.154],[5669278.933,6433447.629],[5669279.376,6433446.376],[5669325.616,6433317.686],[5669332.14,6433299.528],[5669336.932,6433286.257],[5669098.47683014,6433192.61987534],[5669091.609,6433189.923],[5668939.662,6433130.256],[5668845.532,6433095.885],[5668832.655,6433130.465],[5668778.121,6433284.925],[5668758.784,6433339.695],[5668758.34,6433340.942],[5668710.575,6433475.111],[5668671.945,6433584.114],[5668708.426,6433597.414],[5668990.5,6433697.849],[5669142.938,6433752.888]]]}},{"type":"Feature","properties":{},"geometry":{"type":"Polygon","coordinates":[[[5674268.84756908,6435119.94290525],[5674267.071,6435123.573],[5674266.167,6435126.02],[5674264.858,6435129.886],[5674262.863,6435135.555],[5674260.682,6435141.999],[5674258.419,6435149.134],[5674257.402,6435155.732],[5674256.466,6435161.64],[5674255.198,6435166.059],[5674253.926,6435169.818],[5674252.654,6435173.576],[5674251.454,6435177.121],[5674250.323,6435180.688],[5674248.996,6435184.608],[5674247.883,6435189.019],[5674247.347,6435194.643],[5674247.443,6435202.217],[5674248.872,6435210.122],[5674251.855,6435217.476],[5674255.179,6435224.048],[5674257.898,6435229.936],[5674259.962,6435235.064],[5674260.867,6435239.799],[5674260.986,6435244.388],[5674260.773,6435250.181],[5674260.642,6435257.978],[5674260.257,6435266.526],[5674259.744,6435274.552],[5674259.259,6435282.048],[5674258.46,6435289.798],[5674257.924,6435297.218],[5674258.148,6435303.518],[5674258.444,6435308.706],[5674258.936,6435313.54],[5674259.327,6435317.324],[5674259.25,6435320.47],[5674258.901,6435323.524],[5674258.628,6435326.125],[5674258.101,6435328.58],[5674257.72,6435331.503],[5674256.997,6435335.209],[5674255.98,6435339.114],[5674254.916,6435343.602],[5674253.231,6435350.154],[5674251.191,6435357.304],[5674249.619,6435363.295],[5674248.54570133,6435367.18281498],[5674248.274,6435368.167],[5674247.397,6435372.778],[5674247.202,6435377.62],[5674248.121,6435383.437],[5674249.663,6435388.987],[5674250.409,6435393.967],[5674250.85,6435398.725],[5674250.996,6435402.785],[5674250.692,6435406.153],[5674250.02,6435409.038],[5674249.211,6435411.876],[5674248.416,6435414.899],[5674247.757,6435417.968],[5674247.376,6435420.891],[5674246.754,6435424.75],[5674245.895,6435429.308],[5674244.605,6435434.018],[5674243.369,6435439.465],[5674242.006,6435445.288],[5674240.884,6435451.073],[5674239.98,6435457.112],[5674238.817,6435463.242],[5674237.681,6435468.843],[5674236.768,6435474.459],[5674235.969,6435479.515],[5674234.906,6435484.901],[5674233.997,6435490.279],[5674233.057,6435495.527],[5674232.58,6435500.752],[5674232.904,6435506.308],[5674233.864,6435511.781],[5674235.242,6435518.711],[5674236.984,6435526.363],[5674238.462,6435533.447],[5674240.036,6435539.127],[5674241.5,6435543.333],[5674242.687,6435545.89],[5674245.556,6435549.315],[5674249.561,6435551.628],[5674252.338,6435552.628],[5674255.08,6435553.735],[5674259.494,6435555.289],[5674263.117,6435556.935],[5674268.658,6435559.648],[5674274.282,6435562.569],[5674278.432,6435564.453],[5674281.228,6435565.399],[5674286.242,6435566.977],[5674289.334,6435567.724],[5674291.916,6435568.179],[5674295.075,6435568.051],[5674299.302,6435567.687],[5674303.253,6435567.467],[5674306.594,6435566.803],[5674308.88,6435565.661],[5674312.362,6435565.703],[5674315.23,6435565.537],[5674316.539,6435561.67],[5674316.798,6435557.987],[5674316.525,6435555.201],[5674320.698,6435555.896],[5674324.971,6435557.641],[5674327.099,6435560.337],[5674329.386,6435564.582],[5674331.177,6435566.924],[5674334.019,6435569.981],[5674336.537,6435572.868],[5674338.788,6435575.426],[5674342.866,6435578.422],[5674346.03,6435579.852],[5674349.703,6435581.574],[5674353.113,6435583.626],[5674356.359,6435586.161],[5674359.523,6435588.489],[5674362.41,6435590.962],[5674364.905,6435593.244],[5674367.601,6435595.832],[5674369.766,6435598.42],[5674372.321,6435602.098],[5674374.226,6435604.778],[5674377.158,6435608.463],[5674380.032,6435613.446],[5674384.046,6435618.875],[5674388.715,6435624.166],[5674390.512,6435628.066],[5674391.18,6435630.806],[5674391.208,6435635.663],[5674391.09,6435638.257],[5674390.75,6435640.835],[5674390.191,6435644.057],[5674389.191,6435647.909],[5674388.219,6435652.128],[5674386.865,6435656.578],[5674385.702,6435660.014],[5674384.72099819,6435662.91331085],[5674383.848,6435665.492],[5674382.812,6435668.553],[5674381.757,6435671.667],[5674381.1933123,6435673.3324633],[5674380.612,6435675.05],[5674379.285,6435678.97],[5674377.577,6435684.018],[5674376.305,6435687.777],[5674374.819,6435691.942],[5674373.346,6435696.292],[5674371.647,6435700.864],[5674369.875,6435705.651],[5674367.821,6435710.821],[5674365.585,6435717.426],[5674363.086,6435724.36],[5674360.386,6435730.988],[5674357.61,6435736.273],[5674355.324,6435740.107],[5674353.492,6435742.6],[5674349.274,6435746.08],[5674345.81,6435747.78],[5674341.788,6435750.01],[5674338.429,6435752.524],[5674335.606,6435754.8],[5674333.024,6435757.039],[5674330.12,6435759.108],[5674326.911,6435760.955],[5674322.461,6435763.997],[5674317.193,6435767.66],[5674311.643,6435770.809],[5674306.97,6435772.938],[5674302.793,6435774.278],[5674299.52,6435774.965],[5674294.401,6435776.166],[5674291.447,6435776.363],[5674287.887,6435776.774],[5674284.01,6435777.676],[5674280.301,6435778.755],[5674276.696,6435779.749],[5674273.596,6435780.375],[5674270.473,6435780.396],[5674267.564,6435780.009],[5674263.873,6435780.137],[5674260.186,6435780.924],[5674257.377,6435781.589],[5674254.322,6435782.53],[5674250.454,6435783.854],[5674247.208,6435784.91],[5674244.881,6435786.397],[5674241.877,6435788.313],[5674238.231,6435790.55],[5674233.863,6435792.902],[5674228.872,6435795.522],[5674223.8,6435798.832],[5674219.123,6435802.995],[5674215.346,6435806.744],[5674211.709,6435810.302],[5674207.637,6435813.352],[5674203.323,6435815.543],[5674198.41,6435818.608],[5674193.319,6435821.972],[5674189.651,6435825.399],[5674187.797,6435829.081],[5674186.542,6435832.786],[5674185.42879265,6435836.07714219],[5674184.107,6435839.982],[5674182.698,6435843.694],[5674181.698,6435846.648],[5674180.753,6435849.44],[5674179.404,6435853.652],[5674178.586,6435856.068],[5674177.527,6435859.421],[5674176.264,6435863.602],[5674174.878,6435867.921],[5674173.765,6435872.332],[5674173.047,6435876.698],[5674172.225,6435880.25],[5674171.498,6435883.295],[5674170.475,6435886.541],[5674169.739,6435889.164],[5674168.962,6435892.133],[5674168.358,6435895.041],[5674167.622,6435897.665],[5674166.618,6435900.856],[5674165.914,6435903.61],[5674165.119,6435908.429],[5674164.397,6435912.134],[5674163.665,6435916.316],[5674162.507,6435920.412],[5674161.843,6435924.617],[5674161.48,6435928.384],[5674160.694,6435931.829],[5674159.872,6435934.483],[5674159.036,6435936.953],[5674157.977,6435940.306],[5674156.555,6435944.732],[5674155.173,6435948.813],[5674153.596,6435953.247],[5674152.052,6435957.812],[5674150.184,6435963.105],[5674147.994,6435969.127],[5674145.444,6435975.985],[5674142.595,6435982.382],[5674138.441,6435987.919],[5674132.518,6435993.515],[5674126.346,6435999.625],[5674120.456,6436006.25],[5674115.074,6436013.167],[5674109.416,6436019.332],[5674103.993,6436023.9],[5674098.748,6436027.272],[5674094.207,6436030.583],[5674089.289,6436033.886],[5674083.694,6436037.618],[5674077.771,6436042.317],[5674072.48,6436046.272],[5674068.253,6436048.432],[5674064.926,6436050.179],[5674061.948,6436051.565],[5674059.326,6436052.353],[5674055.13,6436053.746],[5674052.407,6436055.278],[5674048.607,6436057.523],[5674044.735,6436059.983],[5674041.244,6436062.213],[5674038.235,6436064.366],[5674035.39,6436066.935],[5674032.581,6436069.395],[5674029.712,6436071.357],[5674027.135,6436073.358],[5674025.113,6436075.067],[5674023.14,6436076.853],[5674020.781,6436079.107],[5674017.69,6436081.952],[5674013.84,6436085.018],[5674010.83906277,6436087.40673001],[5674010.095,6436087.999],[5674006.591,6436091.841],[5674004.309,6436095.438],[5674002.951,6436098.329],[5674001.665,6436101.904],[5673999.938,6436106.108],[5673998.252,6436109.966],[5673996.498,6436113.801],[5673994.743,6436117.636],[5673993.507,6436121.288],[5673992.63,6436124.103],[5673991.522,6436127.379],[5673990.104,6436131.568],[5673988.441,6436136.93],[5673986.614,6436142.776],[5673985.106,6436149.028],[5673984.647,6436155.098],[5673985.548,6436160.969],[5673987.004,6436166.549],[5673988.691,6436170.771],[5673990,6436173.189],[5673992.687,6436177.151],[5673994.356,6436179.631],[5673996.42,6436182.065],[5673998.598,6436183.94],[5674002.457,6436186.682],[5674004.694,6436188.158],[5674008.526,6436191.43],[5674010.65,6436193.465],[5674012.818,6436195.815],[5674015.578,6436198.665],[5674019.228,6436202.474],[5674023.343,6436207.159],[5674026.662,6436211.275],[5674029.553,6436214.408],[5674031.567,6436216.766],[5674034.3,6436218.349],[5674038.5,6436220.309],[5674041.032,6436221.585],[5674043.565,6436222.861],[5674046.31,6436224.629],[5674049.497,6436226.665],[5674052.684,6436228.701],[5674055.553,6436230.331],[5674057.98,6436231.691],[5674060.267,6436233.243],[5674064.131,6436236.646],[5674066.491,6436238.881],[5674068.614,6436240.916],[5674070.869,6436243.236],[5674073.028,6436246.061],[5674075.12,6436248.864],[5674076.993,6436251.413],[5674079.88,6436254.785],[5674082.171,6436256.099],[5674086.195,6436258.358],[5674091.027,6436261.371],[5674094.823,6436263.853],[5674097.701,6436265.904],[5674101.22,6436268.532],[5674105.438,6436271.336],[5674108.83,6436273.442],[5674112.548,6436275.478],[5674116.44,6436277.454],[5674120.308,6436278.823],[5674124.309,6436280.477],[5674129.591,6436283.282],[5674136.424,6436286.672],[5674143.411,6436289.157],[5674149.912,6436291.058],[5674153.167,6436291.322],[5674155.094,6436289.221],[5674156.944,6436286.675],[5674159.084,6436284.168],[5674161.262,6436281.553],[5674164.88,6436282.538],[5674167.871,6436284.927],[5674171.386,6436286.895],[5674175.322,6436288.287],[5674180.368,6436289.995],[5674183.128,6436290.151],[5674185.746,6436288.703],[5674188.064,6436287.692],[5674191.041,6436287.204],[5674194.069,6436287.69],[5674197.506,6436288.314],[5674201.692,6436289.193],[5674205.775,6436290.156],[5674209.066,6436290.312],[5674211.911,6436290.437],[5674215.448,6436290.318],[5674219.089,6436290.114],[5674223.176,6436289.941],[5674227.644,6436289.538],[5674232.203,6436288.867],[5674236.222,6436288.671],[5674239.949,6436288.436],[5674243.831,6436288.194],[5674248.309,6436288.213],[5674253.359,6436287.888],[5674258.96,6436287.509],[5674262.192,6436287.167],[5674264.842,6436286.747],[5674269.387,6436285.892],[5674273.001,6436285.319],[5674276.901,6436285.023],[5674280.674,6436285.104],[5674285.157,6436285.783],[5674288.42,6436286.469],[5674291.707,6436286.863],[5674294.88,6436286.919],[5674298.635,6436287.053],[5674303.344,6436287.51],[5674308.022,6436287.836],[5674311.727,6436287.893],[5674314.836,6436287.689],[5674318.009,6436287.745],[5674321.25,6436287.825],[5674324.678,6436288.028],[5674327.641,6436288.253],[5674331.965,6436289.177],[5674336.874,6436290.839],[5674339.329,6436291.67],[5674342.125,6436292.616],[5674346.08,6436293.955],[5674352.067,6436295.802],[5674359.286,6436297.827],[5674366.505,6436299.851],[5674373.205,6436301.162],[5674379.006,6436301.988],[5674381.888,6436302.006],[5674385.856,6436301.733],[5674388.661,6436301.306],[5674392.084,6436300.848],[5674396.384,6436300.269],[5674401.452,6436299.89],[5674405.889,6436299.356],[5674410.516,6436298.708],[5674415.408,6436298.628],[5674419.412,6436299.146],[5674422.217,6436300.514],[5674425.331,6436300.97],[5674431.268,6436301.842],[5674438.678,6436301.956],[5674443.41,6436301.223],[5674446.483,6436300.229],[5674450.296,6436299.066],[5674455.201,6436298.272],[5674458.024,6436297.791],[5674462.015,6436297.227],[5674465.233,6436296.7],[5674468.17,6436296.557],[5674471.206,6436296.567],[5674474.811,6436296.47],[5674479.157,6436296.206],[5674483.58,6436295.488],[5674488.012,6436295.193],[5674493.176,6436295.205],[5674498.922,6436295.295],[5674504.204,6436295.407],[5674508.95,6436294.858],[5674514.109,6436294.211],[5674520.214,6436293.464],[5674525.678,6436293.039],[5674529.792,6436293.235],[5674533.169,6436293.36],[5674535.715,6436293.025],[5674539.474,6436292.023],[5674542.133,6436291.128],[5674544.979,6436290.355],[5674548.524,6436289.76],[5674551.915,6436289.172],[5674555.475,6436288.761],[5674558.834,6436288.042],[5674561.466,6436287.676],[5674565.211,6436287.388],[5674569.516,6436286.571],[5674573.18,6436285.177],[5674576.075,6436283.584],[5674579.348,6436281.1],[5674583.225,6436279.301],[5674585.63,6436278.259],[5674590.021,6436275.616],[5674593.202,6436273.401],[5674595.925,6436271.868],[5674600.302,6436269.938],[5674602.239,6436268.26],[5674604.961,6436265.83],[5674606.829,6436264.128],[5674609.307,6436261.974],[5674611.461,6436259.65],[5674613.393,6436257.312],[5674615.538,6436255.464],[5674617.979,6436253.417],[5674620.924,6436250.105],[5674623.456,6436246.892],[5674624.987,6436243.939],[5674626.305,6436240.495],[5674627.423,6436237.641],[5674628.959,6436233.553],[5674630.013,6436230.438],[5674631.758,6436225.283],[5674633.407,6436220.634],[5674634.316,6436217.949],[5674636.311,6436214.076],[5674637.711,6436211.737],[5674639.57,6436208.715],[5674642.015,6436204.635],[5674645.151,6436200.31],[5674647.946,6436195.869],[5674649.623,6436192.486],[5674650.773,6436189.763],[5674651.945,6436186.749],[5674652.986,6436184.348],[5674654.058,6436182.077],[5674655.708,6436178.326],[5674658.021,6436173.962],[5674660.207,6436169.974],[5674662.052,6436166.768],[5674663.998,6436163.716],[5674667.002,6436160.902],[5674669.797,6436157.359],[5674671.892,6436153.639],[5674673.787,6436149.612],[5674675.505,6436145.885],[5674676.918,6436141.934],[5674678.409,6436137.531],[5674679.936,6436133.02],[5674681.462,6436128.509],[5674683.189,6436123.408],[5674684.916,6436118.306],[5674685.988,6436115.138],[5674688.006,6436110.075],[5674689.26,6436107.268],[5674690.419,6436104.967],[5674691.951,6436102.014],[5674694.005,6436098.639],[5674696.573,6436096.217],[5674699.305,6436094.209],[5674701.927,6436092.523],[5674704.818,6436091.167],[5674707.141,6436089.918],[5674710.727,6436086.284],[5674712.891,6436083.485],[5674715.345,6436080.725],[5674717.813,6436078.149],[5674719.708,6436075.918],[5674721.749,6436073.257],[5674723.571,6436070.342],[5674725.726,6436065.326],[5674727.339,6436060.784],[5674729.206,6436055.491],[5674731.392,6436049.707],[5674733.432,6436044.353],[5674734.914,6436040.425],[5674736.077,6436036.989],[5674737.554,6436033.299],[5674739.113,6436028.919],[5674740.853,6436024.001],[5674742.593,6436019.084],[5674744.37,6436014.06],[5674745.765,6436010.163],[5674747.133,6436006.795],[5674748.61,6436004.003],[5674749.819,6436001.779],[5674751.223,6435999.202],[5674752.95,6435995.896],[5674754.045,6435993.334],[5674755.009,6435990.488],[5674756.258,6435987.021],[5674757.435,6435983.768],[5674759.458,6435978.467],[5674761.157,6435973.896],[5674762.448,6435970.981],[5674764.238,6435967.936],[5674766.015,6435965.605],[5674768.943,6435962.346],[5674770.842,6435959.877],[5674773.578,6435955.835],[5674777.414,6435950.789],[5674781.028,6435945.728],[5674784.604,6435940.774],[5674788.327,6435936.288],[5674790.995,6435933.121],[5674792.195,6435930.475],[5674793.867,6435925.535],[5674794.975,6435922.259],[5674796.23,6435918.554],[5674797.847,6435913.775],[5674799.61,6435908.566],[5674801.01,6435904.431],[5674801.919,6435901.746],[5674803.337,6435897.558],[5674805.027,6435892.564],[5674806.117,6435889.342],[5674807.19,6435886.173],[5674808.212,6435883.826],[5674809.526,6435881.518],[5674811.421,6435878.388],[5674813.916,6435875.283],[5674816.93,6435871.994],[5674819.407,6435868.942],[5674820.806,6435866.602],[5674821.806,6435863.649],[5674822.66,6435861.125],[5674823.842,6435857.635],[5674824.932,6435854.413],[5674826.168,6435850.761],[5674827.713,6435846.197],[5674829.381,6435841.494],[5674831.24,6435837.575],[5674833.69,6435834.155],[5674836.167,6435831.103],[5674838.698,6435828.787],[5674842.639,6435826.351],[5674846.73,6435824.144],[5674849.385,6435822.589],[5674852.125,6435820.105],[5674853.58,6435817.605],[5674854.761,6435814.114],[5674855.67,6435811.429],[5674856.488,6435809.013],[5674857.306,6435806.597],[5674858.269,6435803.751],[5674859.269,6435800.797],[5674860.359,6435797.575],[5674861.686,6435793.655],[5674863.263,6435789.221],[5674864.772,6435784.764],[5674866.044,6435781.005],[5674867.116,6435777.837],[5674868.78,6435774.27],[5674871.393,6435770.367],[5674875.134,6435766.725],[5674878.956,6435763.291],[5674882.215,6435759.725],[5674884.456,6435757.371],[5674887.924,6435753.638],[5674890.746,6435749.565],[5674891.823,6435747.057],[5674892.95,6435743.728],[5674894.241,6435739.915],[5674895.622,6435735.834],[5674896.785,6435732.397],[5674897.917,6435729.728],[5674900.03,6435726.852],[5674902.171,6435723.447],[5674903.507,6435720.847],[5674905.011,6435718.423],[5674907.193,6435716.468],[5674910.407,6435714.384],[5674912.52,6435712.406],[5674914.47,6435709.116],[5674915.715,6435705.886],[5674917.115,6435701.752],[5674918.623,6435697.294],[5674920.227,6435692.331],[5674921.613,6435688.012],[5674922.563,6435684.084],[5674923.467,6435680.739],[5674924.189,6435677.931],[5674924.739,6435675.185],[5674925.67,6435671.31],[5674925.715,6435665.34],[5674925.882,6435659.232],[5674928.29489309,6435642.28316278],[5674268.84756908,6435119.94290525]]]}},{"type":"Feature","properties":{},"geometry":{"type":"Polygon","coordinates":[[[5676736.033,6432473.423],[5676726.644,6432469.335],[5676723.807,6432467.59],[5676711.365,6432459.807],[5676710.57,6432459.064],[5676708.03,6432457.932],[5676704.882,6432456.716],[5676702.422,6432455.356],[5676699.466,6432453.953],[5676696.58335065,6432452.71943384],[5676693.822,6432451.11],[5676691.291,6432449.216],[5676689.18,6432447.212],[5676686.351,6432444.705],[5676683.098,6432442.689],[5676680.712,6432441.482],[5676678.098,6432440.196],[5676675.711,6432438.989],[5676671.618,6432437.192],[5676667.979,6432435.552],[5676664.38,6432433.798],[5676661.731,6432432.246],[5676658.478,6432430.229],[5676656.098964199,6432428.527717784],[5676653.223,6432426.629],[5676650.797,6432425.536],[5676646.59,6432423.699],[5676642.606,6432422.322],[5676639.423,6432420.84],[5676636.012,6432419.279],[5676632.609,6432416.956],[5676630.114,6432415.329],[5676626.742,6432413.654],[5676623.218,6432412.053],[5676361.525598505,6432757.395044802],[5676544.670690388,6432900.282304867],[5676550.060239528,6432878.839811907],[5676551.043239528,6432875.993811907],[5676551.948239528,6432873.375811907],[5676553.623239528,6432870.004811907],[5676555.333239528,6432866.899811908],[5676556.969239528,6432863.642811907],[5676558.451239528,6432860.459811907],[5676560.091239528,6432856.820811908],[5676561.259239528,6432854.548811908],[5676562.776239528,6432851.632811908],[5676564.871239528,6432848.150811908],[5676567.085239528,6432844.328811907],[5676568.908239528,6432841.263811908],[5676570.387239528,6432838.461811908],[5676572.989239528,6432833.8818119075],[5676575.167239528,6432829.791811908],[5676576.536239528,6432826.569811908],[5676577.782239528,6432824.068811907],[5676579.807239528,6432820.053811908],[5676581.718239528,6432815.999811907],[5676583.240239528,6432812.702811908],[5676585.374239528,6432809.107811907],[5676587.312239528,6432806.081811908],[5676588.479239528,6432803.809811908],[5676589.800239528,6432801.462811908],[5676591.278239528,6432798.660811908],[5676592.910239528,6432795.783811907],[5676594.270239528,6432793.322811907],[5676595.901239528,6432790.445811908],[5676597.108239528,6432788.059811908],[5676598.394239528,6432785.445811908],[5676599.527239528,6432782.906811908],[5676600.935239528,6432779.570811908],[5676602.535239528,6432776.045811907],[5676604.136239528,6432772.520811908],[5676605.5042395275,6432769.298811908],[5676606.606239528,6432766.111811908],[5676607.825239528,6432762.582811908],[5676609.674239528,6432757.232811907],[5676611.012239528,6432753.361811908],[5676612.074239528,6432750.288811907],[5676613.573239528,6432745.582811908],[5676615.274239528,6432739.925811907],[5676617.092239528,6432733.927811908],[5676618.556239528,6432728.954811907],[5676620.330239528,6432723.450811908],[5676621.314239528,6432720.605811908],[5676622.769239528,6432716.393811908],[5676630.056239528,6432694.572811907],[5676630.9302395275,6432691.306811907],[5676632.071239528,6432688.005811907],[5676633.173239528,6432684.818811907],[5676634.313239528,6432681.517811907],[5676635.419239528,6432677.9498119075],[5676636.022239528,6432675.099811908],[5676636.528239528,6432670.686811907],[5676637.213239528,6432667.227811907],[5676638.327239528,6432662.8988119075],[5676639.323239528,6432658.909811907],[5676640.5042395275,6432655.494811907],[5676641.338239528,6432652.342811908],[5676642.243239528,6432649.724811908],[5676643.262239528,6432647.145811908],[5676644.403239528,6432643.844811908],[5676645.465239528,6432640.771811907],[5676647.030239528,6432636.979811908],[5676648.198239528,6432634.707811908],[5676650.796239528,6432630.507811908],[5676652.895239528,6432626.645811908],[5676654.177239528,6432624.412811908],[5676655.993239528,6432622.109811908],[5676658.268239528,6432619.582811908],[5676660.582239528,6432616.941811908],[5676663.451239528,6432612.326811908],[5676664.890239528,6432609.638811908],[5676666.451239528,6432606.227811907],[5676668.279239528,6432602.781811908],[5676669.915239528,6432599.524811908],[5676671.433239528,6432596.607811907],[5676673.182239528,6432593.389811908],[5676674.892239528,6432590.285811908],[5676676.755239528,6432587.106811907],[5676678.693239528,6432584.080811908],[5676680.442239528,6432580.862811907],[5676682.113239528,6432577.871811908],[5676683.513239528,6432575.297811908],[5676684.916239528,6432572.3418119075],[5676686.320239528,6432569.386811907],[5676688.223239528,6432566.093811908],[5676690.318239528,6432562.612811907],[5676692.566239528,6432559.056811907],[5676694.622239528,6432555.689811908],[5676696.560239528,6432552.664811907],[5676697.994239528,6432550.356811907],[5676700.435239528,6432546.612811907],[5676702.373239528,6432543.586811908],[5676704.110239528,6432541.511811907],[5676706.192239528,6432539.172811908],[5676707.890239528,6432537.210811907],[5676711.198239528,6432534.276811908],[5676714.961239528,6432531.499811907],[5676717.495239528,6432529.698811907],[5676720.304239528,6432527.101811907],[5676722.614239528,6432524.8418119075],[5676725.117239528,6432522.393811908],[5676727.541239528,6432520.172811908],[5676729.816239528,6432517.646811907],[5676731.938239528,6432515.193811907],[5676733.981239528,6432512.969811908],[5676736.173239528,6432511.050811907],[5676740.058239528,6432507.551811907],[5676743.2882395275,6432504.844811908],[5676745.602239528,6432502.203811907],[5676748.262239528,6432499.300811907],[5676750.113239528,6432497.263811908],[5676751.398239528,6432494.649811908],[5676751.769239528,6432492.102811907],[5676750.700239528,6432488.928811908],[5676748.082239528,6432488.024811908],[5676744.006239528,6432488.017811907],[5676740.657239528,6432487.751811908],[5676738.109239528,6432487.3818119075],[5676735.162974336,6432484.366247291],[5676734.900760219,6432478.3413105775],[5676736.033,6432473.423]]]}},{"type":"Feature","properties":{},"geometry":{"type":"Polygon","coordinates":[[[5676376.22635063,6432373.93839576],[5676314.6468521,6432456.67665467],[5676386.34603115,6432513.11535759],[5676460.37745329,6432571.38990824],[5676593.153288613,6432400.222642853],[5676591.931,6432399.711],[5676589.01,6432398.574],[5676585.372,6432396.935],[5676582.643046808,6432395.8918986935],[5676581.882,6432395.601],[5676577.219,6432393.607],[5676573.463,6432392.309],[5676570.503,6432391.286],[5676566.519,6432389.909],[5676561.813,6432388.41],[5676557.562,6432387.068],[5676553.88,6432385.923],[5676551.148,6432384.979],[5676547.96,6432383.877],[5676544.204,6432382.579],[5676539.992,6432381.123],[5676535.553,6432379.589],[5676531.455,6432378.173],[5676527.926,6432376.953],[5676522.69,6432375.143],[5676519.73,6432374.12],[5676496.40663505,6432368.2266475],[5676478.595,6432363.726],[5676454.158,6432358.848],[5676449.894,6432358.649],[5676447.04,6432358.427],[5676442.815,6432358.114],[5676439.384,6432358.457],[5676436.596,6432359.15],[5676432.893,6432359.909],[5676429.304,6432360.708],[5676426.13,6432361.777],[5676422.152,6432363.333],[5676419.701,6432364.525],[5676416.944,6432365.866],[5676416.319072968,6432366.121611363],[5676412.047,6432367.869],[5676407.837,6432369.727],[5676405.425,6432370.805],[5676402.935,6432372.11],[5676399.754,6432373.942],[5676396.498,6432375.62],[5676393.662,6432377.188],[5676389.334,6432379.388],[5676387.071,6432380.772],[5676384.157,6432382.568],[5676381.114,6432382.154],[5676378.277,6432380.409],[5676377.733,6432377.927],[5676377.499,6432374.915],[5676376.22635063,6432373.93839576]]]}},{"type":"Feature","properties":{},"geometry":{"type":"Polygon","coordinates":[[[5676374.648688,6432530.7750968],[5676300.64747629,6432472.52432658],[5676185.889721477,6432620.366369998],[5676334.175537758,6432736.056906813],[5676449.3636045,6432589.58766665],[5676374.648688,6432530.7750968]]]}},{"type":"Feature","properties":{},"geometry":{"type":"Polygon","coordinates":[[[5676233.27911082,6432268.0472679],[5676044.212418209,6432509.831703362],[5676167.260401484,6432605.832032969],[5676354.4246711,6432365.41192418],[5676345.91,6432362.341],[5676342.499,6432360.78],[5676340.73,6432358.894],[5676338.278,6432356.772],[5676335.283,6432355.483],[5676331.719,6432353.996],[5676329.796,6432352.185],[5676328.106,6432350.071],[5676324.751,6432346.873],[5676322.636,6432345.25],[5676320.372,6432343.32],[5676318.029,6432341.619],[5676316.028,6432340.035],[5676312.634,6432336.951],[5676310.751,6432335.025],[5676308.649532081,6432333.031044414],[5676306.643,6432331.057],[5676304.414,6432329.395],[5676300.819,6432327.26],[5676298.122,6432326.583],[5676292.741,6432324.086],[5676289.469,6432320.279],[5676286.285,6432315.483],[5676283.857,6432311.076],[5676281.912,6432307.856],[5676280.449,6432305.821],[5676278.342,6432303.436],[5676276.809,6432300.867],[5676275.514567207,6432297.62143682],[5676274.022,6432294.552],[5676272.458,6432291.335],[5676269.817,6432289.021],[5676264.852,6432286.795],[5676258.819,6432284.71],[5676253.963,6432282.905],[5676248.5,6432281.016],[5676244.857,6432279.757],[5676242.199,6432278.966],[5676239.664,6432277.453],[5676238.24,6432275.304],[5676236.856,6432273.042],[5676233.624,6432269.121],[5676233.27911082,6432268.0472679]]]}},{"type":"Feature","properties":{},"geometry":{"type":"Polygon","coordinates":[[[5676099.52547685,6432148.92582777],[5676040.892043165,6432224.429319566],[5676160.351588454,6432323.326882334],[5676217.08966819,6432249.536315],[5676211.998,6432247.63],[5676209.506,6432245.622],[5676206.528,6432242.808],[5676203.515,6432239.728],[5676198.885,6432234.687],[5676197.081,6432232.535],[5676193.997,6432228.92],[5676191.628,6432226.19],[5676189.07,6432223.267],[5676186.162,6432220.988],[5676183.176,6432218.936],[5676175.123,6432213.477],[5676167.197,6432206.915],[5676164.635,6432204.373],[5676162.301,6432201.909],[5676159.949,6432200.969],[5676157.559,6432200.143],[5676149.336,6432196.282],[5676145.264,6432192.581],[5676141.536,6432188.616],[5676138.453,6432185.002],[5676135.024,6432181.651],[5676123.521,6432174.744],[5676121.1,6432173.27],[5676118.297,6432171.792],[5676115.911,6432170.585],[5676111.3,6432168.141],[5676108.543,6432166.167],[5676107.091,6432163.371],[5676106.628,6432160.662],[5676105.368,6432157.678],[5676103.991,6432155.034],[5676099.52547685,6432148.92582777]]]}},{"type":"Feature","properties":{},"geometry":{"type":"Polygon","coordinates":[[[5675805.970833735,6432185.464775425],[5675739.3685457,6432271.99674288],[5675886.50958616,6432386.79414148],[5676085.6764021,6432128.19756962],[5676084.708,6432127.206],[5676081.2,6432124.462],[5676076.426,6432122.426],[5676073.775,6432121.253],[5676070.782,6432119.962],[5676068.056,6432118.635],[5676064.46,6432116.88],[5676059.5737510985,6432115.060471992],[5676057.105,6432114.205],[5676054.642,6432113.224],[5676052.065,6432112.204],[5676049.448,6432111.298],[5676045.502,6432110.186],[5676041.288,6432109.109],[5676038.781,6432108.622],[5676033.915,6432107.956],[5676030.761,6432107.501],[5676027.374,6432107.347],[5676023.414,6432107.377],[5676019.905,6432107.945],[5676016.964,6432108.71],[5676013.643,6432109.471],[5676010.09,6432110.533],[5676006.536,6432111.596],[5676003.25,6432112.624],[5676000.345,6432113.656],[5675997.973,6432114.618],[5675993.794,6432117.12],[5675989.733,6432119.281],[5675986.096,6432120.951],[5675981.042,6432123.405],[5675978.018,6432124.778],[5675974.574,6432126.261],[5675971.174,6432127.249],[5675967.468,6432128.386],[5675963.455,6432129.672],[5675955.079,6432132.886],[5675951.981,6432134.106],[5675949.574,6432134.802],[5675944.258,6432136.91],[5675941.159,6432138.13],[5675937.947,6432139.311],[5675934.425,6432141.021],[5675931.44,6432142.28],[5675926.819,6432143.483],[5675923.03,6432141.916],[5675919.508,6432140.313],[5675916.686,6432140.737],[5675912.140508258,6432144.349956217],[5675911.728,6432144.753],[5675908.424,6432147.304],[5675903.991,6432148.698],[5675901.322,6432149.048],[5675898.39,6432149.052],[5675895.309,6432148.749],[5675892.382,6432148.372],[5675889.604,6432148.302],[5675887.013,6432148.424],[5675881.977,6432149.355],[5675879.185,6432150.426],[5675877.569242387,6432150.826605852],[5675876.398,6432151.117],[5675873.684,6432151.961],[5675870.739,6432153.107],[5675867.641,6432154.327],[5675865.003,6432155.324],[5675862.596,6432156.019],[5675856.108642283,6432159.250088907],[5675851.174,6432162.511],[5675848.562,6432164.536],[5675846.146,6432165.993],[5675843.77,6432167.336],[5675841.24,6432168.753],[5675838.479,6432170.472],[5675835.757,6432172.077],[5675833.109,6432173.836],[5675830.541,6432175.367],[5675828.768,6432177.173],[5675826.689,6432179.129],[5675824.418,6432181.272],[5675822.3,6432183.342],[5675805.970833735,6432185.464775425]]]}},{"type":"Feature","properties":{},"geometry":{"type":"Polygon","coordinates":[[[5676479.289725812,6433139.74129974],[5676507.535749532,6433052.46953701],[5676521.528211024,6433004.17387721],[5676524.072355629,6432966.045764919],[5676533.742759468,6432916.010291323],[5676350.141264471,6432772.76695188],[5676223.261,6432929.955],[5676226.088,6432932.46],[5676479.289725812,6433139.74129974]]]}},{"type":"Feature","properties":{},"geometry":{"type":"Polygon","coordinates":[[[5676062.037025595,6432792.995271253],[5676209.319791733,6432913.028343708],[5676328.331907305,6432760.8365031015],[5676181.018757525,6432640.779675906],[5676062.037025595,6432792.995271253]]]}},{"type":"Feature","properties":{},"geometry":{"type":"Polygon","coordinates":[[[5675787.6485357145,6432844.780409749],[5675908.3520572325,6432944.575255196],[5676026.7287360905,6432791.750079806],[5675906.014770305,6432691.968717987],[5675787.6485357145,6432844.780409749]]]}},{"type":"Feature","properties":{},"geometry":{"type":"Polygon","coordinates":[[[5675729.01927123,6432286.84875799],[5675617.30974611,6432430.72838026],[5675764.95995673,6432544.20178855],[5675875.00788693,6432402.07448186],[5675729.01927123,6432286.84875799]]]}},{"type":"Feature","properties":{},"geometry":{"type":"Polygon","coordinates":[[[5675486.402427852,6432599.967119428],[5675634.266860475,6432715.251204253],[5675752.4466297105,6432560.646216806],[5675604.908959645,6432445.715714454],[5675486.402427852,6432599.967119428]]]}},{"type":"Feature","properties":{},"geometry":{"type":"Polygon","coordinates":[[[5675507.66585294,6432232.76292075],[5675452.4720531935,6432304.045900422],[5675600.807356759,6432418.045822228],[5675774.46631826,6432192.92540757],[5675762.233,6432195.28],[5675758.413,6432196.377],[5675754.514,6432197.702],[5675743.771,6432201.498],[5675740.441,6432203.02],[5675737.688,6432203.978],[5675733.439,6432205.946],[5675732.779200071,6432206.175683261],[5675730.687,6432206.904],[5675728.009,6432208.015],[5675725.173,6432209.581],[5675722.381,6432210.652],[5675718.867,6432211.601],[5675715.655,6432212.782],[5675710.645,6432214.741],[5675707.586,6432215.847],[5675704.991,6432216.35],[5675701.976,6432216.962],[5675699.408,6432218.493],[5675697.373,6432219.954],[5675694.992,6432221.678],[5675693.57113539,6432222.60782679],[5675689.089,6432225.111],[5675686.406,6432226.603],[5675683.872,6432228.401],[5675681.986,6432230.168],[5675678.782,6432233.9],[5675677.159,6432236.013],[5675674.454,6432239.408],[5675671.683,6432241.889],[5675669.793,6432244.037],[5675667.709,6432246.373],[5675665.473,6432248.783],[5675658.821,6432254.378],[5675656.821,6432256.106],[5675654.475,6432258.097],[5675652.13,6432260.087],[5675649.976,6432261.89],[5675647.858,6432263.959],[5675644.248,6432266.658],[5675641.101,6432268.753],[5675637.421,6432270.918],[5675632.747,6432273.377],[5675629.951,6432274.829],[5675626.739,6432276.01],[5675623.833,6432277.042],[5675621.042,6432278.113],[5675618.328,6432278.957],[5675614.202,6432280.203],[5675610.951,6432281.498],[5675607.704,6432282.412],[5675604.877,6432283.216],[5675602.396,6432283.758],[5675598.777,6432283.906],[5675592.49,6432281.092],[5675591.948,6432278.611],[5675591.533,6432275.027],[5675587.21,6432273.53],[5675584.353,6432273.686],[5675580.423,6432274.364],[5675574.083,6432276.117],[5675567.856,6432277.91],[5675564.697,6432277.835],[5675561.98,6432275.747],[5675559.893,6432271.84],[5675557.995,6432268.124],[5675556.727,6432265.901],[5675555.117,6432263.56],[5675552.295,6432260.671],[5675549.911,6432259.463],[5675545.78,6432257.778],[5675542.377,6432255.834],[5675537.918,6432252.889],[5675533.876,6432250.214],[5675530.249,6432247.811],[5675526.884,6432245.754],[5675523.367,6432243.771],[5675519.845,6432242.169],[5675516.625,6432240.799],[5675514.126,6432239.551],[5675510.998,6432236.812],[5675507.66585294,6432232.76292075]]]}},{"type":"Feature","properties":{},"geometry":{"type":"Polygon","coordinates":[[[5675321.4142078245,6432473.367793863],[5675472.185520126,6432587.929468284],[5675590.70972308,6432435.509422697],[5675440.636371274,6432319.31171205],[5675321.4142078245,6432473.367793863]]]}},{"type":"Feature","properties":{},"geometry":{"type":"Polygon","coordinates":[[[5675108.349505969,6432020.8974764645],[5674979.31834822,6432193.74824212],[5675129.07758569,6432311.412563],[5675224.28686386,6432187.7534372],[5675212.793,6432179.642],[5675200.893,6432171.698],[5675199.165,6432169.698],[5675195.805,6432167.26],[5675193.499,6432165.825],[5675191.579,6432164.013],[5675189.518,6432161.133],[5675187.904,6432159.172],[5675185.883,6432156.179],[5675182.348,6432152.407],[5675179.046,6432148.332],[5675176.495,6432145.028],[5675174.732,6432142.761],[5675172.033,6432139.151],[5675169.448,6432135.58],[5675165.2243319,6432128.304895856],[5675163.591,6432125.27],[5675161.549,6432120.867],[5675159.2,6432116.614],[5675157.253,6432113.774],[5675155.346,6432110.82],[5675146.935,6432094.274],[5675145.413,6432090.944],[5675142.639,6432087.18],[5675132.972,6432073.894],[5675128.092,6432058.189],[5675127.016,6432055.778],[5675125.529,6432052.714],[5675124.645,6432050.115],[5675123.528429342,6432046.860211213],[5675122.437,6432043.617],[5675121.173,6432041.013],[5675119.721,6432038.217],[5675118.041,6432035.342],[5675115.981,6432032.462],[5675114.564,6432029.933],[5675112.919,6432027.324],[5675111.244,6432024.069],[5675108.349505969,6432020.8974764645]]]}},{"type":"Feature","properties":{},"geometry":{"type":"Polygon","coordinates":[[[5674848.1578497775,6432361.1962669045],[5675000.108957991,6432480.677439951],[5675119.044545636,6432328.713953327],[5674967.169606657,6432209.25811592],[5674848.1578497775,6432361.1962669045]]]}},{"type":"Feature","properties":{},"geometry":{"type":"Polygon","coordinates":[[[5675158.437,6432634.513],[5675483.40496247,6432210.40054187],[5675468.698,6432197.825],[5675466.454,6432194.372],[5675463.829,6432190.915],[5675461.611,6432188.491],[5675458.75,6432185.716],[5675455.058,6432182.399],[5675452.905,6432180.888],[5675450.867,6432179.418],[5675448.561,6432177.982],[5675440.69,6432173.854],[5675436.328,6432172.471],[5675433.593,6432171.906],[5675430.627,6432171.643],[5675427.922,6432171.725],[5675423.341,6432172.814],[5675421.415,6432174.695],[5675419.17,6432177.867],[5675416.806,6432181.38],[5675414.294,6432184.587],[5675412.062,6432186.617],[5675408.618,6432188.1],[5675404.619,6432188.243],[5675399.889,6432189.025],[5675397.333,6432189.414],[5675393.369,6432189.825],[5675389.755,6432189.592],[5675385.003,6432188.966],[5675381.922,6432188.663],[5675379.183,6432188.479],[5675376.409,6432188.028],[5675371.583,6432187.248],[5675367.973,6432186.634],[5675362.495,6432186.266],[5675359.673,6432186.69],[5675355.363,6432187.363],[5675351.021172821,6432187.621849089],[5675350.029,6432187.681],[5675345.644,6432188.201],[5675342.782,6432188.739],[5675338.31,6432190.247],[5675335.973,6432191.476],[5675333.711,6432192.859],[5675331.295,6432194.315],[5675328.692,6432195.579],[5675325.935,6432196.918],[5675321.996,6432198.356],[5675319.393,6432199.62],[5675316.942,6432200.81],[5675314.417,6432201.847],[5675311.516,6432202.498],[5675308.199,6432202.878],[5675304.764,6432203.599],[5675302.169,6432204.102],[5675299.653,6432204.377],[5675295.549,6432203.72],[5675293.213,6432201.637],[5675287.534,6432198.905],[5675282.121,6432199.451],[5675279.032,6432199.91],[5675276.472,6432200.68],[5675271.965,6432201.921],[5675268.123,6432201.61],[5675243.53482961,6432195.161361172],[5675005.686,6432510.893],[5675138.234,6432617.068],[5675158.437,6432634.513]]]}},{"type":"Feature","properties":{},"geometry":{"type":"Polygon","coordinates":[[[5675005.686,6432510.893],[5674883.278,6432664.191],[5675035.04,6432787.723],[5675158.437,6432634.513],[5675138.234,6432617.068],[5675005.686,6432510.893]]]}},{"type":"Feature","properties":{},"geometry":{"type":"Polygon","coordinates":[[[5674718.232839607,6432527.537198614],[5674866.566,6432651.013],[5674987.198,6432496.59],[5674838.065332704,6432374.081030755],[5674718.232839607,6432527.537198614]]]}},{"type":"Feature","properties":{},"geometry":{"type":"Polygon","coordinates":[[[5675096.733875428,6431999.944640966],[5675096.643,6431999.645],[5675093.244,6431990.697],[5675090.589,6431986.592],[5675088.459,6431983.178],[5675085.909,6431979.874],[5675082.868,6431976.146],[5675081.031,6431973.725],[5675079.001,6431971.494],[5675077.273,6431969.494],[5675074.233,6431965.765],[5675070.886,6431962.185],[5675068.966,6431960.373],[5675067.006,6431958.675],[5675065.199,6431956.902],[5675062.04,6431953.515],[5675059.07,6431950.32],[5675056.651,6431948.845],[5675053.96,6431947.786],[5675048.998,6431945.558],[5675045.743,6431943.92],[5675042.261,6431942.205],[5675031.296,6431935.604],[5675027.289,6431933.197],[5675023.281,6431930.789],[5675019.724,6431928.92],[5675016.504,6431927.55],[5675013.546,6431926.525],[5675010.361,6431925.422],[5675007.29,6431924.358],[5675004.446,6431923.373],[5675001.715,6431922.427],[5674997.769,6431921.315],[5674994.999,6431920.483],[5674991.547,6431919.415],[5674988.852,6431918.736],[5674985.247,6431917.742],[5674981.295,6431917.011],[5674978.031,6431916.135],[5674975.262,6431915.303],[5674972.759,6431914.436],[5674970.256,6431913.569],[5674967.868,6431912.742],[5674964.569,6431911.599],[5674961.611,6431910.575],[5674957.931,6431909.428],[5674955.542,6431908.6],[5674951.635,6431907.374],[5674949.246,6431906.547],[5674946.857,6431905.719],[5674943.217,6431904.458],[5674931.743855686,6431900.908420194],[5674807.61370617,6432062.67459959],[5674960.28085809,6432180.33892047],[5675096.733875428,6431999.944640966]]]}},{"type":"Feature","properties":{},"geometry":{"type":"Polygon","coordinates":[[[5674907.12807451,6431890.42944583],[5674903.647,6431889.223],[5674902.171986946,6431888.712493534],[5674901.14238417,6431888.355938487],[5674900.234,6431888.041],[5674899.665,6431887.844],[5674898.983,6431887.608],[5674898.073,6431887.293],[5674896.935,6431886.899],[5674895.684,6431886.465],[5674894.546,6431886.071],[5674893.295,6431885.638],[5674892.687,6431885.554],[5674892.118,6431885.357],[5674891.286,6431884.815],[5674890.114,6431884.154],[5674888.867,6431883.34],[5674887.769,6431882.832],[5674886.671,6431882.324],[5674885.726,6431881.742],[5674884.702,6431881.387],[5674883.945,6431880.998],[5674882.807,6431880.604],[5674880.987,6431879.973],[5674879.167,6431879.343],[5674877.688,6431878.831],[5674876.437,6431878.397],[5674875.299,6431878.003],[5674874.503,6431877.727],[5674873.667,6431877.565],[5674872.945,6431877.443],[5674871.917,6431877.469],[5674870.771,6431877.836],[5674869.777,6431878.129],[5674868.880214443,6431878.393610441],[5674868.211,6431878.605],[5674867.677,6431878.675],[5674858.765,6431880.503],[5674857.411,6431880.726],[5674853.946,6431880.799],[5674851.281,6431880.768],[5674848.612878751,6431880.984510144],[5674848.003,6431881.034],[5674844.919,6431881.113],[5674842.18,6431880.928],[5674839.064,6431880.359],[5674834.474,6431878.896],[5674831.329,6431877.679],[5674828.717,6431876.392],[5674826.455,6431874.462],[5674824.355,6431871.696],[5674821.967,6431867.557],[5674820.322,6431864.948],[5674818.599,6431862.568],[5674817.853812533,6431861.705514506],[5674816.871,6431860.568],[5674814.627,6431857.115],[5674812.5970578,6431854.360514075],[5674810.471,6431851.089],[5674808.183,6431848.131],[5674806.306,6431845.824],[5674804.578,6431843.824],[5674801.993,6431840.253],[5674799.828,6431836.573],[5674798.913200402,6431834.779102562],[5674797.855,6431832.704],[5674796.473,6431830.442],[5674795.367,6431827.383],[5674795.472,6431824.872],[5674795.74,6431821.524],[5674795.618,6431818.934],[5674795.198,6431815.731],[5674794.368,6431811.876],[5674792.92,6431808.699],[5674790.054,6431806.305],[5674786.156,6431804.317],[5674781.877,6431802.326],[5674778.582,6431800.802],[5674774.496,6431798.622],[5674772.265,6431797.34],[5674768.143,6431794.893],[5674764.328,6431792.298],[5674761.082,6431789.899],[5674758.7825183,6431788.20719383],[5674758.138,6431787.733],[5674754.165,6431785.592],[5674751.588,6431784.572],[5674745.296,6431782.138],[5674744.9514137795,6431781.974050241],[5674510.88083321,6432090.18560447],[5674661.52836207,6432204.28192753],[5674907.12807451,6431890.42944583]]]}},{"type":"Feature","properties":{},"geometry":{"type":"Polygon","coordinates":[[[5674797.40548617,6432075.46659446],[5674680.756964664,6432227.994068583],[5674831.588586071,6432346.795676247],[5674948.230132448,6432194.277508544],[5674797.40548617,6432075.46659446]]]}},{"type":"Feature","properties":{},"geometry":{"type":"Polygon","coordinates":[[[5674381.7621965185,6432260.2020823965],[5674465.034397446,6432325.4660123475],[5674533.116111815,6432378.824518405],[5674652.266974683,6432221.933069071],[5674584.183336736,6432168.577196118],[5674500.908676943,6432103.316403628],[5674381.7621965185,6432260.2020823965]]]}},{"type":"Feature","properties":{},"geometry":{"type":"Polygon","coordinates":[[[5674701.0493727615,6432514.1923366245],[5674821.692244552,6432360.976307648],[5674671.970233862,6432239.153304667],[5674550.717214015,6432393.145853765],[5674701.0493727615,6432514.1923366245]]]}},{"type":"Feature","properties":{},"geometry":{"type":"Polygon","coordinates":[[[5674367.043228093,6432275.089588571],[5674313.604108755,6432344.942741862],[5674301.451949725,6432360.82748394],[5674250.5040229885,6432427.4242651025],[5674317.92988031,6432481.704900364],[5674332.800023751,6432493.675987785],[5674400.218091579,6432547.950352179],[5674463.318177346,6432465.468828937],[5674516.757296683,6432395.615675648],[5674434.110768705,6432329.081763895],[5674367.043228093,6432275.089588571]]]}},{"type":"Feature","properties":{},"geometry":{"type":"Polygon","coordinates":[[[5674565.532921663,6432681.035704769],[5674686.337598993,6432532.576316602],[5674536.00237189,6432411.229230232],[5674415.039903705,6432559.88253087],[5674565.532921663,6432681.035704769]]]}},{"type":"Feature","properties":{},"geometry":{"type":"Polygon","coordinates":[[[5674286.195026742,6432717.682923461],[5674436.79557328,6432838.236973367],[5674553.9629412135,6432691.217279257],[5674403.214151574,6432570.158687],[5674286.195026742,6432717.682923461]]]}},{"type":"Feature","properties":{},"geometry":{"type":"Polygon","coordinates":[[[5674238.75774686,6432439.792709028],[5674120.071,6432585.594],[5674188.388,6432639.584],[5674203.321,6432651.386],[5674207.894,6432655],[5674230.974,6432673.569],[5674262.396,6432698.85],[5674270.394,6432705.188],[5674297.655,6432672.128],[5674309.78852975,6432657.41366365],[5674320.048,6432644.972],[5674336.802,6432624.655],[5674348.331,6432610.674],[5674365.776,6432589.518],[5674389.399015238,6432559.640355069],[5674238.75774686,6432439.792709028]]]}},{"type":"Feature","properties":{},"geometry":{"type":"Polygon","coordinates":[[[5674548.2088155765,6431687.712844901],[5674469.61862705,6431789.64914964],[5674620.909826946,6431909.482253722],[5674725.481,6431770.561],[5674721.623,6431768.46],[5674719.801159008,6431767.214365445],[5674719.356,6431766.91],[5674716.823,6431765.396],[5674714.404,6431763.921],[5674677.419500856,6431751.048152868],[5674585.225393181,6431718.0013413],[5674548.2088155765,6431687.712844901]]]}},{"type":"Feature","properties":{},"geometry":{"type":"Polygon","coordinates":[[[5674457.42523573,6431803.73098427],[5674340.185631151,6431958.2977178125],[5674491.44242345,6432076.83387918],[5674608.07276459,6431923.8962637],[5674457.42523573,6431803.73098427]]]}},{"type":"Feature","properties":{},"geometry":{"type":"Polygon","coordinates":[[[5674328.09907429,6431974.232432199],[5674212.068125502,6432127.205694159],[5674362.887040258,6432245.408827717],[5674479.3145570895,6432092.737176245],[5674328.09907429,6431974.232432199]]]}},{"type":"Feature","properties":{},"geometry":{"type":"Polygon","coordinates":[[[5674147.431270981,6432211.346729192],[5674134.470993375,6432228.287806619],[5674082.824317494,6432295.797960451],[5674165.564319397,6432362.407122622],[5674233.332914441,6432416.963676086],[5674349.598695967,6432264.986406252],[5674281.830100924,6432210.429852788],[5674266.646058726,6432197.371862243],[5674228.306170818,6432166.5066488935],[5674199.48504419,6432143.3044365],[5674147.431270981,6432211.346729192]]]}},{"type":"Feature","properties":{},"geometry":{"type":"Polygon","coordinates":[[[5673953.723232446,6432452.471422436],[5674058.906775054,6432536.083327194],[5674106.148044673,6432574.797922917],[5674159.263068279,6432509.593595858],[5674170.251179265,6432497.5893722745],[5674223.410896141,6432432.38048121],[5674175.638204395,6432392.702334315],[5674071.047905245,6432308.50822571],[5673953.723232446,6432452.471422436]]]}},{"type":"Feature","properties":{},"geometry":{"type":"Polygon","coordinates":[[[5673992.099974049,6432031.281741343],[5673904.076733441,6432094.540774955],[5673888.757154836,6432135.898509695],[5673902.729677821,6432147.364471106],[5673929.1958009,6432112.98772688],[5673941.94555648,6432096.42711901],[5673942.5296971,6432095.66838104],[5673954.10981954,6432080.62700509],[5673954.57330482,6432080.02498587],[5673960.85667718,6432071.86353797],[5673992.099974049,6432031.281741343]]]}},{"type":"Feature","properties":{},"geometry":{"type":"Polygon","coordinates":[[[5674071.047905245,6432308.50822571],[5674065.91049085,6432304.37266028],[5673882.875301941,6432157.031227104],[5673810.718300504,6432338.795097118],[5673948.0048372,6432447.92580188],[5673953.723232446,6432452.471422436],[5674071.047905245,6432308.50822571]]]}},{"type":"Feature","properties":{},"geometry":{"type":"Polygon","coordinates":[[[5674035.106379327,6432008.414021207],[5673918.749456608,6432160.510426606],[5674067.363570235,6432283.110750585],[5674131.405448327,6432199.398159833],[5674184.02429693,6432130.617226634],[5674035.106379327,6432008.414021207]]]}},{"type":"Feature","properties":{},"geometry":{"type":"Polygon","coordinates":[[[5674108.725867146,6431911.376049284],[5674047.258538358,6431992.529279129],[5674114.234495485,6432047.490272267],[5674129.695242745,6432060.177482133],[5674196.671199872,6432115.138475271],[5674312.515435621,6431963.712230643],[5674230.078731234,6431896.064027639],[5674162.723985799,6431840.792197859],[5674108.725867146,6431911.376049284]]]}},{"type":"Feature","properties":{},"geometry":{"type":"Polygon","coordinates":[[[5674293.130875735,6431671.1362942625],[5674175.254933137,6431825.218292422],[5674323.711203026,6431947.042453335],[5674441.624407438,6431792.988968384],[5674293.130875735,6431671.1362942625]]]}},{"type":"Feature","properties":{},"geometry":{"type":"Polygon","coordinates":[[[5674432.506948921,6431504.95484416],[5674305.3600267405,6431655.310749543],[5674453.9407824995,6431777.231211395],[5674532.564310608,6431673.701791287],[5674465.584229421,6431591.439064457],[5674432.506948921,6431504.95484416]]]}},{"type":"Feature","properties":{},"geometry":{"type":"Polygon","coordinates":[[[5674015.583,6431829.122],[5674010.39909951,6431841.70716564],[5674007.55806481,6431848.60446091],[5674005.86389506,6431852.71746557],[5673988.244,6431895.494],[5674020.38367443,6431865.48968829],[5674030.4964683,6431856.0487893],[5674039.734,6431847.425],[5674046.754,6431840.457],[5674051.66274914,6431834.92127523],[5674067.846,6431816.671],[5674109.67726856,6431769.66135562],[5674056.70647705,6431725.27647339],[5674023.83554298,6431808.85803496],[5674021.855,6431813.894],[5674019.33984298,6431820.00103302],[5674017.70079768,6431823.98078603],[5674017.384,6431824.75],[5674015.583,6431829.122]]]}},{"type":"Feature","properties":{},"geometry":{"type":"Polygon","coordinates":[[[5674197.40730114,6431665.79845426],[5674242.3999131,6431610.30783982],[5674138.56851512,6431517.12428155],[5674109.86397909,6431590.11186201],[5674062.94164552,6431709.42218959],[5674119.88785141,6431758.18678443],[5674140.072,6431735.504],[5674193.189,6431671.001],[5674197.40730114,6431665.79845426]]]}},{"type":"Feature","properties":{},"geometry":{"type":"Polygon","coordinates":[[[5674392.91848535,6431433.56878737],[5674389.036,6431430.228],[5674387.024,6431428.592],[5674384.975,6431427.066],[5674382.927,6431425.539],[5674378.612,6431422.779],[5674374.59,6431420.237],[5674369.946,6431417.368],[5674367.057,6431415.443],[5674364.204,6431413.408],[5674361.461,6431411.41],[5674359.194,6431409.811],[5674355.28,6431406.94],[5674353.194,6431405.158],[5674350.816,6431403.159],[5674348.438,6431401.159],[5674345.95,6431399.123],[5674343.424,6431396.832],[5674340.571,6431394.432],[5674337.862,6431391.959],[5674335.226,6431389.266],[5674332.846,6431386.537],[5674330.758,6431384.025],[5674328.853,6431381.695],[5674327.131,6431379.548],[5674324.2,6431375.907],[5674322.661379342,6431374.178335935],[5674320.758,6431371.977],[5674319.043536821,6431369.831971788],[5674318.648495799,6431369.357381718],[5674316.729,6431367.245],[5674314.86,6431364.806],[5674312.736,6431362.404],[5674310.831,6431360.074],[5674308.926,6431357.744],[5674306.876,6431355.488],[5674304.679,6431353.305],[5674302.447,6431351.232],[5674300.214,6431349.159],[5674297.836,6431347.159],[5674295.421,6431345.269],[5674291.033,6431342.363],[5674287.633,6431340.512],[5674284.199,6431339.136],[5674280.656,6431338.089],[5674278.245,6431337.293],[5674274.08,6431335.919],[5674269.771,6431334.984],[5674266.814,6431334.737],[5674263.347,6431334.566],[5674260.792,6431334.574],[5674258.239,6431334.947],[5674254.847,6431335.65],[5674251.494,6431336.975],[5674249.016,6431338.223],[5674247.68600002,6431338.938999989],[5674246.356,6431339.655],[5674243.878,6431340.903],[5674241.001,6431342.627],[5674237.725,6431345.557],[5674234.415,6431348.961],[5674231.433,6431352.474],[5674228.744,6431356.204],[5674226.675,6431359.532],[5674225.187,6431362.2],[5674223.773,6431365.38],[5674222.614,6431368.157],[5674221.564,6431370.97],[5674220.697,6431373.6],[5674219.721,6431376.559],[5674218.853,6431379.19],[5674218.095,6431381.856],[5674217.702,6431384.521],[5674217.454,6431387.113],[5674216.99,6431390.362],[5674216.307,6431393.904],[5674215.187,6431397.302],[5674213.517,6431400.154],[5674211.625,6431402.203],[5674209.258,6431403.853],[5674206.307,6431405.431],[5674202.879,6431406.244],[5674198.283,6431406.916],[5674194.38,6431407.329],[5674191.47196033,6431407.71970045],[5674155.1953661,6431505.92411054],[5674256.96416397,6431592.34535232],[5674392.91848535,6431433.56878737]]]}},{"type":"Feature","properties":{},"geometry":{"type":"Polygon","coordinates":[[[5674237.327955882,6434996.834244613],[5674466.04535734,6434721.390737262],[5674459.42766027,6434715.98684068],[5674452.24033045,6434710.11779189],[5674443.02462344,6434702.59240548],[5674432.58069743,6434694.06407676],[5674412.32679329,6434677.52509014],[5674394.184,6434662.71],[5674342.928407867,6434620.855573001],[5674146.270932842,6434861.658938033],[5674164.476,6434890.259],[5674168.245,6434896.862],[5674171.896,6434903.365],[5674174.292,6434908.186],[5674175.952,6434911.142],[5674177.434,6434913.499],[5674179.203,6434916.132],[5674181.253,6434919.28],[5674183.708,6434922.805],[5674184.8260194,6434924.32592647],[5674185.17568928,6434924.80160891],[5674186.05,6434925.991],[5674187.514992327,6434927.916247954],[5674190.096,6434931.55],[5674191.47953612,6434933.41021663],[5674192.238,6434934.43],[5674194.67,6434938.246],[5674197.05350481,6434941.7791772],[5674197.757,6434942.822],[5674201.353,6434946.792],[5674203.081,6434948.873],[5674205.986,6434953.089],[5674207.891,6434956.666],[5674210.074,6434960.996],[5674212.293,6434965.219],[5674214.084,6434968.458],[5674216.189,6434971.445],[5674218.417,6434975.192],[5674221.682,6434980.367],[5674225.146,6434984.951],[5674228.188,6434988.315],[5674230.597,6434990.627],[5674233.957,6434993.499],[5674237.327955882,6434996.834244613]]]}},{"type":"Feature","properties":{},"geometry":{"type":"Polygon","coordinates":[[[5674276.313,6435094.022],[5674368.84213001,6435166.546750877],[5674487.466157541,6435019.756584339],[5674340.310435032,6434900.837143822],[5674250.119356998,6435012.443229371],[5674251.088600555,6435013.589419608],[5674252.852,6435015.816],[5674259.35446137,6435026.46373999],[5674261.445,6435029.497],[5674263.423,6435032.86],[5674264.401,6435035.585],[5674265.81,6435039.055],[5674267.161,6435042.924],[5674268.711,6435047.099],[5674270.717,6435051.728],[5674272.045,6435055.889],[5674272.941,6435059.304],[5674273.56679394,6435061.67705275],[5674273.773,6435062.459],[5674274.791,6435065.736],[5674275.638,6435069.973],[5674276.111,6435074.861],[5674276.448,6435078.806],[5674276.494,6435082.712],[5674276.267,6435087.423],[5674276.24,6435090.646],[5674276.313,6435094.022]]]}},{"type":"Feature","properties":{},"geometry":{"type":"Polygon","coordinates":[[[5674119.356274387,6434437.781572895],[5674040.797,6434372.099],[5673926.003,6434510.284],[5673905.67274945,6434534.25180494],[5673985.29927971,6434598.238327287],[5674119.356274387,6434437.781572895]]]}},{"type":"Feature","properties":{},"geometry":{"type":"Polygon","coordinates":[[[5674106.531,6434858.349],[5674136.656,6434822.009],[5674208.614,6434738.341],[5674244.366,6434696.772],[5674256.342,6434682.847],[5674280.85267682,6434652.983744],[5674289.056,6434642.989],[5674315.968,6434610.2],[5674320.735,6434604.518],[5674119.356274387,6434437.781572895],[5673985.29927971,6434598.238327287],[5673970.984832548,6434615.371709513],[5673913.258085945,6434684.466547961],[5673916.651,6434685.655],[5673921.561,6434687.317],[5673924.37472338,6434688.1991403],[5673926.371,6434688.825],[5673931.521,6434689.551],[5673936.417,6434690.131],[5673940.363,6434691.047],[5673943.963,6434692.087],[5673947.509,6434693.287],[5673951.709,6434694.349],[5673956.405,6434695.52],[5673960.078,6434696.344],[5673963.21,6434696.746],[5673966.611,6434697.478],[5673971.148,6434698.894],[5673977.185,6434700.818],[5673983.458,6434702.941],[5673987.809,6434704.234],[5673991.595,6434705.396],[5673995.482,6434706.712],[5674000.028,6434708.55],[5674005.451,6434711.164],[5674011.725,6434714.185],[5674019.508,6434717.238],[5674024.38731188,6434719.09314619],[5674028.127,6434720.515],[5674036.855,6434724.367],[5674041.15889169,6434726.84524736],[5674043.661,6434728.286],[5674048.562,6434732.22],[5674049.48470071,6434732.987296623],[5674053.781,6434736.56],[5674057.781,6434740.906],[5674061.382,6434745.537],[5674064.328,6434750.305],[5674067.143,6434755.686],[5674070.062,6434761.882],[5674073.509,6434768.315],[5674077.146,6434774.634],[5674080.133,6434779.954],[5674081.2857579235,6434782.0858869245],[5674082.47,6434784.276],[5674084.844,6434788.491],[5674086.917,6434793.143],[5674088.573,6434798.132],[5674089.955,6434803.927],[5674090.906,6434809.875],[5674091.998,6434814.733],[5674093.157,6434818.717],[5674094.521,6434822.77],[5674095.718,6434826.646],[5674096.886,6434830.154],[5674097.687,6434833.178],[5674098.473,6434836.018],[5674099.347,6434839.725],[5674101.129,6434844.338],[5674102.694,6434848.698],[5674103.653,6434852.375],[5674105.404,6434855.96],[5674106.531,6434858.349]]]}},{"type":"Feature","properties":{},"geometry":{"type":"Polygon","coordinates":[[[5673913.258085945,6434684.466547961],[5673970.984832548,6434615.371709513],[5673889.7914435,6434552.97464568],[5673815.84173649,6434646.41135564],[5673818.736,6434648.682],[5673820.95,6434650.449],[5673823.155,6434651.794],[5673827.092,6434654.084],[5673829.228,6434655.405],[5673831.833,6434656.467],[5673835.856,6434657.828],[5673841.143,6434659.498],[5673847.808,6434661.814],[5673853.89,6434664.052],[5673859.068,6434666.044],[5673863.414,6434667.575],[5673867.369,6434668.914],[5673871.033,6434670.214],[5673876.079,6434671.922],[5673878.534,6434672.753],[5673882.966,6434674.253],[5673886.103,6434675.315],[5673890.808,6434676.907],[5673896.008,6434678.608],[5673901.6,6434680.5],[5673906.782,6434682.255],[5673911.555,6434683.87],[5673913.258085945,6434684.466547961]]]}},{"type":"Feature","properties":{},"geometry":{"type":"Polygon","coordinates":[[[5673801.214,6434629.943],[5674010.950731648,6434376.857236364],[5673862.18846587,6434257.964185],[5673733.38588883,6434419.12552268],[5673734.433,6434421.5],[5673736.261,6434427.326],[5673736.458,6434433.258],[5673736.89,6434439.39],[5673737.714,6434445.713],[5673738.274,6434451.469],[5673738.033,6434455.996],[5673737.784,6434460.999],[5673738.534,6434464.844],[5673738.771,6434468.635],[5673739.636,6434472.818],[5673740.672,6434476.94],[5673741.2,6434480.769],[5673741.396,6434484.906],[5673741.451,6434489.233],[5673741.647,6434493.37],[5673741.943,6434497.659],[5673743.285,6434502.902],[5673745.163,6434508.804],[5673747.678,6434514.623],[5673750.338,6434520.012],[5673752.343,6434525.539],[5673753.712,6434531.15],[5673754.845,6434536.561],[5673755.073,6434541.725],[5673754.923,6434546.882],[5673754.651,6434552.176],[5673754.061,6434557.064],[5673753.516,6434561.368],[5673753.876,6434565.919],[5673754.704,6434571.107],[5673755.636,6434576.211],[5673757,6434581.161],[5673758.14705823,6434584.29343949],[5673758.501,6434585.26],[5673761.593,6434589.599],[5673767.23,6434595.397],[5673774.413,6434602.018],[5673781.869,6434608.731],[5673788.23,6434615.313],[5673793.171,6434620.697],[5673797.304,6434625.328],[5673801.214,6434629.943]]]}},{"type":"Feature","properties":{},"geometry":{"type":"Polygon","coordinates":[[[5673584.83334319,6434274.0770359],[5673588.682,6434275.267],[5673594.165,6434277.482],[5673600.793,6434280.803],[5673608.212,6434284.93],[5673614.763,6434287.805],[5673616.7023207,6434288.46156346],[5673618.786,6434289.167],[5673621.847,6434288.639],[5673624.191,6434290.937],[5673626.31,6434293.21],[5673628.8416439,6434295.83311355],[5673629.742,6434296.766],[5673633.002,6434299.485],[5673635.12,6434300.861],[5673637.698,6434302.452],[5673640.158,6434303.942],[5673642.872,6434305.579],[5673645.817,6434307.654],[5673648.973,6434310.457],[5673652.319,6434314.044],[5673655.392,6434318.436],[5673658.375,6434323.096],[5673661.694,6434327.212],[5673663.66586955,6434329.28299597],[5673665.394,6434331.098],[5673668.968,6434334.463],[5673672.2,6434337.711],[5673676.165,6434342.166],[5673677.915,6434343.955],[5673679.125,6434346.22],[5673680.502,6434348.661],[5673682.189,6434351.088],[5673683.535,6434353.398],[5673684.917,6434355.602],[5673686.713,6434357.706],[5673689.363,6434359.98],[5673692.627,6434362.461],[5673696.374,6434365.764],[5673699.902,6434369.712],[5673703.248,6434374.196],[5673705.84,6434378.664],[5673708.09,6434383.017],[5673710.286,6434387.531],[5673712.646,6434391.562],[5673715.729,6434395.478],[5673717.49839996,6434397.35915153],[5673841.8781029,6434241.73183593],[5673774.22897089,6434187.6656271],[5673698.76816081,6434127.3562071],[5673584.83334319,6434274.0770359]]]}},{"type":"Feature","properties":{},"geometry":{"type":"Polygon","coordinates":[[[5673692.303826786,6433781.9522168245],[5673759.635438838,6433836.254187492],[5673775.514801681,6433849.060663811],[5673842.846413733,6433903.362634478],[5673899.012382009,6433835.234347176],[5673964.507606698,6433755.795882013],[5673813.965019745,6433634.385464365],[5673758.176441475,6433702.053215432],[5673692.303826786,6433781.9522168245]]]}},{"type":"Feature","properties":{},"geometry":{"type":"Polygon","coordinates":[[[5673705.055763775,6434073.508095041],[5673759.013617954,6434007.328428845],[5673772.670401697,6433990.578292963],[5673827.520188259,6433923.304665782],[5673760.159650171,6433869.0385814505],[5673744.5849592835,6433856.491509929],[5673677.224421196,6433802.225425598],[5673622.374634635,6433869.49905278],[5673609.793922059,6433885.04620051],[5673554.716827236,6433952.393083781],[5673622.120804494,6434006.694608406],[5673637.695444736,6434019.2417420475],[5673705.055763775,6434073.508095041]]]}},{"type":"Feature","properties":{},"geometry":{"type":"Polygon","coordinates":[[[5673547.56857674,6433973.85716012],[5673417.76495675,6434149.13921479],[5673557.35620633,6434261.81679022],[5673567.2913534,6434262.33923883],[5673698.31464877,6434097.13055288],[5673549.605,6433975.517],[5673547.56857674,6433973.85716012]]]}},{"type":"Feature","properties":{},"geometry":{"type":"Polygon","coordinates":[[[5673327.87919945,6434253.99909852],[5673331.238,6434257.323],[5673334.825,6434260.58],[5673339.209,6434262.747],[5673343.299,6434264.191],[5673346.98,6434264.461],[5673350.492,6434263.848],[5673354.302,6434262.585],[5673358.766,6434261.415],[5673363.797,6434260.583],[5673369.276,6434259.841],[5673374.939,6434259.163],[5673380.48,6434258.442],[5673386.003,6434257.578],[5673387.27804705,6434257.36242053],[5673391.261,6434256.689],[5673396.496,6434255.86],[5673401.201,6434254.982],[5673405.679,6434254.16],[5673410.706,6434253.533],[5673416.592,6434253.003],[5673422.908,6434252.418],[5673428.894,6434251.992],[5673433.975,6434251.796],[5673438.335,6434251.894],[5673442.155,6434252.351],[5673446.069,6434253.321],[5673450.102,6434254.539],[5673454.709,6434255.686],[5673459.628,6434256.53],[5673464.576,6434256.905],[5673469.248,6434256.701],[5673473.88,6434256.415],[5673479.213,6434255.895],[5673484.894,6434255.361],[5673490.356,6434255.643],[5673496.514,6434257.062],[5673502.787,6434258.934],[5673508.729,6434260.965],[5673510.39927332,6434261.50224782],[5673516.657,6434263.535],[5673520.624,6434264.832],[5673522.045,6434265.34],[5673524.722,6434266.186],[5673400.87912729,6434161.21168717],[5673327.87919945,6434253.99909852]]]}},{"type":"Feature","properties":{},"geometry":{"type":"Polygon","coordinates":[[[5673678.167442299,6433770.571015743],[5673733.411612381,6433701.687261014],[5673742.952674269,6433689.790595975],[5673797.8218994355,6433621.375260419],[5673648.318980052,6433500.956052475],[5673593.131104436,6433569.110551906],[5673583.098390351,6433580.595635627],[5673527.300738812,6433649.031825488],[5673678.167442299,6433770.571015743]]]}},{"type":"Feature","properties":{},"geometry":{"type":"Polygon","coordinates":[[[5673543.482621804,6433934.523510582],[5673598.121464065,6433867.5086079845],[5673610.442409806,6433852.396886275],[5673665.045751473,6433785.4255253915],[5673597.685213386,6433731.15944106],[5673582.110522499,6433718.612369538],[5673514.78892114,6433664.377652886],[5673460.185579471,6433731.349013771],[5673447.5473839,6433746.849852867],[5673392.824044397,6433813.968524738],[5673460.363715893,6433868.012869781],[5673475.941948197,6433880.478363663],[5673543.482621804,6433934.523510582]]]}},{"type":"Feature","properties":{},"geometry":{"type":"Polygon","coordinates":[[[5673101.48761228,6434161.93361738],[5673198.23730519,6434202.16250959],[5673193.92187518,6434212.61747696],[5673195.346,6434212.487],[5673200.474,6434211.964],[5673205.868,6434211.466],[5673211.994,6434211.227],[5673217.912,6434211.189],[5673223.025,6434211.484],[5673227.944,6434212.329],[5673232.655,6434213.375],[5673236.918,6434214.331],[5673241.385,6434215.291],[5673246.114,6434216.48],[5673251.41,6434218.007],[5673257.13,6434219.89],[5673263.173,6434222.025],[5673269.399,6434224.223],[5673275.158,6434226.189],[5673280.469,6434228.064],[5673285.78,6434229.94],[5673290.986,6434231.916],[5673295.801,6434234.028],[5673299.758,6434236.044],[5673303.409,6434237.951],[5673307.409,6434239.845],[5673311.405,6434241.942],[5673315.247,6434244.672],[5673315.98848112,6434245.27359698],[5673532.32814664,6433961.43506536],[5673416.043,6433866.654],[5673377.044,6433834.866],[5673315.792,6433910.482],[5673281.609,6433952.682],[5673247.152,6433982.598],[5673235.949,6433983.303],[5673209.867,6433984.945],[5673163.863,6433985.977],[5673139.329,6434055.187],[5673101.48761228,6434161.93361738]]]}},{"type":"Feature","properties":{},"geometry":{"type":"Polygon","coordinates":[[[5673563.914075231,6433571.2588383965],[5673576.574599793,6433555.776231452],[5673632.091,6433487.885],[5673429.255464608,6433324.508293942],[5673397.141666968,6433411.249477466],[5673357.23905628,6433519.125246839],[5673507.5114383,6433640.233852331],[5673563.914075231,6433571.2588383965]]]}},{"type":"Feature","properties":{},"geometry":{"type":"Polygon","coordinates":[[[5673312.726916691,6433642.166377375],[5673282.4138755705,6433725.619779059],[5673376.952861677,6433801.268615837],[5673433.44219094,6433731.25122064],[5673496.821259039,6433652.694131777],[5673428.891304233,6433598.33748357],[5673418.6985375965,6433590.053023116],[5673351.496222258,6433535.432433471],[5673319.935725563,6433622.320146174],[5673312.726916691,6433642.166377375]]]}},{"type":"Feature","properties":{},"geometry":{"type":"Polygon","coordinates":[[[5673196.36622717,6433936.876131055],[5673236.820608109,6433969.819492829],[5673358.816491413,6433820.008797432],[5673291.695747998,6433765.2988255955],[5673237.0067514535,6433832.445479747],[5673228.851136597,6433851.647938599],[5673196.36622717,6433936.876131055]]]}},{"type":"Feature","properties":{},"geometry":{"type":"Polygon","coordinates":[[[5672263.344,6428550.034],[5672212.6284192195,6428303.609294422],[5672187.906913738,6428174.634304955],[5672169.729,6428079.798],[5672152.59,6427993.599],[5672145.326,6427957.064],[5672105.755,6427758.047],[5672083.968,6427648.471],[5672029.487,6427371.619],[5672032.15,6427361.945],[5672025.219,6427353.156],[5671994.023,6427191.424],[5671959.831,6427013.467],[5671956.078,6426921.084],[5671942.269,6426702.157],[5671937.597,6426579.958],[5671933.291,6426451.79],[5671932.261,6426294.647],[5671939.823139046,6426159.974478184],[5671944.861,6426043.349],[5671952.152,6425977.138],[5671956.645515223,6425965.76485567],[5671942.56066531,6425961.82497845],[5671603.70936978,6425867.03997838],[5671400.29786372,6425724.03938267],[5671314.02534675,6425663.38882479],[5670976.25842809,6425913.09041958],[5670762.28305362,6426071.27640316],[5670761.04982495,6426159.33375588],[5670760.86,6426172.888],[5670733.718662734,6426166.856017807],[5670513.892,6426118.001],[5669592.012,6425924.957],[5669298.182,6426811.033],[5669295.072,6426820.818],[5669224.812,6427029.705],[5669219.734976385,6427044.766064162],[5669100.633,6427395.835999999],[5669460.05631327,6427557.19714065],[5669491.972,6427571.526],[5669638.378,6427636.417],[5669785.656,6427701.695],[5669830.889,6427677.61],[5669941.841,6427726.559],[5669947.886,6427729.319],[5670114.362,6427805.337],[5670249.55140795,6427874.18202521],[5670312.715,6427906.348],[5670372.22365612,6427935.25783294],[5670387.029,6427942.45],[5670515.714,6427993.565],[5670530.672,6427998.963],[5670574.09843754,6428014.63417697],[5670617.111,6428030.156],[5670624.23416484,6428033.38282745],[5670782.37833122,6428105.02288463],[5670839.92420114,6428131.09143655],[5670863.455,6428141.751],[5670890.89515724,6428154.28543653],[5670941.83248889,6428177.55318769],[5671065.43065812,6428234.01180756],[5671181.19481029,6428286.89191334],[5671573.116,6428466.925],[5671638.744,6428498.349],[5671641.088,6428499.252],[5671659.701,6428501.343],[5671739.58,6428536.042],[5671872.945,6428597.031],[5671876.317,6428598.029],[5671880.267,6428598.947],[5671884.711,6428599.619],[5671889.094,6428599.858],[5671926.704,6428595.43],[5671939.335,6428593.833],[5672194.696,6428559.67],[5672221.682,6428556.06],[5672234.244,6428554.243],[5672239.711,6428553.296],[5672263.344,6428550.034]]]}},{"type":"Feature","properties":{},"geometry":{"type":"Polygon","coordinates":[[[5674159.12118664,6428815.554374918],[5674153.053,6428879.714],[5674147.329,6428965.78],[5674128.35184063,6429136.70557111],[5674121.213,6429202.687],[5674116.024448018,6429247.042243217],[5674440.65010659,6429237.2808192],[5674469.852,6429236.046],[5674592.763,6429234.421],[5674823.284,6429231.372],[5674957.572,6429228.708],[5675084.779,6429225.191],[5675363.889,6429217.065],[5675366.849,6429221.074],[5675382.934,6429369.289],[5675396.655,6429509.93],[5675398.263,6429526.408],[5675415.897,6429700.519],[5675429.16807122,6429825.21772283],[5675434.628,6429876.528],[5675438.969538504,6429927.152217898],[5675446.81847442,6429997.51829077],[5675452.827,6430051.385],[5675453.961,6430068.34],[5675460.533,6430111.897],[5675488.313,6430249.818],[5675491.48450197,6430281.8090522],[5675498.803,6430355.631],[5675515.93460837,6430512.08235159],[5675527.904692128,6430618.362290003],[5675545.549,6430789.335],[5675582.25439758,6431145.00898516],[5675595.101,6431266.437],[5675600.214,6431275.215],[5675596.901,6431281.839],[5675612.318,6431425.289],[5675627.672,6431561.199],[5675640.83418537,6431693.30370115],[5675693.57113539,6432222.60782679],[5675694.992,6432221.678],[5675697.373,6432219.954],[5675699.408,6432218.493],[5675701.976,6432216.962],[5675704.991,6432216.35],[5675707.586,6432215.847],[5675710.645,6432214.741],[5675715.655,6432212.782],[5675718.867,6432211.601],[5675722.381,6432210.652],[5675725.173,6432209.581],[5675728.009,6432208.015],[5675730.687,6432206.904],[5675732.779200071,6432206.175683261],[5675733.439,6432205.946],[5675737.688,6432203.978],[5675740.441,6432203.02],[5675743.771,6432201.498],[5675754.514,6432197.702],[5675758.413,6432196.377],[5675762.233,6432195.28],[5675774.46631826,6432192.92540757],[5675776.275,6432192.626],[5675779.981,6432191.49],[5675785.071,6432189.303],[5675789.8225716,6432188.012297165],[5675797.471757984,6432187.163134316],[5675805.970833735,6432185.464775425],[5675822.3,6432183.342],[5675824.418,6432181.272],[5675826.689,6432179.129],[5675828.768,6432177.173],[5675830.541,6432175.367],[5675833.109,6432173.836],[5675835.757,6432172.077],[5675838.479,6432170.472],[5675841.24,6432168.753],[5675843.77,6432167.336],[5675846.146,6432165.993],[5675848.562,6432164.536],[5675851.174,6432162.511],[5675856.108642283,6432159.250088907],[5675862.596,6432156.019],[5675865.003,6432155.324],[5675867.641,6432154.327],[5675870.739,6432153.107],[5675873.684,6432151.961],[5675876.398,6432151.117],[5675877.569242387,6432150.826605852],[5675879.185,6432150.426],[5675881.977,6432149.355],[5675887.013,6432148.424],[5675889.604,6432148.302],[5675892.382,6432148.372],[5675895.309,6432148.749],[5675898.39,6432149.052],[5675901.322,6432149.048],[5675903.991,6432148.698],[5675908.424,6432147.304],[5675911.728,6432144.753],[5675912.140508258,6432144.349956217],[5675916.686,6432140.737],[5675919.508,6432140.313],[5675923.03,6432141.916],[5675926.819,6432143.483],[5675931.44,6432142.28],[5675934.425,6432141.021],[5675937.947,6432139.311],[5675941.159,6432138.13],[5675944.258,6432136.91],[5675949.574,6432134.802],[5675951.981,6432134.106],[5675955.079,6432132.886],[5675963.455,6432129.672],[5675967.468,6432128.386],[5675971.174,6432127.249],[5675974.574,6432126.261],[5675978.018,6432124.778],[5675981.042,6432123.405],[5675986.096,6432120.951],[5675989.733,6432119.281],[5675993.794,6432117.12],[5675997.973,6432114.618],[5676000.345,6432113.656],[5676003.25,6432112.624],[5676006.536,6432111.596],[5676010.09,6432110.533],[5676013.643,6432109.471],[5676016.964,6432108.71],[5676019.905,6432107.945],[5676023.414,6432107.377],[5676027.374,6432107.347],[5676030.761,6432107.501],[5676033.915,6432107.956],[5676038.781,6432108.622],[5676041.288,6432109.109],[5676045.502,6432110.186],[5676049.448,6432111.298],[5676052.065,6432112.204],[5676054.642,6432113.224],[5676057.105,6432114.205],[5676059.5737510985,6432115.060471992],[5676064.46,6432116.88],[5676068.056,6432118.635],[5676070.782,6432119.962],[5676073.775,6432121.253],[5676076.426,6432122.426],[5676081.2,6432124.462],[5676084.708,6432127.206],[5676085.6764021,6432128.19756962],[5676088.462,6432131.819],[5676091.791,6432136.921],[5676094.713,6432140.991],[5676099.008,6432148.085],[5676099.52547685,6432148.92582777],[5676103.991,6432155.034],[5676105.368,6432157.678],[5676106.628,6432160.662],[5676107.091,6432163.371],[5676108.543,6432166.167],[5676111.3,6432168.141],[5676115.911,6432170.585],[5676118.297,6432171.792],[5676121.1,6432173.27],[5676123.521,6432174.744],[5676135.024,6432181.651],[5676138.453,6432185.002],[5676141.536,6432188.616],[5676145.264,6432192.581],[5676149.336,6432196.282],[5676157.559,6432200.143],[5676159.949,6432200.969],[5676162.301,6432201.909],[5676164.635,6432204.373],[5676167.197,6432206.915],[5676175.123,6432213.477],[5676183.176,6432218.936],[5676186.162,6432220.988],[5676189.07,6432223.267],[5676191.628,6432226.19],[5676193.997,6432228.92],[5676197.081,6432232.535],[5676198.885,6432234.687],[5676203.515,6432239.728],[5676206.528,6432242.808],[5676209.506,6432245.622],[5676211.998,6432247.63],[5676217.08966819,6432249.536315],[5676223.004,6432251.179],[5676226.835,6432252.63],[5676229.716,6432253.881],[5676232.29,6432262.289],[5676233.27911082,6432268.0472679],[5676233.624,6432269.121],[5676236.856,6432273.042],[5676238.24,6432275.304],[5676239.664,6432277.453],[5676242.199,6432278.966],[5676244.857,6432279.757],[5676248.5,6432281.016],[5676253.963,6432282.905],[5676258.819,6432284.71],[5676264.852,6432286.795],[5676269.817,6432289.021],[5676272.458,6432291.335],[5676274.022,6432294.552],[5676275.514567207,6432297.62143682],[5676276.809,6432300.867],[5676278.342,6432303.436],[5676280.449,6432305.821],[5676281.912,6432307.856],[5676283.857,6432311.076],[5676286.285,6432315.483],[5676289.469,6432320.279],[5676292.741,6432324.086],[5676298.122,6432326.583],[5676300.819,6432327.26],[5676304.414,6432329.395],[5676306.643,6432331.057],[5676308.649532081,6432333.031044414],[5676310.751,6432335.025],[5676312.634,6432336.951],[5676316.028,6432340.035],[5676318.029,6432341.619],[5676320.372,6432343.32],[5676322.636,6432345.25],[5676324.751,6432346.873],[5676328.106,6432350.071],[5676329.796,6432352.185],[5676331.719,6432353.996],[5676335.283,6432355.483],[5676338.278,6432356.772],[5676340.73,6432358.894],[5676342.499,6432360.78],[5676345.91,6432362.341],[5676354.4246711,6432365.41192418],[5676359.57,6432367.062],[5676367.083,6432369.659],[5676374.176,6432372.365],[5676376.22635063,6432373.93839576],[5676377.499,6432374.915],[5676377.733,6432377.927],[5676378.277,6432380.409],[5676381.114,6432382.154],[5676384.157,6432382.568],[5676387.071,6432380.772],[5676389.334,6432379.388],[5676393.662,6432377.188],[5676396.498,6432375.62],[5676399.754,6432373.942],[5676402.935,6432372.11],[5676405.425,6432370.805],[5676407.837,6432369.727],[5676412.047,6432367.869],[5676416.319072968,6432366.121611363],[5676416.944,6432365.866],[5676419.701,6432364.525],[5676422.152,6432363.333],[5676426.13,6432361.777],[5676429.304,6432360.708],[5676432.893,6432359.909],[5676436.596,6432359.15],[5676439.384,6432358.457],[5676442.815,6432358.114],[5676447.04,6432358.427],[5676449.894,6432358.649],[5676454.158,6432358.848],[5676478.595,6432363.726],[5676496.40663505,6432368.2266475],[5676519.73,6432374.12],[5676522.69,6432375.143],[5676527.926,6432376.953],[5676531.455,6432378.173],[5676535.553,6432379.589],[5676539.992,6432381.123],[5676544.204,6432382.579],[5676547.96,6432383.877],[5676551.148,6432384.979],[5676553.88,6432385.923],[5676557.562,6432387.068],[5676561.813,6432388.41],[5676566.519,6432389.909],[5676570.503,6432391.286],[5676573.463,6432392.309],[5676577.219,6432393.607],[5676581.882,6432395.601],[5676582.643046808,6432395.8918986935],[5676585.372,6432396.935],[5676589.01,6432398.574],[5676591.931,6432399.711],[5676593.153288613,6432400.222642853],[5676598.756,6432402.452],[5676607.478,6432405.976],[5676614.143059959,6432408.367840737],[5676617.114,6432409.434],[5676620.148,6432410.61],[5676623.218,6432412.053],[5676626.742,6432413.654],[5676630.114,6432415.329],[5676632.609,6432416.956],[5676636.012,6432419.279],[5676639.423,6432420.84],[5676642.606,6432422.322],[5676646.59,6432423.699],[5676650.797,6432425.536],[5676653.223,6432426.629],[5676656.098964199,6432428.527717784],[5676658.478,6432430.229],[5676661.731,6432432.246],[5676664.38,6432433.798],[5676667.979,6432435.552],[5676671.618,6432437.192],[5676675.711,6432438.989],[5676678.098,6432440.196],[5676680.712,6432441.482],[5676683.098,6432442.689],[5676686.351,6432444.705],[5676689.18,6432447.212],[5676691.291,6432449.216],[5676693.822,6432451.11],[5676696.58335065,6432452.71943384],[5676699.466,6432453.953],[5676702.422,6432455.356],[5676704.882,6432456.716],[5676708.03,6432457.932],[5676710.57,6432459.064],[5676711.365,6432459.807],[5676723.807,6432467.59],[5676726.644,6432469.335],[5676736.033,6432473.423],[5676746.01891234,6432468.3476336],[5676752.548,6432465.545],[5676761.456,6432465.947],[5676765.995,6432465.35],[5676768.701,6432465.265],[5676774.239,6432467.307],[5676776.565,6432470.532],[5676779.667,6432475.937],[5676790.031,6432472.128],[5676794.879,6432467.687],[5676800.3,6432463.062],[5676807.502,6432455.866],[5676810.835,6432450.647],[5676812.671,6432446.439],[5676816.935,6432436.316],[5676818.39,6432432.104],[5676819.964,6432427.551],[5676823.204,6432420.388],[5676828.8,6432413.784],[5676836.723,6432413.719],[5676839.236,6432413.823],[5676846.333,6432409.14],[5676847.588,6432405.878],[5676850.259,6432398.519],[5676853.04,6432391.579],[5676857.315,6432387.322],[5676863.56,6432384.001],[5676866.276,6432379.46],[5676869.7,6432372.871],[5676871.918,6432368.667],[5676873.33,6432364.95],[5676879.685,6432355.041],[5676882.062,6432353.696],[5676885.138,6432351.064],[5676888.34,6432347.328],[5676890.82,6432343.471],[5676893.992,6432339.087],[5676896.515,6432334.735],[5676899.505,6432326.084],[5676900.305,6432322.664],[5676900.759,6432319.508],[5676898.989,6432317.622],[5676896.894,6432310.781],[5676898.502,6432306.495],[5676902.493,6432303.797],[5676904.983,6432302.491],[5676912.222,6432298.876],[5676916.935,6432296.3],[5676921.044,6432293.26],[5676927.269,6432284.835],[5676928.253,6432281.989],[5676931.969,6432273.079],[5676934.427,6432267.812],[5676936.837,6432263.42],[5676941.215,6432256.651],[5676945.252,6432249.763],[5676947.985,6432243.699],[5676949.892,6432240.025],[5676954.523,6432231.05],[5676956.163,6432227.411],[5676958.704,6432221.535],[5676960.513,6432216.299],[5676961.93,6432212.201],[5676962.646,6432209.391],[5676963.816,6432203.424],[5676962.737,6432197.698],[5676961.448,6432193.685],[5676964.674,6432184.351],[5676967.33,6432181.828],[5676972.348,6432175.789],[5676974.478,6432172.575],[5676976.149,6432169.584],[5676980.919,6432158.363],[5676991.688,6432131.629],[5676996.37,6432118.083],[5677006.056,6432089.319],[5677011.485,6432073.61],[5677019.629,6432050.047],[5677026.317,6432030.695],[5677029.153,6432018.805],[5677029.35,6432011.227],[5677035.091,6432005.311],[5677042.303,6431993.659],[5677046.793,6431980.301],[5677050.114,6431969.216],[5677054.498,6431955.057],[5677055.442,6431952.325],[5677057.134,6431947.431],[5677059.774,6431939.423],[5677062.615,6431930.465],[5677064.975,6431923.636],[5677066.313,6431919.765],[5677068.926,6431910.729],[5677069.942,6431901.523],[5677071.056,6431897.193],[5677073.346,6431889.829],[5677077.864,6431880.814],[5677080.414,6431877.49],[5677083,6431874.433],[5677086.219,6431869.175],[5677089.563,6431859.499],[5677092.829,6431850.051],[5677097.353,6431836.96],[5677101.681,6431824.439],[5677106.039,6431812.565],[5677109.52,6431804.338],[5677114.023,6431793.152],[5677114.825,6431786.038],[5677117.194,6431778.446],[5677120.45,6431776.768],[5677122.764,6431774.127],[5677126.548,6431769.446],[5677130.082,6431763.277],[5677132.488,6431759.266],[5677135.71,6431750.312],[5677138.149,6431743.255],[5677140.352,6431736.88],[5677141.821,6431731.526],[5677141.699,6431725.24],[5677144.679,6431714.037],[5677146.534,6431711.62],[5677151.823,6431705.165],[5677155.12,6431696.364],[5677157.484,6431689.154],[5677159.729,6431685.979],[5677164.47,6431677.423],[5677168.966,6431670.312],[5677172.053,6431663.224],[5677175.167,6431657.164],[5677176.842,6431653.792],[5677183.329,6431635.391],[5677188.793,6431626.957],[5677191.417,6431613.465],[5677195.315,6431608.823],[5677196.868,6431606.174],[5677199.369,6431600.412],[5677200.934,6431596.62],[5677205.294,6431588.06],[5677210.215,6431580.459],[5677213.805,6431572.652],[5677217.977,6431563.9],[5677226.824,6431555.999],[5677229.566,6431549.173],[5677230.746,6431545.758],[5677232.005,6431542.115],[5677234.405,6431535.171],[5677235.585,6431531.756],[5677238.991,6431523.376],[5677245.288,6431518.799],[5677249.803,6431513.478],[5677252.671,6431505.549],[5677253.694,6431502.59],[5677256.093,6431495.646],[5677256.81,6431492.835],[5677256.583,6431485.748],[5677257.547,6431477.799],[5677258.609,6431474.725],[5677260.786,6431467.322],[5677261.747,6431463.066],[5677263.345,6431456.228],[5677266.068,6431447.612],[5677270.385,6431439.547],[5677276.274,6431433.936],[5677278.891,6431431.528],[5677284.304,6431427.664],[5677287.336,6431425.527],[5677291.108,6431421.988],[5677292.963,6431419.571],[5677295.827,6431412.022],[5677298.187,6431405.193],[5677306.265,6431391.036],[5677309.388,6431384.215],[5677313.03,6431375.152],[5677314.52,6431371.207],[5677319.274,6431361.509],[5677323.046,6431357.97],[5677328.336,6431354.829],[5677330.717,6431353.103],[5677349.39836513,6431310.19441329],[5677479.37486881,6431264.53744381],[5677746.94264001,6431207.25792269],[5677995.39843156,6431092.69882688],[5678224.74224347,6430997.23294049],[5678282.07818241,6430920.86020995],[5678358.52610101,6430691.74201832],[5678370.19271035,6430446.98495119],[5678377.63813678,6430290.78526334],[5678301.19016206,6430004.3875506],[5678186.51828417,6429870.73529893],[5678071.84635016,6429527.05806507],[5678013.16171332,6429292.55038777],[5677989.81503112,6429151.4424971],[5677989.81503112,6429061.69401816],[5677955.60457408,6428890.81003491],[5677921.39411704,6428719.92605166],[5677818.76274592,6428549.04212199],[5677818.76274592,6428343.98134209],[5677750.34188796,6428207.27415549],[5677716.13143092,6428002.21342917],[5677716.13143092,6427797.15264927],[5677647.71051684,6427660.44551624],[5677511.691,6427659.782],[5677511.47,6427648.372],[5677508.515,6427644.262],[5677499.769,6427631.151],[5677491.876,6427616.271],[5677484.404,6427599.48],[5677476.733,6427579.756],[5677471.956,6427564.122],[5677468.588,6427551.271],[5677464.278,6427534.834],[5677458.127,6427507.14],[5677456.846,6427501.256],[5677448.969,6427472.996],[5677444.53,6427455.287],[5677438.753,6427436.867],[5677434.074,6427420.308],[5677429.747,6427404.548],[5677426.639,6427390.281],[5677424.5,6427377.014],[5677423.239,6427366.903],[5677421.09,6427351.583],[5677418.774,6427331.566],[5677416.758,6427318.339],[5677413.919,6427299.334],[5677413.938,6427293.406],[5677418.024,6427281.827],[5677417.967,6427277.943],[5677414.207,6427262.861],[5677408.975,6427245.621],[5677407.775,6427239.83],[5677403.079,6427210.491],[5677401.898,6427198.772],[5677399.389,6427188.118],[5677402.401,6427176.449],[5677406.05,6427171.207],[5677413.84,6427170.826],[5677429.165,6427164.734],[5677429.221,6427156.472],[5677428.321,6427145.954],[5677421.465,6427136.716],[5677400.475,6427134.529],[5677384.427,6427137.477],[5677364.761,6427144.16],[5677345.446,6427153.86],[5677333.299,6427160.346],[5677308.783,6427175.587],[5677303.678,6427179.229],[5677281.013,6427189.444],[5677266.174,6427193.908],[5677255.148,6427193.461],[5677246.673,6427191.4],[5677238.494,6427188.474],[5677227.9,6427185.139],[5677218.554,6427183.609],[5677206.655,6427187.143],[5677192.021,6427191.815],[5677186.241,6427191.363],[5677173.616,6427192.165],[5677165.192,6427191.778],[5677148.574,6427202.674],[5677147.614,6427210.35],[5677153.711,6427224.849],[5677161.563,6427236.634],[5677177.198,6427267.08],[5677188.337,6427284.401],[5677194.137,6427294.107],[5677201.434,6427311.361],[5677208.541,6427332.414],[5677214.552,6427350.609],[5677224.022,6427379.506],[5677226.451,6427396.066],[5677226.957,6427406.727],[5677229.292,6427418.701],[5677229.601,6427424.879],[5677229.343,6427441.627],[5677229.116,6427450.796],[5677229.08,6427459.201],[5677228.383,6427470.556],[5677224.759,6427484.225],[5677212.699,6427505.231],[5677199.212,6427511.398],[5677171.537,6427517.282],[5677165.42,6427517.819],[5677143.078,6427516.966],[5677128.287,6427514.408],[5677120.391,6427512.268],[5677104.445,6427506.418],[5677096.352,6427502.832],[5677089.836,6427498.264],[5677085.452,6427489.87],[5677084.199,6427479.782],[5677086.326,6427473.745],[5677075.707,6427455.911],[5677069.398,6427454.175],[5677061.921,6427454.248],[5677047.802,6427462.269],[5677035.969,6427468.034],[5677022.538,6427475.048],[5677000.675,6427492.022],[5676995.898,6427508.058],[5676996.275,6427525.575],[5676993.612,6427537.639],[5676985.343,6427557.039],[5676969.813,6427565.96],[5676950.006,6427572.042],[5676939.064,6427577.421],[5676931.807,6427587.781],[5676927.924,6427599.982],[5676928.823,6427610.501],[5676931.58,6427621.239],[5676939.369,6427633.002],[5676948.802,6427642.98],[5676966.275,6427652.248],[5676975.019,6427660.197],[5676984.804,6427670.156],[5676993.65,6427684.488],[5676999.368,6427700.099],[5677000.063,6427713.446],[5676996.236,6427723.458],[5676985.598,6427738.877],[5676977.792,6427750.844],[5676959.846,6427765.841],[5676941.601,6427754.792],[5676935.191,6427749.709],[5676920.181,6427739.9],[5676895.692,6427738.866],[5676880.761,6427741.781],[5676854.168,6427752.588],[5676843.912,6427766.481],[5676837.09320947,6427776.52444557],[5676827.177,6427782.581],[5676820.38,6427782.886],[5676811.436,6427779.975],[5676800.986,6427773.79],[5676781.659,6427766.926],[5676756.575,6427762.378],[5676752.804,6427761.092],[5676735.098,6427746.639],[5676731.428,6427742.628],[5676721.804,6427733.413],[5676715.588,6427727.154],[5676709.274,6427720.172],[5676697.697,6427706.565],[5676683.147,6427692.773],[5676673.588,6427686.202],[5676658.979,6427684.121],[5676655.155,6427684.611],[5676630.79,6427692.728],[5676618.441,6427695.557],[5676607.496,6427698.312],[5676596.698,6427697.805],[5676590.412,6427695.8],[5676578.897,6427691.323],[5676573.561,6427689.366],[5676541.407,6427682.684],[5676533.351,6427679.8],[5676519.88,6427674.38],[5676510.402,6427671.011],[5676493.472,6427667.034],[5676485.638,6427667.952],[5676472.586,6427667.781],[5676442.787,6427661.073],[5676434.096,6427657.42],[5676424.795,6427652.318],[5676414.71,6427647.086],[5676404.415,6427642.472],[5676384.973,6427640.399],[5676370.201,6427647.094],[5676352.567,6427658.747],[5676341.946,6427665.615],[5676323.465,6427677.118],[5676308.14,6427686.246],[5676281.14,6427696.225],[5676261.434,6427699.582],[5676241.287,6427700.994],[5676219.945,6427706.795],[5676208.746,6427707.97],[5676189.885,6427706.011],[5676164.372,6427699.735],[5676142.747,6427698.179],[5676125.008,6427694.754],[5676098.024,6427693.146],[5676067.725,6427693.168],[5676057.598,6427694.132],[5676027.788,6427695.149],[5676006.986,6427695.648],[5675980.551,6427695.469],[5675960.581,6427692.112],[5675940.487,6427691.748],[5675922.133,6427693.772],[5675904.54,6427696.193],[5675887.683,6427696.657],[5675874.432,6427695.452],[5675850.913,6427694.611],[5675830.201,6427697.073],[5675807.343,6427699.356],[5675787.752,6427700.958],[5675757.639,6427707.115],[5675741.049,6427710.844],[5675714.271,6427718.553],[5675692.348,6427725.984],[5675671.971,6427733.942],[5675655.005,6427741.407],[5675635.302,6427750.423],[5675622.469,6427754.467],[5675599.024,6427761.103],[5675592.002,6427764.092],[5675585.927,6427767.541],[5675566.207,6427779.036],[5675548.281,6427788.105],[5675529.027,6427791.754],[5675513.233,6427793.961],[5675492.114,6427798.63],[5675436.00662223,6427804.90240721],[5675429.613,6427783.293],[5675420.370433766,6427752.054623655],[5675408.906,6427702.045],[5675401.958,6427692.321],[5675344.607841795,6427717.386576357],[5675240.704,6427762.799],[5675018.794,6427860.244],[5674857.84,6427930.169],[5674819.868,6427947.091],[5674661.956,6428050.704],[5674450.162,6428197.838],[5674435.137,6428204.18],[5674275.373,6428313.901],[5674261.652,6428307.262],[5674124.071,6428397.354],[5674120.23223802,6428443.81620627],[5674128.155,6428531.714],[5674136.825,6428630.569],[5674145.241,6428712.038],[5674159.617,6428809.238],[5674159.12118664,6428815.554374918]]]}},{"type":"Feature","properties":{},"geometry":{"type":"Polygon","coordinates":[[[5671956.645515223,6425965.76485567],[5671952.152,6425977.138],[5671944.861,6426043.349],[5671939.823139046,6426159.974478184],[5671932.261,6426294.647],[5671933.291,6426451.79],[5671937.597,6426579.958],[5671942.269,6426702.157],[5671956.078,6426921.084],[5671959.831,6427013.467],[5671994.023,6427191.424],[5672025.219,6427353.156],[5672032.15,6427361.945],[5672029.487,6427371.619],[5672083.968,6427648.471],[5672105.755,6427758.047],[5672145.326,6427957.064],[5672152.59,6427993.599],[5672169.729,6428079.798],[5672187.906913738,6428174.634304955],[5672212.6284192195,6428303.609294422],[5672263.344,6428550.034],[5672416.894,6428527.825],[5672434.507,6428523.041],[5672629.25766957,6428495.85278217],[5672711.094,6428484.428],[5672807.158,6428470.429],[5672865.431,6428461.937],[5672890.642,6428458.527],[5673019.8014451,6428441.05833738],[5673174.26,6428420.168],[5673200.581,6428449.495],[5673215.485,6428554.226],[5673234.039,6428684.6],[5673311.985,6428698.796],[5673316.378,6428699.637],[5673317.528,6428699.847],[5673395.917,6428714.148],[5673401.119,6428715.097],[5673412.71,6428716.24],[5673419.061,6428716.799],[5673459.25,6428723.577],[5673580.916,6428744.098],[5673584.595,6428744.415],[5673712.869,6428762.682],[5673715.102,6428763],[5673751.05162547,6428767.57857542],[5673777.69647237,6428770.97208619],[5673832.273,6428777.923],[5673849.831,6428780.159],[5673950.882,6428793.029],[5673955.851,6428793.662],[5674132.035,6428817.408],[5674159.12118664,6428815.554374918],[5674159.617,6428809.238],[5674145.241,6428712.038],[5674136.825,6428630.569],[5674128.155,6428531.714],[5674120.23223802,6428443.81620627],[5674124.071,6428397.354],[5674261.652,6428307.262],[5674275.373,6428313.901],[5674435.137,6428204.18],[5674450.162,6428197.838],[5674661.956,6428050.704],[5674819.868,6427947.091],[5674799.013,6427940.505],[5674660.374,6427676.42],[5674511.856,6427377.6],[5674456.84,6427267.434],[5674250.781,6427372.558],[5674041.4586124,6426964.07367618],[5673692.134,6427035.303],[5673606.76565868,6427052.81374093],[5673516.37616244,6426881.05333949],[5673353.9824922,6426572.46878979],[5673025.238,6426644.66],[5673013.446,6426657.86],[5672521.091,6426763.94],[5672508.299,6426746.859],[5672477.25803579,6426636.87613537],[5672435.891,6426482.933],[5672400.779215763,6426343.119122536],[5672374.886,6426240.015],[5672335.624,6426101.7],[5672326.922,6426055.468],[5671962.81605692,6425950.14713595],[5671956.645515223,6425965.76485567]]]}},{"type":"Feature","properties":{},"geometry":{"type":"Polygon","coordinates":[[[5674164.41561504,6431406.64305864],[5674191.47196033,6431407.71970045],[5674194.38,6431407.329],[5674198.283,6431406.916],[5674202.879,6431406.244],[5674206.307,6431405.431],[5674209.258,6431403.853],[5674211.625,6431402.203],[5674213.517,6431400.154],[5674215.187,6431397.302],[5674216.307,6431393.904],[5674216.99,6431390.362],[5674217.454,6431387.113],[5674217.702,6431384.521],[5674218.095,6431381.856],[5674218.853,6431379.19],[5674219.721,6431376.559],[5674220.697,6431373.6],[5674221.564,6431370.97],[5674222.614,6431368.157],[5674223.773,6431365.38],[5674225.187,6431362.2],[5674226.675,6431359.532],[5674228.744,6431356.204],[5674231.433,6431352.474],[5674234.415,6431348.961],[5674237.725,6431345.557],[5674241.001,6431342.627],[5674243.878,6431340.903],[5674246.356,6431339.655],[5674247.68600002,6431338.938999989],[5674249.016,6431338.223],[5674251.494,6431336.975],[5674254.847,6431335.65],[5674258.239,6431334.947],[5674260.792,6431334.574],[5674263.347,6431334.566],[5674266.814,6431334.737],[5674269.771,6431334.984],[5674274.08,6431335.919],[5674278.245,6431337.293],[5674280.656,6431338.089],[5674284.199,6431339.136],[5674287.633,6431340.512],[5674291.033,6431342.363],[5674295.421,6431345.269],[5674297.836,6431347.159],[5674300.214,6431349.159],[5674302.447,6431351.232],[5674304.679,6431353.305],[5674306.876,6431355.488],[5674308.926,6431357.744],[5674310.831,6431360.074],[5674312.736,6431362.404],[5674314.86,6431364.806],[5674316.729,6431367.245],[5674318.648495799,6431369.357381718],[5674319.043536821,6431369.831971788],[5674320.758,6431371.977],[5674322.661379342,6431374.178335935],[5674324.2,6431375.907],[5674327.131,6431379.548],[5674328.853,6431381.695],[5674330.758,6431384.025],[5674332.846,6431386.537],[5674335.226,6431389.266],[5674337.862,6431391.959],[5674340.571,6431394.432],[5674343.424,6431396.832],[5674345.95,6431399.123],[5674348.438,6431401.159],[5674350.816,6431403.159],[5674353.194,6431405.158],[5674355.28,6431406.94],[5674359.194,6431409.811],[5674361.461,6431411.41],[5674364.204,6431413.408],[5674367.057,6431415.443],[5674369.946,6431417.368],[5674374.59,6431420.237],[5674378.612,6431422.779],[5674382.927,6431425.539],[5674384.975,6431427.066],[5674387.024,6431428.592],[5674389.036,6431430.228],[5674392.91848535,6431433.56878737],[5674432.506948921,6431504.95484416],[5674465.584229421,6431591.439064457],[5674532.564310608,6431673.701791287],[5674548.2088155765,6431687.712844901],[5674585.225393181,6431718.0013413],[5674677.419500856,6431751.048152868],[5674714.404,6431763.921],[5674716.823,6431765.396],[5674719.356,6431766.91],[5674719.801159008,6431767.214365445],[5674721.623,6431768.46],[5674725.481,6431770.561],[5674726.102134904,6431770.838283627],[5674728.019,6431771.694],[5674729.317881217,6431772.687775155],[5674730.285,6431773.244],[5674739.39,6431779.328],[5674744.9514137795,6431781.974050241],[5674745.296,6431782.138],[5674751.588,6431784.572],[5674754.165,6431785.592],[5674758.138,6431787.733],[5674758.7825183,6431788.20719383],[5674761.082,6431789.899],[5674764.328,6431792.298],[5674768.143,6431794.893],[5674772.265,6431797.34],[5674774.496,6431798.622],[5674778.582,6431800.802],[5674781.877,6431802.326],[5674786.156,6431804.317],[5674790.054,6431806.305],[5674792.92,6431808.699],[5674794.368,6431811.876],[5674795.198,6431815.731],[5674795.618,6431818.934],[5674795.74,6431821.524],[5674795.472,6431824.872],[5674795.367,6431827.383],[5674796.473,6431830.442],[5674797.855,6431832.704],[5674798.913200402,6431834.779102562],[5674799.828,6431836.573],[5674801.993,6431840.253],[5674804.578,6431843.824],[5674806.306,6431845.824],[5674808.183,6431848.131],[5674810.471,6431851.089],[5674812.5970578,6431854.360514075],[5674814.627,6431857.115],[5674816.871,6431860.568],[5674817.853812533,6431861.705514506],[5674818.599,6431862.568],[5674820.322,6431864.948],[5674821.967,6431867.557],[5674824.355,6431871.696],[5674826.455,6431874.462],[5674828.717,6431876.392],[5674831.329,6431877.679],[5674834.474,6431878.896],[5674839.064,6431880.359],[5674842.18,6431880.928],[5674844.919,6431881.113],[5674848.003,6431881.034],[5674848.612878751,6431880.984510144],[5674851.281,6431880.768],[5674853.946,6431880.799],[5674857.411,6431880.726],[5674858.765,6431880.503],[5674867.677,6431878.675],[5674868.211,6431878.605],[5674868.880214443,6431878.393610441],[5674869.777,6431878.129],[5674870.771,6431877.836],[5674871.917,6431877.469],[5674872.945,6431877.443],[5674873.667,6431877.565],[5674874.503,6431877.727],[5674875.299,6431878.003],[5674876.437,6431878.397],[5674877.688,6431878.831],[5674879.167,6431879.343],[5674880.987,6431879.973],[5674882.807,6431880.604],[5674883.945,6431880.998],[5674884.702,6431881.387],[5674885.726,6431881.742],[5674886.671,6431882.324],[5674887.769,6431882.832],[5674888.867,6431883.34],[5674890.114,6431884.154],[5674891.286,6431884.815],[5674892.118,6431885.357],[5674892.687,6431885.554],[5674893.295,6431885.638],[5674894.546,6431886.071],[5674895.684,6431886.465],[5674896.935,6431886.899],[5674898.073,6431887.293],[5674898.983,6431887.608],[5674899.665,6431887.844],[5674900.234,6431888.041],[5674901.14238417,6431888.355938487],[5674902.171986946,6431888.712493534],[5674903.647,6431889.223],[5674907.12807451,6431890.42944583],[5674911.724,6431892.021],[5674923.033,6431898.359],[5674931.743855686,6431900.908420194],[5674943.217,6431904.458],[5674946.857,6431905.719],[5674949.246,6431906.547],[5674951.635,6431907.374],[5674955.542,6431908.6],[5674957.931,6431909.428],[5674961.611,6431910.575],[5674964.569,6431911.599],[5674967.868,6431912.742],[5674970.256,6431913.569],[5674972.759,6431914.436],[5674975.262,6431915.303],[5674978.031,6431916.135],[5674981.295,6431917.011],[5674985.247,6431917.742],[5674988.852,6431918.736],[5674991.547,6431919.415],[5674994.999,6431920.483],[5674997.769,6431921.315],[5675001.715,6431922.427],[5675004.446,6431923.373],[5675007.29,6431924.358],[5675010.361,6431925.422],[5675013.546,6431926.525],[5675016.504,6431927.55],[5675019.724,6431928.92],[5675023.281,6431930.789],[5675027.289,6431933.197],[5675031.296,6431935.604],[5675042.261,6431942.205],[5675045.743,6431943.92],[5675048.998,6431945.558],[5675053.96,6431947.786],[5675056.651,6431948.845],[5675059.07,6431950.32],[5675062.04,6431953.515],[5675065.199,6431956.902],[5675067.006,6431958.675],[5675068.966,6431960.373],[5675070.886,6431962.185],[5675074.233,6431965.765],[5675077.273,6431969.494],[5675079.001,6431971.494],[5675081.031,6431973.725],[5675082.868,6431976.146],[5675085.909,6431979.874],[5675088.459,6431983.178],[5675090.589,6431986.592],[5675093.244,6431990.697],[5675096.643,6431999.645],[5675096.733875428,6431999.944640966],[5675099.795,6432010.038],[5675103.763,6432015.872],[5675108.349505969,6432020.8974764645],[5675111.244,6432024.069],[5675112.919,6432027.324],[5675114.564,6432029.933],[5675115.981,6432032.462],[5675118.041,6432035.342],[5675119.721,6432038.217],[5675121.173,6432041.013],[5675122.437,6432043.617],[5675123.528429342,6432046.860211213],[5675124.645,6432050.115],[5675125.529,6432052.714],[5675127.016,6432055.778],[5675128.092,6432058.189],[5675132.972,6432073.894],[5675142.639,6432087.18],[5675145.413,6432090.944],[5675146.935,6432094.274],[5675155.346,6432110.82],[5675157.253,6432113.774],[5675159.2,6432116.614],[5675161.549,6432120.867],[5675163.591,6432125.27],[5675165.2243319,6432128.304895856],[5675169.448,6432135.58],[5675172.033,6432139.151],[5675174.732,6432142.761],[5675176.495,6432145.028],[5675179.046,6432148.332],[5675182.348,6432152.407],[5675185.883,6432156.179],[5675187.904,6432159.172],[5675189.518,6432161.133],[5675191.579,6432164.013],[5675193.499,6432165.825],[5675195.805,6432167.26],[5675199.165,6432169.698],[5675200.893,6432171.698],[5675212.793,6432179.642],[5675224.28686386,6432187.7534372],[5675229.27,6432190.191],[5675242.654,6432194.954],[5675243.53482961,6432195.161361172],[5675268.123,6432201.61],[5675271.965,6432201.921],[5675276.472,6432200.68],[5675279.032,6432199.91],[5675282.121,6432199.451],[5675287.534,6432198.905],[5675293.213,6432201.637],[5675295.549,6432203.72],[5675299.653,6432204.377],[5675302.169,6432204.102],[5675304.764,6432203.599],[5675308.199,6432202.878],[5675311.516,6432202.498],[5675314.417,6432201.847],[5675316.942,6432200.81],[5675319.393,6432199.62],[5675321.996,6432198.356],[5675325.935,6432196.918],[5675328.692,6432195.579],[5675331.295,6432194.315],[5675333.711,6432192.859],[5675335.973,6432191.476],[5675338.31,6432190.247],[5675342.782,6432188.739],[5675345.644,6432188.201],[5675350.029,6432187.681],[5675351.021172821,6432187.621849089],[5675355.363,6432187.363],[5675359.673,6432186.69],[5675362.495,6432186.266],[5675367.973,6432186.634],[5675371.583,6432187.248],[5675376.409,6432188.028],[5675379.183,6432188.479],[5675381.922,6432188.663],[5675385.003,6432188.966],[5675389.755,6432189.592],[5675393.369,6432189.825],[5675397.333,6432189.414],[5675399.889,6432189.025],[5675404.619,6432188.243],[5675408.618,6432188.1],[5675412.062,6432186.617],[5675414.294,6432184.587],[5675416.806,6432181.38],[5675419.17,6432177.867],[5675421.415,6432174.695],[5675423.341,6432172.814],[5675427.922,6432171.725],[5675430.627,6432171.643],[5675433.593,6432171.906],[5675436.328,6432172.471],[5675440.69,6432173.854],[5675448.561,6432177.982],[5675450.867,6432179.418],[5675452.905,6432180.888],[5675455.058,6432182.399],[5675458.75,6432185.716],[5675461.611,6432188.491],[5675463.829,6432190.915],[5675466.454,6432194.372],[5675468.698,6432197.825],[5675483.40496247,6432210.40054187],[5675485.401,6432211.765],[5675487.208,6432213.537],[5675493.779,6432221.419],[5675500.219,6432227.472],[5675505.167,6432230.842],[5675507.66585294,6432232.76292075],[5675510.998,6432236.812],[5675514.126,6432239.551],[5675516.625,6432240.799],[5675519.845,6432242.169],[5675523.367,6432243.771],[5675526.884,6432245.754],[5675530.249,6432247.811],[5675533.876,6432250.214],[5675537.918,6432252.889],[5675542.377,6432255.834],[5675545.78,6432257.778],[5675549.911,6432259.463],[5675552.295,6432260.671],[5675555.117,6432263.56],[5675556.727,6432265.901],[5675557.995,6432268.124],[5675559.893,6432271.84],[5675561.98,6432275.747],[5675564.697,6432277.835],[5675567.856,6432277.91],[5675574.083,6432276.117],[5675580.423,6432274.364],[5675584.353,6432273.686],[5675587.21,6432273.53],[5675591.533,6432275.027],[5675591.948,6432278.611],[5675592.49,6432281.092],[5675598.777,6432283.906],[5675602.396,6432283.758],[5675604.877,6432283.216],[5675607.704,6432282.412],[5675610.951,6432281.498],[5675614.202,6432280.203],[5675618.328,6432278.957],[5675621.042,6432278.113],[5675623.833,6432277.042],[5675626.739,6432276.01],[5675629.951,6432274.829],[5675632.747,6432273.377],[5675637.421,6432270.918],[5675641.101,6432268.753],[5675644.248,6432266.658],[5675647.858,6432263.959],[5675649.976,6432261.89],[5675652.13,6432260.087],[5675654.475,6432258.097],[5675656.821,6432256.106],[5675658.821,6432254.378],[5675665.473,6432248.783],[5675667.709,6432246.373],[5675669.793,6432244.037],[5675671.683,6432241.889],[5675674.454,6432239.408],[5675677.159,6432236.013],[5675678.782,6432233.9],[5675681.986,6432230.168],[5675683.872,6432228.401],[5675686.406,6432226.603],[5675689.089,6432225.111],[5675693.57113539,6432222.60782679],[5675640.83418537,6431693.30370115],[5675627.672,6431561.199],[5675612.318,6431425.289],[5675596.901,6431281.839],[5675600.214,6431275.215],[5675595.101,6431266.437],[5675582.25439758,6431145.00898516],[5675545.549,6430789.335],[5675527.904692128,6430618.362290003],[5675515.93460837,6430512.08235159],[5675498.803,6430355.631],[5675491.48450197,6430281.8090522],[5675488.313,6430249.818],[5675460.533,6430111.897],[5675453.961,6430068.34],[5675452.827,6430051.385],[5675446.81847442,6429997.51829077],[5675438.969538504,6429927.152217898],[5675434.628,6429876.528],[5675429.16807122,6429825.21772283],[5675415.897,6429700.519],[5675398.263,6429526.408],[5675396.655,6429509.93],[5675382.934,6429369.289],[5675366.849,6429221.074],[5675363.889,6429217.065],[5675084.779,6429225.191],[5674957.572,6429228.708],[5674823.284,6429231.372],[5674592.763,6429234.421],[5674469.852,6429236.046],[5674440.65010659,6429237.2808192],[5674116.024448018,6429247.042243217],[5674050.904,6429245.66],[5673900.04,6429253.805],[5673824.879,6429251.177],[5673771.41998917,6429253.78967561],[5673719.646,6429256.32],[5673606.184,6429255.468],[5673604.725,6429255.486],[5673620.869,6429330.672],[5673659.396,6429515.942],[5673684.225,6429637.754],[5673705.818,6429740.271],[5673705.461,6429754.615],[5673708.33,6429805.493],[5673711.45443913,6429860.8924209],[5673460.21523287,6429906.64047875],[5673465.7446251,6429928.00046177],[5673504.37065504,6430077.21240229],[5673508.65739722,6430093.77204146],[5673498.94295958,6430096.13916303],[5673519.02191754,6430188.40051425],[5673538.569,6430278.223],[5673571.24642361,6430431.77827338],[5673572.254,6430436.513],[5673572.68672545,6430438.37581212],[5673576.78539302,6430456.01990406],[5673597.812,6430546.536],[5673632.87761771,6430697.80046414],[5673641.158,6430733.52],[5673645.305,6430751.411],[5673667.058,6430853.232],[5673691.446,6430967.385],[5673702.48355968,6431032.35408853],[5673703.46427945,6431060.79908054],[5673739.40883592,6431089.5264645],[5673754.821,6431151.373],[5673753.881,6431154.222],[5673753.415,6431156.742],[5673753.206,6431159.954],[5673753.581,6431163.237],[5673754.65,6431166.628],[5673755.791,6431169.799],[5673757.002,6431172.022],[5673758.724,6431174.169],[5673760.519,6431176.463],[5673762.789,6431178.791],[5673764.693,6431180.756],[5673766.998,6431182.61],[5673769.011,6431184.611],[5673771.646,6431186.939],[5673774.132,6431188.61],[5673776.4,6431190.208],[5673779.252,6431191.878],[5673781.884,6431193.476],[5673785.174,6431195.29],[5673788.61,6431197.031],[5673791.644,6431198.518],[5673795.663,6431199.966],[5673799.608,6431201.267],[5673802.603,6431202.134],[5673806.037,6431203.145],[5673827.03,6431206.182],[5673830.499,6431206.718],[5673834.442,6431207.29],[5673838.386,6431208.227],[5673842.111,6431209.091],[5673845.399,6431210.176],[5673848.139,6431211.08],[5673850.659,6431211.911],[5673854.532,6431213.432],[5673858.15,6431214.99],[5673860.344,6431216.443],[5673862.978,6431218.405],[5673865.905,6431220.951],[5673868.833,6431223.496],[5673871.395,6431226.043],[5673873.884,6431228.444],[5673876.409,6431230.735],[5673879.008,6431233.172],[5673881.606,6431235.609],[5673883.949,6431237.719],[5673885.779,6431239.538],[5673888.634,6431242.302],[5673891.199,6431245.579],[5673893.398,6431248.856],[5673895.999,6431252.023],[5673899.074,6431254.86],[5673903.169,6431257.548],[5673905.764,6431258.89],[5673908.724,6431259.867],[5673911.792,6431260.879],[5673914.97,6431261.927],[5673918.111,6431262.721],[5673921.216,6431263.623],[5673924.43,6431264.562],[5673927.426,6431265.429],[5673929.982,6431266.151],[5673932.649,6431266.909],[5673937.361,6431268.463],[5673942.037,6431269.763],[5673944.593,6431270.485],[5673947.479,6431271.315],[5673950.109,6431272.183],[5673952.52,6431272.978],[5673956.685,6431274.352],[5673960.924,6431276.237],[5673965.09,6431277.975],[5673966.57351092,6431278.54830763],[5673969.401,6431279.641],[5673971.849,6431280.692],[5673974.7,6431281.996],[5673977.843,6431283.519],[5673979.913,6431284.432],[5673984.855,6431288.762],[5673990.092,6431293.595],[5673994.746,6431299.008],[5673997.364,6431303.261],[5674004.928,6431307.514],[5674013.364,6431310.414],[5674028.198,6431312.97],[5674029.137,6431313.687],[5674031.405,6431315.286],[5674034.843,6431317.757],[5674037.952,6431320.119],[5674041.101,6431323.467],[5674043.887,6431327.545],[5674046.199,6431331.589],[5674047.305,6431335.235],[5674047.279,6431338.629],[5674047.652,6431341.182],[5674049.49,6431345.556],[5674050.739,6431348.034],[5674051.95,6431350.256],[5674053.711,6431353.389],[5674055.726,6431355.755],[5674059.384,6431358.663],[5674062.126,6431360.297],[5674064.794,6431361.42],[5674067.205,6431362.215],[5674069.652,6431362.901],[5674072.647,6431363.768],[5674075.934,6431364.487],[5674079.476,6431365.17],[5674083.054,6431365.743],[5674086.449,6431366.134],[5674089.553,6431366.671],[5674092.583,6431367.063],[5674096.089,6431367.855],[5674100.143,6431368.828],[5674101.951,6431369.366],[5674108.281,6431369.757],[5674114.531,6431371.288],[5674121.439,6431373.474],[5674132.295,6431380.033],[5674139.167,6431387.333],[5674140.272,6431387.9],[5674143.27,6431389.496],[5674145.756,6431391.167],[5674148.06,6431392.656],[5674150.108,6431394.183],[5674153.986,6431397.163],[5674157.461,6431399.889],[5674160.279,6431402.399],[5674164.41561504,6431406.64305864]]]}},{"type":"Feature","properties":{},"geometry":{"type":"Polygon","coordinates":[[[5673694.01656135,6431053.24833428],[5673702.48355968,6431032.35408853],[5673691.446,6430967.385],[5673667.058,6430853.232],[5673645.305,6430751.411],[5673641.158,6430733.52],[5673632.87761771,6430697.80046414],[5673597.812,6430546.536],[5673576.78539302,6430456.01990406],[5673572.68672545,6430438.37581212],[5673572.254,6430436.513],[5673571.24642361,6430431.77827338],[5673538.569,6430278.223],[5673519.02191754,6430188.40051425],[5673498.94295958,6430096.13916303],[5673508.65739722,6430093.77204146],[5673504.37065504,6430077.21240229],[5673465.7446251,6429928.00046177],[5673460.21523287,6429906.64047875],[5673711.45443913,6429860.8924209],[5673708.33,6429805.493],[5673705.461,6429754.615],[5673705.818,6429740.271],[5673684.225,6429637.754],[5673659.396,6429515.942],[5673620.869,6429330.672],[5673604.725,6429255.486],[5673606.184,6429255.468],[5673719.646,6429256.32],[5673771.41998917,6429253.78967561],[5673824.879,6429251.177],[5673900.04,6429253.805],[5674050.904,6429245.66],[5674116.024448018,6429247.042243217],[5674121.213,6429202.687],[5674128.35184063,6429136.70557111],[5674147.329,6428965.78],[5674153.053,6428879.714],[5674159.12118664,6428815.554374918],[5674132.035,6428817.408],[5673955.851,6428793.662],[5673950.882,6428793.029],[5673849.831,6428780.159],[5673832.273,6428777.923],[5673777.69647237,6428770.97208619],[5673751.05162547,6428767.57857542],[5673715.102,6428763],[5673712.869,6428762.682],[5673584.595,6428744.415],[5673580.916,6428744.098],[5673459.25,6428723.577],[5673419.061,6428716.799],[5673412.71,6428716.24],[5673401.119,6428715.097],[5673395.917,6428714.148],[5673317.528,6428699.847],[5673316.378,6428699.637],[5673311.985,6428698.796],[5673234.039,6428684.6],[5673215.485,6428554.226],[5673200.581,6428449.495],[5673174.26,6428420.168],[5673019.8014451,6428441.05833738],[5672890.642,6428458.527],[5672865.431,6428461.937],[5672807.158,6428470.429],[5672711.094,6428484.428],[5672629.25766957,6428495.85278217],[5672434.507,6428523.041],[5672416.894,6428527.825],[5672263.344,6428550.034],[5672239.711,6428553.296],[5672234.244,6428554.243],[5672221.682,6428556.06],[5672194.696,6428559.67],[5671939.335,6428593.833],[5671926.704,6428595.43],[5671889.094,6428599.858],[5671884.711,6428599.619],[5671880.267,6428598.947],[5671876.317,6428598.029],[5671872.945,6428597.031],[5671739.58,6428536.042],[5671659.701,6428501.343],[5671658.471,6428504.818],[5671652.508,6428522.669],[5671645.483,6428565.3],[5671623.588,6428678.729],[5671622.901,6428681.145],[5671595.254,6428821.515],[5671582.463,6428855.125],[5671553.777,6428927.32],[5671521.333,6429009.685],[5671508.882,6429041.507],[5671440.338,6429216.686],[5671436.069,6429225.694],[5671393.331,6429335.771],[5671382.668,6429363.234],[5671302.171,6429569.652],[5671264.541,6429666.992],[5671432.54216446,6429840.25017182],[5671619.49645807,6430033.0545445],[5671631.656,6429999.248],[5671652.393,6429948.69],[5671687.329,6429862.106],[5671704.86391915,6429816.64803405],[5671799.84,6429851.104],[5671837.381,6429865.087],[5671931.467,6429900.244],[5672052.853,6429944.4],[5672078.492,6429955.851],[5672079.861,6429958.593],[5672077.98,6429966.744],[5672033.176,6430095.49],[5672145.216,6430136.283],[5672223.70522358,6430164.29140082],[5672232.99812464,6430195.82581393],[5672233.890537821,6430226.585054018],[5672274.27493758,6430206.41273465],[5672319.72953149,6430206.41273465],[5672347.00225416,6430224.576703],[5672366.18013509,6430227.76985367],[5672372.29994646,6430228.78881295],[5672401.54781176,6430233.65863361],[5672447.00234955,6430242.74061778],[5672456.09331322,6430269.98651673],[5672465.71859461,6430267.84967262],[5672537.91153737,6430251.82260196],[5672647.00254031,6430233.65863361],[5672655.70567368,6430240.61428725],[5672692.45713422,6430269.98651673],[5672783.36632204,6430269.98651673],[5672830.985,6430269.624],[5672832.893,6430272.684],[5672834.25,6430274.833],[5672835.973,6430277.345],[5672837.60269148,6430279.3494979],[5672838.134,6430280.003],[5672840.516,6430283.097],[5672842.312,6430285.756],[5672844.148,6430289.399],[5672844.926,6430293.302],[5672844.314,6430295.895],[5672842.906,6430300.899],[5672842.222,6430303.711],[5672841.792,6430306.486],[5672841.399,6430309.151],[5672841.297,6430311.67],[5672841.45186786,6430312.55460899],[5672841.929,6430315.28],[5672842.302,6430317.834],[5672843.117,6430321.627],[5672843.599,6430324.216],[5672843.721,6430328.267],[5672843.584,6430331.26],[5672843.524,6430335.493],[5672843.825,6430338.266],[5672844.199,6430341.184],[5672844.646,6430344.248],[5672845.02,6430347.166],[5672845.436,6430351.8],[5672845.809,6430354.353],[5672846.291,6430356.943],[5672846.738,6430359.642],[5672847.475,6430362.194],[5672848.141,6430364.966],[5672848.843,6430367.628],[5672849.31915324,6430369.73989588],[5672849.62232543,6430371.08456403],[5672849.879,6430372.223],[5672850.915,6430376.818],[5672851.515,6430381.998],[5672851.633,6430384.954],[5672851.898,6430387.836],[5672852.311,6430391.739],[5672853.199,6430395.678],[5672853.422,6430397.741],[5672853.335,6430400.399],[5672853.422,6430402.71],[5672854.204,6430404.964],[5672855.508,6430407.448],[5672858.505,6430412.011],[5672860.414,6430415.8],[5672861.992,6430418.386],[5672864.118,6430421.518],[5672866.942,6430424.398],[5672868.143,6430424.906],[5672869.768,6430425.823],[5672871.98641642,6430427.22649521],[5672874.115,6430428.424],[5672876.578,6430430.426],[5672877.245,6430430.677],[5672879.766,6430432.237],[5672883.154,6430433.231],[5672884.994,6430433.752],[5672888.464,6430434.654],[5672891.641,6430435.337],[5672894.782,6430436.13],[5672897.777,6430436.997],[5672900.553,6430437.791],[5672903.11,6430438.513],[5672905.557,6430439.199],[5672909.646,6430439.697],[5672913.15,6430440.124],[5672918.154,6430441.532],[5672920.748,6430442.509],[5672924.732,6430444.431],[5672929.228,6430446.643],[5672931.494,6430447.877],[5672935.516,6430450.419],[5672939.322,6430453.619],[5672940.824,6430455.694],[5672942.297,6430459.704],[5672943.18,6430462.183],[5672944.137,6430464.808],[5672945.13,6430467.323],[5672946.233,6430469.874],[5672947.116,6430472.353],[5672948.189,6430476.838],[5672948.452,6430479.355],[5672948.607,6430482.201],[5672948.761,6430485.047],[5672948.952,6430487.784],[5672949.399,6430490.483],[5672949.845,6430493.182],[5672950.218,6430495.735],[5672950.743,6430500.405],[5672952.292,6430505.655],[5672953.433,6430508.827],[5672954.536,6430511.378],[5672956.189,6430514.84],[5672957.148,6430518.194],[5672958.545,6430521.328],[5672960.157,6430523.44],[5672962.1,6430526.39],[5672963.861,6430529.158],[5672965.55,6430532.51],[5672968.336,6430536.589],[5672970.684,6430540.523],[5672973.068,6430544.347],[5672975.815,6430547.806],[5672979.035,6430550.569],[5672981.303,6430552.168],[5672984.229,6430554.349],[5672987.193,6430556.785],[5672990.303,6430559.512],[5672992.355,6430562.133],[5672994.885,6430565.884],[5672996.352,6430568.434],[5672997.309,6430571.059],[5672997.89784899,6430572.54011159],[5673000.51718288,6430579.12843197],[5673002.091,6430583.087],[5673003.667,6430585.308],[5673005.687,6430589.499],[5673006.645,6430592.488],[5673007.932,6430595.586],[5673009.072,6430598.393],[5673010.248,6430601.09],[5673011.498,6430603.932],[5673012.638,6430606.739],[5673013.777,6430609.18],[5673017.584,6430613.11],[5673021.205,6430615.763],[5673025.301,6430618.451],[5673029.505,6430620.81],[5673033.672,6430622.913],[5673038.059,6430625.454],[5673042.593,6430628.287],[5673047.274,6430631.411],[5673048.93547223,6430632.59787316],[5673051.699,6430634.572],[5673056.088,6430637.478],[5673060.329,6430640.092],[5673064.387,6430642.525],[5673068.263,6430644.776],[5673072.175,6430647.281],[5673075.978,6430649.751],[5673079.891,6430652.257],[5673083.731,6430654.982],[5673087.242,6430657.234],[5673090.716,6430659.595],[5673093.788,6430661.703],[5673096.786,6430663.664],[5673099.456,6430665.517],[5673101.833,6430667.152],[5673104.174,6430668.896],[5673106.808,6430670.859],[5673108.966,6430672.421],[5673111.453,6430674.092],[5673113.83,6430675.727],[5673117.451,6430678.38],[5673120.853,6430680.96],[5673123.889,6430683.177],[5673127.108,6430685.576],[5673130.986,6430688.921],[5673133.072,6430690.703],[5673135.084,6430692.339],[5673138.816,6430695.393],[5673140.683,6430697.102],[5673142.513,6430698.921],[5673144.454,6430701.141],[5673146.432,6430703.617],[5673148.484,6430706.238],[5673150.462,6430708.714],[5673152.514,6430711.335],[5673154.456,6430713.92],[5673156.361,6430716.249],[5673157.937,6430718.471],[5673159.586,6430720.473],[5673161.198,6430722.584],[5673163.213,6430724.95],[5673165.191,6430727.426],[5673167.315,6430729.828],[5673169.475,6430732.12],[5673171.489,6430734.121],[5673173.355,6430735.831],[5673175.222,6430737.54],[5673178.553,6430741.07],[5673180.348,6430742.998],[5673182.179,6430745.182],[5673183.937,6430747.22],[5673186.248,6430750.899],[5673187.792,6430754.69],[5673189.01,6430759.102],[5673189.9,6430763.77],[5673190.164,6430766.287],[5673190.391,6430768.914],[5673190.508,6430771.505],[5673190.699,6430774.241],[5673190.781,6430776.942],[5673190.935,6430779.788],[5673190.943,6430782.342],[5673191.03,6430786.867],[5673191.11335189,6430790.58841666],[5673190.981,6430794.385],[5673190.811,6430798.582],[5673190.203,6430802.635],[5673189.739,6430805.884],[5673190.227,6430810.299],[5673190.783,6430813.034],[5673190.97806219,6430813.80395454],[5673191.522,6430815.951],[5673192.114,6430818.577],[5673192.81871413,6430821.77221154],[5673193.039,6430822.771],[5673193.746,6430827.257],[5673202.222,6430842.084],[5673203.473,6430845.292],[5673205.673,6430848.569],[5673208.677,6430852.355],[5673212.265,6430856.213],[5673215.997,6430859.267],[5673219.472,6430861.628],[5673222.907,6430863.369],[5673226.342,6430864.745],[5673229.739,6430865.866],[5673234.451,6430867.056],[5673237.409,6430867.667],[5673241.317,6430868.713],[5673245.809,6430869.83],[5673250.703,6430871.202],[5673256.146,6430872.754],[5673260.55624457,6430873.92660803],[5673261.844,6430874.269],[5673267.028,6430875.129],[5673271.922,6430876.136],[5673276.525,6430877.654],[5673280.983,6430879.611],[5673285.48,6430882.188],[5673289.575,6430884.876],[5673293.636,6430888.039],[5673297.113,6430891.495],[5673300.628,6430895.206],[5673304.362,6430898.99],[5673307.402,6430902.302],[5673309.78,6430904.301],[5673312.781,6430906.993],[5673315.237,6430910.598],[5673317.58,6430913.072],[5673320.254,6430916.02],[5673322.598,6430918.859],[5673324.539,6430921.079],[5673326.516,6430923.19],[5673328.603,6430925.337],[5673330.508,6430927.666],[5673332.635,6430931.163],[5673334.393,6430933.201],[5673336.737,6430935.676],[5673339.19,6430938.186],[5673341.605,6430940.441],[5673343.728,6430942.478],[5673345.815,6430944.625],[5673347.682,6430946.699],[5673350.025,6430948.809],[5673353.752,6430950.403],[5673357.259,6430951.56],[5673360.729,6430952.461],[5673364.161,6430953.108],[5673367.373,6430953.317],[5673370.694,6430953.197],[5673374.049,6430952.603],[5673377.514,6430952.044],[5673380.76,6430951.414],[5673384.116,6430950.82],[5673387.544,6430950.006],[5673391.155,6430949.375],[5673395.131,6430948.742],[5673399.18,6430948.255],[5673402.937,6430947.55],[5673406.657,6430946.955],[5673410.122,6430946.396],[5673413.514,6430945.692],[5673416.942,6430944.879],[5673420.625,6430944.028],[5673424.491,6430942.994],[5673428.283,6430942.18],[5673432.15,6430941.511],[5673435.615,6430940.953],[5673438.716,6430940.761],[5673441.6,6430940.861],[5673444.449,6430941.801],[5673447.408,6430942.777],[5673450.257,6430943.717],[5673453.144,6430944.913],[5673456.25,6430946.181],[5673458.956,6430947.924],[5673461.297,6430949.668],[5673463.311,6430952.034],[5673465.472,6430954.327],[5673467.23,6430956.365],[5673467.86768434,6430957.24292253],[5673469.319,6430959.241],[5673472.324,6430963.392],[5673474.594,6430965.721],[5673477.229,6430968.048],[5673479.899,6430969.901],[5673482.897,6430971.863],[5673490.207,6430975.489],[5673493.388,6430977.268],[5673496.495,6430978.9],[5673499.237,6430980.534],[5673503.258,6430982.711],[5673505.889,6430983.944],[5673508.776,6430985.139],[5673511.187,6430985.935],[5673514.911,6430986.434],[5673517.829,6430986.06],[5673521.405,6430985.903],[5673523.923,6430986.005],[5673527.172,6430986.104],[5673530.457,6430986.459],[5673533.013,6430986.816],[5673535.86,6430987.026],[5673540.714,6430987.047],[5673543.925,6430986.891],[5673547.245,6430986.772],[5673550.566,6430986.652],[5673553.996,6430986.568],[5673557.135,6430986.632],[5673559.836,6430986.915],[5673562.538,6430987.199],[5673563.2439687,6430987.30813895],[5673565.313,6430987.628],[5673568.343,6430988.02],[5673571.52,6430988.704],[5673574.625,6430989.606],[5673577.985,6430990.472],[5673580.87,6430991.302],[5673583.499,6430991.805],[5673587.114,6430992.268],[5673590.546,6430992.915],[5673593.211,6430993.308],[5673596.387,6430993.626],[5673599.308,6430993.982],[5673602.009,6430994.266],[5673605.807,6430994.911],[5673608.947,6430995.339],[5673612.379,6430995.985],[5673615.739,6430996.851],[5673619.1,6430998.081],[5673622.682,6430999.749],[5673626.265,6431001.781],[5673629.557,6431004.326],[5673632.448,6431006.981],[5673634.28,6431009.165],[5673637.645,6431011.855],[5673640.096,6431013.635],[5673642.875,6431015.525],[5673646.056,6431017.303],[5673649.491,6431018.679],[5673694.01656135,6431053.24833428]]]}},{"type":"Feature","properties":{},"geometry":{"type":"Polygon","coordinates":[[[5672837.511,6431765.682],[5672878.293,6431780.603],[5672879.56742789,6431781.06903744],[5672882.023,6431781.967],[5672886.731,6431783.69],[5672930.269,6431800.432],[5673056.477,6431848.962],[5673059.779,6431850.232],[5673063.033,6431851.483],[5673064.668,6431852.112],[5673088.162,6431861.246],[5673096.45828834,6431864.47144402],[5673157.013,6431888.014],[5673185.87978484,6431899.23699232],[5673231.828,6431917.101],[5673262.902,6431929.408],[5673310.825,6431948.387],[5673332.819,6431956.493],[5673365.986,6431872.163],[5673380.872,6431835.513],[5673436.8,6431689.06],[5673438.398,6431684.875],[5673448.711,6431657.87],[5673449.061,6431657.028],[5673466.203,6431615.805],[5673468.919,6431609.274],[5673496.925,6431541.926],[5673497.808,6431539.732],[5673500.027,6431534.216],[5673533.357,6431451.381],[5673555.009,6431396.063],[5673564.485,6431368.444],[5673565.675,6431363.732],[5673564.235,6431358.518],[5673561.667,6431354.147],[5673428.834,6431308.503],[5673270.421,6431251.626],[5673268.969,6431251.099],[5673167.319,6431214.21],[5673059.786,6431175.934],[5673001.054,6431330.844],[5672995.81,6431344.676],[5672993.553,6431350.629],[5672977.268,6431393.582],[5672948.08,6431466.588],[5672947.549,6431467.984],[5672943.73730538,6431478.0137992],[5672935.193,6431500.494],[5672927.506,6431516.429],[5672925.769,6431520.829],[5672887.455,6431624.955],[5672869.85416466,6431672.78802158],[5672846.852,6431735.3],[5672837.511,6431765.682]]]}},{"type":"Feature","properties":{},"geometry":{"type":"Polygon","coordinates":[[[5673192.81871413,6430821.77221154],[5673065.892,6431163.616],[5673110.883,6431179.62],[5673140.21181916,6431190.05244289],[5673240.251,6431225.637],[5673249.476,6431228.918],[5673343.065,6431262.712],[5673554.182,6431338.945],[5673575.17202555,6431346.52427966],[5673694.01656135,6431053.24833428],[5673649.491,6431018.679],[5673646.056,6431017.303],[5673642.875,6431015.525],[5673640.096,6431013.635],[5673637.645,6431011.855],[5673634.28,6431009.165],[5673632.448,6431006.981],[5673629.557,6431004.326],[5673626.265,6431001.781],[5673622.682,6430999.749],[5673619.1,6430998.081],[5673615.739,6430996.851],[5673612.379,6430995.985],[5673608.947,6430995.339],[5673605.807,6430994.911],[5673602.009,6430994.266],[5673599.308,6430993.982],[5673596.387,6430993.626],[5673593.211,6430993.308],[5673590.546,6430992.915],[5673587.114,6430992.268],[5673583.499,6430991.805],[5673580.87,6430991.302],[5673577.985,6430990.472],[5673574.625,6430989.606],[5673571.52,6430988.704],[5673568.343,6430988.02],[5673565.313,6430987.628],[5673563.2439687,6430987.30813895],[5673562.538,6430987.199],[5673559.836,6430986.915],[5673557.135,6430986.632],[5673553.996,6430986.568],[5673550.566,6430986.652],[5673547.245,6430986.772],[5673543.925,6430986.891],[5673540.714,6430987.047],[5673535.86,6430987.026],[5673533.013,6430986.816],[5673530.457,6430986.459],[5673527.172,6430986.104],[5673523.923,6430986.005],[5673521.405,6430985.903],[5673517.829,6430986.06],[5673514.911,6430986.434],[5673511.187,6430985.935],[5673508.776,6430985.139],[5673505.889,6430983.944],[5673503.258,6430982.711],[5673499.237,6430980.534],[5673496.495,6430978.9],[5673493.388,6430977.268],[5673490.207,6430975.489],[5673482.897,6430971.863],[5673479.899,6430969.901],[5673477.229,6430968.048],[5673474.594,6430965.721],[5673472.324,6430963.392],[5673469.319,6430959.241],[5673467.86768434,6430957.24292253],[5673467.23,6430956.365],[5673465.472,6430954.327],[5673463.311,6430952.034],[5673461.297,6430949.668],[5673458.956,6430947.924],[5673456.25,6430946.181],[5673453.144,6430944.913],[5673450.257,6430943.717],[5673447.408,6430942.777],[5673444.449,6430941.801],[5673441.6,6430940.861],[5673438.716,6430940.761],[5673435.615,6430940.953],[5673432.15,6430941.511],[5673428.283,6430942.18],[5673424.491,6430942.994],[5673420.625,6430944.028],[5673416.942,6430944.879],[5673413.514,6430945.692],[5673410.122,6430946.396],[5673406.657,6430946.955],[5673402.937,6430947.55],[5673399.18,6430948.255],[5673395.131,6430948.742],[5673391.155,6430949.375],[5673387.544,6430950.006],[5673384.116,6430950.82],[5673380.76,6430951.414],[5673377.514,6430952.044],[5673374.049,6430952.603],[5673370.694,6430953.197],[5673367.373,6430953.317],[5673364.161,6430953.108],[5673360.729,6430952.461],[5673357.259,6430951.56],[5673353.752,6430950.403],[5673350.025,6430948.809],[5673347.682,6430946.699],[5673345.815,6430944.625],[5673343.728,6430942.478],[5673341.605,6430940.441],[5673339.19,6430938.186],[5673336.737,6430935.676],[5673334.393,6430933.201],[5673332.635,6430931.163],[5673330.508,6430927.666],[5673328.603,6430925.337],[5673326.516,6430923.19],[5673324.539,6430921.079],[5673322.598,6430918.859],[5673320.254,6430916.02],[5673317.58,6430913.072],[5673315.237,6430910.598],[5673312.781,6430906.993],[5673309.78,6430904.301],[5673307.402,6430902.302],[5673304.362,6430898.99],[5673300.628,6430895.206],[5673297.113,6430891.495],[5673293.636,6430888.039],[5673289.575,6430884.876],[5673285.48,6430882.188],[5673280.983,6430879.611],[5673276.525,6430877.654],[5673271.922,6430876.136],[5673267.028,6430875.129],[5673261.844,6430874.269],[5673260.55624457,6430873.92660803],[5673256.146,6430872.754],[5673250.703,6430871.202],[5673245.809,6430869.83],[5673241.317,6430868.713],[5673237.409,6430867.667],[5673234.451,6430867.056],[5673229.739,6430865.866],[5673226.342,6430864.745],[5673222.907,6430863.369],[5673219.472,6430861.628],[5673215.997,6430859.267],[5673212.265,6430856.213],[5673208.677,6430852.355],[5673205.673,6430848.569],[5673203.473,6430845.292],[5673202.222,6430842.084],[5673193.746,6430827.257],[5673193.039,6430822.771],[5673192.81871413,6430821.77221154]]]}},{"type":"Feature","properties":{},"geometry":{"type":"Polygon","coordinates":[[[5673191.11335189,6430790.58841666],[5673191.03,6430786.867],[5673190.943,6430782.342],[5673190.935,6430779.788],[5673190.781,6430776.942],[5673190.699,6430774.241],[5673190.508,6430771.505],[5673190.391,6430768.914],[5673190.164,6430766.287],[5673189.9,6430763.77],[5673189.01,6430759.102],[5673187.792,6430754.69],[5673186.248,6430750.899],[5673183.937,6430747.22],[5673182.179,6430745.182],[5673180.348,6430742.998],[5673178.553,6430741.07],[5673175.222,6430737.54],[5673173.355,6430735.831],[5673171.489,6430734.121],[5673169.475,6430732.12],[5673167.315,6430729.828],[5673165.191,6430727.426],[5673163.213,6430724.95],[5673161.198,6430722.584],[5673159.586,6430720.473],[5673157.937,6430718.471],[5673156.361,6430716.249],[5673154.456,6430713.92],[5673152.514,6430711.335],[5673150.462,6430708.714],[5673148.484,6430706.238],[5673146.432,6430703.617],[5673144.454,6430701.141],[5673142.513,6430698.921],[5673140.683,6430697.102],[5673138.816,6430695.393],[5673135.084,6430692.339],[5673133.072,6430690.703],[5673130.986,6430688.921],[5673127.108,6430685.576],[5673123.889,6430683.177],[5673120.853,6430680.96],[5673117.451,6430678.38],[5673113.83,6430675.727],[5673111.453,6430674.092],[5673108.966,6430672.421],[5673106.808,6430670.859],[5673104.174,6430668.896],[5673101.833,6430667.152],[5673099.456,6430665.517],[5673096.786,6430663.664],[5673093.788,6430661.703],[5673090.716,6430659.595],[5673087.242,6430657.234],[5673083.731,6430654.982],[5673079.891,6430652.257],[5673075.978,6430649.751],[5673072.175,6430647.281],[5673068.263,6430644.776],[5673064.387,6430642.525],[5673060.329,6430640.092],[5673056.088,6430637.478],[5673051.699,6430634.572],[5673048.93547223,6430632.59787316],[5673047.274,6430631.411],[5673042.593,6430628.287],[5673038.059,6430625.454],[5673033.672,6430622.913],[5673029.505,6430620.81],[5673025.301,6430618.451],[5673021.205,6430615.763],[5673017.584,6430613.11],[5673013.777,6430609.18],[5673012.638,6430606.739],[5673011.498,6430603.932],[5673010.248,6430601.09],[5673009.072,6430598.393],[5673007.932,6430595.586],[5673006.645,6430592.488],[5673005.687,6430589.499],[5673003.667,6430585.308],[5673002.091,6430583.087],[5673000.51718288,6430579.12843197],[5672997.89784899,6430572.54011159],[5672997.309,6430571.059],[5672996.352,6430568.434],[5672994.885,6430565.884],[5672992.355,6430562.133],[5672990.303,6430559.512],[5672987.193,6430556.785],[5672984.229,6430554.349],[5672981.303,6430552.168],[5672979.035,6430550.569],[5672975.815,6430547.806],[5672973.068,6430544.347],[5672970.684,6430540.523],[5672968.336,6430536.589],[5672965.55,6430532.51],[5672963.861,6430529.158],[5672962.1,6430526.39],[5672960.157,6430523.44],[5672958.545,6430521.328],[5672957.148,6430518.194],[5672956.189,6430514.84],[5672954.536,6430511.378],[5672953.433,6430508.827],[5672952.292,6430505.655],[5672950.743,6430500.405],[5672950.218,6430495.735],[5672949.845,6430493.182],[5672949.399,6430490.483],[5672948.952,6430487.784],[5672948.761,6430485.047],[5672948.607,6430482.201],[5672948.452,6430479.355],[5672948.189,6430476.838],[5672947.116,6430472.353],[5672946.233,6430469.874],[5672945.13,6430467.323],[5672944.137,6430464.808],[5672943.18,6430462.183],[5672942.297,6430459.704],[5672940.824,6430455.694],[5672939.322,6430453.619],[5672935.516,6430450.419],[5672931.494,6430447.877],[5672929.228,6430446.643],[5672924.732,6430444.431],[5672920.748,6430442.509],[5672918.154,6430441.532],[5672913.15,6430440.124],[5672909.646,6430439.697],[5672905.557,6430439.199],[5672903.11,6430438.513],[5672900.553,6430437.791],[5672897.777,6430436.997],[5672894.782,6430436.13],[5672891.641,6430435.337],[5672888.464,6430434.654],[5672884.994,6430433.752],[5672883.154,6430433.231],[5672879.766,6430432.237],[5672877.245,6430430.677],[5672876.578,6430430.426],[5672874.115,6430428.424],[5672871.98641642,6430427.22649521],[5672869.768,6430425.823],[5672868.143,6430424.906],[5672866.942,6430424.398],[5672864.118,6430421.518],[5672861.992,6430418.386],[5672860.414,6430415.8],[5672858.505,6430412.011],[5672855.508,6430407.448],[5672854.204,6430404.964],[5672853.422,6430402.71],[5672853.335,6430400.399],[5672853.422,6430397.741],[5672853.199,6430395.678],[5672852.311,6430391.739],[5672851.898,6430387.836],[5672851.633,6430384.954],[5672851.515,6430381.998],[5672850.915,6430376.818],[5672849.879,6430372.223],[5672849.62232543,6430371.08456403],[5672849.31915324,6430369.73989588],[5672848.843,6430367.628],[5672848.141,6430364.966],[5672847.475,6430362.194],[5672846.738,6430359.642],[5672846.291,6430356.943],[5672845.809,6430354.353],[5672845.436,6430351.8],[5672845.02,6430347.166],[5672844.646,6430344.248],[5672844.199,6430341.184],[5672843.825,6430338.266],[5672843.524,6430335.493],[5672843.584,6430331.26],[5672843.721,6430328.267],[5672843.599,6430324.216],[5672843.117,6430321.627],[5672842.302,6430317.834],[5672841.929,6430315.28],[5672841.45186786,6430312.55460899],[5672728.945,6430574.883],[5672638.258,6430786.791],[5672630.82,6430804.73],[5672557.987,6430980.384],[5672738.597,6431046.569],[5672794.005,6431066.873],[5672942.953,6431120.096],[5673052.376,6431159.196],[5673105.637,6431017.866],[5673173.525,6430837.721],[5673191.11335189,6430790.58841666]]]}},{"type":"Feature","properties":{},"geometry":{"type":"Polygon","coordinates":[[[5672837.511,6431765.682],[5672846.852,6431735.3],[5672869.85416466,6431672.78802158],[5672887.455,6431624.955],[5672925.769,6431520.829],[5672927.506,6431516.429],[5672935.193,6431500.494],[5672943.73730538,6431478.0137992],[5672947.549,6431467.984],[5672948.08,6431466.588],[5672977.268,6431393.582],[5672993.553,6431350.629],[5672995.81,6431344.676],[5673001.054,6431330.844],[5673059.786,6431175.934],[5672973.431,6431144.779],[5672809.274,6431086.585],[5672799.681,6431083.184],[5672726.571,6431057.266],[5672600.128,6431012.514],[5672554.384,6430995.358],[5672553.801,6430995.652],[5672512.708,6431101.429],[5672469.771,6431212.43],[5672376.457,6431448.506],[5672372.176,6431457.062],[5672337.309,6431557.598],[5672334.958,6431564.356],[5672400.361,6431592.556],[5672409.156,6431596.348],[5672416.557,6431599.539],[5672485.398,6431627.353],[5672524.632,6431642.928],[5672576.552,6431663.539],[5672588.657,6431668.344],[5672667.23866371,6431699.8162658],[5672668.489,6431700.317],[5672674.629,6431702.776],[5672675.256,6431703.027],[5672731.93,6431725.725],[5672734.959,6431726.938],[5672822.538,6431760.204],[5672837.511,6431765.682]]]}},{"type":"Feature","properties":{},"geometry":{"type":"Polygon","coordinates":[[[5672837.60269148,6430279.3494979],[5672835.973,6430277.345],[5672834.25,6430274.833],[5672832.893,6430272.684],[5672830.985,6430269.624],[5672783.36632204,6430269.98651673],[5672692.45713422,6430269.98651673],[5672655.70567368,6430240.61428725],[5672647.00254031,6430233.65863361],[5672537.91153737,6430251.82260196],[5672465.71859461,6430267.84967262],[5672456.09331322,6430269.98651673],[5672447.00234955,6430242.74061778],[5672401.54781176,6430233.65863361],[5672372.29994646,6430228.78881295],[5672366.18013509,6430227.76985367],[5672347.00225416,6430224.576703],[5672319.72953149,6430206.41273465],[5672274.27493758,6430206.41273465],[5672233.890537821,6430226.585054018],[5672233.27090667,6430226.89456456],[5672189.296,6430343.069],[5672188.368,6430345.521],[5672090.779,6430599.865],[5672021.654,6430789.878],[5672035.646,6430795.153],[5672146.30950237,6430833.37954665],[5672256.249,6430871.356],[5672257.325,6430871.728],[5672545.607,6430976.084],[5672615.587,6430801.871],[5672615.856,6430801.244],[5672772.729,6430435.132],[5672837.60269148,6430279.3494979]]]}},{"type":"Feature","properties":{},"geometry":{"type":"Polygon","coordinates":[[[5672015.91,6430803.834],[5671866.528,6431220.788],[5671816.102,6431359.313],[5672070.752,6431460.5],[5672321.29891514,6431557.00867728],[5672321.852,6431555.562],[5672439.349,6431249.541],[5672476.547,6431153.733],[5672540.116,6430990.004],[5672426.518,6430949.541],[5672219.844,6430875.925],[5672015.91,6430803.834]]]}},{"type":"Feature","properties":{},"geometry":{"type":"Polygon","coordinates":[[[5671669.98398059,6430097.51995006],[5671616.366,6430242.113],[5671612.197,6430253.354],[5671598.341,6430293.543],[5671596.961,6430297.546],[5671561.336,6430400.881],[5671542.523,6430455.45],[5671536.876,6430471.236],[5671519.459,6430519.923],[5671489.875,6430602.621],[5671573.321,6430632.176],[5671734.304,6430689.192],[5671759.251,6430698.027],[5671788.509,6430708.39],[5671951.5998516,6430766.11247626],[5672006.183,6430785.431],[5672023.021,6430740.977],[5672036.24352814,6430706.06810711],[5672066.27,6430626.795],[5672124.475,6430476.308],[5672193.885,6430292.284],[5672215.10878624,6430233.65863361],[5672221.889,6430214.93],[5672232.99812464,6430195.82581393],[5672223.70522358,6430164.29140082],[5672145.216,6430136.283],[5672033.176,6430095.49],[5672077.98,6429966.744],[5672079.861,6429958.593],[5672078.492,6429955.851],[5672052.853,6429944.4],[5671931.467,6429900.244],[5671837.381,6429865.087],[5671799.84,6429851.104],[5671704.86391915,6429816.64803405],[5671687.329,6429862.106],[5671652.393,6429948.69],[5671631.656,6429999.248],[5671619.49645807,6430033.0545445],[5671627.20926389,6430041.00869554],[5671683.93452093,6430059.89915283],[5671669.98398059,6430097.51995006]]]}},{"type":"Feature","properties":{},"geometry":{"type":"Polygon","coordinates":[[[5671375.862,6431183.067],[5671473.171,6431222.155],[5671530.117,6431245.03],[5671804.062,6431355.545],[5671836.173,6431263.929],[5671850.475,6431223.123],[5671871.736,6431163.254],[5671901.251,6431080.144],[5671936.528,6430980.811],[5671951.727,6430938.012],[5671960.329,6430913.941],[5672001.485,6430798.775],[5671862.705,6430749.451],[5671776.383,6430718.771],[5671576.48511674,6430649.01469184],[5671568.105,6430646.091],[5671502.27,6430623.117],[5671482.896,6430616.334],[5671432.651,6430751.727],[5671393.729,6430856.606],[5671286.162,6431145.5],[5671285.7,6431146.849],[5671375.862,6431183.067]]]}},{"type":"Feature","properties":{},"geometry":{"type":"Polygon","coordinates":[[[5671619.49645807,6430033.0545445],[5671432.54216446,6429840.25017182],[5671264.541,6429666.992],[5671198.224,6429839.431],[5671193.747,6429850.922],[5671167.875,6429917.324],[5671167.802,6429918.983],[5671374.44,6429993.421],[5671417.679,6430007.985],[5671669.98398059,6430097.51995006],[5671683.93452093,6430059.89915283],[5671627.20926389,6430041.00869554],[5671619.49645807,6430033.0545445]]]}},{"type":"Feature","properties":{},"geometry":{"type":"Polygon","coordinates":[[[5671163.104,6429932.687],[5671052.211,6430232.978],[5670992.554,6430396.809],[5670980.379,6430427.858],[5671220.376,6430511.154],[5671473.538,6430597.164],[5671537.328,6430417.851],[5671538.582,6430414.326],[5671647.243,6430106.315],[5671407.932,6430019.882],[5671163.104,6429932.687]]]}},{"type":"Feature","properties":{},"geometry":{"type":"Polygon","coordinates":[[[5671216.63,6430523.117],[5670970.273,6430436.869],[5670967.568,6430436.326],[5670962.3,6430439.858],[5670879.96,6430651.072],[5670766.912,6430938.015],[5670766.044,6430940.238],[5670925.726,6431002.25],[5671273.359,6431141.892],[5671370.211,6430876.536],[5671370.487,6430875.78],[5671469.654,6430611.698],[5671216.63,6430523.117]]]}},{"type":"Feature","properties":{},"geometry":{"type":"Polygon","coordinates":[[[5670505.933,6430837.091],[5670530.36,6430846.692],[5670718.227,6430920.67],[5670751.584,6430933.496],[5670846.099,6430692.676],[5670951.51224657,6430431.41109949],[5670897.415,6430410.42],[5670774.831,6430367.191],[5670696.464,6430340.649],[5670435.85785023,6430246.39050336],[5670430.89,6430259.824],[5670362.823,6430448.679],[5670290.36,6430655.968],[5670281.828,6430680.376],[5670261.18,6430739.974],[5670271.619,6430743.856],[5670363.097,6430780.947],[5670378.91,6430787.162],[5670505.933,6430837.091]]]}},{"type":"Feature","properties":{},"geometry":{"type":"Polygon","coordinates":[[[5670752.22104955,6429364.60160347],[5670739.015,6429397.152],[5670715.064,6429462.98],[5670683.56,6429549.564],[5670659.167,6429618.818],[5670622.867,6429729.238],[5670666.493,6429743.752],[5670720.039,6429761.566],[5670741.84,6429769.404],[5670799.093,6429789.988],[5670899.085,6429824.183],[5670921.59512277,6429832.38868022],[5671054.509,6429880.843],[5671147.245,6429912.838],[5671149.914,6429913.128],[5671155.868,6429910.427],[5671176.428,6429853.556],[5671189.845,6429820.98],[5671214.234,6429761.765],[5671219.708,6429748.474],[5671270.11761603,6429618.16183548],[5671163.209,6429572.356],[5671101.73,6429546.245],[5671043.491,6429521.282],[5671041.46068011,6429520.41286294],[5671012.414,6429507.968],[5670979.337,6429493.381],[5670752.22104955,6429364.60160347]]]}},{"type":"Feature","properties":{},"geometry":{"type":"Polygon","coordinates":[[[5671045.172,6430192.865],[5671072.409,6430122.83],[5671073.967,6430118.78],[5671075.004,6430116.085],[5671095.729,6430062.216],[5671147.272,6429928.24],[5671147.741,6429926.834],[5671102.159,6429909.563],[5671048.39099763,6429890.95900686],[5670923.859,6429847.174],[5670883.39803266,6429833.32225889],[5670859.743,6429825.224],[5670721.026,6429777.735],[5670611.988,6429740.822],[5670612.616,6429744.693],[5670564.522,6429885.791],[5670558.252,6429903.728],[5670497.625,6430077.159],[5670483.527,6430117.489],[5670439.99462295,6430235.20431219],[5670700.74783688,6430328.16604537],[5670956.39566012,6430419.30764386],[5670976.087,6430370.503],[5671045.172,6430192.865]]]}},{"type":"Feature","properties":{},"geometry":{"type":"Polygon","coordinates":[[[5670741.268,6429358.391],[5670652.312,6429256.374],[5670579.682,6429167.73],[5670538.753,6429117.208],[5670531.222,6429107.912],[5670514.398,6429094.612],[5670514.69,6429094.011],[5670461.597,6429028.173],[5670434.42805608,6428998.38594614],[5670372.954,6428930.988],[5670326.229,6428881.077],[5670327.488,6428884.091],[5670320.817,6428909.584],[5670262.81144691,6429070.17350792],[5670249.217,6429107.81],[5670208.888,6429228.03],[5670188.238,6429287.272],[5670131.766,6429453.661],[5670101.529,6429544.066],[5670194.2,6429578.59],[5670347.705,6429632.51],[5670451.175,6429668.814],[5670460.152,6429673.397],[5670462.994,6429674.539],[5670559.034,6429707.799],[5670607.292,6429722.614],[5670633.722,6429649.295],[5670659.285,6429578.793],[5670673.056,6429540.812],[5670677.933,6429527.168],[5670699.132,6429467.864],[5670714.163,6429425.813],[5670741.268,6429358.391]]]}},{"type":"Feature","properties":{},"geometry":{"type":"Polygon","coordinates":[[[5669971.926,6429914.093],[5669924.085,6430052.54],[5669954.38,6430063.04],[5670078.39,6430106.972],[5670176.303,6430141.195],[5670427.36598098,6430230.70204575],[5670472.07,6430104.05],[5670599.866,6429734.852],[5670400.951,6429666.811],[5670347.531,6429648.199],[5670346.696,6429647.908],[5670139.253,6429574.48],[5670104.453,6429562.995],[5670099.042,6429561.82],[5670094.497,6429562.7],[5670033.53457776,6429736.43611337],[5670032.996,6429737.971],[5669976.15353496,6429901.90105778],[5669971.926,6429914.093]]]}},{"type":"Feature","properties":{},"geometry":{"type":"Polygon","coordinates":[[[5669996.759,6430648.379],[5670083.279,6430678.559],[5670096.15,6430682.949],[5670137.056,6430696.9],[5670145.368,6430699.734],[5670238.841,6430731.613],[5670247.245,6430734.122],[5670281.475,6430639.818],[5670288.262,6430620.76],[5670347.158,6430455.388],[5670350.138,6430447.022],[5670351.346,6430443.629],[5670397.924,6430314.71],[5670400.606,6430307.287],[5670400.776,6430306.042],[5670423.417,6430241.89],[5670246.98,6430180.6],[5670170.618,6430156.593],[5669916.55193163,6430074.34042704],[5669894.265,6430138.838],[5669832.73,6430310.019],[5669831.901,6430312.327],[5669827.005,6430325.946],[5669747.057,6430548.643],[5669745.118,6430557.116],[5669746.516,6430558.991],[5669804.124,6430579.935],[5669982.108,6430643.269],[5669994.522,6430647.599],[5669996.759,6430648.379]]]}},{"type":"Feature","properties":{},"geometry":{"type":"Polygon","coordinates":[[[5669895.504,6432337.535],[5670062.92493538,6432398.22117793],[5670076.895,6432403.285],[5670199.15,6432446.4],[5670203.901,6432433.243],[5670211.426,6432412.499],[5670223.557,6432379.06],[5670230.919,6432358.767],[5670249.41,6432307.728],[5670268.544,6432254.914],[5670328.028,6432086.65],[5670328.673,6432084.827],[5670377.544,6431947.342],[5670339.35,6431932.398],[5670265.30575148,6431905.83296446],[5670227.095,6431892.124],[5670085.08460245,6431842.18116107],[5670049.285,6431829.591],[5670044.026,6431827.824],[5670014.504,6431817.904],[5669891.502,6431772.707],[5669886.011,6431788.588],[5669868.531,6431838.708],[5669864.168,6431851.216],[5669775.401,6432094.938],[5669712.039,6432270.781],[5669881.74695306,6432332.529479],[5669895.504,6432337.535]]]}},{"type":"Feature","properties":{},"geometry":{"type":"Polygon","coordinates":[[[5670214.40108677,6431421.11514323],[5670154.357,6431398.676],[5670041.454,6431357.006],[5670015.506,6431428.159],[5669988.644,6431501.413],[5669982.127,6431519.186],[5669941.424,6431633.337],[5669937.795,6431632.027],[5669922.143,6431675.221],[5669892.89549442,6431755.9330535],[5670003.601,6431796.686],[5670072.448,6431821.544],[5670151.842,6431850.209],[5670217.74,6431874.002],[5670382.238,6431931.857],[5670398.432,6431886.294],[5670436.223,6431780.637],[5670443.227,6431761.054],[5670452.608,6431734.826],[5670466.719,6431695.177],[5670523.284,6431536.239],[5670503.445,6431528.692],[5670478.27479593,6431519.33924911],[5670296.814,6431451.912],[5670296.24,6431451.699],[5670237.70694314,6431429.82475942],[5670226.319,6431425.569],[5670214.40108677,6431421.11514323]]]}},{"type":"Feature","properties":{},"geometry":{"type":"Polygon","coordinates":[[[5670315.969,6431352.858],[5670357.53366144,6431368.33378967],[5670382.179,6431377.51],[5670512.338,6431426.503],[5670555.721,6431441.716],[5670627.71323576,6431257.38698692],[5670642.143,6431220.441],[5670644.365,6431214.677],[5670671.69042257,6431143.77716286],[5670698.22959883,6431074.91735771],[5670747.717,6430946.515],[5670684.739,6430920.964],[5670641.761,6430904.531],[5670565.185,6430874.031],[5670502.784,6430848.715],[5670460.029,6430831.37],[5670444.058,6430824.891],[5670376.33,6430799.104],[5670298.188,6430769.351],[5670256.214,6430753.37],[5670253.263,6430759.147],[5670251.511,6430763.423],[5670223.887,6430841.791],[5670208.335,6430885.913],[5670197.42,6430916.879],[5670196.034,6430920.813],[5670195.509,6430922.301],[5670195.142,6430923.342],[5670187.103,6430946.174],[5670178.22112545,6430971.39876772],[5670147.79,6431057.824],[5670116.81002913,6431144.57705736],[5670082.704,6431240.084],[5670075.482,6431262.559],[5670142.586,6431287.787],[5670182.486,6431302.788],[5670187.652,6431304.73],[5670257.585,6431331.022],[5670276.293,6431338.086],[5670315.969,6431352.858]]]}},{"type":"Feature","properties":{},"geometry":{"type":"Polygon","coordinates":[[[5670301.385,6432201.445],[5670249.205,6432347.101],[5670211.746,6432451.664],[5670368.155,6432507.804],[5670380.75,6432512.325],[5670382.958,6432513.118],[5670553.348,6432574.276],[5670555.985,6432575.223],[5670622.638,6432599.147],[5670727.724,6432636.866],[5670799.693,6432437.623],[5670816.194,6432391.941],[5670817.166,6432389.25],[5670907.11,6432140.246],[5670739.409,6432079.338],[5670390.523,6431952.626],[5670301.385,6432201.445]]]}},{"type":"Feature","properties":{},"geometry":{"type":"Polygon","coordinates":[[[5670207.624,6432465.541],[5670105.77,6432755.453],[5670051.27,6432910.579],[5670042.569,6432935.346],[5670556.767,6433114.347],[5670721.219,6432651.847],[5670212.59,6432467.125],[5670207.624,6432465.541]]]}},{"type":"Feature","properties":{},"geometry":{"type":"Polygon","coordinates":[[[5670978.72430768,6431942.3239111],[5671054.265,6431733.389],[5671051.6,6431732.327],[5670969.90409929,6431702.02178248],[5670945.295,6431692.893],[5670794.097,6431636.806],[5670694.12,6431599.72],[5670535.389,6431540.839],[5670485.739,6431685.169],[5670398.519,6431938.714],[5670654.449,6432031.617],[5670912.564,6432125.314],[5670978.72430768,6431942.3239111]]]}},{"type":"Feature","properties":{},"geometry":{"type":"Polygon","coordinates":[[[5670932.20008642,6431021.2637289],[5670932.062,6431020.722],[5670760.84,6430953.561],[5670631.498,6431284.713],[5670568.234,6431447.459],[5670690.956,6431492.657],[5670739.353,6431510.481],[5670750.049,6431514.42],[5670782.408,6431526.338],[5670840.623,6431548.229],[5670850.873,6431552.084],[5670942.329,6431586.475],[5670951.434,6431589.899],[5671078.827,6431637.804],[5671090.969,6431642.37],[5671129.366,6431536.407],[5671267.656,6431157.518],[5671233.557,6431143.864],[5671201.838,6431131.162],[5671199.168,6431130.074],[5671097.06,6431088.457],[5671085.438,6431083.72],[5671015,6431055.011],[5671000.087,6431048.933],[5670946.276,6431027.001],[5670932.20008642,6431021.2637289]]]}},{"type":"Feature","properties":{},"geometry":{"type":"Polygon","coordinates":[[[5671200.28566968,6432994.81729722],[5671256.845,6432841.849],[5671085.65173025,6432781.58583141],[5670734.804,6432658.081],[5670727.577,6432678.047],[5670568.884,6433119.169],[5671090.085,6433292.862],[5671200.28566968,6432994.81729722]]]}},{"type":"Feature","properties":{},"geometry":{"type":"Polygon","coordinates":[[[5670919.779,6432147.054],[5670739.102,6432646.208],[5671259.337,6432835.109],[5671443.946,6432335.823],[5671282.882,6432276.83],[5670919.779,6432147.054]]]}},{"type":"Feature","properties":{},"geometry":{"type":"Polygon","coordinates":[[[5671453.037,6431776.686],[5671628.967,6431843.398],[5671696.91,6431652.405],[5671707.85,6431621.65],[5671799.234,6431369.321],[5671626.257,6431300.754],[5671536.922,6431265.342],[5671518.491,6431257.961],[5671488.675,6431246.022],[5671464.4438707,6431236.31934865],[5671276.4,6431161.019],[5671101.195,6431646.216],[5671111.691,6431650.162],[5671246.043,6431699.799],[5671410.575,6431760.585],[5671453.037,6431776.686]]]}},{"type":"Feature","properties":{},"geometry":{"type":"Polygon","coordinates":[[[5671283.20188343,6432259.9733214],[5671453.599,6432321.964],[5671596.16780913,6431935.84178721],[5671424.15380046,6431871.33755018],[5671330.88968015,6431836.36388006],[5671068.958,6431738.14],[5670927.252,6432130.476],[5671189.344,6432225.827],[5671283.20188343,6432259.9733214]]]}},{"type":"Feature","properties":{},"geometry":{"type":"Polygon","coordinates":[[[5671729.13652744,6433112.20907802],[5671761.02896917,6433026.46251218],[5671713.506,6433008.981],[5671573.66312906,6432957.6443353],[5671556.558,6432951.365],[5671289.471,6432853.317],[5671286.086,6432852.143],[5671271.263,6432846.925],[5671246.99,6432911.662],[5671244.42314412,6432918.50812752],[5671102.512,6433297.003],[5671267.476,6433351.978],[5671290.37634992,6433359.40056972],[5671561.585,6433447.306],[5671599.80757009,6433459.92513091],[5671729.13652744,6433112.20907802]]]}},{"type":"Feature","properties":{},"geometry":{"type":"Polygon","coordinates":[[[5671460.607,6432341.925],[5671273.734,6432840.337],[5671710.043,6432998.764],[5671765.644,6433018.813],[5671940.48,6432520.269],[5671775.753,6432457.354],[5671522.062,6432364.434],[5671460.607,6432341.925]]]}},{"type":"Feature","properties":{},"geometry":{"type":"Polygon","coordinates":[[[5672091.83,6432128.77],[5672050.828,6432112.939],[5671964.924,6432079.772],[5671961.533,6432078.463],[5671701.848,6431978.2],[5671607.867,6431941.914],[5671568.011,6432050.974],[5671467.517,6432325.964],[5671833.919,6432465.555],[5671947.306,6432508.753],[5671982.213,6432416.976],[5672051.594,6432234.559],[5672091.83,6432128.77]]]}},{"type":"Feature","properties":{},"geometry":{"type":"Polygon","coordinates":[[[5671680.749,6431867.671],[5671883.07845524,6431941.22568003],[5671937.62,6431962.376],[5671940.297,6431963.349],[5671978.8703068,6431977.36288625],[5672040.246,6431999.661],[5672044.437,6432001.184],[5672114.481,6432027.838],[5672132.356,6432034.641],[5672193.876,6431885.497],[5672218.987,6431824.621],[5672313.48797815,6431577.43936717],[5672152.39395881,6431515.5212985],[5672062.5797783,6431481.00033603],[5671807.4955631,6431382.95621238],[5671789.129,6431433.412],[5671754.103,6431532.948],[5671706.161,6431669.19],[5671658.795,6431803.685],[5671653.41,6431818.975],[5671650.114,6431828.334],[5671642.451,6431852.352],[5671680.749,6431867.671]]]}},{"type":"Feature","properties":{},"geometry":{"type":"Polygon","coordinates":[[[5671896.52140478,6433557.45872346],[5672120.587,6433630.382],[5672187.00853429,6433453.47581704],[5672225.6755754,6433350.49056202],[5672225.951,6433349.757],[5672276.716,6433214.55],[5672150.708,6433168.861],[5672056.77,6433134.8],[5672055.4000785,6433134.30327729],[5671970.585,6433103.55],[5671961.39921119,6433100.17090202],[5671775.131,6433031.65],[5671618.42,6433466.07],[5671806.052,6433528.015],[5671896.52140478,6433557.45872346]]]}},{"type":"Feature","properties":{},"geometry":{"type":"Polygon","coordinates":[[[5671913.112,6432652.038],[5671903.39561739,6432679.18115902],[5671884.108,6432733.062],[5671878.92561777,6432747.5383522],[5671866.772,6432781.488],[5671860.794,6432798.189],[5671842.759,6432849.077],[5671821.999,6432907.656],[5671781.454,6433022.062],[5672146.527,6433152.79],[5672154.117,6433155.507],[5672284.571,6433202.221],[5672347.099,6433032.358],[5672398.181,6432893.591],[5672402.44513694,6432882.00713185],[5672460.516,6432724.253],[5672321.808,6432669.674],[5672189.328,6432617.546],[5671958.038,6432526.538],[5671913.112,6432652.038]]]}},{"type":"Feature","properties":{},"geometry":{"type":"Polygon","coordinates":[[[5672279.213,6431701.481],[5672250.467,6431774.056],[5672244.077,6431789.976],[5672201.324,6431896.499],[5672182.003,6431950.278],[5672170.77,6431976.912],[5672165.802,6431988.775],[5672165.119,6431990.406],[5672145.461,6432040.786],[5672313.425,6432105.918],[5672390.256,6432135.041],[5672442.163,6432154.717],[5672464.212,6432163.075],[5672535.61,6432189.39],[5672549.048,6432194.343],[5672647.601,6432224.182],[5672648.368,6432224.435],[5672682.399,6432136.379],[5672767.03,6431912.994],[5672817.2,6431780.439],[5672818.323,6431777.771],[5672814.802,6431772.235],[5672780.089,6431758.11],[5672580.512,6431677.521],[5672572.91,6431674.451],[5672484.199,6431640.932],[5672396.101,6431604.821],[5672334.309,6431578.846],[5672330.878,6431578.565],[5672327.091,6431581.204],[5672285.374,6431685.925],[5672279.213,6431701.481]]]}},{"type":"Feature","properties":{},"geometry":{"type":"Polygon","coordinates":[[[5672612.965,6432318.197],[5672576.38,6432309.1],[5672570.703,6432307.095],[5672560.301,6432303.486],[5672487.522,6432278.237],[5672416.518,6432253.603],[5672405.691,6432249.847],[5672234.073,6432182.919],[5672227.82741365,6432180.48263907],[5672225.17,6432179.446],[5672202.394,6432170.564],[5672198.875,6432169.253],[5672106.413,6432133.44],[5672010.893,6432381.638],[5671969.607,6432488.918],[5671960.454,6432512.7],[5672100.196,6432566.498],[5672272.593,6432632.868],[5672297.15,6432642.322],[5672465.58975882,6432707.52887875],[5672561.604,6432444.829],[5672577.828,6432404.827],[5672612.965,6432318.197]]]}},{"type":"Feature","properties":{},"geometry":{"type":"Polygon","coordinates":[[[5673149.07163751,6432426.45131262],[5673173.31582133,6432361.86164572],[5673216.739,6432253.11],[5673324.829,6431968.926],[5672950.858,6431821.372],[5672874.983,6431796.463],[5672835.233,6431782.134],[5672828.637,6431785.184],[5672798.848,6431864.431],[5672744.092,6432005.957],[5672712.223,6432092.02],[5672661.478,6432227.423],[5672652.691519305,6432252.177278673],[5672999.681,6432373.263],[5673050.681,6432391.06],[5673125.683,6432417.543],[5673149.07163751,6432426.45131262]]]}},{"type":"Feature","properties":{},"geometry":{"type":"Polygon","coordinates":[[[5672294.622,6433205.839],[5672483.5015989,6433272.31357592],[5672502.3706897,6433278.95439269],[5672796.63875672,6433382.51954782],[5672874.41077264,6433170.63662934],[5672881.30245251,6433151.86086242],[5672968.89570366,6432913.22086481],[5672679.5305997,6432804.42250252],[5672660.81006515,6432797.38377023],[5672473.41751427,6432726.92606002],[5672384.50917548,6432965.07159793],[5672294.622,6433205.839]]]}},{"type":"Feature","properties":{},"geometry":{"type":"Polygon","coordinates":[[[5672710.54404453,6433609.77295128],[5672789.863,6433393.72],[5672632.125,6433338.424],[5672288.805,6433218.614],[5672212.42742108,6433424.24078706],[5672133.84,6433635.817],[5672594.641,6433787.183],[5672639.948,6433802.066],[5672710.54404453,6433609.77295128]]]}},{"type":"Feature","properties":{},"geometry":{"type":"Polygon","coordinates":[[[5672612.965,6432318.197],[5672577.828,6432404.827],[5672561.604,6432444.829],[5672465.58975882,6432707.52887875],[5672651.017,6432779.312],[5672975.019,6432902.116],[5673072.813,6432639.506],[5673131.941,6432480.73],[5673141.44423092,6432453.89104696],[5673129.126,6432445.546],[5673076.938,6432426.879],[5673067.5064804,6432423.50542189],[5673002.522,6432400.261],[5672992.16,6432396.555],[5672927.412,6432365.861],[5672839.062,6432360.198],[5672835.931,6432360.122],[5672751.105,6432349.731],[5672747.561,6432348.685],[5672638.524,6432325.006],[5672634.191,6432323.475],[5672612.965,6432318.197]]]}},{"type":"Feature","properties":{},"geometry":{"type":"Polygon","coordinates":[[[5674381.1933123,6435673.3324633],[5673802.15100878,6435459.50083972],[5673724.05776468,6435677.52312077],[5673630.585711338,6435938.480269109],[5674017.69,6436081.952],[5674020.781,6436079.107],[5674023.14,6436076.853],[5674025.113,6436075.067],[5674027.135,6436073.358],[5674029.712,6436071.357],[5674032.581,6436069.395],[5674035.39,6436066.935],[5674038.235,6436064.366],[5674041.244,6436062.213],[5674044.735,6436059.983],[5674048.607,6436057.523],[5674052.407,6436055.278],[5674055.13,6436053.746],[5674059.326,6436052.353],[5674061.948,6436051.565],[5674064.926,6436050.179],[5674068.253,6436048.432],[5674072.48,6436046.272],[5674077.771,6436042.317],[5674083.694,6436037.618],[5674089.289,6436033.886],[5674094.207,6436030.583],[5674098.748,6436027.272],[5674103.993,6436023.9],[5674109.416,6436019.332],[5674115.074,6436013.167],[5674120.456,6436006.25],[5674126.346,6435999.625],[5674132.518,6435993.515],[5674138.441,6435987.919],[5674142.595,6435982.382],[5674145.444,6435975.985],[5674147.994,6435969.127],[5674150.184,6435963.105],[5674152.052,6435957.812],[5674153.596,6435953.247],[5674155.173,6435948.813],[5674156.555,6435944.732],[5674157.977,6435940.306],[5674159.036,6435936.953],[5674159.872,6435934.483],[5674160.694,6435931.829],[5674161.48,6435928.384],[5674161.843,6435924.617],[5674162.507,6435920.412],[5674163.665,6435916.316],[5674164.397,6435912.134],[5674165.119,6435908.429],[5674165.914,6435903.61],[5674166.618,6435900.856],[5674167.622,6435897.665],[5674168.358,6435895.041],[5674168.962,6435892.133],[5674169.739,6435889.164],[5674170.475,6435886.541],[5674171.498,6435883.295],[5674172.225,6435880.25],[5674173.047,6435876.698],[5674173.765,6435872.332],[5674174.878,6435867.921],[5674176.264,6435863.602],[5674177.527,6435859.421],[5674178.586,6435856.068],[5674179.404,6435853.652],[5674180.753,6435849.44],[5674181.698,6435846.648],[5674182.698,6435843.694],[5674184.107,6435839.982],[5674185.42879265,6435836.07714219],[5674186.542,6435832.786],[5674187.797,6435829.081],[5674189.651,6435825.399],[5674193.319,6435821.972],[5674198.41,6435818.608],[5674203.323,6435815.543],[5674207.637,6435813.352],[5674211.709,6435810.302],[5674215.346,6435806.744],[5674219.123,6435802.995],[5674223.8,6435798.832],[5674228.872,6435795.522],[5674233.863,6435792.902],[5674238.231,6435790.55],[5674241.877,6435788.313],[5674244.881,6435786.397],[5674247.208,6435784.91],[5674250.454,6435783.854],[5674254.322,6435782.53],[5674257.377,6435781.589],[5674260.186,6435780.924],[5674263.873,6435780.137],[5674267.564,6435780.009],[5674270.473,6435780.396],[5674273.596,6435780.375],[5674276.696,6435779.749],[5674280.301,6435778.755],[5674284.01,6435777.676],[5674287.887,6435776.774],[5674291.447,6435776.363],[5674294.401,6435776.166],[5674299.52,6435774.965],[5674302.793,6435774.278],[5674306.97,6435772.938],[5674311.643,6435770.809],[5674317.193,6435767.66],[5674322.461,6435763.997],[5674326.911,6435760.955],[5674330.12,6435759.108],[5674333.024,6435757.039],[5674335.606,6435754.8],[5674338.429,6435752.524],[5674341.788,6435750.01],[5674345.81,6435747.78],[5674349.274,6435746.08],[5674353.492,6435742.6],[5674355.324,6435740.107],[5674357.61,6435736.273],[5674360.386,6435730.988],[5674363.086,6435724.36],[5674365.585,6435717.426],[5674367.821,6435710.821],[5674369.875,6435705.651],[5674371.647,6435700.864],[5674373.346,6435696.292],[5674374.819,6435691.942],[5674376.305,6435687.777],[5674377.577,6435684.018],[5674379.285,6435678.97],[5674380.612,6435675.05],[5674381.1933123,6435673.3324633]]]}},{"type":"Feature","properties":{},"geometry":{"type":"Polygon","coordinates":[[[5674384.72099819,6435662.91331085],[5674385.702,6435660.014],[5674386.865,6435656.578],[5674388.219,6435652.128],[5674389.191,6435647.909],[5674390.191,6435644.057],[5674390.75,6435640.835],[5674391.09,6435638.257],[5674391.208,6435635.663],[5674391.18,6435630.806],[5674390.512,6435628.066],[5674388.715,6435624.166],[5674384.046,6435618.875],[5674380.032,6435613.446],[5674377.158,6435608.463],[5674374.226,6435604.778],[5674372.321,6435602.098],[5674369.766,6435598.42],[5674367.601,6435595.832],[5674364.905,6435593.244],[5674362.41,6435590.962],[5674359.523,6435588.489],[5674356.359,6435586.161],[5674353.113,6435583.626],[5674349.703,6435581.574],[5674346.03,6435579.852],[5674342.866,6435578.422],[5674338.788,6435575.426],[5674336.537,6435572.868],[5674334.019,6435569.981],[5674331.177,6435566.924],[5674329.386,6435564.582],[5674327.099,6435560.337],[5674324.971,6435557.641],[5674320.698,6435555.896],[5674316.525,6435555.201],[5674316.798,6435557.987],[5674316.539,6435561.67],[5674315.23,6435565.537],[5674312.362,6435565.703],[5674308.88,6435565.661],[5674306.594,6435566.803],[5674303.253,6435567.467],[5674299.302,6435567.687],[5674295.075,6435568.051],[5674291.916,6435568.179],[5674289.334,6435567.724],[5674286.242,6435566.977],[5674281.228,6435565.399],[5674278.432,6435564.453],[5674274.282,6435562.569],[5674268.658,6435559.648],[5674263.117,6435556.935],[5674259.494,6435555.289],[5674255.08,6435553.735],[5674252.338,6435552.628],[5674249.561,6435551.628],[5674245.556,6435549.315],[5674242.687,6435545.89],[5674241.5,6435543.333],[5674240.036,6435539.127],[5674238.462,6435533.447],[5674236.984,6435526.363],[5674235.242,6435518.711],[5674233.864,6435511.781],[5674232.904,6435506.308],[5674232.58,6435500.752],[5674233.057,6435495.527],[5674233.997,6435490.279],[5674234.906,6435484.901],[5674235.969,6435479.515],[5674236.768,6435474.459],[5674237.681,6435468.843],[5674238.817,6435463.242],[5674239.98,6435457.112],[5674240.884,6435451.073],[5674242.006,6435445.288],[5674243.369,6435439.465],[5674244.605,6435434.018],[5674245.895,6435429.308],[5674246.754,6435424.75],[5674247.376,6435420.891],[5674247.757,6435417.968],[5674248.416,6435414.899],[5674249.211,6435411.876],[5674250.02,6435409.038],[5674250.692,6435406.153],[5674250.996,6435402.785],[5674250.85,6435398.725],[5674250.409,6435393.967],[5674249.663,6435388.987],[5674248.121,6435383.437],[5674247.202,6435377.62],[5674247.397,6435372.778],[5674248.274,6435368.167],[5674248.54570133,6435367.18281498],[5674249.619,6435363.295],[5674251.191,6435357.304],[5674253.231,6435350.154],[5674254.916,6435343.602],[5674255.98,6435339.114],[5674256.997,6435335.209],[5674257.72,6435331.503],[5674258.101,6435328.58],[5674258.628,6435326.125],[5674258.901,6435323.524],[5674259.25,6435320.47],[5674259.327,6435317.324],[5674258.936,6435313.54],[5674258.444,6435308.706],[5674258.148,6435303.518],[5674257.924,6435297.218],[5674258.46,6435289.798],[5674259.259,6435282.048],[5674259.744,6435274.552],[5674260.257,6435266.526],[5674260.642,6435257.978],[5674260.773,6435250.181],[5674260.986,6435244.388],[5674260.867,6435239.799],[5674259.962,6435235.064],[5674257.898,6435229.936],[5674255.179,6435224.048],[5674251.855,6435217.476],[5674248.872,6435210.122],[5674247.443,6435202.217],[5674247.347,6435194.643],[5674247.883,6435189.019],[5674248.996,6435184.608],[5674250.323,6435180.688],[5674251.454,6435177.121],[5674252.654,6435173.576],[5674253.926,6435169.818],[5674255.198,6435166.059],[5674256.466,6435161.64],[5674257.402,6435155.732],[5674258.419,6435149.134],[5674260.682,6435141.999],[5674262.863,6435135.555],[5674264.858,6435129.886],[5674266.167,6435126.02],[5674267.071,6435123.573],[5674268.84756908,6435119.94290525],[5674271.366,6435115.151],[5674273.729,6435108.17],[5674275.47479467,6435102.73833146],[5674269.49435381,6435098.11904393],[5674044.86190806,6435004.10536634],[5674005.427158867,6434987.0349060325],[5673965.44720711,6434972.32598135],[5673926.944,6435079.345],[5673905.57156684,6435170.23917036],[5673807.05888625,6435447.24322227],[5674384.72099819,6435662.91331085]]]}},{"type":"Feature","properties":{},"geometry":{"type":"Polygon","coordinates":[[[5673111.33406234,6435747.43760541],[5673319.789,6435824.118],[5673344.498345141,6435833.210170784],[5673615.70537547,6435933.00482837],[5673789.67679102,6435454.00661044],[5673667.549,6435400.713],[5673288.68995577,6435263.91170852],[5673111.33406234,6435747.43760541]]]}},{"type":"Feature","properties":{},"geometry":{"type":"Polygon","coordinates":[[[5673717.49839996,6434397.35915153],[5673715.729,6434395.478],[5673712.646,6434391.562],[5673710.286,6434387.531],[5673708.09,6434383.017],[5673705.84,6434378.664],[5673703.248,6434374.196],[5673699.902,6434369.712],[5673696.374,6434365.764],[5673692.627,6434362.461],[5673689.363,6434359.98],[5673686.713,6434357.706],[5673684.917,6434355.602],[5673683.535,6434353.398],[5673682.189,6434351.088],[5673680.502,6434348.661],[5673679.125,6434346.22],[5673677.915,6434343.955],[5673676.165,6434342.166],[5673672.2,6434337.711],[5673668.968,6434334.463],[5673665.394,6434331.098],[5673663.66586955,6434329.28299597],[5673661.694,6434327.212],[5673658.375,6434323.096],[5673655.392,6434318.436],[5673652.319,6434314.044],[5673648.973,6434310.457],[5673645.817,6434307.654],[5673642.872,6434305.579],[5673640.158,6434303.942],[5673637.698,6434302.452],[5673635.12,6434300.861],[5673633.002,6434299.485],[5673629.742,6434296.766],[5673628.8416439,6434295.83311355],[5673451.7583518,6434774.56060501],[5673458.971,6434777.049],[5673657.891,6434845.674],[5673659.168,6434846.128],[5673920.47,6434939.101],[5673949.1833558,6434948.99783393],[5674024.38731188,6434719.09314619],[5674019.508,6434717.238],[5674011.725,6434714.185],[5674005.451,6434711.164],[5674000.028,6434708.55],[5673995.482,6434706.712],[5673991.595,6434705.396],[5673987.809,6434704.234],[5673983.458,6434702.941],[5673977.185,6434700.818],[5673971.148,6434698.894],[5673966.611,6434697.478],[5673963.21,6434696.746],[5673960.078,6434696.344],[5673956.405,6434695.52],[5673951.709,6434694.349],[5673947.509,6434693.287],[5673943.963,6434692.087],[5673940.363,6434691.047],[5673936.417,6434690.131],[5673931.521,6434689.551],[5673926.371,6434688.825],[5673924.37472338,6434688.1991403],[5673921.561,6434687.317],[5673916.651,6434685.655],[5673913.258085945,6434684.466547961],[5673911.555,6434683.87],[5673906.782,6434682.255],[5673901.6,6434680.5],[5673896.008,6434678.608],[5673890.808,6434676.907],[5673886.103,6434675.315],[5673882.966,6434674.253],[5673878.534,6434672.753],[5673876.079,6434671.922],[5673871.033,6434670.214],[5673867.369,6434668.914],[5673863.414,6434667.575],[5673859.068,6434666.044],[5673853.89,6434664.052],[5673847.808,6434661.814],[5673841.143,6434659.498],[5673835.856,6434657.828],[5673831.833,6434656.467],[5673829.228,6434655.405],[5673827.092,6434654.084],[5673823.155,6434651.794],[5673820.95,6434650.449],[5673818.736,6434648.682],[5673815.84173649,6434646.41135564],[5673813.198,6434643.935],[5673809.425,6434640.263],[5673806.35437375,6434636.49541731],[5673805.451,6434635.387],[5673801.214,6434629.943],[5673797.304,6434625.328],[5673793.171,6434620.697],[5673788.23,6434615.313],[5673781.869,6434608.731],[5673774.413,6434602.018],[5673767.23,6434595.397],[5673761.593,6434589.599],[5673758.501,6434585.26],[5673758.14705823,6434584.29343949],[5673757,6434581.161],[5673755.636,6434576.211],[5673754.704,6434571.107],[5673753.876,6434565.919],[5673753.516,6434561.368],[5673754.061,6434557.064],[5673754.651,6434552.176],[5673754.923,6434546.882],[5673755.073,6434541.725],[5673754.845,6434536.561],[5673753.712,6434531.15],[5673752.343,6434525.539],[5673750.338,6434520.012],[5673747.678,6434514.623],[5673745.163,6434508.804],[5673743.285,6434502.902],[5673741.943,6434497.659],[5673741.647,6434493.37],[5673741.451,6434489.233],[5673741.396,6434484.906],[5673741.2,6434480.769],[5673740.672,6434476.94],[5673739.636,6434472.818],[5673738.771,6434468.635],[5673738.534,6434464.844],[5673737.784,6434460.999],[5673738.033,6434455.996],[5673738.274,6434451.469],[5673737.714,6434445.713],[5673736.89,6434439.39],[5673736.458,6434433.258],[5673736.261,6434427.326],[5673734.433,6434421.5],[5673733.38588883,6434419.12552268],[5673731.982,6434415.942],[5673728.454,6434410.2],[5673723.748,6434404.118],[5673719.529,6434399.518],[5673717.49839996,6434397.35915153]]]}},{"type":"Feature","properties":{},"geometry":{"type":"Polygon","coordinates":[[[5673795.56178834,6435433.594784759],[5673888.47369312,6435177.32679054],[5673910.681,6435097.805],[5673956.8394124,6434965.27660523],[5673909.64542949,6434949.08048056],[5673846.523,6434927.418],[5673814.792,6434916.977],[5673698.0540014,6434873.44827319],[5673587.289,6434836.444],[5673456.044,6434790.4],[5673437.30280142,6434840.87830222],[5673366.541,6435031.471],[5673342.933,6435118.284],[5673294.668,6435251.657],[5673558.41430623,6435346.37511263],[5673678.244,6435390.447],[5673710.629826642,6435402.358038359],[5673795.56178834,6435433.594784759]]]}},{"type":"Feature","properties":{},"geometry":{"type":"Polygon","coordinates":[[[5673616.7023207,6434288.46156346],[5673614.763,6434287.805],[5673608.212,6434284.93],[5673600.793,6434280.803],[5673594.165,6434277.482],[5673588.682,6434275.267],[5673584.83334319,6434274.0770359],[5673581.395,6434273.219],[5673577.468,6434273.147],[5673571.526,6434272.512],[5673565.726,6434271.686],[5673561.566,6434271.176],[5673558.466,6434270.905],[5673553.066,6434269.795],[5673549.67,6434268.825],[5673546.306,6434267.986],[5673543.533,6434267.646],[5673538.164,6434267.564],[5673534.332,6434266.985],[5673531.8,6434266.607],[5673527.414,6434266.319],[5673524.722,6434266.186],[5673522.045,6434265.34],[5673520.624,6434264.832],[5673516.657,6434263.535],[5673510.39927332,6434261.50224782],[5673508.729,6434260.965],[5673502.787,6434258.934],[5673496.514,6434257.062],[5673490.356,6434255.643],[5673484.894,6434255.361],[5673479.213,6434255.895],[5673473.88,6434256.415],[5673469.248,6434256.701],[5673464.576,6434256.905],[5673459.628,6434256.53],[5673454.709,6434255.686],[5673450.102,6434254.539],[5673446.069,6434253.321],[5673442.155,6434252.351],[5673438.335,6434251.894],[5673433.975,6434251.796],[5673428.894,6434251.992],[5673422.908,6434252.418],[5673416.592,6434253.003],[5673410.706,6434253.533],[5673405.679,6434254.16],[5673401.201,6434254.982],[5673396.496,6434255.86],[5673391.261,6434256.689],[5673387.27804705,6434257.36242053],[5673386.003,6434257.578],[5673380.48,6434258.442],[5673374.939,6434259.163],[5673369.276,6434259.841],[5673363.797,6434260.583],[5673358.766,6434261.415],[5673354.302,6434262.585],[5673350.492,6434263.848],[5673346.98,6434264.461],[5673343.299,6434264.191],[5673339.209,6434262.747],[5673334.825,6434260.58],[5673331.238,6434257.323],[5673327.87919945,6434253.99909852],[5673323.534,6434250.757],[5673319.143,6434247.833],[5673315.98848112,6434245.27359698],[5673315.247,6434244.672],[5673311.405,6434241.942],[5673307.409,6434239.845],[5673303.409,6434237.951],[5673299.758,6434236.044],[5673295.801,6434234.028],[5673290.986,6434231.916],[5673285.78,6434229.94],[5673280.469,6434228.064],[5673275.158,6434226.189],[5673269.399,6434224.223],[5673263.173,6434222.025],[5673257.13,6434219.89],[5673251.41,6434218.007],[5673246.114,6434216.48],[5673241.385,6434215.291],[5673236.918,6434214.331],[5673232.655,6434213.375],[5673227.944,6434212.329],[5673223.025,6434211.484],[5673217.912,6434211.189],[5673211.994,6434211.227],[5673205.868,6434211.466],[5673200.474,6434211.964],[5673195.346,6434212.487],[5673193.92187518,6434212.61747696],[5673127.20666424,6434374.24803314],[5673034.39437436,6434338.78722843],[5672918.86507042,6434654.12959933],[5672967.879,6434665.463],[5672976.885,6434667.957],[5673132.983,6434703.568],[5673137.757,6434704.657],[5673140.342,6434705.501],[5673191.908,6434716.783],[5673270.58039686,6434733.99611912],[5673292.829,6434738.864],[5673356.961,6434752.895],[5673437.122,6434769.511],[5673440.65566314,6434770.73012915],[5673616.7023207,6434288.46156346]]]}},{"type":"Feature","properties":{},"geometry":{"type":"Polygon","coordinates":[[[5672847.71271796,6434863.17584858],[5672810.172,6434968.08],[5672775.492,6435064.988],[5673043.29299078,6435161.53349691],[5673162.58267133,6435204.53886986],[5673177.681,6435209.982],[5673274.654,6435244.527],[5673316.36503294,6435121.31321789],[5673352.03853243,6435015.93422139],[5673358.736,6434996.15],[5673441.801,6434785.998],[5673403.897,6434774.346],[5673275.252,6434745.733],[5673069.659,6434702.302],[5672917.074,6434669.352],[5672847.71271796,6434863.17584858]]]}},{"type":"Feature","properties":{},"geometry":{"type":"Polygon","coordinates":[[[5673191.92687755,6435472.30818189],[5673271.415,6435257.953],[5673234.323,6435245.159],[5673146.45932239,6435212.1820949],[5673128.906,6435205.594],[5673009.159,6435163.647],[5672908.352,6435128.335],[5672770.638,6435080.094],[5672715.975,6435232.906],[5672673.196,6435352.498],[5672636.70168346,6435455.15889048],[5672599.3,6435560.375],[5672780.024,6435626.399],[5672849.35,6435651.705],[5672999.929,6435706.672],[5673094.421,6435741.249],[5673168.259,6435536.784],[5673177.152,6435512.16],[5673181.56532788,6435500.25011581],[5673191.92687755,6435472.30818189]]]}},{"type":"Feature","properties":{},"geometry":{"type":"Polygon","coordinates":[[[5674164.41561504,6431406.64305864],[5674160.279,6431402.399],[5674157.461,6431399.889],[5674153.986,6431397.163],[5674150.108,6431394.183],[5674148.06,6431392.656],[5674145.756,6431391.167],[5674143.27,6431389.496],[5674140.272,6431387.9],[5674139.167,6431387.333],[5674132.295,6431380.033],[5674121.439,6431373.474],[5674114.531,6431371.288],[5674108.281,6431369.757],[5674101.951,6431369.366],[5674100.143,6431368.828],[5674096.089,6431367.855],[5674092.583,6431367.063],[5674089.553,6431366.671],[5674086.449,6431366.134],[5674083.054,6431365.743],[5674079.476,6431365.17],[5674075.934,6431364.487],[5674072.647,6431363.768],[5674069.652,6431362.901],[5674067.205,6431362.215],[5674064.794,6431361.42],[5674062.126,6431360.297],[5674059.384,6431358.663],[5674055.726,6431355.755],[5674053.711,6431353.389],[5674051.95,6431350.256],[5674050.739,6431348.034],[5674049.49,6431345.556],[5674047.652,6431341.182],[5674047.279,6431338.629],[5674047.305,6431335.235],[5674046.199,6431331.589],[5674043.887,6431327.545],[5674041.101,6431323.467],[5674037.952,6431320.119],[5674034.843,6431317.757],[5674031.405,6431315.286],[5674029.137,6431313.687],[5674028.198,6431312.97],[5674013.364,6431310.414],[5674004.928,6431307.514],[5673997.364,6431303.261],[5673994.746,6431299.008],[5673990.092,6431293.595],[5673984.855,6431288.762],[5673979.913,6431284.432],[5673977.843,6431283.519],[5673974.7,6431281.996],[5673971.849,6431280.692],[5673969.401,6431279.641],[5673966.57351092,6431278.54830763],[5673965.09,6431277.975],[5673960.924,6431276.237],[5673956.685,6431274.352],[5673952.52,6431272.978],[5673950.109,6431272.183],[5673947.479,6431271.315],[5673944.593,6431270.485],[5673942.037,6431269.763],[5673937.361,6431268.463],[5673932.649,6431266.909],[5673929.982,6431266.151],[5673927.426,6431265.429],[5673924.43,6431264.562],[5673921.216,6431263.623],[5673918.111,6431262.721],[5673914.97,6431261.927],[5673911.792,6431260.879],[5673908.724,6431259.867],[5673905.764,6431258.89],[5673903.169,6431257.548],[5673899.074,6431254.86],[5673895.999,6431252.023],[5673893.398,6431248.856],[5673891.199,6431245.579],[5673888.634,6431242.302],[5673885.779,6431239.538],[5673883.949,6431237.719],[5673881.606,6431235.609],[5673879.008,6431233.172],[5673876.409,6431230.735],[5673873.884,6431228.444],[5673871.395,6431226.043],[5673868.833,6431223.496],[5673865.905,6431220.951],[5673862.978,6431218.405],[5673860.344,6431216.443],[5673858.15,6431214.99],[5673854.532,6431213.432],[5673850.659,6431211.911],[5673848.139,6431211.08],[5673845.399,6431210.176],[5673842.111,6431209.091],[5673838.386,6431208.227],[5673834.442,6431207.29],[5673830.499,6431206.718],[5673827.03,6431206.182],[5673806.037,6431203.145],[5673802.603,6431202.134],[5673799.608,6431201.267],[5673795.663,6431199.966],[5673791.644,6431198.518],[5673788.61,6431197.031],[5673785.174,6431195.29],[5673781.884,6431193.476],[5673779.252,6431191.878],[5673776.4,6431190.208],[5673774.132,6431188.61],[5673771.646,6431186.939],[5673769.011,6431184.611],[5673766.998,6431182.61],[5673764.693,6431180.756],[5673762.789,6431178.791],[5673760.519,6431176.463],[5673758.724,6431174.169],[5673757.002,6431172.022],[5673755.791,6431169.799],[5673754.65,6431166.628],[5673753.581,6431163.237],[5673753.206,6431159.954],[5673753.415,6431156.742],[5673753.881,6431154.222],[5673754.821,6431151.373],[5673739.40883592,6431089.5264645],[5673703.46427945,6431060.79908054],[5673698.505,6431076.558],[5673589.17205463,6431347.50223082],[5673587.736,6431351.061],[5674109.2909124,6431542.60280789],[5674164.41561504,6431406.64305864]]]}},{"type":"Feature","properties":{},"geometry":{"type":"Polygon","coordinates":[[[5673845.09982179,6432163.36678643],[5673860.95035824,6432120.64199071],[5673937.216,6431938.867],[5673944.82103342,6431920.05689014],[5673945.63222597,6431918.05069007],[5673950.576,6431905.824],[5673952.043,6431902.338],[5673970.247,6431859.087],[5674005.889,6431772.413],[5674027.315,6431719.122],[5674039.3031683,6431689.30435995],[5674095.267,6431550.108],[5673990.321,6431512.689],[5673926.625,6431489.978],[5673926.28,6431490.851],[5673876.93898985,6431472.43260671],[5673792.102,6431440.764],[5673792.501,6431439.776],[5673646.466,6431385.16],[5673583.707,6431362.217],[5673574.22254231,6431384.43180459],[5673570.74974934,6431392.56589298],[5673540.257,6431463.987],[5673496.8545726,6431572.51630474],[5673464.608,6431653.15],[5673461.984,6431659.862],[5673384.482,6431858.092],[5673345.679,6431960.979],[5673551.687,6432043.727],[5673593.49006667,6432060.51792604],[5673604.706,6432065.023],[5673652.93409485,6432085.64243846],[5673688.13507214,6432100.69226342],[5673815.17658648,6432152.55439925],[5673845.09982179,6432163.36678643]]]}},{"type":"Feature","properties":{},"geometry":{"type":"Polygon","coordinates":[[[5673300.918,6433025.179],[5673484.446,6433094.733],[5673561.754,6432884.971],[5673567.848,6432865.772],[5673656.86722761,6432629.03753515],[5673575.61890052,6432602.41124468],[5673466.855,6432577.455],[5673446.888,6432569.339],[5673260.44053382,6432496.89524337],[5673222.267,6432482.063],[5673156.04621003,6432456.33272906],[5673106.20013,6432588.79965454],[5672986.608,6432906.621],[5673280.422,6433020.618],[5673300.918,6433025.179]]]}},{"type":"Feature","properties":{},"geometry":{"type":"Polygon","coordinates":[[[5672896.43755909,6433149.11088262],[5672806.371,6433388.772],[5673161.796,6433511.826],[5673309.64943486,6433565.02902785],[5673395.096,6433334.713],[5673399.60699466,6433322.55396627],[5673417.34904407,6433274.73165796],[5673479.301,6433107.745],[5672981.897,6432921.709],[5672918.98038928,6433089.12591232],[5672896.43755909,6433149.11088262]]]}},{"type":"Feature","properties":{},"geometry":{"type":"Polygon","coordinates":[[[5672801.259,6433397.608],[5672651.743,6433807.742],[5673133.426,6433968.421],[5673142.296,6433971.38],[5673145.343,6433971.634],[5673156.035,6433972.524],[5673226.156,6433787],[5673227.096,6433784.449],[5673303.961,6433575.835],[5672801.259,6433397.608]]]}},{"type":"Feature","properties":{},"geometry":{"type":"Polygon","coordinates":[[[5673101.48761228,6434161.93361738],[5673087.09068722,6434155.9473209],[5673136.83918262,6433982.03270918],[5672925.238,6433912.983],[5672892.979,6433902.07],[5672649.94239941,6433822.22924626],[5672535.69375173,6434122.58117272],[5672522.881,6434151.229],[5672404.388,6434464.188],[5672641.331,6434551.234],[5672784.82595608,6434604.6045736],[5672891.87634666,6434644.42019433],[5673010.76828223,6434329.76040407],[5673034.39437436,6434338.78722843],[5673127.20666424,6434374.24803314],[5673193.92187518,6434212.61747696],[5673198.23730519,6434202.16250959],[5673101.48761228,6434161.93361738]]]}},{"type":"Feature","properties":{},"geometry":{"type":"Polygon","coordinates":[[[5672759.622,6435058.216],[5672828.066,6434859.462],[5672896.529,6434660.655],[5672646.85636562,6434568.92764164],[5672399.189,6434477.937],[5672327.865,6434676.424],[5672255.205,6434878.627],[5672346.97091998,6434911.03647096],[5672408.112,6434932.63],[5672447.23158141,6434946.70694564],[5672490.406,6434962.243],[5672552.42188595,6434984.35131584],[5672650.01678211,6435019.14288057],[5672759.622,6435058.216]]]}},{"type":"Feature","properties":{},"geometry":{"type":"Polygon","coordinates":[[[5672364.37751945,6435474.13567145],[5672400.968,6435487.249],[5672584.097,6435552.878],[5672668.1591074,6435308.43068771],[5672697.108,6435224.252],[5672749.403,6435072.182],[5672556.845,6435001.954],[5672468.636,6434969.784],[5672433.6784831,6434957.0343214],[5672428.087,6434954.995],[5672424.346,6434953.536],[5672256.44,6434894.374],[5672251.1815619,6434893.27692843],[5672245.941,6434903.214],[5672162.22490674,6435127.18069703],[5672154.373,6435148.187],[5672135.08815153,6435203.8695088],[5672132.25743937,6435212.04282449],[5672128.37733684,6435223.24611934],[5672123.74838563,6435236.611618],[5672093.98342235,6435322.55410452],[5672091.02123135,6435331.10704839],[5672085.572,6435346.841],[5672077.827,6435369.203],[5672098.394,6435376.801],[5672102.966,6435378.49],[5672248.787,6435432.358],[5672251.53966055,6435433.37485485],[5672280.73,6435444.158],[5672364.37751945,6435474.13567145]]]}},{"type":"Feature","properties":{},"geometry":{"type":"Polygon","coordinates":[[[5671905.50969301,6435308.97186887],[5672002.36123838,6435344.1292853],[5672058.236,6435364.412],[5672147.22489255,6435122.82889066],[5672185.881,6435017.887],[5672234.778,6434885.144],[5672118.708,6434842.93],[5671998.80882989,6434799.32299236],[5671732.483,6434702.461],[5671699.558,6434791.154],[5671644.18144031,6434940.32556736],[5671554.58,6435181.691],[5671643.83506767,6435214.0402996],[5671742.30842291,6435249.73064361],[5671743.929,6435250.318],[5671884.805,6435301.456],[5671905.50969301,6435308.97186887]]]}},{"type":"Feature","properties":{},"geometry":{"type":"Polygon","coordinates":[[[5671801.67467963,6434481.67688048],[5671725.3,6434685.683],[5671873.039,6434738.371],[5671994.099,6434782.056],[5672239.316,6434870.545],[5672278.826,6434762.232],[5672311.754,6434671.965],[5672348.801,6434570.405],[5672366.618,6434521.563],[5672385.273,6434469.52],[5672308.631,6434440.81],[5672240.755,6434415.384],[5672135.34300776,6434375.89697803],[5671875.54293842,6434279.07698027],[5671801.67467963,6434481.67688048]]]}},{"type":"Feature","properties":{},"geometry":{"type":"Polygon","coordinates":[[[5671612.433,6433477.808],[5671507.611,6433770.693],[5671396.316,6434081.664],[5671776.567,6434219.567],[5671862.965,6434253.887],[5671868.053,6434255.615],[5671879.70070689,6434260.17535931],[5671993.67921,6433968.55722383],[5672009.255,6433928.706],[5672041.776,6433840.356],[5672113.722,6433644.898],[5671998.691,6433606.761],[5671863.322,6433561.964],[5671734.078,6433516.808],[5671626.339,6433482.259],[5671612.433,6433477.808]]]}},{"type":"Feature","properties":{},"geometry":{"type":"Polygon","coordinates":[[[5672005.87594677,6433973.06415767],[5671893.29450349,6434265.49758211],[5672140.194,6434362.163],[5672224.441,6434393.633],[5672311.337,6434427.012],[5672390.808,6434457.539],[5672399.539,6434433.997],[5672436.913,6434333.216],[5672513.293,6434134.249],[5672519.45649828,6434118.0936391],[5672634.22623057,6433817.26668016],[5672599.09,6433806.172],[5672587.927,6433801.818],[5672261.398,6433694.53],[5672252.576,6433690.934],[5672130.12073281,6433650.3348766],[5672005.87594677,6433973.06415767]]]}},{"type":"Feature","properties":{},"geometry":{"type":"Polygon","coordinates":[[[5671392.0714774495,6434093.523683023],[5671232.465,6434505.753],[5671265.641,6434516.577],[5671425.425,6434576.785],[5671429.332,6434578.164],[5671574.749,6434631.993],[5671695.53,6434675.066],[5671700.47361279,6434676.82906137],[5671856.0241454,6434272.78228037],[5671392.0714774495,6434093.523683023]]]}},{"type":"Feature","properties":{},"geometry":{"type":"Polygon","coordinates":[[[5671631.3791014,6434929.92005201],[5671719.42300381,6434697.93712503],[5671712.113,6434695.405],[5671412.436,6434585.464],[5671356.066,6434564.784],[5671257.294,6434531.479],[5671226.848,6434519.94],[5671136.23219138,6434758.297731],[5671046.302,6434994.852],[5671538.09293621,6435175.71558192],[5671631.3791014,6434929.92005201]]]}},{"type":"Feature","properties":{},"geometry":{"type":"Polygon","coordinates":[[[5670724.312945419,6434318.756964729],[5671202.08215145,6434492.09226677],[5671308.91078168,6434218.31412837],[5671318.69595762,6434193.23688787],[5671366.08266039,6434071.79525522],[5671246.06463884,6434026.66573459],[5670918.22414102,6433903.39021049],[5670890.22960169,6433892.86362353],[5670813.66669764,6434089.39380773],[5670724.312945419,6434318.756964729]]]}},{"type":"Feature","properties":{},"geometry":{"type":"Polygon","coordinates":[[[5670965.154,6434422.8],[5670884.697,6434393.569],[5670880.327,6434392.053],[5670718.691,6434333.188],[5670679.56568673,6434438.78901911],[5670638.82781008,6434548.45245127],[5670597.0161083,6434661.0065434],[5670539.504,6434815.825],[5671033.340947147,6434991.153974624],[5671036.305,6434983.319],[5671063.29832737,6434911.96668426],[5671170.438,6434628.761],[5671210.621,6434522.545],[5671214.087,6434513.791],[5671195.687,6434507.411],[5671194.369,6434506.075],[5671138.447,6434485.758],[5670965.154,6434422.8]]]}},{"type":"Feature","properties":{},"geometry":{"type":"Polygon","coordinates":[[[5671108.553756441,6433958.703102584],[5671254.466683987,6434013.27784339],[5671375.47925285,6434058.53928589],[5671375.81982605,6434057.62829554],[5671594.70662636,6433472.13370556],[5671547.448,6433457.006],[5671496.9777019,6433440.2249553],[5671372.022,6433398.678],[5671245.166,6433357.675],[5671117.61091559,6433316.44598783],[5670992.191,6433638.214],[5670894.533849435,6433878.65480838],[5671108.553756441,6433958.703102584]]]}},{"type":"Feature","properties":{},"geometry":{"type":"Polygon","coordinates":[[[5671000.829,6433278.448],[5670841.903,6433226.187],[5670757.517,6433196.402],[5670657.786,6433161.202],[5670563.708,6433129.922],[5670372.221,6433660.578],[5670369.686,6433667.603],[5670365.51098142,6433679.17290103],[5670795.38671535,6433842.12079547],[5670882.5944063,6433875.17758025],[5670978.234,6433620.205],[5671097.167,6433309.838],[5671045.959,6433293.286],[5671000.829,6433278.448]]]}},{"type":"Feature","properties":{},"geometry":{"type":"Polygon","coordinates":[[[5670196.9785926435,6434146.214357987],[5670024.55,6434624.055],[5670023.599,6434627.793],[5670148.879,6434673.72],[5670428.624,6434776.451],[5670525.74110683,6434810.93773308],[5670702.207195185,6434327.184887015],[5670196.9785926435,6434146.214357987]]]}},{"type":"Feature","properties":{},"geometry":{"type":"Polygon","coordinates":[[[5670550.658,6433132.361],[5670543.161,6433121.97],[5670535.55,6433119.262],[5670035.459,6432949.29],[5669945.161,6433208.595],[5669854.22,6433469.745],[5670189.849,6433602.314],[5670355.862,6433667.887],[5670408.441,6433523.372],[5670456.58,6433391.064],[5670549.719,6433135.069],[5670550.658,6433132.361]]]}},{"type":"Feature","properties":{},"geometry":{"type":"Polygon","coordinates":[[[5670101.36412819,6434096.82041954],[5670190.052,6434127.31],[5670256.322,6433942.896],[5670349.582,6433683.376],[5670350.78,6433679.723],[5670265.26664477,6433646.51708858],[5670105.542,6433584.494],[5670102.774,6433583.419],[5670094.872,6433580.351],[5669992.886,6433540.749],[5669847.821,6433484.418],[5669778.559,6433680.897],[5669682.68,6433952.883],[5670101.36412819,6434096.82041954]]]}},{"type":"Feature","properties":{},"geometry":{"type":"Polygon","coordinates":[[[5673173.5748699,6432435.64634671],[5673392.355,6432521.16],[5673515.753,6432566.359],[5673640.237,6432614.109],[5673668.667,6432602.708],[5673702.18823362,6432521.56562582],[5673737.348,6432437.127],[5673789.987,6432301.993],[5673793.998,6432288.73],[5673815.57823625,6432235.72515166],[5673840.757,6432173.883],[5673801.362,6432156.269],[5673680.46,6432109.822],[5673439.886,6432013.566],[5673347.37,6431976.848],[5673340.58,6431976.066],[5673235.004,6432247.105],[5673200.25910419,6432358.20872402],[5673173.5748699,6432435.64634671]]]}},{"type":"Feature","properties":{},"geometry":{"type":"Polygon","coordinates":[[[5660891.107,6428656.881],[5661022.196,6428697.639],[5661100.286,6428722.445],[5661102.771,6428718.069],[5661132.697,6428626.702],[5661133.897,6428623.038],[5661160.661,6428542.558],[5661176.097,6428496.142],[5661227.154,6428340.957],[5661266.70681845,6428223.08494088],[5661069.74397335,6428158.26499106],[5661018.761,6428301.147],[5661007.631,6428332.236],[5660891.107,6428656.881]]]}},{"type":"Feature","properties":{},"geometry":{"type":"Polygon","coordinates":[[[5663315.26094151,6428888.96598122],[5663316.5,6428885.117],[5663328.872,6428846.422],[5663410.523,6428591.506],[5663410.754,6428590.794],[5663456.088,6428451.087],[5663478.255,6428382.774],[5663494.584,6428389.213999999],[5663711.368,6428459.099],[5663770.526,6428479.117],[5663821.843,6428495.252],[5663888.463,6428510.658999999],[5664000.69554987,6428548.516592729],[5664504.94723225,6428715.56748126],[5664529.219,6428654.997],[5664538.321,6428617.398],[5664555.753,6428571.511],[5664603.385,6428426.172],[5664651.329,6428278.298],[5664546.468,6428231.694],[5664464.546,6428196.316],[5664461.016,6428194.975],[5664325.259,6428134.66],[5664322.567,6428133.7],[5664217.745,6428086.812],[5664158.846,6428060.466],[5664133.731,6428048.326],[5664058.459,6428013.109],[5664055.467,6428011.577],[5663952.568,6427963.67],[5663949.031,6427961.968],[5663857.384,6427922.479],[5663857.286,6427924.134],[5663843.611,6427918.304],[5663689.910130629,6427852.779702416],[5663671.809,6427845.063],[5663666.533,6427820.684],[5663665.503,6427820.226],[5663492.723,6427743.419],[5663433.033,6427717.546],[5663403.96,6427704.944],[5663403.494,6427704.742],[5663394.441,6427700.691],[5663352.375,6427681.868],[5663333.678,6427673.807],[5662900.8178293,6427480.85358795],[5662528.68,6427314.968],[5662356.616,6427323.921],[5662355.889,6427323.959],[5662285.527,6427327.91],[5662174.144,6427334.165],[5662082.433,6427339.316],[5662078.845,6427339.517],[5661754.377,6427353.916],[5661709.183,6427356.692],[5661704.953,6427356.952],[5661696.664,6427357.449],[5661685.751,6427358.103],[5661565.35,6427364.645],[5661564.821,6427364.674],[5661525.86776869,6427481.185812291],[5661498.885,6427471.764],[5661016.87067678,6427316.68617146],[5660949.756,6427539.949],[5661001.383,6427556.368],[5661044.079,6427569.997],[5661116.12,6427592.994],[5661188.243,6427617.139],[5661230.569,6427631.308],[5661243.226,6427635.206],[5661252.163,6427638.04],[5661299.818,6427654.978],[5661331.398,6427666.091],[5661364.916,6427677.887],[5661410.516,6427692.098],[5661450.433907812,6427703.745483896],[5661445.277,6427718.485],[5661558.365,6427757.099],[5661744.375,6427817.56],[5661912.652,6427874.564],[5662028.889,6427911.996],[5662087.159,6427930.761],[5662119.03408897,6427941.25470008],[5662141.25907114,6427948.57184104],[5662216.69,6427973.406],[5662295.302,6427998.578],[5662380.48812419,6428025.8548521],[5662443.483,6428046.026],[5662454.101,6428049.3],[5662472.759,6428055.053],[5662415.272,6428231.96],[5662339.05,6428460.869],[5662307.367,6428562.722],[5662412.112,6428597.354],[5662619.186,6428664.19],[5662619.693,6428664.504],[5662809.6518118,6428725.88361607],[5662905.365,6428756.81],[5662996.834,6428786.349],[5663002.334,6428788.125],[5663096.623,6428818.788],[5663315.26094151,6428888.96598122]]]}},{"type":"Feature","properties":{},"geometry":{"type":"Polygon","coordinates":[[[5674049.48470071,6434732.987296623],[5673971.088936028,6434955.901569806],[5674017.117,6434972.413],[5674047.051498882,6434983.151261531],[5674259.17133169,6435071.85010459],[5674269.59604627,6435085.87339782],[5674276.313,6435094.022],[5674276.24,6435090.646],[5674276.267,6435087.423],[5674276.494,6435082.712],[5674276.448,6435078.806],[5674276.111,6435074.861],[5674275.638,6435069.973],[5674274.791,6435065.736],[5674273.773,6435062.459],[5674273.56679394,6435061.67705275],[5674272.941,6435059.304],[5674272.045,6435055.889],[5674270.717,6435051.728],[5674268.711,6435047.099],[5674267.161,6435042.924],[5674265.81,6435039.055],[5674264.401,6435035.585],[5674263.423,6435032.86],[5674261.445,6435029.497],[5674259.35446137,6435026.46373999],[5674252.852,6435015.816],[5674251.088600555,6435013.589419608],[5674250.119356998,6435012.443229371],[5674248.055,6435010.002],[5674245.173,6435006.393],[5674243.931040378,6435004.551828502],[5674243.604,6435004.067],[5674241.777,6435001.832],[5674239.863,6434999.628],[5674237.544,6434997.048],[5674237.327955882,6434996.834244613],[5674233.957,6434993.499],[5674230.597,6434990.627],[5674228.188,6434988.315],[5674225.146,6434984.951],[5674221.682,6434980.367],[5674218.417,6434975.192],[5674216.189,6434971.445],[5674214.084,6434968.458],[5674212.293,6434965.219],[5674210.074,6434960.996],[5674207.891,6434956.666],[5674205.986,6434953.089],[5674203.081,6434948.873],[5674201.353,6434946.792],[5674197.757,6434942.822],[5674197.05350481,6434941.7791772],[5674194.67,6434938.246],[5674192.238,6434934.43],[5674191.47953612,6434933.41021663],[5674190.096,6434931.55],[5674187.514992327,6434927.916247954],[5674186.05,6434925.991],[5674185.17568928,6434924.80160891],[5674184.8260194,6434924.32592647],[5674183.708,6434922.805],[5674181.253,6434919.28],[5674179.203,6434916.132],[5674177.434,6434913.499],[5674175.952,6434911.142],[5674174.292,6434908.186],[5674171.896,6434903.365],[5674168.245,6434896.862],[5674164.476,6434890.259],[5674146.270932842,6434861.658938033],[5674106.531,6434858.349],[5674105.404,6434855.96],[5674103.653,6434852.375],[5674102.694,6434848.698],[5674101.129,6434844.338],[5674099.347,6434839.725],[5674098.473,6434836.018],[5674097.687,6434833.178],[5674096.886,6434830.154],[5674095.718,6434826.646],[5674094.521,6434822.77],[5674093.157,6434818.717],[5674091.998,6434814.733],[5674090.906,6434809.875],[5674089.955,6434803.927],[5674088.573,6434798.132],[5674086.917,6434793.143],[5674084.844,6434788.491],[5674082.47,6434784.276],[5674081.2857579235,6434782.0858869245],[5674080.133,6434779.954],[5674077.146,6434774.634],[5674073.509,6434768.315],[5674070.062,6434761.882],[5674067.143,6434755.686],[5674064.328,6434750.305],[5674061.382,6434745.537],[5674057.781,6434740.906],[5674053.781,6434736.56],[5674049.48470071,6434732.987296623]]]}},{"type":"Feature","properties":{},"geometry":{"type":"Polygon","coordinates":[[[5665803.66014138,6425510.754346312],[5665691.242,6426030.535],[5665706.48,6426032.303],[5666281.35045739,6426155.08695371],[5666447.35473151,6426191.11323152],[5666557.77182047,6426215.77808393],[5666724.87,6426257.87],[5666736.110223586,6426265.4028864335],[5666850.197223586,6425730.324886434],[5666326.735223586,6425621.5448864335],[5665803.66014138,6425510.754346312]]]}},{"type":"Feature","properties":{},"geometry":{"type":"Polygon","coordinates":[[[5676034.959430423,6432526.8664572155],[5675918.648194646,6432676.480515555],[5676037.752946368,6432775.421296657],[5676157.381379753,6432622.3783638235],[5676034.959430423,6432526.8664572155]]]}},{"type":"Feature","properties":{},"geometry":{"type":"Polygon","coordinates":[[[5675904.129662697,6432400.5410807645],[5676027.170200969,6432496.535601884],[5676148.160599072,6432339.181843006],[5676028.625162528,6432240.225636841],[5675904.129662697,6432400.5410807645]]]}},{"type":"Feature","properties":{},"geometry":{"type":"Polygon","coordinates":[[[5675779.362148007,6432561.206803878],[5675900.439694845,6432661.354643858],[5676015.51382827,6432511.69526817],[5675892.400988496,6432415.644338421],[5675779.362148007,6432561.206803878]]]}},{"type":"Feature","properties":{},"geometry":{"type":"Polygon","coordinates":[[[5675767.095267371,6432577.003121153],[5675648.492931943,6432729.7298147315],[5675770.38012463,6432830.503291786],[5675888.2487054635,6432677.20960453],[5675767.095267371,6432577.003121153]]]}},{"type":"Feature","properties":{},"geometry":{"type":"Polygon","coordinates":[[[5670707.505903302,6434312.659347543],[5670876.254468392,6433887.835407983],[5670360.85189891,6433692.657552574],[5670202.302117387,6434131.697929534],[5670707.505903302,6434312.659347543]]]}}]}