{"type":"FeatureCollection","features":[{"type":"Feature","properties":{},"geometry":{"type":"LineString","coordinates":[[5666027.133974427,6430949.454439798],[5666092.23679509,6430755.647244436]]}},{"type":"Feature","properties":{},"geometry":{"type":"LineString","coordinates":[[5666008.299324073,6430942.715874047],[5666089.494795117,6430701.001822624]]}},{"type":"Feature","properties":{},"geometry":{"type":"LineString","coordinates":[[5666008.299324055,6430942.715874066],[5666008.299324073,6430942.715874047]]}},{"type":"Feature","properties":{},"geometry":{"type":"LineString","coordinates":[[5665899.3980571935,6430903.753730858],[5666073.640650589,6430385.043973056]]}},{"type":"Feature","properties":{},"geometry":{"type":"LineString","coordinates":[[5665880.563406822,6430897.015165126],[5666055.756922261,6430375.474569415]]}},{"type":"Feature","properties":{},"geometry":{"type":"LineString","coordinates":[[5665782.160769381,6430861.809168332],[5665967.312889427,6430344.576559035]]}},{"type":"Feature","properties":{},"geometry":{"type":"LineString","coordinates":[[5665763.327729756,6430855.071178885],[5665948.42937156,6430337.979583384]]}},{"type":"Feature","properties":{},"geometry":{"type":"LineString","coordinates":[[5672645.236214879,6434553.2123488905],[5672866.971586905,6433941.055918943]]}},{"type":"Feature","properties":{},"geometry":{"type":"LineString","coordinates":[[5672664.040621887,6434560.023683346],[5672895.299499615,6433921.575213503]]}},{"type":"Feature","properties":{},"geometry":{"type":"LineString","coordinates":[[5672793.899005622,6434607.979144187],[5673032.913390894,6433948.119639291]]}},{"type":"Feature","properties":{},"geometry":{"type":"LineString","coordinates":[[5672775.144122327,6434601.031087043],[5673013.890304426,6433941.912024702]]}},{"type":"Feature","properties":{},"geometry":{"type":"LineString","coordinates":[[5666225.911319898,6429329.369693101],[5666190.107579447,6429424.740062615]]}},{"type":"Feature","properties":{},"geometry":{"type":"LineString","coordinates":[[5666244.635329887,6429336.399020945],[5666208.831589436,6429431.769390458]]}},{"type":"Feature","properties":{},"geometry":{"type":"LineString","coordinates":[[5666183.0779124405,6429443.464976037],[5666145.944692775,6429542.376677335]]}},{"type":"Feature","properties":{},"geometry":{"type":"LineString","coordinates":[[5666201.801922429,6429450.49430388],[5666164.6687027635,6429549.406005179]]}},{"type":"Feature","properties":{},"geometry":{"type":"LineString","coordinates":[[5666142.300151397,6429562.334626036],[5666105.221717029,6429661.100395818]]}},{"type":"Feature","properties":{},"geometry":{"type":"LineString","coordinates":[[5666161.024161385,6429569.363953879],[5666123.945727018,6429668.129723662]]}},{"type":"Feature","properties":{},"geometry":{"type":"LineString","coordinates":[[5666098.192050018,6429679.825309242],[5666062.570521547,6429774.710320982]]}},{"type":"Feature","properties":{},"geometry":{"type":"LineString","coordinates":[[5666116.916060007,6429686.854637085],[5666081.294531536,6429781.7396488255]]}},{"type":"Feature","properties":{},"geometry":{"type":"LineString","coordinates":[[5666500.511900121,6429429.602309261],[5666464.777212702,6429524.7887423225]]}},{"type":"Feature","properties":{},"geometry":{"type":"LineString","coordinates":[[5666519.23591011,6429436.631637105],[5666483.501222691,6429531.818070166]]}},{"type":"Feature","properties":{},"geometry":{"type":"LineString","coordinates":[[5666369.476557645,6429778.640953665],[5666333.785976141,6429873.709901857]]}},{"type":"Feature","properties":{},"geometry":{"type":"LineString","coordinates":[[5666388.200567634,6429785.670281508],[5666352.50998613,6429880.7392297005]]}},{"type":"Feature","properties":{},"geometry":{"type":"LineString","coordinates":[[5666413.5846590195,6429661.150270462],[5666376.506224653,6429759.916040242]]}},{"type":"Feature","properties":{},"geometry":{"type":"LineString","coordinates":[[5666432.308669008,6429668.179598305],[5666395.230234642,6429766.945368085]]}},{"type":"Feature","properties":{},"geometry":{"type":"LineString","coordinates":[[5666476.471555682,6429550.542983587],[5666439.338336016,6429649.454684884]]}},{"type":"Feature","properties":{},"geometry":{"type":"LineString","coordinates":[[5666457.747545693,6429543.513655744],[5666420.614326027,6429642.425357041]]}},{"type":"Feature","properties":{},"geometry":{"type":"LineString","coordinates":[[5666225.525349617,6429726.311131383],[5666189.903821146,6429821.196143123]]}},{"type":"Feature","properties":{},"geometry":{"type":"LineString","coordinates":[[5666225.525349617,6429726.311131383],[5666021.904223649,6429652.141939206]]}},{"type":"Feature","properties":{},"geometry":{"type":"LineString","coordinates":[[5666244.318412639,6429733.156522774],[5666208.627831135,6429828.225470967]]}},{"type":"Feature","properties":{},"geometry":{"type":"LineString","coordinates":[[5666232.555016628,6429707.586217959],[5666017.035632832,6429629.083073853]]}},{"type":"Feature","properties":{},"geometry":{"type":"LineString","coordinates":[[5666288.426514014,6429615.6658395715],[5666251.348079647,6429714.431609351]]}},{"type":"Feature","properties":{},"geometry":{"type":"LineString","coordinates":[[5666276.663118001,6429590.095534761],[5666039.64286799,6429503.760679335]]}},{"type":"Feature","properties":{},"geometry":{"type":"LineString","coordinates":[[5666269.633450995,6429608.820448177],[5666232.555016628,6429707.586217959]]}},{"type":"Feature","properties":{},"geometry":{"type":"LineString","coordinates":[[5666269.633450994,6429608.820448178],[5666033.690861788,6429522.878131737]]}},{"type":"Feature","properties":{},"geometry":{"type":"LineString","coordinates":[[5666332.589400686,6429498.029224854],[5666295.4561810205,6429596.940926151]]}},{"type":"Feature","properties":{},"geometry":{"type":"LineString","coordinates":[[5666313.796337668,6429491.183833464],[5666276.663118002,6429590.095534762]]}},{"type":"Feature","properties":{},"geometry":{"type":"LineString","coordinates":[[5666320.8260046765,6429472.458920043],[5666077.035503408,6429383.657994041]]}},{"type":"Feature","properties":{},"geometry":{"type":"LineString","coordinates":[[5666313.796337667,6429491.183833464],[5666071.083497202,6429402.775446454]]}},{"type":"Feature","properties":{},"geometry":{"type":"LineString","coordinates":[[5666356.629745126,6429377.0885505285],[5666320.826004675,6429472.458920042]]}},{"type":"Feature","properties":{},"geometry":{"type":"LineString","coordinates":[[5666375.353755115,6429384.117878372],[5666339.619067695,6429479.304311433]]}},{"type":"Feature","properties":{},"geometry":{"type":"LineString","coordinates":[[5666513.358712639,6429831.154712399],[5666244.318412639,6429733.156522773]]}},{"type":"Feature","properties":{},"geometry":{"type":"LineString","coordinates":[[5666519.3281504065,6429812.043609449],[5666251.348079647,6429714.43160935]]}},{"type":"Feature","properties":{},"geometry":{"type":"LineString","coordinates":[[5666550.814336912,6429711.240857974],[5666288.426514014,6429615.66583957]]}},{"type":"Feature","properties":{},"geometry":{"type":"LineString","coordinates":[[5666556.7837746795,6429692.129755024],[5666295.456181021,6429596.940926151]]}},{"type":"Feature","properties":{},"geometry":{"type":"LineString","coordinates":[[5666588.3164836485,6429591.178062289],[5666332.589400685,6429498.029224854]]}},{"type":"Feature","properties":{},"geometry":{"type":"LineString","coordinates":[[5666594.285921416,6429572.066959339],[5666339.619067696,6429479.304311433]]}},{"type":"Feature","properties":{},"geometry":{"type":"LineString","coordinates":[[5665754.919648001,6430398.821708734],[5666080.209386213,6430515.952555244]]}},{"type":"Feature","properties":{},"geometry":{"type":"LineString","coordinates":[[5665665.908030729,6430685.599570047],[5666096.501992653,6430840.6485289885]]}},{"type":"Feature","properties":{},"geometry":{"type":"LineString","coordinates":[[5665671.842639435,6430666.479432197],[5666095.415727208,6430819.000303599]]}},{"type":"Feature","properties":{},"geometry":{"type":"LineString","coordinates":[[5665706.837697172,6430553.73226366],[5666089.010263286,6430691.345569341]]}},{"type":"Feature","properties":{},"geometry":{"type":"LineString","coordinates":[[5665712.772305878,6430534.61212581],[5666087.923997842,6430669.69734396]]}},{"type":"Feature","properties":{},"geometry":{"type":"LineString","coordinates":[[5665749.031808804,6430417.791164457],[5666081.287091008,6430537.43017513]]}},{"type":"Feature","properties":{},"geometry":{"type":"LineString","coordinates":[[5672840.461478126,6433298.059507349],[5672925.29046506,6433329.1961434195]]}},{"type":"Feature","properties":{},"geometry":{"type":"LineString","coordinates":[[5672847.497344527,6433279.337535283],[5672931.843196242,6433311.638979116]]}},{"type":"Feature","properties":{},"geometry":{"type":"LineString","coordinates":[[5672332.778425692,6433103.635060037],[5672829.220139686,6433293.754476871]]}},{"type":"Feature","properties":{},"geometry":{"type":"LineString","coordinates":[[5672339.773803536,6433084.89758229],[5672836.112277636,6433274.977461951]]}},{"type":"Feature","properties":{},"geometry":{"type":"LineString","coordinates":[[5672380.1139481105,6432976.844439423],[5672878.238193303,6433160.209163231]]}},{"type":"Feature","properties":{},"geometry":{"type":"LineString","coordinates":[[5672380.113948135,6432976.844439416],[5672380.1139481105,6432976.844439423]]}},{"type":"Feature","properties":{},"geometry":{"type":"LineString","coordinates":[[5672387.144379038,6432958.013070266],[5672881.30245251,6433147.365249952]]}},{"type":"Feature","properties":{},"geometry":{"type":"LineString","coordinates":[[5672426.85883898,6432851.635855775],[5672921.844261342,6433041.408321436]]}},{"type":"Feature","properties":{},"geometry":{"type":"LineString","coordinates":[[5672433.854216824,6432832.898378029],[5672928.80422388,6433022.446524472]]}},{"type":"Feature","properties":{},"geometry":{"type":"LineString","coordinates":[[5665077.8435116345,6430751.419133647],[5666099.847172094,6431107.6612665355]]}},{"type":"Feature","properties":{},"geometry":{"type":"LineString","coordinates":[[5665071.690620287,6430770.454610566],[5666093.659565909,6431126.684642826]]}},{"type":"Feature","properties":{},"geometry":{"type":"LineString","coordinates":[[5664990.433979176,6431024.063551174],[5666013.815498717,6431368.057271724]]}},{"type":"Feature","properties":{},"geometry":{"type":"LineString","coordinates":[[5664984.065383088,6431043.022480044],[5666007.417854122,6431387.006393173]]}},{"type":"Feature","properties":{},"geometry":{"type":"LineString","coordinates":[[5665925.934349346,6431187.9114674665],[5666004.286959474,6430954.660442956]]}},{"type":"Feature","properties":{},"geometry":{"type":"LineString","coordinates":[[5665418.818715069,6431038.6617570035],[5665338.230099137,6431296.548034865]]}},{"type":"Feature","properties":{},"geometry":{"type":"LineString","coordinates":[[5665405.827466662,6431013.199558314],[5665482.970155456,6430766.336943078]]}},{"type":"Feature","properties":{},"geometry":{"type":"LineString","coordinates":[[5665274.752348348,6430969.169408118],[5665353.183175021,6430719.445655577]]}},{"type":"Feature","properties":{},"geometry":{"type":"LineString","coordinates":[[5665287.716883948,6430994.622633562],[5665207.506899246,6431250.007486833]]}},{"type":"Feature","properties":{},"geometry":{"type":"LineString","coordinates":[[5665157.452082284,6430950.864681204],[5665076.976318376,6431203.535515724]]}},{"type":"Feature","properties":{},"geometry":{"type":"LineString","coordinates":[[5665144.562298101,6430925.43656591],[5665224.927785263,6430673.107722955]]}},{"type":"Feature","properties":{},"geometry":{"type":"LineString","coordinates":[[5665033.639262038,6430888.17581039],[5665925.934349346,6431187.9114674665]]}},{"type":"Feature","properties":{},"geometry":{"type":"LineString","coordinates":[[5665027.487563086,6430907.207598347],[5665919.565753258,6431206.870396337]]}},{"type":"Feature","properties":{},"geometry":{"type":"LineString","coordinates":[[5666148.962456193,6431282.569744957],[5666066.946578085,6431253.497454969]]}},{"type":"Feature","properties":{},"geometry":{"type":"LineString","coordinates":[[5666152.524129004,6431305.3659169795],[5666060.165546335,6431272.627433162]]}},{"type":"Feature","properties":{},"geometry":{"type":"LineString","coordinates":[[5666453.083494585,6431416.53459044],[5666275.513176313,6431350.856195457]]}},{"type":"Feature","properties":{},"geometry":{"type":"LineString","coordinates":[[5666460.126533273,6431397.660810616],[5666273.2160891,6431328.527758997]]}},{"type":"Feature","properties":{},"geometry":{"type":"LineString","coordinates":[[5672797.55279984,6435350.708248467],[5672879.880529319,6435116.971181594]]}},{"type":"Feature","properties":{},"geometry":{"type":"LineString","coordinates":[[5672816.416850555,6435357.3526138],[5672898.744580033,6435123.615546927]]}},{"type":"Feature","properties":{},"geometry":{"type":"LineString","coordinates":[[5672709.302993994,6435600.939146586],[5672790.808299006,6435369.537029119]]}},{"type":"Feature","properties":{},"geometry":{"type":"LineString","coordinates":[[5672728.1670447085,6435607.583511919],[5672809.67234972,6435376.181394452]]}},{"type":"Feature","properties":{},"geometry":{"type":"LineString","coordinates":[[5673055.578402851,6435441.590975488],[5673137.906132329,6435207.853908614]]}},{"type":"Feature","properties":{},"geometry":{"type":"LineString","coordinates":[[5673074.442453565,6435448.235340821],[5673156.770183044,6435214.498273947]]}},{"type":"Feature","properties":{},"geometry":{"type":"LineString","coordinates":[[5672966.40525296,6435694.35053307],[5673047.840013812,6435463.148697874]]}},{"type":"Feature","properties":{},"geometry":{"type":"LineString","coordinates":[[5672985.269303674,6435700.994898403],[5673066.704064527,6435469.793063207]]}},{"type":"Feature","properties":{},"geometry":{"type":"LineString","coordinates":[[5672988.347287407,6435278.897284646],[5673227.636315374,6435366.047017275]]}},{"type":"Feature","properties":{},"geometry":{"type":"LineString","coordinates":[[5672981.702547597,6435297.762398544],[5673220.792053515,6435384.839464684]]}},{"type":"Feature","properties":{},"geometry":{"type":"LineString","coordinates":[[5672732.665675388,6435185.777327101],[5672969.853063922,6435272.161636774]]}},{"type":"Feature","properties":{},"geometry":{"type":"LineString","coordinates":[[5672725.821413529,6435204.569774509],[5672963.208324112,6435291.026750672]]}},{"type":"Feature","properties":{},"geometry":{"type":"LineString","coordinates":[[5672900.396764634,6435529.237182498],[5673139.4862705525,6435616.314248638]]}},{"type":"Feature","properties":{},"geometry":{"type":"LineString","coordinates":[[5672893.552502776,6435548.029629907],[5673132.642008694,6435635.106696047]]}},{"type":"Feature","properties":{},"geometry":{"type":"LineString","coordinates":[[5672644.216347495,6435435.9355587335],[5672881.603258078,6435522.392534896]]}},{"type":"Feature","properties":{},"geometry":{"type":"LineString","coordinates":[[5672637.3720856365,6435454.728006142],[5672874.758996219,6435541.184982304]]}},{"type":"Feature","properties":{},"geometry":{"type":"LineString","coordinates":[[5672944.372026021,6435404.067233571],[5673183.661053987,6435491.216966201]]}},{"type":"Feature","properties":{},"geometry":{"type":"LineString","coordinates":[[5672944.372026021,6435404.067233573],[5672950.922038629,6435385.471060149]]}},{"type":"Feature","properties":{},"geometry":{"type":"LineString","coordinates":[[5672937.72728621,6435422.932347469],[5673176.816792129,6435510.009413609]]}},{"type":"Feature","properties":{},"geometry":{"type":"LineString","coordinates":[[5672925.5785194645,6435397.222585971],[5673007.906248943,6435163.485519097]]}},{"type":"Feature","properties":{},"geometry":{"type":"LineString","coordinates":[[5672837.428474643,6435647.489817333],[5672918.933779655,6435416.087699867]]}},{"type":"Feature","properties":{},"geometry":{"type":"LineString","coordinates":[[5672856.292525358,6435654.134182666],[5672937.72728621,6435422.93234747]]}},{"type":"Feature","properties":{},"geometry":{"type":"LineString","coordinates":[[5672688.39113093,6435310.838276296],[5672925.5785194645,6435397.22258597]]}},{"type":"Feature","properties":{},"geometry":{"type":"LineString","coordinates":[[5672681.546869071,6435329.630723705],[5672918.933779654,6435416.087699867]]}},{"type":"Feature","properties":{},"geometry":{"type":"LineString","coordinates":[[5672590.8531758785,6434762.076090486],[5672720.711027212,6434810.033021159]]}},{"type":"Feature","properties":{},"geometry":{"type":"LineString","coordinates":[[5672625.407584134,6434666.679929724],[5672862.547251757,6434759.333255743]]}},{"type":"Feature","properties":{},"geometry":{"type":"LineString","coordinates":[[5672323.523154288,6434688.505868942],[5672713.237415117,6434830.665812658]]}},{"type":"Feature","properties":{},"geometry":{"type":"LineString","coordinates":[[5672292.684305371,6434774.326658445],[5672682.499505943,6434915.525564949]]}},{"type":"Feature","properties":{},"geometry":{"type":"LineString","coordinates":[[5672285.920375695,6434793.149857276],[5672675.687652478,6434934.331404817]]}},{"type":"Feature","properties":{},"geometry":{"type":"LineString","coordinates":[[5672605.39202134,6434680.50534238],[5672857.013720593,6434775.401858199]]}},{"type":"Feature","properties":{},"geometry":{"type":"LineString","coordinates":[[5672648.259588,6435010.053495877],[5672789.101632066,6434621.223504083]]}},{"type":"Feature","properties":{},"geometry":{"type":"LineString","coordinates":[[5672629.41235723,6435003.360387222],[5672770.326278103,6434614.331961385]]}},{"type":"Feature","properties":{},"geometry":{"type":"LineString","coordinates":[[5672517.8108086055,6434963.727971179],[5672659.150339082,6434573.524542663]]}},{"type":"Feature","properties":{},"geometry":{"type":"LineString","coordinates":[[5672498.963577835,6434957.034862523],[5672567.896341229,6434765.068362033]]}},{"type":"Feature","properties":{},"geometry":{"type":"LineString","coordinates":[[5672388.278467303,6434917.727895869],[5672458.243041755,6434724.573038669]]}},{"type":"Feature","properties":{},"geometry":{"type":"LineString","coordinates":[[5672369.431236463,6434911.034787811],[5672439.481188195,6434717.644224576]]}},{"type":"Feature","properties":{},"geometry":{"type":"LineString","coordinates":[[5672369.4312365325,6434911.034787213],[5672369.431236463,6434911.034787811]]}},{"type":"Feature","properties":{},"geometry":{"type":"LineString","coordinates":[[5672123.559872295,6435242.076127183],[5672364.976405331,6435326.940252135]]}},{"type":"Feature","properties":{},"geometry":{"type":"LineString","coordinates":[[5672117.000915184,6435260.970043708],[5672358.165681394,6435345.742973652]]}},{"type":"Feature","properties":{},"geometry":{"type":"LineString","coordinates":[[5672336.569449119,6435464.0904644085],[5672424.115679256,6435222.397011501]]}},{"type":"Feature","properties":{},"geometry":{"type":"LineString","coordinates":[[5672405.311272248,6435215.585677045],[5672317.759099618,6435457.295535705]]}},{"type":"Feature","properties":{},"geometry":{"type":"LineString","coordinates":[[5672291.177520463,6435185.7995545305],[5672205.942301524,6435416.530560969]]}},{"type":"Feature","properties":{},"geometry":{"type":"LineString","coordinates":[[5672272.281910272,6435179.24000947],[5672187.183459463,6435409.600785754]]}},{"type":"Feature","properties":{},"geometry":{"type":"LineString","coordinates":[[5672621.894354561,6435024.115730097],[5672535.857545101,6435261.642046457]]}},{"type":"Feature","properties":{},"geometry":{"type":"LineString","coordinates":[[5672640.698761569,6435030.927064552],[5672554.661952109,6435268.453380913]]}},{"type":"Feature","properties":{},"geometry":{"type":"LineString","coordinates":[[5672361.719147333,6434932.325954918],[5672275.682337873,6435169.852271278]]}},{"type":"Feature","properties":{},"geometry":{"type":"LineString","coordinates":[[5672380.523554341,6434939.137289373],[5672294.486744881,6435176.663605734]]}},{"type":"Feature","properties":{},"geometry":{"type":"LineString","coordinates":[[5672470.601230189,6435094.0619215965],[5672712.581889056,6435179.255072787]]}},{"type":"Feature","properties":{},"geometry":{"type":"LineString","coordinates":[[5672463.78961953,6435112.867091133],[5672706.077758228,6435198.168495501]]}},{"type":"Feature","properties":{},"geometry":{"type":"LineString","coordinates":[[5672167.7837595055,6435121.793005953],[5672339.063205434,6435181.252067196]]}},{"type":"Feature","properties":{},"geometry":{"type":"LineString","coordinates":[[5672161.224802394,6435140.686922478],[5672332.504248323,6435200.145983721]]}},{"type":"Feature","properties":{},"geometry":{"type":"LineString","coordinates":[[5672211.197074326,6435002.734550338],[5672451.650536067,6435087.390027417]]}},{"type":"Feature","properties":{},"geometry":{"type":"LineString","coordinates":[[5672204.5553561505,6435021.599533234],[5672445.008817892,6435106.255010312]]}},{"type":"Feature","properties":{},"geometry":{"type":"LineString","coordinates":[[5672491.348081708,6434978.059360685],[5672405.311272248,6435215.585677045]]}},{"type":"Feature","properties":{},"geometry":{"type":"LineString","coordinates":[[5672510.152488716,6434984.87069514],[5672424.115679256,6435222.397011501]]}},{"type":"Feature","properties":{},"geometry":{"type":"LineString","coordinates":[[5672586.483147699,6433989.05930412],[5673079.379011341,6434176.342310685]]}},{"type":"Feature","properties":{},"geometry":{"type":"LineString","coordinates":[[5672592.818075569,6433972.405209489],[5673087.09068722,6434158.324201317]]}},{"type":"Feature","properties":{},"geometry":{"type":"LineString","coordinates":[[5672532.109802516,6434130.213217954],[5672915.938465935,6434271.058428019]]}},{"type":"Feature","properties":{},"geometry":{"type":"LineString","coordinates":[[5672524.958314654,6434148.8959609335],[5672909.840377927,6434287.893738286]]}},{"type":"Feature","properties":{},"geometry":{"type":"LineString","coordinates":[[5672470.855324421,6434290.375579357],[5672956.339341511,6434473.812218759]]}},{"type":"Feature","properties":{},"geometry":{"type":"LineString","coordinates":[[5672463.710037937,6434309.060542995],[5672948.902182647,6434493.4954280285]]}},{"type":"Feature","properties":{},"geometry":{"type":"LineString","coordinates":[[5673040.12262994,6433150.374159193],[5672935.55610954,6433434.014915001]]}},{"type":"Feature","properties":{},"geometry":{"type":"LineString","coordinates":[[5672916.677706958,6433427.403363821],[5673022.682833979,6433143.854273056]]}},{"type":"Feature","properties":{},"geometry":{"type":"LineString","coordinates":[[5673195.955456775,6433525.211381646],[5673298.528028137,6433246.979290195]]}},{"type":"Feature","properties":{},"geometry":{"type":"LineString","coordinates":[[5673177.077054192,6433518.599830465],[5673279.79418265,6433239.975622276]]}},{"type":"Feature","properties":{},"geometry":{"type":"LineString","coordinates":[[5673065.873285053,6433479.654299569],[5673169.441931188,6433198.72031653]]}},{"type":"Feature","properties":{},"geometry":{"type":"LineString","coordinates":[[5673046.994882471,6433473.04274839],[5673150.708085698,6433191.71664861]]}},{"type":"Feature","properties":{},"geometry":{"type":"LineString","coordinates":[[5672763.865887868,6433841.9113698],[5672834.680157513,6433649.824907639]]}},{"type":"Feature","properties":{},"geometry":{"type":"LineString","coordinates":[[5672782.631305561,6433848.829396888],[5672853.445575207,6433656.742934727]]}},{"type":"Feature","properties":{},"geometry":{"type":"LineString","coordinates":[[5672691.007720884,6433698.951900833],[5672933.051625724,6433781.398507026]]}},{"type":"Feature","properties":{},"geometry":{"type":"LineString","coordinates":[[5672684.559032803,6433717.883737038],[5672926.602937643,6433800.330343231]]}},{"type":"Feature","properties":{},"geometry":{"type":"LineString","coordinates":[[5672951.989332004,6433787.84919461],[5673194.504720883,6433870.456400834]]}},{"type":"Feature","properties":{},"geometry":{"type":"LineString","coordinates":[[5672945.540643924,6433806.781030814],[5673188.056032803,6433889.388237039]]}},{"type":"Feature","properties":{},"geometry":{"type":"LineString","coordinates":[[5673024.910952419,6433931.356303095],[5673095.897510653,6433738.802501432]]}},{"type":"Feature","properties":{},"geometry":{"type":"LineString","coordinates":[[5673043.676370112,6433938.274330183],[5673114.662928347,6433745.72052852]]}},{"type":"Feature","properties":{},"geometry":{"type":"LineString","coordinates":[[5673102.817682773,6433720.031265259],[5673173.631952418,6433527.944803095]]}},{"type":"Feature","properties":{},"geometry":{"type":"LineString","coordinates":[[5673121.583100466,6433726.949292347],[5673192.397370111,6433534.8628301835]]}},{"type":"Feature","properties":{},"geometry":{"type":"LineString","coordinates":[[5673029.653563296,6433577.181944915],[5673271.697468135,6433659.628551106]]}},{"type":"Feature","properties":{},"geometry":{"type":"LineString","coordinates":[[5673023.204875216,6433596.11378112],[5673265.248780054,6433678.560387311]]}},{"type":"Feature","properties":{},"geometry":{"type":"LineString","coordinates":[[5672768.200468135,6433488.124051105],[5673010.715857012,6433570.73125733]]}},{"type":"Feature","properties":{},"geometry":{"type":"LineString","coordinates":[[5672761.7517800545,6433507.05588731],[5673004.267168932,6433589.663093534]]}},{"type":"Feature","properties":{},"geometry":{"type":"LineString","coordinates":[[5672841.600329633,6433631.053671466],[5672912.586887867,6433438.4998698]]}},{"type":"Feature","properties":{},"geometry":{"type":"LineString","coordinates":[[5672860.365747326,6433637.971698554],[5672931.35230556,6433445.417896888]]}},{"type":"Feature","properties":{},"geometry":{"type":"LineString","coordinates":[[5672991.178439202,6433682.266975707],[5673233.22234404,6433764.713581898]]}},{"type":"Feature","properties":{},"geometry":{"type":"LineString","coordinates":[[5672972.2407329185,6433675.816288122],[5673043.227291153,6433483.262486456]]}},{"type":"Feature","properties":{},"geometry":{"type":"LineString","coordinates":[[5672984.25826708,6433701.038211878],[5673226.773655959,6433783.645418103]]}},{"type":"Feature","properties":{},"geometry":{"type":"LineString","coordinates":[[5672991.178439201,6433682.266975707],[5673061.992708846,6433490.180513544]]}},{"type":"Feature","properties":{},"geometry":{"type":"LineString","coordinates":[[5672729.72534404,6433593.2090818975],[5672972.240732918,6433675.816288122]]}},{"type":"Feature","properties":{},"geometry":{"type":"LineString","coordinates":[[5672723.27665596,6433612.140918102],[5672965.3205608,6433694.587524295]]}},{"type":"Feature","properties":{},"geometry":{"type":"LineString","coordinates":[[5672894.506291154,6433886.673986455],[5672965.320560799,6433694.587524295]]}},{"type":"Feature","properties":{},"geometry":{"type":"LineString","coordinates":[[5672913.271708847,6433893.5920135435],[5672984.258267081,6433701.03821188]]}},{"type":"Feature","properties":{},"geometry":{"type":"LineString","coordinates":[[5672696.151208596,6432134.734188978],[5673065.913007977,6432269.443020464]]}},{"type":"Feature","properties":{},"geometry":{"type":"LineString","coordinates":[[5672703.158840697,6432116.001308064],[5673122.556,6432267.488]]}},{"type":"Feature","properties":{},"geometry":{"type":"LineString","coordinates":[[5672741.5176880015,6432012.90816351],[5673236.085652884,6432202.62628296]]}},{"type":"Feature","properties":{},"geometry":{"type":"LineString","coordinates":[[5672748.463227977,6431994.151463825],[5673243.9578656275,6432182.939534434]]}},{"type":"Feature","properties":{},"geometry":{"type":"LineString","coordinates":[[5672793.215204,6431877.339895674],[5673289.00769421,6432068.932977277]]}},{"type":"Feature","properties":{},"geometry":{"type":"LineString","coordinates":[[5672793.215204184,6431877.339895753],[5672793.215204,6431877.339895674]]}},{"type":"Feature","properties":{},"geometry":{"type":"LineString","coordinates":[[5672786.03964106,6431896.0083577],[5673282.213038664,6432086.342327137]]}},{"type":"Feature","properties":{},"geometry":{"type":"LineString","coordinates":[[5673218.607250909,6431928.468272191],[5673087.632396087,6432268.69338054]]}},{"type":"Feature","properties":{},"geometry":{"type":"LineString","coordinates":[[5673199.918793869,6431921.344653889],[5673065.913007977,6432269.443020464]]}},{"type":"Feature","properties":{},"geometry":{"type":"LineString","coordinates":[[5673088.9648761805,6431879.051523059],[5672938.871317053,6432268.665018001]]}},{"type":"Feature","properties":{},"geometry":{"type":"LineString","coordinates":[[5673070.2764191395,6431871.927904758],[5672917.788046921,6432268.037318511]]}},{"type":"Feature","properties":{},"geometry":{"type":"LineString","coordinates":[[5672959.197151153,6431829.586993222],[5672795.687175146,6432254.326531029]]}},{"type":"Feature","properties":{},"geometry":{"type":"LineString","coordinates":[[5672940.508694112,6431822.46337492],[5672773.856805915,6432255.364459598]]}},{"type":"Feature","properties":{},"geometry":{"type":"LineString","coordinates":[[5672864.894833307,6432860.051778231],[5673033.592620183,6432411.375423096]]}},{"type":"Feature","properties":{},"geometry":{"type":"LineString","coordinates":[[5672846.206801213,6432852.913494691],[5673014.754083683,6432404.637427965]]}},{"type":"Feature","properties":{},"geometry":{"type":"LineString","coordinates":[[5672736.230532438,6432810.905765615],[5672902.190107439,6432369.512084107]]}},{"type":"Feature","properties":{},"geometry":{"type":"LineString","coordinates":[[5672717.548144811,6432803.769638097],[5672881.956327378,6432366.502110916]]}},{"type":"Feature","properties":{},"geometry":{"type":"LineString","coordinates":[[5672607.318819643,6432761.665248856],[5672761.897593472,6432350.540467008]]}},{"type":"Feature","properties":{},"geometry":{"type":"LineString","coordinates":[[5672588.635468899,6432754.528753456],[5672741.2286292855,6432348.685]]}},{"type":"Feature","properties":{},"geometry":{"type":"LineString","coordinates":[[5672678.830434285,6433354.917169884],[5672860.261270819,6432872.3754130965]]}},{"type":"Feature","properties":{},"geometry":{"type":"LineString","coordinates":[[5672660.364757059,6433347.187501163],[5672841.536418811,6432865.335057488]]}},{"type":"Feature","properties":{},"geometry":{"type":"LineString","coordinates":[[5672548.714736144,6433309.631359881],[5672731.343470353,6432823.903619612]]}},{"type":"Feature","properties":{},"geometry":{"type":"LineString","coordinates":[[5672529.892408492,6433302.86742326],[5672712.624273933,6432816.865390447]]}},{"type":"Feature","properties":{},"geometry":{"type":"LineString","coordinates":[[5672418.047530871,6433265.059831301],[5672602.177770501,6432775.338618456]]}},{"type":"Feature","properties":{},"geometry":{"type":"LineString","coordinates":[[5672399.286058582,6433258.131111538],[5672583.457609066,6432768.300026457]]}},{"type":"Feature","properties":{},"geometry":{"type":"LineString","coordinates":[[5672580.982194998,6432402.688298939],[5673090.247169114,6432591.777595153]]}},{"type":"Feature","properties":{},"geometry":{"type":"LineString","coordinates":[[5672573.901781366,6432421.393141895],[5673083.28569288,6432610.526599381]]}},{"type":"Feature","properties":{},"geometry":{"type":"LineString","coordinates":[[5672542.817586226,6432503.510517897],[5673052.723652728,6432692.8378507225]]}},{"type":"Feature","properties":{},"geometry":{"type":"LineString","coordinates":[[5672535.76449825,6432522.225613455],[5673045.7621417,6432711.586948659]]}},{"type":"Feature","properties":{},"geometry":{"type":"LineString","coordinates":[[5672504.383395668,6432604.291858188],[5673015.180813232,6432793.950148282]]}},{"type":"Feature","properties":{},"geometry":{"type":"LineString","coordinates":[[5672497.357633347,6432623.017206349],[5673008.219267409,6432812.69933993]]}},{"type":"Feature","properties":{},"geometry":{"type":"LineString","coordinates":[[5671358.429613964,6430556.596264612],[5671532.7843815265,6430064.351498876]]}},{"type":"Feature","properties":{},"geometry":{"type":"LineString","coordinates":[[5671339.373523498,6430550.05413428],[5671513.932181219,6430057.673985509]]}},{"type":"Feature","properties":{},"geometry":{"type":"LineString","coordinates":[[5669089.70719893,6430776.270238583],[5668846.65648271,6430688.845674611]]}},{"type":"Feature","properties":{},"geometry":{"type":"LineString","coordinates":[[5669096.468454517,6430757.447765402],[5668853.562046989,6430670.075108804]]}},{"type":"Feature","properties":{},"geometry":{"type":"LineString","coordinates":[[5666693.475307513,6430734.379053678],[5666808.925568839,6430776.084789291]]}},{"type":"Feature","properties":{},"geometry":{"type":"LineString","coordinates":[[5666686.680203881,6430753.189331897],[5666802.130465207,6430794.895067509]]}},{"type":"Feature","properties":{},"geometry":{"type":"LineString","coordinates":[[5666559.319103677,6430685.915905099],[5666674.66473359,6430727.583843224]]}},{"type":"Feature","properties":{},"geometry":{"type":"LineString","coordinates":[[5666552.524000043,6430704.726183318],[5666667.869629956,6430746.394121442]]}},{"type":"Feature","properties":{},"geometry":{"type":"LineString","coordinates":[[5666550.871886706,6430682.007595295],[5666426.435910489,6430638.402423269]]}},{"type":"Feature","properties":{},"geometry":{"type":"LineString","coordinates":[[5666544.257773571,6430700.882274298],[5666419.821797354,6430657.277102272]]}},{"type":"Feature","properties":{},"geometry":{"type":"LineString","coordinates":[[5666407.560110253,6430631.787917228],[5666289.030609481,6430590.252507384]]}},{"type":"Feature","properties":{},"geometry":{"type":"LineString","coordinates":[[5666400.945997118,6430650.662596229],[5666282.416496346,6430609.127186385]]}},{"type":"Feature","properties":{},"geometry":{"type":"LineString","coordinates":[[5666309.88490245,6430901.082215019],[5666191.561137222,6430859.618899547]]}},{"type":"Feature","properties":{},"geometry":{"type":"LineString","coordinates":[[5666303.270789315,6430919.95689402],[5666184.9470240865,6430878.493578548]]}},{"type":"Feature","properties":{},"geometry":{"type":"LineString","coordinates":[[5666453.402414447,6430951.373987458],[5666328.760702685,6430907.6967210565]]}},{"type":"Feature","properties":{},"geometry":{"type":"LineString","coordinates":[[5666446.788301311,6430970.248666461],[5666322.14658955,6430926.571400059]]}},{"type":"Feature","properties":{},"geometry":{"type":"LineString","coordinates":[[5666463.710345397,6430954.963278573],[5666579.161449195,6430996.669318524]]}},{"type":"Feature","properties":{},"geometry":{"type":"LineString","coordinates":[[5666597.972023118,6431003.46452898],[5666713.3168105595,6431045.132162765]]}},{"type":"Feature","properties":{},"geometry":{"type":"LineString","coordinates":[[5666591.176919486,6431022.274807198],[5666706.521706928,6431063.942440983]]}},{"type":"Feature","properties":{},"geometry":{"type":"LineString","coordinates":[[5666456.915241765,6430973.773556791],[5666572.366345563,6431015.479596742]]}},{"type":"Feature","properties":{},"geometry":{"type":"LineString","coordinates":[[5665479.564104692,6429854.123456464],[5665552.310324074,6429611.71876331]]}},{"type":"Feature","properties":{},"geometry":{"type":"LineString","coordinates":[[5665498.720090664,6429859.872212975],[5665571.466310046,6429617.467519822]]}},{"type":"Feature","properties":{},"geometry":{"type":"LineString","coordinates":[[5665413.296938102,6429683.846179811],[5665644.640247289,6429768.975232839]]}},{"type":"Feature","properties":{},"geometry":{"type":"LineString","coordinates":[[5665406.39016745,6429702.615743449],[5665637.733476637,6429787.744796476]]}},{"type":"Feature","properties":{},"geometry":{"type":"LineString","coordinates":[[5665663.444841982,6429775.894894116],[5665903.935620582,6429864.390006923]]}},{"type":"Feature","properties":{},"geometry":{"type":"LineString","coordinates":[[5665656.538071332,6429794.664457753],[5665897.028849931,6429883.159570561]]}},{"type":"Feature","properties":{},"geometry":{"type":"LineString","coordinates":[[5665734.28574328,6429947.855200659],[5665807.38335394,6429704.279602738]]}},{"type":"Feature","properties":{},"geometry":{"type":"LineString","coordinates":[[5665753.441729252,6429953.60395717],[5665826.539339912,6429710.028359249]]}},{"type":"Feature","properties":{},"geometry":{"type":"LineString","coordinates":[[5665655.77874191,6430209.455951039],[5665728.526257431,6429967.046938895]]}},{"type":"Feature","properties":{},"geometry":{"type":"LineString","coordinates":[[5665674.934727882,6430215.20470755],[5665747.682243403,6429972.795695406]]}},{"type":"Feature","properties":{},"geometry":{"type":"LineString","coordinates":[[5665584.938488681,6430037.493485],[5665824.281982481,6430125.566423208]]}},{"type":"Feature","properties":{},"geometry":{"type":"LineString","coordinates":[[5665578.031718031,6430056.263048638],[5665817.37521183,6430144.335986846]]}},{"type":"Feature","properties":{},"geometry":{"type":"LineString","coordinates":[[5665333.6433,6429945.022596097],[5665566.133893987,6430030.57382372]]}},{"type":"Feature","properties":{},"geometry":{"type":"LineString","coordinates":[[5665326.736529349,6429963.792159734],[5665559.227123337,6430049.343387358]]}},{"type":"Feature","properties":{},"geometry":{"type":"LineString","coordinates":[[5665400.705712044,6430116.895111611],[5665473.804618842,6429873.315194697]]}},{"type":"Feature","properties":{},"geometry":{"type":"LineString","coordinates":[[5665419.861698016,6430122.643868122],[5665492.960604814,6429879.063951208]]}},{"type":"Feature","properties":{},"geometry":{"type":"LineString","coordinates":[[5665623.618346966,6429906.482022511],[5665696.715957626,6429662.90642459]]}},{"type":"Feature","properties":{},"geometry":{"type":"LineString","coordinates":[[5665623.618346966,6429906.482022511],[5665864.109125566,6429994.977135318]]}},{"type":"Feature","properties":{},"geometry":{"type":"LineString","coordinates":[[5665604.813752272,6429899.562361233],[5665677.559971654,6429657.157668079]]}},{"type":"Feature","properties":{},"geometry":{"type":"LineString","coordinates":[[5665617.858861116,6429925.673760748],[5665857.202354915,6430013.746698956]]}},{"type":"Feature","properties":{},"geometry":{"type":"LineString","coordinates":[[5666173.161601923,6431436.205703579],[5666022.000357384,6431380.295301306]]}},{"type":"Feature","properties":{},"geometry":{"type":"LineString","coordinates":[[5666176.767706078,6431458.863721223],[5666015.317689797,6431399.147784219]]}},{"type":"Feature","properties":{},"geometry":{"type":"LineString","coordinates":[[5666100.779850301,6431567.1500592455],[5666164.590187149,6431382.349447936]]}},{"type":"Feature","properties":{},"geometry":{"type":"LineString","coordinates":[[5666081.9713237025,6431560.3437211085],[5666157.972455062,6431340.237446337]]}},{"type":"Feature","properties":{},"geometry":{"type":"LineString","coordinates":[[5665721.86013719,6431432.273478464],[5665895.391959235,6430915.679644384]]}},{"type":"Feature","properties":{},"geometry":{"type":"LineString","coordinates":[[5665702.997807418,6431425.617312652],[5665876.558392687,6430908.937852177]]}},{"type":"Feature","properties":{},"geometry":{"type":"LineString","coordinates":[[5665849.783775125,6431477.415354135],[5666023.120526023,6430961.402235163]]}},{"type":"Feature","properties":{},"geometry":{"type":"LineString","coordinates":[[5665830.921445353,6431470.759188322],[5665919.565753257,6431206.870396336]]}},{"type":"Feature","properties":{},"geometry":{"type":"LineString","coordinates":[[5668840.034598315,6430255.072304159],[5668753.094669824,6430491.390667615]]}},{"type":"Feature","properties":{},"geometry":{"type":"LineString","coordinates":[[5668858.804672383,6430261.97768753],[5668771.864743891,6430498.296050986]]}},{"type":"Feature","properties":{},"geometry":{"type":"LineString","coordinates":[[5668928.27321724,6430408.585493927],[5668690.343562004,6430325.552868988]]}},{"type":"Feature","properties":{},"geometry":{"type":"LineString","coordinates":[[5668921.683375021,6430427.4686604915],[5668683.753719785,6430344.436035553]]}},{"type":"Feature","properties":{},"geometry":{"type":"LineString","coordinates":[[5669189.824764137,6430499.861680051],[5668947.159036227,6430415.176261786]]}},{"type":"Feature","properties":{},"geometry":{"type":"LineString","coordinates":[[5669183.234921918,6430518.744846616],[5668940.569194008,6430434.059428351]]}},{"type":"Feature","properties":{},"geometry":{"type":"LineString","coordinates":[[5669101.173580067,6430346.559521555],[5669014.592736233,6430581.901828322]]}},{"type":"Feature","properties":{},"geometry":{"type":"LineString","coordinates":[[5669119.943654135,6430353.464904926],[5669033.362810301,6430588.807211692]]}},{"type":"Feature","properties":{},"geometry":{"type":"LineString","coordinates":[[5669007.686382899,6430600.674538927],[5668922.0572918635,6430833.429810394]]}},{"type":"Feature","properties":{},"geometry":{"type":"LineString","coordinates":[[5669026.456456967,6430607.579922298],[5668940.827365931,6430840.335193764]]}},{"type":"Feature","properties":{},"geometry":{"type":"LineString","coordinates":[[5668893.667339866,6430561.061709058],[5668808.0382488305,6430793.816980524]]}},{"type":"Feature","properties":{},"geometry":{"type":"LineString","coordinates":[[5668881.687874213,6430535.6982305925],[5668643.758218977,6430452.665605654]]}},{"type":"Feature","properties":{},"geometry":{"type":"LineString","coordinates":[[5668874.781520878,6430554.470941196],[5668789.268174763,6430786.911597153]]}},{"type":"Feature","properties":{},"geometry":{"type":"LineString","coordinates":[[5668874.781520877,6430554.470941196],[5668637.168376758,6430471.548772219]]}},{"type":"Feature","properties":{},"geometry":{"type":"LineString","coordinates":[[5668078.64781712,6431684.707142136],[5668262.090148965,6431177.689919629]]}},{"type":"Feature","properties":{},"geometry":{"type":"LineString","coordinates":[[5668059.832057975,6431677.927179987],[5668243.603239074,6431170.001049301]]}},{"type":"Feature","properties":{},"geometry":{"type":"LineString","coordinates":[[5667956.61227018,6431640.73355687],[5668142.187457699,6431127.8213233845]]}},{"type":"Feature","properties":{},"geometry":{"type":"LineString","coordinates":[[5668127.932663529,6431108.435286228],[5667937.7965110345,6431633.953594721]]}},{"type":"Feature","properties":{},"geometry":{"type":"LineString","coordinates":[[5667834.682848818,6431596.798212284],[5668024.66558359,6431071.703935837]]}},{"type":"Feature","properties":{},"geometry":{"type":"LineString","coordinates":[[5667815.867089673,6431590.018250135],[5668005.821829407,6431065.001349321]]}},{"type":"Feature","properties":{},"geometry":{"type":"LineString","coordinates":[[5666358.683726925,6430766.861640071],[5666240.154226153,6430725.326230226]]}},{"type":"Feature","properties":{},"geometry":{"type":"LineString","coordinates":[[5666351.863878247,6430785.664224702],[5666261.366146008,6431035.169946798]]}},{"type":"Feature","properties":{},"geometry":{"type":"LineString","coordinates":[[5666351.863878246,6430785.664224701],[5666233.540113018,6430744.200909229]]}},{"type":"Feature","properties":{},"geometry":{"type":"LineString","coordinates":[[5666370.7396784825,6430792.278730742],[5666280.167613752,6431041.989390374]]}},{"type":"Feature","properties":{},"geometry":{"type":"LineString","coordinates":[[5666626.837618666,6430862.171589213],[5666715.659235061,6430611.912061322]]}},{"type":"Feature","properties":{},"geometry":{"type":"LineString","coordinates":[[5666645.648192591,6430868.966799669],[5666761.098453917,6430910.672535282]]}},{"type":"Feature","properties":{},"geometry":{"type":"LineString","coordinates":[[5666645.64819259,6430868.966799669],[5666734.507318805,6430618.601585905]]}},{"type":"Feature","properties":{},"geometry":{"type":"LineString","coordinates":[[5666638.9585628435,6430887.815179715],[5666754.303350285,6430929.4828135]]}},{"type":"Feature","properties":{},"geometry":{"type":"LineString","coordinates":[[5665594.092992068,6431387.186826201],[5665777.92869783,6430873.631692482]]}},{"type":"Feature","properties":{},"geometry":{"type":"LineString","coordinates":[[5665575.230662296,6431380.530660388],[5665759.096804997,6430866.890499409]]}},{"type":"Feature","properties":{},"geometry":{"type":"LineString","coordinates":[[5671937.679978632,6431825.56086592],[5672178.729378527,6431917.588314997]]}},{"type":"Feature","properties":{},"geometry":{"type":"LineString","coordinates":[[5671930.467405024,6431844.215071818],[5672170.174805697,6431939.181214858]]}},{"type":"Feature","properties":{},"geometry":{"type":"LineString","coordinates":[[5672023.146276389,6431604.515507891],[5672073.365473749,6431623.860971584]]}},{"type":"Feature","properties":{},"geometry":{"type":"LineString","coordinates":[[5672163.413537343,6431637.0042036995],[5672272.731828289,6431680.31340661]]}},{"type":"Feature","properties":{},"geometry":{"type":"LineString","coordinates":[[5672030.358849998,6431585.861301993],[5672144.744192048,6431629.828173224]]}},{"type":"Feature","properties":{},"geometry":{"type":"LineString","coordinates":[[5672202.679441732,6431534.849017791],[5672158.193167447,6431650.5856521735]]}},{"type":"Feature","properties":{},"geometry":{"type":"LineString","coordinates":[[5672184.010001248,6431527.673234962],[5672139.523822152,6431643.409621698]]}},{"type":"Feature","properties":{},"geometry":{"type":"LineString","coordinates":[[5673527.273433866,6431498.861882329],[5674033.966647101,6431702.57765277]]}},{"type":"Feature","properties":{},"geometry":{"type":"LineString","coordinates":[[5673519.633608159,6431517.360502144],[5674025.310199939,6431724.027384222]]}},{"type":"Feature","properties":{},"geometry":{"type":"LineString","coordinates":[[5671495.4132704865,6431370.826834062],[5671616.897654561,6431417.80427274]]}},{"type":"Feature","properties":{},"geometry":{"type":"LineString","coordinates":[[5671488.199902201,6431389.480716178],[5671609.684286276,6431436.458154856]]}},{"type":"Feature","properties":{},"geometry":{"type":"LineString","coordinates":[[5671635.558355741,6431425.020277927],[5671761.837981742,6431473.852014054]]}},{"type":"Feature","properties":{},"geometry":{"type":"LineString","coordinates":[[5671628.344987456,6431443.674160043],[5671754.624613456,6431492.50589617]]}},{"type":"Feature","properties":{},"geometry":{"type":"LineString","coordinates":[[5671547.596580928,6431672.151287278],[5671673.3717761235,6431720.787962391]]}},{"type":"Feature","properties":{},"geometry":{"type":"LineString","coordinates":[[5671540.383212643,6431690.805169394],[5671666.158407838,6431739.441844507]]}},{"type":"Feature","properties":{},"geometry":{"type":"LineString","coordinates":[[5671406.947064868,6431617.7627824],[5671528.935879749,6431664.935282093]]}},{"type":"Feature","properties":{},"geometry":{"type":"LineString","coordinates":[[5671399.733696583,6431636.416664516],[5671521.722511464,6431683.589164209]]}},{"type":"Feature","properties":{},"geometry":{"type":"LineString","coordinates":[[5671591.427558143,6431548.200822815],[5671717.707184143,6431597.032558942]]}},{"type":"Feature","properties":{},"geometry":{"type":"LineString","coordinates":[[5671584.718620663,6431567.049765945],[5671710.493815858,6431615.686441058]]}},{"type":"Feature","properties":{},"geometry":{"type":"LineString","coordinates":[[5671591.427558142,6431548.200822813],[5671672.475785055,6431320.493615157]]}},{"type":"Feature","properties":{},"geometry":{"type":"LineString","coordinates":[[5671584.718620662,6431567.0497659445],[5671710.493815858,6431615.686441058]]}},{"type":"Feature","properties":{},"geometry":{"type":"LineString","coordinates":[[5671572.766856964,6431540.98481763],[5671653.633729774,6431313.787129282]]}},{"type":"Feature","properties":{},"geometry":{"type":"LineString","coordinates":[[5671484.419117629,6431789.200204853],[5671566.057919484,6431559.833760761]]}},{"type":"Feature","properties":{},"geometry":{"type":"LineString","coordinates":[[5671503.26117291,6431795.906690728],[5671584.718620662,6431567.0497659445]]}},{"type":"Feature","properties":{},"geometry":{"type":"LineString","coordinates":[[5670888.61751503,6431131.824624782],[5671228.243277101,6431265.671613584]]}},{"type":"Feature","properties":{},"geometry":{"type":"LineString","coordinates":[[5670881.277703336,6431150.444364981],[5671221.3781792885,6431284.510330661]]}},{"type":"Feature","properties":{},"geometry":{"type":"LineString","coordinates":[[5670838.736965387,6431258.36232276],[5671181.647645854,6431393.536057492]]}},{"type":"Feature","properties":{},"geometry":{"type":"LineString","coordinates":[[5670831.402355395,6431276.968867207],[5671174.927662797,6431411.976560898]]}},{"type":"Feature","properties":{},"geometry":{"type":"LineString","coordinates":[[5670788.861617449,6431384.886824981],[5671138.383782659,6431512.257698577]]}},{"type":"Feature","properties":{},"geometry":{"type":"LineString","coordinates":[[5670781.527007456,6431403.493369428],[5671131.538332528,6431531.042499871]]}},{"type":"Feature","properties":{},"geometry":{"type":"LineString","coordinates":[[5671153.374662489,6431110.998465945],[5670971.144905125,6431597.485979038]]}},{"type":"Feature","properties":{},"geometry":{"type":"LineString","coordinates":[[5671134.844895568,6431103.455711003],[5670952.4174433835,6431590.470997734]]}},{"type":"Feature","properties":{},"geometry":{"type":"LineString","coordinates":[[5671023.876500828,6431058.2847484425],[5670840.265122421,6431548.460689789]]}},{"type":"Feature","properties":{},"geometry":{"type":"LineString","coordinates":[[5671005.346733907,6431050.7419935],[5670821.537660679,6431541.445708483]]}},{"type":"Feature","properties":{},"geometry":{"type":"LineString","coordinates":[[5666600.53933249,6432551.364094592],[5666685.061109567,6432313.230707381]]}},{"type":"Feature","properties":{},"geometry":{"type":"LineString","coordinates":[[5666619.387317773,6432558.053896594],[5666703.90909485,6432319.920509383]]}},{"type":"Feature","properties":{},"geometry":{"type":"LineString","coordinates":[[5666538.056615225,6432381.653611734],[5666774.546997324,6432466.728304359]]}},{"type":"Feature","properties":{},"geometry":{"type":"LineString","coordinates":[[5666531.286582862,6432400.472927921],[5666767.776964961,6432485.547620547]]}},{"type":"Feature","properties":{},"geometry":{"type":"LineString","coordinates":[[5666282.826915842,6432289.837665428],[5666519.237128278,6432374.883517943]]}},{"type":"Feature","properties":{},"geometry":{"type":"LineString","coordinates":[[5666276.056883479,6432308.656981616],[5666512.467095915,6432393.702834131]]}},{"type":"Feature","properties":{},"geometry":{"type":"LineString","coordinates":[[5666345.269548276,6432459.533728232],[5666429.762827017,6432221.480632811]]}},{"type":"Feature","properties":{},"geometry":{"type":"LineString","coordinates":[[5666364.117533559,6432466.223530232],[5666448.6108123,6432228.170434811]]}},{"type":"Feature","properties":{},"geometry":{"type":"LineString","coordinates":[[5666254.057908499,6432716.515271742],[5666338.579685574,6432478.381884531]]}},{"type":"Feature","properties":{},"geometry":{"type":"LineString","coordinates":[[5666272.905893781,6432723.205073742],[5666357.427670857,6432485.071686531]]}},{"type":"Feature","properties":{},"geometry":{"type":"LineString","coordinates":[[5666190.856779148,6432548.79190878],[5666427.347161246,6432633.866601407]]}},{"type":"Feature","properties":{},"geometry":{"type":"LineString","coordinates":[[5666184.086746785,6432567.611224968],[5666420.577128883,6432652.6859175945]]}},{"type":"Feature","properties":{},"geometry":{"type":"LineString","coordinates":[[5666446.166648193,6432640.636695197],[5666682.57686063,6432725.682547711]]}},{"type":"Feature","properties":{},"geometry":{"type":"LineString","coordinates":[[5666439.39661583,6432659.456011385],[5666675.806828267,6432744.501863899]]}},{"type":"Feature","properties":{},"geometry":{"type":"LineString","coordinates":[[5666509.356191048,6432808.265346312],[5666593.84946979,6432570.212250893]]}},{"type":"Feature","properties":{},"geometry":{"type":"LineString","coordinates":[[5666528.204176331,6432814.955148314],[5666612.697455073,6432576.902052895]]}},{"type":"Feature","properties":{},"geometry":{"type":"LineString","coordinates":[[5666472.898647136,6432505.40155549],[5666557.391925877,6432267.348460069]]}},{"type":"Feature","properties":{},"geometry":{"type":"LineString","coordinates":[[5666491.718134083,6432512.17164928],[5666728.208516181,6432597.246341906]]}},{"type":"Feature","properties":{},"geometry":{"type":"LineString","coordinates":[[5666491.718134083,6432512.17164928],[5666576.2399111595,6432274.038262069]]}},{"type":"Feature","properties":{},"geometry":{"type":"LineString","coordinates":[[5666485.028271382,6432531.019805579],[5666721.438483818,6432616.065658093]]}},{"type":"Feature","properties":{},"geometry":{"type":"LineString","coordinates":[[5670294.289044454,6433483.257475828],[5670407.977950151,6433524.6113709975]]}},{"type":"Feature","properties":{},"geometry":{"type":"LineString","coordinates":[[5670287.578599117,6433502.099686572],[5670401.140918425,6433543.407536438]]}},{"type":"Feature","properties":{},"geometry":{"type":"LineString","coordinates":[[5670866.46405996,6432252.771987216],[5670673.2047653375,6432183.53793755]]}},{"type":"Feature","properties":{},"geometry":{"type":"LineString","coordinates":[[5670859.669461403,6432271.582449212],[5670666.459670427,6432202.366133947]]}},{"type":"Feature","properties":{},"geometry":{"type":"LineString","coordinates":[[5670258.374166255,6432321.505774986],[5670773.122806111,6432511.181971756]]}},{"type":"Feature","properties":{},"geometry":{"type":"LineString","coordinates":[[5670766.328207553,6432529.992433751],[5670251.629077183,6432340.334068946]]}},{"type":"Feature","properties":{},"geometry":{"type":"LineString","coordinates":[[5670524.5394043,6432008.470312973],[5670347.918566941,6432500.540951619]]}},{"type":"Feature","properties":{},"geometry":{"type":"LineString","coordinates":[[5670326.782122761,6432492.954365108],[5670504.5467217155,6432001.209140883]]}},{"type":"Feature","properties":{},"geometry":{"type":"LineString","coordinates":[[5670793.53377761,6432098.996083055],[5670613.31806036,6432595.801828983]]}},{"type":"Feature","properties":{},"geometry":{"type":"LineString","coordinates":[[5670593.163692924,6432588.567743115],[5670773.518587614,6432091.726736465]]}},{"type":"Feature","properties":{},"geometry":{"type":"LineString","coordinates":[[5669143.23942111,6430626.974416717],[5668900.573693199,6430542.288998452]]}},{"type":"Feature","properties":{},"geometry":{"type":"LineString","coordinates":[[5669136.649578891,6430645.857583282],[5668893.667339864,6430561.061709056]]}},{"type":"Feature","properties":{},"geometry":{"type":"LineString","coordinates":[[5668968.384462967,6430300.041308315],[5668881.444534475,6430536.359671771]]}},{"type":"Feature","properties":{},"geometry":{"type":"LineString","coordinates":[[5668987.154537034,6430306.946691685],[5668900.5736932,6430542.288998452]]}},{"type":"Feature","properties":{},"geometry":{"type":"LineString","coordinates":[[5665525.955359624,6430162.33401638],[5665599.054266422,6429918.754099466]]}},{"type":"Feature","properties":{},"geometry":{"type":"LineString","coordinates":[[5665545.111345596,6430168.082772891],[5665617.858861117,6429925.673760748]]}},{"type":"Feature","properties":{},"geometry":{"type":"LineString","coordinates":[[5665373.470443085,6429814.4333082065],[5665604.813752272,6429899.562361234]]}},{"type":"Feature","properties":{},"geometry":{"type":"LineString","coordinates":[[5665366.563672435,6429833.202871844],[5665599.054266422,6429918.754099468]]}},{"type":"Feature","properties":{},"geometry":{"type":"LineString","coordinates":[[5666531.342296018,6431131.234631879],[5666620.147988919,6430881.019969258]]}},{"type":"Feature","properties":{},"geometry":{"type":"LineString","coordinates":[[5666550.190379762,6431137.924156463],[5666638.958562844,6430887.815179715]]}},{"type":"Feature","properties":{},"geometry":{"type":"LineString","coordinates":[[5666511.491988754,6430820.50365109],[5666626.837618667,6430862.171589214]]}},{"type":"Feature","properties":{},"geometry":{"type":"LineString","coordinates":[[5666504.696885122,6430839.313929308],[5666620.14798892,6430881.019969259]]}},{"type":"Feature","properties":{},"geometry":{"type":"LineString","coordinates":[[5666501.995503378,6430817.081318138],[5666377.5595271615,6430773.476146112]]}},{"type":"Feature","properties":{},"geometry":{"type":"LineString","coordinates":[[5666495.381390243,6430835.955997141],[5666370.739678482,6430792.27873074]]}},{"type":"Feature","properties":{},"geometry":{"type":"LineString","coordinates":[[5666449.896712937,6430515.383935852],[5666358.6837269245,6430766.861640071]]}},{"type":"Feature","properties":{},"geometry":{"type":"LineString","coordinates":[[5666468.698180682,6430522.203379428],[5666377.559527161,6430773.476146111]]}},{"type":"Feature","properties":{},"geometry":{"type":"LineString","coordinates":[[5666236.488434699,6432420.355702975],[5666472.898647136,6432505.40155549]]}},{"type":"Feature","properties":{},"geometry":{"type":"LineString","coordinates":[[5666229.718402336,6432439.175019163],[5666466.208784435,6432524.249711789]]}},{"type":"Feature","properties":{},"geometry":{"type":"LineString","coordinates":[[5666381.687007358,6432762.383099],[5666466.208784434,6432524.249711789]]}},{"type":"Feature","properties":{},"geometry":{"type":"LineString","coordinates":[[5666400.534992641,6432769.072901],[5666485.028271383,6432531.019805581]]}},{"type":"Feature","properties":{},"geometry":{"type":"LineString","coordinates":[[5667832.906615244,6431153.442343237],[5666817.385465563,6430792.674262537]]}},{"type":"Feature","properties":{},"geometry":{"type":"LineString","coordinates":[[5667826.231637669,6431172.29029501],[5666810.691987722,6430811.515642014]]}},{"type":"Feature","properties":{},"geometry":{"type":"LineString","coordinates":[[5667787.192461625,6431282.524149595],[5666771.544611297,6430921.711057967]]}},{"type":"Feature","properties":{},"geometry":{"type":"LineString","coordinates":[[5667779.86049134,6431303.227233728],[5666764.192319836,6430942.406922919]]}},{"type":"Feature","properties":{},"geometry":{"type":"LineString","coordinates":[[5667740.169731626,6431415.300947316],[5666724.391553821,6431054.441556313]]}},{"type":"Feature","properties":{},"geometry":{"type":"LineString","coordinates":[[5667733.493408236,6431434.152699232],[5666719.612479012,6431067.894108806]]}},{"type":"Feature","properties":{},"geometry":{"type":"LineString","coordinates":[[5668311.126717061,6431322.803369512],[5667832.906615244,6431153.442343237]]}},{"type":"Feature","properties":{},"geometry":{"type":"LineString","coordinates":[[5668304.266691317,6431341.585786717],[5667826.231637669,6431172.29029501]]}},{"type":"Feature","properties":{},"geometry":{"type":"LineString","coordinates":[[5668263.471422089,6431453.281251901],[5667787.192461625,6431282.524149595]]}},{"type":"Feature","properties":{},"geometry":{"type":"LineString","coordinates":[[5668256.61001322,6431472.067456034],[5667779.86049134,6431303.227233728]]}},{"type":"Feature","properties":{},"geometry":{"type":"LineString","coordinates":[[5668215.818919861,6431583.751487894],[5667740.169731626,6431415.300947316]]}},{"type":"Feature","properties":{},"geometry":{"type":"LineString","coordinates":[[5668208.957510991,6431602.537692028],[5667733.493408236,6431434.152699232]]}},{"type":"Feature","properties":{},"geometry":{"type":"LineString","coordinates":[[5668830.122922275,6431512.35976632],[5668311.126717061,6431322.803369512]]}},{"type":"Feature","properties":{},"geometry":{"type":"LineString","coordinates":[[5668824.394564669,6431531.5555101205],[5668304.266691317,6431341.585786717]]}},{"type":"Feature","properties":{},"geometry":{"type":"LineString","coordinates":[[5668784.489718168,6431643.576190252],[5668263.471422089,6431453.281251901]]}},{"type":"Feature","properties":{},"geometry":{"type":"LineString","coordinates":[[5668777.657868432,6431662.373190462],[5668256.61001322,6431472.067456034]]}},{"type":"Feature","properties":{},"geometry":{"type":"LineString","coordinates":[[5668737.042504189,6431774.121405022],[5668215.818919861,6431583.751487894]]}},{"type":"Feature","properties":{},"geometry":{"type":"LineString","coordinates":[[5668730.210654452,6431792.918405233],[5668208.957510991,6431602.537692028]]}},{"type":"Feature","properties":{},"geometry":{"type":"LineString","coordinates":[[5668577.491493389,6431863.12834126],[5668755.998207944,6431368.396518508]]}},{"type":"Feature","properties":{},"geometry":{"type":"LineString","coordinates":[[5668737.298678055,6431361.298047388],[5668560.2914652545,6431856.986317689]]}},{"type":"Feature","properties":{},"geometry":{"type":"LineString","coordinates":[[5668498.300650047,6431270.572739883],[5668325.308957141,6431773.075518684]]}},{"type":"Feature","properties":{},"geometry":{"type":"LineString","coordinates":[[5668306.472854716,6431766.349263112],[5668479.601120158,6431263.474268764]]}},{"type":"Feature","properties":{},"geometry":{"type":"LineString","coordinates":[[5665541.262564041,6431084.842103603],[5665461.278334819,6431340.319000664]]}},{"type":"Feature","properties":{},"geometry":{"type":"LineString","coordinates":[[5665449.425288736,6431336.136149804],[5665529.939702144,6431080.943798401]]}},{"type":"Feature","properties":{},"geometry":{"type":"LineString","coordinates":[[5665501.794047354,6430773.137906657],[5665424.78549752,6431019.567852747]]}},{"type":"Feature","properties":{},"geometry":{"type":"LineString","coordinates":[[5665319.380346899,6431289.837077666],[5665399.860759021,6431032.293487701]]}},{"type":"Feature","properties":{},"geometry":{"type":"LineString","coordinates":[[5665372.007066918,6430726.246619155],[5665293.710925086,6430975.537885919]]}},{"type":"Feature","properties":{},"geometry":{"type":"LineString","coordinates":[[5665188.657147007,6431243.296529634],[5665268.758386578,6430988.2541824225]]}},{"type":"Feature","properties":{},"geometry":{"type":"LineString","coordinates":[[5665243.751677161,6430679.908686533],[5665163.522419356,6430931.805562538]]}},{"type":"Feature","properties":{},"geometry":{"type":"LineString","coordinates":[[5665058.126566138,6431196.824558524],[5665138.492053299,6430944.49571557]]}},{"type":"Feature","properties":{},"geometry":{"type":"LineString","coordinates":[[5667310.2677643765,6431408.775735066],[5667502.815342908,6430879.334595899]]}},{"type":"Feature","properties":{},"geometry":{"type":"LineString","coordinates":[[5667482.53116455,6430876.6176167],[5667293.26443624,6431402.65802195]]}},{"type":"Feature","properties":{},"geometry":{"type":"LineString","coordinates":[[5667578.612629618,6431505.052891695],[5667754.564885949,6430973.597531681]]}},{"type":"Feature","properties":{},"geometry":{"type":"LineString","coordinates":[[5667735.755641322,6430966.799567535],[5667559.769550179,6431498.349010185]]}},{"type":"Feature","properties":{},"geometry":{"type":"LineString","coordinates":[[5667624.720264634,6430927.35676334],[5667444.314295327,6431457.273009272]]}},{"type":"Feature","properties":{},"geometry":{"type":"LineString","coordinates":[[5667425.471215889,6431450.569127763],[5667606.015762209,6430920.2689886475]]}},{"type":"Feature","properties":{},"geometry":{"type":"LineString","coordinates":[[5666981.577522931,6430710.562889504],[5666801.9281368805,6431227.023120184]]}},{"type":"Feature","properties":{},"geometry":{"type":"LineString","coordinates":[[5666783.086067311,6431220.316535022],[5666962.823093124,6430703.596050586]]}},{"type":"Feature","properties":{},"geometry":{"type":"LineString","coordinates":[[5667110.736081396,6430758.542320549],[5666928.131011678,6431271.943362322]]}},{"type":"Feature","properties":{},"geometry":{"type":"LineString","coordinates":[[5666910.037149247,6431265.503091584],[5667091.981651588,6430751.575481631]]}},{"type":"Feature","properties":{},"geometry":{"type":"LineString","coordinates":[[5667239.237932664,6430806.277799988],[5667057.145473861,6431317.864351759]]}},{"type":"Feature","properties":{},"geometry":{"type":"LineString","coordinates":[[5667036.988231184,6431310.689648145],[5667219.938743051,6430799.108595343]]}},{"type":"Feature","properties":{},"geometry":{"type":"LineString","coordinates":[[5669995.708748356,6431438.788451201],[5669021.565602832,6431076.016979729]]}},{"type":"Feature","properties":{},"geometry":{"type":"LineString","coordinates":[[5669014.536627264,6431094.891750508],[5669988.907524,6431457.7427605605]]}},{"type":"Feature","properties":{},"geometry":{"type":"LineString","coordinates":[[5669958.447951267,6431542.630441698],[5668981.779468711,6431182.85390845]]}},{"type":"Feature","properties":{},"geometry":{"type":"LineString","coordinates":[[5668974.799730929,6431201.596461967],[5669951.693071134,6431561.455594493]]}},{"type":"Feature","properties":{},"geometry":{"type":"LineString","coordinates":[[5669921.058184043,6431646.831858631],[5668942.208207803,6431289.113842334]]}},{"type":"Feature","properties":{},"geometry":{"type":"LineString","coordinates":[[5668935.228470021,6431307.85639585],[5669914.30330391,6431665.657011426]]}},{"type":"Feature","properties":{},"geometry":{"type":"LineString","coordinates":[[5669396.776031605,6431574.85138084],[5669550.238420933,6431172.007911526]]}},{"type":"Feature","properties":{},"geometry":{"type":"LineString","coordinates":[[5669375.343581469,6431567.029685145],[5669528.92006077,6431163.8867261605]]}},{"type":"Feature","properties":{},"geometry":{"type":"LineString","coordinates":[[5669266.787817263,6431527.41264892],[5669420.942164428,6431122.752769104]]}},{"type":"Feature","properties":{},"geometry":{"type":"LineString","coordinates":[[5669247.999662406,6431520.55597929],[5669402.254023338,6431115.633560275]]}},{"type":"Feature","properties":{},"geometry":{"type":"LineString","coordinates":[[5669142.483855053,6431482.048364398],[5669297.299901443,6431075.651503862]]}},{"type":"Feature","properties":{},"geometry":{"type":"LineString","coordinates":[[5669123.695700196,6431475.191694768],[5669278.611760353,6431068.5322950315]]}},{"type":"Feature","properties":{},"geometry":{"type":"LineString","coordinates":[[5667632.106329471,6430462.759025113],[5667562.846263088,6430654.394271119]]}},{"type":"Feature","properties":{},"geometry":{"type":"LineString","coordinates":[[5667650.915574098,6430469.556989259],[5667581.655507715,6430661.192235265]]}},{"type":"Feature","properties":{},"geometry":{"type":"LineString","coordinates":[[5667496.239895308,6430512.059289729],[5667724.190361595,6430593.143690569]]}},{"type":"Feature","properties":{},"geometry":{"type":"LineString","coordinates":[[5667489.537108079,6430530.9026610665],[5667717.487574365,6430611.987061907]]}},{"type":"Feature","properties":{},"geometry":{"type":"LineString","coordinates":[[5667885.330806242,6430552.940975947],[5667816.1051073745,6430744.481130695]]}},{"type":"Feature","properties":{},"geometry":{"type":"LineString","coordinates":[[5667904.140050869,6430559.738940094],[5667834.914352002,6430751.279094841]]}},{"type":"Feature","properties":{},"geometry":{"type":"LineString","coordinates":[[5667743.033973738,6430599.846563457],[5667980.046809726,6430684.1545454115]]}},{"type":"Feature","properties":{},"geometry":{"type":"LineString","coordinates":[[5667736.331186506,6430618.689934794],[5667973.344022495,6430702.997916749]]}},{"type":"Feature","properties":{},"geometry":{"type":"LineString","coordinates":[[5667809.307056354,6430763.290615693],[5667735.755641322,6430966.799567535]]}},{"type":"Feature","properties":{},"geometry":{"type":"LineString","coordinates":[[5667828.1163009815,6430770.088579839],[5667754.564885949,6430973.597531681]]}},{"type":"Feature","properties":{},"geometry":{"type":"LineString","coordinates":[[5667664.864549522,6430816.13305612],[5667901.972649301,6430900.474924414]]}},{"type":"Feature","properties":{},"geometry":{"type":"LineString","coordinates":[[5667658.161762291,6430834.976427457],[5667895.26986207,6430919.318295752]]}},{"type":"Feature","properties":{},"geometry":{"type":"LineString","coordinates":[[5667556.048212069,6430673.203756116],[5667482.53116455,6430876.6176167]]}},{"type":"Feature","properties":{},"geometry":{"type":"LineString","coordinates":[[5667574.857456696,6430680.001720263],[5667501.340409177,6430883.415580846]]}},{"type":"Feature","properties":{},"geometry":{"type":"LineString","coordinates":[[5667411.462947653,6430747.223040069],[5667639.318150151,6430828.27355457]]}},{"type":"Feature","properties":{},"geometry":{"type":"LineString","coordinates":[[5667418.165734884,6430728.379668732],[5667646.020937382,6430809.430183233]]}},{"type":"Feature","properties":{},"geometry":{"type":"LineString","coordinates":[[5667390.33201589,6430365.0464535365],[5667321.181950684,6430566.981405099]]}},{"type":"Feature","properties":{},"geometry":{"type":"LineString","coordinates":[[5667371.410661303,6430358.567075432],[5667302.260596097,6430560.502026995]]}},{"type":"Feature","properties":{},"geometry":{"type":"LineString","coordinates":[[5667469.887862095,6430496.389331799],[5667229.392410267,6430412.242491114]]}},{"type":"Feature","properties":{},"geometry":{"type":"LineString","coordinates":[[5667463.282711473,6430515.26714908],[5667222.787259646,6430431.120308395]]}},{"type":"Feature","properties":{},"geometry":{"type":"LineString","coordinates":[[5667295.781074519,6430579.4238005625],[5667228.4064021455,6430776.174174729]]}},{"type":"Feature","properties":{},"geometry":{"type":"LineString","coordinates":[[5667314.7024291055,6430585.903178665],[5667247.327756732,6430782.653552831]]}},{"type":"Feature","properties":{},"geometry":{"type":"LineString","coordinates":[[5667395.041902329,6430714.546852556],[5667154.672079544,6430630.443968157]]}},{"type":"Feature","properties":{},"geometry":{"type":"LineString","coordinates":[[5667388.436751707,6430733.424669837],[5667148.066928922,6430649.321785438]]}},{"type":"Feature","properties":{},"geometry":{"type":"LineString","coordinates":[[5667135.793844248,6430623.838671276],[5666894.64970805,6430539.464862721]]}},{"type":"Feature","properties":{},"geometry":{"type":"LineString","coordinates":[[5667129.188693627,6430642.716488557],[5666888.044557429,6430558.342680002]]}},{"type":"Feature","properties":{},"geometry":{"type":"LineString","coordinates":[[5667036.145859732,6430489.475799505],[5666968.728068069,6430686.35209245]]}},{"type":"Feature","properties":{},"geometry":{"type":"LineString","coordinates":[[5667055.067214319,6430495.955177607],[5666987.649422655,6430692.831470552]]}},{"type":"Feature","properties":{},"geometry":{"type":"LineString","coordinates":[[5667210.514174972,6430405.637194233],[5666969.495667816,6430321.307341964]]}},{"type":"Feature","properties":{},"geometry":{"type":"LineString","coordinates":[[5667203.90902435,6430424.515011514],[5666962.890517195,6430340.185159245]]}},{"type":"Feature","properties":{},"geometry":{"type":"LineString","coordinates":[[5667111.732327227,6430268.744993154],[5667042.625381312,6430470.554025938]]}},{"type":"Feature","properties":{},"geometry":{"type":"LineString","coordinates":[[5667130.653681813,6430275.224371256],[5667061.546735899,6430477.03340404]]}},{"type":"Feature","properties":{},"geometry":{"type":"LineString","coordinates":[[5666898.934656242,6430084.038635463],[5666974.605874916,6429865.773222904]]}},{"type":"Feature","properties":{},"geometry":{"type":"LineString","coordinates":[[5666917.83122278,6430090.589953887],[5666993.502441454,6429872.324541328]]}},{"type":"Feature","properties":{},"geometry":{"type":"LineString","coordinates":[[5666981.157989308,6429846.874360476],[5667056.931335021,6429628.314373562]]}},{"type":"Feature","properties":{},"geometry":{"type":"LineString","coordinates":[[5667000.054555846,6429853.4256788995],[5667075.827901559,6429634.865691986]]}},{"type":"Feature","properties":{},"geometry":{"type":"LineString","coordinates":[[5667000.054555846,6429853.4256788995],[5667075.827901559,6429634.865691986]]}},{"type":"Feature","properties":{},"geometry":{"type":"LineString","coordinates":[[5666898.29431975,6429682.802312618],[5667165.829578955,6429780.252289674]]}},{"type":"Feature","properties":{},"geometry":{"type":"LineString","coordinates":[[5666891.449258634,6429701.594468916],[5667158.984517839,6429799.044445972]]}},{"type":"Feature","properties":{},"geometry":{"type":"LineString","coordinates":[[5666612.257567765,6429578.613148913],[5666879.49988025,6429675.956419842]]}},{"type":"Feature","properties":{},"geometry":{"type":"LineString","coordinates":[[5666605.412506649,6429597.4053052105],[5666872.654819134,6429694.74857614]]}},{"type":"Feature","properties":{},"geometry":{"type":"LineString","coordinates":[[5666694.974763963,6429742.63184371],[5666770.645982637,6429524.366431146]]}},{"type":"Feature","properties":{},"geometry":{"type":"LineString","coordinates":[[5666713.8713305015,6429749.183162134],[5666789.542549175,6429530.91774957]]}},{"type":"Feature","properties":{},"geometry":{"type":"LineString","coordinates":[[5666529.6902244575,6429815.818004949],[5666797.225483664,6429913.267982007]]}},{"type":"Feature","properties":{},"geometry":{"type":"LineString","coordinates":[[5666522.845163342,6429834.610161247],[5666790.380422548,6429932.060138305]]}},{"type":"Feature","properties":{},"geometry":{"type":"LineString","coordinates":[[5666612.649303858,6429980.090693047],[5666688.42264957,6429761.530706135]]}},{"type":"Feature","properties":{},"geometry":{"type":"LineString","coordinates":[[5666631.545870396,6429986.642011471],[5666707.319216108,6429768.082024558]]}},{"type":"Feature","properties":{},"geometry":{"type":"LineString","coordinates":[[5666816.019923164,6429920.113874783],[5667083.262235647,6430017.4571457105]]}},{"type":"Feature","properties":{},"geometry":{"type":"LineString","coordinates":[[5666809.174862048,6429938.9060310805],[5667076.417174531,6430036.249302008]]}},{"type":"Feature","properties":{},"geometry":{"type":"LineString","coordinates":[[5667322.7718341155,6430106.649175976],[5667096.283952644,6430024.0686988635]]}},{"type":"Feature","properties":{},"geometry":{"type":"LineString","coordinates":[[5667315.920763859,6430125.439142351],[5667089.432882387,6430042.858665238]]}},{"type":"Feature","properties":{},"geometry":{"type":"LineString","coordinates":[[5667156.958094935,6430183.620879462],[5667236.33006685,6429959.390850301]]}},{"type":"Feature","properties":{},"geometry":{"type":"LineString","coordinates":[[5667175.81177245,6430190.294622349],[5667255.183744365,6429966.0645931875]]}},{"type":"Feature","properties":{},"geometry":{"type":"LineString","coordinates":[[5667408.702059757,6429863.891732302],[5667182.391209462,6429781.375803098]]}},{"type":"Feature","properties":{},"geometry":{"type":"LineString","coordinates":[[5667401.8509895,6429882.681698676],[5667175.540139205,6429800.165769473]]}},{"type":"Feature","properties":{},"geometry":{"type":"LineString","coordinates":[[5667243.004105932,6429940.536336018],[5667322.144507136,6429716.960506395]]}},{"type":"Feature","properties":{},"geometry":{"type":"LineString","coordinates":[[5667261.857783447,6429947.210078906],[5667340.998184651,6429723.634249284]]}},{"type":"Feature","properties":{},"geometry":{"type":"LineString","coordinates":[[5667653.910396481,6429953.297934995],[5667427.492860069,6429870.743106622]]}},{"type":"Feature","properties":{},"geometry":{"type":"LineString","coordinates":[[5667647.059326224,6429972.08790137],[5667420.641789812,6429889.533072997]]}},{"type":"Feature","properties":{},"geometry":{"type":"LineString","coordinates":[[5667488.159099596,6430029.923089125],[5667567.362378003,6429806.16962807]]}},{"type":"Feature","properties":{},"geometry":{"type":"LineString","coordinates":[[5667507.012777111,6430036.596832014],[5667586.216055518,6429812.843370958]]}},{"type":"Feature","properties":{},"geometry":{"type":"LineString","coordinates":[[5667567.803139663,6430195.99083076],[5667341.562634427,6430113.500550296]]}},{"type":"Feature","properties":{},"geometry":{"type":"LineString","coordinates":[[5667560.952069406,6430214.780797135],[5667334.71156417,6430132.290516671]]}},{"type":"Feature","properties":{},"geometry":{"type":"LineString","coordinates":[[5667402.175965802,6430272.830001135],[5667481.485060515,6430048.777603408]]}},{"type":"Feature","properties":{},"geometry":{"type":"LineString","coordinates":[[5667421.029643317,6430279.503744024],[5667500.33873803,6430055.451346297]]}},{"type":"Feature","properties":{},"geometry":{"type":"LineString","coordinates":[[5667686.01744747,6429962.905037706],[5667918.497331979,6430046.844191918]]}},{"type":"Feature","properties":{},"geometry":{"type":"LineString","coordinates":[[5667679.225411113,6429981.716423676],[5667911.705295622,6430065.655577889]]}},{"type":"Feature","properties":{},"geometry":{"type":"LineString","coordinates":[[5667998.654089799,6430214.745065747],[5668078.734529428,6429987.1765299495]]}},{"type":"Feature","properties":{},"geometry":{"type":"LineString","coordinates":[[5668017.520077292,6430221.383929802],[5668097.600516921,6429993.815394005]]}},{"type":"Feature","properties":{},"geometry":{"type":"LineString","coordinates":[[5667937.309339759,6430053.636452787],[5668165.890256171,6430136.16784613]]}},{"type":"Feature","properties":{},"geometry":{"type":"LineString","coordinates":[[5667930.517303403,6430072.447838757],[5668159.098219815,6430154.979232101]]}},{"type":"Feature","properties":{},"geometry":{"type":"LineString","coordinates":[[5667749.311681557,6430124.717531101],[5667829.338141474,6429897.302392115]]}},{"type":"Feature","properties":{},"geometry":{"type":"LineString","coordinates":[[5667768.17766905,6430131.356395156],[5667848.204128967,6429903.94125617]]}},{"type":"Feature","properties":{},"geometry":{"type":"LineString","coordinates":[[5667662.603785124,6430371.119637845],[5667742.672598055,6430143.584142208]]}},{"type":"Feature","properties":{},"geometry":{"type":"LineString","coordinates":[[5667681.469772616,6430377.7585019],[5667761.538585547,6430150.223006263]]}},{"type":"Feature","properties":{},"geometry":{"type":"LineString","coordinates":[[5667681.469772616,6430377.7585019],[5667761.538585547,6430150.223006263]]}},{"type":"Feature","properties":{},"geometry":{"type":"LineString","coordinates":[[5667599.177774689,6430209.191740987],[5667831.810612053,6430293.186120337]]}},{"type":"Feature","properties":{},"geometry":{"type":"LineString","coordinates":[[5667592.385738333,6430228.003126957],[5667825.018575696,6430311.997506307]]}},{"type":"Feature","properties":{},"geometry":{"type":"LineString","coordinates":[[5667850.622619833,6430299.9783812035],[5668079.0505833905,6430382.454549411]]}},{"type":"Feature","properties":{},"geometry":{"type":"LineString","coordinates":[[5667843.830583476,6430318.789767174],[5668072.258547034,6430401.265935382]]}},{"type":"Feature","properties":{},"geometry":{"type":"LineString","coordinates":[[5667912.000173078,6430460.99377568],[5667992.015006297,6430233.611676853]]}},{"type":"Feature","properties":{},"geometry":{"type":"LineString","coordinates":[[5667930.866160571,6430467.632639735],[5668010.88099379,6430240.250540908]]}},{"type":"Feature","properties":{},"geometry":{"type":"LineString","coordinates":[[5666108.881663432,6431959.060420359],[5666345.626530058,6432042.504165165]]}},{"type":"Feature","properties":{},"geometry":{"type":"LineString","coordinates":[[5666102.233286578,6431977.92305764],[5666338.978153204,6432061.366802447]]}},{"type":"Feature","properties":{},"geometry":{"type":"LineString","coordinates":[[5666176.468762823,6432117.026677531],[5666252.486306717,6431896.872870545]]}},{"type":"Feature","properties":{},"geometry":{"type":"LineString","coordinates":[[5666195.3735099165,6432123.554352258],[5666271.39105381,6431903.400545272]]}},{"type":"Feature","properties":{},"geometry":{"type":"LineString","coordinates":[[5665853.15320542,6431868.925666884],[5666090.018640822,6431952.41190769]]}},{"type":"Feature","properties":{},"geometry":{"type":"LineString","coordinates":[[5665846.504828566,6431887.788304165],[5666083.370263968,6431971.274544971]]}},{"type":"Feature","properties":{},"geometry":{"type":"LineString","coordinates":[[5665920.819149107,6432027.055258],[5665996.878417483,6431806.780613072]]}},{"type":"Feature","properties":{},"geometry":{"type":"LineString","coordinates":[[5665939.7238962,6432033.582932727],[5666015.783164576,6431813.308287799]]}},{"type":"Feature","properties":{},"geometry":{"type":"LineString","coordinates":[[5666003.406225557,6431787.875479788],[5666079.423769452,6431567.721672803]]}},{"type":"Feature","properties":{},"geometry":{"type":"LineString","coordinates":[[5666022.310972651,6431794.403154515],[5666098.328516545,6431574.24934753]]}},{"type":"Feature","properties":{},"geometry":{"type":"LineString","coordinates":[[5665935.839988408,6431629.848803644],[5666172.584855031,6431713.292548448]]}},{"type":"Feature","properties":{},"geometry":{"type":"LineString","coordinates":[[5665929.191611554,6431648.7114409255],[5666165.936478177,6431732.155185729]]}},{"type":"Feature","properties":{},"geometry":{"type":"LineString","coordinates":[[5666191.447877643,6431719.941061118],[5666428.313313046,6431803.427301926]]}},{"type":"Feature","properties":{},"geometry":{"type":"LineString","coordinates":[[5666184.799500789,6431738.803698399],[5666421.664936191,6431822.289939207]]}},{"type":"Feature","properties":{},"geometry":{"type":"LineString","coordinates":[[5666259.0141147915,6431877.96773726],[5666335.073383168,6431657.693092334]]}},{"type":"Feature","properties":{},"geometry":{"type":"LineString","coordinates":[[5666277.918861885,6431884.495411987],[5666353.978130261,6431664.220767061]]}},{"type":"Feature","properties":{},"geometry":{"type":"LineString","coordinates":[[5666277.918861885,6431884.495411987],[5666353.978130261,6431664.220767061]]}},{"type":"Feature","properties":{},"geometry":{"type":"LineString","coordinates":[[5666451.580679342,6431813.335181521],[5666688.222063905,6431896.702018623]]}},{"type":"Feature","properties":{},"geometry":{"type":"LineString","coordinates":[[5666444.935169566,6431832.198829096],[5666681.576554129,6431915.565666198]]}},{"type":"Feature","properties":{},"geometry":{"type":"LineString","coordinates":[[5666518.387235716,6431971.148925712],[5666595.284640684,6431751.002103746]]}},{"type":"Feature","properties":{},"geometry":{"type":"LineString","coordinates":[[5666537.268517047,6431977.7441675775],[5666614.165922015,6431757.597345611]]}},{"type":"Feature","properties":{},"geometry":{"type":"LineString","coordinates":[[5666367.735726728,6432052.268362864],[5666604.427355804,6432135.6529006995]]}},{"type":"Feature","properties":{},"geometry":{"type":"LineString","coordinates":[[5666361.090216952,6432071.1320104385],[5666597.781846028,6432154.516548274]]}},{"type":"Feature","properties":{},"geometry":{"type":"LineString","coordinates":[[5666434.8769986415,6432210.227387469],[5666511.791970454,6431990.030274021]]}},{"type":"Feature","properties":{},"geometry":{"type":"LineString","coordinates":[[5666453.758279973,6432216.822629336],[5666530.673251785,6431996.625515888]]}},{"type":"Feature","properties":{},"geometry":{"type":"LineString","coordinates":[[5667131.4304172285,6431487.39035],[5667381.460754409,6431575.466399209]]}},{"type":"Feature","properties":{},"geometry":{"type":"LineString","coordinates":[[5667124.785418017,6431506.254177435],[5667374.815755198,6431594.330226644]]}},{"type":"Feature","properties":{},"geometry":{"type":"LineString","coordinates":[[5667201.599963749,6431656.991075346],[5667285.783610787,6431418.0810124315]]}},{"type":"Feature","properties":{},"geometry":{"type":"LineString","coordinates":[[5667220.463176452,6431663.6378194],[5667304.64682349,6431424.727756485]]}},{"type":"Feature","properties":{},"geometry":{"type":"LineString","coordinates":[[5667110.77018744,6431914.762606233],[5667195.0717487065,6431675.517907116]]}},{"type":"Feature","properties":{},"geometry":{"type":"LineString","coordinates":[[5667129.633400143,6431921.409350287],[5667213.934961409,6431682.164651169]]}},{"type":"Feature","properties":{},"geometry":{"type":"LineString","coordinates":[[5667040.61449927,6431745.163367943],[5667290.79055088,6431833.290746729]]}},{"type":"Feature","properties":{},"geometry":{"type":"LineString","coordinates":[[5667033.969500058,6431764.027195378],[5667284.1455516685,6431852.154574164]]}},{"type":"Feature","properties":{},"geometry":{"type":"LineString","coordinates":[[5667309.506919095,6431839.883801742],[5667559.537256276,6431927.959850952]]}},{"type":"Feature","properties":{},"geometry":{"type":"LineString","coordinates":[[5667302.861919884,6431858.747629178],[5667552.892257065,6431946.823678387]]}},{"type":"Feature","properties":{},"geometry":{"type":"LineString","coordinates":[[5667379.662864888,6432009.4850921715],[5667463.8465119265,6431770.575029256]]}},{"type":"Feature","properties":{},"geometry":{"type":"LineString","coordinates":[[5667398.526077591,6432016.131836225],[5667482.709724629,6431777.22177331]]}},{"type":"Feature","properties":{},"geometry":{"type":"LineString","coordinates":[[5667400.324581925,6431582.11139845],[5667650.353174235,6431670.186833009]]}},{"type":"Feature","properties":{},"geometry":{"type":"LineString","coordinates":[[5667393.679582713,6431600.975225885],[5667643.708175023,6431689.050660444]]}},{"type":"Feature","properties":{},"geometry":{"type":"LineString","coordinates":[[5667470.493256009,6431751.711816471],[5667554.676288235,6431512.80349837]]}},{"type":"Feature","properties":{},"geometry":{"type":"LineString","coordinates":[[5667489.356468712,6431758.358560525],[5667573.539500938,6431519.450242423]]}},{"type":"Feature","properties":{},"geometry":{"type":"LineString","coordinates":[[5667706.469498681,6432258.614224405],[5667476.631019471,6432181.329286954]]}},{"type":"Feature","properties":{},"geometry":{"type":"LineString","coordinates":[[5667700.095073363,6432277.571194149],[5667470.256594153,6432200.286256698]]}},{"type":"Feature","properties":{},"geometry":{"type":"LineString","coordinates":[[5667618.052390758,6432114.010637526],[5667539.865003963,6432338.08658339]]}},{"type":"Feature","properties":{},"geometry":{"type":"LineString","coordinates":[[5667636.9358345345,6432120.599685346],[5667558.7484477395,6432344.675631209]]}},{"type":"Feature","properties":{},"geometry":{"type":"LineString","coordinates":[[5667867.093088495,6432197.99181323],[5667788.980447365,6432421.853546727]]}},{"type":"Feature","properties":{},"geometry":{"type":"LineString","coordinates":[[5667885.976532271,6432204.58086105],[5667807.8638911415,6432428.442594547]]}},{"type":"Feature","properties":{},"geometry":{"type":"LineString","coordinates":[[5667955.903716832,6432342.488378177],[5667725.427688122,6432264.989059856]]}},{"type":"Feature","properties":{},"geometry":{"type":"LineString","coordinates":[[5667949.529291514,6432361.445347921],[5667719.053262804,6432283.9460296]]}},{"type":"Feature","properties":{},"geometry":{"type":"LineString","coordinates":[[5667287.5422183545,6432243.524519652],[5667366.010010878,6432021.76442592]]}},{"type":"Feature","properties":{},"geometry":{"type":"LineString","coordinates":[[5667306.3966949275,6432250.196004728],[5667384.864487451,6432028.435910996]]}},{"type":"Feature","properties":{},"geometry":{"type":"LineString","coordinates":[[5667216.920887013,6432082.823835721],[5667462.203947403,6432170.29868772]]}},{"type":"Feature","properties":{},"geometry":{"type":"LineString","coordinates":[[5667210.202758404,6432101.661742929],[5667455.485818794,6432189.136594928]]}},{"type":"Feature","properties":{},"geometry":{"type":"LineString","coordinates":[[5667025.229475538,6432149.9764029635],[5667103.68075639,6431928.262973338]]}},{"type":"Feature","properties":{},"geometry":{"type":"LineString","coordinates":[[5667044.083952111,6432156.647888039],[5667122.535232963,6431934.934458414]]}},{"type":"Feature","properties":{},"geometry":{"type":"LineString","coordinates":[[5666956.41642667,6431989.920603525],[5667198.08292211,6432076.105686538]]}},{"type":"Feature","properties":{},"geometry":{"type":"LineString","coordinates":[[5666949.698298061,6432008.758510733],[5667191.364793502,6432094.943593746]]}},{"type":"Feature","properties":{},"geometry":{"type":"LineString","coordinates":[[5666707.085778392,6431903.347551972],[5666943.7774074655,6431986.732089805]]}},{"type":"Feature","properties":{},"geometry":{"type":"LineString","coordinates":[[5666700.440268616,6431922.211199546],[5666937.13189769,6432005.59573738]]}},{"type":"Feature","properties":{},"geometry":{"type":"LineString","coordinates":[[5666700.440268616,6431922.211199546],[5666937.13189769,6432005.59573738]]}},{"type":"Feature","properties":{},"geometry":{"type":"LineString","coordinates":[[5666773.892334764,6432061.161296161],[5666850.807306576,6431840.964182711]]}},{"type":"Feature","properties":{},"geometry":{"type":"LineString","coordinates":[[5666792.773616095,6432067.756538026],[5666869.688587907,6431847.559424576]]}},{"type":"Feature","properties":{},"geometry":{"type":"LineString","coordinates":[[5666690.399664533,6432300.1894664345],[5666767.297069503,6432080.042644469]]}},{"type":"Feature","properties":{},"geometry":{"type":"LineString","coordinates":[[5666709.2809458645,6432306.784708302],[5666786.178350834,6432086.637886336]]}},{"type":"Feature","properties":{},"geometry":{"type":"LineString","coordinates":[[5666623.291070292,6432142.298434049],[5666859.932454851,6432225.665271148]]}},{"type":"Feature","properties":{},"geometry":{"type":"LineString","coordinates":[[5666616.645560516,6432161.162081623],[5666853.286945076,6432244.528918723]]}},{"type":"Feature","properties":{},"geometry":{"type":"LineString","coordinates":[[5666871.238761373,6432230.495272412],[5667112.951879913,6432316.696982536]]}},{"type":"Feature","properties":{},"geometry":{"type":"LineString","coordinates":[[5666864.520632764,6432249.33317962],[5667106.233751304,6432335.534889745]]}},{"type":"Feature","properties":{},"geometry":{"type":"LineString","coordinates":[[5666940.090177506,6432390.591031017],[5667018.557970029,6432168.830937283]]}},{"type":"Feature","properties":{},"geometry":{"type":"LineString","coordinates":[[5666958.944654079,6432397.2625160925],[5667037.412446602,6432175.502422359]]}},{"type":"Feature","properties":{},"geometry":{"type":"LineString","coordinates":[[5667131.789844816,6432323.415131721],[5667376.951935336,6432410.846842453]]}},{"type":"Feature","properties":{},"geometry":{"type":"LineString","coordinates":[[5667125.071716207,6432342.253038929],[5667370.233806727,6432429.684749661]]}},{"type":"Feature","properties":{},"geometry":{"type":"LineString","coordinates":[[5667202.358947059,6432484.070912965],[5667280.810227911,6432262.3574833395]]}},{"type":"Feature","properties":{},"geometry":{"type":"LineString","coordinates":[[5667221.213423632,6432490.74239804],[5667299.664704484,6432269.028968415]]}},{"type":"Feature","properties":{},"geometry":{"type":"LineString","coordinates":[[5667782.390975605,6432440.738205467],[5667704.957723037,6432662.652890455]]}},{"type":"Feature","properties":{},"geometry":{"type":"LineString","coordinates":[[5667801.274419381,6432447.327253287],[5667723.841166814,6432669.241938274]]}},{"type":"Feature","properties":{},"geometry":{"type":"LineString","coordinates":[[5667871.756344666,6432584.333557164],[5667641.065269513,6432506.761927841]]}},{"type":"Feature","properties":{},"geometry":{"type":"LineString","coordinates":[[5667865.381919348,6432603.290526908],[5667634.690844195,6432525.718897585]]}},{"type":"Feature","properties":{},"geometry":{"type":"LineString","coordinates":[[5667622.107080071,6432500.38709239],[5667392.483647305,6432423.174465941]]}},{"type":"Feature","properties":{},"geometry":{"type":"LineString","coordinates":[[5667615.732654753,6432519.344062134],[5667386.1092219865,6432442.131435685]]}},{"type":"Feature","properties":{},"geometry":{"type":"LineString","coordinates":[[5667533.275532204,6432356.971242133],[5667455.917025301,6432578.671714751]]}},{"type":"Feature","properties":{},"geometry":{"type":"LineString","coordinates":[[5667552.15897598,6432363.560289952],[5667474.800469077,6432585.26076257]]}},{"type":"Feature","properties":{},"geometry":{"type":"LineString","coordinates":[[5667206.665994694,6432911.122872968],[5667439.778716252,6432996.105356416]]}},{"type":"Feature","properties":{},"geometry":{"type":"LineString","coordinates":[[5667199.815884795,6432929.913189474],[5667432.928606353,6433014.895672921]]}},{"type":"Feature","properties":{},"geometry":{"type":"LineString","coordinates":[[5667458.56920276,6433002.955528289],[5667691.601994694,6433087.9088729685]]}},{"type":"Feature","properties":{},"geometry":{"type":"LineString","coordinates":[[5667451.719092861,6433021.745844794],[5667684.751884795,6433106.699189474]]}},{"type":"Feature","properties":{},"geometry":{"type":"LineString","coordinates":[[5667604.830871391,6432933.205995788],[5667519.75086078,6433169.707741724]]}},{"type":"Feature","properties":{},"geometry":{"type":"LineString","coordinates":[[5667623.650156406,6432939.976114809],[5667538.570145794,6433176.477860745]]}},{"type":"Feature","properties":{},"geometry":{"type":"LineString","coordinates":[[5667696.70986078,6432677.804741724],[5667611.601051661,6432914.386540513]]}},{"type":"Feature","properties":{},"geometry":{"type":"LineString","coordinates":[[5667715.529145795,6432684.574860745],[5667630.420336676,6432921.156659533]]}},{"type":"Feature","properties":{},"geometry":{"type":"LineString","coordinates":[[5667550.433792897,6432747.594300652],[5667783.546514458,6432832.5767841]]}},{"type":"Feature","properties":{},"geometry":{"type":"LineString","coordinates":[[5667543.583682999,6432766.384617157],[5667776.6964045605,6432851.367100606]]}},{"type":"Feature","properties":{},"geometry":{"type":"LineString","coordinates":[[5667443.989445351,6432585.764720611],[5667358.9094347395,6432822.266466547]]}},{"type":"Feature","properties":{},"geometry":{"type":"LineString","coordinates":[[5667462.808730366,6432592.534839632],[5667377.728719754,6432829.0365855675]]}},{"type":"Feature","properties":{},"geometry":{"type":"LineString","coordinates":[[5667298.610514459,6432655.7907841],[5667531.643306391,6432740.744128779]]}},{"type":"Feature","properties":{},"geometry":{"type":"LineString","coordinates":[[5667291.76040456,6432674.581100605],[5667524.793196492,6432759.534445284]]}},{"type":"Feature","properties":{},"geometry":{"type":"LineString","coordinates":[[5668106.902674409,6433537.68231187],[5667868.017299407,6433453.365146463]]}},{"type":"Feature","properties":{},"geometry":{"type":"LineString","coordinates":[[5668113.559405323,6433518.822621165],[5667874.674030322,6433434.5054557575]]}},{"type":"Feature","properties":{},"geometry":{"type":"LineString","coordinates":[[5668024.45952159,6433363.585348996],[5667938.440172768,6433601.858725254]]}},{"type":"Feature","properties":{},"geometry":{"type":"LineString","coordinates":[[5668043.271200141,6433370.376574961],[5667957.251851319,6433608.649951219]]}},{"type":"Feature","properties":{},"geometry":{"type":"LineString","coordinates":[[5667931.648773676,6433620.670883376],[5667847.111412351,6433854.839158063]]}},{"type":"Feature","properties":{},"geometry":{"type":"LineString","coordinates":[[5667950.460452227,6433627.4621093385],[5667865.923090902,6433861.630384025]]}},{"type":"Feature","properties":{},"geometry":{"type":"LineString","coordinates":[[5668021.624319337,6433773.903137343],[5667782.604276157,6433689.538439351]]}},{"type":"Feature","properties":{},"geometry":{"type":"LineString","coordinates":[[5668014.967588423,6433792.762828048],[5667775.9475452425,6433708.398130056]]}},{"type":"Feature","properties":{},"geometry":{"type":"LineString","coordinates":[[5667763.744104657,6433682.881538736],[5667527.662931174,6433599.554146451]]}},{"type":"Feature","properties":{},"geometry":{"type":"LineString","coordinates":[[5667757.087373743,6433701.741229441],[5667521.00620026,6433618.413837156]]}},{"type":"Feature","properties":{},"geometry":{"type":"LineString","coordinates":[[5667693.9823383065,6433536.9353972925],[5667609.49346993,6433770.969346631]]}},{"type":"Feature","properties":{},"geometry":{"type":"LineString","coordinates":[[5667675.170659755,6433530.144171328],[5667590.681791379,6433764.178120667]]}},{"type":"Feature","properties":{},"geometry":{"type":"LineString","coordinates":[[5667768.029900618,6433272.924311602],[5667681.962058846,6433511.332013206]]}},{"type":"Feature","properties":{},"geometry":{"type":"LineString","coordinates":[[5667786.841579169,6433279.715537566],[5667700.773737397,6433518.12323917]]}},{"type":"Feature","properties":{},"geometry":{"type":"LineString","coordinates":[[5667855.813858821,6433427.848555142],[5667619.59801716,6433344.473630273]]}},{"type":"Feature","properties":{},"geometry":{"type":"LineString","coordinates":[[5667849.157127907,6433446.708245847],[5667612.941286245,6433363.333320978]]}},{"type":"Feature","properties":{},"geometry":{"type":"LineString","coordinates":[[5667431.12512448,6433422.694066986],[5667517.928768476,6433179.928417543]]}},{"type":"Feature","properties":{},"geometry":{"type":"LineString","coordinates":[[5667449.957464353,6433429.427786233],[5667536.761108349,6433186.662136789]]}},{"type":"Feature","properties":{},"geometry":{"type":"LineString","coordinates":[[5667368.151478749,6433253.571702445],[5667606.062745253,6433337.196740469]]}},{"type":"Feature","properties":{},"geometry":{"type":"LineString","coordinates":[[5667361.519316854,6433272.440047063],[5667599.430583358,6433356.065085087]]}},{"type":"Feature","properties":{},"geometry":{"type":"LineString","coordinates":[[5667352.1392544685,6432841.085921822],[5667267.03044535,6433077.667720611]]}},{"type":"Feature","properties":{},"geometry":{"type":"LineString","coordinates":[[5667370.958539483,6432847.856040843],[5667285.849730365,6433084.437839632]]}},{"type":"Feature","properties":{},"geometry":{"type":"LineString","coordinates":[[5667175.743176751,6433333.121890601],[5667262.583099326,6433090.254780059]]}},{"type":"Feature","properties":{},"geometry":{"type":"LineString","coordinates":[[5667194.575516624,6433339.855609847],[5667281.4154392,6433096.988499305]]}},{"type":"Feature","properties":{},"geometry":{"type":"LineString","coordinates":[[5667114.369983892,6433164.368330659],[5667349.282860294,6433246.939444296]]}},{"type":"Feature","properties":{},"geometry":{"type":"LineString","coordinates":[[5667107.737821997,6433183.236675277],[5667342.650698399,6433265.807788914]]}},{"type":"Feature","properties":{},"geometry":{"type":"LineString","coordinates":[[5667339.098218612,6433680.067727134],[5667424.391307508,6433441.526680174]]}},{"type":"Feature","properties":{},"geometry":{"type":"LineString","coordinates":[[5667357.930558486,6433686.80144638],[5667443.223647381,6433448.260399421]]}},{"type":"Feature","properties":{},"geometry":{"type":"LineString","coordinates":[[5667275.355626134,6433513.052870277],[5667513.571063361,6433596.397324545]]}},{"type":"Feature","properties":{},"geometry":{"type":"LineString","coordinates":[[5667268.750802634,6433531.93080201],[5667506.966239861,6433615.275256278]]}},{"type":"Feature","properties":{},"geometry":{"type":"LineString","coordinates":[[5667021.689455553,6433423.89002348],[5667256.500676879,6433506.425405687]]}},{"type":"Feature","properties":{},"geometry":{"type":"LineString","coordinates":[[5667015.057293658,6433442.758368098],[5667249.868514984,6433525.293750305]]}},{"type":"Feature","properties":{},"geometry":{"type":"LineString","coordinates":[[5667083.752549463,6433590.394089649],[5667169.009359778,6433351.95450379]]}},{"type":"Feature","properties":{},"geometry":{"type":"LineString","coordinates":[[5667102.5848893365,6433597.127808896],[5667187.841699651,6433358.688223036]]}},{"type":"Feature","properties":{},"geometry":{"type":"LineString","coordinates":[[5667011.420298514,6432999.215725348],[5666923.007245942,6433244.361695349]]}},{"type":"Feature","properties":{},"geometry":{"type":"LineString","coordinates":[[5667030.234117919,6433006.001018225],[5666941.821065347,6433251.146988226]]}},{"type":"Feature","properties":{},"geometry":{"type":"LineString","coordinates":[[5667096.95479153,6433156.662665091],[5666862.887714183,6433074.820829054]]}},{"type":"Feature","properties":{},"geometry":{"type":"LineString","coordinates":[[5667090.353649677,6433175.541884519],[5666856.28657233,6433093.700048482]]}},{"type":"Feature","properties":{},"geometry":{"type":"LineString","coordinates":[[5666916.221629147,6433263.176412891],[5666829.077851354,6433504.803020222]]}},{"type":"Feature","properties":{},"geometry":{"type":"LineString","coordinates":[[5666935.035448552,6433269.961705768],[5666847.891670759,6433511.588313099]]}},{"type":"Feature","properties":{},"geometry":{"type":"LineString","coordinates":[[5667002.575234493,6433418.928173185],[5666768.323682206,6433337.021835263]]}},{"type":"Feature","properties":{},"geometry":{"type":"LineString","coordinates":[[5666995.97409264,6433437.807392613],[5666761.7225403525,6433355.901054691]]}},{"type":"Feature","properties":{},"geometry":{"type":"LineString","coordinates":[[5666749.443561515,6433330.420378282],[5666512.665489692,6433247.630639755]]}},{"type":"Feature","properties":{},"geometry":{"type":"LineString","coordinates":[[5666742.842419662,6433349.299597709],[5666506.064347839,6433266.509859183]]}},{"type":"Feature","properties":{},"geometry":{"type":"LineString","coordinates":[[5666661.918933873,6433174.25916863],[5666574.841457364,6433415.701940063]]}},{"type":"Feature","properties":{},"geometry":{"type":"LineString","coordinates":[[5666680.732753278,6433181.044461506],[5666593.655276769,6433422.48723294]]}},{"type":"Feature","properties":{},"geometry":{"type":"LineString","coordinates":[[5666757.183904524,6432910.11464519],[5666668.704550667,6433155.444451085]]}},{"type":"Feature","properties":{},"geometry":{"type":"LineString","coordinates":[[5666775.997723929,6432916.8999380665],[5666687.518370071,6433162.229743962]]}},{"type":"Feature","properties":{},"geometry":{"type":"LineString","coordinates":[[5666844.007593494,6433068.219372073],[5666607.045046729,6432985.365131661]]}},{"type":"Feature","properties":{},"geometry":{"type":"LineString","coordinates":[[5666837.406451641,6433087.098591501],[5666600.443904876,6433004.244351089]]}},{"type":"Feature","properties":{},"geometry":{"type":"LineString","coordinates":[[5666420.642757153,6433067.952560567],[5666503.91654389,6432826.008450361]]}},{"type":"Feature","properties":{},"geometry":{"type":"LineString","coordinates":[[5666439.553952638,6433074.461530174],[5666522.827739375,6432832.517419968]]}},{"type":"Feature","properties":{},"geometry":{"type":"LineString","coordinates":[[5666109.258373459,6432807.532292381],[5666340.661916282,6432891.838589771]]}},{"type":"Feature","properties":{},"geometry":{"type":"LineString","coordinates":[[5666102.412069668,6432826.323995987],[5666333.815612491,6432910.630293377]]}},{"type":"Feature","properties":{},"geometry":{"type":"LineString","coordinates":[[5666330.975441636,6433328.472463863],[5666414.1327453535,6433086.866784047]]}},{"type":"Feature","properties":{},"geometry":{"type":"LineString","coordinates":[[5666349.8866371205,6433334.98143347],[5666433.043940838,6433093.375753654]]}},{"type":"Feature","properties":{},"geometry":{"type":"LineString","coordinates":[[5666269.9338945225,6433158.785825794],[5666501.337437346,6433243.092123184]]}},{"type":"Feature","properties":{},"geometry":{"type":"LineString","coordinates":[[5666263.087590732,6433177.5775294],[5666494.491133555,6433261.88382679]]}},{"type":"Feature","properties":{},"geometry":{"type":"LineString","coordinates":[[5666170.444501865,6432976.798863179],[5666253.601805582,6432735.193183363]]}},{"type":"Feature","properties":{},"geometry":{"type":"LineString","coordinates":[[5666189.35569735,6432983.307832786],[5666272.513001067,6432741.70215297]]}},{"type":"Feature","properties":{},"geometry":{"type":"LineString","coordinates":[[5666080.6607033275,6433237.657196865],[5666163.934490063,6432995.713086658]]}},{"type":"Feature","properties":{},"geometry":{"type":"LineString","coordinates":[[5666099.571898812,6433244.166166472],[5666182.845685548,6433002.222056265]]}},{"type":"Feature","properties":{},"geometry":{"type":"LineString","coordinates":[[5666019.399347243,6433067.509608533],[5666251.139182057,6433151.938425796]]}},{"type":"Feature","properties":{},"geometry":{"type":"LineString","coordinates":[[5666012.553043452,6433086.301312139],[5666244.292878266,6433170.730129402]]}},{"type":"Feature","properties":{},"geometry":{"type":"LineString","coordinates":[[11332352.953895424,12865978.898399571],[11332584.693730237,12866063.327216834]]}},{"type":"Feature","properties":{},"geometry":{"type":"LineString","coordinates":[[11332359.800199214,12865960.106695965],[11332591.203742037,12866044.412993355]]}},{"type":"Feature","properties":{},"geometry":{"type":"LineString","coordinates":[[11335612.63057097,12867131.808344169],[11335528.141702594,12867365.842293508]]}},{"type":"Feature","properties":{},"geometry":{"type":"LineString","coordinates":[[11335705.489811834,12866874.588484442],[11335619.421970062,12867112.996186046]]}},{"type":"Feature","properties":{},"geometry":{"type":"LineString","coordinates":[[5666131.231032416,6431832.861189553],[5666207.24857631,6431612.707382568]]}},{"type":"Feature","properties":{},"geometry":{"type":"LineString","coordinates":[[5666150.094055028,6431839.509702222],[5666386.959490431,6431922.99594303]]}},{"type":"Feature","properties":{},"geometry":{"type":"LineString","coordinates":[[5666150.094055027,6431839.5097022215],[5666226.153323404,6431619.235057295]]}},{"type":"Feature","properties":{},"geometry":{"type":"LineString","coordinates":[[5666143.566246951,6431858.414835505],[5666380.311113576,6431941.858580312]]}},{"type":"Feature","properties":{},"geometry":{"type":"LineString","coordinates":[[5666665.012283151,6432022.775498545],[5666901.703912225,6432106.160036379]]}},{"type":"Feature","properties":{},"geometry":{"type":"LineString","coordinates":[[5666646.148568663,6432016.129965195],[5666723.045973631,6431795.983143229]]}},{"type":"Feature","properties":{},"geometry":{"type":"LineString","coordinates":[[5666658.417017889,6432041.656846854],[5666895.058402449,6432125.023683953]]}},{"type":"Feature","properties":{},"geometry":{"type":"LineString","coordinates":[[5666665.01228315,6432022.775498544],[5666741.927254962,6431802.578385094]]}},{"type":"Feature","properties":{},"geometry":{"type":"LineString","coordinates":[[5667174.327926447,6432203.12283619],[5667252.79571897,6431981.3627424585]]}},{"type":"Feature","properties":{},"geometry":{"type":"LineString","coordinates":[[5667155.489961545,6432196.404687008],[5667233.941242397,6431974.691257383]]}},{"type":"Feature","properties":{},"geometry":{"type":"LineString","coordinates":[[5667657.636493696,6432398.908234768],[5667428.013060929,6432321.695608319]]}},{"type":"Feature","properties":{},"geometry":{"type":"LineString","coordinates":[[5667676.594683138,6432405.283070218],[5667599.16143057,6432627.197755205]]}},{"type":"Feature","properties":{},"geometry":{"type":"LineString","coordinates":[[5667657.636493697,6432398.908234768],[5667580.277986794,6432620.608707386]]}},{"type":"Feature","properties":{},"geometry":{"type":"LineString","coordinates":[[5667664.225965457,6432380.023576026],[5667434.387486247,6432302.738638575]]}},{"type":"Feature","properties":{},"geometry":{"type":"LineString","coordinates":[[5667504.454333388,6432875.280358299],[5667737.56705495,6432960.262841747]]}},{"type":"Feature","properties":{},"geometry":{"type":"LineString","coordinates":[[5667497.684153118,6432894.099813574],[5667412.604142507,6433130.60155951]]}},{"type":"Feature","properties":{},"geometry":{"type":"LineString","coordinates":[[5667497.684153116,6432894.099813573],[5667730.71694505,6432979.0531582525]]}},{"type":"Feature","properties":{},"geometry":{"type":"LineString","coordinates":[[5667478.89366661,6432887.249641701],[5667393.784857492,6433123.83144049]]}},{"type":"Feature","properties":{},"geometry":{"type":"LineString","coordinates":[[5666314.3965834845,6433029.053896675],[5666397.670370221,6432787.109786469]]}},{"type":"Feature","properties":{},"geometry":{"type":"LineString","coordinates":[[5666314.3965834845,6433029.053896675],[5666546.136418298,6433113.482713939]]}},{"type":"Feature","properties":{},"geometry":{"type":"LineString","coordinates":[[5666295.601871019,6433022.206496677],[5666378.759174736,6432780.600816862]]}},{"type":"Feature","properties":{},"geometry":{"type":"LineString","coordinates":[[5666307.886571684,6433047.968120154],[5666539.290114507,6433132.274417545]]}},{"type":"Feature","properties":{},"geometry":{"type":"LineString","coordinates":[[5666789.714879487,6433219.046684331],[5666702.637402978,6433460.489455765]]}},{"type":"Feature","properties":{},"geometry":{"type":"LineString","coordinates":[[5666796.50049628,6433200.231966788],[5666559.5379495155,6433117.377726376]]}},{"type":"Feature","properties":{},"geometry":{"type":"LineString","coordinates":[[5666808.595000176,6433225.648141311],[5666721.4512223825,6433467.274748642]]}},{"type":"Feature","properties":{},"geometry":{"type":"LineString","coordinates":[[5666789.714879485,6433219.04668433],[5666552.936807662,6433136.256945804]]}},{"type":"Feature","properties":{},"geometry":{"type":"LineString","coordinates":[[5667321.433575803,6433384.388699476],[5667408.237219799,6433141.623050032]]}},{"type":"Feature","properties":{},"geometry":{"type":"LineString","coordinates":[[5667321.433575804,6433384.388699477],[5667559.344842308,6433468.013737501]]}},{"type":"Feature","properties":{},"geometry":{"type":"LineString","coordinates":[[5667314.699758831,6433403.2213126635],[5667552.915196058,6433486.5657669315]]}},{"type":"Feature","properties":{},"geometry":{"type":"LineString","coordinates":[[5667302.5649573505,6433377.756441328],[5667389.404879926,6433134.889330786]]}},{"type":"Feature","properties":{},"geometry":{"type":"LineString","coordinates":[[5667821.544591362,6433581.88414736],[5667737.007230037,6433816.052422047]]}},{"type":"Feature","properties":{},"geometry":{"type":"LineString","coordinates":[[5667802.684419862,6433575.2272467455],[5667718.195551486,6433809.261196084]]}},{"type":"Feature","properties":{},"geometry":{"type":"LineString","coordinates":[[5667809.475818954,6433556.415088625],[5667573.259977293,6433473.040163755]]}},{"type":"Feature","properties":{},"geometry":{"type":"LineString","coordinates":[[5667802.684419862,6433575.2272467455],[5667566.603246379,6433491.899854461]]}},{"type":"Feature","properties":{},"geometry":{"type":"LineString","coordinates":[[5667893.873101766,6430176.82641367],[5667973.953541395,6429949.257877872]]}},{"type":"Feature","properties":{},"geometry":{"type":"LineString","coordinates":[[5667893.873101766,6430176.826413671],[5668122.454018178,6430259.357807014]]}},{"type":"Feature","properties":{},"geometry":{"type":"LineString","coordinates":[[5667875.061093986,6430170.034152803],[5667955.0875539025,6429942.619013817]]}},{"type":"Feature","properties":{},"geometry":{"type":"LineString","coordinates":[[5667887.234018264,6430195.693024777],[5668115.661981822,6430278.169192985]]}},{"type":"Feature","properties":{},"geometry":{"type":"LineString","coordinates":[[5666856.985116336,6429801.478384224],[5666932.758462048,6429582.91839731]]}},{"type":"Feature","properties":{},"geometry":{"type":"LineString","coordinates":[[5666856.985116337,6429801.478384225],[5667124.520375542,6429898.928361281]]}},{"type":"Feature","properties":{},"geometry":{"type":"LineString","coordinates":[[5666838.190676836,6429794.632491451],[5666913.86189551,6429576.367078886]]}},{"type":"Feature","properties":{},"geometry":{"type":"LineString","coordinates":[[5666850.433001943,6429820.377246651],[5667117.675314426,6429917.720517579]]}},{"type":"Feature","properties":{},"geometry":{"type":"LineString","coordinates":[[5667365.674885424,6429985.163446017],[5667139.364035129,6429902.647516813]]}},{"type":"Feature","properties":{},"geometry":{"type":"LineString","coordinates":[[5667384.465685736,6429992.014820337],[5667463.668964144,6429768.261359282]]}},{"type":"Feature","properties":{},"geometry":{"type":"LineString","coordinates":[[5667359.000846343,6430004.017960301],[5667132.512964872,6429921.437483188]]}},{"type":"Feature","properties":{},"geometry":{"type":"LineString","coordinates":[[5667365.674885425,6429985.163446018],[5667444.815286629,6429761.587616395]]}},{"type":"Feature","properties":{},"geometry":{"type":"LineString","coordinates":[[5667679.428067526,6430717.14493861],[5667605.911020007,6430920.558799193]]}},{"type":"Feature","properties":{},"geometry":{"type":"LineString","coordinates":[[5667705.069730688,6430705.038326499],[5667942.082566677,6430789.346308454]]}},{"type":"Feature","properties":{},"geometry":{"type":"LineString","coordinates":[[5667698.271679667,6430723.847811498],[5667624.720264634,6430927.35676334]]}},{"type":"Feature","properties":{},"geometry":{"type":"LineString","coordinates":[[5667698.271679666,6430723.847811497],[5667935.379779445,6430808.189679791]]}},{"type":"Feature","properties":{},"geometry":{"type":"LineString","coordinates":[[5667185.05684042,6430541.5076897135],[5667117.682168046,6430738.25806388]]}},{"type":"Feature","properties":{},"geometry":{"type":"LineString","coordinates":[[5667172.658126703,6430515.980619267],[5666931.639619548,6430431.650766998]]}},{"type":"Feature","properties":{},"geometry":{"type":"LineString","coordinates":[[5667166.178605123,6430534.902392833],[5667098.76081346,6430731.778685777]]}},{"type":"Feature","properties":{},"geometry":{"type":"LineString","coordinates":[[5667166.178605124,6430534.9023928335],[5666925.0344689265,6430450.528584278]]}},{"type":"Feature","properties":{},"geometry":{"type":"LineString","coordinates":[[5669016.613455503,6431436.112414197],[5669164.4636169365,6431025.047795069]]}},{"type":"Feature","properties":{},"geometry":{"type":"LineString","coordinates":[[5668997.825300646,6431429.255744566],[5669145.816913804,6431017.944371944]]}},{"type":"Feature","properties":{},"geometry":{"type":"LineString","coordinates":[[5669136.2832040265,6433895.219383251],[5669375.018901366,6433981.634457676]]}},{"type":"Feature","properties":{},"geometry":{"type":"LineString","coordinates":[[5669129.4760337975,6433914.025298104],[5669368.211731137,6434000.4403725285]]}},{"type":"Feature","properties":{},"geometry":{"type":"LineString","coordinates":[[5669202.5101841325,6434053.209095574],[5669282.605652026,6433837.187662127]]}},{"type":"Feature","properties":{},"geometry":{"type":"LineString","coordinates":[[5669221.262683435,6434060.162063998],[5669301.358151329,6433844.140630552]]}},{"type":"Feature","properties":{},"geometry":{"type":"LineString","coordinates":[[5669110.194152026,6434302.189994362],[5669195.557006153,6434071.962160053]]}},{"type":"Feature","properties":{},"geometry":{"type":"LineString","coordinates":[[5669128.946651329,6434309.142962786],[5669214.309505456,6434078.915128477]]}},{"type":"Feature","properties":{},"geometry":{"type":"LineString","coordinates":[[5669046.532647876,6434137.727707147],[5669285.122337466,6434224.089931199]]}},{"type":"Feature","properties":{},"geometry":{"type":"LineString","coordinates":[[5669039.725477647,6434156.533621999],[5669278.315167237,6434242.895846052]]}},{"type":"Feature","properties":{},"geometry":{"type":"LineString","coordinates":[[5669393.825383008,6433988.441833066],[5669627.093704026,6434072.877883251]]}},{"type":"Feature","properties":{},"geometry":{"type":"LineString","coordinates":[[5669387.018212779,6434007.247747919],[5669620.286533797,6434091.683798104]]}},{"type":"Feature","properties":{},"geometry":{"type":"LineString","coordinates":[[5669457.318674955,6434145.442033269],[5669537.36016051,6433929.566192859]]}},{"type":"Feature","properties":{},"geometry":{"type":"LineString","coordinates":[[5669476.071174257,6434152.395001694],[5669556.112659813,6433936.519161283]]}},{"type":"Feature","properties":{},"geometry":{"type":"LineString","coordinates":[[5669303.928819107,6434230.8973065885],[5669537.343147876,6434315.386207147]]}},{"type":"Feature","properties":{},"geometry":{"type":"LineString","coordinates":[[5669297.121648878,6434249.703221441],[5669530.535977647,6434334.192121999]]}},{"type":"Feature","properties":{},"geometry":{"type":"LineString","coordinates":[[5669364.948660511,6434394.568525094],[5669450.365496975,6434164.195097749]]}},{"type":"Feature","properties":{},"geometry":{"type":"LineString","coordinates":[[5669383.701159813,6434401.521493518],[5669469.117996278,6434171.148066173]]}},{"type":"Feature","properties":{},"geometry":{"type":"LineString","coordinates":[[5669022.739332663,6429735.055867521],[5669107.317872058,6429499.364882283]]}},{"type":"Feature","properties":{},"geometry":{"type":"LineString","coordinates":[[5669041.563949339,6429741.811147455],[5669126.142488734,6429506.120162217]]}},{"type":"Feature","properties":{},"geometry":{"type":"LineString","coordinates":[[5667354.910566206,6431710.997471218],[5667604.939158516,6431799.072905777]]}},{"type":"Feature","properties":{},"geometry":{"type":"LineString","coordinates":[[5667336.046738691,6431704.3524719775],[5667420.230385729,6431465.442409063]]}},{"type":"Feature","properties":{},"geometry":{"type":"LineString","coordinates":[[5667354.910566206,6431710.997471218],[5667439.093598432,6431472.089153117]]}},{"type":"Feature","properties":{},"geometry":{"type":"LineString","coordinates":[[5667348.263822123,6431729.860684003],[5667598.294159304,6431817.936733212]]}},{"type":"Feature","properties":{},"geometry":{"type":"LineString","coordinates":[[5668479.812608985,6432530.286254819],[5668715.082353312,6432614.451531223]]}},{"type":"Feature","properties":{},"geometry":{"type":"LineString","coordinates":[[5668473.075917734,6432549.117531753],[5668708.34566206,6432633.282808158]]}},{"type":"Feature","properties":{},"geometry":{"type":"LineString","coordinates":[[5666946.36752981,6431567.04069126],[5667032.301132932,6431323.948677348]]}},{"type":"Feature","properties":{},"geometry":{"type":"LineString","coordinates":[[5666965.22401297,6431573.706502752],[5667051.157616092,6431330.61448884]]}},{"type":"Feature","properties":{},"geometry":{"type":"LineString","coordinates":[[5666884.245000699,6431398.336951027],[5667119.775337467,6431480.402081337]]}},{"type":"Feature","properties":{},"geometry":{"type":"LineString","coordinates":[[5666877.664464793,6431417.223362735],[5667113.194801562,6431499.288493045]]}},{"type":"Feature","properties":{},"geometry":{"type":"LineString","coordinates":[[5666691.865244867,6431478.365221831],[5666777.828969361,6431235.187999517]]}},{"type":"Feature","properties":{},"geometry":{"type":"LineString","coordinates":[[5666710.721728027,6431485.031033323],[5666796.685452521,6431241.853811009]]}},{"type":"Feature","properties":{},"geometry":{"type":"LineString","coordinates":[[5666629.7427157555,6431309.661481597],[5666865.358396168,6431391.7563479375]]}},{"type":"Feature","properties":{},"geometry":{"type":"LineString","coordinates":[[5666623.16217985,6431328.547893305],[5666858.777860262,6431410.642759645]]}},{"type":"Feature","properties":{},"geometry":{"type":"LineString","coordinates":[[5666599.265762197,6431740.313911421],[5666685.19936532,6431497.221897508]]}},{"type":"Feature","properties":{},"geometry":{"type":"LineString","coordinates":[[5666618.122245356,6431746.979722913],[5666704.055848479,6431503.887709]]}},{"type":"Feature","properties":{},"geometry":{"type":"LineString","coordinates":[[5666537.213516041,6431571.682511418],[5666772.743852809,6431653.747641727]]}},{"type":"Feature","properties":{},"geometry":{"type":"LineString","coordinates":[[5666530.632980135,6431590.568923126],[5666766.163316904,6431672.634053435]]}},{"type":"Feature","properties":{},"geometry":{"type":"LineString","coordinates":[[5666853.737925768,6431829.0745892525],[5666939.701650262,6431585.897366938]]}},{"type":"Feature","properties":{},"geometry":{"type":"LineString","coordinates":[[5666872.5944089275,6431835.740400745],[5666958.5581334215,6431592.56317843]]}},{"type":"Feature","properties":{},"geometry":{"type":"LineString","coordinates":[[5666791.630457342,6431660.328244818],[5667027.246137752,6431742.4231111575]]}},{"type":"Feature","properties":{},"geometry":{"type":"LineString","coordinates":[[5666785.049921436,6431679.214656526],[5667020.665601847,6431761.309522865]]}},{"type":"Feature","properties":{},"geometry":{"type":"LineString","coordinates":[[5665394.597012057,6430140.222876614],[5665314.553413475,6430391.618026677]]}},{"type":"Feature","properties":{},"geometry":{"type":"LineString","coordinates":[[5665413.654339447,6430146.290682867],[5665333.610740865,6430397.68583293]]}},{"type":"Feature","properties":{},"geometry":{"type":"LineString","coordinates":[[5665248.720598414,6430216.381226569],[5665486.489818132,6430301.9975455245]]}},{"type":"Feature","properties":{},"geometry":{"type":"LineString","coordinates":[[5665241.9448498925,6430235.198485456],[5665479.71406961,6430320.8148044115]]}},{"type":"Feature","properties":{},"geometry":{"type":"LineString","coordinates":[[5665505.320230416,6430308.7780303415],[5665746.1536925435,6430395.497726579]]}},{"type":"Feature","properties":{},"geometry":{"type":"LineString","coordinates":[[5665498.544481895,6430327.5952892285],[5665739.377944022,6430414.314985466]]}},{"type":"Feature","properties":{},"geometry":{"type":"LineString","coordinates":[[5665652.9556803685,6430232.458690464],[5665572.685166682,6430484.56651909]]}},{"type":"Feature","properties":{},"geometry":{"type":"LineString","coordinates":[[5665672.013007758,6430238.526496717],[5665591.742494072,6430490.634325343]]}},{"type":"Feature","properties":{},"geometry":{"type":"LineString","coordinates":[[5665566.6131189875,6430503.63716769],[5665488.930061988,6430747.618499338]]}},{"type":"Feature","properties":{},"geometry":{"type":"LineString","coordinates":[[5665585.670446377,6430509.7049739435],[5665507.987389377,6430753.686305591]]}},{"type":"Feature","properties":{},"geometry":{"type":"LineString","coordinates":[[5665420.27139738,6430575.893259078],[5665660.40115868,6430662.359565603]]}},{"type":"Feature","properties":{},"geometry":{"type":"LineString","coordinates":[[5665413.495648859,6430594.710517965],[5665653.625410159,6430681.17682449]]}},{"type":"Feature","properties":{},"geometry":{"type":"LineString","coordinates":[[5665162.96806455,6430483.243065593],[5665401.440985096,6430569.112774261]]}},{"type":"Feature","properties":{},"geometry":{"type":"LineString","coordinates":[[5665156.192316029,6430502.06032448],[5665394.665236575,6430587.930033148]]}},{"type":"Feature","properties":{},"geometry":{"type":"LineString","coordinates":[[5665308.481365782,6430410.688675277],[5665230.571393676,6430655.382685488]]}},{"type":"Feature","properties":{},"geometry":{"type":"LineString","coordinates":[[5665327.538693172,6430416.75648153],[5665249.628721066,6430661.450491741]]}},{"type":"Feature","properties":{},"geometry":{"type":"LineString","coordinates":[[5670585.260678026,6431772.681262888],[5670651.637639577,6431584.746153963]]}},{"type":"Feature","properties":{},"geometry":{"type":"LineString","coordinates":[[5670604.119006489,6431779.341852017],[5670670.49596804,6431591.4067430915]]}},{"type":"Feature","properties":{},"geometry":{"type":"LineString","coordinates":[[5670604.119006489,6431779.341852017],[5670670.49596804,6431591.4067430915]]}},{"type":"Feature","properties":{},"geometry":{"type":"LineString","coordinates":[[5670507.075084122,6431626.918027939],[5670755.885677113,6431718.24789376]]}},{"type":"Feature","properties":{},"geometry":{"type":"LineString","coordinates":[[5670500.183385462,6431645.693130856],[5670748.993978453,6431737.022996677]]}},{"type":"Feature","properties":{},"geometry":{"type":"LineString","coordinates":[[5670852.879187572,6431870.914872133],[5670919.337958494,6431682.7481338475]]}},{"type":"Feature","properties":{},"geometry":{"type":"LineString","coordinates":[[5670871.737516035,6431877.575461262],[5670938.196286958,6431689.408722976]]}},{"type":"Feature","properties":{},"geometry":{"type":"LineString","coordinates":[[5670774.662196205,6431725.140112249],[5671023.535584122,6431816.49302794]]}},{"type":"Feature","properties":{},"geometry":{"type":"LineString","coordinates":[[5670767.770497545,6431743.915215166],[5671016.643885462,6431835.2681308575]]}},{"type":"Feature","properties":{},"geometry":{"type":"LineString","coordinates":[[5670779.862890391,6432077.648133847],[5670846.218096047,6431889.7746230485]]}},{"type":"Feature","properties":{},"geometry":{"type":"LineString","coordinates":[[5670798.721218854,6432084.308722976],[5670865.07642451,6431896.435212177]]}},{"type":"Feature","properties":{},"geometry":{"type":"LineString","coordinates":[[5670701.594116391,6431932.019987707],[5670950.236897172,6432023.2882554]]}},{"type":"Feature","properties":{},"geometry":{"type":"LineString","coordinates":[[5670694.70241773,6431950.795090624],[5670943.345198512,6432042.063358317]]}},{"type":"Feature","properties":{},"geometry":{"type":"LineString","coordinates":[[5670512.162571473,6431979.646153962],[5670578.599586501,6431791.541013803]]}},{"type":"Feature","properties":{},"geometry":{"type":"LineString","coordinates":[[5670531.020899937,6431986.306743091],[5670597.457914964,6431798.201602932]]}},{"type":"Feature","properties":{},"geometry":{"type":"LineString","coordinates":[[5670531.020899937,6431986.306743091],[5670597.457914964,6431798.201602932]]}},{"type":"Feature","properties":{},"geometry":{"type":"LineString","coordinates":[[5670531.020899937,6431986.306743091],[5670597.457914964,6431798.201602932]]}},{"type":"Feature","properties":{},"geometry":{"type":"LineString","coordinates":[[5670433.776397172,6431833.713255399],[5670682.817597298,6431925.127769218]]}},{"type":"Feature","properties":{},"geometry":{"type":"LineString","coordinates":[[5670426.884698512,6431852.488358316],[5670675.925898638,6431943.902872135]]}},{"type":"Feature","properties":{},"geometry":{"type":"LineString","coordinates":[[5669868.539992857,6431037.283965953],[5670109.133850013,6431124.56719017]]}},{"type":"Feature","properties":{},"geometry":{"type":"LineString","coordinates":[[5669861.719313341,6431056.084985366],[5670102.313170497,6431143.368209584]]}},{"type":"Feature","properties":{},"geometry":{"type":"LineString","coordinates":[[5669608.988350012,6430943.12319017],[5669849.738325275,6431030.463051293]]}},{"type":"Feature","properties":{},"geometry":{"type":"LineString","coordinates":[[5669602.167670497,6430961.924209584],[5669842.917645759,6431049.264070706]]}},{"type":"Feature","properties":{},"geometry":{"type":"LineString","coordinates":[[5671141.1916416,6431086.686484429],[5671235.525534583,6430837.439639345]]}},{"type":"Feature","properties":{},"geometry":{"type":"LineString","coordinates":[[5671159.896763674,6431093.765920012],[5671254.230656657,6430844.519074928]]}},{"type":"Feature","properties":{},"geometry":{"type":"LineString","coordinates":[[5670879.506236327,6430988.364079986],[5670973.821782802,6430739.165709626]]}},{"type":"Feature","properties":{},"geometry":{"type":"LineString","coordinates":[[5670898.211358401,6430995.443515569],[5670992.526904876,6430746.245145209]]}},{"type":"Feature","properties":{},"geometry":{"type":"LineString","coordinates":[[5670980.206288076,6430720.199558406],[5671074.521834551,6430471.001188046]]}},{"type":"Feature","properties":{},"geometry":{"type":"LineString","coordinates":[[5670998.91141015,6430727.278993989],[5671093.2269566255,6430478.0806236295]]}},{"type":"Feature","properties":{},"geometry":{"type":"LineString","coordinates":[[5670918.717688325,6430544.147793321],[5671161.697971523,6430635.390762181]]}},{"type":"Feature","properties":{},"geometry":{"type":"LineString","coordinates":[[5670911.686751074,6430562.87119903],[5671154.667034272,6430654.1141678905]]}},{"type":"Feature","properties":{},"geometry":{"type":"LineString","coordinates":[[5670754.85480552,6430202.6298032105],[5671007.8971425155,6430292.448041143]]}},{"type":"Feature","properties":{},"geometry":{"type":"LineString","coordinates":[[5670748.164688718,6430221.477676755],[5671001.207025713,6430311.295914687]]}},{"type":"Feature","properties":{},"geometry":{"type":"LineString","coordinates":[[5670825.36682305,6430372.119932998],[5670913.240198139,6430134.771494569]]}},{"type":"Feature","properties":{},"geometry":{"type":"LineString","coordinates":[[5670844.122659127,6430379.063895341],[5670931.996034216,6430141.715456912]]}},{"type":"Feature","properties":{},"geometry":{"type":"LineString","coordinates":[[5670920.184793383,6430116.013949014],[5671007.964413135,6429878.918746364]]}},{"type":"Feature","properties":{},"geometry":{"type":"LineString","coordinates":[[5670938.94062946,6430122.957911357],[5671026.720249212,6429885.862708707]]}},{"type":"Feature","properties":{},"geometry":{"type":"LineString","coordinates":[[5670849.625898183,6429946.650437116],[5671102.413756738,6430036.37834706]]}},{"type":"Feature","properties":{},"geometry":{"type":"LineString","coordinates":[[5670842.935781381,6429965.49831066],[5671095.723639936,6430055.226220604]]}},{"type":"Feature","properties":{},"geometry":{"type":"LineString","coordinates":[[5670577.733969774,6429850.141472617],[5670830.776306771,6429939.95971055]]}},{"type":"Feature","properties":{},"geometry":{"type":"LineString","coordinates":[[5670571.043852972,6429868.9893461615],[5670824.0861899685,6429958.807584094]]}},{"type":"Feature","properties":{},"geometry":{"type":"LineString","coordinates":[[5670647.642351957,6430019.550148509],[5670735.515727045,6429782.201710083]]}},{"type":"Feature","properties":{},"geometry":{"type":"LineString","coordinates":[[5670666.398188034,6430026.4941108525],[5670754.271563122,6429789.145672426]]}},{"type":"Feature","properties":{},"geometry":{"type":"LineString","coordinates":[[5670552.91813696,6430275.402896716],[5670640.697756713,6430038.307694065]]}},{"type":"Feature","properties":{},"geometry":{"type":"LineString","coordinates":[[5670571.673973037,6430282.346859059],[5670659.45359279,6430045.251656408]]}},{"type":"Feature","properties":{},"geometry":{"type":"LineString","coordinates":[[5670483.217355551,6430106.2111667],[5670736.005214107,6430195.939076645]]}},{"type":"Feature","properties":{},"geometry":{"type":"LineString","coordinates":[[5670476.527238749,6430125.059040245],[5670729.315097305,6430214.78695019]]}},{"type":"Feature","properties":{},"geometry":{"type":"LineString","coordinates":[[5670035.475477908,6430092.8998506935],[5670117.916033108,6429855.927011835]]}},{"type":"Feature","properties":{},"geometry":{"type":"LineString","coordinates":[[5670054.365037369,6430099.471345455],[5670136.805592569,6429862.498506597]]}},{"type":"Feature","properties":{},"geometry":{"type":"LineString","coordinates":[[5669968.0707224,6429926.106419429],[5670210.781843719,6430010.402375868]]}},{"type":"Feature","properties":{},"geometry":{"type":"LineString","coordinates":[[5669961.509011681,6429944.999379823],[5670204.220133,6430029.295336261]]}},{"type":"Feature","properties":{},"geometry":{"type":"LineString","coordinates":[[5670229.674806648,6430016.964087467],[5670472.39571289,6430101.263442304]]}},{"type":"Feature","properties":{},"geometry":{"type":"LineString","coordinates":[[5670223.113095929,6430035.8570478605],[5670465.834002171,6430120.156402698]]}},{"type":"Feature","properties":{},"geometry":{"type":"LineString","coordinates":[[5670297.0810511485,6430183.769001094],[5670379.5250098165,6429946.786379073]]}},{"type":"Feature","properties":{},"geometry":{"type":"LineString","coordinates":[[5670315.970610609,6430190.340495856],[5670398.414569277,6429953.357873835]]}},{"type":"Feature","properties":{},"geometry":{"type":"LineString","coordinates":[[5670386.09650546,6429927.896817079],[5670468.537060659,6429690.92397822]]}},{"type":"Feature","properties":{},"geometry":{"type":"LineString","coordinates":[[5670404.986064921,6429934.468311841],[5670487.42662012,6429697.495472982]]}},{"type":"Feature","properties":{},"geometry":{"type":"LineString","coordinates":[[5670318.686857491,6429761.101686614],[5670561.397978809,6429845.397643052]]}},{"type":"Feature","properties":{},"geometry":{"type":"LineString","coordinates":[[5670312.125146772,6429779.994647007],[5670554.83626809,6429864.290603446]]}},{"type":"Feature","properties":{},"geometry":{"type":"LineString","coordinates":[[5670057.072988319,6429670.240620177],[5670299.793894563,6429754.539975015]]}},{"type":"Feature","properties":{},"geometry":{"type":"LineString","coordinates":[[5670050.5112776,6429689.133580571],[5670293.232183844,6429773.432935409]]}},{"type":"Feature","properties":{},"geometry":{"type":"LineString","coordinates":[[5670124.487528752,6429837.037449841],[5670206.931487419,6429600.05482782]]}},{"type":"Feature","properties":{},"geometry":{"type":"LineString","coordinates":[[5670143.377088212,6429843.608944603],[5670225.8210468795,6429606.626322581]]}},{"type":"Feature","properties":{},"geometry":{"type":"LineString","coordinates":[[5669724.543210974,6429837.97508145],[5669955.566052126,6429917.888337692]]}},{"type":"Feature","properties":{},"geometry":{"type":"LineString","coordinates":[[5669718.005105043,6429856.876223502],[5669949.027946195,6429936.789479744]]}},{"type":"Feature","properties":{},"geometry":{"type":"LineString","coordinates":[[5669786.328920577,6430001.573128121],[5669868.359816324,6429766.599452735]]}},{"type":"Feature","properties":{},"geometry":{"type":"LineString","coordinates":[[5669805.211340845,6430008.165108461],[5669887.242236592,6429773.191433075]]}},{"type":"Feature","properties":{},"geometry":{"type":"LineString","coordinates":[[5669874.951823468,6429747.716955686],[5669956.963920577,6429512.797128122]]}},{"type":"Feature","properties":{},"geometry":{"type":"LineString","coordinates":[[5669893.834243736,6429754.308936026],[5669975.846340845,6429519.389108462]]}},{"type":"Feature","properties":{},"geometry":{"type":"LineString","coordinates":[[5669813.1567145465,6429584.145832927],[5670044.125654485,6429664.040444166]]}},{"type":"Feature","properties":{},"geometry":{"type":"LineString","coordinates":[[5669806.618608615,6429603.046974978],[5670037.587548554,6429682.941586218]]}},{"type":"Feature","properties":{},"geometry":{"type":"LineString","coordinates":[[5669563.232654486,6429497.694444167],[5669794.2554956395,6429577.60770041]]}},{"type":"Feature","properties":{},"geometry":{"type":"LineString","coordinates":[[5669556.694548555,6429516.595586219],[5669787.717389708,6429596.508842462]]}},{"type":"Feature","properties":{},"geometry":{"type":"LineString","coordinates":[[5669625.027763409,6429661.265566926],[5669707.058659156,6429426.291891539]]}},{"type":"Feature","properties":{},"geometry":{"type":"LineString","coordinates":[[5669643.9101836765,6429667.857547266],[5669725.941079424,6429432.8838718785]]}},{"type":"Feature","properties":{},"geometry":{"type":"LineString","coordinates":[[5669536.423659155,6429915.067891537],[5669618.435756264,6429680.148063974]]}},{"type":"Feature","properties":{},"geometry":{"type":"LineString","coordinates":[[5669555.306079423,6429921.659871877],[5669637.318176532,6429686.740044314]]}},{"type":"Feature","properties":{},"geometry":{"type":"LineString","coordinates":[[5669474.673052127,6429751.542337693],[5669705.641992068,6429831.436948934]]}},{"type":"Feature","properties":{},"geometry":{"type":"LineString","coordinates":[[5669468.134946195,6429770.443479745],[5669699.103886137,6429850.338090985]]}},{"type":"Feature","properties":{},"geometry":{"type":"LineString","coordinates":[[5669218.0519345105,6429660.226142367],[5669460.974035833,6429745.036847456]]}},{"type":"Feature","properties":{},"geometry":{"type":"LineString","coordinates":[[5669211.459610501,6429679.108442655],[5669454.381711824,6429763.919147744]]}},{"type":"Feature","properties":{},"geometry":{"type":"LineString","coordinates":[[5669284.404446531,6429826.593362326],[5669369.041374866,6429590.739667413]]}},{"type":"Feature","properties":{},"geometry":{"type":"LineString","coordinates":[[5669303.229063207,6429833.34864226],[5669387.865991542,6429597.494947347]]}},{"type":"Feature","properties":{},"geometry":{"type":"LineString","coordinates":[[5669309.444395115,6429405.5471276045],[5669552.203288177,6429490.300852256]]}},{"type":"Feature","properties":{},"geometry":{"type":"LineString","coordinates":[[5669302.8520711055,6429424.429427892],[5669545.610964168,6429509.183152543]]}},{"type":"Feature","properties":{},"geometry":{"type":"LineString","coordinates":[[5669375.796907135,6429571.914347563],[5669460.37544653,6429336.223362326]]}},{"type":"Feature","properties":{},"geometry":{"type":"LineString","coordinates":[[5669394.6215238115,6429578.669627497],[5669479.200063206,6429342.97864226]]}},{"type":"Feature","properties":{},"geometry":{"type":"LineString","coordinates":[[5669114.073404328,6429480.539562433],[5669198.710332662,6429244.685867521]]}},{"type":"Feature","properties":{},"geometry":{"type":"LineString","coordinates":[[5669132.898021004,6429487.294842367],[5669217.534949338,6429251.441147455]]}},{"type":"Feature","properties":{},"geometry":{"type":"LineString","coordinates":[[5669047.639288176,6429314.143852256],[5669290.561389499,6429398.954557345]]}},{"type":"Feature","properties":{},"geometry":{"type":"LineString","coordinates":[[5669041.046964167,6429333.026152544],[5669283.96906549,6429417.836857633]]}},{"type":"Feature","properties":{},"geometry":{"type":"LineString","coordinates":[[5668854.601929841,6429389.001966433],[5668936.256565119,6429152.039215974]]}},{"type":"Feature","properties":{},"geometry":{"type":"LineString","coordinates":[[5668873.510782373,6429395.517739288],[5668955.165417652,6429158.5549888285]]}},{"type":"Feature","properties":{},"geometry":{"type":"LineString","coordinates":[[5668785.157029853,6429221.126830491],[5669031.238160091,6429307.560262439]]}},{"type":"Feature","properties":{},"geometry":{"type":"LineString","coordinates":[[5668778.529187401,6429239.996692822],[5669024.610317639,6429326.43012477]]}},{"type":"Feature","properties":{},"geometry":{"type":"LineString","coordinates":[[5668589.65060516,6429295.940575384],[5668671.266582348,6429059.090011172]]}},{"type":"Feature","properties":{},"geometry":{"type":"LineString","coordinates":[[5668608.559457692,6429302.4563482385],[5668690.175434881,6429065.605784027]]}},{"type":"Feature","properties":{},"geometry":{"type":"LineString","coordinates":[[5668520.317660092,6429128.10476244],[5668766.286835411,6429214.498871389]]}},{"type":"Feature","properties":{},"geometry":{"type":"LineString","coordinates":[[5668513.68981764,6429146.974624771],[5668759.658992958,6429233.36873372]]}},{"type":"Feature","properties":{},"geometry":{"type":"LineString","coordinates":[[5669697.381054679,6430254.793730874],[5669781.613244395,6430018.490851519]]}},{"type":"Feature","properties":{},"geometry":{"type":"LineString","coordinates":[[5669716.219972553,6430261.5090248585],[5669800.452162269,6430025.206145504]]}},{"type":"Feature","properties":{},"geometry":{"type":"LineString","coordinates":[[5669630.022074318,6430108.758213512],[5669861.207795556,6430190.027319351]]}},{"type":"Feature","properties":{},"geometry":{"type":"LineString","coordinates":[[5669636.654822787,6430089.890075085],[5669867.840544025,6430171.159180924]]}},{"type":"Feature","properties":{},"geometry":{"type":"LineString","coordinates":[[5669447.327014171,6430166.891812993],[5669531.588605283,6429930.506451695]]}},{"type":"Feature","properties":{},"geometry":{"type":"LineString","coordinates":[[5669466.165932044,6430173.607106978],[5669550.427523157,6429937.22174568]]}},{"type":"Feature","properties":{},"geometry":{"type":"LineString","coordinates":[[5669386.518172401,6430001.959117214],[5669617.786503517,6430083.257263043]]}},{"type":"Feature","properties":{},"geometry":{"type":"LineString","coordinates":[[5669379.885423931,6430020.827255641],[5669611.153755047,6430102.12540147]]}},{"type":"Feature","properties":{},"geometry":{"type":"LineString","coordinates":[[5669130.461692426,6429906.380068075],[5669374.360869069,6429989.998058901]]}},{"type":"Feature","properties":{},"geometry":{"type":"LineString","coordinates":[[5669123.975524116,6429925.29909608],[5669367.874700759,6430008.917086906]]}},{"type":"Feature","properties":{},"geometry":{"type":"LineString","coordinates":[[5669198.877179229,6430073.143406288],[5669280.546233316,6429835.649967999]]}},{"type":"Feature","properties":{},"geometry":{"type":"LineString","coordinates":[[5669217.790159869,6430079.647186982],[5669299.459213956,6429842.153748694]]}},{"type":"Feature","properties":{},"geometry":{"type":"LineString","coordinates":[[5669042.607256673,6430161.860583295],[5669286.524048518,6430245.484613289]]}},{"type":"Feature","properties":{},"geometry":{"type":"LineString","coordinates":[[5669036.121088363,6430180.7796113],[5669280.037880208,6430264.403641294]]}},{"type":"Feature","properties":{},"geometry":{"type":"LineString","coordinates":[[5669130.254125962,6430334.201790298],[5669211.286376355,6430098.560175819]]}},{"type":"Feature","properties":{},"geometry":{"type":"LineString","coordinates":[[5669111.341145322,6430327.698009604],[5669192.373395715,6430092.056395125]]}},{"type":"Feature","properties":{},"geometry":{"type":"LineString","coordinates":[[5668779.49033973,6430071.654014129],[5669023.688220467,6430155.374412174]]}},{"type":"Feature","properties":{},"geometry":{"type":"LineString","coordinates":[[5668773.00417142,6430090.573042134],[5669017.202052157,6430174.293440179]]}},{"type":"Feature","properties":{},"geometry":{"type":"LineString","coordinates":[[5670383.732686782,6430349.734688451],[5670132.507154314,6430259.696555035]]}},{"type":"Feature","properties":{},"geometry":{"type":"LineString","coordinates":[[5670376.985044707,6430368.562044251],[5670125.759512238,6430278.523910835]]}},{"type":"Feature","properties":{},"geometry":{"type":"LineString","coordinates":[[5670203.649746914,6430430.280411376],[5670286.957836327,6430191.392499876]]}},{"type":"Feature","properties":{},"geometry":{"type":"LineString","coordinates":[[5670222.534362693,6430436.866099408],[5670305.842452106,6430197.978187908]]}},{"type":"Feature","properties":{},"geometry":{"type":"LineString","coordinates":[[5670118.457479364,6430689.7387229055],[5670201.765568777,6430450.850811406]]}},{"type":"Feature","properties":{},"geometry":{"type":"LineString","coordinates":[[5670137.342095143,6430696.324410938],[5670220.650184556,6430457.436499438]]}},{"type":"Feature","properties":{},"geometry":{"type":"LineString","coordinates":[[5670293.676955294,6430607.44995575],[5670050.554232644,6430520.315833978]]}},{"type":"Feature","properties":{},"geometry":{"type":"LineString","coordinates":[[5670286.929313218,6430626.27731155],[5670043.806590568,6430539.143189779]]}},{"type":"Feature","properties":{},"geometry":{"type":"LineString","coordinates":[[5669855.607569196,6430595.716939071],[5669941.51414236,6430349.377814124]]}},{"type":"Feature","properties":{},"geometry":{"type":"LineString","coordinates":[[5669874.492184975,6430602.302627103],[5669960.3987581385,6430355.963502157]]}},{"type":"Feature","properties":{},"geometry":{"type":"LineString","coordinates":[[5669874.492184975,6430602.302627103],[5669960.3987581385,6430355.963502157]]}},{"type":"Feature","properties":{},"geometry":{"type":"LineString","coordinates":[[5670031.695669666,6430513.557007387],[5669788.572947016,6430426.422885615]]}},{"type":"Feature","properties":{},"geometry":{"type":"LineString","coordinates":[[5670024.94802759,6430532.3843631875],[5669781.82530494,6430445.250241416]]}},{"type":"Feature","properties":{},"geometry":{"type":"LineString","coordinates":[[5669356.379466106,6430422.033790786],[5669440.611655821,6430185.73091143]]}},{"type":"Feature","properties":{},"geometry":{"type":"LineString","coordinates":[[5669375.218383982,6430428.749084771],[5669459.450573697,6430192.446205415]]}},{"type":"Feature","properties":{},"geometry":{"type":"LineString","coordinates":[[5669295.62383282,6430257.212616938],[5669526.809554057,6430338.481722777]]}},{"type":"Feature","properties":{},"geometry":{"type":"LineString","coordinates":[[5669288.99108435,6430276.080755365],[5669520.1768055875,6430357.349861204]]}},{"type":"Feature","properties":{},"geometry":{"type":"LineString","coordinates":[[5669606.404105218,6430510.018190609],[5669690.665696329,6430273.63282931]]}},{"type":"Feature","properties":{},"geometry":{"type":"LineString","coordinates":[[5669625.243023094,6430516.733484594],[5669709.504614205,6430280.348123295]]}},{"type":"Feature","properties":{},"geometry":{"type":"LineString","coordinates":[[5669545.677873326,6430345.1145348195],[5669776.946204444,6430426.412680648]]}},{"type":"Feature","properties":{},"geometry":{"type":"LineString","coordinates":[[5669539.045124857,6430363.982673246],[5669770.313455975,6430445.280819075]]}},{"type":"Feature","properties":{},"geometry":{"type":"LineString","coordinates":[[5669349.475258722,6430434.637086927],[5669261.997435168,6430671.792810122]]}},{"type":"Feature","properties":{},"geometry":{"type":"LineString","coordinates":[[5669368.2394333435,6430441.558484963],[5669280.76160979,6430678.714208158]]}},{"type":"Feature","properties":{},"geometry":{"type":"LineString","coordinates":[[5669204.706245605,6430506.419491699],[5669432.091665924,6430588.209298921]]}},{"type":"Feature","properties":{},"geometry":{"type":"LineString","coordinates":[[5669197.936907971,6430525.239057794],[5669425.32232829,6430607.028865016]]}},{"type":"Feature","properties":{},"geometry":{"type":"LineString","coordinates":[[5669450.911848159,6430594.978858177],[5669687.154245606,6430679.954491699]]}},{"type":"Feature","properties":{},"geometry":{"type":"LineString","coordinates":[[5669444.142510525,6430613.798424272],[5669680.384907972,6430698.774057794]]}},{"type":"Feature","properties":{},"geometry":{"type":"LineString","coordinates":[[5669599.977198725,6430524.907956401],[5669512.555382785,6430761.911840813]]}},{"type":"Feature","properties":{},"geometry":{"type":"LineString","coordinates":[[5669618.741373346,6430531.829354437],[5669531.319557407,6430768.833238849]]}},{"type":"Feature","properties":{},"geometry":{"type":"LineString","coordinates":[[5669356.484599076,6430850.974739596],[5669592.879283527,6430936.005150264]]}},{"type":"Feature","properties":{},"geometry":{"type":"LineString","coordinates":[[5669349.715261443,6430869.7943056915],[5669586.109945893,6430954.824716359]]}},{"type":"Feature","properties":{},"geometry":{"type":"LineString","coordinates":[[5669505.633758146,6430780.676629764],[5669418.044325199,6431018.134930289]]}},{"type":"Feature","properties":{},"geometry":{"type":"LineString","coordinates":[[5669524.397932768,6430787.5980278],[5669436.8084998205,6431025.0563283255]]}},{"type":"Feature","properties":{},"geometry":{"type":"LineString","coordinates":[[5669255.075810529,6430690.557599068],[5669167.542385196,6430927.864060815]]}},{"type":"Feature","properties":{},"geometry":{"type":"LineString","coordinates":[[5669273.839985151,6430697.478997104],[5669186.306559818,6430934.785458852]]}},{"type":"Feature","properties":{},"geometry":{"type":"LineString","coordinates":[[5669110.431283526,6430762.470150264],[5669337.664416841,6430844.2051803395]]}},{"type":"Feature","properties":{},"geometry":{"type":"LineString","coordinates":[[5669103.6619458925,6430781.289716359],[5669330.895079208,6430863.024746435]]}},{"type":"Feature","properties":{},"geometry":{"type":"LineString","coordinates":[[5668565.643071954,6431028.115286783],[5668636.929138899,6430833.11952256]]}},{"type":"Feature","properties":{},"geometry":{"type":"LineString","coordinates":[[5668584.42720214,6431034.982342421],[5668655.713269085,6430839.986578198]]}},{"type":"Feature","properties":{},"geometry":{"type":"LineString","coordinates":[[5668494.416251558,6430880.072875995],[5668733.951845714,6430969.17788062]]}},{"type":"Feature","properties":{},"geometry":{"type":"LineString","coordinates":[[5668487.443262736,6430898.817940062],[5668726.978856892,6430987.922944686]]}},{"type":"Feature","properties":{},"geometry":{"type":"LineString","coordinates":[[5668752.697208487,6430976.150980557],[5668992.329247305,6431065.291861695]]}},{"type":"Feature","properties":{},"geometry":{"type":"LineString","coordinates":[[5668745.724219666,6430994.896044624],[5668985.356258484,6431084.036925762]]}},{"type":"Feature","properties":{},"geometry":{"type":"LineString","coordinates":[[5668823.972251214,6431124.211329602],[5668895.29708557,6430929.109521079]]}},{"type":"Feature","properties":{},"geometry":{"type":"LineString","coordinates":[[5668842.7563814,6431131.0783852395],[5668914.081215756,6430935.976576717]]}},{"type":"Feature","properties":{},"geometry":{"type":"LineString","coordinates":[[5668674.668173041,6431189.591447265],[5668914.194388103,6431278.692962954]]}},{"type":"Feature","properties":{},"geometry":{"type":"LineString","coordinates":[[5668667.69518422,6431208.336511332],[5668907.221399281,6431297.438027021]]}},{"type":"Feature","properties":{},"geometry":{"type":"LineString","coordinates":[[5668746.106179742,6431337.206024979],[5668817.105086149,6431142.995759117]]}},{"type":"Feature","properties":{},"geometry":{"type":"LineString","coordinates":[[5668764.890309928,6431344.073080617],[5668835.889216335,6431149.862814755]]}},{"type":"Feature","properties":{},"geometry":{"type":"LineString","coordinates":[[5668487.738233071,6431241.216026461],[5668558.775906888,6431046.899716299]]}},{"type":"Feature","properties":{},"geometry":{"type":"LineString","coordinates":[[5668506.522363257,6431248.0830820985],[5668577.560037074,6431053.766771937]]}},{"type":"Feature","properties":{},"geometry":{"type":"LineString","coordinates":[[5668416.281392355,6431093.473977254],[5668655.922810267,6431182.618347327]]}},{"type":"Feature","properties":{},"geometry":{"type":"LineString","coordinates":[[5668409.308403534,6431112.2190413205],[5668648.949821445,6431201.363411394]]}},{"type":"Feature","properties":{},"geometry":{"type":"LineString","coordinates":[[5668168.853202501,6430993.479181944],[5668400.595906584,6431081.930157562]]}},{"type":"Feature","properties":{},"geometry":{"type":"LineString","coordinates":[[5668161.721465478,6431012.164425508],[5668393.46416956,6431100.6154011255]]}},{"type":"Feature","properties":{},"geometry":{"type":"LineString","coordinates":[[5668238.8458604105,6431138.84318342],[5668305.128328431,6430948.869125541]]}},{"type":"Feature","properties":{},"geometry":{"type":"LineString","coordinates":[[5668257.729479207,6431145.431729629],[5668324.011947228,6430955.45767175]]}},{"type":"Feature","properties":{},"geometry":{"type":"LineString","coordinates":[[5668058.918187432,6430833.488987679],[5668125.200655454,6430643.5149298]]}},{"type":"Feature","properties":{},"geometry":{"type":"LineString","coordinates":[[5668077.801806228,6430840.077533888],[5668144.08427425,6430650.103476009]]}},{"type":"Feature","properties":{},"geometry":{"type":"LineString","coordinates":[[5667917.877005372,6430897.687214811],[5668150.16014503,6430986.344462527]]}},{"type":"Feature","properties":{},"geometry":{"type":"LineString","coordinates":[[5667910.745268349,6430916.372458375],[5668143.028408007,6431005.029706091]]}},{"type":"Feature","properties":{},"geometry":{"type":"LineString","coordinates":[[5667985.853856638,6431042.900734427],[5668052.326885984,6430852.380503341]]}},{"type":"Feature","properties":{},"geometry":{"type":"LineString","coordinates":[[5668004.737475434,6431049.489280636],[5668071.2105047805,6430858.96904955]]}},{"type":"Feature","properties":{},"geometry":{"type":"LineString","coordinates":[[5668501.48100183,6430397.169639517],[5668582.227866323,6430165.545475841]]}},{"type":"Feature","properties":{},"geometry":{"type":"LineString","coordinates":[[5668520.366330275,6430403.753283609],[5668601.113194768,6430172.129119933]]}},{"type":"Feature","properties":{},"geometry":{"type":"LineString","coordinates":[[5668434.960264351,6430231.754341287],[5668674.461874566,6430318.746035155]]}},{"type":"Feature","properties":{},"geometry":{"type":"LineString","coordinates":[[5668428.132322032,6430250.552724293],[5668667.633932247,6430337.544418162]]}},{"type":"Feature","properties":{},"geometry":{"type":"LineString","coordinates":[[5668176.902435781,6430138.022664061],[5668416.160301179,6430224.92582502]]}},{"type":"Feature","properties":{},"geometry":{"type":"LineString","coordinates":[[5668170.074493462,6430156.821047068],[5668409.3323588595,6430243.724208027]]}},{"type":"Feature","properties":{},"geometry":{"type":"LineString","coordinates":[[5668243.301300852,6430303.393695836],[5668323.962800071,6430072.014404334]]}},{"type":"Feature","properties":{},"geometry":{"type":"LineString","coordinates":[[5668262.186629297,6430309.977339928],[5668342.848128516,6430078.598048426]]}},{"type":"Feature","properties":{},"geometry":{"type":"LineString","coordinates":[[5668089.370311607,6430388.322774657],[5668328.871921821,6430475.314468525]]}},{"type":"Feature","properties":{},"geometry":{"type":"LineString","coordinates":[[5668082.542369287,6430407.121157664],[5668322.043979501,6430494.112851532]]}},{"type":"Feature","properties":{},"geometry":{"type":"LineString","coordinates":[[5668155.970238855,6430553.904775428],[5668236.717103349,6430322.280611751]]}},{"type":"Feature","properties":{},"geometry":{"type":"LineString","coordinates":[[5668174.855567301,6430560.48841952],[5668255.602431795,6430328.864255843]]}},{"type":"Feature","properties":{},"geometry":{"type":"LineString","coordinates":[[5668347.671884992,6430482.142984791],[5668586.929750391,6430569.046145751]]}},{"type":"Feature","properties":{},"geometry":{"type":"LineString","coordinates":[[5668340.843942673,6430500.941367798],[5668580.101808072,6430587.844528758]]}},{"type":"Feature","properties":{},"geometry":{"type":"LineString","coordinates":[[5668414.235305107,6430647.435846934],[5668494.896804325,6430416.05655543]]}},{"type":"Feature","properties":{},"geometry":{"type":"LineString","coordinates":[[5668433.120633553,6430654.019491026],[5668513.782132771,6430422.6401995225]]}},{"type":"Feature","properties":{},"geometry":{"type":"LineString","coordinates":[[5668311.719629879,6430929.977609878],[5668378.192659226,6430739.457378793]]}},{"type":"Feature","properties":{},"geometry":{"type":"LineString","coordinates":[[5668330.603248675,6430936.566156087],[5668397.0762780225,6430746.045925002]]}},{"type":"Feature","properties":{},"geometry":{"type":"LineString","coordinates":[[5668241.822252633,6430784.3405218],[5668474.105392292,6430872.997769517]]}},{"type":"Feature","properties":{},"geometry":{"type":"LineString","coordinates":[[5668234.690515609,6430803.025765364],[5668466.973655269,6430891.683013081]]}},{"type":"Feature","properties":{},"geometry":{"type":"LineString","coordinates":[[5667984.254754057,6430707.44007033],[5668215.997458139,6430795.891045948]]}},{"type":"Feature","properties":{},"geometry":{"type":"LineString","coordinates":[[5667991.386491081,6430688.754826766],[5668223.129195163,6430777.205802384]]}},{"type":"Feature","properties":{},"geometry":{"type":"LineString","coordinates":[[5667458.27565226,6430617.251052772],[5667686.226118546,6430698.335453612]]}},{"type":"Feature","properties":{},"geometry":{"type":"LineString","coordinates":[[5667451.572865028,6430636.094424109],[5667679.428067526,6430717.14493861]]}},{"type":"Feature","properties":{},"geometry":{"type":"LineString","coordinates":[[5667755.486184928,6430506.700207606],[5667686.226118545,6430698.335453612]]}},{"type":"Feature","properties":{},"geometry":{"type":"LineString","coordinates":[[5667774.295429555,6430513.498171752],[5667705.069730687,6430705.0383265]]}},{"type":"Feature","properties":{},"geometry":{"type":"LineString","coordinates":[[5667642.581209477,6430086.09499859],[5667875.061093986,6430170.034152802]]}},{"type":"Feature","properties":{},"geometry":{"type":"LineString","coordinates":[[5667635.789173121,6430104.90638456],[5667868.422010484,6430188.90076391]]}},{"type":"Feature","properties":{},"geometry":{"type":"LineString","coordinates":[[5667788.353197552,6430416.436259547],[5667868.422010483,6430188.90076391]]}},{"type":"Feature","properties":{},"geometry":{"type":"LineString","coordinates":[[5667807.219185045,6430423.0751236025],[5667887.234018264,6430195.693024776]]}},{"type":"Feature","properties":{},"geometry":{"type":"LineString","coordinates":[[5668956.410035832,6429568.879847457],[5669199.168928894,6429653.633572108]]}},{"type":"Feature","properties":{},"geometry":{"type":"LineString","coordinates":[[5668949.817711823,6429587.762147744],[5669192.576604885,6429672.515872396]]}},{"type":"Feature","properties":{},"geometry":{"type":"LineString","coordinates":[[5668867.32716028,6429816.167459741],[5669111.5426562205,6429899.893896954]]}},{"type":"Feature","properties":{},"geometry":{"type":"LineString","coordinates":[[5668860.84099197,6429835.086487746],[5669105.05648791,6429918.812924959]]}},{"type":"Feature","properties":{},"geometry":{"type":"LineString","coordinates":[[5668609.0641535325,6429728.822367046],[5668851.741740881,6429814.090633241]]}},{"type":"Feature","properties":{},"geometry":{"type":"LineString","coordinates":[[5668602.434214379,6429747.691492803],[5668845.111801728,6429832.959758999]]}},{"type":"Feature","properties":{},"geometry":{"type":"LineString","coordinates":[[5668501.480082349,6429551.812511172],[5668583.1347176265,6429314.849760712]]}},{"type":"Feature","properties":{},"geometry":{"type":"LineString","coordinates":[[5668520.388934881,6429558.328284027],[5668602.043570159,6429321.365533567]]}},{"type":"Feature","properties":{},"geometry":{"type":"LineString","coordinates":[[5668432.054511406,6429383.881282106],[5668678.135641644,6429470.314714053]]}},{"type":"Feature","properties":{},"geometry":{"type":"LineString","coordinates":[[5668425.426668954,6429402.751144437],[5668671.507799191,6429489.184576384]]}},{"type":"Feature","properties":{},"geometry":{"type":"LineString","coordinates":[[5668697.005836086,6429476.942673155],[5668942.975011406,6429563.336782105]]}},{"type":"Feature","properties":{},"geometry":{"type":"LineString","coordinates":[[5668690.377993634,6429495.812535486],[5668936.347168953,6429582.206644436]]}},{"type":"Feature","properties":{},"geometry":{"type":"LineString","coordinates":[[5668766.47006512,6429644.761715974],[5668848.086042308,6429407.911151761]]}},{"type":"Feature","properties":{},"geometry":{"type":"LineString","coordinates":[[5668785.378917652,6429651.277488829],[5668866.994894841,6429414.426924616]]}},{"type":"Feature","properties":{},"geometry":{"type":"LineString","coordinates":[[5668867.28380903,6430244.025795584],[5668948.310003859,6430008.4017906785]]}},{"type":"Feature","properties":{},"geometry":{"type":"LineString","coordinates":[[5668848.37082839,6430237.522014889],[5668929.397023219,6430001.898009984]]}},{"type":"Feature","properties":{},"geometry":{"type":"LineString","coordinates":[[5668935.900806732,6429982.985021148],[5669017.575916384,6429745.473973285]]}},{"type":"Feature","properties":{},"geometry":{"type":"LineString","coordinates":[[5668954.813787372,6429989.488801841],[5669036.488897025,6429751.977753978]]}},{"type":"Feature","properties":{},"geometry":{"type":"LineString","coordinates":[[5668775.792670647,6429665.2544489745],[5668693.7980671935,6429902.039930977]]}},{"type":"Feature","properties":{},"geometry":{"type":"LineString","coordinates":[[5668794.691642011,6429671.798826821],[5668712.697038557,6429908.584308824]]}},{"type":"Feature","properties":{},"geometry":{"type":"LineString","coordinates":[[5668687.253622172,6429920.93909633],[5668605.288670646,6430157.638948974]]}},{"type":"Feature","properties":{},"geometry":{"type":"LineString","coordinates":[[5668706.152593536,6429927.483474176],[5668624.18764201,6430164.183326821]]}},{"type":"Feature","properties":{},"geometry":{"type":"LineString","coordinates":[[5668520.539931022,6429984.464199722],[5668763.132024237,6430069.702426322]]}},{"type":"Feature","properties":{},"geometry":{"type":"LineString","coordinates":[[5668513.909991868,6430003.333325479],[5668756.502085083,6430088.571552079]]}},{"type":"Feature","properties":{},"geometry":{"type":"LineString","coordinates":[[5668258.993024237,6429892.565926322],[5668501.670611584,6429977.834192516]]}},{"type":"Feature","properties":{},"geometry":{"type":"LineString","coordinates":[[5668252.363085084,6429911.435052079],[5668495.04067243,6429996.703318274]]}},{"type":"Feature","properties":{},"geometry":{"type":"LineString","coordinates":[[5668408.592585483,6429823.027526851],[5668326.597982029,6430059.813008853]]}},{"type":"Feature","properties":{},"geometry":{"type":"LineString","coordinates":[[5668427.491556847,6429829.571904697],[5668345.496953393,6430066.3573867]]}},{"type":"Feature","properties":{},"geometry":{"type":"LineString","coordinates":[[5668347.602740882,6429636.954133241],[5668590.1948340945,6429722.192359841]]}},{"type":"Feature","properties":{},"geometry":{"type":"LineString","coordinates":[[5668340.972801728,6429655.823258999],[5668583.564894941,6429741.061485599]]}},{"type":"Feature","properties":{},"geometry":{"type":"LineString","coordinates":[[5668497.10198203,6429567.428508854],[5668415.137030502,6429804.128361497]]}},{"type":"Feature","properties":{},"geometry":{"type":"LineString","coordinates":[[5668516.000953394,6429573.9728867],[5668434.036001866,6429810.672739344]]}},{"type":"Feature","properties":{},"geometry":{"type":"LineString","coordinates":[[5667854.536674776,6429462.084914118],[5668085.123386031,6429544.310338049]]}},{"type":"Feature","properties":{},"geometry":{"type":"LineString","coordinates":[[5667847.819147437,6429480.923035745],[5668078.405858692,6429563.148459676]]}},{"type":"Feature","properties":{},"geometry":{"type":"LineString","coordinates":[[5667917.08159276,6429627.239625017],[5667996.473412054,6429391.814296377]]}},{"type":"Feature","properties":{},"geometry":{"type":"LineString","coordinates":[[5667936.033004326,6429633.630556065],[5668015.424823619,6429398.205227424]]}},{"type":"Feature","properties":{},"geometry":{"type":"LineString","coordinates":[[5668103.964322017,6429551.028868966],[5668334.876674776,6429633.370414118]]}},{"type":"Feature","properties":{},"geometry":{"type":"LineString","coordinates":[[5668097.246794677,6429569.866990592],[5668328.159147437,6429652.208535745]]}},{"type":"Feature","properties":{},"geometry":{"type":"LineString","coordinates":[[5668166.834881507,6429716.299701087],[5668246.33717638,6429480.546772577]]}},{"type":"Feature","properties":{},"geometry":{"type":"LineString","coordinates":[[5668185.786293073,6429722.690632135],[5668265.2885879455,6429486.937703624]]}},{"type":"Feature","properties":{},"geometry":{"type":"LineString","coordinates":[[5668018.1253790995,6429805.57224039],[5668248.7120903535,6429887.79766432]]}},{"type":"Feature","properties":{},"geometry":{"type":"LineString","coordinates":[[5668011.40785176,6429824.410362016],[5668241.994563014,6429906.635785947]]}},{"type":"Feature","properties":{},"geometry":{"type":"LineString","coordinates":[[5668100.002587946,6429977.070203625],[5668179.394407239,6429741.6448749835]]}},{"type":"Feature","properties":{},"geometry":{"type":"LineString","coordinates":[[5668081.05117638,6429970.679272577],[5668160.442995673,6429735.253943936]]}},{"type":"Feature","properties":{},"geometry":{"type":"LineString","coordinates":[[5667768.372090354,6429716.51216432],[5667999.284443112,6429798.853709472]]}},{"type":"Feature","properties":{},"geometry":{"type":"LineString","coordinates":[[5667761.654563014,6429735.350285946],[5667992.566915773,6429817.691831099]]}},{"type":"Feature","properties":{},"geometry":{"type":"LineString","coordinates":[[5667831.187412054,6429881.946796377],[5667910.689706926,6429646.193867866]]}},{"type":"Feature","properties":{},"geometry":{"type":"LineString","coordinates":[[5667850.13882362,6429888.337727425],[5667929.641118492,6429652.584798913]]}},{"type":"Feature","properties":{},"geometry":{"type":"LineString","coordinates":[[5667742.679098134,6429303.465702108],[5667660.547873059,6429536.277753561]]}},{"type":"Feature","properties":{},"geometry":{"type":"LineString","coordinates":[[5667761.539864025,6429310.119386052],[5667679.40863895,6429542.9314375045]]}},{"type":"Feature","properties":{},"geometry":{"type":"LineString","coordinates":[[5667602.159587203,6429375.26129099],[5667826.419783469,6429452.2186952075]]}},{"type":"Feature","properties":{},"geometry":{"type":"LineString","coordinates":[[5667595.667953616,6429394.178444406],[5667819.928149883,6429471.135848624]]}},{"type":"Feature","properties":{},"geometry":{"type":"LineString","coordinates":[[5667358.8192461245,6429291.756320857],[5667583.2417376125,6429368.769418503]]}},{"type":"Feature","properties":{},"geometry":{"type":"LineString","coordinates":[[5667352.327612538,6429310.673474274],[5667576.750104026,6429387.686571919]]}},{"type":"Feature","properties":{},"geometry":{"type":"LineString","coordinates":[[5667499.558135976,6429219.854613947],[5667417.369827202,6429452.828476856]]}},{"type":"Feature","properties":{},"geometry":{"type":"LineString","coordinates":[[5667518.418901867,6429226.50829789],[5667436.230593093,6429459.4821608]]}},{"type":"Feature","properties":{},"geometry":{"type":"LineString","coordinates":[[5667653.893944253,6429555.13921355],[5667571.705635478,6429788.113076459]]}},{"type":"Feature","properties":{},"geometry":{"type":"LineString","coordinates":[[5667672.754710144,6429561.792897494],[5667590.566401369,6429794.766760402]]}},{"type":"Feature","properties":{},"geometry":{"type":"LineString","coordinates":[[5667513.345891471,6429627.01570816],[5667737.768382957,6429704.028805804]]}},{"type":"Feature","properties":{},"geometry":{"type":"LineString","coordinates":[[5667506.854257884,6429645.932861576],[5667731.276749371,6429722.945959221]]}},{"type":"Feature","properties":{},"geometry":{"type":"LineString","coordinates":[[5667270.167845612,6429543.566431454],[5667494.42804188,6429620.523835673]]}},{"type":"Feature","properties":{},"geometry":{"type":"LineString","coordinates":[[5667263.676212026,6429562.483584871],[5667487.936408293,6429639.440989089]]}},{"type":"Feature","properties":{},"geometry":{"type":"LineString","coordinates":[[5667410.7158983955,6429471.689936846],[5667328.58467332,6429704.501988297]]}},{"type":"Feature","properties":{},"geometry":{"type":"LineString","coordinates":[[5667429.576664287,6429478.343620789],[5667347.445439211,6429711.155672241]]}},{"type":"Feature","properties":{},"geometry":{"type":"LineString","coordinates":[[5667279.628874428,6430228.247989461],[5667359.000846343,6430004.0179603]]}},{"type":"Feature","properties":{},"geometry":{"type":"LineString","coordinates":[[5667298.482551943,6430234.921732347],[5667377.791646656,6430010.86933462]]}},{"type":"Feature","properties":{},"geometry":{"type":"LineString","coordinates":[[5667610.883222148,6430074.56964871],[5667384.465685735,6429992.014820337]]}},{"type":"Feature","properties":{},"geometry":{"type":"LineString","coordinates":[[5667604.032151891,6430093.359615085],[5667377.791646655,6430010.86933462]]}},{"type":"Feature","properties":{},"geometry":{"type":"LineString","coordinates":[[5666570.948364353,6429697.289220519],[5666838.190676837,6429794.632491449]]}},{"type":"Feature","properties":{},"geometry":{"type":"LineString","coordinates":[[5666564.103303237,6429716.081376817],[5666831.638562444,6429813.531353875]]}},{"type":"Feature","properties":{},"geometry":{"type":"LineString","coordinates":[[5666755.865216731,6430032.091340788],[5666831.638562443,6429813.531353875]]}},{"type":"Feature","properties":{},"geometry":{"type":"LineString","coordinates":[[5666774.761783269,6430038.6426592115],[5666850.433001943,6429820.377246652]]}},{"type":"Feature","properties":{},"geometry":{"type":"LineString","coordinates":[[5666518.624642819,6430278.339697813],[5666586.713043528,6430074.783584631]]}},{"type":"Feature","properties":{},"geometry":{"type":"LineString","coordinates":[[5666537.591691244,6430284.684071231],[5666605.680091953,6430081.127958049]]}},{"type":"Feature","properties":{},"geometry":{"type":"LineString","coordinates":[[5666440.442488039,6430124.801685139],[5666690.701534416,6430215.871712452]]}},{"type":"Feature","properties":{},"geometry":{"type":"LineString","coordinates":[[5666433.603200354,6430143.595943409],[5666683.86224673,6430234.665970722]]}},{"type":"Feature","properties":{},"geometry":{"type":"LineString","coordinates":[[5666702.662962966,6430241.507608481],[5666953.369093209,6430332.740330972]]}},{"type":"Feature","properties":{},"geometry":{"type":"LineString","coordinates":[[5666709.502250651,6430222.71335021],[5666960.208380894,6430313.946072701]]}},{"type":"Feature","properties":{},"geometry":{"type":"LineString","coordinates":[[5666787.907947363,6430376.332710473],[5666856.162680261,6430172.279332951]]}},{"type":"Feature","properties":{},"geometry":{"type":"LineString","coordinates":[[5666806.874995789,6430382.677083891],[5666875.129728686,6430178.623706369]]}},{"type":"Feature","properties":{},"geometry":{"type":"LineString","coordinates":[[5666712.791941122,6430600.898453087],[5666781.5613939315,6430395.306276236]]}},{"type":"Feature","properties":{},"geometry":{"type":"LineString","coordinates":[[5666731.758989547,6430607.242826505],[5666800.528442357,6430401.650649654]]}},{"type":"Feature","properties":{},"geometry":{"type":"LineString","coordinates":[[5666443.342304389,6430503.402704767],[5666512.278089389,6430297.313263576]]}},{"type":"Feature","properties":{},"geometry":{"type":"LineString","coordinates":[[5666462.309352814,6430509.747078185],[5666531.245137814,6430303.657636994]]}},{"type":"Feature","properties":{},"geometry":{"type":"LineString","coordinates":[[5666365.174273596,6430348.170088425],[5666615.926054226,6430439.41942323]]}},{"type":"Feature","properties":{},"geometry":{"type":"LineString","coordinates":[[5666358.334985911,6430366.964346696],[5666609.086766541,6430458.2136815]]}},{"type":"Feature","properties":{},"geometry":{"type":"LineString","coordinates":[[5666634.7267704625,6430446.26106099],[5666884.940166451,6430537.314475988]]}},{"type":"Feature","properties":{},"geometry":{"type":"LineString","coordinates":[[5666627.887482777,6430465.055319261],[5666878.100878766,6430556.108734258]]}},{"type":"Feature","properties":{},"geometry":{"type":"LineString","coordinates":[[5667432.031813826,6430606.732756833],[5667191.536361999,6430522.585916148]]}},{"type":"Feature","properties":{},"geometry":{"type":"LineString","coordinates":[[5667425.426663205,6430625.610574113],[5667185.05684042,6430541.507689714]]}},{"type":"Feature","properties":{},"geometry":{"type":"LineString","coordinates":[[5667241.765072618,6430314.171586482],[5667172.658126703,6430515.980619266]]}},{"type":"Feature","properties":{},"geometry":{"type":"LineString","coordinates":[[5667260.686427204,6430320.650964584],[5667191.536361998,6430522.585916147]]}},{"type":"Feature","properties":{},"geometry":{"type":"LineString","coordinates":[[5666205.818072482,6433283.064830364],[5666289.091859218,6433041.1207201565]]}},{"type":"Feature","properties":{},"geometry":{"type":"LineString","coordinates":[[5666224.729267967,6433289.573799971],[5666307.886571685,6433047.968120155]]}},{"type":"Feature","properties":{},"geometry":{"type":"LineString","coordinates":[[5666057.352024404,6432956.691902894],[5666289.091859219,6433041.1207201565]]}},{"type":"Feature","properties":{},"geometry":{"type":"LineString","coordinates":[[5666064.198328195,6432937.900199288],[5666295.601871018,6433022.206496677]]}},{"type":"Feature","properties":{},"geometry":{"type":"LineString","coordinates":[[5665576.740493806,6433046.1833183365],[5665660.300321513,6432806.7919515595]]}},{"type":"Feature","properties":{},"geometry":{"type":"LineString","coordinates":[[5665595.623240847,6433052.774362578],[5665679.183068554,6432813.382995801]]}},{"type":"Feature","properties":{},"geometry":{"type":"LineString","coordinates":[[5665515.645380358,6432878.4571362],[5665746.941203433,6432962.020222738]]}},{"type":"Feature","properties":{},"geometry":{"type":"LineString","coordinates":[[5665508.849642579,6432897.267185324],[5665740.145465654,6432980.830271862]]}},{"type":"Feature","properties":{},"geometry":{"type":"LineString","coordinates":[[5665765.752362052,6432968.816361358],[5665996.843880358,6433052.3056362]]}},{"type":"Feature","properties":{},"geometry":{"type":"LineString","coordinates":[[5665758.956624273,6432987.626410482],[5665990.048142579,6433071.115685324]]}},{"type":"Feature","properties":{},"geometry":{"type":"LineString","coordinates":[[5665826.714759151,6433136.263637422],[5665910.202998436,6432897.077365021]]}},{"type":"Feature","properties":{},"geometry":{"type":"LineString","coordinates":[[5665845.5975061925,6433142.854681663],[5665929.085745477,6432903.668409263]]}},{"type":"Feature","properties":{},"geometry":{"type":"LineString","coordinates":[[5665855.832034344,6432710.746228136],[5666087.127857421,6432794.309314676]]}},{"type":"Feature","properties":{},"geometry":{"type":"LineString","coordinates":[[5665849.036296565,6432729.55627726],[5666080.332119642,6432813.1193638]]}},{"type":"Feature","properties":{},"geometry":{"type":"LineString","coordinates":[[5665916.794431444,6432878.1935042],[5666000.354259151,6432638.802137422]]}},{"type":"Feature","properties":{},"geometry":{"type":"LineString","coordinates":[[5665935.677178485,6432884.784548442],[5666019.237006192,6432645.393181664]]}},{"type":"Feature","properties":{},"geometry":{"type":"LineString","coordinates":[[5665605.929357421,6432620.460814675],[5665837.020875726,6432703.950089518]]}},{"type":"Feature","properties":{},"geometry":{"type":"LineString","coordinates":[[5665599.133619642,6432639.270863799],[5665830.225137947,6432722.760138642]]}},{"type":"Feature","properties":{},"geometry":{"type":"LineString","coordinates":[[5665666.891754521,6432787.908090739],[5665750.379993806,6432548.721818337]]}},{"type":"Feature","properties":{},"geometry":{"type":"LineString","coordinates":[[5665685.774501562,6432794.49913498],[5665769.262740847,6432555.312862579]]}},{"type":"Feature","properties":{},"geometry":{"type":"LineString","coordinates":[[5665684.657281119,6432366.547316492],[5665924.998769481,6432451.616303003]]}},{"type":"Feature","properties":{},"geometry":{"type":"LineString","coordinates":[[5665677.983959969,6432385.401143286],[5665918.3254483305,6432470.470129798]]}},{"type":"Feature","properties":{},"geometry":{"type":"LineString","coordinates":[[5665749.192162289,6432534.366692767],[5665834.911416229,6432295.768520808]]}},{"type":"Feature","properties":{},"geometry":{"type":"LineString","coordinates":[[5665768.014333514,6432541.128783448],[5665853.733587453,6432302.530611489]]}},{"type":"Feature","properties":{},"geometry":{"type":"LineString","coordinates":[[5665943.852805606,6432458.289698244],[5666178.224489627,6432541.245669612]]}},{"type":"Feature","properties":{},"geometry":{"type":"LineString","coordinates":[[5665937.179484456,6432477.143525039],[5666171.551168477,6432560.0994964065]]}},{"type":"Feature","properties":{},"geometry":{"type":"LineString","coordinates":[[5666005.370919705,6432625.141262389],[5666091.122038544,6432386.4543949915]]}},{"type":"Feature","properties":{},"geometry":{"type":"LineString","coordinates":[[5666024.1930909315,6432631.90335307],[5666109.94420977,6432393.216485673]]}},{"type":"Feature","properties":{},"geometry":{"type":"LineString","coordinates":[[5666035.748540698,6432202.499389811],[5666270.031380112,6432285.423914586]]}},{"type":"Feature","properties":{},"geometry":{"type":"LineString","coordinates":[[5666029.075219547,6432221.353216606],[5666263.358058962,6432304.277741381]]}},{"type":"Feature","properties":{},"geometry":{"type":"LineString","coordinates":[[5666116.706375527,6432374.394105468],[5666201.222395357,6432139.145116409]]}},{"type":"Feature","properties":{},"geometry":{"type":"LineString","coordinates":[[5666097.884204303,6432367.632014787],[5666182.400224132,6432132.383025728]]}},{"type":"Feature","properties":{},"geometry":{"type":"LineString","coordinates":[[5665841.673581987,6432276.946140605],[5665926.221466715,6432041.608456106]]}},{"type":"Feature","properties":{},"geometry":{"type":"LineString","coordinates":[[5665860.495753211,6432283.708231286],[5665945.04363794,6432048.370546787]]}},{"type":"Feature","properties":{},"geometry":{"type":"LineString","coordinates":[[5665776.464171604,6432110.725561466],[5666016.894504572,6432195.825994569]]}},{"type":"Feature","properties":{},"geometry":{"type":"LineString","coordinates":[[5665769.790850454,6432129.579388261],[5666010.221183422,6432214.679821364]]}},{"type":"Feature","properties":{},"geometry":{"type":"LineString","coordinates":[[5665894.486165793,6431749.417444749],[5666131.231032416,6431832.861189553]]}},{"type":"Feature","properties":{},"geometry":{"type":"LineString","coordinates":[[5665887.837788939,6431768.28008203],[5666124.70322434,6431851.766322836]]}},{"type":"Feature","properties":{},"geometry":{"type":"LineString","coordinates":[[5666048.6439559655,6432072.040967765],[5666124.703224341,6431851.766322837]]}},{"type":"Feature","properties":{},"geometry":{"type":"LineString","coordinates":[[5666067.548703059,6432078.568642492],[5666143.566246952,6431858.414835506]]}},{"type":"Feature","properties":{},"geometry":{"type":"LineString","coordinates":[[5666562.638331588,6432255.208426953],[5666639.553303401,6432035.0113135055]]}},{"type":"Feature","properties":{},"geometry":{"type":"LineString","coordinates":[[5666581.51961292,6432261.803668818],[5666658.417017889,6432041.656846853]]}},{"type":"Feature","properties":{},"geometry":{"type":"LineString","coordinates":[[5666409.507184101,6431932.763128094],[5666646.148568664,6432016.129965196]]}},{"type":"Feature","properties":{},"geometry":{"type":"LineString","coordinates":[[5666402.861674326,6431951.626775669],[5666639.553303401,6432035.011313505]]}},{"type":"Feature","properties":{},"geometry":{"type":"LineString","coordinates":[[5667174.327926447,6432203.122836191],[5667419.610986836,6432290.59768819]]}},{"type":"Feature","properties":{},"geometry":{"type":"LineString","coordinates":[[5667167.656420938,6432221.977370512],[5667412.818511458,6432309.409081244]]}},{"type":"Feature","properties":{},"geometry":{"type":"LineString","coordinates":[[5666913.8234661035,6432110.219603995],[5667155.489961544,6432196.404687008]]}},{"type":"Feature","properties":{},"geometry":{"type":"LineString","coordinates":[[5666907.105337495,6432129.057511203],[5667148.818456035,6432215.2592213275]]}},{"type":"Feature","properties":{},"geometry":{"type":"LineString","coordinates":[[5667070.350663513,6432437.019315061],[5667148.818456036,6432215.2592213275]]}},{"type":"Feature","properties":{},"geometry":{"type":"LineString","coordinates":[[5667089.205140086,6432443.690800137],[5667167.656420938,6432221.977370512]]}},{"type":"Feature","properties":{},"geometry":{"type":"LineString","coordinates":[[5667245.216962382,6431962.124002865],[5667329.518523648,6431722.879303747]]}},{"type":"Feature","properties":{},"geometry":{"type":"LineString","coordinates":[[5667264.080175085,6431968.770746918],[5667348.263822123,6431729.860684003]]}},{"type":"Feature","properties":{},"geometry":{"type":"LineString","coordinates":[[5667086.01640151,6431616.276422768],[5667336.046738691,6431704.352471977]]}},{"type":"Feature","properties":{},"geometry":{"type":"LineString","coordinates":[[5667079.371402298,6431635.140250203],[5667329.547453908,6431723.267628989]]}},{"type":"Feature","properties":{},"geometry":{"type":"LineString","coordinates":[[5667911.417078159,6431765.317223268],[5668137.272241358,6431844.163439169]]}},{"type":"Feature","properties":{},"geometry":{"type":"LineString","coordinates":[[5667904.825198104,6431784.199678546],[5668130.680361303,6431863.045894447]]}},{"type":"Feature","properties":{},"geometry":{"type":"LineString","coordinates":[[5667666.465241098,6431679.804343434],[5667892.533421373,6431758.724923765]]}},{"type":"Feature","properties":{},"geometry":{"type":"LineString","coordinates":[[5667659.873361043,6431698.686798712],[5667885.941541318,6431777.6073790435]]}},{"type":"Feature","properties":{},"geometry":{"type":"LineString","coordinates":[[5667574.863122009,6431933.647043966],[5667800.718285208,6432012.493259867]]}},{"type":"Feature","properties":{},"geometry":{"type":"LineString","coordinates":[[5667568.271241954,6431952.529499244],[5667794.1264051525,6432031.375715145]]}},{"type":"Feature","properties":{},"geometry":{"type":"LineString","coordinates":[[5667819.601941993,6432019.085559369],[5668045.670122269,6432098.0061397]]}},{"type":"Feature","properties":{},"geometry":{"type":"LineString","coordinates":[[5667813.010061938,6432037.968014647],[5668039.078242213,6432116.8885949785]]}},{"type":"Feature","properties":{},"geometry":{"type":"LineString","coordinates":[[5668156.231967524,6431852.486067643],[5668390.171284712,6431934.097525779]]}},{"type":"Feature","properties":{},"geometry":{"type":"LineString","coordinates":[[5668149.644184757,6431871.36995279],[5668383.583501945,6431952.981410926]]}},{"type":"Feature","properties":{},"geometry":{"type":"LineString","coordinates":[[5668409.0552456435,6431940.685334983],[5668643.048062544,6432022.315456888]]}},{"type":"Feature","properties":{},"geometry":{"type":"LineString","coordinates":[[5668402.467462877,6431959.56922013],[5668636.460279778,6432041.199342035]]}},{"type":"Feature","properties":{},"geometry":{"type":"LineString","coordinates":[[5668322.021659096,6432192.458423643],[5668555.960976285,6432274.069881778]]}},{"type":"Feature","properties":{},"geometry":{"type":"LineString","coordinates":[[5668315.433876329,6432211.34230879],[5668549.373193518,6432292.953766925]]}},{"type":"Feature","properties":{},"geometry":{"type":"LineString","coordinates":[[5668069.144881264,6432104.240492534],[5668303.137698164,6432185.870614439]]}},{"type":"Feature","properties":{},"geometry":{"type":"LineString","coordinates":[[5668062.557098498,6432123.124377681],[5668296.549915398,6432204.754499586]]}},{"type":"Feature","properties":{},"geometry":{"type":"LineString","coordinates":[[5667969.668263938,6432345.717662859],[5668204.43765615,6432432.185046917]]}},{"type":"Feature","properties":{},"geometry":{"type":"LineString","coordinates":[[5667962.756029258,6432364.485214955],[5668197.5254214695,6432450.952599013]]}},{"type":"Feature","properties":{},"geometry":{"type":"LineString","coordinates":[[5668033.663585758,6432509.687474603],[5668114.671731622,6432280.322310158]]}},{"type":"Feature","properties":{},"geometry":{"type":"LineString","coordinates":[[5668052.521953786,6432516.347951714],[5668133.53009965,6432286.982787269]]}},{"type":"Feature","properties":{},"geometry":{"type":"LineString","coordinates":[[5668225.536810782,6432439.9560289495],[5668464.04498824,6432527.800436452]]}},{"type":"Feature","properties":{},"geometry":{"type":"LineString","coordinates":[[5668218.624576107,6432458.72358105],[5668457.132753565,6432546.567988552]]}},{"type":"Feature","properties":{},"geometry":{"type":"LineString","coordinates":[[5668291.071909364,6432604.461217343],[5668372.759186481,6432375.346245648]]}},{"type":"Feature","properties":{},"geometry":{"type":"LineString","coordinates":[[5668309.910377866,6432611.177771854],[5668391.5976549825,6432382.06280016]]}},{"type":"Feature","properties":{},"geometry":{"type":"LineString","coordinates":[[5668138.038495815,6432682.643357802],[5668378.179020762,6432771.088909178]]}},{"type":"Feature","properties":{},"geometry":{"type":"LineString","coordinates":[[5668131.12626543,6432701.410911482],[5668371.266790377,6432789.856462858]]}},{"type":"Feature","properties":{},"geometry":{"type":"LineString","coordinates":[[5668204.3519451115,6432847.431549344],[5668286.117167159,6432618.345284481]]}},{"type":"Feature","properties":{},"geometry":{"type":"LineString","coordinates":[[5668223.188119033,6432854.15453618],[5668304.953341081,6432625.068271317]]}},{"type":"Feature","properties":{},"geometry":{"type":"LineString","coordinates":[[5668118.49641339,6432675.445862607],[5667883.971083598,6432589.081781077]]}},{"type":"Feature","properties":{},"geometry":{"type":"LineString","coordinates":[[5668111.5851238435,6432694.213762778],[5667877.059794052,6432607.849681248]]}},{"type":"Feature","properties":{},"geometry":{"type":"LineString","coordinates":[[5667947.9473739555,6432753.04085993],[5668028.744435998,6432523.611303202]]}},{"type":"Feature","properties":{},"geometry":{"type":"LineString","coordinates":[[5667966.811771444,6432759.684240652],[5668047.608833486,6432530.254683924]]}},{"type":"Feature","properties":{},"geometry":{"type":"LineString","coordinates":[[5667966.811771444,6432759.684240652],[5668047.608833486,6432530.254683924]]}},{"type":"Feature","properties":{},"geometry":{"type":"LineString","coordinates":[[5667913.6601836085,6432463.897729798],[5667683.184154898,6432386.398411477]]}},{"type":"Feature","properties":{},"geometry":{"type":"LineString","coordinates":[[5667907.28575829,6432482.854699542],[5667676.594683138,6432405.283070219]]}},{"type":"Feature","properties":{},"geometry":{"type":"LineString","coordinates":[[5667742.413352251,6432155.947630161],[5667664.225965456,6432380.023576025]]}},{"type":"Feature","properties":{},"geometry":{"type":"LineString","coordinates":[[5667761.296796028,6432162.536677981],[5667683.184154898,6432386.398411478]]}},{"type":"Feature","properties":{},"geometry":{"type":"LineString","coordinates":[[5667252.63105495,6432783.476841747],[5667485.663846882,6432868.430186425]]}},{"type":"Feature","properties":{},"geometry":{"type":"LineString","coordinates":[[5667245.7809450505,6432802.267158252],[5667478.893666608,6432887.2496417]]}},{"type":"Feature","properties":{},"geometry":{"type":"LineString","coordinates":[[5667570.743857493,6432631.92844049],[5667485.663846881,6432868.430186425]]}},{"type":"Feature","properties":{},"geometry":{"type":"LineString","coordinates":[[5667589.563142507,6432638.6985595105],[5667504.454333388,6432875.280358299]]}},{"type":"Feature","properties":{},"geometry":{"type":"LineString","coordinates":[[5666884.979850138,6432954.902160891],[5666796.50049628,6433200.231966787]]}},{"type":"Feature","properties":{},"geometry":{"type":"LineString","coordinates":[[5666903.793669542,6432961.687453768],[5666815.38061697,6433206.833423769]]}},{"type":"Feature","properties":{},"geometry":{"type":"LineString","coordinates":[[5667049.4476943165,6433288.675259806],[5666815.380616969,6433206.833423769]]}},{"type":"Feature","properties":{},"geometry":{"type":"LineString","coordinates":[[5667042.846552463,6433307.554479234],[5666808.595000176,6433225.6481413115]]}},{"type":"Feature","properties":{},"geometry":{"type":"LineString","coordinates":[[5667067.6520809475,6433295.185327691],[5667302.56495735,6433377.756441328]]}},{"type":"Feature","properties":{},"geometry":{"type":"LineString","coordinates":[[5667061.019919053,6433314.053672309],[5667295.8311403785,6433396.589054516]]}},{"type":"Feature","properties":{},"geometry":{"type":"LineString","coordinates":[[5667210.574330063,6433635.028640376],[5667295.831140378,6433396.5890545165]]}},{"type":"Feature","properties":{},"geometry":{"type":"LineString","coordinates":[[5667229.406669936,6433641.762359623],[5667314.699758831,6433403.2213126635]]}},{"type":"Feature","properties":{},"geometry":{"type":"LineString","coordinates":[[5668067.2213654565,6433647.3891546475],[5667828.335990455,6433563.07198924]]}},{"type":"Feature","properties":{},"geometry":{"type":"LineString","coordinates":[[5668060.564634542,6433666.248845353],[5667821.544591362,6433581.884147361]]}},{"type":"Feature","properties":{},"geometry":{"type":"LineString","coordinates":[[5667895.543660725,6433318.007387019],[5667809.475818953,6433556.415088623]]}},{"type":"Feature","properties":{},"geometry":{"type":"LineString","coordinates":[[5667914.355339276,6433324.798612981],[5667828.335990454,6433563.071989239]]}},{"type":"Feature","properties":{},"geometry":{"type":"LineString","coordinates":[[5665968.65926483,6431531.19445375],[5665813.6646899,6431986.50307303]]}},{"type":"Feature","properties":{},"geometry":{"type":"LineString","coordinates":[[5666464.742634884,6431700.747986114],[5665968.65926483,6431531.19445375]]}},{"type":"Feature","properties":{},"geometry":{"type":"LineString","coordinates":[[5666302.527969124,6432164.1065372275],[5666464.742634884,6431700.747986114]]}},{"type":"Feature","properties":{},"geometry":{"type":"LineString","coordinates":[[5665813.6646899,6431986.50307303],[5666302.527969124,6432164.1065372275]]}},{"type":"Feature","properties":{},"geometry":{"type":"LineString","coordinates":[[5668627.125376782,6431319.475498809],[5668451.771207146,6431818.234405305]]}},{"type":"Feature","properties":{},"geometry":{"type":"LineString","coordinates":[[5668432.56412284,6431811.3756744],[5668608.425846893,6431312.3770276895]]}},{"type":"Feature","properties":{},"geometry":{"type":"LineString","coordinates":[[5672672.979356793,6431831.216975394],[5672784.096016722,6431873.841741366]]}},{"type":"Feature","properties":{},"geometry":{"type":"LineString","coordinates":[[5672665.540067038,6431849.784270818],[5672626.395059449,6431947.484043832]]}},{"type":"Feature","properties":{},"geometry":{"type":"LineString","coordinates":[[5672665.540067039,6431849.784270818],[5672776.932894288,6431892.514975607]]}},{"type":"Feature","properties":{},"geometry":{"type":"LineString","coordinates":[[5672646.8647907255,6431842.6203650385],[5672607.8297942905,6431940.045567538]]}},{"type":"Feature","properties":{},"geometry":{"type":"LineString","coordinates":[[5672389.054179772,6431743.723251281],[5672350.019183339,6431841.148453781]]}},{"type":"Feature","properties":{},"geometry":{"type":"LineString","coordinates":[[5672415.168745839,6431732.319861637],[5672523.959809595,6431774.052520228]]}},{"type":"Feature","properties":{},"geometry":{"type":"LineString","coordinates":[[5672407.729456086,6431750.887157062],[5672368.584448497,6431848.586930076]]}},{"type":"Feature","properties":{},"geometry":{"type":"LineString","coordinates":[[5672407.729456085,6431750.887157061],[5672516.796687161,6431792.725754469]]}},{"type":"Feature","properties":{},"geometry":{"type":"LineString","coordinates":[[5671876.92847594,6431548.189415509],[5671837.463985249,6431650.258215759]]}},{"type":"Feature","properties":{},"geometry":{"type":"LineString","coordinates":[[5671902.804189669,6431536.724633549],[5672011.684132273,6431578.667418126]]}},{"type":"Feature","properties":{},"geometry":{"type":"LineString","coordinates":[[5671895.591616061,6431555.378839447],[5671856.11817679,6431657.470783817]]}},{"type":"Feature","properties":{},"geometry":{"type":"LineString","coordinates":[[5671895.59161606,6431555.378839446],[5672004.49471387,6431597.330543883]]}},{"type":"Feature","properties":{},"geometry":{"type":"LineString","coordinates":[[5671802.912744696,6431795.078403373],[5671764.123511238,6431895.400755255]]}},{"type":"Feature","properties":{},"geometry":{"type":"LineString","coordinates":[[5671810.125318304,6431776.424197475],[5671919.005260909,6431818.366982053]]}},{"type":"Feature","properties":{},"geometry":{"type":"LineString","coordinates":[[5671784.249604574,6431787.888979435],[5671745.4693196975,6431888.188187197]]}},{"type":"Feature","properties":{},"geometry":{"type":"LineString","coordinates":[[5671802.912744695,6431795.078403373],[5671911.815842506,6431837.03010781]]}},{"type":"Feature","properties":{},"geometry":{"type":"LineString","coordinates":[[5669502.411844263,6431613.402791236],[5669654.267678384,6431211.639886226]]}},{"type":"Feature","properties":{},"geometry":{"type":"LineString","coordinates":[[5669521.2000830965,6431620.259255944],[5669672.974890753,6431218.710721544]]}},{"type":"Feature","properties":{},"geometry":{"type":"LineString","coordinates":[[5669630.850456737,6431660.273977041],[5669783.897244733,6431260.696949199]]}},{"type":"Feature","properties":{},"geometry":{"type":"LineString","coordinates":[[5669649.638718719,6431667.130379241],[5669799.825895373,6431266.670782989]]}},{"type":"Feature","properties":{},"geometry":{"type":"LineString","coordinates":[[5669777.439913779,6431713.768881295],[5669927.202397495,6431314.441687731]]}},{"type":"Feature","properties":{},"geometry":{"type":"LineString","coordinates":[[5669758.651651797,6431706.912479094],[5669908.476570314,6431307.418809165]]}},{"type":"Feature","properties":{},"geometry":{"type":"LineString","coordinates":[[11333675.818986079,12863059.096104868],[11333911.349322848,12863141.16123518]]}},{"type":"Feature","properties":{},"geometry":{"type":"LineString","coordinates":[[11333421.316701137,12862970.42063544],[11333656.932381548,12863052.515501779]]}},{"type":"Feature","properties":{},"geometry":{"type":"LineString","coordinates":[[11341457.197403735,12863650.329847213],[11341523.574365284,12863462.394738287]]}},{"type":"Feature","properties":{},"geometry":{"type":"LineString","coordinates":[[11341475.973922826,12863657.222065702],[11341724.847310744,12863748.574981393]]}},{"type":"Feature","properties":{},"geometry":{"type":"LineString","coordinates":[[5666672.038406455,6430333.888535936],[5666922.744536698,6430425.121258427]]}},{"type":"Feature","properties":{},"geometry":{"type":"LineString","coordinates":[[5666653.237690219,6430327.046898178],[5666721.326090927,6430123.490784996]]}},{"type":"Feature","properties":{},"geometry":{"type":"LineString","coordinates":[[5666665.691853024,6430352.8621017],[5666915.905249013,6430443.915516698]]}},{"type":"Feature","properties":{},"geometry":{"type":"LineString","coordinates":[[5666672.038406455,6430333.888535936],[5666740.293139352,6430129.835158414]]}},{"type":"Feature","properties":{},"geometry":{"type":"LineString","coordinates":[[11336505.487930149,12860613.371035764],[11336744.745795548,12860700.274196723]]}},{"type":"Feature","properties":{},"geometry":{"type":"LineString","coordinates":[[11336498.65998783,12860632.16941877],[11336738.161598045,12860719.16111264]]}},{"type":"Feature","properties":{},"geometry":{"type":"LineString","coordinates":[[5668391.172860946,6430356.965614628],[5668471.919725439,6430125.341450952]]}},{"type":"Feature","properties":{},"geometry":{"type":"LineString","coordinates":[[5668391.172860946,6430356.965614628],[5668630.67447116,6430443.957308496]]}},{"type":"Feature","properties":{},"geometry":{"type":"LineString","coordinates":[[5668372.372897774,6430350.137098362],[5668453.034396993,6430118.75780686]]}},{"type":"Feature","properties":{},"geometry":{"type":"LineString","coordinates":[[5668384.588663442,6430375.852530543],[5668623.846528841,6430462.755691503]]}},{"type":"Feature","properties":{},"geometry":{"type":"LineString","coordinates":[[5669396.894646733,6430741.655372381],[5669309.305213786,6430979.1136729065]]}},{"type":"Feature","properties":{},"geometry":{"type":"LineString","coordinates":[[5669403.81627137,6430722.89058343],[5669640.058668817,6430807.866216953]]}},{"type":"Feature","properties":{},"geometry":{"type":"LineString","coordinates":[[5669378.074464497,6430734.885813123],[5669290.541039164,6430972.19227487]]}},{"type":"Feature","properties":{},"geometry":{"type":"LineString","coordinates":[[5669396.894646733,6430741.65537238],[5669633.289331184,6430826.685783048]]}},{"type":"Feature","properties":{},"geometry":{"type":"LineString","coordinates":[[5666402.978643843,6430235.976870865],[5666653.23769022,6430327.046898178]]}},{"type":"Feature","properties":{},"geometry":{"type":"LineString","coordinates":[[5666396.139356158,6430254.771129135],[5666646.891136788,6430346.02046394]]}},{"type":"Feature","properties":{},"geometry":{"type":"LineString","coordinates":[[5666577.955351789,6430552.109905132],[5666646.891136789,6430346.020463941]]}},{"type":"Feature","properties":{},"geometry":{"type":"LineString","coordinates":[[5666596.922400214,6430558.45427855],[5666665.691853023,6430352.862101699]]}},{"type":"Feature","properties":{},"geometry":{"type":"LineString","coordinates":[[5672342.579893585,6431859.715749207],[5672253.42394927,6432082.234942817]]}},{"type":"Feature","properties":{},"geometry":{"type":"LineString","coordinates":[[5672361.1451587435,6431867.154225501],[5672271.989214428,6432089.673419111]]}},{"type":"Feature","properties":{},"geometry":{"type":"LineString","coordinates":[[5672192.544324075,6431920.127671408],[5672429.077895219,6432010.862833185]]}},{"type":"Feature","properties":{},"geometry":{"type":"LineString","coordinates":[[5672185.381201641,6431938.800905649],[5672421.914772785,6432029.536067426]]}},{"type":"Feature","properties":{},"geometry":{"type":"LineString","coordinates":[[5672447.7531715315,6432018.026738965],[5672689.490269666,6432110.757993139]]}},{"type":"Feature","properties":{},"geometry":{"type":"LineString","coordinates":[[5672440.590049097,6432036.699973206],[5672682.327147231,6432129.43122738]]}},{"type":"Feature","properties":{},"geometry":{"type":"LineString","coordinates":[[5672600.390504536,6431958.612862963],[5672511.124549067,6432181.406627088]]}},{"type":"Feature","properties":{},"geometry":{"type":"LineString","coordinates":[[5672618.955769694,6431966.0513392575],[5672529.689814225,6432188.845103382]]}},{"type":"Feature","properties":{},"geometry":{"type":"LineString","coordinates":[[5672713.819863434,6431729.285503804],[5672672.979356793,6431831.216975393]]}},{"type":"Feature","properties":{},"geometry":{"type":"LineString","coordinates":[[5672695.254598276,6431721.8470275095],[5672654.304080479,6431824.053069612]]}},{"type":"Feature","properties":{},"geometry":{"type":"LineString","coordinates":[[5672542.635085908,6431781.216426007],[5672654.304080479,6431824.053069613]]}},{"type":"Feature","properties":{},"geometry":{"type":"LineString","coordinates":[[5672535.471963474,6431799.8896602485],[5672646.8647907255,6431842.6203650385]]}},{"type":"Feature","properties":{},"geometry":{"type":"LineString","coordinates":[[5672287.150071131,6431683.2114196345],[5672396.493469523,6431725.155955856]]}},{"type":"Feature","properties":{},"geometry":{"type":"LineString","coordinates":[[5672279.986948697,6431701.884653876],[5672389.05417977,6431743.72325128]]}},{"type":"Feature","properties":{},"geometry":{"type":"LineString","coordinates":[[5672437.553998479,6431622.675343239],[5672396.493469524,6431725.155955856]]}},{"type":"Feature","properties":{},"geometry":{"type":"LineString","coordinates":[[5672456.119263637,6431630.113819533],[5672415.168745838,6431732.3198616365]]}},{"type":"Feature","properties":{},"geometry":{"type":"LineString","coordinates":[[5671775.237951738,6431487.583505174],[5671884.141049548,6431529.535209611]]}},{"type":"Feature","properties":{},"geometry":{"type":"LineString","coordinates":[[5671768.048533334,6431506.246630931],[5671876.928475939,6431548.18941551]]}},{"type":"Feature","properties":{},"geometry":{"type":"LineString","coordinates":[[5671923.614488817,6431427.443265242],[5671884.141049548,6431529.535209612]]}},{"type":"Feature","properties":{},"geometry":{"type":"LineString","coordinates":[[5671942.268680357,6431434.655833299],[5671902.804189669,6431536.724633549]]}},{"type":"Feature","properties":{},"geometry":{"type":"LineString","coordinates":[[5671830.251411642,6431668.912421657],[5671791.462178184,6431769.234773538]]}},{"type":"Feature","properties":{},"geometry":{"type":"LineString","coordinates":[[5671848.9056031825,6431676.1249897145],[5671810.125318304,6431776.424197476]]}},{"type":"Feature","properties":{},"geometry":{"type":"LineString","coordinates":[[5671682.582235578,6431727.2919889605],[5671791.462178184,6431769.234773539]]}},{"type":"Feature","properties":{},"geometry":{"type":"LineString","coordinates":[[5671675.392817175,6431745.955114718],[5671784.249604575,6431787.888979436]]}},{"type":"Feature","properties":{},"geometry":{"type":"LineString","coordinates":[[5669933.131487632,6431208.535930562],[5670019.020787608,6430965.508550222]]}},{"type":"Feature","properties":{},"geometry":{"type":"LineString","coordinates":[[5669951.988493852,6431215.200262218],[5670037.877793828,6430972.172881878]]}},{"type":"Feature","properties":{},"geometry":{"type":"LineString","coordinates":[[5669673.602565202,6431114.560056236],[5669759.547203817,6430871.376092894]]}},{"type":"Feature","properties":{},"geometry":{"type":"LineString","coordinates":[[5669692.459571422,6431121.224387892],[5669778.404210038,6430878.04042455]]}},{"type":"Feature","properties":{},"geometry":{"type":"LineString","coordinates":[[5670025.685349018,6430946.650893904],[5670111.629987633,6430703.466930562]]}},{"type":"Feature","properties":{},"geometry":{"type":"LineString","coordinates":[[5670044.542355238,6430953.31522556],[5670130.486993853,6430710.131262218]]}},{"type":"Feature","properties":{},"geometry":{"type":"LineString","coordinates":[[5669961.121523562,6430775.320637793],[5670201.871498823,6430862.660498916]]}},{"type":"Feature","properties":{},"geometry":{"type":"LineString","coordinates":[[5669954.300844046,6430794.121657207],[5670195.050819308,6430881.46151833]]}},{"type":"Feature","properties":{},"geometry":{"type":"LineString","coordinates":[[5669701.725998823,6430681.216498916],[5669942.31985598,6430768.499723134]]}},{"type":"Feature","properties":{},"geometry":{"type":"LineString","coordinates":[[5669694.905319307,6430700.017518329],[5669935.499176464,6430787.300742547]]}},{"type":"Feature","properties":{},"geometry":{"type":"LineString","coordinates":[[5669766.211765227,6430852.518436574],[5669852.101065203,6430609.4910562355]]}},{"type":"Feature","properties":{},"geometry":{"type":"LineString","coordinates":[[5669785.068771447,6430859.18276823],[5669870.958071423,6430616.155387891]]}},{"type":"Feature","properties":{},"geometry":{"type":"LineString","coordinates":[[5669472.47391269,6430478.965300982],[5669384.996089136,6430716.1210241765]]}},{"type":"Feature","properties":{},"geometry":{"type":"LineString","coordinates":[[5669491.238087311,6430485.886699018],[5669403.816271372,6430722.89058343]]}},{"type":"Feature","properties":{},"geometry":{"type":"LineString","coordinates":[[5671976.4647378,6431725.250086097],[5671891.673697276,6431944.548995759]]}},{"type":"Feature","properties":{},"geometry":{"type":"LineString","coordinates":[[5671983.677311409,6431706.595880201],[5672034.023219708,6431725.990155544]]}},{"type":"Feature","properties":{},"geometry":{"type":"LineString","coordinates":[[5671957.80159768,6431718.060662162],[5671873.0195057355,6431937.336427702]]}},{"type":"Feature","properties":{},"geometry":{"type":"LineString","coordinates":[[5671976.464737801,6431725.250086098],[5672026.833801305,6431744.653281301]]}},{"type":"Feature","properties":{},"geometry":{"type":"LineString","coordinates":[[5665372.774389231,6432829.021412497],[5665411.410919768,6432717.555703529]]}},{"type":"Feature","properties":{},"geometry":{"type":"LineString","coordinates":[[5665391.590535537,6432835.804741994],[5665501.773255775,6432875.526249456]]}},{"type":"Feature","properties":{},"geometry":{"type":"LineString","coordinates":[[5665391.590535537,6432835.804741994],[5665430.307901605,6432724.105823944]]}},{"type":"Feature","properties":{},"geometry":{"type":"LineString","coordinates":[[5665385.039916343,6432854.703162802],[5665494.990442779,6432894.340963057]]}},{"type":"Feature","properties":{},"geometry":{"type":"LineString","coordinates":[[5665631.348200731,6432058.097634877],[5665667.631591018,6431948.859813784]]}},{"type":"Feature","properties":{},"geometry":{"type":"LineString","coordinates":[[5665650.169229316,6432064.881769075],[5665758.250218903,6432103.840104128]]}},{"type":"Feature","properties":{},"geometry":{"type":"LineString","coordinates":[[5665650.169229316,6432064.881769075],[5665686.611981755,6431955.16415891]]}},{"type":"Feature","properties":{},"geometry":{"type":"LineString","coordinates":[[5665643.862870322,6432083.868222932],[5665751.468251145,6432122.655122421]]}},{"type":"Feature","properties":{},"geometry":{"type":"LineString","coordinates":[[5665714.290816762,6431817.961579704],[5665747.617467606,6431718.750137479]]}},{"type":"Feature","properties":{},"geometry":{"type":"LineString","coordinates":[[5665726.774582942,6431843.606347037],[5665835.314077539,6431882.082185214]]}},{"type":"Feature","properties":{},"geometry":{"type":"LineString","coordinates":[[5665733.144055955,6431824.644807619],[5665766.5763964765,6431725.118733567]]}},{"type":"Feature","properties":{},"geometry":{"type":"LineString","coordinates":[[5665733.144055954,6431824.64480762],[5665841.996385336,6431863.231541658]]}},{"type":"Feature","properties":{},"geometry":{"type":"LineString","coordinates":[[5665806.325365173,6431606.78843601],[5665915.177694552,6431645.375170047]]}},{"type":"Feature","properties":{},"geometry":{"type":"LineString","coordinates":[[5665812.694838183,6431587.826896594],[5665921.860002348,6431626.524526491]]}},{"type":"Feature","properties":{},"geometry":{"type":"LineString","coordinates":[[5665812.694838182,6431587.826896593],[5665846.18002354,6431488.143506624]]}},{"type":"Feature","properties":{},"geometry":{"type":"LineString","coordinates":[[5665793.841598988,6431581.143668676],[5665827.22109467,6431481.774910536]]}},{"type":"Feature","properties":{},"geometry":{"type":"LineString","coordinates":[[5665557.127283638,6431497.231524754],[5665666.136030413,6431535.873706723]]}},{"type":"Feature","properties":{},"geometry":{"type":"LineString","coordinates":[[5665557.127283639,6431497.231524754],[5665590.506779322,6431397.862766614]]}},{"type":"Feature","properties":{},"geometry":{"type":"LineString","coordinates":[[5665550.757810628,6431516.193064171],[5665659.453722617,6431554.724350279]]}},{"type":"Feature","properties":{},"geometry":{"type":"LineString","coordinates":[[5665538.274044445,6431490.548296838],[5665571.547850452,6431391.494170526]]}},{"type":"Feature","properties":{},"geometry":{"type":"LineString","coordinates":[[5665283.135886193,6431402.036441498],[5665315.15948516,6431302.903295032]]}},{"type":"Feature","properties":{},"geometry":{"type":"LineString","coordinates":[[5665302.041850639,6431408.573386622],[5665414.442111676,6431447.437012986]]}},{"type":"Feature","properties":{},"geometry":{"type":"LineString","coordinates":[[5665302.041850638,6431408.573386622],[5665334.191122507,6431309.051203615]]}},{"type":"Feature","properties":{},"geometry":{"type":"LineString","coordinates":[[5665295.892657713,6431427.608999813],[5665407.906531881,6431466.339028667]]}},{"type":"Feature","properties":{},"geometry":{"type":"LineString","coordinates":[[5665021.103015534,6431311.435694787],[5665053.000941599,6431212.69158486]]}},{"type":"Feature","properties":{},"geometry":{"type":"LineString","coordinates":[[5665040.00897998,6431317.97263991],[5665152.216047581,6431356.7694675205]]}},{"type":"Feature","properties":{},"geometry":{"type":"LineString","coordinates":[[5665040.008979979,6431317.97263991],[5665072.032578945,6431218.839493443]]}},{"type":"Feature","properties":{},"geometry":{"type":"LineString","coordinates":[[5665033.859787054,6431337.008253101],[5665145.680467786,6431375.671483201]]}},{"type":"Feature","properties":{},"geometry":{"type":"LineString","coordinates":[[5664944.6945953,6431547.967732374],[5664976.655357815,6431449.029104175]]}},{"type":"Feature","properties":{},"geometry":{"type":"LineString","coordinates":[[5664963.600559744,6431554.504677496],[5665075.807627347,6431593.3015051065]]}},{"type":"Feature","properties":{},"geometry":{"type":"LineString","coordinates":[[5664963.600559744,6431554.504677496],[5664995.686995162,6431455.177012758]]}},{"type":"Feature","properties":{},"geometry":{"type":"LineString","coordinates":[[5664957.451366818,6431573.540290685],[5665069.272047552,6431612.203520787]]}},{"type":"Feature","properties":{},"geometry":{"type":"LineString","coordinates":[[5665378.733186295,6431967.041285288],[5665414.857214432,6431858.283253268]]}},{"type":"Feature","properties":{},"geometry":{"type":"LineString","coordinates":[[5665391.247855888,6431992.811873344],[5665498.615432329,6432031.513055048]]}},{"type":"Feature","properties":{},"geometry":{"type":"LineString","coordinates":[[5665397.554214883,6431973.825419485],[5665433.837605169,6431864.587598394]]}},{"type":"Feature","properties":{},"geometry":{"type":"LineString","coordinates":[[5665397.554214882,6431973.825419486],[5665505.397400086,6432012.698036755]]}},{"type":"Feature","properties":{},"geometry":{"type":"LineString","coordinates":[[5665477.576501415,6431734.049435782],[5665586.585248187,6431772.69161775]]}},{"type":"Feature","properties":{},"geometry":{"type":"LineString","coordinates":[[5665477.576501414,6431734.049435782],[5665511.008841935,6431634.523361728]]}},{"type":"Feature","properties":{},"geometry":{"type":"LineString","coordinates":[[5665471.207028403,6431753.010975199],[5665579.902940391,6431791.542261306]]}},{"type":"Feature","properties":{},"geometry":{"type":"LineString","coordinates":[[5665458.72326222,6431727.366207865],[5665492.049913065,6431628.154765639]]}},{"type":"Feature","properties":{},"geometry":{"type":"LineString","coordinates":[[5665225.633430404,6431645.105424208],[5665337.64730457,6431683.835453062]]}},{"type":"Feature","properties":{},"geometry":{"type":"LineString","coordinates":[[5665225.633430404,6431645.105424208],[5665257.719865821,6431545.77775947]]}},{"type":"Feature","properties":{},"geometry":{"type":"LineString","coordinates":[[5665219.484237477,6431664.141037399],[5665331.111724775,6431702.737468743]]}},{"type":"Feature","properties":{},"geometry":{"type":"LineString","coordinates":[[5665206.727465959,6431638.568479085],[5665238.688228475,6431539.629850887]]}},{"type":"Feature","properties":{},"geometry":{"type":"LineString","coordinates":[[5665128.250747426,6431877.393909019],[5665164.32693934,6431769.789833041]]}},{"type":"Feature","properties":{},"geometry":{"type":"LineString","coordinates":[[5665147.090815547,6431884.117040447],[5665258.972895207,6431924.042476023]]}},{"type":"Feature","properties":{},"geometry":{"type":"LineString","coordinates":[[5665147.090815548,6431884.117040447],[5665183.289571268,6431776.147394707]]}},{"type":"Feature","properties":{},"geometry":{"type":"LineString","coordinates":[[5665140.732072571,6431903.083195854],[5665252.251012782,6431942.879044093]]}},{"type":"Feature","properties":{},"geometry":{"type":"LineString","coordinates":[[5664886.191229159,6431791.014287443],[5664922.267421073,6431683.410211466]]}},{"type":"Feature","properties":{},"geometry":{"type":"LineString","coordinates":[[5664886.191229158,6431791.014287443],[5664997.891739094,6431830.874929351]]}},{"type":"Feature","properties":{},"geometry":{"type":"LineString","coordinates":[[5664867.351161036,6431784.291156014],[5664903.3047891455,6431677.0526498]]}},{"type":"Feature","properties":{},"geometry":{"type":"LineString","coordinates":[[5664879.832486182,6431809.98044285],[5664991.169856668,6431849.711497421]]}},{"type":"Feature","properties":{},"geometry":{"type":"LineString","coordinates":[[5664886.250322401,6432653.821705945],[5664996.719659216,6432693.489585549]]}},{"type":"Feature","properties":{},"geometry":{"type":"LineString","coordinates":[[5664886.2503224015,6432653.821705946],[5664924.189594752,6432541.788199299]]}},{"type":"Feature","properties":{},"geometry":{"type":"LineString","coordinates":[[5664879.834263103,6432672.768132103],[5664989.960519624,6432712.312816726]]}},{"type":"Feature","properties":{},"geometry":{"type":"LineString","coordinates":[[5664867.423964919,6432647.061443743],[5664905.246314838,6432535.37320545]]}},{"type":"Feature","properties":{},"geometry":{"type":"LineString","coordinates":[[5664627.161727431,6432560.786882993],[5664738.128270621,6432600.633301939]]}},{"type":"Feature","properties":{},"geometry":{"type":"LineString","coordinates":[[5664627.161727431,6432560.786882994],[5664665.42666601,6432447.791693968]]}},{"type":"Feature","properties":{},"geometry":{"type":"LineString","coordinates":[[5664620.745668133,6432579.733309152],[5664731.36913103,6432619.456533116]]}},{"type":"Feature","properties":{},"geometry":{"type":"LineString","coordinates":[[5664608.335369948,6432554.026620793],[5664646.483386096,6432441.376700119]]}},{"type":"Feature","properties":{},"geometry":{"type":"LineString","coordinates":[[5664715.755468298,6432299.172285737],[5664826.722011486,6432339.018704683]]}},{"type":"Feature","properties":{},"geometry":{"type":"LineString","coordinates":[[5664715.755468297,6432299.1722857375],[5664753.903484444,6432186.522365064]]}},{"type":"Feature","properties":{},"geometry":{"type":"LineString","coordinates":[[5664709.339408999,6432318.118711895],[5664819.962871894,6432357.84193586]]}},{"type":"Feature","properties":{},"geometry":{"type":"LineString","coordinates":[[5664696.929110814,6432292.412023537],[5664734.96020453,6432180.107371216]]}},{"type":"Feature","properties":{},"geometry":{"type":"LineString","coordinates":[[5665042.584344527,6432132.910182684],[5665078.844338278,6432024.757882915]]}},{"type":"Feature","properties":{},"geometry":{"type":"LineString","coordinates":[[5665061.42441265,6432139.633314114],[5665172.943352859,6432179.429162352]]}},{"type":"Feature","properties":{},"geometry":{"type":"LineString","coordinates":[[5665061.424412651,6432139.633314113],[5665097.806970206,6432031.115444582]]}},{"type":"Feature","properties":{},"geometry":{"type":"LineString","coordinates":[[5665055.065669674,6432158.59946952],[5665166.221470433,6432198.265730423]]}},{"type":"Feature","properties":{},"geometry":{"type":"LineString","coordinates":[[5664800.524826259,6432046.530561108],[5664836.907383814,6431938.012691577]]}},{"type":"Feature","properties":{},"geometry":{"type":"LineString","coordinates":[[5664794.166083283,6432065.496716514],[5664905.503453769,6432105.227771087]]}},{"type":"Feature","properties":{},"geometry":{"type":"LineString","coordinates":[[5664781.684758135,6432039.807429679],[5664817.944751887,6431931.65512991]]}},{"type":"Feature","properties":{},"geometry":{"type":"LineString","coordinates":[[5664800.5248262575,6432046.530561108],[5664912.225336194,6432086.391203016]]}},{"type":"Feature","properties":{},"geometry":{"type":"LineString","coordinates":[[5665223.972258306,6432481.675141298],[5665334.271075446,6432521.438502367]]}},{"type":"Feature","properties":{},"geometry":{"type":"LineString","coordinates":[[5665217.421639113,6432500.573562108],[5665327.48826245,6432540.253215968]]}},{"type":"Feature","properties":{},"geometry":{"type":"LineString","coordinates":[[5665223.972258306,6432481.675141301],[5665262.6492066085,6432370.0928277895]]}},{"type":"Feature","properties":{},"geometry":{"type":"LineString","coordinates":[[5665205.1561119985,6432474.891811806],[5665243.752224771,6432363.542707374]]}},{"type":"Feature","properties":{},"geometry":{"type":"LineString","coordinates":[[5665114.66055924,6432735.969884981],[5665153.297089777,6432624.504176012]]}},{"type":"Feature","properties":{},"geometry":{"type":"LineString","coordinates":[[5665133.476705546,6432742.753214475],[5665243.775522686,6432782.516575542]]}},{"type":"Feature","properties":{},"geometry":{"type":"LineString","coordinates":[[5665133.4767055465,6432742.753214475],[5665172.194071614,6432631.054296427]]}},{"type":"Feature","properties":{},"geometry":{"type":"LineString","coordinates":[[5665126.926086352,6432761.651635283],[5665236.99270969,6432801.331289143]]}},{"type":"Feature","properties":{},"geometry":{"type":"LineString","coordinates":[[5665564.910049679,6432321.570213515],[5665672.515430499,6432360.357113002]]}},{"type":"Feature","properties":{},"geometry":{"type":"LineString","coordinates":[[5665564.910049678,6432321.570213515],[5665601.27312104,6432212.092497885]]}},{"type":"Feature","properties":{},"geometry":{"type":"LineString","coordinates":[[5665558.603690683,6432340.556667373],[5665665.733462742,6432379.172131294]]}},{"type":"Feature","properties":{},"geometry":{"type":"LineString","coordinates":[[5665546.089021091,6432314.786079316],[5665582.2927303035,6432205.78815276]]}},{"type":"Feature","properties":{},"geometry":{"type":"LineString","coordinates":[[5665312.295035242,6432230.513863926],[5665420.138220445,6432269.386481195]]}},{"type":"Feature","properties":{},"geometry":{"type":"LineString","coordinates":[[5665312.295035241,6432230.513863925],[5665348.6581066055,6432121.036148296]]}},{"type":"Feature","properties":{},"geometry":{"type":"LineString","coordinates":[[5665305.988676247,6432249.500317782],[5665413.356252688,6432288.201499487]]}},{"type":"Feature","properties":{},"geometry":{"type":"LineString","coordinates":[[5665293.474006655,6432223.729729727],[5665329.677715869,6432114.73180317]]}},{"type":"Feature","properties":{},"geometry":{"type":"LineString","coordinates":[[5665463.269941989,6432567.943339325],[5665501.946890293,6432456.361025814]]}},{"type":"Feature","properties":{},"geometry":{"type":"LineString","coordinates":[[5665482.086088296,6432574.726668818],[5665592.501002337,6432614.531883488]]}},{"type":"Feature","properties":{},"geometry":{"type":"LineString","coordinates":[[5665482.086088296,6432574.726668818],[5665520.84387213,6432462.911146229]]}},{"type":"Feature","properties":{},"geometry":{"type":"LineString","coordinates":[[5665475.535469102,6432593.625089626],[5665585.718189341,6432633.346597089]]}},{"type":"Feature","properties":{},"geometry":{"type":"LineString","coordinates":[[5665804.098612804,6432858.628249721],[5666035.19013111,6432942.117524562]]}},{"type":"Feature","properties":{},"geometry":{"type":"LineString","coordinates":[[5665810.690045813,6432839.744388899],[5665894.24987352,6432600.353022121]]}},{"type":"Feature","properties":{},"geometry":{"type":"LineString","coordinates":[[5665810.690045812,6432839.744388899],[5666041.985868889,6432923.307475438]]}},{"type":"Feature","properties":{},"geometry":{"type":"LineString","coordinates":[[5665791.878887194,6432832.948250281],[5665875.367126479,6432593.761977879]]}},{"type":"Feature","properties":{},"geometry":{"type":"LineString","coordinates":[[5665990.153870208,6432329.55079774],[5666224.436709623,6432412.475322515]]}},{"type":"Feature","properties":{},"geometry":{"type":"LineString","coordinates":[[5665971.299834085,6432322.877402497],[5666055.847718813,6432087.539717998]]}},{"type":"Feature","properties":{},"geometry":{"type":"LineString","coordinates":[[5665983.391704451,6432348.373177942],[5666217.763388473,6432431.32914931]]}},{"type":"Feature","properties":{},"geometry":{"type":"LineString","coordinates":[[5665990.153870208,6432329.550797738],[5666074.669890038,6432094.3018086795]]}},{"type":"Feature","properties":{},"geometry":{"type":"LineString","coordinates":[[5665730.869501115,6432237.776969395],[5665971.299834083,6432322.877402497]]}},{"type":"Feature","properties":{},"geometry":{"type":"LineString","coordinates":[[5665724.196179965,6432256.630796189],[5665964.537668326,6432341.699782701]]}},{"type":"Feature","properties":{},"geometry":{"type":"LineString","coordinates":[[5665878.818414387,6432580.297954659],[5665964.537668327,6432341.6997827]]}},{"type":"Feature","properties":{},"geometry":{"type":"LineString","coordinates":[[5665897.640585612,6432587.06004534],[5665983.39170445,6432348.373177943]]}},{"type":"Feature","properties":{},"geometry":{"type":"LineString","coordinates":[[5665004.3617421,6432696.206523913],[5665114.660559239,6432735.9698849805]]}},{"type":"Feature","properties":{},"geometry":{"type":"LineString","coordinates":[[5664997.578929104,6432715.021237514],[5665108.109940045,6432754.868305788]]}},{"type":"Feature","properties":{},"geometry":{"type":"LineString","coordinates":[[5665069.311738446,6432866.800432917],[5665108.1099400455,6432754.868305788]]}},{"type":"Feature","properties":{},"geometry":{"type":"LineString","coordinates":[[5665088.208720284,6432873.350553332],[5665126.926086352,6432761.651635283]]}},{"type":"Feature","properties":{},"geometry":{"type":"LineString","coordinates":[[5664823.185555702,6432777.696108195],[5664861.007905621,6432666.007869901]]}},{"type":"Feature","properties":{},"geometry":{"type":"LineString","coordinates":[[5664842.128835617,6432784.111102044],[5664879.834263104,6432672.768132103]]}},{"type":"Feature","properties":{},"geometry":{"type":"LineString","coordinates":[[5664756.954628104,6432607.3935641395],[5664867.423964918,6432647.061443744]]}},{"type":"Feature","properties":{},"geometry":{"type":"LineString","coordinates":[[5664750.1954885125,6432626.216795317],[5664861.007905621,6432666.007869902]]}},{"type":"Feature","properties":{},"geometry":{"type":"LineString","coordinates":[[5664498.020159216,6432514.414085548],[5664608.335369949,6432554.026620792]]}},{"type":"Feature","properties":{},"geometry":{"type":"LineString","coordinates":[[5664491.261019624,6432533.237316726],[5664601.919310651,6432572.973046949]]}},{"type":"Feature","properties":{},"geometry":{"type":"LineString","coordinates":[[5664564.305704529,6432684.044871216],[5664601.91931065,6432572.97304695]]}},{"type":"Feature","properties":{},"geometry":{"type":"LineString","coordinates":[[5664583.248984444,6432690.459865064],[5664620.745668132,6432579.733309152]]}},{"type":"Feature","properties":{},"geometry":{"type":"LineString","coordinates":[[5665159.847708971,6432605.605755202],[5665198.605492805,6432493.790232615]]}},{"type":"Feature","properties":{},"geometry":{"type":"LineString","coordinates":[[5665178.7446908085,6432612.155875617],[5665217.421639113,6432500.573562109]]}},{"type":"Feature","properties":{},"geometry":{"type":"LineString","coordinates":[[5665095.089488662,6432435.212157945],[5665205.1561119985,6432474.891811805]]}},{"type":"Feature","properties":{},"geometry":{"type":"LineString","coordinates":[[5665088.306675666,6432454.026871546],[5665198.605492804,6432493.790232613]]}},{"type":"Feature","properties":{},"geometry":{"type":"LineString","coordinates":[[5664911.662374136,6432516.426779293],[5664993.840055702,6432273.758608195]]}},{"type":"Feature","properties":{},"geometry":{"type":"LineString","coordinates":[[5664930.605654051,6432522.841773142],[5665012.783335617,6432280.173602044]]}},{"type":"Feature","properties":{},"geometry":{"type":"LineString","coordinates":[[5664845.548368969,6432345.778966883],[5665085.656480374,6432431.998183273]]}},{"type":"Feature","properties":{},"geometry":{"type":"LineString","coordinates":[[5664838.789229377,6432364.602198061],[5665078.897340782,6432450.82141445]]}},{"type":"Feature","properties":{},"geometry":{"type":"LineString","coordinates":[[5664586.956980374,6432252.9226832725],[5664696.929110816,6432292.412023538]]}},{"type":"Feature","properties":{},"geometry":{"type":"LineString","coordinates":[[5664580.197840782,6432271.74591445],[5664690.513051515,6432311.358449695]]}},{"type":"Feature","properties":{},"geometry":{"type":"LineString","coordinates":[[5664652.899445394,6432422.430273961],[5664690.5130515145,6432311.358449696]]}},{"type":"Feature","properties":{},"geometry":{"type":"LineString","coordinates":[[5664671.842725309,6432428.84526781],[5664709.339408997,6432318.118711894]]}},{"type":"Feature","properties":{},"geometry":{"type":"LineString","coordinates":[[5664738.820893801,6432167.65702438],[5664775.3260151595,6432058.773585086]]}},{"type":"Feature","properties":{},"geometry":{"type":"LineString","coordinates":[[5664757.783525729,6432174.014586046],[5664794.166083284,6432065.496716514]]}},{"type":"Feature","properties":{},"geometry":{"type":"LineString","coordinates":[[5664669.984248203,6431999.946787773],[5664781.684758135,6432039.807429679]]}},{"type":"Feature","properties":{},"geometry":{"type":"LineString","coordinates":[[5664663.262365778,6432018.783355843],[5664775.326015159,6432058.773585087]]}},{"type":"Feature","properties":{},"geometry":{"type":"LineString","coordinates":[[5664931.065404318,6432093.114334445],[5665042.584344527,6432132.910182685]]}},{"type":"Feature","properties":{},"geometry":{"type":"LineString","coordinates":[[5664924.343521893,6432111.950902516],[5665036.22560155,6432151.876338091]]}},{"type":"Feature","properties":{},"geometry":{"type":"LineString","coordinates":[[5664999.843043995,6432260.394207621],[5665036.22560155,6432151.876338091]]}},{"type":"Feature","properties":{},"geometry":{"type":"LineString","coordinates":[[5665018.805675923,6432266.7517692875],[5665055.065669675,6432158.599469521]]}},{"type":"Feature","properties":{},"geometry":{"type":"LineString","coordinates":[[5665085.203081254,6432005.791727509],[5665121.89200445,6431896.3600644255]]}},{"type":"Feature","properties":{},"geometry":{"type":"LineString","coordinates":[[5665104.165713182,6432012.149289176],[5665140.732072572,6431903.083195854]]}},{"type":"Feature","properties":{},"geometry":{"type":"LineString","coordinates":[[5665010.009924792,6431856.434628851],[5665121.892004449,6431896.3600644255]]}},{"type":"Feature","properties":{},"geometry":{"type":"LineString","coordinates":[[5665016.731807217,6431837.59806078],[5665128.250747425,6431877.3939090185]]}},{"type":"Feature","properties":{},"geometry":{"type":"LineString","coordinates":[[5664756.013790552,6431744.560101443],[5664867.351161037,6431784.2911560135]]}},{"type":"Feature","properties":{},"geometry":{"type":"LineString","coordinates":[[5664749.291908126,6431763.396669514],[5664860.992418059,6431803.257311421]]}},{"type":"Feature","properties":{},"geometry":{"type":"LineString","coordinates":[[5664824.303494864,6431912.688974505],[5664860.992418058,6431803.2573114205]]}},{"type":"Feature","properties":{},"geometry":{"type":"LineString","coordinates":[[5664843.266126792,6431919.046536172],[5664879.832486182,6431809.980442849]]}},{"type":"Feature","properties":{},"geometry":{"type":"LineString","coordinates":[[5664909.2823348,6431272.772464686],[5665021.1030155355,6431311.435694788]]}},{"type":"Feature","properties":{},"geometry":{"type":"LineString","coordinates":[[5664902.746755005,6431291.6744803665],[5665014.95382261,6431330.471307978]]}},{"type":"Feature","properties":{},"geometry":{"type":"LineString","coordinates":[[5664982.80455074,6431429.993490985],[5665014.953822608,6431330.471307977]]}},{"type":"Feature","properties":{},"geometry":{"type":"LineString","coordinates":[[5665001.836188086,6431436.141399568],[5665033.8597870525,6431337.0082531]]}},{"type":"Feature","properties":{},"geometry":{"type":"LineString","coordinates":[[5664832.487527695,6431509.170904762],[5664944.694595299,6431547.967732373]]}},{"type":"Feature","properties":{},"geometry":{"type":"LineString","coordinates":[[5664825.9519479,6431528.072920443],[5664938.545402374,6431567.003345562]]}},{"type":"Feature","properties":{},"geometry":{"type":"LineString","coordinates":[[5664906.333294054,6431666.72004684],[5664938.545402373,6431567.003345561]]}},{"type":"Feature","properties":{},"geometry":{"type":"LineString","coordinates":[[5664925.3649314,6431672.867955423],[5664957.4513668185,6431573.540290685]]}},{"type":"Feature","properties":{},"geometry":{"type":"LineString","coordinates":[[5665094.713591791,6431599.83845023],[5665206.727465959,6431638.568479084]]}},{"type":"Feature","properties":{},"geometry":{"type":"LineString","coordinates":[[5665088.178011996,6431618.74046591],[5665200.578273035,6431657.604092275]]}},{"type":"Feature","properties":{},"geometry":{"type":"LineString","coordinates":[[5665168.491837615,6431756.931757011],[5665200.578273034,6431657.604092276]]}},{"type":"Feature","properties":{},"geometry":{"type":"LineString","coordinates":[[5665187.5234749615,6431763.079665595],[5665219.484237476,6431664.141037398]]}},{"type":"Feature","properties":{},"geometry":{"type":"LineString","coordinates":[[5665244.8374214,6431520.594237696],[5665276.986693267,6431421.072054688]]}},{"type":"Feature","properties":{},"geometry":{"type":"LineString","coordinates":[[5665263.869058746,6431526.74214628],[5665295.892657714,6431427.608999813]]}},{"type":"Feature","properties":{},"geometry":{"type":"LineString","coordinates":[[5665171.122012025,6431363.306412643],[5665283.135886193,6431402.036441498]]}},{"type":"Feature","properties":{},"geometry":{"type":"LineString","coordinates":[[5665164.58643223,6431382.208428323],[5665276.986693268,6431421.072054689]]}},{"type":"Feature","properties":{},"geometry":{"type":"LineString","coordinates":[[5665429.578132458,6431452.017010731],[5665538.274044445,6431490.548296837]]}},{"type":"Feature","properties":{},"geometry":{"type":"LineString","coordinates":[[5665422.8958246615,6431470.867654287],[5665531.904571433,6431509.509836253]]}},{"type":"Feature","properties":{},"geometry":{"type":"LineString","coordinates":[[5665498.419386076,6431609.193226224],[5665531.904571434,6431509.509836255]]}},{"type":"Feature","properties":{},"geometry":{"type":"LineString","coordinates":[[5665517.378314946,6431615.561822312],[5665550.757810629,6431516.193064172]]}},{"type":"Feature","properties":{},"geometry":{"type":"LineString","coordinates":[[5665684.989269608,6431542.556934639],[5665793.841598988,6431581.143668675]]}},{"type":"Feature","properties":{},"geometry":{"type":"LineString","coordinates":[[5665678.306961811,6431561.407578195],[5665787.472125976,6431600.105208092]]}},{"type":"Feature","properties":{},"geometry":{"type":"LineString","coordinates":[[5665753.986940618,6431699.7885980625],[5665787.472125977,6431600.105208093]]}},{"type":"Feature","properties":{},"geometry":{"type":"LineString","coordinates":[[5665772.945869488,6431706.157194151],[5665806.325365172,6431606.78843601]]}},{"type":"Feature","properties":{},"geometry":{"type":"LineString","coordinates":[[5665674.48900323,6431936.449193176],[5665707.921343751,6431836.92311912]]}},{"type":"Feature","properties":{},"geometry":{"type":"LineString","coordinates":[[5665693.4479321,6431942.817789264],[5665726.774582943,6431843.6063470375]]}},{"type":"Feature","properties":{},"geometry":{"type":"LineString","coordinates":[[5665605.438487382,6431779.374845667],[5665714.290816762,6431817.961579703]]}},{"type":"Feature","properties":{},"geometry":{"type":"LineString","coordinates":[[5665598.756179585,6431798.225489223],[5665707.92134375,6431836.92311912]]}},{"type":"Feature","properties":{},"geometry":{"type":"LineString","coordinates":[[5665349.714515446,6431688.724025898],[5665458.723262221,6431727.366207865]]}},{"type":"Feature","properties":{},"geometry":{"type":"LineString","coordinates":[[5665343.032207649,6431707.574669454],[5665452.3537892075,6431746.327747281]]}},{"type":"Feature","properties":{},"geometry":{"type":"LineString","coordinates":[[5665418.8157590125,6431846.168453166],[5665452.353789208,6431746.327747282]]}},{"type":"Feature","properties":{},"geometry":{"type":"LineString","coordinates":[[5665437.7746878825,6431852.537049254],[5665471.207028402,6431753.010975199]]}},{"type":"Feature","properties":{},"geometry":{"type":"LineString","coordinates":[[5665588.599089297,6432186.801698902],[5665625.041841737,6432077.084088734]]}},{"type":"Feature","properties":{},"geometry":{"type":"LineString","coordinates":[[5665607.579480033,6432193.106044027],[5665643.8628703235,6432083.868222933]]}},{"type":"Feature","properties":{},"geometry":{"type":"LineString","coordinates":[[5665524.218428671,6432019.482170955],[5665631.348200731,6432058.097634877]]}},{"type":"Feature","properties":{},"geometry":{"type":"LineString","coordinates":[[5665517.436460914,6432038.297189248],[5665625.041841736,6432077.084088733]]}},{"type":"Feature","properties":{},"geometry":{"type":"LineString","coordinates":[[5665271.841218618,6431928.511539148],[5665378.733186296,6431967.041285288]]}},{"type":"Feature","properties":{},"geometry":{"type":"LineString","coordinates":[[5665265.0592508605,6431947.326557441],[5665372.426827302,6431986.027739146]]}},{"type":"Feature","properties":{},"geometry":{"type":"LineString","coordinates":[[5665335.984074863,6432095.745349313],[5665372.426827301,6431986.027739145]]}},{"type":"Feature","properties":{},"geometry":{"type":"LineString","coordinates":[[5665354.9644655995,6432102.049694438],[5665391.247855888,6431992.811873345]]}},{"type":"Feature","properties":{},"geometry":{"type":"LineString","coordinates":[[5665250.645214147,6432352.673688288],[5665287.167647662,6432242.716183584]]}},{"type":"Feature","properties":{},"geometry":{"type":"LineString","coordinates":[[5665269.625604884,6432358.978033413],[5665305.988676249,6432249.500317784]]}},{"type":"Feature","properties":{},"geometry":{"type":"LineString","coordinates":[[5665186.106430214,6432185.028548022],[5665293.474006654,6432223.729729726]]}},{"type":"Feature","properties":{},"geometry":{"type":"LineString","coordinates":[[5665179.324462457,6432203.843566314],[5665287.167647662,6432242.716183583]]}},{"type":"Feature","properties":{},"geometry":{"type":"LineString","coordinates":[[5665438.959249031,6432276.170615394],[5665546.089021091,6432314.786079317]]}},{"type":"Feature","properties":{},"geometry":{"type":"LineString","coordinates":[[5665432.1772812735,6432294.985633686],[5665539.782662099,6432333.772533175]]}},{"type":"Feature","properties":{},"geometry":{"type":"LineString","coordinates":[[5665503.419590733,6432443.250248804],[5665539.782662098,6432333.772533175]]}},{"type":"Feature","properties":{},"geometry":{"type":"LineString","coordinates":[[5665522.39998147,6432449.554593929],[5665558.603690683,6432340.556667373]]}},{"type":"Feature","properties":{},"geometry":{"type":"LineString","coordinates":[[5665262.591668992,6432789.299905036],[5665372.774389231,6432829.021412498]]}},{"type":"Feature","properties":{},"geometry":{"type":"LineString","coordinates":[[5665255.8088559965,6432808.114618637],[5665366.223770035,6432847.919833307]]}},{"type":"Feature","properties":{},"geometry":{"type":"LineString","coordinates":[[5665327.506403968,6432959.618751356],[5665366.223770036,6432847.919833307]]}},{"type":"Feature","properties":{},"geometry":{"type":"LineString","coordinates":[[5665346.403385805,6432966.168871772],[5665385.039916344,6432854.703162802]]}},{"type":"Feature","properties":{},"geometry":{"type":"LineString","coordinates":[[5665417.961538962,6432698.65728272],[5665456.719322796,6432586.841760132]]}},{"type":"Feature","properties":{},"geometry":{"type":"LineString","coordinates":[[5665436.858520799,6432705.2074031355],[5665475.535469102,6432593.625089627]]}},{"type":"Feature","properties":{},"geometry":{"type":"LineString","coordinates":[[5665353.087221752,6432528.22183186],[5665463.26994199,6432567.943339324]]}},{"type":"Feature","properties":{},"geometry":{"type":"LineString","coordinates":[[5665346.304408756,6432547.036545461],[5665456.719322796,6432586.8417601315]]}},{"type":"Feature","properties":{},"geometry":{"type":"LineString","coordinates":[[5665560.787368889,6432749.458975438],[5665791.878887194,6432832.948250281]]}},{"type":"Feature","properties":{},"geometry":{"type":"LineString","coordinates":[[5665553.99163111,6432768.269024562],[5665785.287454185,6432851.832111101]]}},{"type":"Feature","properties":{},"geometry":{"type":"LineString","coordinates":[[5665701.727626479,6433091.223477879],[5665785.287454186,6432851.832111102]]}},{"type":"Feature","properties":{},"geometry":{"type":"LineString","coordinates":[[5665720.61037352,6433097.81452212],[5665804.098612805,6432858.62824972]]}},{"type":"Feature","properties":{},"geometry":{"type":"LineString","coordinates":[[11331254.739118595,12863309.456671208],[11331327.867582971,12863091.75761551]]}},{"type":"Feature","properties":{},"geometry":{"type":"LineString","coordinates":[[11331175.135491531,12863546.43189815],[11331248.369645584,12863328.418210626]]}},{"type":"Feature","properties":{},"geometry":{"type":"LineString","coordinates":[[5665132.693190247,6431481.602891816],[5665376.013289898,6431565.733492159]]}},{"type":"Feature","properties":{},"geometry":{"type":"LineString","coordinates":[[5665132.693190248,6431481.602891817],[5665203.015254009,6431263.911949152]]}},{"type":"Feature","properties":{},"geometry":{"type":"LineString","coordinates":[[5665126.543997323,6431500.638505007],[5665369.477710103,6431584.63550784]]}},{"type":"Feature","properties":{},"geometry":{"type":"LineString","coordinates":[[5665113.787225803,6431475.0659466935],[5665183.983616662,6431257.764040569]]}},{"type":"Feature","properties":{},"geometry":{"type":"LineString","coordinates":[[5664870.853513022,6431391.068943859],[5665113.787225803,6431475.0659466935]]}},{"type":"Feature","properties":{},"geometry":{"type":"LineString","coordinates":[[5664864.317933227,6431409.9709595395],[5665107.63803288,6431494.101559884]]}},{"type":"Feature","properties":{},"geometry":{"type":"LineString","coordinates":[[5665037.315969117,6431711.792502549],[5665107.638032879,6431494.101559884]]}},{"type":"Feature","properties":{},"geometry":{"type":"LineString","coordinates":[[5665056.347606463,6431717.940411132],[5665126.543997323,6431500.638505007]]}},{"type":"Feature","properties":{},"geometry":{"type":"LineString","coordinates":[[5672069.818866395,6431483.804073804],[5671983.67731141,6431706.595880201]]}},{"type":"Feature","properties":{},"geometry":{"type":"LineString","coordinates":[[5672051.164674855,6431476.591505746],[5671965.014171287,6431699.406456264]]}},{"type":"Feature","properties":{},"geometry":{"type":"LineString","coordinates":[[11329951.070892058,12863932.903738346],[11330030.194750145,12863696.901843878]]}},{"type":"Feature","properties":{},"geometry":{"type":"LineString","coordinates":[[11329865.710854799,12864187.506218458],[11329944.712149084,12863951.869893752]]}},{"type":"Feature","properties":{},"geometry":{"type":"LineString","coordinates":[[5669331.254282455,6434099.893117],[5669411.349750348,6433883.871683554]]}},{"type":"Feature","properties":{},"geometry":{"type":"LineString","coordinates":[[5669343.1075861165,6434125.453556868],[5669576.521914885,6434209.942457426]]}},{"type":"Feature","properties":{},"geometry":{"type":"LineString","coordinates":[[5669350.060764096,6434106.700492389],[5669430.102249651,6433890.824651978]]}},{"type":"Feature","properties":{},"geometry":{"type":"LineString","coordinates":[[5669350.060764097,6434106.700492389],[5669583.329085114,6434191.136542574]]}},{"type":"Feature","properties":{},"geometry":{"type":"LineString","coordinates":[[5668179.454825674,6432974.10044133],[5668291.56214096,6433014.708361098]]}},{"type":"Feature","properties":{},"geometry":{"type":"LineString","coordinates":[[5668179.454825674,6432974.10044133],[5668218.209965732,6432865.151948036]]}},{"type":"Feature","properties":{},"geometry":{"type":"LineString","coordinates":[[5668160.650127797,6432967.288935224],[5668199.366649246,6432858.449006605]]}},{"type":"Feature","properties":{},"geometry":{"type":"LineString","coordinates":[[5668172.751772995,6432992.944070557],[5668284.750747902,6433033.512746879]]}},{"type":"Feature","properties":{},"geometry":{"type":"LineString","coordinates":[[5668088.596368114,6433229.5218393635],[5668127.332198868,6433120.627628406]]}},{"type":"Feature","properties":{},"geometry":{"type":"LineString","coordinates":[[5668081.893315435,6433248.365468589],[5668193.783949963,6433288.894901465]]}},{"type":"Feature","properties":{},"geometry":{"type":"LineString","coordinates":[[5668069.791670238,6433222.710333254],[5668108.4888823815,6433113.924686975]]}},{"type":"Feature","properties":{},"geometry":{"type":"LineString","coordinates":[[5668088.596368114,6433229.521839363],[5668200.595343021,6433270.090515683]]}},{"type":"Feature","properties":{},"geometry":{"type":"LineString","coordinates":[[5667906.437922884,6432875.207265129],[5667945.115825724,6432766.475901187]]}},{"type":"Feature","properties":{},"geometry":{"type":"LineString","coordinates":[[5667925.2426207615,6432882.018771238],[5668034.812662242,6432921.707630453]]}},{"type":"Feature","properties":{},"geometry":{"type":"LineString","coordinates":[[5667925.242620761,6432882.018771237],[5667963.95914221,6432773.178842618]]}},{"type":"Feature","properties":{},"geometry":{"type":"LineString","coordinates":[[5667918.5395680815,6432900.862400464],[5668028.001269184,6432940.512016234]]}},{"type":"Feature","properties":{},"geometry":{"type":"LineString","coordinates":[[5667834.3841632,6433137.44016927],[5667873.119993954,6433028.545958312]]}},{"type":"Feature","properties":{},"geometry":{"type":"LineString","coordinates":[[5667834.3841632,6433137.44016927],[5667943.954204682,6433177.129028485]]}},{"type":"Feature","properties":{},"geometry":{"type":"LineString","coordinates":[[5667815.579465324,6433130.628663163],[5667854.276677468,6433021.8430168815]]}},{"type":"Feature","properties":{},"geometry":{"type":"LineString","coordinates":[[5667827.681110521,6433156.283798496],[5667937.142811624,6433195.933414266]]}},{"type":"Feature","properties":{},"geometry":{"type":"LineString","coordinates":[[5666824.510440436,6432775.592908626],[5666935.626178401,6432815.325663048]]}},{"type":"Feature","properties":{},"geometry":{"type":"LineString","coordinates":[[5666824.510440437,6432775.592908627],[5666862.897921293,6432666.99415804]]}},{"type":"Feature","properties":{},"geometry":{"type":"LineString","coordinates":[[5666817.844960612,6432794.449649549],[5666928.892151533,6432834.157892925]]}},{"type":"Feature","properties":{},"geometry":{"type":"LineString","coordinates":[[5666805.67808581,6432768.85883715],[5666844.041305284,6432660.328722368]]}},{"type":"Feature","properties":{},"geometry":{"type":"LineString","coordinates":[[5667173.449827946,6432612.743216727],[5667212.016077977,6432503.638725505]]}},{"type":"Feature","properties":{},"geometry":{"type":"LineString","coordinates":[[5667173.449827947,6432612.743216727],[5667283.416886121,6432652.0652263425]]}},{"type":"Feature","properties":{},"geometry":{"type":"LineString","coordinates":[[5667166.784348121,6432631.599957648],[5667276.682859253,6432670.897456219]]}},{"type":"Feature","properties":{},"geometry":{"type":"LineString","coordinates":[[5667154.617473319,6432606.00914525],[5667193.159461968,6432496.973289833]]}},{"type":"Feature","properties":{},"geometry":{"type":"LineString","coordinates":[[5666895.9385149665,6432513.510749302],[5666934.456242234,6432404.543529691]]}},{"type":"Feature","properties":{},"geometry":{"type":"LineString","coordinates":[[5666914.770869595,6432520.24482078],[5667025.886607558,6432559.9775752]]}},{"type":"Feature","properties":{},"geometry":{"type":"LineString","coordinates":[[5666914.770869595,6432520.244820779],[5666953.3128582435,6432411.208965363]]}},{"type":"Feature","properties":{},"geometry":{"type":"LineString","coordinates":[[5666908.105389769,6432539.101561701],[5667019.15258069,6432578.809805077]]}},{"type":"Feature","properties":{},"geometry":{"type":"LineString","coordinates":[[5671064.472689213,6434579.098256306],[5671104.127683072,6434473.331940049]]}},{"type":"Feature","properties":{},"geometry":{"type":"LineString","coordinates":[[5671064.472689213,6434579.098256307],[5671173.697883613,6434618.398139345]]}},{"type":"Feature","properties":{},"geometry":{"type":"LineString","coordinates":[[5671045.652106886,6434572.326497388],[5671085.400670261,6434466.310616018]]}},{"type":"Feature","properties":{},"geometry":{"type":"LineString","coordinates":[[5671057.450741733,6434597.826931955],[5671166.926725931,6434637.217050674]]}},{"type":"Feature","properties":{},"geometry":{"type":"LineString","coordinates":[[5670970.978452261,6434828.462587784],[5671010.680230877,6434722.571488974]]}},{"type":"Feature","properties":{},"geometry":{"type":"LineString","coordinates":[[5670970.978452259,6434828.462587785],[5671080.454436459,6434867.852706506]]}},{"type":"Feature","properties":{},"geometry":{"type":"LineString","coordinates":[[5670952.157869931,6434821.690828868],[5670991.953218066,6434715.550164943]]}},{"type":"Feature","properties":{},"geometry":{"type":"LineString","coordinates":[[5670963.956504779,6434847.191263435],[5671073.683278777,6434886.671617835]]}},{"type":"Feature","properties":{},"geometry":{"type":"LineString","coordinates":[[5670695.313947083,6434729.276837915],[5670735.109295217,6434623.136173989]]}},{"type":"Feature","properties":{},"geometry":{"type":"LineString","coordinates":[[5670714.134529411,6434736.048596831],[5670823.610513609,6434775.438715552]]}},{"type":"Feature","properties":{},"geometry":{"type":"LineString","coordinates":[[5670714.134529412,6434736.048596833],[5670753.836308029,6434630.15749802]]}},{"type":"Feature","properties":{},"geometry":{"type":"LineString","coordinates":[[5670707.112581933,6434754.7772724815],[5670816.839355927,6434794.257626881]]}},{"type":"Feature","properties":{},"geometry":{"type":"LineString","coordinates":[[5670197.90980818,6434549.82576757],[5670236.5340987835,6434443.278286955]]}},{"type":"Feature","properties":{},"geometry":{"type":"LineString","coordinates":[[5670197.909808181,6434549.82576757],[5670310.703523579,6434590.595186945]]}},{"type":"Feature","properties":{},"geometry":{"type":"LineString","coordinates":[[5670179.100766061,6434543.02721746],[5670217.731424347,6434436.462171198]]}},{"type":"Feature","properties":{},"geometry":{"type":"LineString","coordinates":[[5670191.093689449,6434568.628450213],[5670303.904976436,6434609.404220859]]}},{"type":"Feature","properties":{},"geometry":{"type":"LineString","coordinates":[[5670441.321070389,6434637.807050877],[5670479.951728675,6434531.242004614]]}},{"type":"Feature","properties":{},"geometry":{"type":"LineString","coordinates":[[5670460.130112509,6434644.605600986],[5670571.938617197,6434685.018914807]]}},{"type":"Feature","properties":{},"geometry":{"type":"LineString","coordinates":[[5670460.130112509,6434644.605600986],[5670498.7544031115,6434538.058120372]]}},{"type":"Feature","properties":{},"geometry":{"type":"LineString","coordinates":[[5670453.313993776,6434663.408283629],[5670565.140070054,6434703.82794872]]}},{"type":"Feature","properties":{},"geometry":{"type":"LineString","coordinates":[[5670807.6287663635,6434486.684265353],[5670847.37732974,6434380.668383982]]}},{"type":"Feature","properties":{},"geometry":{"type":"LineString","coordinates":[[5670807.6287663635,6434486.684265352],[5670917.1047505615,6434526.074384071]]}},{"type":"Feature","properties":{},"geometry":{"type":"LineString","coordinates":[[5670788.808184036,6434479.912506434],[5670828.6503169285,6434373.647059951]]}},{"type":"Feature","properties":{},"geometry":{"type":"LineString","coordinates":[[5670800.606818884,6434505.4129409995],[5670910.33359288,6434544.8932954]]}},{"type":"Feature","properties":{},"geometry":{"type":"LineString","coordinates":[[5670551.020482703,6434393.878926002],[5670662.811415802,6434434.285888551]]}},{"type":"Feature","properties":{},"geometry":{"type":"LineString","coordinates":[[5670551.020482704,6434393.8789260015],[5670589.641589465,6434287.340228212]]}},{"type":"Feature","properties":{},"geometry":{"type":"LineString","coordinates":[[5670544.204363972,6434412.681608644],[5670656.012868659,6434453.094922464]]}},{"type":"Feature","properties":{},"geometry":{"type":"LineString","coordinates":[[5670532.211440583,6434387.080375892],[5670570.838915028,6434280.524112455]]}},{"type":"Feature","properties":{},"geometry":{"type":"LineString","coordinates":[[5670374.64520678,6434064.258162577],[5670410.226721418,6433970.345067253]]}},{"type":"Feature","properties":{},"geometry":{"type":"LineString","coordinates":[[5670374.645206779,6434064.258162576],[5670488.103307337,6434106.072567592]]}},{"type":"Feature","properties":{},"geometry":{"type":"LineString","coordinates":[[5670355.878327288,6434057.341724738],[5670391.524084899,6433963.259067874]]}},{"type":"Feature","properties":{},"geometry":{"type":"LineString","coordinates":[[5670367.558916188,6434082.961567718],[5670481.187153729,6434124.838675854]]}},{"type":"Feature","properties":{},"geometry":{"type":"LineString","coordinates":[[5670093.695082438,6433984.279262078],[5670058.00417437,6434084.610154917]]}},{"type":"Feature","properties":{},"geometry":{"type":"LineString","coordinates":[[5670119.181133898,6433972.308777511],[5670231.343076822,6434013.354592676]]}},{"type":"Feature","properties":{},"geometry":{"type":"LineString","coordinates":[[5670112.477715144,6433991.152791996],[5670076.847418537,6434091.313299645]]}},{"type":"Feature","properties":{},"geometry":{"type":"LineString","coordinates":[[5670112.477715143,6433991.1527919965],[5670224.469827884,6434032.136457575]]}},{"type":"Feature","properties":{},"geometry":{"type":"LineString","coordinates":[[5670724.580088809,6433936.34863738],[5670837.953120876,6433978.131690837]]}},{"type":"Feature","properties":{},"geometry":{"type":"LineString","coordinates":[[5670724.580088809,6433936.34863738],[5670760.097360475,6433842.605103595]]}},{"type":"Feature","properties":{},"geometry":{"type":"LineString","coordinates":[[5670717.493798217,6433955.0520425225],[5670831.036967268,6433996.897799099]]}},{"type":"Feature","properties":{},"geometry":{"type":"LineString","coordinates":[[5670705.813209318,6433929.432199539],[5670741.394723956,6433835.519104216]]}},{"type":"Feature","properties":{},"geometry":{"type":"LineString","coordinates":[[5670958.973914676,6434024.946134918],[5670994.926521796,6433932.732838647]]}},{"type":"Feature","properties":{},"geometry":{"type":"LineString","coordinates":[[5670977.737827382,6434031.8775020195],[5671082.783686234,6434070.68131771]]}},{"type":"Feature","properties":{},"geometry":{"type":"LineString","coordinates":[[5670977.737827381,6434031.8775020195],[5671013.560336414,6433939.997888735]]}},{"type":"Feature","properties":{},"geometry":{"type":"LineString","coordinates":[[5670970.471612529,6434050.514304093],[5671075.853430223,6434089.442222581]]}},{"type":"Feature","properties":{},"geometry":{"type":"LineString","coordinates":[[5671225.525349916,6434123.409919004],[5671261.217760864,6434031.863988703]]}},{"type":"Feature","properties":{},"geometry":{"type":"LineString","coordinates":[[5671225.525349916,6434123.409919003],[5671330.403229347,6434162.151683295]]}},{"type":"Feature","properties":{},"geometry":{"type":"LineString","coordinates":[[5671206.761437212,6434116.478551901],[5671242.583946246,6434024.598938616]]}},{"type":"Feature","properties":{},"geometry":{"type":"LineString","coordinates":[[5671218.259135065,6434142.0467210775],[5671323.472973336,6434180.912588166]]}},{"type":"Feature","properties":{},"geometry":{"type":"LineString","coordinates":[[5671120.6490384815,6434337.344541126],[5671156.53659656,6434245.298086347]]}},{"type":"Feature","properties":{},"geometry":{"type":"LineString","coordinates":[[5671139.412951188,6434344.275908226],[5671244.626789461,6434383.141775317]]}},{"type":"Feature","properties":{},"geometry":{"type":"LineString","coordinates":[[5671139.412951187,6434344.275908227],[5671175.170411178,6434252.563136434]]}},{"type":"Feature","properties":{},"geometry":{"type":"LineString","coordinates":[[5671132.146736335,6434362.912710301],[5671237.696533448,6434401.9026801875]]}},{"type":"Feature","properties":{},"geometry":{"type":"LineString","coordinates":[[5670891.625428652,6434252.743491243],[5670996.671287506,6434291.547306934]]}},{"type":"Feature","properties":{},"geometry":{"type":"LineString","coordinates":[[5670872.861515949,6434245.812124142],[5670908.749074025,6434153.7656693645]]}},{"type":"Feature","properties":{},"geometry":{"type":"LineString","coordinates":[[5670884.359213798,6434271.380293316],[5670989.741031495,6434310.308211805]]}},{"type":"Feature","properties":{},"geometry":{"type":"LineString","coordinates":[[5670891.625428651,6434252.743491244],[5670927.382888643,6434161.030719452]]}},{"type":"Feature","properties":{},"geometry":{"type":"LineString","coordinates":[[5670639.180235374,6434161.75119985],[5670674.761750012,6434067.8381045265]]}},{"type":"Feature","properties":{},"geometry":{"type":"LineString","coordinates":[[5670620.413355881,6434154.834762009],[5670656.059113492,6434060.752105148]]}},{"type":"Feature","properties":{},"geometry":{"type":"LineString","coordinates":[[5670639.180235373,6434161.751199849],[5670752.723404423,6434203.596956425]]}},{"type":"Feature","properties":{},"geometry":{"type":"LineString","coordinates":[[5670632.093944781,6434180.454604991],[5670745.807250815,6434222.363064687]]}},{"type":"Feature","properties":{},"geometry":{"type":"LineString","coordinates":[[5671471.9324948955,6434248.203614546],[5671437.924744391,6434336.285786283]]}},{"type":"Feature","properties":{},"geometry":{"type":"LineString","coordinates":[[5671479.136341945,6434229.545206282],[5671580.595993601,6434267.685023001]]}},{"type":"Feature","properties":{},"geometry":{"type":"LineString","coordinates":[[5671453.210785714,6434241.165914878],[5671419.267073353,6434329.082223869]]}},{"type":"Feature","properties":{},"geometry":{"type":"LineString","coordinates":[[5671471.932494894,6434248.203614547],[5671573.558572004,6434286.405992455]]}},{"type":"Feature","properties":{},"geometry":{"type":"LineString","coordinates":[[5672325.991967217,6434238.50129614],[5672380.195638639,6434096.828837879]]}},{"type":"Feature","properties":{},"geometry":{"type":"LineString","coordinates":[[5672344.825516709,6434245.245423153],[5672456.029902336,6434285.066727216]]}},{"type":"Feature","properties":{},"geometry":{"type":"LineString","coordinates":[[5672344.825516709,6434245.245423153],[5672398.875144719,6434103.9755890705]]}},{"type":"Feature","properties":{},"geometry":{"type":"LineString","coordinates":[[5672337.67710556,6434263.929267876],[5672449.287341402,6434303.895903301]]}},{"type":"Feature","properties":{},"geometry":{"type":"LineString","coordinates":[[5672084.9525715755,6434152.187226684],[5672139.0021995865,6434010.9173926]]}},{"type":"Feature","properties":{},"geometry":{"type":"LineString","coordinates":[[5672084.952571576,6434152.187226684],[5672195.954032097,6434191.935865067]]}},{"type":"Feature","properties":{},"geometry":{"type":"LineString","coordinates":[[5672066.119022085,6434145.443099674],[5672120.322693506,6434003.770641409]]}},{"type":"Feature","properties":{},"geometry":{"type":"LineString","coordinates":[[5672077.804160425,6434170.871071407],[5672189.211471163,6434210.765041152]]}},{"type":"Feature","properties":{},"geometry":{"type":"LineString","coordinates":[[5672162.7025376335,6434725.7605353035],[5672275.733093784,6434767.993042249]]}},{"type":"Feature","properties":{},"geometry":{"type":"LineString","coordinates":[[5672162.7025376335,6434725.760535303],[5672194.616480094,6434640.341227284]]}},{"type":"Feature","properties":{},"geometry":{"type":"LineString","coordinates":[[5672155.702821532,6434744.495635374],[5672268.733001626,6434786.728001811]]}},{"type":"Feature","properties":{},"geometry":{"type":"LineString","coordinates":[[5672143.967578068,6434718.760443143],[5672175.881380028,6434633.341511184]]}},{"type":"Feature","properties":{},"geometry":{"type":"LineString","coordinates":[[5672221.378287273,6434511.566699483],[5672252.875621816,6434427.262463981]]}},{"type":"Feature","properties":{},"geometry":{"type":"LineString","coordinates":[[5672240.113246838,6434518.566791644],[5672353.144179046,6434560.799439099]]}},{"type":"Feature","properties":{},"geometry":{"type":"LineString","coordinates":[[5672240.113246838,6434518.566791643],[5672271.610721882,6434434.262180081]]}},{"type":"Feature","properties":{},"geometry":{"type":"LineString","coordinates":[[5672233.113530737,6434537.301891714],[5672346.144086888,6434579.53439866]]}},{"type":"Feature","properties":{},"geometry":{"type":"LineString","coordinates":[[5671956.6483181035,6434412.653532611],[5671988.145512143,6434328.3496731715]]}},{"type":"Feature","properties":{},"geometry":{"type":"LineString","coordinates":[[5671975.383277668,6434419.653624773],[5672089.613147615,6434462.334240885]]}},{"type":"Feature","properties":{},"geometry":{"type":"LineString","coordinates":[[5671975.383277667,6434419.653624771],[5672006.880612209,6434335.349389271]]}},{"type":"Feature","properties":{},"geometry":{"type":"LineString","coordinates":[[5671968.3835615665,6434438.388724842],[5672082.613055457,6434481.069200447]]}},{"type":"Feature","properties":{},"geometry":{"type":"LineString","coordinates":[[5671713.41426221,6434338.979309085],[5671679.406511705,6434427.061480818]]}},{"type":"Feature","properties":{},"geometry":{"type":"LineString","coordinates":[[5671720.618109263,6434320.320900819],[5671822.8639556505,6434358.756256922]]}},{"type":"Feature","properties":{},"geometry":{"type":"LineString","coordinates":[[5671694.692553028,6434331.941609415],[5671660.748840667,6434419.857918404]]}},{"type":"Feature","properties":{},"geometry":{"type":"LineString","coordinates":[[5671713.41426221,6434338.979309084],[5671815.826534053,6434377.477226376]]}},{"type":"Feature","properties":{},"geometry":{"type":"LineString","coordinates":[[5671370.819609673,6434454.564143508],[5671336.907916384,6434542.397521123]]}},{"type":"Feature","properties":{},"geometry":{"type":"LineString","coordinates":[[5671396.745165908,6434442.943434912],[5671498.204817561,6434481.083251629]]}},{"type":"Feature","properties":{},"geometry":{"type":"LineString","coordinates":[[5671389.541318854,6434461.6018431755],[5671355.565587422,6434549.601083538]]}},{"type":"Feature","properties":{},"geometry":{"type":"LineString","coordinates":[[5671389.541318855,6434461.601843176],[5671491.167395964,6434499.8042210825]]}},{"type":"Feature","properties":{},"geometry":{"type":"LineString","coordinates":[[5671638.226933223,6434533.719129446],[5671740.639205065,6434572.217046738]]}},{"type":"Feature","properties":{},"geometry":{"type":"LineString","coordinates":[[5671631.023086171,6434552.377537713],[5671596.983316593,6434640.542640818]]}},{"type":"Feature","properties":{},"geometry":{"type":"LineString","coordinates":[[5671631.023086171,6434552.377537712],[5671733.601783467,6434590.938016191]]}},{"type":"Feature","properties":{},"geometry":{"type":"LineString","coordinates":[[5671612.301376987,6434545.339838044],[5671578.325645555,6434633.339078404]]}},{"type":"Feature","properties":{},"geometry":{"type":"LineString","coordinates":[[5672077.396325097,6434969.118498513],[5672038.28353507,6435074.8887765035]]}},{"type":"Feature","properties":{},"geometry":{"type":"LineString","coordinates":[[5672084.333153074,6434950.35966738],[5672195.896502673,6434990.884200084]]}},{"type":"Feature","properties":{},"geometry":{"type":"LineString","coordinates":[[5672058.59776575,6434962.290065737],[5672019.525016447,6435067.952064091]]}},{"type":"Feature","properties":{},"geometry":{"type":"LineString","coordinates":[[5672077.396325099,6434969.1184985135],[5672189.068183652,6435009.682446263]]}},{"type":"Feature","properties":{},"geometry":{"type":"LineString","coordinates":[[5671966.649503575,6435210.940014866],[5671927.687687377,6435316.302023742]]}},{"type":"Feature","properties":{},"geometry":{"type":"LineString","coordinates":[[5671992.3848909,6435199.009616512],[5672104.056749452,6435239.573564261]]}},{"type":"Feature","properties":{},"geometry":{"type":"LineString","coordinates":[[5671985.448062923,6435217.76844764],[5671946.446206001,6435323.2387361545]]}},{"type":"Feature","properties":{},"geometry":{"type":"LineString","coordinates":[[5671985.448062925,6435217.768447641],[5672097.228430431,6435258.371810438]]}},{"type":"Feature","properties":{},"geometry":{"type":"LineString","coordinates":[[5671724.561033251,6435123.003231251],[5671685.599217052,6435228.365240131]]}},{"type":"Feature","properties":{},"geometry":{"type":"LineString","coordinates":[[5671731.497861224,6435104.244400122],[5671843.115913647,6435144.788803208]]}},{"type":"Feature","properties":{},"geometry":{"type":"LineString","coordinates":[[5671705.762473902,6435116.174798475],[5671666.840698428,6435221.428527718]]}},{"type":"Feature","properties":{},"geometry":{"type":"LineString","coordinates":[[5671724.56103325,6435123.003231252],[5671836.287594627,6435163.587049385]]}},{"type":"Feature","properties":{},"geometry":{"type":"LineString","coordinates":[[5671450.729530387,6435023.395515845],[5671410.798047804,6435128.520849603]]}},{"type":"Feature","properties":{},"geometry":{"type":"LineString","coordinates":[[5671476.623997008,6435011.548015053],[5671585.3229220025,6435051.175323844]]}},{"type":"Feature","properties":{},"geometry":{"type":"LineString","coordinates":[[5671469.521510699,6435030.246325147],[5671429.494672657,6435135.62269578]]}},{"type":"Feature","properties":{},"geometry":{"type":"LineString","coordinates":[[5671469.521510699,6435030.246325148],[5671578.472730149,6435069.9656104725]]}},{"type":"Feature","properties":{},"geometry":{"type":"LineString","coordinates":[[5671213.844276876,6434937.036565293],[5671173.912794296,6435042.16189905]]}},{"type":"Feature","properties":{},"geometry":{"type":"LineString","coordinates":[[5671220.946763188,6434918.338255197],[5671329.709299613,6434957.988754188]]}},{"type":"Feature","properties":{},"geometry":{"type":"LineString","coordinates":[[5671195.052296564,6434930.185755988],[5671155.216169443,6435035.060052873]]}},{"type":"Feature","properties":{},"geometry":{"type":"LineString","coordinates":[[5671213.844276878,6434937.036565293],[5671322.859107759,6434976.779040816]]}},{"type":"Feature","properties":{},"geometry":{"type":"LineString","coordinates":[[5671307.886408395,6434689.45721627],[5671267.885376621,6434794.765648215]]}},{"type":"Feature","properties":{},"geometry":{"type":"LineString","coordinates":[[5671314.988894706,6434670.758906176],[5671423.751431132,6434710.409405166]]}},{"type":"Feature","properties":{},"geometry":{"type":"LineString","coordinates":[[5671289.094428082,6434682.606406967],[5671249.188751768,6434787.663802038]]}},{"type":"Feature","properties":{},"geometry":{"type":"LineString","coordinates":[[5671307.886408396,6434689.45721627],[5671416.901239278,6434729.199691795]]}},{"type":"Feature","properties":{},"geometry":{"type":"LineString","coordinates":[[5671563.563642218,6434782.666976126],[5671523.562610443,6434887.9754080735]]}},{"type":"Feature","properties":{},"geometry":{"type":"LineString","coordinates":[[5671570.666128526,6434763.968666033],[5671679.112759065,6434803.50399829]]}},{"type":"Feature","properties":{},"geometry":{"type":"LineString","coordinates":[[5671544.771661905,6434775.816166822],[5671504.86598559,6434880.873561896]]}},{"type":"Feature","properties":{},"geometry":{"type":"LineString","coordinates":[[5671563.563642217,6434782.666976127],[5671672.262567211,6434822.294284918]]}},{"type":"Feature","properties":{},"geometry":{"type":"LineString","coordinates":[[5671816.509295424,6434874.353282123],[5671777.396505396,6434980.123560115]]}},{"type":"Feature","properties":{},"geometry":{"type":"LineString","coordinates":[[5671823.446123398,6434855.594450993],[5671935.064175821,6434896.138854078]]}},{"type":"Feature","properties":{},"geometry":{"type":"LineString","coordinates":[[5671797.710736075,6434867.524849347],[5671758.637986773,6434973.186847703]]}},{"type":"Feature","properties":{},"geometry":{"type":"LineString","coordinates":[[5671816.509295424,6434874.353282124],[5671928.2358568,6434914.937100255]]}},{"type":"Feature","properties":{},"geometry":{"type":"LineString","coordinates":[[5669108.5182779925,6431908.35306792],[5669148.75500707,6431796.483756774]]}},{"type":"Feature","properties":{},"geometry":{"type":"LineString","coordinates":[[5669127.327958624,6431915.149889915],[5669236.087214151,6431954.449722514]]}},{"type":"Feature","properties":{},"geometry":{"type":"LineString","coordinates":[[5669127.327958622,6431915.149889914],[5669167.574696595,6431803.252751247]]}},{"type":"Feature","properties":{},"geometry":{"type":"LineString","coordinates":[[5669120.558956751,6431933.9696000125],[5669229.290399589,6431973.2593825795]]}},{"type":"Feature","properties":{},"geometry":{"type":"LineString","coordinates":[[5668876.866969675,6431824.646558584],[5668917.113707649,6431712.749419918]]}},{"type":"Feature","properties":{},"geometry":{"type":"LineString","coordinates":[[5668876.866969675,6431824.646558585],[5668984.085805877,6431863.389765255]]}},{"type":"Feature","properties":{},"geometry":{"type":"LineString","coordinates":[[5668858.057289047,6431817.849736591],[5668898.294018123,6431705.980425445]]}},{"type":"Feature","properties":{},"geometry":{"type":"LineString","coordinates":[[5668870.097967803,6431843.466268683],[5668977.288991314,6431882.199425321]]}},{"type":"Feature","properties":{},"geometry":{"type":"LineString","coordinates":[[5668952.083764289,6431556.429952821],[5668992.315488917,6431444.574555435]]}},{"type":"Feature","properties":{},"geometry":{"type":"LineString","coordinates":[[5668970.893444918,6431563.226774813],[5669078.112281117,6431601.969981483]]}},{"type":"Feature","properties":{},"geometry":{"type":"LineString","coordinates":[[5668970.893444918,6431563.226774815],[5669011.135178442,6431451.343549908]]}},{"type":"Feature","properties":{},"geometry":{"type":"LineString","coordinates":[[5668964.124443046,6431582.046484915],[5669071.315466554,6431620.779641549]]}},{"type":"Feature","properties":{},"geometry":{"type":"LineString","coordinates":[[5669221.354433864,6431653.730106144],[5669330.141502084,6431693.039988776]]}},{"type":"Feature","properties":{},"geometry":{"type":"LineString","coordinates":[[5669221.354433863,6431653.730106143],[5669261.606176285,6431541.819053718]]}},{"type":"Feature","properties":{},"geometry":{"type":"LineString","coordinates":[[5669214.585431992,6431672.5498162415],[5669323.344687521,6431711.849648842]]}},{"type":"Feature","properties":{},"geometry":{"type":"LineString","coordinates":[[5669202.544753235,6431646.9332841495],[5669242.78648676,6431535.050059245]]}},{"type":"Feature","properties":{},"geometry":{"type":"LineString","coordinates":[[5670499.471215504,6431273.785464889],[5670541.10847059,6431162.357011566]]}},{"type":"Feature","properties":{},"geometry":{"type":"LineString","coordinates":[[5670499.471215502,6431273.785464888],[5670606.610315379,6431314.834095602]]}},{"type":"Feature","properties":{},"geometry":{"type":"LineString","coordinates":[[5670480.794408873,6431266.629745464],[5670522.373695956,6431155.356424488]]}},{"type":"Feature","properties":{},"geometry":{"type":"LineString","coordinates":[[5670492.470388427,6431292.520881794],[5670599.45484126,6431333.510261969]]}},{"type":"Feature","properties":{},"geometry":{"type":"LineString","coordinates":[[5670337.708986218,6430914.388653246],[5670379.288273299,6430803.11533227]]}},{"type":"Feature","properties":{},"geometry":{"type":"LineString","coordinates":[[5670356.385792845,6430921.544372673],[5670452.196698686,6430958.252787216]]}},{"type":"Feature","properties":{},"geometry":{"type":"LineString","coordinates":[[5670356.385792845,6430921.544372672],[5670398.023047933,6430810.115919348]]}},{"type":"Feature","properties":{},"geometry":{"type":"LineString","coordinates":[[5670349.384965771,6430940.279789578],[5670445.041224567,6430976.928953582]]}},{"type":"Feature","properties":{},"geometry":{"type":"LineString","coordinates":[[5670596.689411821,6431013.612856778],[5670638.384634913,6430902.029271107]]}},{"type":"Feature","properties":{},"geometry":{"type":"LineString","coordinates":[[5670596.689411822,6431013.61285678],[5670703.98315874,6431054.72073803]]}},{"type":"Feature","properties":{},"geometry":{"type":"LineString","coordinates":[[5670578.012605192,6431006.457137354],[5670619.649860279,6430895.028684029]]}},{"type":"Feature","properties":{},"geometry":{"type":"LineString","coordinates":[[5670589.688584747,6431032.348273686],[5670696.827684621,6431073.396904397]]}},{"type":"Feature","properties":{},"geometry":{"type":"LineString","coordinates":[[5670240.490789899,6431174.561261359],[5670282.070076982,6431063.287940382]]}},{"type":"Feature","properties":{},"geometry":{"type":"LineString","coordinates":[[5670259.167596529,6431181.716980783],[5670300.804851616,6431070.28852746]]}},{"type":"Feature","properties":{},"geometry":{"type":"LineString","coordinates":[[5670259.167596529,6431181.716980784],[5670354.978502368,6431218.425395326]]}},{"type":"Feature","properties":{},"geometry":{"type":"LineString","coordinates":[[5670252.166769455,6431200.452397689],[5670347.823028249,6431237.101561693]]}},{"type":"Feature","properties":{},"geometry":{"type":"LineString","coordinates":[[5670415.171979941,6430654.996336042],[5670456.715556758,6430544.577346883]]}},{"type":"Feature","properties":{},"geometry":{"type":"LineString","coordinates":[[5670433.8907790845,6430662.0395284165],[5670545.609314326,6430704.075084721]]}},{"type":"Feature","properties":{},"geometry":{"type":"LineString","coordinates":[[5670433.8907790845,6430662.039528415],[5670475.434523986,6430551.620092508]]}},{"type":"Feature","properties":{},"geometry":{"type":"LineString","coordinates":[[5670426.848033457,6430680.7584956465],[5670538.5661219545,6430722.793883859]]}},{"type":"Feature","properties":{},"geometry":{"type":"LineString","coordinates":[[5670694.76477774,6430760.196773633],[5670736.308522642,6430649.777337727]]}},{"type":"Feature","properties":{},"geometry":{"type":"LineString","coordinates":[[5670694.764777741,6430760.196773633],[5670806.483089612,6430802.232245893]]}},{"type":"Feature","properties":{},"geometry":{"type":"LineString","coordinates":[[5670676.045978596,6430753.153581261],[5670717.589555414,6430642.734592102]]}},{"type":"Feature","properties":{},"geometry":{"type":"LineString","coordinates":[[5670687.722032113,6430778.915740866],[5670799.43989724,6430820.951045032]]}},{"type":"Feature","properties":{},"geometry":{"type":"LineString","coordinates":[[5670791.937674756,6430501.92019073],[5670833.481503697,6430391.500531449]]}},{"type":"Feature","properties":{},"geometry":{"type":"LineString","coordinates":[[5670791.937674757,6430501.920190731],[5670903.65643337,6430543.9558310835]]}},{"type":"Feature","properties":{},"geometry":{"type":"LineString","coordinates":[[5670773.218875611,6430494.876998357],[5670814.76253647,6430384.457785823]]}},{"type":"Feature","properties":{},"geometry":{"type":"LineString","coordinates":[[5670784.894929129,6430520.639157963],[5670896.613240998,6430562.674630222]]}},{"type":"Feature","properties":{},"geometry":{"type":"LineString","coordinates":[[5670531.063676099,6430403.762945512],[5670572.607336958,6430293.343732979]]}},{"type":"Feature","properties":{},"geometry":{"type":"LineString","coordinates":[[5670531.063676097,6430403.762945511],[5670642.782211341,6430445.798501818]]}},{"type":"Feature","properties":{},"geometry":{"type":"LineString","coordinates":[[5670524.02093047,6430422.481912743],[5670635.739018969,6430464.517300957]]}},{"type":"Feature","properties":{},"geometry":{"type":"LineString","coordinates":[[5671739.76623221,6431164.41283117],[5671783.941134385,6431042.707225108]]}},{"type":"Feature","properties":{},"geometry":{"type":"LineString","coordinates":[[5671739.76623221,6431164.41283117],[5671855.233518661,6431208.136684862]]}},{"type":"Feature","properties":{},"geometry":{"type":"LineString","coordinates":[[5671721.060522888,6431157.329563495],[5671765.141216905,6431035.883508909]]}},{"type":"Feature","properties":{},"geometry":{"type":"LineString","coordinates":[[5671732.9418657245,6431183.214540246],[5671848.150925945,6431226.840611733]]}},{"type":"Feature","properties":{},"geometry":{"type":"LineString","coordinates":[[5671471.29112755,6431062.749697331],[5671515.466029724,6430941.044091271]]}},{"type":"Feature","properties":{},"geometry":{"type":"LineString","coordinates":[[5671452.585418228,6431055.6664296575],[5671496.666112244,6430934.220375072]]}},{"type":"Feature","properties":{},"geometry":{"type":"LineString","coordinates":[[5671471.291127549,6431062.749697331],[5671586.887527116,6431106.522442128]]}},{"type":"Feature","properties":{},"geometry":{"type":"LineString","coordinates":[[5671464.466761063,6431081.551406407],[5671579.804934399,6431125.226368998]]}},{"type":"Feature","properties":{},"geometry":{"type":"LineString","coordinates":[[5671573.362506665,6430781.534381727],[5671688.958906234,6430825.307126523]]}},{"type":"Feature","properties":{},"geometry":{"type":"LineString","coordinates":[[5671554.656797345,6430774.451114053],[5671598.570441408,6430653.465296271]]}},{"type":"Feature","properties":{},"geometry":{"type":"LineString","coordinates":[[5671566.53814018,6430800.336090802],[5671681.876313518,6430844.011053394]]}},{"type":"Feature","properties":{},"geometry":{"type":"LineString","coordinates":[[5671573.362506666,6430781.534381727],[5671617.370358888,6430660.28901247]]}},{"type":"Feature","properties":{},"geometry":{"type":"LineString","coordinates":[[5671566.53814018,6430800.336090803],[5671681.876313518,6430844.011053394]]}},{"type":"Feature","properties":{},"geometry":{"type":"LineString","coordinates":[[5671841.837611328,6430883.197515566],[5671957.563124009,6430927.019151463]]}},{"type":"Feature","properties":{},"geometry":{"type":"LineString","coordinates":[[5671841.837611327,6430883.197515566],[5671885.939671707,6430761.692594832]]}},{"type":"Feature","properties":{},"geometry":{"type":"LineString","coordinates":[[5671835.013244841,6430901.999224642],[5671950.480531293,6430945.723078334]]}},{"type":"Feature","properties":{},"geometry":{"type":"LineString","coordinates":[[5671823.131902006,6430876.114247891],[5671867.139754227,6430754.868878633]]}},{"type":"Feature","properties":{},"geometry":{"type":"LineString","coordinates":[[5672632.8620325625,6431169.437931651],[5672682.788410645,6431038.653371675]]}},{"type":"Feature","properties":{},"geometry":{"type":"LineString","coordinates":[[5672632.8620325625,6431169.437931651],[5672741.734547261,6431210.718918182]]}},{"type":"Feature","properties":{},"geometry":{"type":"LineString","coordinates":[[5672614.161152815,6431162.347154268],[5672664.103588544,6431031.520530514]]}},{"type":"Feature","properties":{},"geometry":{"type":"LineString","coordinates":[[5672625.729173327,6431188.122801101],[5672734.643787846,6431229.419750541]]}},{"type":"Feature","properties":{},"geometry":{"type":"LineString","coordinates":[[5672869.328991621,6431259.098663554],[5672919.255369703,6431128.314103576]]}},{"type":"Feature","properties":{},"geometry":{"type":"LineString","coordinates":[[5672888.029871368,6431266.189440937],[5672996.881336155,6431307.4624460125]]}},{"type":"Feature","properties":{},"geometry":{"type":"LineString","coordinates":[[5672888.029871367,6431266.189440937],[5672937.940191804,6431135.446944737]]}},{"type":"Feature","properties":{},"geometry":{"type":"LineString","coordinates":[[5672880.89701213,6431284.874310386],[5672989.79057674,6431326.163278372]]}},{"type":"Feature","properties":{},"geometry":{"type":"LineString","coordinates":[[5672773.91942555,6431565.107267902],[5672823.83777481,6431434.343739812]]}},{"type":"Feature","properties":{},"geometry":{"type":"LineString","coordinates":[[5672773.91942555,6431565.107267902],[5672882.812990161,6431606.396235888]]}},{"type":"Feature","properties":{},"geometry":{"type":"LineString","coordinates":[[5672755.218545803,6431558.016490518],[5672805.152952709,6431427.210898652]]}},{"type":"Feature","properties":{},"geometry":{"type":"LineString","coordinates":[[5672766.786566314,6431583.792137352],[5672875.7222307455,6431625.097068247]]}},{"type":"Feature","properties":{},"geometry":{"type":"LineString","coordinates":[[5673264.964091753,6431752.38059166],[5673316.907782193,6431617.449747628]]}},{"type":"Feature","properties":{},"geometry":{"type":"LineString","coordinates":[[5673283.725212008,6431759.315457324],[5673395.236370998,6431800.534472871]]}},{"type":"Feature","properties":{},"geometry":{"type":"LineString","coordinates":[[5673283.725212007,6431759.315457323],[5673335.572505316,6431624.63501803]]}},{"type":"Feature","properties":{},"geometry":{"type":"LineString","coordinates":[[5673276.539295005,6431777.981860077],[5673388.302129346,6431819.29390497]]}},{"type":"Feature","properties":{},"geometry":{"type":"LineString","coordinates":[[5673141.421110381,6431356.235323115],[5673252.806431698,6431397.40782399]]}},{"type":"Feature","properties":{},"geometry":{"type":"LineString","coordinates":[[5673141.421110381,6431356.235323114],[5673193.316602256,6431221.429681453]]}},{"type":"Feature","properties":{},"geometry":{"type":"LineString","coordinates":[[5673122.659990126,6431349.300457452],[5673174.651879134,6431214.24441105]]}},{"type":"Feature","properties":{},"geometry":{"type":"LineString","coordinates":[[5673134.235193379,6431374.901725869],[5673245.872190045,6431416.16725609]]}},{"type":"Feature","properties":{},"geometry":{"type":"LineString","coordinates":[[5673401.839831195,6431452.496570859],[5673453.638925939,6431317.94133394]]}},{"type":"Feature","properties":{},"geometry":{"type":"LineString","coordinates":[[5673401.839831195,6431452.49657086],[5673513.099314837,6431493.622557064]]}},{"type":"Feature","properties":{},"geometry":{"type":"LineString","coordinates":[[5673394.653914193,6431471.162973614],[5673506.165073184,6431512.381989163]]}},{"type":"Feature","properties":{},"geometry":{"type":"LineString","coordinates":[[5673383.078710942,6431445.561705198],[5673434.974202816,6431310.756063538]]}},{"type":"Feature","properties":{},"geometry":{"type":"LineString","coordinates":[[5673004.545370938,6431656.119343914],[5673056.48906138,6431521.188499881]]}},{"type":"Feature","properties":{},"geometry":{"type":"LineString","coordinates":[[5673016.120574193,6431681.720612329],[5673127.757570857,6431722.986142551]]}},{"type":"Feature","properties":{},"geometry":{"type":"LineString","coordinates":[[5673023.306491194,6431663.054209575],[5673075.153784502,6431528.373770284]]}},{"type":"Feature","properties":{},"geometry":{"type":"LineString","coordinates":[[5673023.306491194,6431663.054209576],[5673134.69181251,6431704.226710451]]}},{"type":"Feature","properties":{},"geometry":{"type":"LineString","coordinates":[[5671775.394080164,6432583.802034659],[5671815.485199494,6432473.301378153]]}},{"type":"Feature","properties":{},"geometry":{"type":"LineString","coordinates":[[5671794.168624525,6432590.695685731],[5671903.470485773,6432630.8292239085]]}},{"type":"Feature","properties":{},"geometry":{"type":"LineString","coordinates":[[5671794.168624525,6432590.69568573],[5671834.286032211,6432480.122572269]]}},{"type":"Feature","properties":{},"geometry":{"type":"LineString","coordinates":[[5671787.3473797515,6432609.496658069],[5671896.576885896,6432649.603628846]]}},{"type":"Feature","properties":{},"geometry":{"type":"LineString","coordinates":[[5669415.025439734,6433456.269500342],[5669378.024089092,6433560.75260049]]}},{"type":"Feature","properties":{},"geometry":{"type":"LineString","coordinates":[[5669440.451830543,6433444.383449421],[5669547.527440086,6433484.182782453]]}},{"type":"Feature","properties":{},"geometry":{"type":"LineString","coordinates":[[5669433.774578166,6433463.2384376],[5669396.876808517,6433567.429049418]]}},{"type":"Feature","properties":{},"geometry":{"type":"LineString","coordinates":[[5669433.774578165,6433463.2384375995],[5669540.559341377,6433502.929664871]]}},{"type":"Feature","properties":{},"geometry":{"type":"LineString","coordinates":[[5669666.532113372,6433549.75295476],[5669629.530762731,6433654.236054905]]}},{"type":"Feature","properties":{},"geometry":{"type":"LineString","coordinates":[[5669691.958504185,6433537.866903837],[5669800.892140827,6433578.356853897]]}},{"type":"Feature","properties":{},"geometry":{"type":"LineString","coordinates":[[5669685.281251805,6433556.721892016],[5669648.383482155,6433660.912503833]]}},{"type":"Feature","properties":{},"geometry":{"type":"LineString","coordinates":[[5669685.281251806,6433556.721892015],[5669793.924042118,6433597.103736315]]}},{"type":"Feature","properties":{},"geometry":{"type":"LineString","coordinates":[[5669579.49412528,6433795.527735107],[5669541.74783504,6433902.114369239]]}},{"type":"Feature","properties":{},"geometry":{"type":"LineString","coordinates":[[5669604.920516089,6433783.641684187],[5669713.5633064015,6433824.023528487]]}},{"type":"Feature","properties":{},"geometry":{"type":"LineString","coordinates":[[5669598.24326371,6433802.496672361],[5669560.600554464,6433908.790818167]]}},{"type":"Feature","properties":{},"geometry":{"type":"LineString","coordinates":[[5669598.24326371,6433802.496672362],[5669706.595207692,6433842.770410906]]}},{"type":"Feature","properties":{},"geometry":{"type":"LineString","coordinates":[[5669353.413842448,6433690.15822977],[5669460.489451992,6433729.957562802]]}},{"type":"Feature","properties":{},"geometry":{"type":"LineString","coordinates":[[5669346.736590071,6433709.013217948],[5669309.093880826,6433815.307363752]]}},{"type":"Feature","properties":{},"geometry":{"type":"LineString","coordinates":[[5669346.736590072,6433709.013217949],[5669453.521353283,6433748.7044452205]]}},{"type":"Feature","properties":{},"geometry":{"type":"LineString","coordinates":[[5669327.98745164,6433702.044280693],[5669290.241161401,6433808.630914824]]}},{"type":"Feature","properties":{},"geometry":{"type":"LineString","coordinates":[[5669924.930726124,6434451.395334113],[5669962.59289043,6434345.7262355955]]}},{"type":"Feature","properties":{},"geometry":{"type":"LineString","coordinates":[[5669943.781836196,6434458.076420371],[5670054.896508191,6434497.4569505025]]}},{"type":"Feature","properties":{},"geometry":{"type":"LineString","coordinates":[[5669943.781836197,6434458.076420372],[5669981.432061629,6434352.440818866]]}},{"type":"Feature","properties":{},"geometry":{"type":"LineString","coordinates":[[5669937.067242312,6434476.915621351],[5670048.215432493,6434516.308030777]]}},{"type":"Feature","properties":{},"geometry":{"type":"LineString","coordinates":[[5669665.015921089,6434359.278040986],[5669702.678085393,6434253.608942466]]}},{"type":"Feature","properties":{},"geometry":{"type":"LineString","coordinates":[[5669677.152437279,6434384.798328224],[5669788.283868362,6434424.184797999]]}},{"type":"Feature","properties":{},"geometry":{"type":"LineString","coordinates":[[5669683.867031163,6434365.9591272455],[5669721.517256594,6434260.323525736]]}},{"type":"Feature","properties":{},"geometry":{"type":"LineString","coordinates":[[5669683.867031164,6434365.9591272455],[5669794.96494406,6434405.333717725]]}},{"type":"Feature","properties":{},"geometry":{"type":"LineString","coordinates":[[5669850.503648791,6433895.283027036],[5669814.812740723,6433995.613919876]]}},{"type":"Feature","properties":{},"geometry":{"type":"LineString","coordinates":[[5669857.207067546,6433876.439012552],[5669969.453925563,6433917.515902511]]}},{"type":"Feature","properties":{},"geometry":{"type":"LineString","coordinates":[[5669831.7210160885,6433888.40949712],[5669795.969496556,6433988.910775148]]}},{"type":"Feature","properties":{},"geometry":{"type":"LineString","coordinates":[[5669850.503648792,6433895.283027037],[5669962.580676625,6433936.297767409]]}},{"type":"Feature","properties":{},"geometry":{"type":"LineString","coordinates":[[5668916.12168655,6433245.965609469],[5668953.932371444,6433140.267612783]]}},{"type":"Feature","properties":{},"geometry":{"type":"LineString","coordinates":[[5668934.868342785,6433252.938853921],[5668972.763742267,6433147.004041577]]}},{"type":"Feature","properties":{},"geometry":{"type":"LineString","coordinates":[[5668934.868342785,6433252.938853921],[5669044.08113824,6433293.563032996]]}},{"type":"Feature","properties":{},"geometry":{"type":"LineString","coordinates":[[5668928.131381344,6433271.771713736],[5669037.108445117,6433312.308207057]]}},{"type":"Feature","properties":{},"geometry":{"type":"LineString","coordinates":[[5669190.551514487,6433348.046015222],[5669228.531628557,6433241.874387218]]}},{"type":"Feature","properties":{},"geometry":{"type":"LineString","coordinates":[[5669190.551514487,6433348.0460152235],[5669300.0000416245,6433388.757880048]]}},{"type":"Feature","properties":{},"geometry":{"type":"LineString","coordinates":[[5669171.8048582515,6433341.072770772],[5669209.700257733,6433235.137958424]]}},{"type":"Feature","properties":{},"geometry":{"type":"LineString","coordinates":[[5669183.814553046,6433366.878875036],[5669293.027348502,6433407.503054109]]}},{"type":"Feature","properties":{},"geometry":{"type":"LineString","coordinates":[[5669094.316685672,6433617.065966747],[5669203.293749448,6433657.602460069]]}},{"type":"Feature","properties":{},"geometry":{"type":"LineString","coordinates":[[5669101.053647112,6433598.233106933],[5669139.054999967,6433492.002106903]]}},{"type":"Feature","properties":{},"geometry":{"type":"LineString","coordinates":[[5669101.053647113,6433598.233106933],[5669210.266442571,6433638.857286007]]}},{"type":"Feature","properties":{},"geometry":{"type":"LineString","coordinates":[[5669082.306990879,6433591.259862482],[5669120.223629144,6433485.26567811]]}},{"type":"Feature","properties":{},"geometry":{"type":"LineString","coordinates":[[5668845.370475411,6433503.125945633],[5668883.3718282655,6433396.894945604]]}},{"type":"Feature","properties":{},"geometry":{"type":"LineString","coordinates":[[5668845.370475411,6433503.125945632],[5668954.583270868,6433543.750124707]]}},{"type":"Feature","properties":{},"geometry":{"type":"LineString","coordinates":[[5668826.623819175,6433496.15270118],[5668864.540457442,6433390.15851681]]}},{"type":"Feature","properties":{},"geometry":{"type":"LineString","coordinates":[[5668838.633513971,6433521.958805446],[5668947.610577745,6433562.495298768]]}},{"type":"Feature","properties":{},"geometry":{"type":"LineString","coordinates":[[5668569.273977741,6433424.353012705],[5668530.098404446,6433534.046026724]]}},{"type":"Feature","properties":{},"geometry":{"type":"LineString","coordinates":[[5668594.783432739,6433412.3905736655],[5668702.483070231,6433451.800402641]]}},{"type":"Feature","properties":{},"geometry":{"type":"LineString","coordinates":[[5668588.056578377,6433431.226007786],[5668548.933270042,6433540.772678045]]}},{"type":"Feature","properties":{},"geometry":{"type":"LineString","coordinates":[[5668588.056578378,6433431.226007787],[5668695.610282601,6433470.582436349]]}},{"type":"Feature","properties":{},"geometry":{"type":"LineString","coordinates":[[5668678.604036446,6433177.689869005],[5668639.864922169,6433286.160782082]]}},{"type":"Feature","properties":{},"geometry":{"type":"LineString","coordinates":[[5668685.330890808,6433158.854434883],[5668793.176461568,6433198.317664273]]}},{"type":"Feature","properties":{},"geometry":{"type":"LineString","coordinates":[[5668659.821435807,6433170.816873923],[5668621.0300565725,6433279.434130762]]}},{"type":"Feature","properties":{},"geometry":{"type":"LineString","coordinates":[[5668678.604036446,6433177.689869004],[5668786.303673938,6433217.099697981]]}},{"type":"Feature","properties":{},"geometry":{"type":"LineString","coordinates":[[5668425.456000814,6433085.0570522],[5668386.716886537,6433193.5279652765]]}},{"type":"Feature","properties":{},"geometry":{"type":"LineString","coordinates":[[5668432.182855178,6433066.22161808],[5668540.066052039,6433105.698615743]]}},{"type":"Feature","properties":{},"geometry":{"type":"LineString","coordinates":[[5668406.673400175,6433078.184057116],[5668367.882020941,6433186.801313956]]}},{"type":"Feature","properties":{},"geometry":{"type":"LineString","coordinates":[[5668425.456000815,6433085.0570522],[5668533.193264409,6433124.480649451]]}},{"type":"Feature","properties":{},"geometry":{"type":"LineString","coordinates":[[5668316.125942108,6433331.720195898],[5668276.8981038565,6433441.559553681]]}},{"type":"Feature","properties":{},"geometry":{"type":"LineString","coordinates":[[5668341.635397109,6433319.75775686],[5668449.51859397,6433359.234754523]]}},{"type":"Feature","properties":{},"geometry":{"type":"LineString","coordinates":[[5668334.908542747,6433338.59319098],[5668295.732969453,6433448.286205001]]}},{"type":"Feature","properties":{},"geometry":{"type":"LineString","coordinates":[[5668334.908542747,6433338.593190981],[5668442.64580634,6433378.016788231]]}},{"type":"Feature","properties":{},"geometry":{"type":"LineString","coordinates":[[5669628.240054067,6432116.656414402],[5669587.167039513,6432227.566743291]]}},{"type":"Feature","properties":{},"geometry":{"type":"LineString","coordinates":[[5669609.424300966,6432109.87424705],[5669568.411795265,6432220.621182607]]}},{"type":"Feature","properties":{},"geometry":{"type":"LineString","coordinates":[[5669628.240054066,6432116.656414401],[5669738.004417753,6432156.221149318]]}},{"type":"Feature","properties":{},"geometry":{"type":"LineString","coordinates":[[5669635.185878319,6432097.900458437],[5669744.786327746,6432137.406110205]]}},{"type":"Feature","properties":{},"geometry":{"type":"LineString","coordinates":[[5669731.132792653,6431838.812978729],[5669840.56932782,6431878.259547349]]}},{"type":"Feature","properties":{},"geometry":{"type":"LineString","coordinates":[[5669724.186968402,6431857.568934694],[5669683.144208273,6431968.397566918]]}},{"type":"Feature","properties":{},"geometry":{"type":"LineString","coordinates":[[5669724.1869684,6431857.568934693],[5669833.787417827,6431897.074586462]]}},{"type":"Feature","properties":{},"geometry":{"type":"LineString","coordinates":[[5669705.3712153,6431850.786767342],[5669664.388964025,6431961.452006234]]}},{"type":"Feature","properties":{},"geometry":{"type":"LineString","coordinates":[[5669448.756452668,6431758.289578657],[5669408.157592176,6431867.919539318]]}},{"type":"Feature","properties":{},"geometry":{"type":"LineString","coordinates":[[5669474.518030021,6431746.315790042],[5669584.246887743,6431785.867726779]]}},{"type":"Feature","properties":{},"geometry":{"type":"LineString","coordinates":[[5669467.57220577,6431765.071746007],[5669426.912836424,6431874.865100003]]}},{"type":"Feature","properties":{},"geometry":{"type":"LineString","coordinates":[[5669467.572205769,6431765.071746007],[5669577.46497775,6431804.682765892]]}},{"type":"Feature","properties":{},"geometry":{"type":"LineString","coordinates":[[5669371.625291435,6432024.159225714],[5669330.996176517,6432133.870883041]]}},{"type":"Feature","properties":{},"geometry":{"type":"LineString","coordinates":[[5669352.809538336,6432017.377058363],[5669312.240932269,6432126.925322357]]}},{"type":"Feature","properties":{},"geometry":{"type":"LineString","coordinates":[[5669371.625291437,6432024.159225714],[5669481.518063416,6432063.770245599]]}},{"type":"Feature","properties":{},"geometry":{"type":"LineString","coordinates":[[5669378.571115689,6432005.403269749],[5669488.299973409,6432044.955206485]]}},{"type":"Feature","properties":{},"geometry":{"type":"LineString","coordinates":[[5673146.51869111,6431729.9210082125],[5673257.7781747505,6431771.046994414]]}},{"type":"Feature","properties":{},"geometry":{"type":"LineString","coordinates":[[5673153.452932763,6431711.161576113],[5673264.964091754,6431752.38059166]]}},{"type":"Feature","properties":{},"geometry":{"type":"LineString","coordinates":[[5673205.9308814425,6431905.727433706],[5673257.77817475,6431771.046994413]]}},{"type":"Feature","properties":{},"geometry":{"type":"LineString","coordinates":[[5673224.595604565,6431912.912704108],[5673276.539295006,6431777.981860077]]}},{"type":"Feature","properties":{},"geometry":{"type":"LineString","coordinates":[[5673324.093699196,6431598.783344874],[5673375.892793939,6431464.2281079525]]}},{"type":"Feature","properties":{},"geometry":{"type":"LineString","coordinates":[[5673342.758422319,6431605.968615277],[5673394.653914193,6431471.162973614]]}},{"type":"Feature","properties":{},"geometry":{"type":"LineString","coordinates":[[5673271.567551952,6431404.342689652],[5673383.0787109425,6431445.5617052]]}},{"type":"Feature","properties":{},"geometry":{"type":"LineString","coordinates":[[5673264.633310299,6431423.102121752],[5673375.8927939385,6431464.2281079525]]}},{"type":"Feature","properties":{},"geometry":{"type":"LineString","coordinates":[[5673063.674978382,6431502.5220971275],[5673115.474073125,6431367.966860207]]}},{"type":"Feature","properties":{},"geometry":{"type":"LineString","coordinates":[[5673082.339701504,6431509.70736753],[5673134.235193379,6431374.901725869]]}},{"type":"Feature","properties":{},"geometry":{"type":"LineString","coordinates":[[5673011.022993463,6431308.034927232],[5673122.659990125,6431349.3004574515]]}},{"type":"Feature","properties":{},"geometry":{"type":"LineString","coordinates":[[5673004.088751811,6431326.794359332],[5673115.474073124,6431367.966860207]]}},{"type":"Feature","properties":{},"geometry":{"type":"LineString","coordinates":[[5672557.117973141,6431311.774519918],[5672607.028293581,6431181.032023718]]}},{"type":"Feature","properties":{},"geometry":{"type":"LineString","coordinates":[[5672575.8027952425,6431318.907361078],[5672625.729173328,6431188.122801102]]}},{"type":"Feature","properties":{},"geometry":{"type":"LineString","coordinates":[[5672505.246538294,6431121.0502048265],[5672614.161152815,6431162.347154267]]}},{"type":"Feature","properties":{},"geometry":{"type":"LineString","coordinates":[[5672498.155778878,6431139.751037186],[5672607.02829358,6431181.032023718]]}},{"type":"Feature","properties":{},"geometry":{"type":"LineString","coordinates":[[5672760.435427008,6431217.809695566],[5672869.328991622,6431259.0986635545]]}},{"type":"Feature","properties":{},"geometry":{"type":"LineString","coordinates":[[5672753.344667593,6431236.510527926],[5672862.196132384,6431277.783533004]]}},{"type":"Feature","properties":{},"geometry":{"type":"LineString","coordinates":[[5672812.285811945,6431408.526029201],[5672862.196132383,6431277.783533004]]}},{"type":"Feature","properties":{},"geometry":{"type":"LineString","coordinates":[[5672830.970634046,6431415.658870362],[5672880.897012129,6431284.874310387]]}},{"type":"Feature","properties":{},"geometry":{"type":"LineString","coordinates":[[5672893.160049625,6431614.946843039],[5673004.545370938,6431656.119343914]]}},{"type":"Feature","properties":{},"geometry":{"type":"LineString","coordinates":[[5672886.225807972,6431633.706275139],[5672997.359453936,6431674.7857466675]]}},{"type":"Feature","properties":{},"geometry":{"type":"LineString","coordinates":[[5672945.60855776,6431809.215781218],[5672997.359453937,6431674.785746668]]}},{"type":"Feature","properties":{},"geometry":{"type":"LineString","coordinates":[[5672964.273280882,6431816.401051621],[5673016.120574192,6431681.72061233]]}},{"type":"Feature","properties":{},"geometry":{"type":"LineString","coordinates":[[5672698.167337307,6431707.464888055],[5672748.085686565,6431576.701359967]]}},{"type":"Feature","properties":{},"geometry":{"type":"LineString","coordinates":[[5672716.852159408,6431714.597729215],[5672766.786566313,6431583.792137352]]}},{"type":"Feature","properties":{},"geometry":{"type":"LineString","coordinates":[[5672646.324981192,6431516.7275225315],[5672755.218545802,6431558.016490518]]}},{"type":"Feature","properties":{},"geometry":{"type":"LineString","coordinates":[[5672639.234221777,6431535.428354891],[5672748.085686567,6431576.701359968]]}},{"type":"Feature","properties":{},"geometry":{"type":"LineString","coordinates":[[5668285.041835777,6430600.648177953],[5668365.788700271,6430369.024014276]]}},{"type":"Feature","properties":{},"geometry":{"type":"LineString","coordinates":[[5668303.927164223,6430607.2318220455],[5668384.588663441,6430375.852530542]]}},{"type":"Feature","properties":{},"geometry":{"type":"LineString","coordinates":[[5668133.115032376,6430263.233937402],[5668372.372897773,6430350.137098362]]}},{"type":"Feature","properties":{},"geometry":{"type":"LineString","coordinates":[[5668126.287090057,6430282.032320409],[5668365.7887002705,6430369.024014277]]}},{"type":"Feature","properties":{},"geometry":{"type":"LineString","coordinates":[[5669401.211767923,6431886.675495281],[5669359.755362589,6431998.621102398]]}},{"type":"Feature","properties":{},"geometry":{"type":"LineString","coordinates":[[5669419.967012171,6431893.621055965],[5669378.571115688,6432005.403269749]]}},{"type":"Feature","properties":{},"geometry":{"type":"LineString","coordinates":[[5669250.793286431,6431959.345553264],[5669359.755362589,6431998.621102398]]}},{"type":"Feature","properties":{},"geometry":{"type":"LineString","coordinates":[[5669244.011376438,6431978.160592377],[5669352.8095383365,6432017.377058363]]}},{"type":"Feature","properties":{},"geometry":{"type":"LineString","coordinates":[[5669507.115726509,6432051.737373836],[5669616.370125218,6432091.118291086]]}},{"type":"Feature","properties":{},"geometry":{"type":"LineString","coordinates":[[5669500.333816516,6432070.5524129495],[5669609.424300965,6432109.87424705]]}},{"type":"Feature","properties":{},"geometry":{"type":"LineString","coordinates":[[5669676.19838402,6431987.153522883],[5669635.185878318,6432097.900458436]]}},{"type":"Feature","properties":{},"geometry":{"type":"LineString","coordinates":[[5669657.443139772,6431980.207962198],[5669616.370125219,6432091.118291086]]}},{"type":"Feature","properties":{},"geometry":{"type":"LineString","coordinates":[[5669603.062640843,6431792.649894129],[5669712.317039551,6431832.03081138]]}},{"type":"Feature","properties":{},"geometry":{"type":"LineString","coordinates":[[5669596.28073085,6431811.464933242],[5669705.3712153,6431850.786767343]]}},{"type":"Feature","properties":{},"geometry":{"type":"LineString","coordinates":[[5669753.35979968,6431721.202179157],[5669712.317039552,6431832.030811379]]}},{"type":"Feature","properties":{},"geometry":{"type":"LineString","coordinates":[[5669772.115043928,6431728.147739842],[5669731.132792653,6431838.81297873]]}},{"type":"Feature","properties":{},"geometry":{"type":"LineString","coordinates":[[5669497.188936684,6431627.506318907],[5669455.702276922,6431739.53362269]]}},{"type":"Feature","properties":{},"geometry":{"type":"LineString","coordinates":[[5669515.944180932,6431634.451879592],[5669474.518030022,6431746.315790041]]}},{"type":"Feature","properties":{},"geometry":{"type":"LineString","coordinates":[[5669346.576286505,6431700.198990408],[5669455.702276922,6431739.5336226905]]}},{"type":"Feature","properties":{},"geometry":{"type":"LineString","coordinates":[[5669339.794376512,6431719.0140295215],[5669448.756452668,6431758.289578656]]}},{"type":"Feature","properties":{},"geometry":{"type":"LineString","coordinates":[[5669096.921961746,6431608.766803477],[5669202.544753235,6431646.9332841495]]}},{"type":"Feature","properties":{},"geometry":{"type":"LineString","coordinates":[[5669090.125147183,6431627.576463543],[5669195.775751363,6431665.752994249]]}},{"type":"Feature","properties":{},"geometry":{"type":"LineString","coordinates":[[5669155.524008941,6431777.664046677],[5669195.775751363,6431665.752994249]]}},{"type":"Feature","properties":{},"geometry":{"type":"LineString","coordinates":[[5669174.343698466,6431784.43304115],[5669214.585431993,6431672.5498162415]]}},{"type":"Feature","properties":{},"geometry":{"type":"LineString","coordinates":[[5668905.063019995,6431687.160715346],[5668945.314762416,6431575.249662921]]}},{"type":"Feature","properties":{},"geometry":{"type":"LineString","coordinates":[[5668923.88270952,6431693.929709819],[5668964.124443045,6431582.046484914]]}},{"type":"Feature","properties":{},"geometry":{"type":"LineString","coordinates":[[5668844.920553472,6431517.706846218],[5668952.0837642895,6431556.429952822]]}},{"type":"Feature","properties":{},"geometry":{"type":"LineString","coordinates":[[5668838.123738909,6431536.516506284],[5668945.314762417,6431575.249662921]]}},{"type":"Feature","properties":{},"geometry":{"type":"LineString","coordinates":[[5669061.502538148,6432039.069916687],[5669101.749276121,6431927.172778019]]}},{"type":"Feature","properties":{},"geometry":{"type":"LineString","coordinates":[[5669080.322227674,6432045.83891116],[5669120.558956751,6431933.969600013]]}},{"type":"Feature","properties":{},"geometry":{"type":"LineString","coordinates":[[5669002.895486505,6431870.186587247],[5669108.518277993,6431908.3530679215]]}},{"type":"Feature","properties":{},"geometry":{"type":"LineString","coordinates":[[5668996.098671942,6431888.996247313],[5669101.749276122,6431927.17277802]]}},{"type":"Feature","properties":{},"geometry":{"type":"LineString","coordinates":[[5668811.031540305,6431948.594412877],[5668851.288287175,6431836.669446689]]}},{"type":"Feature","properties":{},"geometry":{"type":"LineString","coordinates":[[5668829.851229831,6431955.36340735],[5668870.0979678035,6431843.466268682]]}},{"type":"Feature","properties":{},"geometry":{"type":"LineString","coordinates":[[5668750.866265539,6431779.116579955],[5668858.057289048,6431817.849736592]]}},{"type":"Feature","properties":{},"geometry":{"type":"LineString","coordinates":[[5668744.069450976,6431797.926240021],[5668851.288287176,6431836.66944669]]}},{"type":"Feature","properties":{},"geometry":{"type":"LineString","coordinates":[[5666947.72450616,6432840.891964401],[5667186.353883054,6432926.221033023]]}},{"type":"Feature","properties":{},"geometry":{"type":"LineString","coordinates":[[5666954.458533028,6432822.059734524],[5667193.087909922,6432907.388803146]]}},{"type":"Feature","properties":{},"geometry":{"type":"LineString","coordinates":[[5667019.30408348,6432988.812724606],[5667102.720263636,6432752.827118315]]}},{"type":"Feature","properties":{},"geometry":{"type":"LineString","coordinates":[[5667038.160699489,6432995.478160278],[5667121.576879645,6432759.492553987]]}},{"type":"Feature","properties":{},"geometry":{"type":"LineString","coordinates":[[5667109.385743462,6432733.970377393],[5667147.951993493,6432624.865886171]]}},{"type":"Feature","properties":{},"geometry":{"type":"LineString","coordinates":[[5667128.242359471,6432740.635813065],[5667166.784348121,6432631.599957646]]}},{"type":"Feature","properties":{},"geometry":{"type":"LineString","coordinates":[[5667044.718962185,6432566.711646677],[5667154.617473318,6432606.009145249]]}},{"type":"Feature","properties":{},"geometry":{"type":"LineString","coordinates":[[5667037.984935317,6432585.543876554],[5667147.951993492,6432624.86588617]]}},{"type":"Feature","properties":{},"geometry":{"type":"LineString","coordinates":[[5666787.387886121,6432474.695226343],[5666895.9385149665,6432513.510749303]]}},{"type":"Feature","properties":{},"geometry":{"type":"LineString","coordinates":[[5666780.653859253,6432493.52745622],[5666889.273035141,6432532.367490225]]}},{"type":"Feature","properties":{},"geometry":{"type":"LineString","coordinates":[[5666850.70678511,6432641.471981446],[5666889.273035141,6432532.367490225]]}},{"type":"Feature","properties":{},"geometry":{"type":"LineString","coordinates":[[5666869.563401119,6432648.137417118],[5666908.105389769,6432539.101561701]]}},{"type":"Feature","properties":{},"geometry":{"type":"LineString","coordinates":[[5666760.600863746,6432896.382964464],[5666799.012605984,6432787.715578072]]}},{"type":"Feature","properties":{},"geometry":{"type":"LineString","coordinates":[[5666779.457479755,6432903.048400136],[5666817.84496061,6432794.449649548]]}},{"type":"Feature","properties":{},"geometry":{"type":"LineString","coordinates":[[5666697.058909922,6432730.018803147],[5666805.67808581,6432768.858837151]]}},{"type":"Feature","properties":{},"geometry":{"type":"LineString","coordinates":[[5666690.324883054,6432748.851033024],[5666799.012605983,6432787.715578071]]}},{"type":"Feature","properties":{},"geometry":{"type":"LineString","coordinates":[[5670432.156326713,6431396.793615695],[5670473.7935818,6431285.365162371]]}},{"type":"Feature","properties":{},"geometry":{"type":"LineString","coordinates":[[5670450.891101347,6431403.794202773],[5670492.470388427,6431292.520881794]]}},{"type":"Feature","properties":{},"geometry":{"type":"LineString","coordinates":[[5670373.655308998,6431225.581114752],[5670480.794408875,6431266.629745465]]}},{"type":"Feature","properties":{},"geometry":{"type":"LineString","coordinates":[[5670366.499834879,6431244.257281119],[5670473.793581799,6431285.36516237]]}},{"type":"Feature","properties":{},"geometry":{"type":"LineString","coordinates":[[5670121.868848944,6431129.113163938],[5670240.4907899,6431174.561261359]]}},{"type":"Feature","properties":{},"geometry":{"type":"LineString","coordinates":[[5670114.713374825,6431147.789330305],[5670233.489962826,6431193.296678264]]}},{"type":"Feature","properties":{},"geometry":{"type":"LineString","coordinates":[[5670191.794739733,6431304.880263936],[5670233.489962826,6431193.296678264]]}},{"type":"Feature","properties":{},"geometry":{"type":"LineString","coordinates":[[5670210.529514368,6431311.880851014],[5670252.166769456,6431200.452397689]]}},{"type":"Feature","properties":{},"geometry":{"type":"LineString","coordinates":[[5670289.070904057,6431044.552523476],[5670330.708159143,6430933.124070153]]}},{"type":"Feature","properties":{},"geometry":{"type":"LineString","coordinates":[[5670307.805678691,6431051.553110554],[5670349.384965772,6430940.279789579]]}},{"type":"Feature","properties":{},"geometry":{"type":"LineString","coordinates":[[5670219.241692306,6430868.999806366],[5670337.708986216,6430914.388653247]]}},{"type":"Feature","properties":{},"geometry":{"type":"LineString","coordinates":[[5670212.086218187,6430887.675972733],[5670330.708159142,6430933.124070153]]}},{"type":"Feature","properties":{},"geometry":{"type":"LineString","coordinates":[[5670529.374523031,6431136.621007583],[5670571.011778116,6431025.192554257]]}},{"type":"Feature","properties":{},"geometry":{"type":"LineString","coordinates":[[5670548.109297665,6431143.621594661],[5670589.688584747,6431032.348273688]]}},{"type":"Feature","properties":{},"geometry":{"type":"LineString","coordinates":[[5670470.873505315,6430965.40850664],[5670578.012605192,6431006.457137354]]}},{"type":"Feature","properties":{},"geometry":{"type":"LineString","coordinates":[[5670463.718031196,6430984.084673007],[5670571.011778118,6431025.192554259]]}},{"type":"Feature","properties":{},"geometry":{"type":"LineString","coordinates":[[5670627.45948807,6430882.291984399],[5670669.003232968,6430771.872548492]]}},{"type":"Feature","properties":{},"geometry":{"type":"LineString","coordinates":[[5670646.178455297,6430889.334730024],[5670687.722032114,6430778.915740866]]}},{"type":"Feature","properties":{},"geometry":{"type":"LineString","coordinates":[[5670564.328113471,6430711.118277095],[5670676.045978596,6430753.153581261]]}},{"type":"Feature","properties":{},"geometry":{"type":"LineString","coordinates":[[5670557.284921099,6430729.837076234],[5670669.003232968,6430771.872548493]]}},{"type":"Feature","properties":{},"geometry":{"type":"LineString","coordinates":[[5670724.632301043,6430624.01562487],[5670766.176129983,6430513.5959655875]]}},{"type":"Feature","properties":{},"geometry":{"type":"LineString","coordinates":[[5670743.35126827,6430631.058370495],[5670784.894929129,6430520.639157962]]}},{"type":"Feature","properties":{},"geometry":{"type":"LineString","coordinates":[[5670661.501010485,6430452.841694191],[5670773.218875611,6430494.876998357]]}},{"type":"Feature","properties":{},"geometry":{"type":"LineString","coordinates":[[5670654.457818113,6430471.56049333],[5670766.176129984,6430513.595965588]]}},{"type":"Feature","properties":{},"geometry":{"type":"LineString","coordinates":[[5670463.758302387,6430525.858379652],[5670553.888369731,6430286.300987354]]}},{"type":"Feature","properties":{},"geometry":{"type":"LineString","coordinates":[[5670482.477269614,6430532.901125277],[5670524.020930472,6430422.481912745]]}},{"type":"Feature","properties":{},"geometry":{"type":"LineString","coordinates":[[5670400.6272352,6430354.68453302],[5670512.344876955,6430396.719753138]]}},{"type":"Feature","properties":{},"geometry":{"type":"LineString","coordinates":[[5670393.5840428285,6430373.403332158],[5670505.302131327,6430415.43872037]]}},{"type":"Feature","properties":{},"geometry":{"type":"LineString","coordinates":[[5670303.453891442,6430612.960947829],[5670415.1719799405,6430654.996336042]]}},{"type":"Feature","properties":{},"geometry":{"type":"LineString","coordinates":[[5670296.41069907,6430631.679746968],[5670408.129234312,6430673.715303272]]}},{"type":"Feature","properties":{},"geometry":{"type":"LineString","coordinates":[[5670366.58532133,6430784.135185929],[5670408.129234314,6430673.715303273]]}},{"type":"Feature","properties":{},"geometry":{"type":"LineString","coordinates":[[5670385.304288558,6430791.177931555],[5670426.848033458,6430680.7584956465]]}},{"type":"Feature","properties":{},"geometry":{"type":"LineString","coordinates":[[5671072.714712159,6430929.318760742],[5671315.74351746,6431020.579950426]]}},{"type":"Feature","properties":{},"geometry":{"type":"LineString","coordinates":[[5671079.7456494095,6430910.595355033],[5671322.774454711,6431001.856544716]]}},{"type":"Feature","properties":{},"geometry":{"type":"LineString","coordinates":[[5670811.010960378,6430831.044831023],[5671053.991243576,6430922.287799883]]}},{"type":"Feature","properties":{},"geometry":{"type":"LineString","coordinates":[[5670818.041897628,6430812.321425313],[5671061.022180826,6430903.564394173]]}},{"type":"Feature","properties":{},"geometry":{"type":"LineString","coordinates":[[5671771.965583391,6431017.081799832],[5671816.307535521,6430894.9159569675]]}},{"type":"Feature","properties":{},"geometry":{"type":"LineString","coordinates":[[5671790.7655008705,6431023.905516031],[5671835.013244839,6430901.999224642]]}},{"type":"Feature","properties":{},"geometry":{"type":"LineString","coordinates":[[5671707.664615555,6430832.390394198],[5671823.1319020055,6430876.114247891]]}},{"type":"Feature","properties":{},"geometry":{"type":"LineString","coordinates":[[5671700.582022838,6430851.094321068],[5671816.307535522,6430894.9159569675]]}},{"type":"Feature","properties":{},"geometry":{"type":"LineString","coordinates":[[5671503.490478731,6430915.418665995],[5671547.832430859,6430793.25282313]]}},{"type":"Feature","properties":{},"geometry":{"type":"LineString","coordinates":[[5671522.290396211,6430922.242382194],[5671566.53814018,6430800.336090803]]}},{"type":"Feature","properties":{},"geometry":{"type":"LineString","coordinates":[[5671439.318624008,6430730.776151462],[5671554.656797345,6430774.451114052]]}},{"type":"Feature","properties":{},"geometry":{"type":"LineString","coordinates":[[5671432.236031292,6430749.480078333],[5671547.832430859,6430793.252823129]]}},{"type":"Feature","properties":{},"geometry":{"type":"LineString","coordinates":[[5671432.236031292,6430749.480078333],[5671547.832430859,6430793.252823129]]}},{"type":"Feature","properties":{},"geometry":{"type":"LineString","coordinates":[[5671401.491941407,6431196.433296271],[5671445.761051742,6431074.468138734]]}},{"type":"Feature","properties":{},"geometry":{"type":"LineString","coordinates":[[5671420.291858887,6431203.25701247],[5671464.466761064,6431081.551406406]]}},{"type":"Feature","properties":{},"geometry":{"type":"LineString","coordinates":[[5671336.98901866,6431011.893684861],[5671452.585418227,6431055.666429657]]}},{"type":"Feature","properties":{},"geometry":{"type":"LineString","coordinates":[[5671329.906425944,6431030.597611732],[5671445.7610517405,6431074.468138733]]}},{"type":"Feature","properties":{},"geometry":{"type":"LineString","coordinates":[[5671670.061254227,6431297.836878632],[5671714.2361564,6431176.131272568]]}},{"type":"Feature","properties":{},"geometry":{"type":"LineString","coordinates":[[5671688.861171707,6431304.660594831],[5671732.9418657245,6431183.214540247]]}},{"type":"Feature","properties":{},"geometry":{"type":"LineString","coordinates":[[5671605.593236437,6431113.605709802],[5671721.060522889,6431157.329563496]]}},{"type":"Feature","properties":{},"geometry":{"type":"LineString","coordinates":[[5671598.510643721,6431132.309636673],[5671714.236156401,6431176.13127257]]}},{"type":"Feature","properties":{},"geometry":{"type":"LineString","coordinates":[[5667860.979730147,6433002.999387654],[5667899.734870206,6432894.050894358]]}},{"type":"Feature","properties":{},"geometry":{"type":"LineString","coordinates":[[5667879.823046633,6433009.702329084],[5667918.539568082,6432900.862400466]]}},{"type":"Feature","properties":{},"geometry":{"type":"LineString","coordinates":[[5667796.976221781,6432835.557649362],[5667906.437922884,6432875.207265129]]}},{"type":"Feature","properties":{},"geometry":{"type":"LineString","coordinates":[[5667790.164828723,6432854.362035143],[5667899.734870205,6432894.050894358]]}},{"type":"Feature","properties":{},"geometry":{"type":"LineString","coordinates":[[5667706.009423842,6433090.939803948],[5667815.579465324,6433130.628663163]]}},{"type":"Feature","properties":{},"geometry":{"type":"LineString","coordinates":[[5667699.198030784,6433109.744189729],[5667808.876412644,6433149.472292391]]}},{"type":"Feature","properties":{},"geometry":{"type":"LineString","coordinates":[[5667770.101963283,6433258.475068024],[5667808.876412644,6433149.472292391]]}},{"type":"Feature","properties":{},"geometry":{"type":"LineString","coordinates":[[5667788.945279769,6433265.178009455],[5667827.681110521,6433156.283798497]]}},{"type":"Feature","properties":{},"geometry":{"type":"LineString","coordinates":[[5668053.617360121,6432928.519136559],[5668160.650127798,6432967.288935224]]}},{"type":"Feature","properties":{},"geometry":{"type":"LineString","coordinates":[[5668046.805967063,6432947.3235223405],[5668153.947075117,6432986.13256445]]}},{"type":"Feature","properties":{},"geometry":{"type":"LineString","coordinates":[[5668115.191935061,6433095.081057748],[5668153.947075118,6432986.132564451]]}},{"type":"Feature","properties":{},"geometry":{"type":"LineString","coordinates":[[5668134.035251547,6433101.783999179],[5668172.751772996,6432992.944070558]]}},{"type":"Feature","properties":{},"geometry":{"type":"LineString","coordinates":[[5667962.758902559,6433183.940534592],[5668069.791670237,6433222.710333254]]}},{"type":"Feature","properties":{},"geometry":{"type":"LineString","coordinates":[[5667955.947509501,6433202.744920373],[5668063.088617556,6433241.553962483]]}},{"type":"Feature","properties":{},"geometry":{"type":"LineString","coordinates":[[5668024.352786805,6433350.448173442],[5668063.088617558,6433241.553962483]]}},{"type":"Feature","properties":{},"geometry":{"type":"LineString","coordinates":[[5668043.196103291,6433357.151114873],[5668081.893315436,6433248.36546859]]}},{"type":"Feature","properties":{},"geometry":{"type":"LineString","coordinates":[[5668558.848652678,6433112.571610825],[5668666.548290169,6433151.981439801]]}},{"type":"Feature","properties":{},"geometry":{"type":"LineString","coordinates":[[5668551.975865047,6433131.353644533],[5668659.821435807,6433170.816873922]]}},{"type":"Feature","properties":{},"geometry":{"type":"LineString","coordinates":[[5668452.087103858,6432951.024053681],[5668413.400254539,6433059.348622996]]}},{"type":"Feature","properties":{},"geometry":{"type":"LineString","coordinates":[[5668470.921969454,6432957.750705001],[5668432.182855177,6433066.22161808]]}},{"type":"Feature","properties":{},"geometry":{"type":"LineString","coordinates":[[5668305.662990945,6433019.925025744],[5668413.40025454,6433059.348622996]]}},{"type":"Feature","properties":{},"geometry":{"type":"LineString","coordinates":[[5668298.790203315,6433038.707059452],[5668406.673400177,6433078.184057117]]}},{"type":"Feature","properties":{},"geometry":{"type":"LineString","coordinates":[[5668705.287404447,6433043.510526724],[5668666.54829017,6433151.981439802]]}},{"type":"Feature","properties":{},"geometry":{"type":"LineString","coordinates":[[5668724.122270043,6433050.237178044],[5668685.330890809,6433158.854434883]]}},{"type":"Feature","properties":{},"geometry":{"type":"LineString","coordinates":[[5668614.30320221,6433298.269564883],[5668576.000832101,6433405.517578583]]}},{"type":"Feature","properties":{},"geometry":{"type":"LineString","coordinates":[[5668633.138067806,6433304.996216203],[5668594.78343274,6433412.3905736655]]}},{"type":"Feature","properties":{},"geometry":{"type":"LineString","coordinates":[[5668468.301194608,6433366.1077496065],[5668576.000832102,6433405.517578584]]}},{"type":"Feature","properties":{},"geometry":{"type":"LineString","coordinates":[[5668461.428406978,6433384.889783314],[5668569.273977741,6433424.353012705]]}},{"type":"Feature","properties":{},"geometry":{"type":"LineString","coordinates":[[5668214.969599608,6433273.407764113],[5668322.852796473,6433312.884761777]]}},{"type":"Feature","properties":{},"geometry":{"type":"LineString","coordinates":[[5668208.096811978,6433292.1897978205],[5668316.125942109,6433331.720195899]]}},{"type":"Feature","properties":{},"geometry":{"type":"LineString","coordinates":[[5668361.155166579,6433205.636748077],[5668322.852796473,6433312.884761776]]}},{"type":"Feature","properties":{},"geometry":{"type":"LineString","coordinates":[[5668379.990032176,6433212.363399398],[5668341.63539711,6433319.757756859]]}},{"type":"Feature","properties":{},"geometry":{"type":"LineString","coordinates":[[5669037.568676584,6433716.323722323],[5669075.570029438,6433610.092722295]]}},{"type":"Feature","properties":{},"geometry":{"type":"LineString","coordinates":[[5669056.4000474075,6433723.060151117],[5669094.316685673,6433617.065966746]]}},{"type":"Feature","properties":{},"geometry":{"type":"LineString","coordinates":[[5669126.960590585,6433466.432818296],[5669165.067896811,6433359.905630583]]}},{"type":"Feature","properties":{},"geometry":{"type":"LineString","coordinates":[[5669145.791961408,6433473.16924709],[5669183.814553046,6433366.878875037]]}},{"type":"Feature","properties":{},"geometry":{"type":"LineString","coordinates":[[5669062.827794476,6433300.536277448],[5669171.8048582515,6433341.072770771]]}},{"type":"Feature","properties":{},"geometry":{"type":"LineString","coordinates":[[5669055.8551013535,6433319.281451509],[5669165.067896811,6433359.905630584]]}},{"type":"Feature","properties":{},"geometry":{"type":"LineString","coordinates":[[5668807.144622774,6433205.429116148],[5668916.12168655,6433245.965609469]]}},{"type":"Feature","properties":{},"geometry":{"type":"LineString","coordinates":[[5668800.171929651,6433224.174290209],[5668909.384725108,6433264.798469284]]}},{"type":"Feature","properties":{},"geometry":{"type":"LineString","coordinates":[[5668871.2774188835,6433371.325656997],[5668909.384725109,6433264.798469285]]}},{"type":"Feature","properties":{},"geometry":{"type":"LineString","coordinates":[[5668890.108789707,6433378.062085791],[5668928.131381344,6433271.7717137365]]}},{"type":"Feature","properties":{},"geometry":{"type":"LineString","coordinates":[[5668781.800790295,6433621.4533766825],[5668819.886857736,6433514.985560995]]}},{"type":"Feature","properties":{},"geometry":{"type":"LineString","coordinates":[[5668800.632161118,6433628.189805476],[5668838.633513973,6433521.9588054465]]}},{"type":"Feature","properties":{},"geometry":{"type":"LineString","coordinates":[[5668710.438330597,6433474.273696168],[5668819.886857735,6433514.985560994]]}},{"type":"Feature","properties":{},"geometry":{"type":"LineString","coordinates":[[5668717.41102372,6433455.528522107],[5668826.623819176,6433496.152701182]]}},{"type":"Feature","properties":{},"geometry":{"type":"LineString","coordinates":[[5668966.357233981,6433569.46854322],[5669075.5700294385,6433610.092722295]]}},{"type":"Feature","properties":{},"geometry":{"type":"LineString","coordinates":[[5668973.329927104,6433550.723369159],[5669082.306990878,6433591.259862482]]}},{"type":"Feature","properties":{},"geometry":{"type":"LineString","coordinates":[[5669227.6350870365,6433643.407054633],[5669334.664704016,6433683.189292516]]}},{"type":"Feature","properties":{},"geometry":{"type":"LineString","coordinates":[[5669220.666988327,6433662.153937051],[5669327.987451639,6433702.044280694]]}},{"type":"Feature","properties":{},"geometry":{"type":"LineString","coordinates":[[5669371.346836714,6433579.6075886665],[5669334.664704017,6433683.189292517]]}},{"type":"Feature","properties":{},"geometry":{"type":"LineString","coordinates":[[5669390.199556138,6433586.284037595],[5669353.413842449,6433690.158229771]]}},{"type":"Feature","properties":{},"geometry":{"type":"LineString","coordinates":[[5669458.496880766,6433333.516388679],[5669421.702692111,6433437.414512166]]}},{"type":"Feature","properties":{},"geometry":{"type":"LineString","coordinates":[[5669477.34960019,6433340.192837607],[5669440.451830543,6433444.383449421]]}},{"type":"Feature","properties":{},"geometry":{"type":"LineString","coordinates":[[5669314.963921462,6433397.740380042],[5669421.702692111,6433437.414512166]]}},{"type":"Feature","properties":{},"geometry":{"type":"LineString","coordinates":[[5669307.995822753,6433416.48726246],[5669415.025439734,6433456.269500343]]}},{"type":"Feature","properties":{},"geometry":{"type":"LineString","coordinates":[[5669566.276578519,6433491.151719709],[5669673.20936575,6433530.897966582]]}},{"type":"Feature","properties":{},"geometry":{"type":"LineString","coordinates":[[5669559.308479809,6433509.898602127],[5669666.532113371,6433549.752954759]]}},{"type":"Feature","properties":{},"geometry":{"type":"LineString","coordinates":[[5669710.003554405,6433426.999843094],[5669673.20936575,6433530.897966581]]}},{"type":"Feature","properties":{},"geometry":{"type":"LineString","coordinates":[[5669728.856273829,6433433.676292022],[5669691.958504184,6433537.866903838]]}},{"type":"Feature","properties":{},"geometry":{"type":"LineString","coordinates":[[5669622.853510353,6433673.091043081],[5669586.171377655,6433776.672746929]]}},{"type":"Feature","properties":{},"geometry":{"type":"LineString","coordinates":[[5669641.706229777,6433679.767492009],[5669604.920516088,6433783.641684186]]}},{"type":"Feature","properties":{},"geometry":{"type":"LineString","coordinates":[[5669479.238590425,6433736.926500058],[5669586.171377656,6433776.672746929]]}},{"type":"Feature","properties":{},"geometry":{"type":"LineString","coordinates":[[5669472.2704917155,6433755.673382476],[5669579.494125278,6433795.527735107]]}},{"type":"Feature","properties":{},"geometry":{"type":"LineString","coordinates":[[5669874.11534291,6433769.234589796],[5669838.424434842,6433869.565482634]]}},{"type":"Feature","properties":{},"geometry":{"type":"LineString","coordinates":[[5669892.958587077,6433775.937734523],[5669857.207067547,6433876.439012552]]}},{"type":"Feature","properties":{},"geometry":{"type":"LineString","coordinates":[[5669726.177576822,6433828.488592676],[5669838.424434843,6433869.565482636]]}},{"type":"Feature","properties":{},"geometry":{"type":"LineString","coordinates":[[5669719.304327884,6433847.270457574],[5669831.7210160885,6433888.40949712]]}},{"type":"Feature","properties":{},"geometry":{"type":"LineString","coordinates":[[5669902.557631639,6434163.031702],[5670143.604567509,6434248.461969223]]}},{"type":"Feature","properties":{},"geometry":{"type":"LineString","coordinates":[[5669895.876555941,6434181.882782274],[5670136.923491811,6434267.313049497]]}},{"type":"Feature","properties":{},"geometry":{"type":"LineString","coordinates":[[5669969.307484314,6434326.8870346155],[5670051.334467934,6434096.743133611]]}},{"type":"Feature","properties":{},"geometry":{"type":"LineString","coordinates":[[5669988.146655515,6434333.601617886],[5670070.173639135,6434103.457716881]]}},{"type":"Feature","properties":{},"geometry":{"type":"LineString","coordinates":[[5669880.553967936,6434575.903633611],[5669918.216132241,6434470.2345350925]]}},{"type":"Feature","properties":{},"geometry":{"type":"LineString","coordinates":[[5669899.393139135,6434582.6182168815],[5669937.067242314,6434476.915621352]]}},{"type":"Feature","properties":{},"geometry":{"type":"LineString","coordinates":[[5669813.816054134,6434412.014803984],[5669924.930726125,6434451.395334113]]}},{"type":"Feature","properties":{},"geometry":{"type":"LineString","coordinates":[[5669807.134978436,6434430.865884258],[5669918.21613224,6434470.2345350925]]}},{"type":"Feature","properties":{},"geometry":{"type":"LineString","coordinates":[[5669553.918008191,6434319.903450503],[5669665.015921089,6434359.278040986]]}},{"type":"Feature","properties":{},"geometry":{"type":"LineString","coordinates":[[5669547.236932493,6434338.754530777],[5669658.301327203,6434378.117241965]]}},{"type":"Feature","properties":{},"geometry":{"type":"LineString","coordinates":[[5669620.651101772,6434483.752843471],[5669658.301327204,6434378.117241965]]}},{"type":"Feature","properties":{},"geometry":{"type":"LineString","coordinates":[[5669639.490272973,6434490.4674267415],[5669677.152437279,6434384.798328224]]}},{"type":"Feature","properties":{},"geometry":{"type":"LineString","coordinates":[[5670395.87429337,6434763.17477978],[5670434.504951656,6434656.60973352]]}},{"type":"Feature","properties":{},"geometry":{"type":"LineString","coordinates":[[5670414.676967807,6434769.990895538],[5670453.313993777,6434663.40828363]]}},{"type":"Feature","properties":{},"geometry":{"type":"LineString","coordinates":[[5670322.714018555,6434616.202770969],[5670434.504951656,6434656.609733519]]}},{"type":"Feature","properties":{},"geometry":{"type":"LineString","coordinates":[[5670329.5125656985,6434597.393737055],[5670441.321070389,6434637.807050876]]}},{"type":"Feature","properties":{},"geometry":{"type":"LineString","coordinates":[[5670420.402935892,6434346.66706207],[5670532.211440582,6434387.08037589]]}},{"type":"Feature","properties":{},"geometry":{"type":"LineString","coordinates":[[5670413.604388749,6434365.476095984],[5670525.3953218525,6434405.883058536]]}},{"type":"Feature","properties":{},"geometry":{"type":"LineString","coordinates":[[5670486.767847407,6434512.439321972],[5670525.395321851,6434405.883058533]]}},{"type":"Feature","properties":{},"geometry":{"type":"LineString","coordinates":[[5670505.570521844,6434519.25543773],[5670544.204363973,6434412.681608645]]}},{"type":"Feature","properties":{},"geometry":{"type":"LineString","coordinates":[[5670224.547543079,6434417.659488556],[5670308.624978383,6434185.726713391]]}},{"type":"Feature","properties":{},"geometry":{"type":"LineString","coordinates":[[5670243.350217516,6434424.475604313],[5670327.42765282,6434192.5428291485]]}},{"type":"Feature","properties":{},"geometry":{"type":"LineString","coordinates":[[5670159.1678422745,6434252.24333421],[5670401.593893773,6434339.868511961]]}},{"type":"Feature","properties":{},"geometry":{"type":"LineString","coordinates":[[5670152.369295131,6434271.052368123],[5670394.79534663,6434358.677545874]]}},{"type":"Feature","properties":{},"geometry":{"type":"LineString","coordinates":[[5670068.29504367,6434502.976360465],[5670179.100766059,6434543.02721746]]}},{"type":"Feature","properties":{},"geometry":{"type":"LineString","coordinates":[[5670061.4964965265,6434521.785394379],[5670172.284647329,6434561.829900104]]}},{"type":"Feature","properties":{},"geometry":{"type":"LineString","coordinates":[[5670133.660356726,6434668.377380717],[5670172.284647329,6434561.829900103]]}},{"type":"Feature","properties":{},"geometry":{"type":"LineString","coordinates":[[5670152.4630311625,6434675.193496474],[5670191.093689448,6434568.628450213]]}},{"type":"Feature","properties":{},"geometry":{"type":"LineString","coordinates":[[5672104.705847904,6434823.846482771],[5672136.967861967,6434737.495543213]]}},{"type":"Feature","properties":{},"geometry":{"type":"LineString","coordinates":[[5672123.44094797,6434830.846198871],[5672155.702821533,6434744.495635375]]}},{"type":"Feature","properties":{},"geometry":{"type":"LineString","coordinates":[[5671242.086265457,6434806.362112134],[5671202.154782875,6434911.487445894]]}},{"type":"Feature","properties":{},"geometry":{"type":"LineString","coordinates":[[5671260.78289031,6434813.463958311],[5671220.946763188,6434918.338255198]]}},{"type":"Feature","properties":{},"geometry":{"type":"LineString","coordinates":[[5671086.289760138,6434890.535256997],[5671195.052296565,6434930.185755989]]}},{"type":"Feature","properties":{},"geometry":{"type":"LineString","coordinates":[[5671093.139951992,6434871.744970368],[5671202.154782876,6434911.487445893]]}},{"type":"Feature","properties":{},"geometry":{"type":"LineString","coordinates":[[5670835.659938254,6434801.029385799],[5670945.1359224515,6434840.419504518]]}},{"type":"Feature","properties":{},"geometry":{"type":"LineString","coordinates":[[5670842.431095936,6434782.21047447],[5670952.157869931,6434821.690828868]]}},{"type":"Feature","properties":{},"geometry":{"type":"LineString","coordinates":[[5670924.161156646,6434953.331927362],[5670963.956504781,6434847.191263436]]}},{"type":"Feature","properties":{},"geometry":{"type":"LineString","coordinates":[[5670905.434143835,6434946.310603331],[5670945.135922452,6434840.419504517]]}},{"type":"Feature","properties":{},"geometry":{"type":"LineString","coordinates":[[5670648.683790502,6434853.647047264],[5670688.291999604,6434748.005513564]]}},{"type":"Feature","properties":{},"geometry":{"type":"LineString","coordinates":[[5670667.410803313,6434860.668371295],[5670707.112581933,6434754.7772724815]]}},{"type":"Feature","properties":{},"geometry":{"type":"LineString","coordinates":[[5670585.837962884,6434689.886719194],[5670695.313947083,6434729.276837915]]}},{"type":"Feature","properties":{},"geometry":{"type":"LineString","coordinates":[[5670579.0668052025,6434708.705630523],[5670688.291999605,6434748.005513564]]}},{"type":"Feature","properties":{},"geometry":{"type":"LineString","coordinates":[[5670998.975165546,6434696.821489293],[5671038.630159406,6434591.055173037]]}},{"type":"Feature","properties":{},"geometry":{"type":"LineString","coordinates":[[5671017.702178357,6434703.842813324],[5671057.450741735,6434597.826931955]]}},{"type":"Feature","properties":{},"geometry":{"type":"LineString","coordinates":[[5670935.925332889,6434532.846142989],[5671045.652106883,6434572.326497387]]}},{"type":"Feature","properties":{},"geometry":{"type":"LineString","coordinates":[[5670929.154175207,6434551.665054318],[5671038.630159406,6434591.055173038]]}},{"type":"Feature","properties":{},"geometry":{"type":"LineString","coordinates":[[5670742.131242697,6434604.407498339],[5670781.786236557,6434498.641182082]]}},{"type":"Feature","properties":{},"geometry":{"type":"LineString","coordinates":[[5670760.858255508,6434611.42882237],[5670800.606818886,6434505.412941]]}},{"type":"Feature","properties":{},"geometry":{"type":"LineString","coordinates":[[5670679.081410039,6434440.432152034],[5670788.808184035,6434479.912506434]]}},{"type":"Feature","properties":{},"geometry":{"type":"LineString","coordinates":[[5670672.310252357,6434459.251063363],[5670781.786236556,6434498.641182082]]}},{"type":"Feature","properties":{},"geometry":{"type":"LineString","coordinates":[[5671163.802811412,6434226.661284274],[5671199.495222361,6434135.1153539745]]}},{"type":"Feature","properties":{},"geometry":{"type":"LineString","coordinates":[[5671182.43662603,6434233.926334362],[5671218.259135064,6434142.046721077]]}},{"type":"Feature","properties":{},"geometry":{"type":"LineString","coordinates":[[5671101.547598938,6434077.612684812],[5671206.76143721,6434116.478551902]]}},{"type":"Feature","properties":{},"geometry":{"type":"LineString","coordinates":[[5671094.6173429275,6434096.373589683],[5671199.495222361,6434135.115353975]]}},{"type":"Feature","properties":{},"geometry":{"type":"LineString","coordinates":[[5670916.015288876,6434135.128867291],[5670951.707699825,6434043.582936991]]}},{"type":"Feature","properties":{},"geometry":{"type":"LineString","coordinates":[[5670934.649103494,6434142.393917378],[5670970.471612529,6434050.514304093]]}},{"type":"Feature","properties":{},"geometry":{"type":"LineString","coordinates":[[5670853.592096982,6433986.018216429],[5670958.973914676,6434024.946134918]]}},{"type":"Feature","properties":{},"geometry":{"type":"LineString","coordinates":[[5670846.661840971,6434004.7791213],[5670951.707699825,6434043.582936991]]}},{"type":"Feature","properties":{},"geometry":{"type":"LineString","coordinates":[[5670663.1454040855,6434042.048700006],[5670698.726918724,6433948.135604682]]}},{"type":"Feature","properties":{},"geometry":{"type":"LineString","coordinates":[[5670681.848040605,6434049.134699385],[5670717.493798216,6433955.052042522]]}},{"type":"Feature","properties":{},"geometry":{"type":"LineString","coordinates":[[5670592.270040266,6433887.586442963],[5670705.813209317,6433929.432199541]]}},{"type":"Feature","properties":{},"geometry":{"type":"LineString","coordinates":[[5670585.353886658,6433906.352551225],[5670698.726918724,6433948.135604683]]}},{"type":"Feature","properties":{},"geometry":{"type":"LineString","coordinates":[[5670327.6499431785,6433790.062054129],[5670573.503160774,6433880.670005123]]}},{"type":"Feature","properties":{},"geometry":{"type":"LineString","coordinates":[[5670320.733789571,6433808.828162391],[5670566.587007166,6433899.436113385]]}},{"type":"Feature","properties":{},"geometry":{"type":"LineString","coordinates":[[5670398.610375491,6433944.555662732],[5670476.923938335,6433737.856505403]]}},{"type":"Feature","properties":{},"geometry":{"type":"LineString","coordinates":[[5670417.31301201,6433951.641662111],[5670495.626574854,6433744.942504782]]}},{"type":"Feature","properties":{},"geometry":{"type":"LineString","coordinates":[[5670136.089409261,6433865.104354755],[5670100.398501192,6433965.435247594]]}},{"type":"Feature","properties":{},"geometry":{"type":"LineString","coordinates":[[5670154.932653428,6433871.807499482],[5670119.181133897,6433972.308777512]]}},{"type":"Feature","properties":{},"geometry":{"type":"LineString","coordinates":[[5669988.236558267,6433924.389432428],[5670100.398501193,6433965.435247594]]}},{"type":"Feature","properties":{},"geometry":{"type":"LineString","coordinates":[[5669981.363309328,6433943.171297327],[5670093.695082439,6433984.279262079]]}},{"type":"Feature","properties":{},"geometry":{"type":"LineString","coordinates":[[5670331.977401548,6434176.874663042],[5670367.558916188,6434082.961567718]]}},{"type":"Feature","properties":{},"geometry":{"type":"LineString","coordinates":[[5670313.274765029,6434169.788663663],[5670348.7920366945,6434076.0451298775]]}},{"type":"Feature","properties":{},"geometry":{"type":"LineString","coordinates":[[5670242.420226726,6434015.527319717],[5670355.878327288,6434057.341724738]]}},{"type":"Feature","properties":{},"geometry":{"type":"LineString","coordinates":[[5670235.504073118,6434034.293427979],[5670348.792036695,6434076.045129878]]}},{"type":"Feature","properties":{},"geometry":{"type":"LineString","coordinates":[[5670596.448187169,6434274.537261855],[5670632.0939447805,6434180.454604992]]}},{"type":"Feature","properties":{},"geometry":{"type":"LineString","coordinates":[[5670577.745550649,6434267.451262476],[5670613.327065289,6434173.538167152]]}},{"type":"Feature","properties":{},"geometry":{"type":"LineString","coordinates":[[5670506.870186829,6434112.989005432],[5670620.413355881,6434154.834762008]]}},{"type":"Feature","properties":{},"geometry":{"type":"LineString","coordinates":[[5670499.954033221,6434131.755113694],[5670613.327065289,6434173.538167152]]}},{"type":"Feature","properties":{},"geometry":{"type":"LineString","coordinates":[[5670829.96793919,6434355.828015023],[5670865.595301096,6434264.448926217]]}},{"type":"Feature","properties":{},"geometry":{"type":"LineString","coordinates":[[5670848.601753808,6434363.09306511],[5670884.359213799,6434271.380293317]]}},{"type":"Feature","properties":{},"geometry":{"type":"LineString","coordinates":[[5670767.815657094,6434207.008308451],[5670872.8615159495,6434245.812124142]]}},{"type":"Feature","properties":{},"geometry":{"type":"LineString","coordinates":[[5670760.885401083,6434225.769213322],[5670865.595301097,6434264.448926216]]}},{"type":"Feature","properties":{},"geometry":{"type":"LineString","coordinates":[[5671077.62536364,6434447.694114991],[5671113.38282363,6434355.9813432]]}},{"type":"Feature","properties":{},"geometry":{"type":"LineString","coordinates":[[5671096.259178258,6434454.959165079],[5671132.146736334,6434362.9127103]]}},{"type":"Feature","properties":{},"geometry":{"type":"LineString","coordinates":[[5671015.43520021,6434298.4786740355],[5671120.649038482,6434337.344541126]]}},{"type":"Feature","properties":{},"geometry":{"type":"LineString","coordinates":[[5671008.504944197,6434317.239578906],[5671113.38282363,6434355.9813431995]]}},{"type":"Feature","properties":{},"geometry":{"type":"LineString","coordinates":[[5671653.544993617,6434438.516326671],[5671619.50522404,6434526.681429778]]}},{"type":"Feature","properties":{},"geometry":{"type":"LineString","coordinates":[[5671672.202664655,6434445.719889085],[5671638.226933223,6434533.719129447]]}},{"type":"Feature","properties":{},"geometry":{"type":"LineString","coordinates":[[5671516.926526743,6434488.120951299],[5671619.505224041,6434526.681429777]]}},{"type":"Feature","properties":{},"geometry":{"type":"LineString","coordinates":[[5671509.889105146,6434506.841920752],[5671612.301376989,6434545.339838044]]}},{"type":"Feature","properties":{},"geometry":{"type":"LineString","coordinates":[[5671412.063226301,6434347.740632134],[5671378.023456723,6434435.90573524]]}},{"type":"Feature","properties":{},"geometry":{"type":"LineString","coordinates":[[5671430.720897339,6434354.944194548],[5671396.745165906,6434442.94343491]]}},{"type":"Feature","properties":{},"geometry":{"type":"LineString","coordinates":[[5671274.658564694,6434397.049717378],[5671378.0234567225,6434435.90573524]]}},{"type":"Feature","properties":{},"geometry":{"type":"LineString","coordinates":[[5671267.621143097,6434415.770686831],[5671370.819609672,6434454.564143507]]}},{"type":"Feature","properties":{},"geometry":{"type":"LineString","coordinates":[[5672264.793928057,6434398.4549749475],[5672318.843556069,6434257.185140864]]}},{"type":"Feature","properties":{},"geometry":{"type":"LineString","coordinates":[[5672283.473434137,6434405.601726139],[5672337.67710556,6434263.929267876]]}},{"type":"Feature","properties":{},"geometry":{"type":"LineString","coordinates":[[5672214.787581589,6434198.679992078],[5672325.991967217,6434238.501296141]]}},{"type":"Feature","properties":{},"geometry":{"type":"LineString","coordinates":[[5672208.045020655,6434217.509168163],[5672318.843556068,6434257.185140864]]}},{"type":"Feature","properties":{},"geometry":{"type":"LineString","coordinates":[[5672005.075026337,6434304.994154298],[5672058.970610935,6434164.126944396]]}},{"type":"Feature","properties":{},"geometry":{"type":"LineString","coordinates":[[5672023.754532417,6434312.140905489],[5672077.804160426,6434170.871071406]]}},{"type":"Feature","properties":{},"geometry":{"type":"LineString","coordinates":[[5672182.881096128,6434614.606411113],[5672214.378571173,6434530.301799555]]}},{"type":"Feature","properties":{},"geometry":{"type":"LineString","coordinates":[[5672201.616196195,6434621.606127213],[5672233.113530736,6434537.301891714]]}},{"type":"Feature","properties":{},"geometry":{"type":"LineString","coordinates":[[5672108.348107181,6434469.334333045],[5672221.378287273,6434511.566699483]]}},{"type":"Feature","properties":{},"geometry":{"type":"LineString","coordinates":[[5672101.348015022,6434488.069292607],[5672214.378571173,6434530.301799554]]}},{"type":"Feature","properties":{},"geometry":{"type":"LineString","coordinates":[[5671918.1511269575,6434515.693244243],[5671949.648602002,6434431.388632682]]}},{"type":"Feature","properties":{},"geometry":{"type":"LineString","coordinates":[[5671936.886227024,6434522.692960342],[5671968.3835615665,6434438.388724843]]}},{"type":"Feature","properties":{},"geometry":{"type":"LineString","coordinates":[[5671842.418824211,6434369.973057008],[5671956.648318103,6434412.653532612]]}},{"type":"Feature","properties":{},"geometry":{"type":"LineString","coordinates":[[5671835.418732053,6434388.70801657],[5671949.648602,6434431.388632683]]}},{"type":"Feature","properties":{},"geometry":{"type":"LineString","coordinates":[[5672030.9373979755,6434676.5280767055],[5672143.967578068,6434718.760443142]]}},{"type":"Feature","properties":{},"geometry":{"type":"LineString","coordinates":[[5672023.937305817,6434695.263036267],[5672136.967861967,6434737.495543213]]}},{"type":"Feature","properties":{},"geometry":{"type":"LineString","coordinates":[[5671839.975738231,6434724.933691962],[5671911.151410856,6434534.428344314]]}},{"type":"Feature","properties":{},"geometry":{"type":"LineString","coordinates":[[5671858.710838297,6434731.933408061],[5671929.886510923,6434541.428060413]]}},{"type":"Feature","properties":{},"geometry":{"type":"LineString","coordinates":[[5671765.007738949,6434577.166660159],[5672012.20243841,6434669.527984546]]}},{"type":"Feature","properties":{},"geometry":{"type":"LineString","coordinates":[[5671758.007646791,6434595.90161972],[5672005.202346252,6434688.262944107]]}},{"type":"Feature","properties":{},"geometry":{"type":"LineString","coordinates":[[5671953.862735169,6434902.967286854],[5672065.534593724,6434943.531234603]]}},{"type":"Feature","properties":{},"geometry":{"type":"LineString","coordinates":[[5672104.647383752,6434837.760956615],[5672065.534593725,6434943.531234604]]}},{"type":"Feature","properties":{},"geometry":{"type":"LineString","coordinates":[[5672123.4059023755,6434844.697669027],[5672084.333153074,6434950.359667379]]}},{"type":"Feature","properties":{},"geometry":{"type":"LineString","coordinates":[[5671947.034416148,6434921.765533033],[5672058.597765749,6434962.290065736]]}},{"type":"Feature","properties":{},"geometry":{"type":"LineString","coordinates":[[5671497.763499279,6434899.571871991],[5671457.832016696,6435004.697205749]]}},{"type":"Feature","properties":{},"geometry":{"type":"LineString","coordinates":[[5671516.460124131,6434906.673718168],[5671476.623997008,6435011.548015052]]}},{"type":"Feature","properties":{},"geometry":{"type":"LineString","coordinates":[[5671348.501279926,6434964.839563491],[5671457.832016696,6435004.697205749]]}},{"type":"Feature","properties":{},"geometry":{"type":"LineString","coordinates":[[5671341.651088072,6434983.629850119],[5671450.729530387,6435023.395515845]]}},{"type":"Feature","properties":{},"geometry":{"type":"LineString","coordinates":[[5672031.346707096,6435093.647607633],[5671992.384890899,6435199.009616511]]}},{"type":"Feature","properties":{},"geometry":{"type":"LineString","coordinates":[[5672012.588188473,6435086.710895221],[5671973.586331548,6435192.181183734]]}},{"type":"Feature","properties":{},"geometry":{"type":"LineString","coordinates":[[5671861.914472995,6435151.617235984],[5671973.586331549,6435192.181183735]]}},{"type":"Feature","properties":{},"geometry":{"type":"LineString","coordinates":[[5671855.086153975,6435170.415482161],[5671966.649503575,6435210.940014865]]}},{"type":"Feature","properties":{},"geometry":{"type":"LineString","coordinates":[[5671601.081249453,6435056.871564261],[5671712.699301874,6435097.415967346]]}},{"type":"Feature","properties":{},"geometry":{"type":"LineString","coordinates":[[5671594.252930433,6435075.669810438],[5671705.762473901,6435116.174798475]]}},{"type":"Feature","properties":{},"geometry":{"type":"LineString","coordinates":[[5671751.701158799,6434991.945678832],[5671712.699301874,6435097.415967345]]}},{"type":"Feature","properties":{},"geometry":{"type":"LineString","coordinates":[[5671770.459677422,6434998.882391244],[5671731.497861224,6435104.244400121]]}},{"type":"Feature","properties":{},"geometry":{"type":"LineString","coordinates":[[5671843.800394803,6434742.887460591],[5671804.647564051,6434848.7660182165]]}},{"type":"Feature","properties":{},"geometry":{"type":"LineString","coordinates":[[5671862.5589134265,6434749.824173003],[5671823.446123398,6434855.594450993]]}},{"type":"Feature","properties":{},"geometry":{"type":"LineString","coordinates":[[5671686.092683653,6434826.980446261],[5671797.710736076,6434867.524849348]]}},{"type":"Feature","properties":{},"geometry":{"type":"LineString","coordinates":[[5671692.921002674,6434808.182200084],[5671804.647564051,6434848.7660182165]]}},{"type":"Feature","properties":{},"geometry":{"type":"LineString","coordinates":[[5671591.736081604,6434652.175621158],[5671551.874148214,6434757.117856728]]}},{"type":"Feature","properties":{},"geometry":{"type":"LineString","coordinates":[[5671610.432706457,6434659.277467336],[5671570.666128526,6434763.968666034]]}},{"type":"Feature","properties":{},"geometry":{"type":"LineString","coordinates":[[5671442.543411445,6434717.26021447],[5671551.874148213,6434757.11785673]]}},{"type":"Feature","properties":{},"geometry":{"type":"LineString","coordinates":[[5671435.693219591,6434736.050501099],[5671544.771661904,6434775.816166823]]}},{"type":"Feature","properties":{},"geometry":{"type":"LineString","coordinates":[[5671186.929789054,6434624.073644814],[5671296.196914393,6434663.908096872]]}},{"type":"Feature","properties":{},"geometry":{"type":"LineString","coordinates":[[5671180.0795972,6434642.863931443],[5671289.094428084,6434682.606406967]]}},{"type":"Feature","properties":{},"geometry":{"type":"LineString","coordinates":[[5671336.154203243,6434558.714824428],[5671296.196914393,6434663.908096873]]}},{"type":"Feature","properties":{},"geometry":{"type":"LineString","coordinates":[[5671354.850828095,6434565.816670605],[5671314.988894707,6434670.758906175]]}},{"type":"Feature","properties":{},"geometry":{"type":"LineString","coordinates":[[5671524.916686173,6432491.831560052],[5671564.98151715,6432381.403360502]]}},{"type":"Feature","properties":{},"geometry":{"type":"LineString","coordinates":[[5671536.869985762,6432517.526183464],[5671644.207686162,6432556.93851961]]}},{"type":"Feature","properties":{},"geometry":{"type":"LineString","coordinates":[[5671543.6912305355,6432498.725211126],[5671583.782349867,6432388.224554618]]}},{"type":"Feature","properties":{},"geometry":{"type":"LineString","coordinates":[[5671543.691230535,6432498.725211126],[5671651.101286039,6432538.164114673]]}},{"type":"Feature","properties":{},"geometry":{"type":"LineString","coordinates":[[5671015.518527024,6432306.672114348],[5671056.031917255,6432195.936446016]]}},{"type":"Feature","properties":{},"geometry":{"type":"LineString","coordinates":[[5671015.518527025,6432306.672114348],[5671131.90977526,6432348.760776301]]}},{"type":"Feature","properties":{},"geometry":{"type":"LineString","coordinates":[[5670996.7103381315,6432299.87081686],[5671037.249478867,6432189.064764404]]}},{"type":"Feature","properties":{},"geometry":{"type":"LineString","coordinates":[[5671008.646797164,6432325.454684612],[5671125.108525525,6432367.56883314]]}},{"type":"Feature","properties":{},"geometry":{"type":"LineString","coordinates":[[5671285.987881406,6432404.477519804],[5671402.379129644,6432446.566181758]]}},{"type":"Feature","properties":{},"geometry":{"type":"LineString","coordinates":[[5671285.987881407,6432404.477519806],[5671326.475521133,6432293.812235597]]}},{"type":"Feature","properties":{},"geometry":{"type":"LineString","coordinates":[[5671267.179692514,6432397.676222317],[5671307.693082745,6432286.940553985]]}},{"type":"Feature","properties":{},"geometry":{"type":"LineString","coordinates":[[5671279.116151547,6432423.26009007],[5671395.5778799085,6432465.374238597]]}},{"type":"Feature","properties":{},"geometry":{"type":"LineString","coordinates":[[5670902.309487826,6432557.897636877],[5670942.479238684,6432448.101241597]]}},{"type":"Feature","properties":{},"geometry":{"type":"LineString","coordinates":[[5670921.117676722,6432564.698934366],[5671037.508924955,6432606.787596318]]}},{"type":"Feature","properties":{},"geometry":{"type":"LineString","coordinates":[[5670921.117676722,6432564.698934366],[5670961.261677072,6432454.972923209]]}},{"type":"Feature","properties":{},"geometry":{"type":"LineString","coordinates":[[5670914.245946862,6432583.48150463],[5671030.7076752195,6432625.595653157]]}},{"type":"Feature","properties":{},"geometry":{"type":"LineString","coordinates":[[5671172.778842208,6432655.703042335],[5671212.948593068,6432545.9066470545]]}},{"type":"Feature","properties":{},"geometry":{"type":"LineString","coordinates":[[5671191.587031103,6432662.504339824],[5671308.048759463,6432704.61848835]]}},{"type":"Feature","properties":{},"geometry":{"type":"LineString","coordinates":[[5671191.587031103,6432662.5043398235],[5671231.731031456,6432552.778328666]]}},{"type":"Feature","properties":{},"geometry":{"type":"LineString","coordinates":[[5671184.715301243,6432681.286910089],[5671301.247509728,6432723.426545189]]}},{"type":"Feature","properties":{},"geometry":{"type":"LineString","coordinates":[[5670828.067279156,6432822.567718806],[5670944.372580937,6432862.419075903]]}},{"type":"Feature","properties":{},"geometry":{"type":"LineString","coordinates":[[5670834.921778734,6432803.774897118],[5670870.108499584,6432707.304284898]]}},{"type":"Feature","properties":{},"geometry":{"type":"LineString","coordinates":[[5670834.921778733,6432803.774897117],[5670950.855465095,6432843.498922283]]}},{"type":"Feature","properties":{},"geometry":{"type":"LineString","coordinates":[[5670828.067279156,6432822.567718805],[5670944.372580937,6432862.419075903]]}},{"type":"Feature","properties":{},"geometry":{"type":"LineString","coordinates":[[5670815.997975969,6432797.290762603],[5670851.319301781,6432700.451107097]]}},{"type":"Feature","properties":{},"geometry":{"type":"LineString","coordinates":[[5671105.194180119,6432896.382214378],[5671140.380900966,6432799.911602155]]}},{"type":"Feature","properties":{},"geometry":{"type":"LineString","coordinates":[[5671105.194180116,6432896.382214376],[5671220.942058767,6432936.042573574]]}},{"type":"Feature","properties":{},"geometry":{"type":"LineString","coordinates":[[5671086.270377351,6432889.898079861],[5671121.591703163,6432793.0584243545]]}},{"type":"Feature","properties":{},"geometry":{"type":"LineString","coordinates":[[5671098.339680539,6432915.175036063],[5671214.45917461,6432954.962727194]]}},{"type":"Feature","properties":{},"geometry":{"type":"LineString","coordinates":[[5671017.440479578,6433136.974489268],[5671133.559973654,6433176.762180399]]}},{"type":"Feature","properties":{},"geometry":{"type":"LineString","coordinates":[[5671017.44047958,6433136.974489268],[5671053.850953658,6433037.148741355]]}},{"type":"Feature","properties":{},"geometry":{"type":"LineString","coordinates":[[5671010.585980003,6433155.767310956],[5671127.077089497,6433195.682334019]]}},{"type":"Feature","properties":{},"geometry":{"type":"LineString","coordinates":[[5670998.516676817,6433130.490354753],[5671035.061755856,6433030.295563554]]}},{"type":"Feature","properties":{},"geometry":{"type":"LineString","coordinates":[[5670747.1680782,6433044.367172011],[5670863.101764561,6433084.091197175]]}},{"type":"Feature","properties":{},"geometry":{"type":"LineString","coordinates":[[5670747.168078199,6433044.367172011],[5670783.578552276,6432944.5414240975]]}},{"type":"Feature","properties":{},"geometry":{"type":"LineString","coordinates":[[5670740.313578622,6433063.159993698],[5670856.618880405,6433103.011350795]]}},{"type":"Feature","properties":{},"geometry":{"type":"LineString","coordinates":[[5670728.244275435,6433037.883037495],[5670764.789354473,6432937.688246297]]}},{"type":"Feature","properties":{},"geometry":{"type":"LineString","coordinates":[[5672385.089195652,6433354.30386398],[5672496.645678895,6433392.113285006]]}},{"type":"Feature","properties":{},"geometry":{"type":"LineString","coordinates":[[5672385.089195651,6433354.30386398],[5672418.047530871,6433265.059831301]]}},{"type":"Feature","properties":{},"geometry":{"type":"LineString","coordinates":[[5672366.140648025,6433347.8817037055],[5672399.286058582,6433258.131111538]]}},{"type":"Feature","properties":{},"geometry":{"type":"LineString","coordinates":[[5672378.1579508325,6433373.072173572],[5672490.225858217,6433411.054929667]]}},{"type":"Feature","properties":{},"geometry":{"type":"LineString","coordinates":[[5672646.354969465,6433442.853694117],[5672679.126229348,6433354.116220926]]}},{"type":"Feature","properties":{},"geometry":{"type":"LineString","coordinates":[[5672627.406421839,6433436.431533843],[5672660.364757059,6433347.187501163]]}},{"type":"Feature","properties":{},"geometry":{"type":"LineString","coordinates":[[5672646.354969464,6433442.853694116],[5672757.655740638,6433480.576447609]]}},{"type":"Feature","properties":{},"geometry":{"type":"LineString","coordinates":[[5672639.423724646,6433461.622003709],[5672751.235919961,6433499.51809227]]}},{"type":"Feature","properties":{},"geometry":{"type":"LineString","coordinates":[[5672566.669347054,6433658.625098911],[5672678.48154237,6433696.521187473]]}},{"type":"Feature","properties":{},"geometry":{"type":"LineString","coordinates":[[5672566.669347053,6433658.625098912],[5672599.534144606,6433569.634345978]]}},{"type":"Feature","properties":{},"geometry":{"type":"LineString","coordinates":[[5672559.738102235,6433677.393408505],[5672672.061721693,6433715.462832134]]}},{"type":"Feature","properties":{},"geometry":{"type":"LineString","coordinates":[[5672547.72079943,6433652.202938638],[5672580.772672318,6433562.705626215]]}},{"type":"Feature","properties":{},"geometry":{"type":"LineString","coordinates":[[5672305.403573241,6433570.075268776],[5672338.268370793,6433481.084515841]]}},{"type":"Feature","properties":{},"geometry":{"type":"LineString","coordinates":[[5672305.403573242,6433570.075268775],[5672416.960056487,6433607.884689801]]}},{"type":"Feature","properties":{},"geometry":{"type":"LineString","coordinates":[[5672286.455025616,6433563.653108501],[5672319.506898505,6433474.155796078]]}},{"type":"Feature","properties":{},"geometry":{"type":"LineString","coordinates":[[5672298.4723284235,6433588.8435783675],[5672410.540235809,6433626.8263344625]]}},{"type":"Feature","properties":{},"geometry":{"type":"LineString","coordinates":[[5672467.298616734,6433925.136753452],[5672578.097152145,6433964.812726153]]}},{"type":"Feature","properties":{},"geometry":{"type":"LineString","coordinates":[[5672467.298616733,6433925.136753453],[5672521.271223037,6433784.06823146]]}},{"type":"Feature","properties":{},"geometry":{"type":"LineString","coordinates":[[5672460.150205583,6433943.820598176],[5672571.35459121,6433983.641902238]]}},{"type":"Feature","properties":{},"geometry":{"type":"LineString","coordinates":[[5672448.465067242,6433918.392626442],[5672502.591716956,6433776.921480268]]}},{"type":"Feature","properties":{},"geometry":{"type":"LineString","coordinates":[[5672188.592122109,6433825.334429973],[5672242.872815236,6433683.4606596185]]}},{"type":"Feature","properties":{},"geometry":{"type":"LineString","coordinates":[[5672207.425671602,6433832.078556983],[5672318.427132121,6433871.827195365]]}},{"type":"Feature","properties":{},"geometry":{"type":"LineString","coordinates":[[5672207.425671601,6433832.078556983],[5672261.552321317,6433690.60741081]]}},{"type":"Feature","properties":{},"geometry":{"type":"LineString","coordinates":[[5672200.277260452,6433850.762401705],[5672311.684571187,6433890.65637145]]}},{"type":"Feature","properties":{},"geometry":{"type":"LineString","coordinates":[[5671570.609444675,6433991.106245332],[5671519.566390657,6434129.348849589]]}},{"type":"Feature","properties":{},"geometry":{"type":"LineString","coordinates":[[5671577.53778606,6433972.34185173],[5671686.390397913,6434010.54700574]]}},{"type":"Feature","properties":{},"geometry":{"type":"LineString","coordinates":[[5671551.735592591,6433984.481889576],[5671500.804444897,6434122.421412015]]}},{"type":"Feature","properties":{},"geometry":{"type":"LineString","coordinates":[[5671570.609444676,6433991.106245332],[5671679.766906316,6434029.418395701]]}},{"type":"Feature","properties":{},"geometry":{"type":"LineString","coordinates":[[5671826.214797443,6434080.818763035],[5671775.059837097,6434219.364449114]]}},{"type":"Feature","properties":{},"geometry":{"type":"LineString","coordinates":[[5671833.143138826,6434062.054369435],[5671942.148175572,6434100.3130216235]]}},{"type":"Feature","properties":{},"geometry":{"type":"LineString","coordinates":[[5671807.340945357,6434074.194407282],[5671756.297891337,6434212.43701154]]}},{"type":"Feature","properties":{},"geometry":{"type":"LineString","coordinates":[[5671826.214797441,6434080.818763036],[5671935.524683976,6434119.184411584]]}},{"type":"Feature","properties":{},"geometry":{"type":"LineString","coordinates":[[5669753.757498595,6434110.294939],[5669791.431601772,6434004.592343471]]}},{"type":"Feature","properties":{},"geometry":{"type":"LineString","coordinates":[[5669772.608608667,6434116.976025258],[5669883.706521564,6434156.350615741]]}},{"type":"Feature","properties":{},"geometry":{"type":"LineString","coordinates":[[5669772.608608666,6434116.976025259],[5669810.270772971,6434011.306926741]]}},{"type":"Feature","properties":{},"geometry":{"type":"LineString","coordinates":[[5669765.894014782,6434135.815226238],[5669877.025445866,6434175.201696015]]}},{"type":"Feature","properties":{},"geometry":{"type":"LineString","coordinates":[[5669025.344109924,6433008.713405711],[5669064.230389866,6432903.246745632]]}},{"type":"Feature","properties":{},"geometry":{"type":"LineString","coordinates":[[5669025.344109924,6433008.713405711],[5669133.479398448,6433048.639744794]]}},{"type":"Feature","properties":{},"geometry":{"type":"LineString","coordinates":[[5669006.582148228,6433001.786005278],[5669045.465267832,6432896.32791661]]}},{"type":"Feature","properties":{},"geometry":{"type":"LineString","coordinates":[[5669018.42528018,6433027.478529702],[5669126.551998738,6433067.401704533]]}},{"type":"Feature","properties":{},"geometry":{"type":"LineString","coordinates":[[5668773.219415409,6432912.916071162],[5668881.438641269,6432951.630360935]]}},{"type":"Feature","properties":{},"geometry":{"type":"LineString","coordinates":[[5668773.219415408,6432912.916071163],[5668810.340621515,6432808.72642956]]}},{"type":"Feature","properties":{},"geometry":{"type":"LineString","coordinates":[[5668766.507017596,6432931.7560388185],[5668874.701950017,6432970.4616378695]]}},{"type":"Feature","properties":{},"geometry":{"type":"LineString","coordinates":[[5668754.388122803,6432906.179374305],[5668791.500669536,6432802.0140373325]]}},{"type":"Feature","properties":{},"geometry":{"type":"LineString","coordinates":[[5668500.274939153,6432815.273055683],[5668537.387485886,6432711.107718712]]}},{"type":"Feature","properties":{},"geometry":{"type":"LineString","coordinates":[[5668519.106231757,6432822.009752541],[5668627.337604337,6432860.728387675]]}},{"type":"Feature","properties":{},"geometry":{"type":"LineString","coordinates":[[5668519.106231757,6432822.009752541],[5668556.227437865,6432717.820110939]]}},{"type":"Feature","properties":{},"geometry":{"type":"LineString","coordinates":[[5668512.393833945,6432840.849720198],[5668620.600913086,6432879.55966461]]}},{"type":"Feature","properties":{},"geometry":{"type":"LineString","coordinates":[[5669279.134325377,6433102.419302616],[5669318.020605321,6432996.952642538]]}},{"type":"Feature","properties":{},"geometry":{"type":"LineString","coordinates":[[5669279.134325378,6433102.419302618],[5669387.2653289195,6433142.3440595735]]}},{"type":"Feature","properties":{},"geometry":{"type":"LineString","coordinates":[[5669260.372363682,6433095.491902185],[5669299.255483287,6432990.033813516]]}},{"type":"Feature","properties":{},"geometry":{"type":"LineString","coordinates":[[5669272.215495635,6433121.1844266085],[5669380.33792921,6433161.1060193125]]}},{"type":"Feature","properties":{},"geometry":{"type":"LineString","coordinates":[[5668925.534692652,6434095.852567627],[5669035.01891799,6434135.931491136]]}},{"type":"Feature","properties":{},"geometry":{"type":"LineString","coordinates":[[5668925.5346926525,6434095.852567627],[5668962.976406503,6433990.540687814]]}},{"type":"Feature","properties":{},"geometry":{"type":"LineString","coordinates":[[5668918.834606761,6434114.697822491],[5669028.143698984,6434154.712634967]]}},{"type":"Feature","properties":{},"geometry":{"type":"LineString","coordinates":[[5668906.752732287,6434088.977049712],[5668944.131970926,6433983.840893207]]}},{"type":"Feature","properties":{},"geometry":{"type":"LineString","coordinates":[[5669014.607147158,6433845.319494787],[5669052.962666451,6433737.437364867]]}},{"type":"Feature","properties":{},"geometry":{"type":"LineString","coordinates":[[5669014.607147158,6433845.319494786],[5669124.26650561,6433885.462529326]]}},{"type":"Feature","properties":{},"geometry":{"type":"LineString","coordinates":[[5668995.82518679,6433838.443976869],[5669034.118230875,6433730.737570258]]}},{"type":"Feature","properties":{},"geometry":{"type":"LineString","coordinates":[[5669007.907061268,6433864.164749648],[5669117.391286604,6433904.243673157]]}},{"type":"Feature","properties":{},"geometry":{"type":"LineString","coordinates":[[5668757.899642632,6433751.346500904],[5668796.192686716,6433643.640094293]]}},{"type":"Feature","properties":{},"geometry":{"type":"LineString","coordinates":[[5668757.899642632,6433751.346500903],[5668867.559001086,6433791.489535444]]}},{"type":"Feature","properties":{},"geometry":{"type":"LineString","coordinates":[[5668739.117682267,6433744.470982987],[5668777.34825114,6433636.940299686]]}},{"type":"Feature","properties":{},"geometry":{"type":"LineString","coordinates":[[5668751.199556741,6433770.191755767],[5668860.68378208,6433810.2706792755]]}},{"type":"Feature","properties":{},"geometry":{"type":"LineString","coordinates":[[5668650.04522776,6433995.00405583],[5668687.424466402,6433889.867899325]]}},{"type":"Feature","properties":{},"geometry":{"type":"LineString","coordinates":[[5668668.82718813,6434001.879573747],[5668706.268901979,6433896.567693934]]}},{"type":"Feature","properties":{},"geometry":{"type":"LineString","coordinates":[[5668668.827188129,6434001.879573746],[5668778.486546582,6434042.022608287]]}},{"type":"Feature","properties":{},"geometry":{"type":"LineString","coordinates":[[5668668.827188129,6434001.879573746],[5668706.268901979,6433896.567693934]]}},{"type":"Feature","properties":{},"geometry":{"type":"LineString","coordinates":[[5668662.127102238,6434020.724828609],[5668771.6113275755,6434060.803752118]]}},{"type":"Feature","properties":{},"geometry":{"type":"LineString","coordinates":[[5668416.377351086,6433916.394325437],[5668454.709334214,6433808.186611295]]}},{"type":"Feature","properties":{},"geometry":{"type":"LineString","coordinates":[[5668416.377351085,6433916.394325438],[5668524.533078626,6433955.373921817]]}},{"type":"Feature","properties":{},"geometry":{"type":"LineString","coordinates":[[5668397.561737141,6433909.613130824],[5668435.857251267,6433801.508365374]]}},{"type":"Feature","properties":{},"geometry":{"type":"LineString","coordinates":[[5668409.699005589,6433935.246689477],[5668517.75198512,6433974.189255215]]}},{"type":"Feature","properties":{},"geometry":{"type":"LineString","coordinates":[[5668506.379773831,6433662.3256434165],[5668614.638249384,6433701.342270439]]}},{"type":"Feature","properties":{},"geometry":{"type":"LineString","coordinates":[[5668506.379773832,6433662.325643417],[5668544.729991464,6433554.066454927]]}},{"type":"Feature","properties":{},"geometry":{"type":"LineString","coordinates":[[5668499.701428337,6433681.1780074565],[5668607.857155878,6433720.157603837]]}},{"type":"Feature","properties":{},"geometry":{"type":"LineString","coordinates":[[5668487.564159889,6433655.544448803],[5668525.877908517,6433547.388209007]]}},{"type":"Feature","properties":{},"geometry":{"type":"LineString","coordinates":[[5668252.385716861,6433570.785546111],[5668360.592818406,6433609.78365781]]}},{"type":"Feature","properties":{},"geometry":{"type":"LineString","coordinates":[[5668252.38571686,6433570.78554611],[5668290.699465489,6433462.629306313]]}},{"type":"Feature","properties":{},"geometry":{"type":"LineString","coordinates":[[5668245.707371365,6433589.63791015],[5668353.8117249,6433628.598991208]]}},{"type":"Feature","properties":{},"geometry":{"type":"LineString","coordinates":[[5668233.570102917,6433564.004351495],[5668271.847382542,6433455.951060392]]}},{"type":"Feature","properties":{},"geometry":{"type":"LineString","coordinates":[[5668143.56768017,6433818.073033517],[5668181.863194295,6433709.968268066]]}},{"type":"Feature","properties":{},"geometry":{"type":"LineString","coordinates":[[5668162.383294113,6433824.854228131],[5668200.7152772425,6433716.646513986]]}},{"type":"Feature","properties":{},"geometry":{"type":"LineString","coordinates":[[5668162.383294113,6433824.8542281315],[5668270.590395659,6433863.852339831]]}},{"type":"Feature","properties":{},"geometry":{"type":"LineString","coordinates":[[5668155.704948618,6433843.7065921705],[5668263.809302153,6433882.667673229]]}},{"type":"Feature","properties":{},"geometry":{"type":"LineString","coordinates":[[5670803.92414319,6433678.500909417],[5670850.3682625145,6433553.089125771]]}},{"type":"Feature","properties":{},"geometry":{"type":"LineString","coordinates":[[5670822.755997201,6433685.239602863],[5670940.001862352,6433727.194258114]]}},{"type":"Feature","properties":{},"geometry":{"type":"LineString","coordinates":[[5670822.7559972,6433685.239602862],[5670869.1234661285,6433560.03479618]]}},{"type":"Feature","properties":{},"geometry":{"type":"LineString","coordinates":[[5670815.809903857,6433703.99594851],[5670933.263579213,6433746.024965493]]}},{"type":"Feature","properties":{},"geometry":{"type":"LineString","coordinates":[[5671076.648384825,6433780.078150479],[5671126.490943015,6433650.650022441]]}},{"type":"Feature","properties":{},"geometry":{"type":"LineString","coordinates":[[5671076.648384826,6433780.07815048],[5671182.308049773,6433817.087465831]]}},{"type":"Feature","properties":{},"geometry":{"type":"LineString","coordinates":[[5671057.7639151,6433773.463504335],[5671107.8270526845,6433643.462589121]]}},{"type":"Feature","properties":{},"geometry":{"type":"LineString","coordinates":[[5671069.457567558,6433798.7508280445],[5671175.6965164365,6433835.963048655]]}},{"type":"Feature","properties":{},"geometry":{"type":"LineString","coordinates":[[5671439.951555579,6433570.110744086],[5671545.393740734,6433607.043882987]]}},{"type":"Feature","properties":{},"geometry":{"type":"LineString","coordinates":[[5671421.067085855,6433563.496097942],[5671470.341036662,6433435.544495024]]}},{"type":"Feature","properties":{},"geometry":{"type":"LineString","coordinates":[[5671439.951555579,6433570.110744084],[5671489.004926993,6433442.731928343]]}},{"type":"Feature","properties":{},"geometry":{"type":"LineString","coordinates":[[5671432.7607383095,6433588.78342165],[5671538.782207398,6433625.919465811]]}},{"type":"Feature","properties":{},"geometry":{"type":"LineString","coordinates":[[5671325.5232139975,6433867.251311975],[5671375.365772188,6433737.823183935]]}},{"type":"Feature","properties":{},"geometry":{"type":"LineString","coordinates":[[5671325.523213997,6433867.251311975],[5671431.544683083,6433904.387356134]]}},{"type":"Feature","properties":{},"geometry":{"type":"LineString","coordinates":[[5671306.638744272,6433860.63666583],[5671356.701881858,6433730.635750616]]}},{"type":"Feature","properties":{},"geometry":{"type":"LineString","coordinates":[[5671318.332396729,6433885.923989539],[5671424.933149747,6433923.262938958]]}},{"type":"Feature","properties":{},"geometry":{"type":"LineString","coordinates":[[5671172.1922566835,6433476.322936447],[5671221.686786884,6433347.798546354]]}},{"type":"Feature","properties":{},"geometry":{"type":"LineString","coordinates":[[5671191.076726408,6433482.937582592],[5671296.736391357,6433519.9468979435]]}},{"type":"Feature","properties":{},"geometry":{"type":"LineString","coordinates":[[5671191.076726408,6433482.937582592],[5671240.350677215,6433354.985979673]]}},{"type":"Feature","properties":{},"geometry":{"type":"LineString","coordinates":[[5671183.885909139,6433501.610260155],[5671290.124858021,6433538.822480767]]}},{"type":"Feature","properties":{},"geometry":{"type":"LineString","coordinates":[[5670531.872609965,6433581.151392891],[5670578.3167292895,6433455.739609244]]}},{"type":"Feature","properties":{},"geometry":{"type":"LineString","coordinates":[[5670550.704463974,6433587.890086332],[5670597.0719329035,6433462.685279653]]}},{"type":"Feature","properties":{},"geometry":{"type":"LineString","coordinates":[[5670550.704463975,6433587.890086333],[5670667.846424025,6433629.807560721]]}},{"type":"Feature","properties":{},"geometry":{"type":"LineString","coordinates":[[5670550.704463975,6433587.890086333],[5670597.0719329035,6433462.685279653]]}},{"type":"Feature","properties":{},"geometry":{"type":"LineString","coordinates":[[5670543.758370632,6433606.6464319825],[5670661.108140886,6433648.6382681]]}},{"type":"Feature","properties":{},"geometry":{"type":"LineString","coordinates":[[5670638.538059705,6433293.125599747],[5670685.020504228,6433167.610327617]]}},{"type":"Feature","properties":{},"geometry":{"type":"LineString","coordinates":[[5670657.369913715,6433299.8642931925],[5670774.511873765,6433341.781767578]]}},{"type":"Feature","properties":{},"geometry":{"type":"LineString","coordinates":[[5670657.369913715,6433299.864293191],[5670703.775707842,6433174.555998026]]}},{"type":"Feature","properties":{},"geometry":{"type":"LineString","coordinates":[[5670650.423820374,6433318.62063884],[5670767.773590626,6433360.612474957]]}},{"type":"Feature","properties":{},"geometry":{"type":"LineString","coordinates":[[5670910.589592931,6433390.475116275],[5670956.995387057,6433265.16682111]]}},{"type":"Feature","properties":{},"geometry":{"type":"LineString","coordinates":[[5670929.42144694,6433397.213809718],[5671046.4595018895,6433439.09410324]]}},{"type":"Feature","properties":{},"geometry":{"type":"LineString","coordinates":[[5670929.42144694,6433397.213809717],[5670975.750590671,6433272.112491519]]}},{"type":"Feature","properties":{},"geometry":{"type":"LineString","coordinates":[[5670922.475353598,6433415.970155365],[5671039.721218751,6433457.924810619]]}},{"type":"Feature","properties":{},"geometry":{"type":"LineString","coordinates":[[5669760.737514054,6433284.312239121],[5669800.047360831,6433173.946070919]]}},{"type":"Feature","properties":{},"geometry":{"type":"LineString","coordinates":[[5669779.515269702,6433291.199253794],[5669887.111765673,6433330.661831773]]}},{"type":"Feature","properties":{},"geometry":{"type":"LineString","coordinates":[[5669779.515269701,6433291.199253794],[5669818.887958377,6433180.656650934]]}},{"type":"Feature","properties":{},"geometry":{"type":"LineString","coordinates":[[5669772.804395448,6433310.040677441],[5669880.225052962,6433349.438764111]]}},{"type":"Feature","properties":{},"geometry":{"type":"LineString","coordinates":[[5669852.841798011,6433025.720620765],[5669892.151644789,6432915.354452563]]}},{"type":"Feature","properties":{},"geometry":{"type":"LineString","coordinates":[[5669871.619553661,6433032.607635439],[5669979.3918880895,6433072.134704728]]}},{"type":"Feature","properties":{},"geometry":{"type":"LineString","coordinates":[[5669871.619553661,6433032.607635439],[5669910.992242334,6432922.065032579]]}},{"type":"Feature","properties":{},"geometry":{"type":"LineString","coordinates":[[5669864.908679407,6433051.449059086],[5669972.505175376,6433090.911637066]]}},{"type":"Feature","properties":{},"geometry":{"type":"LineString","coordinates":[[5669618.695211965,6432939.843958825],[5669658.005058741,6432829.477790624]]}},{"type":"Feature","properties":{},"geometry":{"type":"LineString","coordinates":[[5669618.695211965,6432939.843958825],[5669726.467546393,6432979.371028114]]}},{"type":"Feature","properties":{},"geometry":{"type":"LineString","coordinates":[[5669599.917456316,6432932.956944153],[5669639.1644611955,6432822.767210608]]}},{"type":"Feature","properties":{},"geometry":{"type":"LineString","coordinates":[[5669611.984337711,6432958.685382473],[5669719.580833682,6432998.147960452]]}},{"type":"Feature","properties":{},"geometry":{"type":"LineString","coordinates":[[5669507.813172359,6433191.548562505],[5669547.123019134,6433081.182394306]]}},{"type":"Feature","properties":{},"geometry":{"type":"LineString","coordinates":[[5669526.590928007,6433198.43557718],[5669634.363262435,6433237.962646469]]}},{"type":"Feature","properties":{},"geometry":{"type":"LineString","coordinates":[[5669526.590928006,6433198.43557718],[5669565.963616679,6433087.892974322]]}},{"type":"Feature","properties":{},"geometry":{"type":"LineString","coordinates":[[5669519.880053753,6433217.277000827],[5669627.476549724,6433256.739578807]]}},{"type":"Feature","properties":{},"geometry":{"type":"LineString","coordinates":[[5669977.915434001,6431928.45334015],[5670085.458746344,6431967.159972429]]}},{"type":"Feature","properties":{},"geometry":{"type":"LineString","coordinates":[[5669971.159604805,6431947.27776856],[5669931.49589292,6432057.796652807]]}},{"type":"Feature","properties":{},"geometry":{"type":"LineString","coordinates":[[5669971.159604805,6431947.277768562],[5670078.68574499,6431985.978220293]]}},{"type":"Feature","properties":{},"geometry":{"type":"LineString","coordinates":[[5669952.341349106,6431940.504764387],[5669912.671472346,6432051.040826425]]}},{"type":"Feature","properties":{},"geometry":{"type":"LineString","coordinates":[[5669536.766958259,6432344.748056538],[5669575.821792721,6432238.165929691]]}},{"type":"Feature","properties":{},"geometry":{"type":"LineString","coordinates":[[5669555.606771561,6432351.463167241],[5669657.859824448,6432387.909418526]]}},{"type":"Feature","properties":{},"geometry":{"type":"LineString","coordinates":[[5669555.606771561,6432351.46316724],[5669594.60075819,6432245.047096445]]}},{"type":"Feature","properties":{},"geometry":{"type":"LineString","coordinates":[[5669548.725335784,6432370.242866883],[5669651.144976267,6432406.748495306]]}},{"type":"Feature","properties":{},"geometry":{"type":"LineString","coordinates":[[5669313.004570192,6432264.992000424],[5669352.059404655,6432158.409873577]]}},{"type":"Feature","properties":{},"geometry":{"type":"LineString","coordinates":[[5669313.004570193,6432264.992000424],[5669415.340916877,6432301.467940277]]}},{"type":"Feature","properties":{},"geometry":{"type":"LineString","coordinates":[[5669294.1647568885,6432258.27688972],[5669333.280439186,6432151.528706823]]}},{"type":"Feature","properties":{},"geometry":{"type":"LineString","coordinates":[[5669306.1231344165,6432283.771700069],[5669408.626068695,6432320.307017057]]}},{"type":"Feature","properties":{},"geometry":{"type":"LineString","coordinates":[[5668953.424364177,6432420.1842639465],[5668992.490974821,6432313.788448929]]}},{"type":"Feature","properties":{},"geometry":{"type":"LineString","coordinates":[[5668953.424364176,6432420.184263946],[5669062.508896947,6432458.329669312]]}},{"type":"Feature","properties":{},"geometry":{"type":"LineString","coordinates":[[5668934.54308426,6432413.581732332],[5668973.716576545,6432306.89483091]]}},{"type":"Feature","properties":{},"geometry":{"type":"LineString","coordinates":[[5668946.529917638,6432438.96091865],[5669055.907158773,6432477.208680226]]}},{"type":"Feature","properties":{},"geometry":{"type":"LineString","coordinates":[[5668860.964164381,6432666.6392147085],[5668969.207683681,6432705.362195204]]}},{"type":"Feature","properties":{},"geometry":{"type":"LineString","coordinates":[[5668860.964164381,6432666.6392147085],[5668898.007829356,6432562.6672110455]]}},{"type":"Feature","properties":{},"geometry":{"type":"LineString","coordinates":[[5668854.251766567,6432685.479182365],[5668962.470992429,6432724.193472139]]}},{"type":"Feature","properties":{},"geometry":{"type":"LineString","coordinates":[[5668842.132871777,6432659.902517852],[5668879.167877377,6432555.954818818]]}},{"type":"Feature","properties":{},"geometry":{"type":"LineString","coordinates":[[5669220.757925409,6432516.736598265],[5669323.094272095,6432553.2125381185]]}},{"type":"Feature","properties":{},"geometry":{"type":"LineString","coordinates":[[5669201.918112107,6432510.021487562],[5669241.347050874,6432402.418415856]]}},{"type":"Feature","properties":{},"geometry":{"type":"LineString","coordinates":[[5669213.876489634,6432535.516297909],[5669316.379423914,6432572.051614898]]}},{"type":"Feature","properties":{},"geometry":{"type":"LineString","coordinates":[[5669220.75792541,6432516.736598264],[5669260.126016343,6432409.29958261]]}},{"type":"Feature","properties":{},"geometry":{"type":"LineString","coordinates":[[5669463.36012678,6432603.207765081],[5669502.728217712,6432495.770749426]]}},{"type":"Feature","properties":{},"geometry":{"type":"LineString","coordinates":[[5669463.360126779,6432603.207765081],[5669565.779767262,6432639.713393503]]}},{"type":"Feature","properties":{},"geometry":{"type":"LineString","coordinates":[[5669444.520313474,6432596.4926543785],[5669483.949252242,6432488.889582672]]}},{"type":"Feature","properties":{},"geometry":{"type":"LineString","coordinates":[[5669456.478691002,6432621.987464725],[5669559.064919081,6432658.552470283]]}},{"type":"Feature","properties":{},"geometry":{"type":"LineString","coordinates":[[5669351.981002888,6432847.032619747],[5669390.865702661,6432741.570245375]]}},{"type":"Feature","properties":{},"geometry":{"type":"LineString","coordinates":[[5669370.74296458,6432853.960020181],[5669478.8825380895,6432893.88794139]]}},{"type":"Feature","properties":{},"geometry":{"type":"LineString","coordinates":[[5669370.742964581,6432853.96002018],[5669409.630824694,6432748.489074397]]}},{"type":"Feature","properties":{},"geometry":{"type":"LineString","coordinates":[[5669363.824134837,6432872.725144171],[5669471.95513838,6432912.649901129]]}},{"type":"Feature","properties":{},"geometry":{"type":"LineString","coordinates":[[5669116.952749128,6432760.254123273],[5669155.840609239,6432654.783177491]]}},{"type":"Feature","properties":{},"geometry":{"type":"LineString","coordinates":[[5669110.033919385,6432779.019247266],[5669218.160637942,6432818.942422098]]}},{"type":"Feature","properties":{},"geometry":{"type":"LineString","coordinates":[[5669098.190787433,6432753.326722844],[5669137.075487206,6432647.864348469]]}},{"type":"Feature","properties":{},"geometry":{"type":"LineString","coordinates":[[5669116.952749128,6432760.254123274],[5669225.088037652,6432800.1804623585]]}},{"type":"Feature","properties":{},"geometry":{"type":"LineString","coordinates":[[5670027.970235774,6432525.318025969],[5670065.12362157,6432419.059298548]]}},{"type":"Feature","properties":{},"geometry":{"type":"LineString","coordinates":[[5670046.815058551,6432532.017542285],[5670154.452046434,6432570.283529987]]}},{"type":"Feature","properties":{},"geometry":{"type":"LineString","coordinates":[[5670046.815058551,6432532.017542285],[5670084.002846891,6432425.660423546]]}},{"type":"Feature","properties":{},"geometry":{"type":"LineString","coordinates":[[5670040.213843905,6432550.897023995],[5670147.752621098,6432589.128096848]]}},{"type":"Feature","properties":{},"geometry":{"type":"LineString","coordinates":[[5669785.753113478,6432460.433779228],[5669894.985421163,6432499.266918509]]}},{"type":"Feature","properties":{},"geometry":{"type":"LineString","coordinates":[[5669792.354328123,6432441.554297516],[5669829.507713919,6432335.295570096]]}},{"type":"Feature","properties":{},"geometry":{"type":"LineString","coordinates":[[5669792.354328123,6432441.554297517],[5669901.684846499,6432480.422351648]]}},{"type":"Feature","properties":{},"geometry":{"type":"LineString","coordinates":[[5669773.5095053455,6432434.8547812],[5669810.628488597,6432328.694445098]]}},{"type":"Feature","properties":{},"geometry":{"type":"LineString","coordinates":[[5669785.7531134775,6432460.433779227],[5669894.985421163,6432499.266918509]]}},{"type":"Feature","properties":{},"geometry":{"type":"LineString","coordinates":[[5670112.205148434,6432290.153070953],[5670072.538354114,6432400.680544093]]}},{"type":"Feature","properties":{},"geometry":{"type":"LineString","coordinates":[[5670137.77923333,6432278.101646718],[5670245.305373517,6432316.80209845]]}},{"type":"Feature","properties":{},"geometry":{"type":"LineString","coordinates":[[5670131.023404134,6432296.926075129],[5670091.362774687,6432407.436370477]]}},{"type":"Feature","properties":{},"geometry":{"type":"LineString","coordinates":[[5670131.023404135,6432296.92607513],[5670238.532372163,6432335.620346314]]}},{"type":"Feature","properties":{},"geometry":{"type":"LineString","coordinates":[[5669859.499184508,6432199.199978592],[5669819.8262253115,6432309.7446295265]]}},{"type":"Feature","properties":{},"geometry":{"type":"LineString","coordinates":[[5669885.073269402,6432187.148554358],[5669992.616581746,6432225.855186637]]}},{"type":"Feature","properties":{},"geometry":{"type":"LineString","coordinates":[[5669878.317440207,6432205.972982767],[5669838.650645885,6432316.5004559085]]}},{"type":"Feature","properties":{},"geometry":{"type":"LineString","coordinates":[[5669878.317440207,6432205.972982767],[5669985.843580392,6432244.673434501]]}},{"type":"Feature","properties":{},"geometry":{"type":"LineString","coordinates":[[5670134.4769221805,6431489.535852517],[5670165.673293858,6431403.946981053]]}},{"type":"Feature","properties":{},"geometry":{"type":"LineString","coordinates":[[5670134.47692218,6431489.535852517],[5670241.790938374,6431528.780495552]]}},{"type":"Feature","properties":{},"geometry":{"type":"LineString","coordinates":[[5670115.693518119,6431482.666777874],[5670146.882588328,6431397.097938371]]}},{"type":"Feature","properties":{},"geometry":{"type":"LineString","coordinates":[[5670127.627875606,6431508.326568724],[5670234.921867635,6431547.563888941]]}},{"type":"Feature","properties":{},"geometry":{"type":"LineString","coordinates":[[5670040.002287215,6431690.329614431],[5670071.06058938,6431605.11954387]]}},{"type":"Feature","properties":{},"geometry":{"type":"LineString","coordinates":[[5670058.785691274,6431697.198689072],[5670166.09970747,6431736.44333211]]}},{"type":"Feature","properties":{},"geometry":{"type":"LineString","coordinates":[[5670058.785691274,6431697.198689074],[5670089.85129491,6431611.968586552]]}},{"type":"Feature","properties":{},"geometry":{"type":"LineString","coordinates":[[5670051.936644701,6431715.98940528],[5670159.230636732,6431755.226725498]]}},{"type":"Feature","properties":{},"geometry":{"type":"LineString","coordinates":[[5670223.865568734,6432038.230860922],[5670184.201856849,6432148.749745167]]}},{"type":"Feature","properties":{},"geometry":{"type":"LineString","coordinates":[[5670230.621397927,6432019.40643251],[5670338.164710273,6432058.11306479]]}},{"type":"Feature","properties":{},"geometry":{"type":"LineString","coordinates":[[5670205.047313033,6432031.457856746],[5670165.377436276,6432141.993918785]]}},{"type":"Feature","properties":{},"geometry":{"type":"LineString","coordinates":[[5670223.865568732,6432038.230860921],[5670331.391708919,6432076.931312654]]}},{"type":"Feature","properties":{},"geometry":{"type":"LineString","coordinates":[[5670310.592251921,6431789.284130818],[5670341.657855555,6431704.054028297]]}},{"type":"Feature","properties":{},"geometry":{"type":"LineString","coordinates":[[5670310.592251922,6431789.284130818],[5670418.274523813,6431828.663444646]]}},{"type":"Feature","properties":{},"geometry":{"type":"LineString","coordinates":[[5670291.808847861,6431782.415056176],[5670322.867150025,6431697.204985615]]}},{"type":"Feature","properties":{},"geometry":{"type":"LineString","coordinates":[[5670303.743205347,6431808.074847027],[5670411.405453075,6431847.446838034]]}},{"type":"Feature","properties":{},"geometry":{"type":"LineString","coordinates":[[5670386.283482826,6431581.621294263],[5670417.487155972,6431496.012390838]]}},{"type":"Feature","properties":{},"geometry":{"type":"LineString","coordinates":[[5670386.283482825,6431581.621294263],[5670493.985778881,6431621.007930908]]}},{"type":"Feature","properties":{},"geometry":{"type":"LineString","coordinates":[[5670367.500078765,6431574.752219621],[5670398.696450442,6431489.163348156]]}},{"type":"Feature","properties":{},"geometry":{"type":"LineString","coordinates":[[5670379.434436251,6431600.41201047],[5670487.116708143,6431639.791324297]]}},{"type":"Feature","properties":{},"geometry":{"type":"LineString","coordinates":[[5671156.419638527,6431866.385575743],[5671186.789471476,6431783.220817131]]}},{"type":"Feature","properties":{},"geometry":{"type":"LineString","coordinates":[[5671175.180632251,6431873.315991924],[5671292.8219649205,6431916.773359225]]}},{"type":"Feature","properties":{},"geometry":{"type":"LineString","coordinates":[[5671175.18063225,6431873.315991923],[5671205.576028676,6431790.081230284]]}},{"type":"Feature","properties":{},"geometry":{"type":"LineString","coordinates":[[5671168.320171471,6431892.102679544],[5671285.891596855,6431935.534222704]]}},{"type":"Feature","properties":{},"geometry":{"type":"LineString","coordinates":[[5671101.134056973,6432076.085153324],[5671131.0898777405,6431994.054125779]]}},{"type":"Feature","properties":{},"geometry":{"type":"LineString","coordinates":[[5671101.134056973,6432076.085153324],[5671218.7753896415,6432119.5425206255]]}},{"type":"Feature","properties":{},"geometry":{"type":"LineString","coordinates":[[5671082.373063248,6432069.154737145],[5671112.303320541,6431987.193712627]]}},{"type":"Feature","properties":{},"geometry":{"type":"LineString","coordinates":[[5671094.273596194,6432094.871840945],[5671211.845021576,6432138.303384105]]}},{"type":"Feature","properties":{},"geometry":{"type":"LineString","coordinates":[[5671373.475793923,6432176.689716582],[5671403.431614691,6432094.658689038]]}},{"type":"Feature","properties":{},"geometry":{"type":"LineString","coordinates":[[5671373.475793924,6432176.689716583],[5671491.510135144,6432220.292263446]]}},{"type":"Feature","properties":{},"geometry":{"type":"LineString","coordinates":[[5671354.7148001995,6432169.759300404],[5671384.645057492,6432087.798275885]]}},{"type":"Feature","properties":{},"geometry":{"type":"LineString","coordinates":[[5671366.615333145,6432195.476404205],[5671484.579767078,6432239.053126926]]}},{"type":"Feature","properties":{},"geometry":{"type":"LineString","coordinates":[[5669704.879529788,6432691.73232446],[5669814.210048162,6432730.60037859]]}},{"type":"Feature","properties":{},"geometry":{"type":"LineString","coordinates":[[5669704.879529789,6432691.732324459],[5669742.032915584,6432585.473597039]]}},{"type":"Feature","properties":{},"geometry":{"type":"LineString","coordinates":[[5669698.278315144,6432710.611806168],[5669807.510622826,6432749.444945451]]}},{"type":"Feature","properties":{},"geometry":{"type":"LineString","coordinates":[[5669686.034707012,6432685.032808142],[5669723.153690263,6432578.87247204]]}},{"type":"Feature","properties":{},"geometry":{"type":"LineString","coordinates":[[5669940.49543744,6432775.496052911],[5669977.614420691,6432669.335716808]]}},{"type":"Feature","properties":{},"geometry":{"type":"LineString","coordinates":[[5669959.340260217,6432782.195569228],[5670066.879037406,6432820.42664208]]}},{"type":"Feature","properties":{},"geometry":{"type":"LineString","coordinates":[[5669959.340260217,6432782.195569227],[5669996.493646012,6432675.936841806]]}},{"type":"Feature","properties":{},"geometry":{"type":"LineString","coordinates":[[5669952.739045572,6432801.075050939],[5670060.17961207,6432839.271208941]]}},{"type":"Feature","properties":{},"geometry":{"type":"LineString","coordinates":[[5670570.834149018,6432711.765036489],[5670685.216235136,6432752.4196982095]]}},{"type":"Feature","properties":{},"geometry":{"type":"LineString","coordinates":[[5670570.834149018,6432711.76503649],[5670607.032897733,6432609.344528218]]}},{"type":"Feature","properties":{},"geometry":{"type":"LineString","coordinates":[[5670564.169496209,6432730.621962555],[5670678.5181662375,6432771.264747242]]}},{"type":"Feature","properties":{},"geometry":{"type":"LineString","coordinates":[[5670551.989070359,6432705.066957061],[5670588.176001312,6432602.679885886]]}},{"type":"Feature","properties":{},"geometry":{"type":"LineString","coordinates":[[5670285.31431068,6432610.283127598],[5670321.501241633,6432507.896056424]]}},{"type":"Feature","properties":{},"geometry":{"type":"LineString","coordinates":[[5670304.159389341,6432616.98120703],[5670340.358138054,6432514.560698756]]}},{"type":"Feature","properties":{},"geometry":{"type":"LineString","coordinates":[[5670304.159389341,6432616.981207028],[5670418.828737761,6432657.737969979]]}},{"type":"Feature","properties":{},"geometry":{"type":"LineString","coordinates":[[5670297.494736532,6432635.838133094],[5670412.130668863,6432676.583019012]]}},{"type":"Feature","properties":{},"geometry":{"type":"LineString","coordinates":[[5670466.274085075,6432947.588388645],[5670502.461016027,6432845.201317467]]}},{"type":"Feature","properties":{},"geometry":{"type":"LineString","coordinates":[[5670485.119163734,6432954.286468072],[5670599.467833762,6432994.929252759]]}},{"type":"Feature","properties":{},"geometry":{"type":"LineString","coordinates":[[5670485.119163735,6432954.286468072],[5670521.317912448,6432851.865959799]]}},{"type":"Feature","properties":{},"geometry":{"type":"LineString","coordinates":[[5670478.454510926,6432973.143394137],[5670592.769764864,6433013.774301792]]}},{"type":"Feature","properties":{},"geometry":{"type":"LineString","coordinates":[[5670199.599325397,6432852.804559181],[5670235.786256348,6432750.417488005]]}},{"type":"Feature","properties":{},"geometry":{"type":"LineString","coordinates":[[5670218.444404056,6432859.50263861],[5670333.113752476,6432900.25940156]]}},{"type":"Feature","properties":{},"geometry":{"type":"LineString","coordinates":[[5670218.444404056,6432859.502638609],[5670254.643152769,6432757.082130337]]}},{"type":"Feature","properties":{},"geometry":{"type":"LineString","coordinates":[[5670211.779751247,6432878.359564674],[5670326.415683578,6432919.104450593]]}},{"type":"Feature","properties":{},"geometry":{"type":"LineString","coordinates":[[5670373.426989727,6433201.433656707],[5670415.627683851,6433082.938634047]]}},{"type":"Feature","properties":{},"geometry":{"type":"LineString","coordinates":[[5670392.192619768,6433208.354737461],[5670506.765706099,6433250.61122343]]}},{"type":"Feature","properties":{},"geometry":{"type":"LineString","coordinates":[[5670392.192619769,6433208.354737462],[5670434.468505551,6433089.648584692]]}},{"type":"Feature","properties":{},"geometry":{"type":"LineString","coordinates":[[5670385.48224784,6433227.196742085],[5670499.84505986,6433269.375675344]]}},{"type":"Feature","properties":{},"geometry":{"type":"LineString","coordinates":[[5670110.369577721,6433104.413647947],[5670152.495080189,6432986.129755395]]}},{"type":"Feature","properties":{},"geometry":{"type":"LineString","coordinates":[[5670129.135207766,6433111.334728701],[5670242.571711951,6433153.172024012]]}},{"type":"Feature","properties":{},"geometry":{"type":"LineString","coordinates":[[5670129.135207766,6433111.334728701],[5670171.335901889,6432992.83970604]]}},{"type":"Feature","properties":{},"geometry":{"type":"LineString","coordinates":[[5670122.4248358365,6433130.176733324],[5670235.651065712,6433171.936475925]]}},{"type":"Feature","properties":{},"geometry":{"type":"LineString","coordinates":[[5670031.275479827,6433386.114348327],[5670144.711984015,6433427.951643639]]}},{"type":"Feature","properties":{},"geometry":{"type":"LineString","coordinates":[[5670031.275479829,6433386.114348327],[5670073.513769782,6433267.513760611]]}},{"type":"Feature","properties":{},"geometry":{"type":"LineString","coordinates":[[5670024.5651079,6433404.956352952],[5670137.791337776,6433446.716095553]]}},{"type":"Feature","properties":{},"geometry":{"type":"LineString","coordinates":[[5670012.509849787,6433379.1932675745],[5670054.672948082,6433260.803809967]]}},{"type":"Feature","properties":{},"geometry":{"type":"LineString","coordinates":[[5669935.482207026,6433656.399370639],[5670048.552417573,6433697.777567573]]}},{"type":"Feature","properties":{},"geometry":{"type":"LineString","coordinates":[[5669935.482207026,6433656.39937064],[5669899.6620058315,6433757.093720038]]}},{"type":"Feature","properties":{},"geometry":{"type":"LineString","coordinates":[[5669942.185625779,6433637.555356154],[5670055.425666511,6433678.995702675]]}},{"type":"Feature","properties":{},"geometry":{"type":"LineString","coordinates":[[5669916.69957432,6433649.525840721],[5669880.818761664,6433750.390575311]]}},{"type":"Feature","properties":{},"geometry":{"type":"LineString","coordinates":[[5670197.456273378,6433752.269135597],[5670161.636072182,6433852.963484997]]}},{"type":"Feature","properties":{},"geometry":{"type":"LineString","coordinates":[[5670204.15969213,6433733.425121113],[5670317.484647955,6433774.896542426]]}},{"type":"Feature","properties":{},"geometry":{"type":"LineString","coordinates":[[5670178.673640672,6433745.39560568],[5670142.792828015,6433846.26034027]]}},{"type":"Feature","properties":{},"geometry":{"type":"LineString","coordinates":[[5670197.456273377,6433752.269135598],[5670310.611399016,6433793.6784073245]]}},{"type":"Feature","properties":{},"geometry":{"type":"LineString","coordinates":[[5672112.615847898,6433257.127852024],[5672146.573998899,6433164.834712382]]}},{"type":"Feature","properties":{},"geometry":{"type":"LineString","coordinates":[[5672131.520576472,6433263.667264767],[5672242.53407317,6433302.068401915]]}},{"type":"Feature","properties":{},"geometry":{"type":"LineString","coordinates":[[5672131.520576473,6433263.667264765],[5672165.343800866,6433171.740835328]]}},{"type":"Feature","properties":{},"geometry":{"type":"LineString","coordinates":[[5672124.613135606,6433282.440648644],[5672235.995908132,6433320.96952352]]}},{"type":"Feature","properties":{},"geometry":{"type":"LineString","coordinates":[[5671852.225483607,6433167.055145653],[5671886.31856122,6433074.395295808]]}},{"type":"Feature","properties":{},"geometry":{"type":"LineString","coordinates":[[5671871.130212184,6433173.5945583945],[5671982.328346795,6433212.059564407]]}},{"type":"Feature","properties":{},"geometry":{"type":"LineString","coordinates":[[5671871.130212184,6433173.5945583945],[5671905.088363186,6433081.301418753]]}},{"type":"Feature","properties":{},"geometry":{"type":"LineString","coordinates":[[5671864.222771317,6433192.367942273],[5671975.790181757,6433230.960686012]]}},{"type":"Feature","properties":{},"geometry":{"type":"LineString","coordinates":[[5672042.595443238,6432704.476721781],[5672003.956211152,6432811.177116141]]}},{"type":"Feature","properties":{},"geometry":{"type":"LineString","coordinates":[[5672049.406391271,6432685.668614015],[5672161.468472482,6432728.584382229]]}},{"type":"Feature","properties":{},"geometry":{"type":"LineString","coordinates":[[5672023.915091212,6432697.322815224],[5671985.151251327,6432804.367308067]]}},{"type":"Feature","properties":{},"geometry":{"type":"LineString","coordinates":[[5672042.595443238,6432704.476721781],[5672154.315763284,6432747.261607695]]}},{"type":"Feature","properties":{},"geometry":{"type":"LineString","coordinates":[[5672303.334369252,6432804.330402813],[5672264.695137165,6432911.030797171]]}},{"type":"Feature","properties":{},"geometry":{"type":"LineString","coordinates":[[5672310.145317285,6432785.522295046],[5672421.8032192,6432828.283277049]]}},{"type":"Feature","properties":{},"geometry":{"type":"LineString","coordinates":[[5672284.654017226,6432797.176496256],[5672245.89017734,6432904.220989098]]}},{"type":"Feature","properties":{},"geometry":{"type":"LineString","coordinates":[[5672303.334369252,6432804.330402814],[5672414.650510003,6432846.960502516]]}},{"type":"Feature","properties":{},"geometry":{"type":"LineString","coordinates":[[5672193.05398931,6433050.12559938],[5672153.839697346,6433158.413994131]]}},{"type":"Feature","properties":{},"geometry":{"type":"LineString","coordinates":[[5672218.54528937,6433038.471398171],[5672329.861430121,6433081.1014978755]]}},{"type":"Feature","properties":{},"geometry":{"type":"LineString","coordinates":[[5672211.7343413355,6433057.279505938],[5672172.64465717,6433165.223802204]]}},{"type":"Feature","properties":{},"geometry":{"type":"LineString","coordinates":[[5672211.734341335,6433057.279505939],[5672322.708720923,6433099.778723342]]}},{"type":"Feature","properties":{},"geometry":{"type":"LineString","coordinates":[[5671957.806363355,6432938.617717142],[5672069.868444567,6432981.533485355]]}},{"type":"Feature","properties":{},"geometry":{"type":"LineString","coordinates":[[5671950.9954153225,6432957.425824909],[5671911.781123359,6433065.714219658]]}},{"type":"Feature","properties":{},"geometry":{"type":"LineString","coordinates":[[5671950.9954153225,6432957.425824909],[5672062.715735369,6433000.210710822]]}},{"type":"Feature","properties":{},"geometry":{"type":"LineString","coordinates":[[5671932.315063297,6432950.271918351],[5671892.976163534,6433058.904411584]]}},{"type":"Feature","properties":{},"geometry":{"type":"LineString","coordinates":[[5671447.5223692,6431973.920555183],[5671477.943329102,6431890.615790516]]}},{"type":"Feature","properties":{},"geometry":{"type":"LineString","coordinates":[[5671447.522369201,6431973.920555183],[5671565.626617708,6432017.548926189]]}},{"type":"Feature","properties":{},"geometry":{"type":"LineString","coordinates":[[5671428.761375477,6431966.990139003],[5671459.156771903,6431883.755377363]]}},{"type":"Feature","properties":{},"geometry":{"type":"LineString","coordinates":[[5671440.661908421,6431992.707242804],[5671558.696249642,6432036.309789668]]}},{"type":"Feature","properties":{},"geometry":{"type":"LineString","coordinates":[[5671703.65216867,6432072.315120355],[5671734.004429754,6431990.910256826]]}},{"type":"Feature","properties":{},"geometry":{"type":"LineString","coordinates":[[5671703.65216867,6432072.315120355],[5671734.004429754,6431990.910256826]]}},{"type":"Feature","properties":{},"geometry":{"type":"LineString","coordinates":[[5671703.65216867,6432072.315120355],[5671734.004429754,6431990.910256826]]}},{"type":"Feature","properties":{},"geometry":{"type":"LineString","coordinates":[[5671703.65216867,6432072.315120355],[5671734.004429754,6431990.910256826]]}},{"type":"Feature","properties":{},"geometry":{"type":"LineString","coordinates":[[5671696.66463735,6432091.055702213],[5671803.08416685,6432131.87268312]]}},{"type":"Feature","properties":{},"geometry":{"type":"LineString","coordinates":[[5671684.977768417,6432065.152594432],[5671715.264667796,6431983.923031212]]}},{"type":"Feature","properties":{},"geometry":{"type":"LineString","coordinates":[[5671703.652168669,6432072.315120354],[5671810.24637941,6432113.199099873]]}},{"type":"Feature","properties":{},"geometry":{"type":"LineString","coordinates":[[5671611.317215604,6432262.710438069],[5671640.585082988,6432184.213921988]]}},{"type":"Feature","properties":{},"geometry":{"type":"LineString","coordinates":[[5671629.991615855,6432269.872963989],[5671659.324844946,6432191.201147603]]}},{"type":"Feature","properties":{},"geometry":{"type":"LineString","coordinates":[[5671629.991615855,6432269.872963989],[5671736.585826597,6432310.756943509]]}},{"type":"Feature","properties":{},"geometry":{"type":"LineString","coordinates":[[5671623.004084535,6432288.613545849],[5671729.423614037,6432329.430526756]]}},{"type":"Feature","properties":{},"geometry":{"type":"LineString","coordinates":[[5671880.266815981,6432365.86547695],[5671909.600045073,6432287.193660563]]}},{"type":"Feature","properties":{},"geometry":{"type":"LineString","coordinates":[[5671873.279284663,6432384.60605881],[5671979.611473543,6432425.389540409]]}},{"type":"Feature","properties":{},"geometry":{"type":"LineString","coordinates":[[5671861.59241573,6432358.702951029],[5671890.860283115,6432280.206434948]]}},{"type":"Feature","properties":{},"geometry":{"type":"LineString","coordinates":[[5671880.266815982,6432365.86547695],[5671986.773686103,6432406.715957162]]}},{"type":"Feature","properties":{},"geometry":{"type":"LineString","coordinates":[[5671935.252968544,6432161.145107395],[5671965.605229627,6432079.740243866]]}},{"type":"Feature","properties":{},"geometry":{"type":"LineString","coordinates":[[5671953.927368796,6432168.307633314],[5671984.344991585,6432086.727469481]]}},{"type":"Feature","properties":{},"geometry":{"type":"LineString","coordinates":[[5671953.927368796,6432168.307633315],[5672060.608920156,6432209.22511214]]}},{"type":"Feature","properties":{},"geometry":{"type":"LineString","coordinates":[[5671946.939837477,6432187.048215175],[5672053.446707596,6432227.898695387]]}},{"type":"Feature","properties":{},"geometry":{"type":"LineString","coordinates":[[5672208.355696006,6432262.878603872],[5672318.945074277,6432304.371807644]]}},{"type":"Feature","properties":{},"geometry":{"type":"LineString","coordinates":[[5672189.630049721,6432255.852729695],[5672221.256448394,6432172.985509433]]}},{"type":"Feature","properties":{},"geometry":{"type":"LineString","coordinates":[[5672208.355696005,6432262.878603871],[5672239.94185381,6432180.116822384]]}},{"type":"Feature","properties":{},"geometry":{"type":"LineString","coordinates":[[5672201.224269518,6432281.564306772],[5672311.919311956,6432323.097155806]]}},{"type":"Feature","properties":{},"geometry":{"type":"LineString","coordinates":[[5672468.8923501065,6432360.632119152],[5672500.180379739,6432278.651490565]]}},{"type":"Feature","properties":{},"geometry":{"type":"LineString","coordinates":[[5672468.892350105,6432360.632119152],[5672581.177005041,6432402.761391789]]}},{"type":"Feature","properties":{},"geometry":{"type":"LineString","coordinates":[[5672450.166703821,6432353.606244975],[5672481.494974323,6432271.520177614]]}},{"type":"Feature","properties":{},"geometry":{"type":"LineString","coordinates":[[5672461.760923618,6432379.317822053],[5672574.15124272,6432421.48673995]]}},{"type":"Feature","properties":{},"geometry":{"type":"LineString","coordinates":[[5672391.9930765685,6432562.122940292],[5672423.3012266345,6432480.089592315]]}},{"type":"Feature","properties":{},"geometry":{"type":"LineString","coordinates":[[5672391.9930765685,6432562.122940291],[5672504.383395668,6432604.291858188]]}},{"type":"Feature","properties":{},"geometry":{"type":"LineString","coordinates":[[5672373.267430285,6432555.097066115],[5672404.615821218,6432472.958279364]]}},{"type":"Feature","properties":{},"geometry":{"type":"LineString","coordinates":[[5672384.861650081,6432580.808643193],[5672497.357633347,6432623.017206349]]}},{"type":"Feature","properties":{},"geometry":{"type":"LineString","coordinates":[[5672131.456422467,6432464.369425009],[5672163.0224598395,6432381.66036291]]}},{"type":"Feature","properties":{},"geometry":{"type":"LineString","coordinates":[[5672124.32499598,6432483.05512791],[5672235.020038418,6432524.587976944]]}},{"type":"Feature","properties":{},"geometry":{"type":"LineString","coordinates":[[5672112.730776184,6432457.343550833],[5672144.337054423,6432374.529049958]]}},{"type":"Feature","properties":{},"geometry":{"type":"LineString","coordinates":[[5672131.456422467,6432464.369425009],[5672242.045800739,6432505.862628782]]}},{"type":"Feature","properties":{},"geometry":{"type":"LineString","coordinates":[[5671998.785025878,6431266.92947438],[5672045.871567354,6431140.673604544]]}},{"type":"Feature","properties":{},"geometry":{"type":"LineString","coordinates":[[5671998.785025879,6431266.929474381],[5672113.40559765,6431309.671633711]]}},{"type":"Feature","properties":{},"geometry":{"type":"LineString","coordinates":[[5671980.045544072,6431259.941497399],[5672027.1323559545,6431133.684902508]]}},{"type":"Feature","properties":{},"geometry":{"type":"LineString","coordinates":[[5671991.796323837,6431285.668685793],[5672106.417620675,6431328.411115501]]}},{"type":"Feature","properties":{},"geometry":{"type":"LineString","coordinates":[[5672088.196166311,6430969.950972374],[5672135.283113394,6430843.694014955]]}},{"type":"Feature","properties":{},"geometry":{"type":"LineString","coordinates":[[5672099.946946074,6430995.678160768],[5672214.568242909,6431038.420590473]]}},{"type":"Feature","properties":{},"geometry":{"type":"LineString","coordinates":[[5672106.935648116,6430976.938949356],[5672154.022324793,6430850.682716992]]}},{"type":"Feature","properties":{},"geometry":{"type":"LineString","coordinates":[[5672106.935648116,6430976.938949355],[5672221.556219885,6431019.681108683]]}},{"type":"Feature","properties":{},"geometry":{"type":"LineString","coordinates":[[5672354.916635998,6431069.411380185],[5672402.003312674,6430943.15514782]]}},{"type":"Feature","properties":{},"geometry":{"type":"LineString","coordinates":[[5672366.667415759,6431095.138568576],[5672481.288350065,6431137.880863096]]}},{"type":"Feature","properties":{},"geometry":{"type":"LineString","coordinates":[[5672373.656117802,6431076.399357165],[5672420.742524073,6430950.143849856]]}},{"type":"Feature","properties":{},"geometry":{"type":"LineString","coordinates":[[5672373.656117801,6431076.399357164],[5672488.276327041,6431119.141381306]]}},{"type":"Feature","properties":{},"geometry":{"type":"LineString","coordinates":[[5672265.505495565,6431366.389882191],[5672312.592037041,6431240.134012354]]}},{"type":"Feature","properties":{},"geometry":{"type":"LineString","coordinates":[[5672265.505495568,6431366.389882192],[5672380.126429872,6431409.13217671]]}},{"type":"Feature","properties":{},"geometry":{"type":"LineString","coordinates":[[5672246.766013762,6431359.401905212],[5672293.852825642,6431233.145310317]]}},{"type":"Feature","properties":{},"geometry":{"type":"LineString","coordinates":[[5672258.516793525,6431385.129093605],[5672373.138452896,6431427.8716585]]}},{"type":"Feature","properties":{},"geometry":{"type":"LineString","coordinates":[[5672518.751586745,6431468.355758617],[5672568.669936006,6431337.592230527]]}},{"type":"Feature","properties":{},"geometry":{"type":"LineString","coordinates":[[5672518.7515867455,6431468.355758618],[5672627.624101446,6431509.636745148]]}},{"type":"Feature","properties":{},"geometry":{"type":"LineString","coordinates":[[5672500.050706998,6431461.2649812335],[5672549.985113905,6431330.459389366]]}},{"type":"Feature","properties":{},"geometry":{"type":"LineString","coordinates":[[5672511.61872751,6431487.040628068],[5672620.533342031,6431528.337577508]]}},{"type":"Feature","properties":{},"geometry":{"type":"LineString","coordinates":[[5668697.346384619,6432330.637211882],[5668736.412995261,6432224.241396864]]}},{"type":"Feature","properties":{},"geometry":{"type":"LineString","coordinates":[[5668697.3463846175,6432330.637211881],[5668806.284563206,6432368.7314391425]]}},{"type":"Feature","properties":{},"geometry":{"type":"LineString","coordinates":[[5668678.4651047,6432324.034680267],[5668717.638596985,6432217.347778845]]}},{"type":"Feature","properties":{},"geometry":{"type":"LineString","coordinates":[[5668690.451938079,6432349.413866587],[5668799.682825033,6432387.610450056]]}},{"type":"Feature","properties":{},"geometry":{"type":"LineString","coordinates":[[5668783.211936281,6432096.78699553],[5668892.442823235,6432134.983579]]}},{"type":"Feature","properties":{},"geometry":{"type":"LineString","coordinates":[[5668790.10638282,6432078.010340826],[5668899.044561408,6432116.104568087]]}},{"type":"Feature","properties":{},"geometry":{"type":"LineString","coordinates":[[5668771.225102901,6432071.40780921],[5668810.560600674,6431964.279694548]]}},{"type":"Feature","properties":{},"geometry":{"type":"LineString","coordinates":[[5668790.10638282,6432078.010340825],[5668829.33499895,6431971.173312567]]}},{"type":"Feature","properties":{},"geometry":{"type":"LineString","coordinates":[[5669046.184362379,6432167.557392889],[5669085.3060968695,6432061.011451038]]}},{"type":"Feature","properties":{},"geometry":{"type":"LineString","coordinates":[[5669046.184362379,6432167.55739289],[5669154.976186784,6432205.600442046]]}},{"type":"Feature","properties":{},"geometry":{"type":"LineString","coordinates":[[5669027.303082461,6432160.954861275],[5669066.531698593,6432054.117833018]]}},{"type":"Feature","properties":{},"geometry":{"type":"LineString","coordinates":[[5669039.28991584,6432186.334047594],[5669148.3744486105,6432224.47945296]]}},{"type":"Feature","properties":{},"geometry":{"type":"LineString","coordinates":[[5672034.1210579965,6431114.945691097],[5672081.207464268,6430988.690183788]]}},{"type":"Feature","properties":{},"geometry":{"type":"LineString","coordinates":[[5672052.860269396,6431121.934393133],[5672099.946946074,6430995.678160767]]}},{"type":"Feature","properties":{},"geometry":{"type":"LineString","coordinates":[[5671973.574869471,6430927.208542666],[5672088.196166311,6430969.950972374]]}},{"type":"Feature","properties":{},"geometry":{"type":"LineString","coordinates":[[5671966.586892495,6430945.948024456],[5672081.207464269,6430988.690183787]]}},{"type":"Feature","properties":{},"geometry":{"type":"LineString","coordinates":[[5672240.295701692,6431026.669085666],[5672354.916635997,6431069.411380184]]}},{"type":"Feature","properties":{},"geometry":{"type":"LineString","coordinates":[[5672233.307724716,6431045.408567456],[5672347.927933956,6431088.150591594]]}},{"type":"Feature","properties":{},"geometry":{"type":"LineString","coordinates":[[5672300.841527684,6431214.406098905],[5672347.9279339565,6431088.150591594]]}},{"type":"Feature","properties":{},"geometry":{"type":"LineString","coordinates":[[5672319.580739083,6431221.394800941],[5672366.667415759,6431095.1385685755]]}},{"type":"Feature","properties":{},"geometry":{"type":"LineString","coordinates":[[5671925.970570964,6431404.935853595],[5671973.056842033,6431278.680708811]]}},{"type":"Feature","properties":{},"geometry":{"type":"LineString","coordinates":[[5671944.709782363,6431411.924555631],[5671991.796323837,6431285.668685793]]}},{"type":"Feature","properties":{},"geometry":{"type":"LineString","coordinates":[[5671865.424972301,6431217.199338071],[5671980.045544072,6431259.9414974]]}},{"type":"Feature","properties":{},"geometry":{"type":"LineString","coordinates":[[5671858.436995326,6431235.938819861],[5671973.056842031,6431278.680708811]]}},{"type":"Feature","properties":{},"geometry":{"type":"LineString","coordinates":[[5672132.145079456,6431316.6596106915],[5672246.766013762,6431359.401905211]]}},{"type":"Feature","properties":{},"geometry":{"type":"LineString","coordinates":[[5672125.1571024805,6431335.3990924815],[5672239.77731172,6431378.141116624]]}},{"type":"Feature","properties":{},"geometry":{"type":"LineString","coordinates":[[5672192.690770244,6431504.396986459],[5672239.777311719,6431378.141116624]]}},{"type":"Feature","properties":{},"geometry":{"type":"LineString","coordinates":[[5672211.429981643,6431511.385688496],[5672258.516793523,6431385.129093604]]}},{"type":"Feature","properties":{},"geometry":{"type":"LineString","coordinates":[[5672443.015556147,6431610.671314993],[5672492.917847761,6431479.949850682]]}},{"type":"Feature","properties":{},"geometry":{"type":"LineString","coordinates":[[5672461.7003782485,6431617.804156153],[5672511.618727507,6431487.040628066]]}},{"type":"Feature","properties":{},"geometry":{"type":"LineString","coordinates":[[5672391.178192299,6431419.983994702],[5672500.050706999,6431461.2649812335]]}},{"type":"Feature","properties":{},"geometry":{"type":"LineString","coordinates":[[5672384.087432884,6431438.684827061],[5672492.917847763,6431479.949850684]]}},{"type":"Feature","properties":{},"geometry":{"type":"LineString","coordinates":[[5668442.535596763,6433782.656001334],[5668480.885814394,6433674.396812842]]}},{"type":"Feature","properties":{},"geometry":{"type":"LineString","coordinates":[[5668461.38767971,6433789.334247255],[5668499.701428337,6433681.178007456]]}},{"type":"Feature","properties":{},"geometry":{"type":"LineString","coordinates":[[5668379.4084323505,6433616.564852425],[5668487.56415989,6433655.544448802]]}},{"type":"Feature","properties":{},"geometry":{"type":"LineString","coordinates":[[5668372.627338844,6433635.380185823],[5668480.885814393,6433674.396812842]]}},{"type":"Feature","properties":{},"geometry":{"type":"LineString","coordinates":[[5668125.465749383,6433525.043270438],[5668233.570102917,6433564.004351496]]}},{"type":"Feature","properties":{},"geometry":{"type":"LineString","coordinates":[[5668188.541539791,6433691.115904026],[5668226.891757421,6433582.856715536]]}},{"type":"Feature","properties":{},"geometry":{"type":"LineString","coordinates":[[5668118.684655877,6433543.858603836],[5668226.891757422,6433582.856715535]]}},{"type":"Feature","properties":{},"geometry":{"type":"LineString","coordinates":[[5668207.393622738,6433697.794149946],[5668245.707371365,6433589.63791015]]}},{"type":"Feature","properties":{},"geometry":{"type":"LineString","coordinates":[[5668098.520882541,6433945.236060392],[5668136.889334674,6433836.925397555]]}},{"type":"Feature","properties":{},"geometry":{"type":"LineString","coordinates":[[5668117.372965489,6433951.914306313],[5668155.70494862,6433843.7065921705]]}},{"type":"Feature","properties":{},"geometry":{"type":"LineString","coordinates":[[5668035.3605786245,6433779.074921817],[5668143.56768017,6433818.073033517]]}},{"type":"Feature","properties":{},"geometry":{"type":"LineString","coordinates":[[5668028.579485118,6433797.890255215],[5668136.889334675,6433836.925397555]]}},{"type":"Feature","properties":{},"geometry":{"type":"LineString","coordinates":[[5668289.406009602,6433870.633534445],[5668397.56173714,6433909.613130823]]}},{"type":"Feature","properties":{},"geometry":{"type":"LineString","coordinates":[[5668282.624916096,6433889.4488678435],[5668390.883391646,6433928.465494863]]}},{"type":"Feature","properties":{},"geometry":{"type":"LineString","coordinates":[[5668352.551408516,6434036.673209007],[5668390.883391646,6433928.465494863]]}},{"type":"Feature","properties":{},"geometry":{"type":"LineString","coordinates":[[5668371.4034914635,6434043.351454928],[5668409.69900559,6433935.246689477]]}},{"type":"Feature","properties":{},"geometry":{"type":"LineString","coordinates":[[5668860.908272079,6434217.923237983],[5668900.052646396,6434107.822304576]]}},{"type":"Feature","properties":{},"geometry":{"type":"LineString","coordinates":[[5668879.752707656,6434224.62303259],[5668918.834606763,6434114.697822493]]}},{"type":"Feature","properties":{},"geometry":{"type":"LineString","coordinates":[[5668797.268506947,6434048.898126203],[5668906.752732286,6434088.977049711]]}},{"type":"Feature","properties":{},"geometry":{"type":"LineString","coordinates":[[5668790.393287941,6434067.679270034],[5668900.052646397,6434107.822304575]]}},{"type":"Feature","properties":{},"geometry":{"type":"LineString","coordinates":[[5668540.561002424,6433954.925132321],[5668650.045227761,6433995.00405583]]}},{"type":"Feature","properties":{},"geometry":{"type":"LineString","coordinates":[[5668533.685783418,6433973.706276152],[5668643.345141871,6434013.849310692]]}},{"type":"Feature","properties":{},"geometry":{"type":"LineString","coordinates":[[5668604.138292344,6434124.125967409],[5668643.345141871,6434013.8493106915]]}},{"type":"Feature","properties":{},"geometry":{"type":"LineString","coordinates":[[5668622.982727921,6434130.825762019],[5668662.127102238,6434020.724828607]]}},{"type":"Feature","properties":{},"geometry":{"type":"LineString","coordinates":[[5668622.982727921,6434130.825762019],[5668662.127102238,6434020.724828607]]}},{"type":"Feature","properties":{},"geometry":{"type":"LineString","coordinates":[[5668694.124552293,6433871.022644462],[5668732.4175963765,6433763.316237851]]}},{"type":"Feature","properties":{},"geometry":{"type":"LineString","coordinates":[[5668712.968987869,6433877.722439069],[5668751.199556742,6433770.191755766]]}},{"type":"Feature","properties":{},"geometry":{"type":"LineString","coordinates":[[5668629.808590044,6433704.456170511],[5668739.117682267,6433744.4709829865]]}},{"type":"Feature","properties":{},"geometry":{"type":"LineString","coordinates":[[5668622.933371038,6433723.2373143425],[5668732.4175963765,6433763.316237851]]}},{"type":"Feature","properties":{},"geometry":{"type":"LineString","coordinates":[[5668950.832056817,6433964.995638343],[5668989.1251008995,6433857.289231733]]}},{"type":"Feature","properties":{},"geometry":{"type":"LineString","coordinates":[[5668969.676492393,6433971.695432952],[5669007.907061268,6433864.164749648]]}},{"type":"Feature","properties":{},"geometry":{"type":"LineString","coordinates":[[5668886.340961452,6433798.36505336],[5668995.82518679,6433838.443976868]]}},{"type":"Feature","properties":{},"geometry":{"type":"LineString","coordinates":[[5668879.465742446,6433817.146197191],[5668989.1251008995,6433857.2892317325]]}},{"type":"Feature","properties":{},"geometry":{"type":"LineString","coordinates":[[5669709.392679277,6434234.769741487],[5669747.0429047095,6434129.134139979]]}},{"type":"Feature","properties":{},"geometry":{"type":"LineString","coordinates":[[5669728.231850476,6434241.484324757],[5669765.89401478,6434135.815226237]]}},{"type":"Feature","properties":{},"geometry":{"type":"LineString","coordinates":[[5669642.626067509,6434070.908469223],[5669753.757498594,6434110.294939]]}},{"type":"Feature","properties":{},"geometry":{"type":"LineString","coordinates":[[5669635.944991811,6434089.759549498],[5669747.0429047095,6434129.134139979]]}},{"type":"Feature","properties":{},"geometry":{"type":"LineString","coordinates":[[5669238.938250349,6434348.874015789],[5669324.301104476,6434118.646181479]]}},{"type":"Feature","properties":{},"geometry":{"type":"LineString","coordinates":[[5669257.690749652,6434355.826984213],[5669343.1075861165,6434125.453556868]]}},{"type":"Feature","properties":{},"geometry":{"type":"LineString","coordinates":[[5669092.518585115,6434013.478042574],[5669331.254282454,6434099.8931169985]]}},{"type":"Feature","properties":{},"geometry":{"type":"LineString","coordinates":[[5669085.711414886,6434032.283957426],[5669324.301104476,6434118.646181479]]}},{"type":"Feature","properties":{},"geometry":{"type":"LineString","coordinates":[[5668392.043566573,6432776.554420549],[5668500.274939153,6432815.273055684]]}},{"type":"Feature","properties":{},"geometry":{"type":"LineString","coordinates":[[5668385.306875322,6432795.385697484],[5668493.56254134,6432834.113023342]]}},{"type":"Feature","properties":{},"geometry":{"type":"LineString","coordinates":[[5668646.168896942,6432867.465084531],[5668754.388122802,6432906.179374305]]}},{"type":"Feature","properties":{},"geometry":{"type":"LineString","coordinates":[[5668639.432205691,6432886.296361466],[5668747.675724989,6432925.019341961]]}},{"type":"Feature","properties":{},"geometry":{"type":"LineString","coordinates":[[5668898.446859705,6432961.859666195],[5669006.582148229,6433001.786005278]]}},{"type":"Feature","properties":{},"geometry":{"type":"LineString","coordinates":[[5668891.519459995,6432980.621625934],[5668999.663318484,6433020.551129269]]}},{"type":"Feature","properties":{},"geometry":{"type":"LineString","coordinates":[[5668990.064068875,6432713.403548012],[5669098.190787432,6432753.326722842]]}},{"type":"Feature","properties":{},"geometry":{"type":"LineString","coordinates":[[5668983.136669165,6432732.165507751],[5669091.271957688,6432772.091846835]]}},{"type":"Feature","properties":{},"geometry":{"type":"LineString","coordinates":[[5668733.913645916,6432621.188228079],[5668842.132871777,6432659.902517852]]}},{"type":"Feature","properties":{},"geometry":{"type":"LineString","coordinates":[[5668727.176954664,6432640.019505014],[5668835.420473964,6432678.742485509]]}},{"type":"Feature","properties":{},"geometry":{"type":"LineString","coordinates":[[5669400.216676388,6433152.085984528],[5669507.813172357,6433191.548562506]]}},{"type":"Feature","properties":{},"geometry":{"type":"LineString","coordinates":[[5669393.329963677,6433170.862916866],[5669501.102298104,6433210.389986154]]}},{"type":"Feature","properties":{},"geometry":{"type":"LineString","coordinates":[[5669152.241360143,6433055.5671452265],[5669260.372363684,6433095.491902185]]}},{"type":"Feature","properties":{},"geometry":{"type":"LineString","coordinates":[[5669145.313960433,6433074.329104966],[5669253.453533939,6433114.257026176]]}},{"type":"Feature","properties":{},"geometry":{"type":"LineString","coordinates":[[5669243.849999347,6432807.107862791],[5669351.981002887,6432847.032619747]]}},{"type":"Feature","properties":{},"geometry":{"type":"LineString","coordinates":[[5669236.922599637,6432825.86982253],[5669345.062173144,6432865.797743739]]}},{"type":"Feature","properties":{},"geometry":{"type":"LineString","coordinates":[[5669492.496798803,6432893.558857483],[5669599.917456317,6432932.956944152]]}},{"type":"Feature","properties":{},"geometry":{"type":"LineString","coordinates":[[5669485.610086092,6432912.335789821],[5669593.206582063,6432951.7983678]]}},{"type":"Feature","properties":{},"geometry":{"type":"LineString","coordinates":[[5669745.245302043,6432986.258042787],[5669852.84179801,6433025.720620765]]}},{"type":"Feature","properties":{},"geometry":{"type":"LineString","coordinates":[[5669738.35858933,6433005.034975125],[5669846.130923757,6433044.562044413]]}},{"type":"Feature","properties":{},"geometry":{"type":"LineString","coordinates":[[5669997.353622157,6433062.731458059],[5670110.369577722,6433104.413647948]]}},{"type":"Feature","properties":{},"geometry":{"type":"LineString","coordinates":[[5669990.432975918,6433081.495909972],[5670103.6592057925,6433123.255652572]]}},{"type":"Feature","properties":{},"geometry":{"type":"LineString","coordinates":[[5670074.208299214,6433685.869232591],[5670185.377059427,6433726.551591196]]}},{"type":"Feature","properties":{},"geometry":{"type":"LineString","coordinates":[[5670067.335050276,6433704.6510974895],[5670178.673640672,6433745.39560568]]}},{"type":"Feature","properties":{},"geometry":{"type":"LineString","coordinates":[[5669958.903996555,6433530.884775148],[5669923.402993074,6433630.681826238]]}},{"type":"Feature","properties":{},"geometry":{"type":"LineString","coordinates":[[5669977.747240722,6433537.587919875],[5669942.185625779,6433637.555356153]]}},{"type":"Feature","properties":{},"geometry":{"type":"LineString","coordinates":[[5669812.319147955,6433590.030542426],[5669923.402993075,6433630.681826237]]}},{"type":"Feature","properties":{},"geometry":{"type":"LineString","coordinates":[[5669805.445899016,6433608.812407324],[5669916.69957432,6433649.525840721]]}},{"type":"Feature","properties":{},"geometry":{"type":"LineString","coordinates":[[5670261.337341993,6433160.093104765],[5670373.426989726,6433201.433656708]]}},{"type":"Feature","properties":{},"geometry":{"type":"LineString","coordinates":[[5670254.416695754,6433178.857556678],[5670366.7166177975,6433220.2756613325]]}},{"type":"Feature","properties":{},"geometry":{"type":"LineString","coordinates":[[5669653.141018085,6433244.849661143],[5669760.737514054,6433284.312239122]]}},{"type":"Feature","properties":{},"geometry":{"type":"LineString","coordinates":[[5669646.254305374,6433263.626593481],[5669754.026639801,6433303.153662769]]}},{"type":"Feature","properties":{},"geometry":{"type":"LineString","coordinates":[[5669899.283619911,6433337.433524975],[5670012.509849787,6433379.193267575]]}},{"type":"Feature","properties":{},"geometry":{"type":"LineString","coordinates":[[5669892.362973672,6433356.197976888],[5670005.799477857,6433398.035272199]]}},{"type":"Feature","properties":{},"geometry":{"type":"LineString","coordinates":[[5670163.486403925,6433434.875970922],[5670275.643592985,6433476.360864276]]}},{"type":"Feature","properties":{},"geometry":{"type":"LineString","coordinates":[[5670156.54817795,6433453.633929774],[5670268.70536701,6433495.118823128]]}},{"type":"Feature","properties":{},"geometry":{"type":"LineString","coordinates":[[5670220.93867437,6433626.584154917],[5670185.377059426,6433726.551591196]]}},{"type":"Feature","properties":{},"geometry":{"type":"LineString","coordinates":[[5670239.781918537,6433633.287299644],[5670204.15969213,6433733.425121113]]}},{"type":"Feature","properties":{},"geometry":{"type":"LineString","coordinates":[[5671728.455427703,6432713.176120462],[5671768.572835391,6432602.603006999]]}},{"type":"Feature","properties":{},"geometry":{"type":"LineString","coordinates":[[5671747.25626042,6432719.997314578],[5671787.347379752,6432609.496658069]]}},{"type":"Feature","properties":{},"geometry":{"type":"LineString","coordinates":[[5671669.875830402,6432545.057765744],[5671775.394080163,6432583.80203466]]}},{"type":"Feature","properties":{},"geometry":{"type":"LineString","coordinates":[[5671662.9822305245,6432563.832170681],[5671768.57283539,6432602.603006998]]}},{"type":"Feature","properties":{},"geometry":{"type":"LineString","coordinates":[[5671417.578985772,6432452.419223908],[5671524.916686172,6432491.831560053]]}},{"type":"Feature","properties":{},"geometry":{"type":"LineString","coordinates":[[5671410.685385895,6432471.193628846],[5671518.095441399,6432510.632532391]]}},{"type":"Feature","properties":{},"geometry":{"type":"LineString","coordinates":[[5671477.978033713,6432621.2056458555],[5671518.0954414,6432510.632532392]]}},{"type":"Feature","properties":{},"geometry":{"type":"LineString","coordinates":[[5671496.77886643,6432628.026839972],[5671536.869985762,6432517.526183464]]}},{"type":"Feature","properties":{},"geometry":{"type":"LineString","coordinates":[[5671324.578328313,6432708.525151422],[5671558.172983685,6432794.296609587]]}},{"type":"Feature","properties":{},"geometry":{"type":"LineString","coordinates":[[5671317.684728436,6432727.29955636],[5671551.279383807,6432813.071014524]]}},{"type":"Feature","properties":{},"geometry":{"type":"LineString","coordinates":[[5671384.12701715,6432879.881360502],[5671471.156788941,6432640.006618193]]}},{"type":"Feature","properties":{},"geometry":{"type":"LineString","coordinates":[[5671402.927849866,6432886.702554618],[5671489.957621657,6432646.827812309]]}},{"type":"Feature","properties":{},"geometry":{"type":"LineString","coordinates":[[5671634.630699494,6432971.779378153],[5671721.634182931,6432731.977092801]]}},{"type":"Feature","properties":{},"geometry":{"type":"LineString","coordinates":[[5671653.431532211,6432978.600572269],[5671740.435015648,6432738.798286917]]}},{"type":"Feature","properties":{},"geometry":{"type":"LineString","coordinates":[[5671576.947528048,6432801.190260659],[5671810.469828314,6432886.935151422]]}},{"type":"Feature","properties":{},"geometry":{"type":"LineString","coordinates":[[5671570.053928171,6432819.964665596],[5671803.576228437,6432905.70955636]]}},{"type":"Feature","properties":{},"geometry":{"type":"LineString","coordinates":[[5672088.548796592,6432988.687391913],[5672199.864937344,6433031.317491613]]}},{"type":"Feature","properties":{},"geometry":{"type":"LineString","coordinates":[[5672081.396087395,6433007.364617379],[5672193.05398931,6433050.125599381]]}},{"type":"Feature","properties":{},"geometry":{"type":"LineString","coordinates":[[5672239.079229307,6432923.029096864],[5672199.864937345,6433031.317491614]]}},{"type":"Feature","properties":{},"geometry":{"type":"LineString","coordinates":[[5672257.884189132,6432929.838904938],[5672218.545289369,6433038.471398172]]}},{"type":"Feature","properties":{},"geometry":{"type":"LineString","coordinates":[[5671978.340303294,6432823.1754158335],[5671939.12601133,6432931.463810583]]}},{"type":"Feature","properties":{},"geometry":{"type":"LineString","coordinates":[[5671997.145263119,6432829.985223907],[5671957.806363355,6432938.617717142]]}},{"type":"Feature","properties":{},"geometry":{"type":"LineString","coordinates":[[5671827.063930119,6432888.548042371],[5671939.126011328,6432931.463810584]]}},{"type":"Feature","properties":{},"geometry":{"type":"LineString","coordinates":[[5671819.911220922,6432907.225267838],[5671932.315063298,6432950.271918351]]}},{"type":"Feature","properties":{},"geometry":{"type":"LineString","coordinates":[[5672069.240663534,6432572.158411584],[5672030.726039245,6432678.514707456]]}},{"type":"Feature","properties":{},"geometry":{"type":"LineString","coordinates":[[5672088.045623358,6432578.968219657],[5672049.40639127,6432685.668614015]]}},{"type":"Feature","properties":{},"geometry":{"type":"LineString","coordinates":[[5671919.005719199,6432635.729821544],[5672030.726039244,6432678.514707456]]}},{"type":"Feature","properties":{},"geometry":{"type":"LineString","coordinates":[[5671911.853010002,6432654.407047011],[5672023.915091212,6432697.322815224]]}},{"type":"Feature","properties":{},"geometry":{"type":"LineString","coordinates":[[5672330.104197346,6432671.66799413],[5672291.46496526,6432778.368388489]]}},{"type":"Feature","properties":{},"geometry":{"type":"LineString","coordinates":[[5672348.90915717,6432678.477802204],[5672310.145317286,6432785.522295046]]}},{"type":"Feature","properties":{},"geometry":{"type":"LineString","coordinates":[[5672180.148824507,6432735.738288786],[5672291.46496526,6432778.368388488]]}},{"type":"Feature","properties":{},"geometry":{"type":"LineString","coordinates":[[5672172.99611531,6432754.415514253],[5672284.654017227,6432797.176496255]]}},{"type":"Feature","properties":{},"geometry":{"type":"LineString","coordinates":[[5672260.7714470215,6432512.888502958],[5672373.267430286,6432555.097066115]]}},{"type":"Feature","properties":{},"geometry":{"type":"LineString","coordinates":[[5672253.7456847,6432531.61385112],[5672366.136003799,6432573.782769017]]}},{"type":"Feature","properties":{},"geometry":{"type":"LineString","coordinates":[[5672334.827853734,6432655.81611699],[5672366.136003799,6432573.782769018]]}},{"type":"Feature","properties":{},"geometry":{"type":"LineString","coordinates":[[5672353.51325915,6432662.947429941],[5672384.861650081,6432580.808643193]]}},{"type":"Feature","properties":{},"geometry":{"type":"LineString","coordinates":[[5672411.747247703,6432454.272576463],[5672443.035277336,6432372.291947879]]}},{"type":"Feature","properties":{},"geometry":{"type":"LineString","coordinates":[[5672430.43265312,6432461.403889415],[5672461.76092362,6432379.317822054]]}},{"type":"Feature","properties":{},"geometry":{"type":"LineString","coordinates":[[5672337.67072056,6432311.39768182],[5672450.166703821,6432353.606244975]]}},{"type":"Feature","properties":{},"geometry":{"type":"LineString","coordinates":[[5672330.644958238,6432330.123029982],[5672443.035277335,6432372.291947877]]}},{"type":"Feature","properties":{},"geometry":{"type":"LineString","coordinates":[[5672151.468480909,6432355.843347058],[5672182.498623236,6432274.538432596]]}},{"type":"Feature","properties":{},"geometry":{"type":"LineString","coordinates":[[5672170.153886326,6432362.974660009],[5672201.224269518,6432281.564306771]]}},{"type":"Feature","properties":{},"geometry":{"type":"LineString","coordinates":[[5672075.33312563,6432212.9684524145],[5672189.63004972,6432255.852729693]]}},{"type":"Feature","properties":{},"geometry":{"type":"LineString","coordinates":[[5672068.307363309,6432231.693800576],[5672182.498623234,6432274.538432595]]}},{"type":"Feature","properties":{},"geometry":{"type":"LineString","coordinates":[[5671998.539516257,6432414.498918814],[5672112.730776183,6432457.343550833]]}},{"type":"Feature","properties":{},"geometry":{"type":"LineString","coordinates":[[5671991.513753936,6432433.224266975],[5672105.599349698,6432476.029253735]]}},{"type":"Feature","properties":{},"geometry":{"type":"LineString","coordinates":[[5672074.589327805,6432557.2814488085],[5672105.599349697,6432476.029253733]]}},{"type":"Feature","properties":{},"geometry":{"type":"LineString","coordinates":[[5672093.274733221,6432564.41276176],[5672124.324995981,6432483.05512791]]}},{"type":"Feature","properties":{},"geometry":{"type":"LineString","coordinates":[[5671828.920779664,6432120.361625795],[5671935.252968543,6432161.145107394]]}},{"type":"Feature","properties":{},"geometry":{"type":"LineString","coordinates":[[5671821.758567104,6432139.035209042],[5671928.265437224,6432179.885689253]]}},{"type":"Feature","properties":{},"geometry":{"type":"LineString","coordinates":[[5671897.847814435,6432261.465853089],[5671928.265437224,6432179.885689253]]}},{"type":"Feature","properties":{},"geometry":{"type":"LineString","coordinates":[[5671916.587576393,6432268.453078703],[5671946.939837477,6432187.048215175]]}},{"type":"Feature","properties":{},"geometry":{"type":"LineString","coordinates":[[5671823.1682296265,6432461.756743866],[5671854.60488441,6432377.443532889]]}},{"type":"Feature","properties":{},"geometry":{"type":"LineString","coordinates":[[5671841.907991584,6432468.7439694805],[5671873.2792846635,6432384.606058812]]}},{"type":"Feature","properties":{},"geometry":{"type":"LineString","coordinates":[[5671748.0980142895,6432336.593052676],[5671854.604884411,6432377.443532888]]}},{"type":"Feature","properties":{},"geometry":{"type":"LineString","coordinates":[[5671755.2602268495,6432317.919469429],[5671861.59241573,6432358.702951029]]}},{"type":"Feature","properties":{},"geometry":{"type":"LineString","coordinates":[[5671497.7354735425,6432240.567040409],[5671604.329684282,6432281.451019928]]}},{"type":"Feature","properties":{},"geometry":{"type":"LineString","coordinates":[[5671504.897686102,6432221.893457162],[5671611.317215602,6432262.710438067]]}},{"type":"Feature","properties":{},"geometry":{"type":"LineString","coordinates":[[5671572.827667795,6432365.939531212],[5671604.3296842845,6432281.45101993]]}},{"type":"Feature","properties":{},"geometry":{"type":"LineString","coordinates":[[5671591.567429753,6432372.926756826],[5671623.004084535,6432288.613545848]]}},{"type":"Feature","properties":{},"geometry":{"type":"LineString","coordinates":[[5671647.572614308,6432165.473340129],[5671677.990237098,6432083.893176293]]}},{"type":"Feature","properties":{},"geometry":{"type":"LineString","coordinates":[[5671666.312376266,6432172.460565743],[5671696.6646373505,6432091.055702212]]}},{"type":"Feature","properties":{},"geometry":{"type":"LineString","coordinates":[[5671666.312376266,6432172.460565743],[5671696.6646373505,6432091.055702212]]}},{"type":"Feature","properties":{},"geometry":{"type":"LineString","coordinates":[[5671666.312376266,6432172.460565743],[5671696.6646373505,6432091.055702212]]}},{"type":"Feature","properties":{},"geometry":{"type":"LineString","coordinates":[[5671666.312376266,6432172.460565743],[5671696.6646373505,6432091.055702212]]}},{"type":"Feature","properties":{},"geometry":{"type":"LineString","coordinates":[[5671578.732920156,6432024.40261214],[5671684.977768417,6432065.152594433]]}},{"type":"Feature","properties":{},"geometry":{"type":"LineString","coordinates":[[5671571.570707596,6432043.076195387],[5671677.990237097,6432083.893176293]]}},{"type":"Feature","properties":{},"geometry":{"type":"LineString","coordinates":[[5671119.163781321,6431968.407025005],[5671149.559177745,6431885.172263364]]}},{"type":"Feature","properties":{},"geometry":{"type":"LineString","coordinates":[[5671137.95033852,6431975.267438157],[5671168.32017147,6431892.102679544]]}},{"type":"Feature","properties":{},"geometry":{"type":"LineString","coordinates":[[5671038.848213144,6431822.954032584],[5671156.419638525,6431866.385575743]]}},{"type":"Feature","properties":{},"geometry":{"type":"LineString","coordinates":[[5671031.917845078,6431841.714896063],[5671149.559177745,6431885.172263364]]}},{"type":"Feature","properties":{},"geometry":{"type":"LineString","coordinates":[[5671391.5055182725,6432069.011588263],[5671421.900914697,6431985.776826624]]}},{"type":"Feature","properties":{},"geometry":{"type":"LineString","coordinates":[[5671410.292075472,6432075.872001416],[5671440.661908421,6431992.707242804]]}},{"type":"Feature","properties":{},"geometry":{"type":"LineString","coordinates":[[5671311.582958643,6431923.703775404],[5671428.761375475,6431966.990139002]]}},{"type":"Feature","properties":{},"geometry":{"type":"LineString","coordinates":[[5671304.6525905775,6431942.464638883],[5671421.900914696,6431985.776826625]]}},{"type":"Feature","properties":{},"geometry":{"type":"LineString","coordinates":[[5671317.019367338,6432272.984483759],[5671347.854339419,6432188.545988027]]}},{"type":"Feature","properties":{},"geometry":{"type":"LineString","coordinates":[[5671335.805924538,6432279.844896912],[5671366.615333145,6432195.476404205]]}},{"type":"Feature","properties":{},"geometry":{"type":"LineString","coordinates":[[5671237.536383365,6432126.472936804],[5671354.714800199,6432169.759300403]]}},{"type":"Feature","properties":{},"geometry":{"type":"LineString","coordinates":[[5671230.606015299,6432145.233800284],[5671347.854339419,6432188.545988027]]}},{"type":"Feature","properties":{},"geometry":{"type":"LineString","coordinates":[[5670964.731730579,6432025.697369842],[5671082.373063247,6432069.154737143]]}},{"type":"Feature","properties":{},"geometry":{"type":"LineString","coordinates":[[5670957.801362514,6432044.458233321],[5671075.512602469,6432087.941424767]]}},{"type":"Feature","properties":{},"geometry":{"type":"LineString","coordinates":[[5671044.652066912,6432172.4499235265],[5671075.512602468,6432087.941424767]]}},{"type":"Feature","properties":{},"geometry":{"type":"LineString","coordinates":[[5671063.438624111,6432179.310336679],[5671094.273596194,6432094.8718409445]]}},{"type":"Feature","properties":{},"geometry":{"type":"LineString","coordinates":[[5670949.350968545,6432429.318671333],[5670989.8386082705,6432318.653387124]]}},{"type":"Feature","properties":{},"geometry":{"type":"LineString","coordinates":[[5670968.133406933,6432436.190352945],[5671008.646797164,6432325.454684611]]}},{"type":"Feature","properties":{},"geometry":{"type":"LineString","coordinates":[[5670880.178129644,6432257.7311817575],[5670996.7103381315,6432299.870816859]]}},{"type":"Feature","properties":{},"geometry":{"type":"LineString","coordinates":[[5670873.376879909,6432276.539238596],[5670989.8386082705,6432318.653387124]]}},{"type":"Feature","properties":{},"geometry":{"type":"LineString","coordinates":[[5671219.820322928,6432527.12407679],[5671260.307962653,6432416.458792581]]}},{"type":"Feature","properties":{},"geometry":{"type":"LineString","coordinates":[[5671238.602761316,6432533.995758402],[5671279.116151548,6432423.26009007]]}},{"type":"Feature","properties":{},"geometry":{"type":"LineString","coordinates":[[5671150.717964154,6432355.56207379],[5671267.179692515,6432397.676222317]]}},{"type":"Feature","properties":{},"geometry":{"type":"LineString","coordinates":[[5671143.916714419,6432374.370130628],[5671260.307962654,6432416.458792582]]}},{"type":"Feature","properties":{},"geometry":{"type":"LineString","coordinates":[[5671125.050082744,6432786.160553984],[5671165.907112351,6432674.485612602]]}},{"type":"Feature","properties":{},"geometry":{"type":"LineString","coordinates":[[5671143.832521132,6432793.032235596],[5671184.715301242,6432681.286910088]]}},{"type":"Feature","properties":{},"geometry":{"type":"LineString","coordinates":[[5671056.317113848,6432613.5888938075],[5671172.778842211,6432655.703042336]]}},{"type":"Feature","properties":{},"geometry":{"type":"LineString","coordinates":[[5671049.515864113,6432632.396950646],[5671165.907112351,6432674.4856126]]}},{"type":"Feature","properties":{},"geometry":{"type":"LineString","coordinates":[[5670785.847759464,6432515.783488349],[5670902.309487827,6432557.897636877]]}},{"type":"Feature","properties":{},"geometry":{"type":"LineString","coordinates":[[5670854.606478866,6432688.2847644035],[5670895.437757966,6432576.680207143]]}},{"type":"Feature","properties":{},"geometry":{"type":"LineString","coordinates":[[5670873.388917254,6432695.156446015],[5670914.245946861,6432583.481504629]]}},{"type":"Feature","properties":{},"geometry":{"type":"LineString","coordinates":[[5670779.046509729,6432534.591545188],[5670895.437757967,6432576.680207142]]}},{"type":"Feature","properties":{},"geometry":{"type":"LineString","coordinates":[[5670077.9096359555,6431586.328827661],[5670108.844471546,6431501.457494082]]}},{"type":"Feature","properties":{},"geometry":{"type":"LineString","coordinates":[[5670096.700341485,6431593.177870343],[5670127.627875607,6431508.3265687255]]}},{"type":"Feature","properties":{},"geometry":{"type":"LineString","coordinates":[[5670008.399526091,6431443.429457658],[5670115.693518119,6431482.666777874]]}},{"type":"Feature","properties":{},"geometry":{"type":"LineString","coordinates":[[5670001.530455353,6431462.212851047],[5670108.844471545,6431501.457494082]]}},{"type":"Feature","properties":{},"geometry":{"type":"LineString","coordinates":[[5670329.7161966,6431678.414269407],[5670360.651032191,6431593.542935827]]}},{"type":"Feature","properties":{},"geometry":{"type":"LineString","coordinates":[[5670348.50690213,6431685.263312089],[5670379.434436251,6431600.4120104695]]}},{"type":"Feature","properties":{},"geometry":{"type":"LineString","coordinates":[[5670260.574342435,6431535.649570195],[5670367.500078765,6431574.75221962]]}},{"type":"Feature","properties":{},"geometry":{"type":"LineString","coordinates":[[5670253.705271697,6431554.432963584],[5670360.651032191,6431593.542935827]]}},{"type":"Feature","properties":{},"geometry":{"type":"LineString","coordinates":[[5670253.894197652,6431886.435874905],[5670284.9598012855,6431801.205772385]]}},{"type":"Feature","properties":{},"geometry":{"type":"LineString","coordinates":[[5670272.684903182,6431893.284917587],[5670303.743205347,6431808.074847027]]}},{"type":"Feature","properties":{},"geometry":{"type":"LineString","coordinates":[[5670272.684903182,6431893.284917587],[5670341.657855555,6431704.054028297]]}},{"type":"Feature","properties":{},"geometry":{"type":"LineString","coordinates":[[5670184.883111532,6431743.312406751],[5670291.808847861,6431782.4150561765]]}},{"type":"Feature","properties":{},"geometry":{"type":"LineString","coordinates":[[5670178.014040793,6431762.09580014],[5670284.9598012855,6431801.205772384]]}},{"type":"Feature","properties":{},"geometry":{"type":"LineString","coordinates":[[5669932.688271023,6431651.084971395],[5670040.002287214,6431690.329614431]]}},{"type":"Feature","properties":{},"geometry":{"type":"LineString","coordinates":[[5669925.819200285,6431669.868364784],[5670033.153240641,6431709.120330638]]}},{"type":"Feature","properties":{},"geometry":{"type":"LineString","coordinates":[[5670002.080335538,6431794.37046512],[5670033.153240639,6431709.120330639]]}},{"type":"Feature","properties":{},"geometry":{"type":"LineString","coordinates":[[5670020.871041068,6431801.219507802],[5670051.936644701,6431715.98940528]]}},{"type":"Feature","properties":{},"geometry":{"type":"LineString","coordinates":[[5670251.466854114,6431902.114544094],[5670211.803142229,6432012.633428336]]}},{"type":"Feature","properties":{},"geometry":{"type":"LineString","coordinates":[[5670270.291274687,6431908.870370476],[5670230.621397928,6432019.40643251]]}},{"type":"Feature","properties":{},"geometry":{"type":"LineString","coordinates":[[5669998.754725312,6431811.178629526],[5669959.097178303,6431921.680335976]]}},{"type":"Feature","properties":{},"geometry":{"type":"LineString","coordinates":[[5670017.579145885,6431817.934455908],[5669977.915434001,6431928.45334015]]}},{"type":"Feature","properties":{},"geometry":{"type":"LineString","coordinates":[[5669851.5882102735,6431882.986064791],[5669959.097178303,6431921.680335975]]}},{"type":"Feature","properties":{},"geometry":{"type":"LineString","coordinates":[[5669844.815208919,6431901.804312655],[5669952.341349105,6431940.504764389]]}},{"type":"Feature","properties":{},"geometry":{"type":"LineString","coordinates":[[5670104.277002044,6431973.932976604],[5670211.803142229,6432012.633428336]]}},{"type":"Feature","properties":{},"geometry":{"type":"LineString","coordinates":[[5670097.50400069,6431992.751224468],[5670205.047313034,6432031.457856747]]}},{"type":"Feature","properties":{},"geometry":{"type":"LineString","coordinates":[[5670414.730649911,6433539.233918503],[5670531.872609964,6433581.15139289]]}},{"type":"Feature","properties":{},"geometry":{"type":"LineString","coordinates":[[5670407.992366772,6433558.064625882],[5670524.926516621,6433599.907738539]]}},{"type":"Feature","properties":{},"geometry":{"type":"LineString","coordinates":[[5670521.188289449,6433251.133763629],[5670638.538059704,6433293.1255997475]]}},{"type":"Feature","properties":{},"geometry":{"type":"LineString","coordinates":[[5670514.45000631,6433269.964471008],[5670631.591966363,6433311.881945396]]}},{"type":"Feature","properties":{},"geometry":{"type":"LineString","coordinates":[[5670793.343727778,6433348.520461023],[5670910.589592929,6433390.475116274]]}},{"type":"Feature","properties":{},"geometry":{"type":"LineString","coordinates":[[5670786.605444639,6433367.351168402],[5670903.643499588,6433409.231461923]]}},{"type":"Feature","properties":{},"geometry":{"type":"LineString","coordinates":[[5670686.6782780355,6433636.5462541655],[5670803.92414319,6433678.500909418]]}},{"type":"Feature","properties":{},"geometry":{"type":"LineString","coordinates":[[5670679.939994897,6433655.376961544],[5670796.978049847,6433697.257255066]]}},{"type":"Feature","properties":{},"geometry":{"type":"LineString","coordinates":[[5671066.373183642,6433439.257785367],[5671172.1922566835,6433476.322936447]]}},{"type":"Feature","properties":{},"geometry":{"type":"LineString","coordinates":[[5671059.761650305,6433458.13336819],[5671165.001439415,6433494.995614013]]}},{"type":"Feature","properties":{},"geometry":{"type":"LineString","coordinates":[[5671315.620861081,6433526.561544088],[5671421.067085855,6433563.496097943]]}},{"type":"Feature","properties":{},"geometry":{"type":"LineString","coordinates":[[5671309.009327745,6433545.437126911],[5671413.876268585,6433582.168775506]]}},{"type":"Feature","properties":{},"geometry":{"type":"LineString","coordinates":[[5671201.192519498,6433823.702111975],[5671306.638744272,6433860.636665829]]}},{"type":"Feature","properties":{},"geometry":{"type":"LineString","coordinates":[[5671194.580986162,6433842.577694799],[5671299.447927004,6433879.309343394]]}},{"type":"Feature","properties":{},"geometry":{"type":"LineString","coordinates":[[5670952.52412599,6433736.6012585135],[5671057.7639151,6433773.463504335]]}},{"type":"Feature","properties":{},"geometry":{"type":"LineString","coordinates":[[5670945.912592654,6433755.476841337],[5671050.573097832,6433792.1361819]]}},{"type":"Feature","properties":{},"geometry":{"type":"LineString","coordinates":[[5671725.873591453,6433512.854732361],[5671616.747235705,6433808.407416297]]}},{"type":"Feature","properties":{},"geometry":{"type":"LineString","coordinates":[[5671744.635537213,6433519.782169934],[5671635.509181465,6433815.334853871]]}},{"type":"Feature","properties":{},"geometry":{"type":"LineString","coordinates":[[5671565.559197168,6433613.09360976],[5671802.443122743,6433696.23526989]]}},{"type":"Feature","properties":{},"geometry":{"type":"LineString","coordinates":[[5671558.935705571,6433631.96499972],[5671795.819631146,6433715.106659851]]}},{"type":"Feature","properties":{},"geometry":{"type":"LineString","coordinates":[[5671821.316974828,6433702.859625644],[5672057.896050613,6433785.894289415]]}},{"type":"Feature","properties":{},"geometry":{"type":"LineString","coordinates":[[5671814.693483232,6433721.731015605],[5672051.272559017,6433804.765679376]]}},{"type":"Feature","properties":{},"geometry":{"type":"LineString","coordinates":[[5671981.367037893,6433602.870331885],[5671872.35258847,6433898.119934002]]}},{"type":"Feature","properties":{},"geometry":{"type":"LineString","coordinates":[[5672000.128983653,6433609.797769459],[5671891.11453423,6433905.047371576]]}},{"type":"Feature","properties":{},"geometry":{"type":"LineString","coordinates":[[5671599.317702783,6434274.722722671],[5671701.896400082,6434313.28320115]]}},{"type":"Feature","properties":{},"geometry":{"type":"LineString","coordinates":[[5671592.280281186,6434293.443692124],[5671694.692553029,6434331.941609416]]}},{"type":"Feature","properties":{},"geometry":{"type":"LineString","coordinates":[[5671735.904150585,6434225.201029416],[5671701.896400081,6434313.283201151]]}},{"type":"Feature","properties":{},"geometry":{"type":"LineString","coordinates":[[5671754.561821623,6434232.40459183],[5671720.618109262,6434320.32090082]]}},{"type":"Feature","properties":{},"geometry":{"type":"LineString","coordinates":[[5671356.88331528,6434183.588927562],[5671460.414632764,6434222.5075066155]]}},{"type":"Feature","properties":{},"geometry":{"type":"LineString","coordinates":[[5671349.845893683,6434202.309897016],[5671453.210785712,6434241.165914878]]}},{"type":"Feature","properties":{},"geometry":{"type":"LineString","coordinates":[[5671494.486421414,6434134.259472135],[5671460.414632765,6434222.507506614]]}},{"type":"Feature","properties":{},"geometry":{"type":"LineString","coordinates":[[5671513.144092452,6434141.46303455],[5671479.136341947,6434229.545206282]]}},{"type":"Feature","properties":{},"geometry":{"type":"LineString","coordinates":[[5671609.818894319,6433827.171809899],[5671558.663933976,6433965.717495976]]}},{"type":"Feature","properties":{},"geometry":{"type":"LineString","coordinates":[[5671628.580840079,6433834.099247472],[5671577.537786061,6433972.34185173]]}},{"type":"Feature","properties":{},"geometry":{"type":"LineString","coordinates":[[5671449.811322127,6433927.512341968],[5671558.663933976,6433965.717495978]]}},{"type":"Feature","properties":{},"geometry":{"type":"LineString","coordinates":[[5671443.18783053,6433946.383731929],[5671551.735592591,6433984.481889578]]}},{"type":"Feature","properties":{},"geometry":{"type":"LineString","coordinates":[[5671865.424247085,6433916.884327604],[5671814.2692867415,6434055.430013681]]}},{"type":"Feature","properties":{},"geometry":{"type":"LineString","coordinates":[[5671884.186192845,6433923.811765178],[5671833.143138825,6434062.054369436]]}},{"type":"Feature","properties":{},"geometry":{"type":"LineString","coordinates":[[5671705.264249997,6434017.171361494],[5671814.2692867415,6434055.430013683]]}},{"type":"Feature","properties":{},"geometry":{"type":"LineString","coordinates":[[5671698.640758401,6434036.042751455],[5671807.340945357,6434074.194407283]]}},{"type":"Feature","properties":{},"geometry":{"type":"LineString","coordinates":[[5671955.117561564,6434105.69446129],[5672066.119022086,6434145.443099673]]}},{"type":"Feature","properties":{},"geometry":{"type":"LineString","coordinates":[[5671948.37500063,6434124.523637375],[5672058.970610934,6434164.126944396]]}},{"type":"Feature","properties":{},"geometry":{"type":"LineString","coordinates":[[5672387.344049788,6434078.144993156],[5672441.316656092,6433937.076471164]]}},{"type":"Feature","properties":{},"geometry":{"type":"LineString","coordinates":[[5672406.023555868,6434085.291744348],[5672460.150205584,6433943.820598176]]}},{"type":"Feature","properties":{},"geometry":{"type":"LineString","coordinates":[[5672337.2606816115,6433878.571322376],[5672448.465067242,6433918.39262644]]}},{"type":"Feature","properties":{},"geometry":{"type":"LineString","coordinates":[[5672330.518120677,6433897.400498461],[5672441.316656093,6433937.076471164]]}},{"type":"Feature","properties":{},"geometry":{"type":"LineString","coordinates":[[5672077.184811372,6433785.4404602265],[5672188.59212211,6433825.334429972]]}},{"type":"Feature","properties":{},"geometry":{"type":"LineString","coordinates":[[5672070.442250438,6433804.269636312],[5672181.4437109595,6433844.018274693]]}},{"type":"Feature","properties":{},"geometry":{"type":"LineString","coordinates":[[5672127.471104656,6433985.086796686],[5672181.4437109595,6433844.018274693]]}},{"type":"Feature","properties":{},"geometry":{"type":"LineString","coordinates":[[5672146.150610737,6433992.2335478775],[5672200.277260452,6433850.762401704]]}},{"type":"Feature","properties":{},"geometry":{"type":"LineString","coordinates":[[5672515.594226521,6433398.53544528],[5672627.406421839,6433436.431533842]]}},{"type":"Feature","properties":{},"geometry":{"type":"LineString","coordinates":[[5672509.174405844,6433417.4770899415],[5672620.475177022,6433455.199843436]]}},{"type":"Feature","properties":{},"geometry":{"type":"LineString","coordinates":[[5672587.703917136,6433543.937316623],[5672620.475177019,6433455.199843436]]}},{"type":"Feature","properties":{},"geometry":{"type":"LineString","coordinates":[[5672606.465389425,6433550.866036385],[5672639.423724646,6433461.62200371]]}},{"type":"Feature","properties":{},"geometry":{"type":"LineString","coordinates":[[5672435.9086041115,6433614.306850076],[5672547.72079943,6433652.202938638]]}},{"type":"Feature","properties":{},"geometry":{"type":"LineString","coordinates":[[5672429.488783434,6433633.248494737],[5672540.789554611,6433670.971248231]]}},{"type":"Feature","properties":{},"geometry":{"type":"LineString","coordinates":[[5672507.924757059,6433759.9620011635],[5672540.789554611,6433670.971248231]]}},{"type":"Feature","properties":{},"geometry":{"type":"LineString","coordinates":[[5672526.686229347,6433766.890720926],[5672559.738102235,6433677.393408505]]}},{"type":"Feature","properties":{},"geometry":{"type":"LineString","coordinates":[[5672174.89854237,6433525.843687474],[5672286.455025616,6433563.6531085]]}},{"type":"Feature","properties":{},"geometry":{"type":"LineString","coordinates":[[5672168.478721692,6433544.785332135],[5672279.523780798,6433582.421418094]]}},{"type":"Feature","properties":{},"geometry":{"type":"LineString","coordinates":[[5672246.846058582,6433670.905611538],[5672279.523780798,6433582.421418093]]}},{"type":"Feature","properties":{},"geometry":{"type":"LineString","coordinates":[[5672265.6075308705,6433677.834331301],[5672298.472328422,6433588.843578367]]}},{"type":"Feature","properties":{},"geometry":{"type":"LineString","coordinates":[[5672326.438143322,6433455.387486486],[5672359.209403207,6433366.650013298]]}},{"type":"Feature","properties":{},"geometry":{"type":"LineString","coordinates":[[5672345.199615611,6433462.3162062485],[5672378.157950831,6433373.072173571]]}},{"type":"Feature","properties":{},"geometry":{"type":"LineString","coordinates":[[5672254.072740638,6433309.89894761],[5672366.140648025,6433347.8817037055]]}},{"type":"Feature","properties":{},"geometry":{"type":"LineString","coordinates":[[5672247.65291996,6433328.840592271],[5672359.209403207,6433366.650013298]]}},{"type":"Feature","properties":{},"geometry":{"type":"LineString","coordinates":[[5672001.233075372,6433218.598977149],[5672112.615847897,6433257.127852024]]}},{"type":"Feature","properties":{},"geometry":{"type":"LineString","coordinates":[[5671994.6949103335,6433237.500098755],[5672105.70840703,6433275.901235902]]}},{"type":"Feature","properties":{},"geometry":{"type":"LineString","coordinates":[[5672071.885182638,6433367.827665342],[5672105.708407032,6433275.901235903]]}},{"type":"Feature","properties":{},"geometry":{"type":"LineString","coordinates":[[5672090.654984605,6433374.733788287],[5672124.613135606,6433282.440648644]]}},{"type":"Feature","properties":{},"geometry":{"type":"LineString","coordinates":[[5671990.153998899,6433589.960712383],[5672064.97774177,6433386.601049219]]}},{"type":"Feature","properties":{},"geometry":{"type":"LineString","coordinates":[[5672008.923800866,6433596.866835328],[5672083.747543737,6433393.5071721645]]}},{"type":"Feature","properties":{},"geometry":{"type":"LineString","coordinates":[[5671919.569354938,6433440.548669089],[5672161.239628564,6433524.145831581]]}},{"type":"Feature","properties":{},"geometry":{"type":"LineString","coordinates":[[5671913.031189898,6433459.449790694],[5672154.701463523,6433543.046953186]]}},{"type":"Feature","properties":{},"geometry":{"type":"LineString","coordinates":[[5671402.502368434,6433269.53240708],[5671637.90002245,6433357.08583725]]}},{"type":"Feature","properties":{},"geometry":{"type":"LineString","coordinates":[[5671395.5302399965,6433288.277791179],[5671630.927894012,6433375.831221349]]}},{"type":"Feature","properties":{},"geometry":{"type":"LineString","coordinates":[[5671729.89856122,6433499.521295808],[5671804.58737748,6433296.528342849]]}},{"type":"Feature","properties":{},"geometry":{"type":"LineString","coordinates":[[5671748.6683631865,6433506.4274187535],[5671823.357179447,6433303.434465794]]}},{"type":"Feature","properties":{},"geometry":{"type":"LineString","coordinates":[[5671652.825463523,6433369.440953187],[5671894.126461321,6433452.910377952]]}},{"type":"Feature","properties":{},"geometry":{"type":"LineString","coordinates":[[5671659.3636285635,6433350.5398315815],[5671900.664626361,6433434.009256347]]}},{"type":"Feature","properties":{},"geometry":{"type":"LineString","coordinates":[[5671811.494818348,6433277.7549589705],[5671845.31804274,6433185.828529531]]}},{"type":"Feature","properties":{},"geometry":{"type":"LineString","coordinates":[[5671830.264620315,6433284.661081916],[5671864.222771317,6433192.367942274]]}},{"type":"Feature","properties":{},"geometry":{"type":"LineString","coordinates":[[5671740.65807317,6433128.462401915],[5671852.2254836075,6433167.055145653]]}},{"type":"Feature","properties":{},"geometry":{"type":"LineString","coordinates":[[5671734.119908132,6433147.3635235205],[5671845.318042739,6433185.828529531]]}},{"type":"Feature","properties":{},"geometry":{"type":"LineString","coordinates":[[5671552.832906291,6433197.389550269],[5671633.844811592,6432980.470471175]]}},{"type":"Feature","properties":{},"geometry":{"type":"LineString","coordinates":[[5671571.568921873,6433204.386815453],[5671652.580827175,6432987.46773636]]}},{"type":"Feature","properties":{},"geometry":{"type":"LineString","coordinates":[[5671488.494103944,6433039.27923618],[5671723.866614918,6433126.823314687]]}},{"type":"Feature","properties":{},"geometry":{"type":"LineString","coordinates":[[5671481.521975506,6433058.024620279],[5671716.89448648,6433145.568698786]]}},{"type":"Feature","properties":{},"geometry":{"type":"LineString","coordinates":[[5671298.709688896,6433102.871363748],[5671379.721594198,6432885.952284655]]}},{"type":"Feature","properties":{},"geometry":{"type":"LineString","coordinates":[[5671317.445704479,6433109.868628932],[5671398.45760978,6432892.949549839]]}},{"type":"Feature","properties":{},"geometry":{"type":"LineString","coordinates":[[5671234.365581089,6432944.759076354],[5671469.748702983,6433032.30710147]]}},{"type":"Feature","properties":{},"geometry":{"type":"LineString","coordinates":[[5671227.393452651,6432963.504460453],[5671462.776574546,6433051.052485569]]}},{"type":"Feature","properties":{},"geometry":{"type":"LineString","coordinates":[[5671148.39898862,6433175.0215989165],[5671383.756967474,6433262.56027237]]}},{"type":"Feature","properties":{},"geometry":{"type":"LineString","coordinates":[[5671141.426860183,6433193.766983015],[5671376.784839036,6433281.305656469]]}},{"type":"Feature","properties":{},"geometry":{"type":"LineString","coordinates":[[5670882.025567326,6433090.575331691],[5670998.516676819,6433130.490354754]]}},{"type":"Feature","properties":{},"geometry":{"type":"LineString","coordinates":[[5670875.542683168,6433109.49548531],[5670991.662177238,6433149.283176441]]}},{"type":"Feature","properties":{},"geometry":{"type":"LineString","coordinates":[[5670969.779267859,6432849.983056798],[5671086.270377352,6432889.898079862]]}},{"type":"Feature","properties":{},"geometry":{"type":"LineString","coordinates":[[5670963.296383701,6432868.903210417],[5671079.415877774,6432908.690901549]]}},{"type":"Feature","properties":{},"geometry":{"type":"LineString","coordinates":[[5670699.321058767,6432757.312073574],[5670815.997975967,6432797.290762601]]}},{"type":"Feature","properties":{},"geometry":{"type":"LineString","coordinates":[[5670692.8381746095,6432776.232227194],[5670809.143476389,6432816.08358429]]}},{"type":"Feature","properties":{},"geometry":{"type":"LineString","coordinates":[[5670692.8381746095,6432776.232227194],[5670809.143476389,6432816.08358429]]}},{"type":"Feature","properties":{},"geometry":{"type":"LineString","coordinates":[[5670611.938973653,6432998.0316804],[5670728.244275434,6433037.883037495]]}},{"type":"Feature","properties":{},"geometry":{"type":"LineString","coordinates":[[5670605.456089498,6433016.951834019],[5670721.389775858,6433056.675859182]]}},{"type":"Feature","properties":{},"geometry":{"type":"LineString","coordinates":[[5670351.958831136,6432906.957480988],[5670466.274085075,6432947.588388644]]}},{"type":"Feature","properties":{},"geometry":{"type":"LineString","coordinates":[[5670345.260762238,6432925.802530021],[5670459.609432266,6432966.445314708]]}},{"type":"Feature","properties":{},"geometry":{"type":"LineString","coordinates":[[5670437.673816421,6432664.436049407],[5670551.989070359,6432705.066957061]]}},{"type":"Feature","properties":{},"geometry":{"type":"LineString","coordinates":[[5670430.975747523,6432683.28109844],[5670545.324417549,6432723.923883126]]}},{"type":"Feature","properties":{},"geometry":{"type":"LineString","coordinates":[[5670171.319735136,6432569.7661982095],[5670285.314310678,6432610.283127598]]}},{"type":"Feature","properties":{},"geometry":{"type":"LineString","coordinates":[[5670164.621666238,6432588.611247242],[5670278.64965787,6432629.140053664]]}},{"type":"Feature","properties":{},"geometry":{"type":"LineString","coordinates":[[5670085.571333762,6432812.275752759],[5670199.599325396,6432852.8045591805]]}},{"type":"Feature","properties":{},"geometry":{"type":"LineString","coordinates":[[5670078.873264864,6432831.120801792],[5670192.934672587,6432871.661485245]]}},{"type":"Feature","properties":{},"geometry":{"type":"LineString","coordinates":[[5669826.355445603,6432756.144461767],[5669933.894222795,6432794.375534622]]}},{"type":"Feature","properties":{},"geometry":{"type":"LineString","coordinates":[[5669833.054870939,6432737.299894906],[5669940.49543744,6432775.49605291]]}},{"type":"Feature","properties":{},"geometry":{"type":"LineString","coordinates":[[5669341.934085398,6432559.927648822],[5669444.520313474,6432596.4926543785]]}},{"type":"Feature","properties":{},"geometry":{"type":"LineString","coordinates":[[5669335.219237217,6432578.766725602],[5669437.638877696,6432615.272354023]]}},{"type":"Feature","properties":{},"geometry":{"type":"LineString","coordinates":[[5669573.588245666,6432666.283283428],[5669679.433492366,6432703.912289851]]}},{"type":"Feature","properties":{},"geometry":{"type":"LineString","coordinates":[[5669580.287671002,6432647.438716567],[5669686.034707013,6432685.032808144]]}},{"type":"Feature","properties":{},"geometry":{"type":"LineString","coordinates":[[5669758.728873517,6432141.675098451],[5669866.255013703,6432180.375550183]]}},{"type":"Feature","properties":{},"geometry":{"type":"LineString","coordinates":[[5669751.955872163,6432160.493346315],[5669859.499184508,6432199.199978594]]}},{"type":"Feature","properties":{},"geometry":{"type":"LineString","coordinates":[[5669905.915643151,6432069.865254835],[5669866.255013703,6432180.3755501835]]}},{"type":"Feature","properties":{},"geometry":{"type":"LineString","coordinates":[[5669924.740063724,6432076.621081217],[5669885.073269402,6432187.148554358]]}},{"type":"Feature","properties":{},"geometry":{"type":"LineString","coordinates":[[5670158.62160708,6432160.818347194],[5670118.960977631,6432271.328642544]]}},{"type":"Feature","properties":{},"geometry":{"type":"LineString","coordinates":[[5670177.446027653,6432167.574173578],[5670137.779233331,6432278.101646718]]}},{"type":"Feature","properties":{},"geometry":{"type":"LineString","coordinates":[[5670011.434837446,6432232.628190811],[5670118.960977632,6432271.328642543]]}},{"type":"Feature","properties":{},"geometry":{"type":"LineString","coordinates":[[5670004.661836091,6432251.446438675],[5670112.205148436,6432290.153070954]]}},{"type":"Feature","properties":{},"geometry":{"type":"LineString","coordinates":[[5669920.5296692755,6432487.121867965],[5670027.970235774,6432525.318025969]]}},{"type":"Feature","properties":{},"geometry":{"type":"LineString","coordinates":[[5669913.8302439395,6432505.966434826],[5670021.36902113,6432544.197507679]]}},{"type":"Feature","properties":{},"geometry":{"type":"LineString","coordinates":[[5669667.86068003,6432397.295604474],[5669773.509505346,6432434.854781201]]}},{"type":"Feature","properties":{},"geometry":{"type":"LineString","coordinates":[[5669661.161254694,6432416.140171335],[5669766.908290702,6432453.734262909]]}},{"type":"Feature","properties":{},"geometry":{"type":"LineString","coordinates":[[5669661.161254694,6432416.140171335],[5669766.908290701,6432453.734262911]]}},{"type":"Feature","properties":{},"geometry":{"type":"LineString","coordinates":[[5669434.18073018,6432308.18305098],[5669536.766958258,6432344.7480565375]]}},{"type":"Feature","properties":{},"geometry":{"type":"LineString","coordinates":[[5669427.465881999,6432327.02212776],[5669529.885522481,6432363.527756181]]}},{"type":"Feature","properties":{},"geometry":{"type":"LineString","coordinates":[[5669191.495235013,6432221.682195595],[5669294.164756889,6432258.276889721]]}},{"type":"Feature","properties":{},"geometry":{"type":"LineString","coordinates":[[5669184.780386832,6432240.521272375],[5669287.283321111,6432277.056589366]]}},{"type":"Feature","properties":{},"geometry":{"type":"LineString","coordinates":[[5669099.415177827,6432473.486170572],[5669201.918112107,6432510.021487562]]}},{"type":"Feature","properties":{},"geometry":{"type":"LineString","coordinates":[[5669092.700329646,6432492.325247352],[5669195.03667633,6432528.801187206]]}},{"type":"Feature","properties":{},"geometry":{"type":"LineString","coordinates":[[5668917.925841325,6432122.7070997],[5669027.30308246,6432160.954861277]]}},{"type":"Feature","properties":{},"geometry":{"type":"LineString","coordinates":[[5668911.324103151,6432141.586110614],[5669020.408635922,6432179.731515978]]}},{"type":"Feature","properties":{},"geometry":{"type":"LineString","coordinates":[[5668661.701507584,6432033.108869532],[5668771.225102901,6432071.407809211]]}},{"type":"Feature","properties":{},"geometry":{"type":"LineString","coordinates":[[5668655.099769411,6432051.987880446],[5668764.330656363,6432090.184463915]]}},{"type":"Feature","properties":{},"geometry":{"type":"LineString","coordinates":[[5668825.165843123,6432375.333970756],[5668934.543084259,6432413.581732332]]}},{"type":"Feature","properties":{},"geometry":{"type":"LineString","coordinates":[[5668818.564104949,6432394.21298167],[5668927.648637721,6432432.358387037]]}},{"type":"Feature","properties":{},"geometry":{"type":"LineString","coordinates":[[5668569.234217747,6432285.8380967975],[5668678.465104701,6432324.034680268]]}},{"type":"Feature","properties":{},"geometry":{"type":"LineString","coordinates":[[5668562.632479574,6432304.717107711],[5668671.570658161,6432342.811334972]]}},{"type":"Feature","properties":{},"geometry":{"type":"LineString","coordinates":[[11346427.841837334,12863116.404132824],[11346538.722340953,12862828.376851488]]}},{"type":"Feature","properties":{},"geometry":{"type":"LineString","coordinates":[[11346309.67901958,12863423.348221656],[11346420.65592033,12863135.070535578]]}},{"type":"Feature","properties":{},"geometry":{"type":"LineString","coordinates":[[11344375.420525592,12862344.439433966],[11344476.582310583,12862073.18848288]]}},{"type":"Feature","properties":{},"geometry":{"type":"LineString","coordinates":[[11344267.269768152,12862634.43032152],[11344368.431823552,12862363.178645378]]}},{"type":"Feature","properties":{},"geometry":{"type":"LineString","coordinates":[[11344310.478948645,12864737.54335523],[11344553.985233128,12864828.907065198]]}},{"type":"Feature","properties":{},"geometry":{"type":"LineString","coordinates":[[11342540.483224858,12869666.62902643],[11342777.052572478,12869752.872810248]]}},{"type":"Feature","properties":{},"geometry":{"type":"LineString","coordinates":[[11341678.09103419,12869583.239860268],[11341764.610108422,12869352.47942188]]}},{"type":"Feature","properties":{},"geometry":{"type":"LineString","coordinates":[[11341659.36402138,12869576.218536237],[11341745.789526094,12869345.707662962]]}},{"type":"Feature","properties":{},"geometry":{"type":"LineString","coordinates":[[5670336.533585958,6433364.639334426],[5670450.791260822,6433406.779491329]]}},{"type":"Feature","properties":{},"geometry":{"type":"LineString","coordinates":[[5667632.643768965,6432096.430146612],[5667717.615626682,6431861.575983686]]}},{"type":"Feature","properties":{},"geometry":{"type":"LineString","coordinates":[[5667651.450663115,6432103.23461077],[5667736.422520831,6431868.380447844]]}},{"type":"Feature","properties":{},"geometry":{"type":"LineString","coordinates":[[5667724.420523813,6431842.767892838],[5667809.4691441655,6431607.701565257]]}},{"type":"Feature","properties":{},"geometry":{"type":"LineString","coordinates":[[5667743.227417963,6431849.572356996],[5667828.276038315,6431614.506029415]]}},{"type":"Feature","properties":{},"geometry":{"type":"LineString","coordinates":[[5667969.265852337,6431928.243590456],[5668054.237710053,6431693.389427531]]}},{"type":"Feature","properties":{},"geometry":{"type":"LineString","coordinates":[[5667988.072746486,6431935.048054614],[5668073.044604203,6431700.193891688]]}},{"type":"Feature","properties":{},"geometry":{"type":"LineString","coordinates":[[5667877.412334853,6432182.1180088855],[5667962.460955205,6431947.051681304]]}},{"type":"Feature","properties":{},"geometry":{"type":"LineString","coordinates":[[5667896.2192290025,6432188.922473043],[5667981.267849355,6431953.856145462]]}},{"type":"Feature","properties":{},"geometry":{"type":"LineString","coordinates":[[5668133.159375819,6432267.715133679],[5668213.667935374,6432034.81781775]]}},{"type":"Feature","properties":{},"geometry":{"type":"LineString","coordinates":[[5668152.061848876,6432274.249390512],[5668232.570408431,6432041.352074583]]}},{"type":"Feature","properties":{},"geometry":{"type":"LineString","coordinates":[[5668220.202218429,6432015.915268834],[5668300.69226586,6431783.071505275]]}},{"type":"Feature","properties":{},"geometry":{"type":"LineString","coordinates":[[5668239.104691486,6432022.449525666],[5668319.5947389165,6431789.605762107]]}},{"type":"Feature","properties":{},"geometry":{"type":"LineString","coordinates":[[5668473.02549655,6432104.114536173],[5668553.534056106,6431871.217220242]]}},{"type":"Feature","properties":{},"geometry":{"type":"LineString","coordinates":[[5668491.927969607,6432110.648793005],[5668572.436529162,6431877.751477075]]}},{"type":"Feature","properties":{},"geometry":{"type":"LineString","coordinates":[[5668386.001166065,6432355.860848647],[5668466.491213494,6432123.017085089]]}},{"type":"Feature","properties":{},"geometry":{"type":"LineString","coordinates":[[5668404.903639122,6432362.395105479],[5668485.393686551,6432129.551341922]]}},{"type":"Feature","properties":{},"geometry":{"type":"LineString","coordinates":[[5668724.533043522,6432198.57112414],[5668764.330656363,6432090.184463915]]}},{"type":"Feature","properties":{},"geometry":{"type":"LineString","coordinates":[[5668743.307441799,6432205.4647421595],[5668783.211936281,6432096.786995531]]}},{"type":"Feature","properties":{},"geometry":{"type":"LineString","coordinates":[[5668631.717921474,6432451.348122032],[5668671.570658162,6432342.811334972]]}},{"type":"Feature","properties":{},"geometry":{"type":"LineString","coordinates":[[5668650.492319751,6432458.241740052],[5668690.45193808,6432349.413866587]]}},{"type":"Feature","properties":{},"geometry":{"type":"LineString","coordinates":[[5668980.611023082,6432288.118176205],[5669020.408635924,6432179.731515979]]}},{"type":"Feature","properties":{},"geometry":{"type":"LineString","coordinates":[[5668999.385421359,6432295.011794224],[5669039.289915841,6432186.334047595]]}},{"type":"Feature","properties":{},"geometry":{"type":"LineString","coordinates":[[5668887.689019393,6432541.186260503],[5668927.648637722,6432432.358387037]]}},{"type":"Feature","properties":{},"geometry":{"type":"LineString","coordinates":[[5668906.46341767,6432548.079878522],[5668946.52991764,6432438.96091865]]}},{"type":"Feature","properties":{},"geometry":{"type":"LineString","coordinates":[[5668710.554518883,6433029.208983562],[5668747.675724989,6432925.0193419615]]}},{"type":"Feature","properties":{},"geometry":{"type":"LineString","coordinates":[[5668729.394470862,6433035.92137579],[5668766.507017596,6432931.7560388185]]}},{"type":"Feature","properties":{},"geometry":{"type":"LineString","coordinates":[[5668798.213067349,6432783.174069677],[5668835.420473964,6432678.742485509]]}},{"type":"Feature","properties":{},"geometry":{"type":"LineString","coordinates":[[5668817.053019328,6432789.886461904],[5668854.251766567,6432685.479182366]]}},{"type":"Feature","properties":{},"geometry":{"type":"LineString","coordinates":[[5668544.099883699,6432692.267751055],[5668625.046034352,6432465.072804825]]}},{"type":"Feature","properties":{},"geometry":{"type":"LineString","coordinates":[[5668562.939835678,6432698.980143283],[5668643.885986331,6432471.785197053]]}},{"type":"Feature","properties":{},"geometry":{"type":"LineString","coordinates":[[5668562.939835678,6432698.980143283],[5668643.885986331,6432471.785197053]]}},{"type":"Feature","properties":{},"geometry":{"type":"LineString","coordinates":[[5668456.432675858,6432938.32696957],[5668493.562541339,6432834.11302334]]}},{"type":"Feature","properties":{},"geometry":{"type":"LineString","coordinates":[[5668475.272627837,6432945.039361797],[5668512.393833945,6432840.849720198]]}},{"type":"Feature","properties":{},"geometry":{"type":"LineString","coordinates":[[5669214.567253996,6433219.723686255],[5669253.453533939,6433114.257026176]]}},{"type":"Feature","properties":{},"geometry":{"type":"LineString","coordinates":[[5669233.332376029,6433226.642515277],[5669272.215495635,6433121.184426608]]}},{"type":"Feature","properties":{},"geometry":{"type":"LineString","coordinates":[[5668960.777038541,6433126.017789349],[5668999.663318484,6433020.551129269]]}},{"type":"Feature","properties":{},"geometry":{"type":"LineString","coordinates":[[5668979.542160574,6433132.936618371],[5669018.425280181,6433027.478529703]]}},{"type":"Feature","properties":{},"geometry":{"type":"LineString","coordinates":[[5669052.384097576,6432877.562792619],[5669091.271957688,6432772.091846834]]}},{"type":"Feature","properties":{},"geometry":{"type":"LineString","coordinates":[[5669071.14921961,6432884.481621641],[5669110.033919385,6432779.0192472655]]}},{"type":"Feature","properties":{},"geometry":{"type":"LineString","coordinates":[[5669306.174313031,6432971.268689524],[5669345.062173146,6432865.7977437405]]}},{"type":"Feature","properties":{},"geometry":{"type":"LineString","coordinates":[[5669324.939435065,6432978.187518546],[5669363.824134838,6432872.72514417]]}},{"type":"Feature","properties":{},"geometry":{"type":"LineString","coordinates":[[5669156.355946171,6432634.362369193],[5669195.036676329,6432528.801187205]]}},{"type":"Feature","properties":{},"geometry":{"type":"LineString","coordinates":[[5669175.134911641,6432641.243535947],[5669213.876489633,6432535.5162979085]]}},{"type":"Feature","properties":{},"geometry":{"type":"LineString","coordinates":[[5669248.22848665,6432383.638716212],[5669287.2833211105,6432277.056589365]]}},{"type":"Feature","properties":{},"geometry":{"type":"LineString","coordinates":[[5669267.007452119,6432390.519882966],[5669306.123134415,6432283.771700068]]}},{"type":"Feature","properties":{},"geometry":{"type":"LineString","coordinates":[[5669490.830688019,6432470.109883028],[5669529.885522482,6432363.527756181]]}},{"type":"Feature","properties":{},"geometry":{"type":"LineString","coordinates":[[5669509.609653489,6432476.991049782],[5669548.725335785,6432370.242866885]]}},{"type":"Feature","properties":{},"geometry":{"type":"LineString","coordinates":[[5669398.897299706,6432720.999592061],[5669437.638877697,6432615.2723540235]]}},{"type":"Feature","properties":{},"geometry":{"type":"LineString","coordinates":[[5669417.676265175,6432727.880758815],[5669456.478691002,6432621.987464725]]}},{"type":"Feature","properties":{},"geometry":{"type":"LineString","coordinates":[[5669729.754904907,6432559.992990331],[5669766.908290702,6432453.734262909]]}},{"type":"Feature","properties":{},"geometry":{"type":"LineString","coordinates":[[5669748.634130228,6432566.594115329],[5669785.7531134775,6432460.433779227]]}},{"type":"Feature","properties":{},"geometry":{"type":"LineString","coordinates":[[5669461.729609431,6433320.932589013],[5669501.102298106,6433210.389986155]]}},{"type":"Feature","properties":{},"geometry":{"type":"LineString","coordinates":[[5669480.5702069765,6433327.643169029],[5669519.880053755,6433217.277000827]]}},{"type":"Feature","properties":{},"geometry":{"type":"LineString","coordinates":[[5669553.8338933885,6433062.340970659],[5669593.206582062,6432951.798367801]]}},{"type":"Feature","properties":{},"geometry":{"type":"LineString","coordinates":[[5669572.674490934,6433069.051550674],[5669611.984337712,6432958.685382473]]}},{"type":"Feature","properties":{},"geometry":{"type":"LineString","coordinates":[[5669642.245704028,6432810.269408591],[5669679.433492367,6432703.912289852]]}},{"type":"Feature","properties":{},"geometry":{"type":"LineString","coordinates":[[5669661.124929349,6432816.870533589],[5669698.278315145,6432710.61180617]]}},{"type":"Feature","properties":{},"geometry":{"type":"LineString","coordinates":[[5669984.215635335,6432650.456235099],[5670021.369021131,6432544.19750768]]}},{"type":"Feature","properties":{},"geometry":{"type":"LineString","coordinates":[[5670003.094860656,6432657.057360097],[5670040.213843906,6432550.897023996]]}},{"type":"Feature","properties":{},"geometry":{"type":"LineString","coordinates":[[5669896.740837,6432900.634262041],[5669933.894222794,6432794.375534621]]}},{"type":"Feature","properties":{},"geometry":{"type":"LineString","coordinates":[[5669915.620062321,6432907.235387039],[5669952.739045572,6432801.075050938]]}},{"type":"Feature","properties":{},"geometry":{"type":"LineString","coordinates":[[5670226.618599909,6433613.655868676],[5670317.730360086,6433357.823818727]]}},{"type":"Feature","properties":{},"geometry":{"type":"LineString","coordinates":[[5670245.4594216095,6433620.36581932],[5670336.571181786,6433364.533769372]]}},{"type":"Feature","properties":{},"geometry":{"type":"LineString","coordinates":[[5670324.440732016,6433338.981814103],[5670366.716617798,6433220.275661333]]}},{"type":"Feature","properties":{},"geometry":{"type":"LineString","coordinates":[[5670343.281553716,6433345.691764748],[5670385.482247841,6433227.196742086]]}},{"type":"Feature","properties":{},"geometry":{"type":"LineString","coordinates":[[5670061.383320011,6433241.961805343],[5670103.659205793,6433123.255652572]]}},{"type":"Feature","properties":{},"geometry":{"type":"LineString","coordinates":[[5670080.224141711,6433248.671755987],[5670122.424835837,6433130.176733324]]}},{"type":"Feature","properties":{},"geometry":{"type":"LineString","coordinates":[[5669963.485996247,6433516.846990024],[5670005.799477857,6433398.035272199]]}},{"type":"Feature","properties":{},"geometry":{"type":"LineString","coordinates":[[5669982.326817947,6433523.556940668],[5670024.565107901,6433404.956352952]]}},{"type":"Feature","properties":{},"geometry":{"type":"LineString","coordinates":[[5669714.716793024,6433413.519830968],[5669754.0266398005,6433303.153662769]]}},{"type":"Feature","properties":{},"geometry":{"type":"LineString","coordinates":[[5669733.55739057,6433420.230410984],[5669772.8043954475,6433310.04067744]]}},{"type":"Feature","properties":{},"geometry":{"type":"LineString","coordinates":[[5669806.758235085,6433155.104647272],[5669846.130923756,6433044.562044413]]}},{"type":"Feature","properties":{},"geometry":{"type":"LineString","coordinates":[[5669825.598832631,6433161.815227288],[5669864.908679408,6433051.449059088]]}},{"type":"Feature","properties":{},"geometry":{"type":"LineString","coordinates":[[5670156.747741633,6432974.048556424],[5670192.934672588,6432871.661485245]]}},{"type":"Feature","properties":{},"geometry":{"type":"LineString","coordinates":[[5670175.604638054,6432980.713198756],[5670211.779751247,6432878.359564673]]}},{"type":"Feature","properties":{},"geometry":{"type":"LineString","coordinates":[[5670242.450909157,6432731.560561939],[5670278.64965787,6432629.140053664]]}},{"type":"Feature","properties":{},"geometry":{"type":"LineString","coordinates":[[5670261.307805578,6432738.225204271],[5670297.494736532,6432635.838133094]]}},{"type":"Feature","properties":{},"geometry":{"type":"LineString","coordinates":[[5670509.125668837,6432826.344391401],[5670545.32441755,6432723.923883126]]}},{"type":"Feature","properties":{},"geometry":{"type":"LineString","coordinates":[[5670527.982565258,6432833.009033733],[5670564.16949621,6432730.621962556]]}},{"type":"Feature","properties":{},"geometry":{"type":"LineString","coordinates":[[5670423.422501313,6433068.8323858855],[5670459.609432267,6432966.445314709]]}},{"type":"Feature","properties":{},"geometry":{"type":"LineString","coordinates":[[5670442.2793977335,6433075.497028218],[5670478.454510927,6432973.143394138]]}},{"type":"Feature","properties":{},"geometry":{"type":"LineString","coordinates":[[5670684.979301781,6433156.501607097],[5670721.389775858,6433056.675859182]]}},{"type":"Feature","properties":{},"geometry":{"type":"LineString","coordinates":[[5670703.768499584,6433163.3547848975],[5670740.3135786215,6433063.159993697]]}},{"type":"Feature","properties":{},"geometry":{"type":"LineString","coordinates":[[5671041.916255433,6433011.502741869],[5671079.415877773,6432908.690901549]]}},{"type":"Feature","properties":{},"geometry":{"type":"LineString","coordinates":[[5671060.705453236,6433018.355919669],[5671098.33968054,6432915.175036064]]}},{"type":"Feature","properties":{},"geometry":{"type":"LineString","coordinates":[[5670790.433051853,6432925.748602412],[5670828.067279156,6432822.567718805]]}},{"type":"Feature","properties":{},"geometry":{"type":"LineString","coordinates":[[5670771.643854051,6432918.895424611],[5670809.143476391,6432816.08358429]]}},{"type":"Feature","properties":{},"geometry":{"type":"LineString","coordinates":[[5671249.6053688135,6434008.737471432],[5671299.447927004,6433879.309343394]]}},{"type":"Feature","properties":{},"geometry":{"type":"LineString","coordinates":[[5671268.269259144,6434015.924904752],[5671318.33239673,6433885.923989539]]}},{"type":"Feature","properties":{},"geometry":{"type":"LineString","coordinates":[[5671363.892699126,6433711.963073052],[5671413.876268586,6433582.168775507]]}},{"type":"Feature","properties":{},"geometry":{"type":"LineString","coordinates":[[5671382.556589456,6433719.150506371],[5671432.760738313,6433588.783421651]]}},{"type":"Feature","properties":{},"geometry":{"type":"LineString","coordinates":[[5671468.858612053,6433422.24078054],[5671545.835634812,6433216.125582705]]}},{"type":"Feature","properties":{},"geometry":{"type":"LineString","coordinates":[[5671487.594627636,6433429.238045724],[5671564.571650394,6433223.12284789]]}},{"type":"Feature","properties":{},"geometry":{"type":"LineString","coordinates":[[5671214.7353946585,6433327.722594019],[5671291.712417417,6433121.6073961845]]}},{"type":"Feature","properties":{},"geometry":{"type":"LineString","coordinates":[[5670955.251703164,6433249.108924354],[5670991.66217724,6433149.283176441]]}},{"type":"Feature","properties":{},"geometry":{"type":"LineString","coordinates":[[5670974.040900966,6433255.962102155],[5671010.585980004,6433155.767310955]]}},{"type":"Feature","properties":{},"geometry":{"type":"LineString","coordinates":[[5671233.471410241,6433334.719859203],[5671310.448433,6433128.604661369]]}},{"type":"Feature","properties":{},"geometry":{"type":"LineString","coordinates":[[5671233.471410241,6433334.719859203],[5671310.448433,6433128.604661369]]}},{"type":"Feature","properties":{},"geometry":{"type":"LineString","coordinates":[[5671115.017869953,6433624.789911557],[5671165.001439415,6433494.995614013]]}},{"type":"Feature","properties":{},"geometry":{"type":"LineString","coordinates":[[5671133.681760283,6433631.977344876],[5671183.885909139,6433501.610260156]]}},{"type":"Feature","properties":{},"geometry":{"type":"LineString","coordinates":[[5671000.9511190355,6433920.991522763],[5671050.573097831,6433792.1361819]]}},{"type":"Feature","properties":{},"geometry":{"type":"LineString","coordinates":[[5671019.615009366,6433928.178956082],[5671069.457567557,6433798.750828044]]}},{"type":"Feature","properties":{},"geometry":{"type":"LineString","coordinates":[[5670750.610580917,6433822.462061749],[5670796.978049847,6433697.257255066]]}},{"type":"Feature","properties":{},"geometry":{"type":"LineString","coordinates":[[5670769.365784531,6433829.407732158],[5670815.809903858,6433703.995948512]]}},{"type":"Feature","properties":{},"geometry":{"type":"LineString","coordinates":[[5670857.314355857,6433534.332780124],[5670903.643499589,6433409.231461924]]}},{"type":"Feature","properties":{},"geometry":{"type":"LineString","coordinates":[[5670876.069559471,6433541.278450533],[5670922.4753535995,6433415.970155366]]}},{"type":"Feature","properties":{},"geometry":{"type":"LineString","coordinates":[[5670585.262822631,6433436.983263596],[5670631.591966362,6433311.881945396]]}},{"type":"Feature","properties":{},"geometry":{"type":"LineString","coordinates":[[5670604.018026245,6433443.928934005],[5670650.423820374,6433318.62063884]]}},{"type":"Feature","properties":{},"geometry":{"type":"LineString","coordinates":[[5670478.635698088,6433724.905568256],[5670524.92651662,6433599.907738538]]}},{"type":"Feature","properties":{},"geometry":{"type":"LineString","coordinates":[[5670497.390901702,6433731.851238665],[5670543.758370632,6433606.646431983]]}},{"type":"Feature","properties":{},"geometry":{"type":"LineString","coordinates":[[5670497.390901702,6433731.851238665],[5670543.758370632,6433606.646431983]]}},{"type":"Feature","properties":{},"geometry":{"type":"LineString","coordinates":[[11342498.68731685,12867401.97621225],[11342728.460196503,12867482.45855115]]}},{"type":"Feature","properties":{},"geometry":{"type":"LineString","coordinates":[[5669179.278642981,6432924.410664303],[5669263.966872273,6432694.720791564]]}},{"type":"Feature","properties":{},"geometry":{"type":"LineString","coordinates":[[5669198.040604677,6432931.338064736],[5669433.07314342,6433018.118143335]]}},{"type":"Feature","properties":{},"geometry":{"type":"LineString","coordinates":[[5669198.040604677,6432931.338064736],[5669282.731994307,6432701.639620586]]}},{"type":"Feature","properties":{},"geometry":{"type":"LineString","coordinates":[[5669191.121774933,6432950.103188727],[5669426.14574371,6433036.880103074]]}},{"type":"Feature","properties":{},"geometry":{"type":"LineString","coordinates":[[5665436.894639336,6430456.530737882],[5665358.9846672295,6430701.224748093]]}},{"type":"Feature","properties":{},"geometry":{"type":"LineString","coordinates":[[5665461.797099313,6430444.240574098],[5665702.63056144,6430530.960270336]]}},{"type":"Feature","properties":{},"geometry":{"type":"LineString","coordinates":[[5665455.725051619,6430463.311222699],[5665378.041994619,6430707.292554346]]}},{"type":"Feature","properties":{},"geometry":{"type":"LineString","coordinates":[[5665455.725051619,6430463.311222699],[5665695.854812919,6430549.777529223]]}},{"type":"Feature","properties":{},"geometry":{"type":"LineString","coordinates":[[5665288.886993282,6432651.99398762],[5665372.791509082,6432409.930939793]]}},{"type":"Feature","properties":{},"geometry":{"type":"LineString","coordinates":[[5665307.703139587,6432658.777317114],[5665547.116920172,6432745.087368743]]}},{"type":"Feature","properties":{},"geometry":{"type":"LineString","coordinates":[[5665307.703139588,6432658.777317114],[5665391.688490919,6432416.481060208]]}},{"type":"Feature","properties":{},"geometry":{"type":"LineString","coordinates":[[5665301.152520394,6432677.675737923],[5665540.334107176,6432763.902082344]]}},{"type":"Feature","properties":{},"geometry":{"type":"LineString","coordinates":[[5664782.2536009075,6432469.764405821],[5664864.314360043,6432227.441503076]]}},{"type":"Feature","properties":{},"geometry":{"type":"LineString","coordinates":[[5664801.079958391,6432476.524668023],[5664883.257639958,6432233.856496925]]}},{"type":"Feature","properties":{},"geometry":{"type":"LineString","coordinates":[[5664801.07995839,6432476.524668022],[5665041.188069795,6432562.743884412]]}},{"type":"Feature","properties":{},"geometry":{"type":"LineString","coordinates":[[5664801.07995839,6432476.524668022],[5664883.257639958,6432233.856496925]]}},{"type":"Feature","properties":{},"geometry":{"type":"LineString","coordinates":[[5664794.663899092,6432495.47109418],[5665034.428930203,6432581.567115589]]}},{"type":"Feature","properties":{},"geometry":{"type":"LineString","coordinates":[[5665462.490165347,6432141.076488462],[5665541.363304917,6431903.6143924175]]}},{"type":"Feature","properties":{},"geometry":{"type":"LineString","coordinates":[[5665481.311193932,6432147.860622661],[5665715.342984163,6432232.218555834]]}},{"type":"Feature","properties":{},"geometry":{"type":"LineString","coordinates":[[5665481.311193932,6432147.86062266],[5665560.343695654,6431909.918737543]]}},{"type":"Feature","properties":{},"geometry":{"type":"LineString","coordinates":[[5665475.004834938,6432166.847076518],[5665708.561016406,6432251.033574127]]}},{"type":"Feature","properties":{},"geometry":{"type":"LineString","coordinates":[[5664973.563853223,6431965.748300722],[5665215.804941213,6432052.192715964]]}},{"type":"Feature","properties":{},"geometry":{"type":"LineString","coordinates":[[5664954.7237851,6431959.025169292],[5665033.725079381,6431723.388844587]]}},{"type":"Feature","properties":{},"geometry":{"type":"LineString","coordinates":[[5664967.205110247,6431984.714456128],[5665209.0830587875,6432071.029284035]]}},{"type":"Feature","properties":{},"geometry":{"type":"LineString","coordinates":[[5664973.563853223,6431965.748300722],[5665052.687711309,6431729.746406253]]}},{"type":"Feature","properties":{},"geometry":{"type":"LineString","coordinates":[[5665626.177799488,6431654.305872263],[5665699.306263865,6431436.606816566]]}},{"type":"Feature","properties":{},"geometry":{"type":"LineString","coordinates":[[5665645.031038683,6431660.98910018],[5665881.901771423,6431744.956692032]]}},{"type":"Feature","properties":{},"geometry":{"type":"LineString","coordinates":[[5665645.031038683,6431660.989100181],[5665718.265192735,6431442.975412654]]}},{"type":"Feature","properties":{},"geometry":{"type":"LineString","coordinates":[[5665638.661565673,6431679.950639597],[5665875.219463627,6431763.807335588]]}},{"type":"Feature","properties":{},"geometry":{"type":"LineString","coordinates":[[5672457.105348595,6433499.959015066],[5672529.953263856,6433302.702640118]]}},{"type":"Feature","properties":{},"geometry":{"type":"LineString","coordinates":[[5672476.053896222,6433506.38117534],[5672718.115410339,6433588.422177669]]}},{"type":"Feature","properties":{},"geometry":{"type":"LineString","coordinates":[[5672476.053896221,6433506.38117534],[5672548.714736144,6433309.631359881]]}},{"type":"Feature","properties":{},"geometry":{"type":"LineString","coordinates":[[5672469.122651403,6433525.149484932],[5672711.695589662,6433607.36382233]]}},{"type":"Feature","properties":{},"geometry":{"type":"LineString","coordinates":[[5670356.15590255,6434465.239416501],[5670440.233337854,6434233.306641336]]}},{"type":"Feature","properties":{},"geometry":{"type":"LineString","coordinates":[[5670374.96494467,6434472.03796661],[5670617.373424579,6434559.6567930905]]}},{"type":"Feature","properties":{},"geometry":{"type":"LineString","coordinates":[[5670374.96494467,6434472.037966611],[5670459.036012291,6434240.122757093]]}},{"type":"Feature","properties":{},"geometry":{"type":"LineString","coordinates":[[5670368.148825938,6434490.840649253],[5670610.574877436,6434578.465827004]]}},{"type":"Feature","properties":{},"geometry":{"type":"LineString","coordinates":[[5669858.20360198,6434287.5291926395],[5669940.2305856,6434057.385291635]]}},{"type":"Feature","properties":{},"geometry":{"type":"LineString","coordinates":[[5669858.203601979,6434287.5291926395],[5670099.250537849,6434372.959459863]]}},{"type":"Feature","properties":{},"geometry":{"type":"LineString","coordinates":[[5669839.352491904,6434280.848106381],[5669921.391414399,6434050.670708365]]}},{"type":"Feature","properties":{},"geometry":{"type":"LineString","coordinates":[[5669851.489008094,6434306.368393619],[5670092.569462151,6434391.810540137]]}},{"type":"Feature","properties":{},"geometry":{"type":"LineString","coordinates":[[5670530.888302547,6433993.402637918],[5670609.201865391,6433786.703480589]]}},{"type":"Feature","properties":{},"geometry":{"type":"LineString","coordinates":[[5670549.65518204,6434000.319075758],[5670795.33826265,6434090.864323632]]}},{"type":"Feature","properties":{},"geometry":{"type":"LineString","coordinates":[[5670549.65518204,6434000.319075758],[5670627.90450191,6433793.789479968]]}},{"type":"Feature","properties":{},"geometry":{"type":"LineString","coordinates":[[5670542.568891448,6434019.0224809],[5670788.422109042,6434109.630431893]]}},{"type":"Feature","properties":{},"geometry":{"type":"LineString","coordinates":[[5670285.035084953,6433902.794686924],[5670530.888302548,6433993.402637918]]}},{"type":"Feature","properties":{},"geometry":{"type":"LineString","coordinates":[[5670278.118931345,6433921.560795185],[5670523.8020119555,6434012.10604306]]}},{"type":"Feature","properties":{},"geometry":{"type":"LineString","coordinates":[[5670445.552692085,6434218.635638849],[5670523.802011955,6434012.10604306]]}},{"type":"Feature","properties":{},"geometry":{"type":"LineString","coordinates":[[5670464.255328604,6434225.721638228],[5670542.568891447,6434019.0224808995]]}},{"type":"Feature","properties":{},"geometry":{"type":"LineString","coordinates":[[5669750.6109144,6434529.831208365],[5669832.637898021,6434299.68730736]]}},{"type":"Feature","properties":{},"geometry":{"type":"LineString","coordinates":[[5669769.450085601,6434536.545791635],[5669851.489008095,6434306.36839362]]}},{"type":"Feature","properties":{},"geometry":{"type":"LineString","coordinates":[[5669598.272037849,6434195.405959863],[5669839.352491904,6434280.848106381]]}},{"type":"Feature","properties":{},"geometry":{"type":"LineString","coordinates":[[5669591.590962151,6434214.257040137],[5669832.63789802,6434299.68730736]]}},{"type":"Feature","properties":{},"geometry":{"type":"LineString","coordinates":[[5670113.729851052,6434377.614238749],[5670356.155902551,6434465.239416501]]}},{"type":"Feature","properties":{},"geometry":{"type":"LineString","coordinates":[[5670106.931303909,6434396.423272663],[5670349.339783818,6434484.042099142]]}},{"type":"Feature","properties":{},"geometry":{"type":"LineString","coordinates":[[5670265.2687161965,6434715.957308661],[5670349.3397838175,6434484.042099142]]}},{"type":"Feature","properties":{},"geometry":{"type":"LineString","coordinates":[[5670284.0713906335,6434722.773424419],[5670368.148825938,6434490.840649253]]}},{"type":"Feature","properties":{},"geometry":{"type":"LineString","coordinates":[[5672069.850798258,6434572.373786392],[5672139.845323945,6434385.02983926]]}},{"type":"Feature","properties":{},"geometry":{"type":"LineString","coordinates":[[5672069.850798259,6434572.373786392],[5672314.646870124,6434663.838892445]]}},{"type":"Feature","properties":{},"geometry":{"type":"LineString","coordinates":[[5672051.115838693,6434565.373694232],[5672121.110223879,6434378.03012316]]}},{"type":"Feature","properties":{},"geometry":{"type":"LineString","coordinates":[[5672062.851082157,6434591.108886463],[5672307.646777966,6434682.573852006]]}},{"type":"Feature","properties":{},"geometry":{"type":"LineString","coordinates":[[5671882.152004684,6435039.392362035],[5671797.291544314,6435268.875210921]]}},{"type":"Feature","properties":{},"geometry":{"type":"LineString","coordinates":[[5671900.950564032,6435046.220794811],[5672143.092840489,6435134.177123088]]}},{"type":"Feature","properties":{},"geometry":{"type":"LineString","coordinates":[[5671900.950564032,6435046.220794812],[5671816.050062937,6435275.811923333]]}},{"type":"Feature","properties":{},"geometry":{"type":"LineString","coordinates":[[5671907.887392006,6435027.4619636815],[5672149.92115951,6435115.3788769115]]}},{"type":"Feature","properties":{},"geometry":{"type":"LineString","coordinates":[[5671369.719251693,6434853.034927133],[5671282.849155679,6435081.732867871]]}},{"type":"Feature","properties":{},"geometry":{"type":"LineString","coordinates":[[5671395.613718318,6434841.187426342],[5671632.183065938,6434927.431210161]]}},{"type":"Feature","properties":{},"geometry":{"type":"LineString","coordinates":[[5671388.511232006,6434859.885736437],[5671301.545780532,6435088.834714049]]}},{"type":"Feature","properties":{},"geometry":{"type":"LineString","coordinates":[[5671388.511232007,6434859.885736437],[5671625.332874084,6434946.22149679]]}},{"type":"Feature","properties":{},"geometry":{"type":"LineString","coordinates":[[5670889.327001691,6434657.511035291],[5670975.752506406,6434427.000162016]]}},{"type":"Feature","properties":{},"geometry":{"type":"LineString","coordinates":[[5670889.327001691,6434657.511035291],[5671127.099552415,6434743.063031647]]}},{"type":"Feature","properties":{},"geometry":{"type":"LineString","coordinates":[[5670870.506419363,6434650.739276373],[5670957.025493595,6434419.978837985]]}},{"type":"Feature","properties":{},"geometry":{"type":"LineString","coordinates":[[5670882.305054211,6434676.23971094],[5671120.328394733,6434761.881942976]]}},{"type":"Feature","properties":{},"geometry":{"type":"LineString","coordinates":[[5670795.78597998,6434907.000149328],[5670882.305054211,6434676.23971094]]}},{"type":"Feature","properties":{},"geometry":{"type":"LineString","coordinates":[[5671551.017489975,6434400.070060158],[5671475.7981419135,6434594.892811892]]}},{"type":"Feature","properties":{},"geometry":{"type":"LineString","coordinates":[[5671558.221337027,6434381.411651893],[5671781.767589894,6434465.445186144]]}},{"type":"Feature","properties":{},"geometry":{"type":"LineString","coordinates":[[5671532.295780793,6434393.032360488],[5671457.140470875,6434587.689249477]]}},{"type":"Feature","properties":{},"geometry":{"type":"LineString","coordinates":[[5671551.017489975,6434400.070060158],[5671774.730168297,6434484.166155597]]}},{"type":"Feature","properties":{},"geometry":{"type":"LineString","coordinates":[[5671258.6258266205,6433675.416365414],[5671365.074164157,6433398.997787386]]}},{"type":"Feature","properties":{},"geometry":{"type":"LineString","coordinates":[[5671258.6258266205,6433675.416365414],[5671488.398706273,6433755.898704314]]}},{"type":"Feature","properties":{},"geometry":{"type":"LineString","coordinates":[[5671239.741356895,6433668.80171927],[5671346.410273827,6433391.810354067]]}},{"type":"Feature","properties":{},"geometry":{"type":"LineString","coordinates":[[5671251.435009352,6433694.089042978],[5671481.787172937,6433774.774287137]]}},{"type":"Feature","properties":{},"geometry":{"type":"LineString","coordinates":[[5668334.34672972,6433743.606415288],[5668569.576546754,6433828.383833301]]}},{"type":"Feature","properties":{},"geometry":{"type":"LineString","coordinates":[[5668315.531115776,6433736.825220673],[5668398.836958527,6433501.66037704]]}},{"type":"Feature","properties":{},"geometry":{"type":"LineString","coordinates":[[5668327.668384224,6433762.458779328],[5668562.795453248,6433847.199166699]]}},{"type":"Feature","properties":{},"geometry":{"type":"LineString","coordinates":[[5668334.34672972,6433743.606415288],[5668417.689041474,6433508.33862296]]}},{"type":"Feature","properties":{},"geometry":{"type":"LineString","coordinates":[[5668822.50954216,6433917.921279748],[5668905.733241007,6433683.838934972]]}},{"type":"Feature","properties":{},"geometry":{"type":"LineString","coordinates":[[5668841.291502525,6433924.796797664],[5669079.217046684,6434011.894273629]]}},{"type":"Feature","properties":{},"geometry":{"type":"LineString","coordinates":[[5668841.291502525,6433924.796797664],[5668924.577676583,6433690.538729579]]}},{"type":"Feature","properties":{},"geometry":{"type":"LineString","coordinates":[[5668834.591416635,6433943.6420525275],[5669072.341827678,6434030.6754174605]]}},{"type":"Feature","properties":{},"geometry":{"type":"LineString","coordinates":[[5668689.986024456,6432744.443282228],[5668925.280062221,6432828.617249353]]}},{"type":"Feature","properties":{},"geometry":{"type":"LineString","coordinates":[[5668689.986024456,6432744.443282228],[5668770.940834484,6432517.224031369]]}},{"type":"Feature","properties":{},"geometry":{"type":"LineString","coordinates":[[5668671.154731852,6432737.706585371],[5668752.100882505,6432510.5116391415]]}},{"type":"Feature","properties":{},"geometry":{"type":"LineString","coordinates":[[5668683.273626643,6432763.283249884],[5668918.54337097,6432847.448526287]]}},{"type":"Feature","properties":{},"geometry":{"type":"LineString","coordinates":[[5668435.884987526,6432653.541308967],[5668671.154731852,6432737.706585372]]}},{"type":"Feature","properties":{},"geometry":{"type":"LineString","coordinates":[[5668429.148296274,6432672.372585902],[5668664.442334038,6432756.546553028]]}},{"type":"Feature","properties":{},"geometry":{"type":"LineString","coordinates":[[5668583.487524011,6432983.765803886],[5668664.442334039,6432756.546553028]]}},{"type":"Feature","properties":{},"geometry":{"type":"LineString","coordinates":[[5668602.32747599,6432990.478196113],[5668683.273626643,6432763.283249884]]}},{"type":"Feature","properties":{},"geometry":{"type":"LineString","coordinates":[[5668741.015790988,6429349.043136886],[5668987.096921226,6429435.476568834]]}},{"type":"Feature","properties":{},"geometry":{"type":"LineString","coordinates":[[5668741.015790988,6429349.043136886],[5668822.670426266,6429112.080386427]]}},{"type":"Feature","properties":{},"geometry":{"type":"LineString","coordinates":[[5668734.499903454,6429367.952322215],[5668980.469078774,6429454.346431165]]}},{"type":"Feature","properties":{},"geometry":{"type":"LineString","coordinates":[[5668722.145596545,6429342.415177784],[5668803.761573734,6429105.564613572]]}},{"type":"Feature","properties":{},"geometry":{"type":"LineString","coordinates":[[5668713.548296899,6431083.074416852],[5668953.180335716,6431172.21529799]]}},{"type":"Feature","properties":{},"geometry":{"type":"LineString","coordinates":[[5668713.548296899,6431083.074416852],[5668784.873131255,6430887.972608329]]}},{"type":"Feature","properties":{},"geometry":{"type":"LineString","coordinates":[[5668706.681131833,6431101.858846367],[5668946.207346895,6431190.960362056]]}},{"type":"Feature","properties":{},"geometry":{"type":"LineString","coordinates":[[5668694.802934124,6431076.101316914],[5668766.089001069,6430881.105552691]]}},{"type":"Feature","properties":{},"geometry":{"type":"LineString","coordinates":[[5668205.019869447,6430888.943259125],[5668437.303009106,6430977.600506841]]}},{"type":"Feature","properties":{},"geometry":{"type":"LineString","coordinates":[[5668205.019869448,6430888.943259125],[5668271.492898795,6430698.423028039]]}},{"type":"Feature","properties":{},"geometry":{"type":"LineString","coordinates":[[5668198.428568,6430907.834774788],[5668430.171272082,6430996.285750405]]}},{"type":"Feature","properties":{},"geometry":{"type":"LineString","coordinates":[[5668186.326811977,6430881.808539708],[5668252.609279999,6430691.83448183]]}},{"type":"Feature","properties":{},"geometry":{"type":"LineString","coordinates":[[5669914.738864497,6430906.313129171],[5670155.488839759,6430993.652990294]]}},{"type":"Feature","properties":{},"geometry":{"type":"LineString","coordinates":[[5669914.738864496,6430906.313129171],[5670000.683503111,6430663.129165828]]}},{"type":"Feature","properties":{},"geometry":{"type":"LineString","coordinates":[[5669908.074303087,6430925.1707854895],[5670148.668160243,6431012.454009707]]}},{"type":"Feature","properties":{},"geometry":{"type":"LineString","coordinates":[[5669895.937196915,6430899.492214511],[5669981.826496891,6430656.464834172]]}},{"type":"Feature","properties":{},"geometry":{"type":"LineString","coordinates":[[5670422.187083635,6431095.465185426],[5670655.29673706,6431184.777416816]]}},{"type":"Feature","properties":{},"geometry":{"type":"LineString","coordinates":[[5670422.187083635,6431095.465185427],[5670512.462420883,6430853.872861873]]}},{"type":"Feature","properties":{},"geometry":{"type":"LineString","coordinates":[[5670415.1862565605,6431114.200602333],[5670648.141262941,6431203.453583183]]}},{"type":"Feature","properties":{},"geometry":{"type":"LineString","coordinates":[[5670403.510277006,6431088.309466002],[5670493.727646248,6430846.872274796]]}},{"type":"Feature","properties":{},"geometry":{"type":"LineString","coordinates":[[5669497.077952021,6433626.175561909],[5669415.972276708,6433855.198888066]]}},{"type":"Feature","properties":{},"geometry":{"type":"LineString","coordinates":[[5669522.504342831,6433614.289510988],[5669757.119905139,6433701.4946451755]]}},{"type":"Feature","properties":{},"geometry":{"type":"LineString","coordinates":[[5669515.827090453,6433633.144499164],[5669434.824996132,6433861.875336994]]}},{"type":"Feature","properties":{},"geometry":{"type":"LineString","coordinates":[[5669515.827090453,6433633.144499164],[5669750.15180643,6433720.241527594]]}},{"type":"Feature","properties":{},"geometry":{"type":"LineString","coordinates":[[5668999.161362028,6433418.7608298175],[5669081.816314588,6433187.702785604]]}},{"type":"Feature","properties":{},"geometry":{"type":"LineString","coordinates":[[5669017.908018264,6433425.734074269],[5669255.080265412,6433513.9556768695]]}},{"type":"Feature","properties":{},"geometry":{"type":"LineString","coordinates":[[5669017.908018263,6433425.734074269],[5669100.647685411,6433194.439214397]]}},{"type":"Feature","properties":{},"geometry":{"type":"LineString","coordinates":[[5669011.171056822,6433444.566934083],[5669248.107572289,6433532.700850931]]}},{"type":"Feature","properties":{},"geometry":{"type":"LineString","coordinates":[[5668506.556730562,6433258.759863819],[5668422.351932798,6433494.5363256605]]}},{"type":"Feature","properties":{},"geometry":{"type":"LineString","coordinates":[[5668506.556730563,6433258.759863819],[5668740.738606186,6433344.452516854]]}},{"type":"Feature","properties":{},"geometry":{"type":"LineString","coordinates":[[5668487.774129924,6433251.886868737],[5668403.517067201,6433487.80967434]]}},{"type":"Feature","properties":{},"geometry":{"type":"LineString","coordinates":[[5668513.283584925,6433239.924429698],[5668747.611393816,6433325.670483146]]}},{"type":"Feature","properties":{},"geometry":{"type":"LineString","coordinates":[[5668008.124306499,6433056.237355021],[5668246.069087339,6433142.426579559]]}},{"type":"Feature","properties":{},"geometry":{"type":"LineString","coordinates":[[5668001.421253819,6433075.080984249],[5668239.257694281,6433161.2309653405]]}},{"type":"Feature","properties":{},"geometry":{"type":"LineString","coordinates":[[5667989.319608621,6433049.425848914],[5668073.455704198,6432812.902362448]]}},{"type":"Feature","properties":{},"geometry":{"type":"LineString","coordinates":[[5668008.124306499,6433056.237355022],[5668092.299020684,6432819.605303879]]}},{"type":"Feature","properties":{},"geometry":{"type":"LineString","coordinates":[[5666999.465089498,6432694.626305396],[5667238.163013434,6432779.979885061]]}},{"type":"Feature","properties":{},"geometry":{"type":"LineString","coordinates":[[5666980.632734871,6432687.892233918],[5667064.382191995,6432450.963782163]]}},{"type":"Feature","properties":{},"geometry":{"type":"LineString","coordinates":[[5666992.799609672,6432713.483046317],[5667231.428986566,6432798.812114938]]}},{"type":"Feature","properties":{},"geometry":{"type":"LineString","coordinates":[[5666999.465089498,6432694.626305395],[5667083.238808004,6432457.629217835]]}},{"type":"Feature","properties":{},"geometry":{"type":"LineString","coordinates":[[5666837.9879311845,6431529.326163836],[5667073.518267953,6431611.391294146]]}},{"type":"Feature","properties":{},"geometry":{"type":"LineString","coordinates":[[5666837.9879311845,6431529.326163837],[5666923.921534306,6431286.2341499245]]}},{"type":"Feature","properties":{},"geometry":{"type":"LineString","coordinates":[[5666831.322051637,6431548.182839515],[5667066.937732047,6431630.277705854]]}},{"type":"Feature","properties":{},"geometry":{"type":"LineString","coordinates":[[5666819.101326653,6431522.745560747],[5666905.065051147,6431279.568338432]]}},{"type":"Feature","properties":{},"geometry":{"type":"LineString","coordinates":[[5667858.830312142,6431910.993623218],[5668084.898492417,6431989.914203549]]}},{"type":"Feature","properties":{},"geometry":{"type":"LineString","coordinates":[[5667865.635209274,6431892.18553237],[5667950.60706699,6431657.331369444]]}},{"type":"Feature","properties":{},"geometry":{"type":"LineString","coordinates":[[5667865.635209274,6431892.18553237],[5668091.490372472,6431971.031748271]]}},{"type":"Feature","properties":{},"geometry":{"type":"LineString","coordinates":[[5667846.751552488,6431885.593232867],[5667931.80017284,6431650.526905286]]}},{"type":"Feature","properties":{},"geometry":{"type":"LineString","coordinates":[[5668365.507074483,6432066.575935522],[5668599.499891384,6432148.2060574265]]}},{"type":"Feature","properties":{},"geometry":{"type":"LineString","coordinates":[[5668365.507074483,6432066.575935522],[5668446.0156340385,6431833.6786195915]]}},{"type":"Feature","properties":{},"geometry":{"type":"LineString","coordinates":[[5668358.972791428,6432085.478484439],[5668592.912108617,6432167.089942574]]}},{"type":"Feature","properties":{},"geometry":{"type":"LineString","coordinates":[[5668346.623113551,6432059.988126318],[5668427.113160982,6431827.144362759]]}},{"type":"Feature","properties":{},"geometry":{"type":"LineString","coordinates":[[5669049.892315555,6431739.478627226],[5669283.111855893,6431823.751812525]]}},{"type":"Feature","properties":{},"geometry":{"type":"LineString","coordinates":[[5669049.892315555,6431739.478627226],[5669137.154793374,6431496.864639794]]}},{"type":"Feature","properties":{},"geometry":{"type":"LineString","coordinates":[[5669043.123313684,6431758.2983373245],[5669276.315041331,6431842.561472591]]}},{"type":"Feature","properties":{},"geometry":{"type":"LineString","coordinates":[[5669031.082634927,6431732.681805233],[5669118.335103849,6431490.0956453215]]}},{"type":"Feature","properties":{},"geometry":{"type":"LineString","coordinates":[[5668871.326695308,6432250.067135937],[5668957.247370819,6432016.06679275]]}},{"type":"Feature","properties":{},"geometry":{"type":"LineString","coordinates":[[5668871.326695308,6432250.067135937],[5669108.377040767,6432332.9604782825]]}},{"type":"Feature","properties":{},"geometry":{"type":"LineString","coordinates":[[5668852.445415391,6432243.464604323],[5668938.472972542,6432009.1731747305]]}},{"type":"Feature","properties":{},"geometry":{"type":"LineString","coordinates":[[5668864.432248769,6432268.843790641],[5669101.775302594,6432351.839489196]]}},{"type":"Feature","properties":{},"geometry":{"type":"LineString","coordinates":[[5669381.4158940455,6432452.437293709],[5669605.261575909,6432532.22303839]]}},{"type":"Feature","properties":{},"geometry":{"type":"LineString","coordinates":[[5669388.297329823,6432433.657594064],[5669473.288434524,6432201.713640727]]}},{"type":"Feature","properties":{},"geometry":{"type":"LineString","coordinates":[[5669388.297329823,6432433.657594064],[5669611.976424091,6432513.3839616105]]}},{"type":"Feature","properties":{},"geometry":{"type":"LineString","coordinates":[[5669369.457516518,6432426.942483362],[5669454.509469055,6432194.832473973]]}},{"type":"Feature","properties":{},"geometry":{"type":"LineString","coordinates":[[5669876.743164761,6432612.193424011],[5669957.651150996,6432380.79648746]]}},{"type":"Feature","properties":{},"geometry":{"type":"LineString","coordinates":[[5669857.8983419845,6432605.493907695],[5669938.771925675,6432374.195362462]]}},{"type":"Feature","properties":{},"geometry":{"type":"LineString","coordinates":[[5669876.743164762,6432612.193424012],[5670110.665541921,6432695.355086033]]}},{"type":"Feature","properties":{},"geometry":{"type":"LineString","coordinates":[[5669870.141950117,6432631.07290572],[5670103.966116585,6432714.199652894]]}},{"type":"Feature","properties":{},"geometry":{"type":"LineString","coordinates":[[5669680.327485185,6433108.634591637],[5669765.658052992,6432869.060831587]]}},{"type":"Feature","properties":{},"geometry":{"type":"LineString","coordinates":[[5669699.105240834,6433115.52160631],[5669933.2518268805,6433201.398268251]]}},{"type":"Feature","properties":{},"geometry":{"type":"LineString","coordinates":[[5669699.105240834,6433115.521606311],[5669784.498650538,6432875.771411602]]}},{"type":"Feature","properties":{},"geometry":{"type":"LineString","coordinates":[[5669692.394366581,6433134.363029959],[5669926.365114169,6433220.175200589]]}},{"type":"Feature","properties":{},"geometry":{"type":"LineString","coordinates":[[5670388.134962925,6432804.547752746],[5670635.643965551,6432892.519524517]]}},{"type":"Feature","properties":{},"geometry":{"type":"LineString","coordinates":[[5670394.799615734,6432785.690826681],[5670473.84994821,6432562.026321166]]}},{"type":"Feature","properties":{},"geometry":{"type":"LineString","coordinates":[[5670394.799615734,6432785.690826681],[5670642.342034449,6432873.674475484]]}},{"type":"Feature","properties":{},"geometry":{"type":"LineString","coordinates":[[5670375.954537074,6432778.992747253],[5670454.993051789,6432555.361678834]]}},{"type":"Feature","properties":{},"geometry":{"type":"LineString","coordinates":[[5670918.689151593,6432990.628728101],[5671170.223557921,6433076.815576809]]}},{"type":"Feature","properties":{},"geometry":{"type":"LineString","coordinates":[[5670925.543651171,6432971.835906414],[5671005.219098901,6432753.3915889]]}},{"type":"Feature","properties":{},"geometry":{"type":"LineString","coordinates":[[5670925.54365117,6432971.835906413],[5671176.706442079,6433057.89542319]]}},{"type":"Feature","properties":{},"geometry":{"type":"LineString","coordinates":[[5670906.619848406,6432965.351771899],[5670986.429901099,6432746.538411099]]}},{"type":"Feature","properties":{},"geometry":{"type":"LineString","coordinates":[[5670740.134070608,6433492.518794219],[5670993.24984472,6433583.092436437]]}},{"type":"Feature","properties":{},"geometry":{"type":"LineString","coordinates":[[5670740.134070607,6433492.518794219],[5670839.815101807,6433223.352835205]]}},{"type":"Feature","properties":{},"geometry":{"type":"LineString","coordinates":[[5670733.187977265,6433511.275139866],[5670986.511561581,6433601.923143815]]}},{"type":"Feature","properties":{},"geometry":{"type":"LineString","coordinates":[[5670721.302216596,6433485.780100775],[5670821.059898193,6433216.407164796]]}},{"type":"Feature","properties":{},"geometry":{"type":"LineString","coordinates":[[5670205.573171026,6433316.338925374],[5670317.730360086,6433357.823818727]]}},{"type":"Feature","properties":{},"geometry":{"type":"LineString","coordinates":[[5670212.283542956,6433297.49692075],[5670303.470494791,6433041.453740694]]}},{"type":"Feature","properties":{},"geometry":{"type":"LineString","coordinates":[[5670212.283542955,6433297.49692075],[5670457.711907061,6433388.015039415]]}},{"type":"Feature","properties":{},"geometry":{"type":"LineString","coordinates":[[5670193.517912913,6433290.575839996],[5670284.629673091,6433034.743790049]]}},{"type":"Feature","properties":{},"geometry":{"type":"LineString","coordinates":[[5670005.090224272,6433817.068742284],[5669926.944377917,6434036.744927636]]}},{"type":"Feature","properties":{},"geometry":{"type":"LineString","coordinates":[[5670030.576275729,6433805.098257716],[5670273.852624469,6433894.125567551]]}},{"type":"Feature","properties":{},"geometry":{"type":"LineString","coordinates":[[5670023.872856975,6433823.942272201],[5669945.787622084,6434043.448072364]]}},{"type":"Feature","properties":{},"geometry":{"type":"LineString","coordinates":[[5670023.8728569755,6433823.942272201],[5670266.979375531,6433912.907432449]]}},{"type":"Feature","properties":{},"geometry":{"type":"LineString","coordinates":[[5671058.691903517,6434188.024310077],[5671287.547533926,6434272.563308559]]}},{"type":"Feature","properties":{},"geometry":{"type":"LineString","coordinates":[[5671039.927990812,6434181.0929429745],[5671118.839223731,6433978.696914331]]}},{"type":"Feature","properties":{},"geometry":{"type":"LineString","coordinates":[[5671051.4256886635,6434206.661112149],[5671280.617277915,6434291.32421343]]}},{"type":"Feature","properties":{},"geometry":{"type":"LineString","coordinates":[[5671058.691903516,6434188.024310077],[5671137.473038349,6433985.961964418]]}},{"type":"Feature","properties":{},"geometry":{"type":"LineString","coordinates":[[5672470.129311737,6431908.802568243],[5672380.973367421,6432131.321761853]]}},{"type":"Feature","properties":{},"geometry":{"type":"LineString","coordinates":[[5672496.243877803,6431897.399178597],[5672737.704808617,6431990.024493956]]}},{"type":"Feature","properties":{},"geometry":{"type":"LineString","coordinates":[[5672488.804588049,6431915.966474023],[5672399.538632579,6432138.760238147]]}},{"type":"Feature","properties":{},"geometry":{"type":"LineString","coordinates":[[5672488.804588049,6431915.966474023],[5672730.541686183,6432008.697728197]]}},{"type":"Feature","properties":{},"geometry":{"type":"LineString","coordinates":[[5668054.462525076,6429697.278636883],[5668285.04923633,6429779.504060813]]}},{"type":"Feature","properties":{},"geometry":{"type":"LineString","coordinates":[[5668060.85441091,6429678.324394034],[5668140.356705783,6429442.571465524]]}},{"type":"Feature","properties":{},"geometry":{"type":"LineString","coordinates":[[5668060.85441091,6429678.324394034],[5668291.766763669,6429760.665939187]]}},{"type":"Feature","properties":{},"geometry":{"type":"LineString","coordinates":[[5668042.013474924,6429671.605863117],[5668121.405294217,6429436.180534476]]}},{"type":"Feature","properties":{},"geometry":{"type":"LineString","coordinates":[[5667551.194229065,6429519.987353413],[5667775.616720552,6429597.000451058]]}},{"type":"Feature","properties":{},"geometry":{"type":"LineString","coordinates":[[5667551.194229065,6429519.987353413],[5667469.00592029,6429752.961216322]]}},{"type":"Feature","properties":{},"geometry":{"type":"LineString","coordinates":[[5667557.8481578715,6429501.125893424],[5667782.108354138,6429578.083297642]]}},{"type":"Feature","properties":{},"geometry":{"type":"LineString","coordinates":[[5667532.276379474,6429513.495480927],[5667450.145154399,6429746.3075323785]]}},{"type":"Feature","properties":{},"geometry":{"type":"LineString","coordinates":[[5669591.207652996,6430217.516824947],[5669822.393374234,6430298.785930786]]}},{"type":"Feature","properties":{},"geometry":{"type":"LineString","coordinates":[[5669572.339333726,6430210.884012905],[5669656.600924838,6429974.498651607]]}},{"type":"Feature","properties":{},"geometry":{"type":"LineString","coordinates":[[5669584.492294647,6430236.355923384],[5669815.760625765,6430317.654069213]]}},{"type":"Feature","properties":{},"geometry":{"type":"LineString","coordinates":[[5669591.207652996,6430217.516824947],[5669675.439842712,6429981.213945592]]}},{"type":"Feature","properties":{},"geometry":{"type":"LineString","coordinates":[[5669086.384081228,6430034.5863012215],[5669330.28325787,6430118.204292048]]}},{"type":"Feature","properties":{},"geometry":{"type":"LineString","coordinates":[[5669086.384081228,6430034.5863012215],[5669168.053135315,6429797.092862933]]}},{"type":"Feature","properties":{},"geometry":{"type":"LineString","coordinates":[[5669079.880297715,6430053.499290058],[5669323.79708956,6430137.123320052]]}},{"type":"Feature","properties":{},"geometry":{"type":"LineString","coordinates":[[5669067.465045022,6430028.100130101],[5669149.140154675,6429790.589082238]]}},{"type":"Feature","properties":{},"geometry":{"type":"LineString","coordinates":[[5668564.751882228,6429856.649670926],[5668807.429469577,6429941.917937121]]}},{"type":"Feature","properties":{},"geometry":{"type":"LineString","coordinates":[[5668539.338117771,6429868.918829074],[5668457.343514318,6430105.704311077]]}},{"type":"Feature","properties":{},"geometry":{"type":"LineString","coordinates":[[5668558.207437208,6429875.548836279],[5668800.799530423,6429960.787062879]]}},{"type":"Feature","properties":{},"geometry":{"type":"LineString","coordinates":[[5668558.207437208,6429875.548836279],[5668476.242485682,6430112.248688923]]}},{"type":"Feature","properties":{},"geometry":{"type":"LineString","coordinates":[[5669263.829768943,6429532.915125204],[5669506.588662005,6429617.668849856]]}},{"type":"Feature","properties":{},"geometry":{"type":"LineString","coordinates":[[5669263.829768943,6429532.915125204],[5669348.408308337,6429297.224139967]]}},{"type":"Feature","properties":{},"geometry":{"type":"LineString","coordinates":[[5669257.074236673,6429551.740445054],[5669499.996337996,6429636.551150143]]}},{"type":"Feature","properties":{},"geometry":{"type":"LineString","coordinates":[[5669244.946763327,6429526.322554945],[5669329.583691661,6429290.468860033]]}},{"type":"Feature","properties":{},"geometry":{"type":"LineString","coordinates":[[5669768.881613025,6429711.0563177345],[5669850.893710135,6429476.136490171]]}},{"type":"Feature","properties":{},"geometry":{"type":"LineString","coordinates":[[5669768.881613026,6429711.0563177345],[5669999.850552965,6429790.950928974]]}},{"type":"Feature","properties":{},"geometry":{"type":"LineString","coordinates":[[5669749.980394119,6429704.518185219],[5669832.011289867,6429469.544509831]]}},{"type":"Feature","properties":{},"geometry":{"type":"LineString","coordinates":[[5669762.289605882,6429729.9388147835],[5669993.312447034,6429809.852071025]]}},{"type":"Feature","properties":{},"geometry":{"type":"LineString","coordinates":[[5670274.185724531,6429889.03458624],[5670516.896845849,6429973.330542678]]}},{"type":"Feature","properties":{},"geometry":{"type":"LineString","coordinates":[[5670274.185724532,6429889.034586241],[5670356.626279731,6429652.061747381]]}},{"type":"Feature","properties":{},"geometry":{"type":"LineString","coordinates":[[5670267.614228888,6429907.924148235],[5670510.33513513,6429992.223503072]]}},{"type":"Feature","properties":{},"geometry":{"type":"LineString","coordinates":[[5670255.292761603,6429882.472874641],[5670337.7367202705,6429645.49025262]]}},{"type":"Feature","properties":{},"geometry":{"type":"LineString","coordinates":[[5670802.391029906,6430074.621975213],[5670890.170649659,6429837.526772563]]}},{"type":"Feature","properties":{},"geometry":{"type":"LineString","coordinates":[[5670802.391029906,6430074.621975213],[5671055.178888462,6430164.349885157]]}},{"type":"Feature","properties":{},"geometry":{"type":"LineString","coordinates":[[5670783.541438494,6430067.931248647],[5670871.414813582,6429830.58281022]]}},{"type":"Feature","properties":{},"geometry":{"type":"LineString","coordinates":[[5670795.446434664,6430093.379520769],[5671048.488771659,6430183.197758702]]}},{"type":"Feature","properties":{},"geometry":{"type":"LineString","coordinates":[[5672280.558329807,6432405.110681149],[5672350.346297291,6432222.252843524]]}},{"type":"Feature","properties":{},"geometry":{"type":"LineString","coordinates":[[5672292.152549603,6432430.822258226],[5672535.76449825,6432522.225613455]]}},{"type":"Feature","properties":{},"geometry":{"type":"LineString","coordinates":[[5672299.283976088,6432412.136555325],[5672369.0317027075,6432229.384156476]]}},{"type":"Feature","properties":{},"geometry":{"type":"LineString","coordinates":[[5672299.283976089,6432412.136555325],[5672542.790260571,6432503.500265294]]}},{"type":"Feature","properties":{},"geometry":{"type":"LineString","coordinates":[[5671084.572770485,6432478.256566123],[5671172.471280807,6432238.002659194]]}},{"type":"Feature","properties":{},"geometry":{"type":"LineString","coordinates":[[5671103.380959378,6432485.057863612],[5671355.042124867,6432576.061971581]]}},{"type":"Feature","properties":{},"geometry":{"type":"LineString","coordinates":[[5671096.509229518,6432503.840433877],[5671348.240875132,6432594.870028419]]}},{"type":"Feature","properties":{},"geometry":{"type":"LineString","coordinates":[[5671103.380959378,6432485.057863612],[5671191.253719195,6432244.874340806]]}},{"type":"Feature","properties":{},"geometry":{"type":"LineString","coordinates":[[5671616.092899797,6432693.1833117055],[5671849.615200062,6432778.928202469]]}},{"type":"Feature","properties":{},"geometry":{"type":"LineString","coordinates":[[5671604.139600205,6432667.488688296],[5671691.143083642,6432427.686402942]]}},{"type":"Feature","properties":{},"geometry":{"type":"LineString","coordinates":[[5671622.914144568,6432674.382339367],[5671709.943916359,6432434.507597058]]}},{"type":"Feature","properties":{},"geometry":{"type":"LineString","coordinates":[[5671622.914144568,6432674.382339367],[5671856.508799939,6432760.1537975315]]}},{"type":"Feature","properties":{},"geometry":{"type":"LineString","coordinates":[[5672134.4654599065,6432861.353399004],[5672376.119854599,6432953.898387266]]}},{"type":"Feature","properties":{},"geometry":{"type":"LineString","coordinates":[[5672127.654511874,6432880.16150677],[5672042.414979912,6433115.546404037]]}},{"type":"Feature","properties":{},"geometry":{"type":"LineString","coordinates":[[5672127.654511874,6432880.16150677],[5672368.967145402,6432972.575612733]]}},{"type":"Feature","properties":{},"geometry":{"type":"LineString","coordinates":[[5672108.974159848,6432873.0076002125],[5672023.610020088,6433108.736595963]]}},{"type":"Feature","properties":{},"geometry":{"type":"LineString","coordinates":[[5671941.714856145,6433323.006601689],[5672016.538599016,6433119.646938527]]}},{"type":"Feature","properties":{},"geometry":{"type":"LineString","coordinates":[[5671960.6195847215,6433329.546014432],[5672201.92058252,6433413.015439197]]}},{"type":"Feature","properties":{},"geometry":{"type":"LineString","coordinates":[[5671960.6195847215,6433329.546014432],[5672035.308400983,6433126.553061472]]}},{"type":"Feature","properties":{},"geometry":{"type":"LineString","coordinates":[[5671953.712143854,6433348.31939831],[5672195.3824174795,6433431.916560803]]}},{"type":"Feature","properties":{},"geometry":{"type":"LineString","coordinates":[[5671425.756686113,6433150.1393330665],[5671506.777976793,6432933.195123498]]}},{"type":"Feature","properties":{},"geometry":{"type":"LineString","coordinates":[[5671444.502087074,6433157.111467776],[5671679.874598049,6433244.655546283]]}},{"type":"Feature","properties":{},"geometry":{"type":"LineString","coordinates":[[5671444.502087074,6433157.111467776],[5671525.513992376,6432940.192388683]]}},{"type":"Feature","properties":{},"geometry":{"type":"LineString","coordinates":[[5671437.504815595,6433175.8475002125],[5671672.902469611,6433263.400930382]]}},{"type":"Feature","properties":{},"geometry":{"type":"LineString","coordinates":[[5672276.265567561,6434038.597666862],[5672517.102038094,6434124.83907064]]}},{"type":"Feature","properties":{},"geometry":{"type":"LineString","coordinates":[[5672257.43201807,6434031.8535398515],[5672372.83372865,6433730.227402784]]}},{"type":"Feature","properties":{},"geometry":{"type":"LineString","coordinates":[[5672269.117156412,6434057.281511586],[5672510.35947716,6434143.668246725]]}},{"type":"Feature","properties":{},"geometry":{"type":"LineString","coordinates":[[5672276.265567562,6434038.597666863],[5672391.51323473,6433737.374153975]]}},{"type":"Feature","properties":{},"geometry":{"type":"LineString","coordinates":[[5671756.515682072,6433878.830714506],[5671647.389326325,6434174.383398442]]}},{"type":"Feature","properties":{},"geometry":{"type":"LineString","coordinates":[[5671763.444023458,6433860.066320904],[5672000.023099244,6433943.100984675]]}},{"type":"Feature","properties":{},"geometry":{"type":"LineString","coordinates":[[5671737.641829987,6433872.206358751],[5671628.627380565,6434167.455960868]]}},{"type":"Feature","properties":{},"geometry":{"type":"LineString","coordinates":[[5671756.515682072,6433878.830714506],[5671993.399607647,6433961.972374636]]}},{"type":"Feature","properties":{},"geometry":{"type":"LineString","coordinates":[[5670051.089963253,6432122.106216293],[5669965.006710286,6432361.968413192]]}},{"type":"Feature","properties":{},"geometry":{"type":"LineString","coordinates":[[5670057.845792448,6432103.281787883],[5670291.733500677,6432187.461876068]]}},{"type":"Feature","properties":{},"geometry":{"type":"LineString","coordinates":[[5670032.2717075525,6432115.333212119],[5669946.182289713,6432355.21258681]]}},{"type":"Feature","properties":{},"geometry":{"type":"LineString","coordinates":[[5670051.089963252,6432122.106216293],[5670284.960499323,6432206.280123932]]}},{"type":"Feature","properties":{},"geometry":{"type":"LineString","coordinates":[[5669529.424690666,6431934.156115836],[5669440.453855012,6432174.405942912]]}},{"type":"Feature","properties":{},"geometry":{"type":"LineString","coordinates":[[5669555.1862680195,6431922.182327223],[5669792.692954997,6432007.7919804435]]}},{"type":"Feature","properties":{},"geometry":{"type":"LineString","coordinates":[[5669548.240443766,6431940.938283188],[5669459.209099259,6432181.351503597]]}},{"type":"Feature","properties":{},"geometry":{"type":"LineString","coordinates":[[5669548.240443767,6431940.938283188],[5669785.911045004,6432026.607019557]]}},{"type":"Feature","properties":{},"geometry":{"type":"LineString","coordinates":[[5670222.784098923,6431639.297942593],[5670291.764352765,6431450.0470213415]]}},{"type":"Feature","properties":{},"geometry":{"type":"LineString","coordinates":[[5670222.784098923,6431639.297942593],[5670456.195535369,6431724.656303306]]}},{"type":"Feature","properties":{},"geometry":{"type":"LineString","coordinates":[[5670204.000694863,6431632.42886795],[5670272.973647235,6431443.1979786595]]}},{"type":"Feature","properties":{},"geometry":{"type":"LineString","coordinates":[[5670215.935052349,6431658.0886588],[5670449.326464631,6431743.439696695]]}},{"type":"Feature","properties":{},"geometry":{"type":"LineString","coordinates":[[5670719.210442321,6431821.718814362],[5670785.587403872,6431633.783705437]]}},{"type":"Feature","properties":{},"geometry":{"type":"LineString","coordinates":[[5670731.325869888,6431847.470783766],[5670979.96865067,6431938.739051459]]}},{"type":"Feature","properties":{},"geometry":{"type":"LineString","coordinates":[[5670737.986961413,6431828.611032851],[5670804.445732336,6431640.444294565]]}},{"type":"Feature","properties":{},"geometry":{"type":"LineString","coordinates":[[5670737.986961413,6431828.611032851],[5670986.86034933,6431919.963948542]]}},{"type":"Feature","properties":{},"geometry":{"type":"LineString","coordinates":[[5671274.304929533,6432025.6773110805],[5671528.348588598,6432119.522461865]]}},{"type":"Feature","properties":{},"geometry":{"type":"LineString","coordinates":[[5671255.543935809,6432018.746894902],[5671323.169625965,6431833.560687028]]}},{"type":"Feature","properties":{},"geometry":{"type":"LineString","coordinates":[[5671267.444468753,6432044.463998702],[5671521.418220532,6432138.283325344]]}},{"type":"Feature","properties":{},"geometry":{"type":"LineString","coordinates":[[5671274.304929534,6432025.6773110805],[5671341.956183164,6431840.421100181]]}},{"type":"Feature","properties":{},"geometry":{"type":"LineString","coordinates":[[5671791.460965788,6432220.561222031],[5672023.14910628,6432309.424708376]]}},{"type":"Feature","properties":{},"geometry":{"type":"LineString","coordinates":[[5671772.786565534,6432213.39869611],[5671840.478619021,6432031.848387193]]}},{"type":"Feature","properties":{},"geometry":{"type":"LineString","coordinates":[[5671784.473434467,6432239.30180389],[5672015.98689372,6432328.0982916225]]}},{"type":"Feature","properties":{},"geometry":{"type":"LineString","coordinates":[[5671791.460965787,6432220.56122203],[5671859.218380979,6432038.835612807]]}},{"type":"Feature","properties":{},"geometry":{"type":"LineString","coordinates":[[5673212.660179315,6431557.73604637],[5673323.540682935,6431269.708765034]]}},{"type":"Feature","properties":{},"geometry":{"type":"LineString","coordinates":[[5673212.660179315,6431557.73604637],[5673454.1919422,6431647.015913782]]}},{"type":"Feature","properties":{},"geometry":{"type":"LineString","coordinates":[[5673193.899059061,6431550.801180708],[5673304.875959813,6431262.523494631]]}},{"type":"Feature","properties":{},"geometry":{"type":"LineString","coordinates":[[5673205.474262312,6431576.402449124],[5673447.257700548,6431665.7753458815]]}},{"type":"Feature","properties":{},"geometry":{"type":"LineString","coordinates":[[5672703.405268421,6431367.266074559],[5672810.37482618,6431087.054148934]]}},{"type":"Feature","properties":{},"geometry":{"type":"LineString","coordinates":[[5672703.405268422,6431367.26607456],[5672939.8511775695,6431456.918825006]]}},{"type":"Feature","properties":{},"geometry":{"type":"LineString","coordinates":[[5672684.704388676,6431360.175297176],[5672791.690004079,6431079.921307773]]}},{"type":"Feature","properties":{},"geometry":{"type":"LineString","coordinates":[[5672696.272409186,6431385.950944009],[5672932.760418154,6431475.619657366]]}},{"type":"Feature","properties":{},"geometry":{"type":"LineString","coordinates":[[5672186.220820709,6431171.664302103],[5672287.3826057,6430900.413351018]]}},{"type":"Feature","properties":{},"geometry":{"type":"LineString","coordinates":[[5672186.220820709,6431171.664302104],[5672434.201446058,6431264.136597744]]}},{"type":"Feature","properties":{},"geometry":{"type":"LineString","coordinates":[[5672167.481338903,6431164.676325123],[5672268.643394301,6430893.424648982]]}},{"type":"Feature","properties":{},"geometry":{"type":"LineString","coordinates":[[5672179.232118667,6431190.403513515],[5672427.2134690825,6431282.876079534]]}},{"type":"Feature","properties":{},"geometry":{"type":"LineString","coordinates":[[5671656.416287904,6430973.179279299],[5671751.5904587405,6430710.9663581]]}},{"type":"Feature","properties":{},"geometry":{"type":"LineString","coordinates":[[5671637.710578583,6430966.096011625],[5671732.7905412605,6430704.142641901]]}},{"type":"Feature","properties":{},"geometry":{"type":"LineString","coordinates":[[5671656.416287904,6430973.179279299],[5671906.314796358,6431067.808036565]]}},{"type":"Feature","properties":{},"geometry":{"type":"LineString","coordinates":[[5671649.591921418,6430991.980988376],[5671899.232203642,6431086.511963435]]}},{"type":"Feature","properties":{},"geometry":{"type":"LineString","coordinates":[[5671123.387954022,6430795.357872708],[5671366.416759323,6430886.619062391]]}},{"type":"Feature","properties":{},"geometry":{"type":"LineString","coordinates":[[5670612.914296586,6430581.980013283],[5670855.069719471,6430673.094150175]]}},{"type":"Feature","properties":{},"geometry":{"type":"LineString","coordinates":[[5670594.195497442,6430574.93682091],[5670684.325564786,6430335.379428612]]}},{"type":"Feature","properties":{},"geometry":{"type":"LineString","coordinates":[[5670612.914296586,6430581.980013284],[5670703.044532013,6430342.422174238]]}},{"type":"Feature","properties":{},"geometry":{"type":"LineString","coordinates":[[5670605.871550959,6430600.698980516],[5670848.026527099,6430691.812949314]]}},{"type":"Feature","properties":{},"geometry":{"type":"LineString","coordinates":[[5666576.905110336,6431459.537106114],[5666812.435447104,6431541.602236424]]}},{"type":"Feature","properties":{},"geometry":{"type":"LineString","coordinates":[[5666583.485646241,6431440.650694407],[5666819.101326654,6431522.745560747]]}},{"type":"Feature","properties":{},"geometry":{"type":"LineString","coordinates":[[5666726.501843982,6431784.694250337],[5666812.435447105,6431541.602236424]]}},{"type":"Feature","properties":{},"geometry":{"type":"LineString","coordinates":[[5666745.358327142,6431791.360061829],[5666831.322051636,6431548.182839515]]}},{"type":"Feature","properties":{},"geometry":{"type":"LineString","coordinates":[[5665546.574172425,6431891.281099206],[5665619.808326477,6431673.267411679]]}},{"type":"Feature","properties":{},"geometry":{"type":"LineString","coordinates":[[5665565.533101295,6431897.649695294],[5665638.661565672,6431679.950639597]]}},{"type":"Feature","properties":{},"geometry":{"type":"LineString","coordinates":[[5665382.937593737,6431589.299819828],[5665619.808326478,6431673.26741168]]}},{"type":"Feature","properties":{},"geometry":{"type":"LineString","coordinates":[[5665389.619901533,6431570.449176271],[5665626.177799488,6431654.305872263]]}},{"type":"Feature","properties":{},"geometry":{"type":"LineString","coordinates":[[5665228.933983878,6432056.889990854],[5665462.490165346,6432141.076488461]]}},{"type":"Feature","properties":{},"geometry":{"type":"LineString","coordinates":[[5665222.152016121,6432075.705009147],[5665456.183806352,6432160.06294232]]}},{"type":"Feature","properties":{},"geometry":{"type":"LineString","coordinates":[[5665396.131695368,6432404.309172562],[5665475.004834939,6432166.847076518]]}},{"type":"Feature","properties":{},"geometry":{"type":"LineString","coordinates":[[5665377.1513046315,6432398.004827437],[5665456.183806353,6432160.06294232]]}},{"type":"Feature","properties":{},"geometry":{"type":"LineString","coordinates":[[5665198.351022757,6432913.188665335],[5665282.336374087,6432670.892408431]]}},{"type":"Feature","properties":{},"geometry":{"type":"LineString","coordinates":[[5665217.248004594,6432919.73878575],[5665301.152520394,6432677.675737923]]}},{"type":"Feature","properties":{},"geometry":{"type":"LineString","coordinates":[[5665042.922593501,6432584.5823568],[5665282.336374087,6432670.89240843]]}},{"type":"Feature","properties":{},"geometry":{"type":"LineString","coordinates":[[5665049.705406497,6432565.767643199],[5665288.886993282,6432651.993987621]]}},{"type":"Feature","properties":{},"geometry":{"type":"LineString","coordinates":[[5664535.729430203,6432402.491615589],[5664775.837541609,6432488.710831979]]}},{"type":"Feature","properties":{},"geometry":{"type":"LineString","coordinates":[[5664693.659860043,6432731.379003076],[5664775.837541609,6432488.710831979]]}},{"type":"Feature","properties":{},"geometry":{"type":"LineString","coordinates":[[5664542.488569795,6432383.668384411],[5664782.2536009075,6432469.764405821]]}},{"type":"Feature","properties":{},"geometry":{"type":"LineString","coordinates":[[5664712.603139957,6432737.793996925],[5664794.663899093,6432495.47109418]]}},{"type":"Feature","properties":{},"geometry":{"type":"LineString","coordinates":[[5664712.603139957,6432737.793996925],[5664794.663899093,6432495.47109418]]}},{"type":"Feature","properties":{},"geometry":{"type":"LineString","coordinates":[[5664869.241184036,6432213.993219167],[5664948.365042122,6431977.991324698]]}},{"type":"Feature","properties":{},"geometry":{"type":"LineString","coordinates":[[5664888.203815964,6432220.3507808335],[5664967.205110247,6431984.714456128]]}},{"type":"Feature","properties":{},"geometry":{"type":"LineString","coordinates":[[5664706.123954132,6431891.546909455],[5664948.365042123,6431977.991324699]]}},{"type":"Feature","properties":{},"geometry":{"type":"LineString","coordinates":[[5664712.845836557,6431872.710341385],[5664954.7237851,6431959.025169292]]}},{"type":"Feature","properties":{},"geometry":{"type":"LineString","coordinates":[[5665205.19746731,6430351.843770326],[5665442.966687028,6430437.460089281]]}},{"type":"Feature","properties":{},"geometry":{"type":"LineString","coordinates":[[5665198.421718789,6430370.661029213],[5665436.894639335,6430456.530737882]]}},{"type":"Feature","properties":{},"geometry":{"type":"LineString","coordinates":[[5665523.01028561,6430186.064939219],[5665442.966687028,6430437.460089281]]}},{"type":"Feature","properties":{},"geometry":{"type":"LineString","coordinates":[[5665542.067613,6430192.132745472],[5665461.797099314,6430444.240574098]]}},{"type":"Feature","properties":{},"geometry":{"type":"LineString","coordinates":[[5671640.11734049,6434951.475123088],[5671882.152004684,6435039.392362035]]}},{"type":"Feature","properties":{},"geometry":{"type":"LineString","coordinates":[[5671646.945659511,6434932.676876911],[5671889.088832658,6435020.633530905]]}},{"type":"Feature","properties":{},"geometry":{"type":"LineString","coordinates":[[5671974.251240688,6434790.334143794],[5671889.088832658,6435020.6335309055]]}},{"type":"Feature","properties":{},"geometry":{"type":"LineString","coordinates":[[5671993.009759312,6434797.270856206],[5671907.887392006,6435027.461963682]]}},{"type":"Feature","properties":{},"geometry":{"type":"LineString","coordinates":[[5671482.483814332,6434612.489485604],[5671395.613718318,6434841.187426342]]}},{"type":"Feature","properties":{},"geometry":{"type":"LineString","coordinates":[[5671140.000095927,6434748.000856685],[5671376.821738005,6434834.336617038]]}},{"type":"Feature","properties":{},"geometry":{"type":"LineString","coordinates":[[5671463.787189479,6434605.387639427],[5671376.821738005,6434834.336617037]]}},{"type":"Feature","properties":{},"geometry":{"type":"LineString","coordinates":[[5671133.149904073,6434766.791143314],[5671369.719251694,6434853.0349271335]]}},{"type":"Feature","properties":{},"geometry":{"type":"LineString","coordinates":[[5670632.483078841,6434565.097044336],[5670870.506419363,6434650.739276373]]}},{"type":"Feature","properties":{},"geometry":{"type":"LineString","coordinates":[[5670625.711921159,6434583.915955665],[5670863.484471884,6434669.467952022]]}},{"type":"Feature","properties":{},"geometry":{"type":"LineString","coordinates":[[5670777.058967168,6434899.978825297],[5670863.484471884,6434669.467952022]]}},{"type":"Feature","properties":{},"geometry":{"type":"LineString","coordinates":[[5670953.880641125,6434401.7920907065],[5671032.661775961,6434199.729745048]]}},{"type":"Feature","properties":{},"geometry":{"type":"LineString","coordinates":[[5670972.514455743,6434409.057140794],[5671051.4256886635,6434206.661112149]]}},{"type":"Feature","properties":{},"geometry":{"type":"LineString","coordinates":[[5671700.04458252,6433239.409439198],[5671941.714856145,6433323.006601689]]}},{"type":"Feature","properties":{},"geometry":{"type":"LineString","coordinates":[[5671693.506417479,6433258.310560803],[5671934.807415277,6433341.7799855685]]}},{"type":"Feature","properties":{},"geometry":{"type":"LineString","coordinates":[[5671860.118599016,6433544.772938527],[5671934.807415277,6433341.779985568]]}},{"type":"Feature","properties":{},"geometry":{"type":"LineString","coordinates":[[5671878.888400983,6433551.679061472],[5671953.712143854,6433348.319398309]]}},{"type":"Feature","properties":{},"geometry":{"type":"LineString","coordinates":[[5672377.513263855,6433715.477140118],[5672450.174103778,6433518.727324658]]}},{"type":"Feature","properties":{},"geometry":{"type":"LineString","coordinates":[[5672396.274736144,6433722.405859881],[5672469.122651403,6433525.149484932]]}},{"type":"Feature","properties":{},"geometry":{"type":"LineString","coordinates":[[5672214.5324103385,6433417.744677669],[5672457.105348595,6433499.959015066]]}},{"type":"Feature","properties":{},"geometry":{"type":"LineString","coordinates":[[5672208.112589661,6433436.6863223305],[5672450.174103778,6433518.727324658]]}},{"type":"Feature","properties":{},"geometry":{"type":"LineString","coordinates":[[5672016.1896973215,6433945.466804713],[5672257.4320180705,6434031.8535398515]]}},{"type":"Feature","properties":{},"geometry":{"type":"LineString","coordinates":[[5672009.447136387,6433964.295980798],[5672250.28360692,6434050.537384575]]}},{"type":"Feature","properties":{},"geometry":{"type":"LineString","coordinates":[[5672135.03593975,6434351.760897463],[5672250.283606919,6434050.537384574]]}},{"type":"Feature","properties":{},"geometry":{"type":"LineString","coordinates":[[5672153.7154458305,6434358.907648655],[5672269.117156412,6434057.281511586]]}},{"type":"Feature","properties":{},"geometry":{"type":"LineString","coordinates":[[5671972.940449967,6434774.61414195],[5672044.116122592,6434584.108794303]]}},{"type":"Feature","properties":{},"geometry":{"type":"LineString","coordinates":[[5671991.675550033,6434781.61385805],[5672062.851082157,6434591.108886463]]}},{"type":"Feature","properties":{},"geometry":{"type":"LineString","coordinates":[[5671796.921423131,6434491.747469916],[5672044.116122592,6434584.108794303]]}},{"type":"Feature","properties":{},"geometry":{"type":"LineString","coordinates":[[5671803.921515289,6434473.012510355],[5672051.115838693,6434565.373694232]]}},{"type":"Feature","properties":{},"geometry":{"type":"LineString","coordinates":[[5670810.73640156,6434096.4298416935],[5671039.927990812,6434181.0929429745]]}},{"type":"Feature","properties":{},"geometry":{"type":"LineString","coordinates":[[5670803.806145549,6434115.190746564],[5671032.661775961,6434199.729745048]]}},{"type":"Feature","properties":{},"geometry":{"type":"LineString","coordinates":[[5671308.749527927,6434308.998826237],[5671532.295780794,6434393.032360489]]}},{"type":"Feature","properties":{},"geometry":{"type":"LineString","coordinates":[[5671315.786949524,6434290.277856784],[5671539.499627844,6434374.373952223]]}},{"type":"Feature","properties":{},"geometry":{"type":"LineString","coordinates":[[5671614.718975905,6434179.5512004895],[5671539.499627844,6434374.373952223]]}},{"type":"Feature","properties":{},"geometry":{"type":"LineString","coordinates":[[5671633.376646943,6434186.754762904],[5671558.221337026,6434381.411651892]]}},{"type":"Feature","properties":{},"geometry":{"type":"LineString","coordinates":[[5671501.062754202,6433789.17169498],[5671737.641829988,6433872.206358752]]}},{"type":"Feature","properties":{},"geometry":{"type":"LineString","coordinates":[[5671507.686245798,6433770.300305019],[5671744.570171373,6433853.44196515]]}},{"type":"Feature","properties":{},"geometry":{"type":"LineString","coordinates":[[5671853.696527121,6433557.889281213],[5671744.570171373,6433853.44196515]]}},{"type":"Feature","properties":{},"geometry":{"type":"LineString","coordinates":[[5671872.458472881,6433564.816718787],[5671763.444023457,6433860.066320904]]}},{"type":"Feature","properties":{},"geometry":{"type":"LineString","coordinates":[[5669805.157000678,6432012.334876069],[5670039.027536748,6432096.508783707]]}},{"type":"Feature","properties":{},"geometry":{"type":"LineString","coordinates":[[5669798.3839993235,6432031.153123933],[5670032.2717075525,6432115.333212119]]}},{"type":"Feature","properties":{},"geometry":{"type":"LineString","coordinates":[[5670125.110789713,6431856.646586809],[5670039.027536748,6432096.508783708]]}},{"type":"Feature","properties":{},"geometry":{"type":"LineString","coordinates":[[5670143.935210287,6431863.402413191],[5670057.845792448,6432103.281787883]]}},{"type":"Feature","properties":{},"geometry":{"type":"LineString","coordinates":[[5670128.171394445,6431840.470505409],[5670197.151648287,6431651.219584159]]}},{"type":"Feature","properties":{},"geometry":{"type":"LineString","coordinates":[[5670146.962099975,6431847.319548091],[5670215.935052348,6431658.0886588]]}},{"type":"Feature","properties":{},"geometry":{"type":"LineString","coordinates":[[5669970.609282579,6431547.077830056],[5670204.000694862,6431632.42886795]]}},{"type":"Feature","properties":{},"geometry":{"type":"LineString","coordinates":[[5669963.740211841,6431565.861223444],[5670197.151648288,6431651.219584159]]}},{"type":"Feature","properties":{},"geometry":{"type":"LineString","coordinates":[[5668823.249549082,6429944.373692888],[5669067.465045022,6430028.100130101]]}},{"type":"Feature","properties":{},"geometry":{"type":"LineString","coordinates":[[5668816.7633807715,6429963.2927208925],[5669060.961261509,6430047.013118938]]}},{"type":"Feature","properties":{},"geometry":{"type":"LineString","coordinates":[[5668979.93506668,6430282.637123843],[5669060.961261509,6430047.013118938]]}},{"type":"Feature","properties":{},"geometry":{"type":"LineString","coordinates":[[5668998.848047321,6430289.140904537],[5669079.880297714,6430053.499290058]]}},{"type":"Feature","properties":{},"geometry":{"type":"LineString","coordinates":[[5669661.376289866,6429958.32050983],[5669743.388386975,6429723.400682267]]}},{"type":"Feature","properties":{},"geometry":{"type":"LineString","coordinates":[[5669680.258710134,6429964.9124901695],[5669762.289605881,6429729.9388147835]]}},{"type":"Feature","properties":{},"geometry":{"type":"LineString","coordinates":[[5669512.419447035,6429643.506071026],[5669743.388386976,6429723.400682267]]}},{"type":"Feature","properties":{},"geometry":{"type":"LineString","coordinates":[[5669518.957552966,6429624.604928975],[5669749.980394119,6429704.518185218]]}},{"type":"Feature","properties":{},"geometry":{"type":"LineString","coordinates":[[5669153.612691662,6429780.838860033],[5669238.191231057,6429545.147874795]]}},{"type":"Feature","properties":{},"geometry":{"type":"LineString","coordinates":[[5669172.4373083385,6429787.594139967],[5669257.074236673,6429551.740445054]]}},{"type":"Feature","properties":{},"geometry":{"type":"LineString","coordinates":[[5669002.024662004,6429441.511849856],[5669244.946763327,6429526.322554945]]}},{"type":"Feature","properties":{},"geometry":{"type":"LineString","coordinates":[[5668995.432337995,6429460.3941501435],[5669238.191231057,6429545.147874795]]}},{"type":"Feature","properties":{},"geometry":{"type":"LineString","coordinates":[[5668296.660530424,6429783.650562879],[5668539.33811777,6429868.918829073]]}},{"type":"Feature","properties":{},"geometry":{"type":"LineString","coordinates":[[5668303.290469578,6429764.781437121],[5668545.88256279,6429850.019663721]]}},{"type":"Feature","properties":{},"geometry":{"type":"LineString","coordinates":[[5668627.847514318,6429613.319811077],[5668545.88256279,6429850.01966372]]}},{"type":"Feature","properties":{},"geometry":{"type":"LineString","coordinates":[[5668646.746485682,6429619.8641889235],[5668564.751882229,6429856.649670926]]}},{"type":"Feature","properties":{},"geometry":{"type":"LineString","coordinates":[[5668633.975073734,6429598.2871135725],[5668715.629709012,6429361.324363112]]}},{"type":"Feature","properties":{},"geometry":{"type":"LineString","coordinates":[[5668652.883926267,6429604.802886427],[5668734.499903455,6429367.952322215]]}},{"type":"Feature","properties":{},"geometry":{"type":"LineString","coordinates":[[5668469.548578775,6429274.890931166],[5668715.629709012,6429361.324363112]]}},{"type":"Feature","properties":{},"geometry":{"type":"LineString","coordinates":[[5668476.176421227,6429256.021068835],[5668722.145596545,6429342.415177784]]}},{"type":"Feature","properties":{},"geometry":{"type":"LineString","coordinates":[[5667314.507816793,6429417.620923292],[5667538.930308281,6429494.634020938]]}},{"type":"Feature","properties":{},"geometry":{"type":"LineString","coordinates":[[5667308.016183207,6429436.538076708],[5667532.276379474,6429513.495480927]]}},{"type":"Feature","properties":{},"geometry":{"type":"LineString","coordinates":[[5667621.118617055,6429261.660158028],[5667538.9303082805,6429494.634020938]]}},{"type":"Feature","properties":{},"geometry":{"type":"LineString","coordinates":[[5667639.979382946,6429268.313841972],[5667557.8481578715,6429501.125893424]]}},{"type":"Feature","properties":{},"geometry":{"type":"LineString","coordinates":[[5667956.119294218,6429926.313034477],[5668035.62158909,6429690.5601059655]]}},{"type":"Feature","properties":{},"geometry":{"type":"LineString","coordinates":[[5667975.070705784,6429932.703965524],[5668054.462525076,6429697.278636883]]}},{"type":"Feature","properties":{},"geometry":{"type":"LineString","coordinates":[[5667804.70923633,6429608.218560813],[5668035.621589089,6429690.5601059655]]}},{"type":"Feature","properties":{},"geometry":{"type":"LineString","coordinates":[[5667811.42676367,6429589.3804391865],[5668042.0134749245,6429671.605863118]]}},{"type":"Feature","properties":{},"geometry":{"type":"LineString","coordinates":[[5670170.555270625,6430999.056485152],[5670403.510277006,6431088.309466002]]}},{"type":"Feature","properties":{},"geometry":{"type":"LineString","coordinates":[[5670163.399796506,6431017.732651519],[5670396.50944993,6431107.044882907]]}},{"type":"Feature","properties":{},"geometry":{"type":"LineString","coordinates":[[5670306.234112683,6431348.637206461],[5670396.509449931,6431107.0448829075]]}},{"type":"Feature","properties":{},"geometry":{"type":"LineString","coordinates":[[5670324.968887317,6431355.637793539],[5670415.18625656,6431114.200602332]]}},{"type":"Feature","properties":{},"geometry":{"type":"LineString","coordinates":[[5669803.32799689,6431161.533834172],[5669889.272635506,6430918.349870831]]}},{"type":"Feature","properties":{},"geometry":{"type":"LineString","coordinates":[[5669822.18500311,6431168.198165828],[5669908.074303086,6430925.170785489]]}},{"type":"Feature","properties":{},"geometry":{"type":"LineString","coordinates":[[5669157.610668817,6430634.331216953],[5669384.996089135,6430716.121024175]]}},{"type":"Feature","properties":{},"geometry":{"type":"LineString","coordinates":[[5669150.841331183,6430653.150783048],[5669378.074464498,6430734.885813124]]}},{"type":"Feature","properties":{},"geometry":{"type":"LineString","coordinates":[[5669648.522660242,6430831.010009707],[5669889.272635505,6430918.34987083]]}},{"type":"Feature","properties":{},"geometry":{"type":"LineString","coordinates":[[5669655.343339758,6430812.208990294],[5669895.937196915,6430899.492214511]]}},{"type":"Feature","properties":{},"geometry":{"type":"LineString","coordinates":[[5668113.262481183,6431091.220286457],[5668179.735510529,6430900.70005537]]}},{"type":"Feature","properties":{},"geometry":{"type":"LineString","coordinates":[[5668132.146099979,6431097.808832666],[5668198.428568,6430907.834774788]]}},{"type":"Feature","properties":{},"geometry":{"type":"LineString","coordinates":[[5667954.584107894,6430793.357564091],[5668186.326811977,6430881.808539708]]}},{"type":"Feature","properties":{},"geometry":{"type":"LineString","coordinates":[[5667947.452370871,6430812.0428076545],[5668179.735510529,6430900.70005537]]}},{"type":"Feature","properties":{},"geometry":{"type":"LineString","coordinates":[[5668616.898095241,6431289.202056591],[5668687.935769058,6431094.88574643]]}},{"type":"Feature","properties":{},"geometry":{"type":"LineString","coordinates":[[5668635.682225427,6431296.069112229],[5668706.681131833,6431101.858846367]]}},{"type":"Feature","properties":{},"geometry":{"type":"LineString","coordinates":[[5668455.267339969,6430986.9963122895],[5668694.802934125,6431076.101316914]]}},{"type":"Feature","properties":{},"geometry":{"type":"LineString","coordinates":[[5668448.2943511475,6431005.741376356],[5668687.935769059,6431094.88574643]]}},{"type":"Feature","properties":{},"geometry":{"type":"LineString","coordinates":[[5669625.401859427,6431674.986939463],[5669536.370514919,6431915.400159874]]}},{"type":"Feature","properties":{},"geometry":{"type":"LineString","coordinates":[[5669644.1571036745,6431681.932500147],[5669555.1862680195,6431922.182327224]]}},{"type":"Feature","properties":{},"geometry":{"type":"LineString","coordinates":[[5669298.6999136815,6431829.731423503],[5669536.370514919,6431915.400159873]]}},{"type":"Feature","properties":{},"geometry":{"type":"LineString","coordinates":[[5669291.918003689,6431848.546462616],[5669529.424690667,6431934.156115837]]}},{"type":"Feature","properties":{},"geometry":{"type":"LineString","coordinates":[[5668797.890907281,6431648.418669967],[5669031.082634926,6431732.681805233]]}},{"type":"Feature","properties":{},"geometry":{"type":"LineString","coordinates":[[5668791.094092718,6431667.228330033],[5669024.313633056,6431751.501515333]]}},{"type":"Feature","properties":{},"geometry":{"type":"LineString","coordinates":[[5668937.0511552375,6431994.115502764],[5669024.313633055,6431751.501515332]]}},{"type":"Feature","properties":{},"geometry":{"type":"LineString","coordinates":[[5668955.870844763,6432000.884497236],[5669043.123313684,6431758.298337324]]}},{"type":"Feature","properties":{},"geometry":{"type":"LineString","coordinates":[[5668615.102361567,6432160.468905768],[5668852.445415392,6432243.464604323]]}},{"type":"Feature","properties":{},"geometry":{"type":"LineString","coordinates":[[5668608.500623394,6432179.347916682],[5668845.550968853,6432262.241259027]]}},{"type":"Feature","properties":{},"geometry":{"type":"LineString","coordinates":[[5668759.630293342,6432496.241602215],[5668845.550968853,6432262.241259027]]}},{"type":"Feature","properties":{},"geometry":{"type":"LineString","coordinates":[[5668778.404691619,6432503.135220234],[5668864.43224877,6432268.843790641]]}},{"type":"Feature","properties":{},"geometry":{"type":"LineString","coordinates":[[5667620.683372213,6431806.672652536],[5667846.751552488,6431885.593232867]]}},{"type":"Feature","properties":{},"geometry":{"type":"LineString","coordinates":[[5667614.091492157,6431825.555107814],[5667839.946655356,6431904.401323715]]}},{"type":"Feature","properties":{},"geometry":{"type":"LineString","coordinates":[[5667754.97479764,6432139.255486641],[5667839.946655356,6431904.401323715]]}},{"type":"Feature","properties":{},"geometry":{"type":"LineString","coordinates":[[5667773.78169179,6432146.059950799],[5667858.830312142,6431910.993623218]]}},{"type":"Feature","properties":{},"geometry":{"type":"LineString","coordinates":[[5668259.580270941,6432311.787991163],[5668340.088830496,6432078.890675235]]}},{"type":"Feature","properties":{},"geometry":{"type":"LineString","coordinates":[[5668278.482743998,6432318.322247996],[5668358.972791427,6432085.478484439]]}},{"type":"Feature","properties":{},"geometry":{"type":"LineString","coordinates":[[5668112.683796363,6431978.376668182],[5668346.623113551,6432059.988126318]]}},{"type":"Feature","properties":{},"geometry":{"type":"LineString","coordinates":[[5668106.096013596,6431997.260553329],[5668340.088830496,6432078.890675235]]}},{"type":"Feature","properties":{},"geometry":{"type":"LineString","coordinates":[[5666890.526813507,6432942.803216936],[5666973.967255045,6432706.74897484]]}},{"type":"Feature","properties":{},"geometry":{"type":"LineString","coordinates":[[5666909.383429516,6432949.468652608],[5666992.799609672,6432713.483046317]]}},{"type":"Feature","properties":{},"geometry":{"type":"LineString","coordinates":[[5666742.134013434,6432602.609885062],[5666980.632734871,6432687.892233918]]}},{"type":"Feature","properties":{},"geometry":{"type":"LineString","coordinates":[[5666735.399986566,6432621.442114939],[5666973.967255045,6432706.74897484]]}},{"type":"Feature","properties":{},"geometry":{"type":"LineString","coordinates":[[5667898.441841757,6433304.901529285],[5667982.616555942,6433068.269478142]]}},{"type":"Feature","properties":{},"geometry":{"type":"LineString","coordinates":[[5667917.285158243,6433311.604470716],[5668001.42125382,6433075.080984249]]}},{"type":"Feature","properties":{},"geometry":{"type":"LineString","coordinates":[[5667751.48316816,6432963.2758678235],[5667989.31960862,6433049.425848914]]}},{"type":"Feature","properties":{},"geometry":{"type":"LineString","coordinates":[[5667744.671775102,6432982.080253605],[5667982.616555942,6433068.269478142]]}},{"type":"Feature","properties":{},"geometry":{"type":"LineString","coordinates":[[5668253.225135563,6433166.059878325],[5668487.774129924,6433251.886868736]]}},{"type":"Feature","properties":{},"geometry":{"type":"LineString","coordinates":[[5668260.097923193,6433147.277844617],[5668494.500984287,6433233.051434616]]}},{"type":"Feature","properties":{},"geometry":{"type":"LineString","coordinates":[[5668578.706067203,6432997.27417434],[5668494.500984286,6433233.051434616]]}},{"type":"Feature","properties":{},"geometry":{"type":"LineString","coordinates":[[5668597.540932799,6433004.00082566],[5668513.283584924,6433239.924429698]]}},{"type":"Feature","properties":{},"geometry":{"type":"LineString","coordinates":[[5668762.224846561,6433330.626912969],[5668999.161362028,6433418.7608298175]]}},{"type":"Feature","properties":{},"geometry":{"type":"LineString","coordinates":[[5668755.2521534385,6433349.372087031],[5668992.424400587,6433437.593689631]]}},{"type":"Feature","properties":{},"geometry":{"type":"LineString","coordinates":[[5668909.684733439,6433668.888549503],[5668992.424400587,6433437.593689631]]}},{"type":"Feature","properties":{},"geometry":{"type":"LineString","coordinates":[[5668928.516104262,6433675.624978296],[5669011.171056822,6433444.566934083]]}},{"type":"Feature","properties":{},"geometry":{"type":"LineString","coordinates":[[5668732.523282211,6434171.024602696],[5668815.809456269,6433936.766534612]]}},{"type":"Feature","properties":{},"geometry":{"type":"LineString","coordinates":[[5668751.367717788,6434177.724397304],[5668834.591416635,6433943.6420525275]]}},{"type":"Feature","properties":{},"geometry":{"type":"LineString","coordinates":[[5668577.883912112,6433849.669058646],[5668815.809456269,6433936.766534612]]}},{"type":"Feature","properties":{},"geometry":{"type":"LineString","coordinates":[[5668584.759131118,6433830.887914815],[5668822.50954216,6433917.921279748]]}},{"type":"Feature","properties":{},"geometry":{"type":"LineString","coordinates":[[5668080.4040467525,6433652.084833301],[5668315.531115776,6433736.825220672]]}},{"type":"Feature","properties":{},"geometry":{"type":"LineString","coordinates":[[5668073.622953246,6433670.900166699],[5668308.852770281,6433755.677584713]]}},{"type":"Feature","properties":{},"geometry":{"type":"LineString","coordinates":[[5668225.510458526,6433990.94537704],[5668308.85277028,6433755.677584713]]}},{"type":"Feature","properties":{},"geometry":{"type":"LineString","coordinates":[[5668244.3625414735,6433997.62362296],[5668327.668384224,6433762.458779328]]}},{"type":"Feature","properties":{},"geometry":{"type":"LineString","coordinates":[[5671451.282472888,6431494.007378951],[5671572.766856963,6431540.984817629]]}},{"type":"Feature","properties":{},"geometry":{"type":"LineString","coordinates":[[5671444.069104603,6431512.661261067],[5671566.057919484,6431559.83376076]]}},{"type":"Feature","properties":{},"geometry":{"type":"LineString","coordinates":[[5671444.069104603,6431512.661261067],[5671566.057919484,6431559.83376076]]}},{"type":"Feature","properties":{},"geometry":{"type":"LineString","coordinates":[[5671721.3785723485,6431626.985669069],[5671957.801597679,6431718.060662162]]}},{"type":"Feature","properties":{},"geometry":{"type":"LineString","coordinates":[[5671728.567990752,6431608.322543312],[5671965.014171287,6431699.406456264]]}},{"type":"Feature","properties":{},"geometry":{"type":"LineString","coordinates":[[5671541.27310628,6432124.602208376],[5671772.786565534,6432213.398696109]]}},{"type":"Feature","properties":{},"geometry":{"type":"LineString","coordinates":[[5671534.11089372,6432143.275791623],[5671765.799034215,6432232.1392779695]]}},{"type":"Feature","properties":{},"geometry":{"type":"LineString","coordinates":[[5671698.0416190205,6432413.864887193],[5671765.799034214,6432232.1392779695]]}},{"type":"Feature","properties":{},"geometry":{"type":"LineString","coordinates":[[5671716.781380978,6432420.852112807],[5671784.473434467,6432239.30180389]]}},{"type":"Feature","properties":{},"geometry":{"type":"LineString","coordinates":[[5671181.0322214,6432222.789793423],[5671248.68347503,6432037.533582523]]}},{"type":"Feature","properties":{},"geometry":{"type":"LineString","coordinates":[[5671199.8187786,6432229.650206576],[5671267.444468753,6432044.463998702]]}},{"type":"Feature","properties":{},"geometry":{"type":"LineString","coordinates":[[5671001.570184033,6431924.927568261],[5671255.54393581,6432018.746894902]]}},{"type":"Feature","properties":{},"geometry":{"type":"LineString","coordinates":[[5670994.6398159675,6431943.68843174],[5671248.68347503,6432037.533582523]]}},{"type":"Feature","properties":{},"geometry":{"type":"LineString","coordinates":[[5670470.39984933,6431730.388948541],[5670719.210442321,6431821.718814362]]}},{"type":"Feature","properties":{},"geometry":{"type":"LineString","coordinates":[[5670463.50815067,6431749.164051458],[5670712.549350795,6431840.578565277]]}},{"type":"Feature","properties":{},"geometry":{"type":"LineString","coordinates":[[5670646.1123357685,6432028.683705436],[5670712.549350796,6431840.578565277]]}},{"type":"Feature","properties":{},"geometry":{"type":"LineString","coordinates":[[5670664.970664232,6432035.344294565],[5670731.325869888,6431847.470783766]]}},{"type":"Feature","properties":{},"geometry":{"type":"LineString","coordinates":[[5670460.338518595,6432540.843576728],[5670550.84560453,6432292.27797046]]}},{"type":"Feature","properties":{},"geometry":{"type":"LineString","coordinates":[[5670479.131481405,6432547.686423273],[5670569.63856734,6432299.120817005]]}},{"type":"Feature","properties":{},"geometry":{"type":"LineString","coordinates":[[5670813.79463409,6432397.876861827],[5670622.735891119,6432323.625715291]]}},{"type":"Feature","properties":{},"geometry":{"type":"LineString","coordinates":[[5670821.039365911,6432379.235138172],[5670629.98062294,6432304.983991636]]}},{"type":"Feature","properties":{},"geometry":{"type":"LineString","coordinates":[[5670832.841124868,6432387.22697158],[5671084.572770484,6432478.256566123]]}},{"type":"Feature","properties":{},"geometry":{"type":"LineString","coordinates":[[5670826.039875133,6432406.0350284185],[5671077.701040624,6432497.039136387]]}},{"type":"Feature","properties":{},"geometry":{"type":"LineString","coordinates":[[5670989.828280806,6432737.222659194],[5671077.701040624,6432497.039136387]]}},{"type":"Feature","properties":{},"geometry":{"type":"LineString","coordinates":[[5671008.610719194,6432744.094340806],[5671096.509229518,6432503.840433876]]}},{"type":"Feature","properties":{},"geometry":{"type":"LineString","coordinates":[[5670497.022516386,6430833.213627188],[5670587.152751814,6430593.655788141]]}},{"type":"Feature","properties":{},"geometry":{"type":"LineString","coordinates":[[5670352.040521301,6430483.822852111],[5670594.195497442,6430574.93682091]]}},{"type":"Feature","properties":{},"geometry":{"type":"LineString","coordinates":[[5670515.741483613,6430840.256372813],[5670605.871550958,6430600.698980516]]}},{"type":"Feature","properties":{},"geometry":{"type":"LineString","coordinates":[[5670344.99732893,6430502.54165125],[5670587.152751814,6430593.655788141]]}},{"type":"Feature","properties":{},"geometry":{"type":"LineString","coordinates":[[5670338.704821038,6430478.5923221],[5670087.47928857,6430388.554188685]]}},{"type":"Feature","properties":{},"geometry":{"type":"LineString","coordinates":[[5670331.957178962,6430497.4196779],[5670088.8344563125,6430410.285556128]]}},{"type":"Feature","properties":{},"geometry":{"type":"LineString","coordinates":[[5669986.64175112,6430642.587779595],[5670072.548324283,6430396.248654648]]}},{"type":"Feature","properties":{},"geometry":{"type":"LineString","coordinates":[[5670005.526366899,6430649.173467627],[5670088.834456312,6430410.285556127]]}},{"type":"Feature","properties":{},"geometry":{"type":"LineString","coordinates":[[5669341.07100261,6430129.585867076],[5669572.339333726,6430210.884012905]]}},{"type":"Feature","properties":{},"geometry":{"type":"LineString","coordinates":[[5669334.43825414,6430148.454005503],[5669565.6239753775,6430229.723111342]]}},{"type":"Feature","properties":{},"geometry":{"type":"LineString","coordinates":[[5669481.391785663,6430466.025990698],[5669565.6239753775,6430229.723111342]]}},{"type":"Feature","properties":{},"geometry":{"type":"LineString","coordinates":[[5669500.230703536,6430472.741284682],[5669584.492294648,6430236.3559233835]]}},{"type":"Feature","properties":{},"geometry":{"type":"LineString","coordinates":[[5670166.28071076,6430138.335275494],[5670248.72126596,6429901.362436635]]}},{"type":"Feature","properties":{},"geometry":{"type":"LineString","coordinates":[[5670185.17027022,6430144.906770255],[5670267.614228888,6429907.924148235]]}},{"type":"Feature","properties":{},"geometry":{"type":"LineString","coordinates":[[5670012.57185536,6429798.173519803],[5670255.292761603,6429882.472874641]]}},{"type":"Feature","properties":{},"geometry":{"type":"LineString","coordinates":[[5670006.010144641,6429817.066480197],[5670248.72126596,6429901.362436635]]}},{"type":"Feature","properties":{},"geometry":{"type":"LineString","coordinates":[[5670530.499101497,6429978.113010715],[5670783.541438494,6430067.931248647]]}},{"type":"Feature","properties":{},"geometry":{"type":"LineString","coordinates":[[5670523.808984695,6429996.960884259],[5670776.596843251,6430086.688794204]]}},{"type":"Feature","properties":{},"geometry":{"type":"LineString","coordinates":[[5670688.817223497,6430323.783996854],[5670776.59684325,6430086.688794203]]}},{"type":"Feature","properties":{},"geometry":{"type":"LineString","coordinates":[[5670707.573059574,6430330.727959197],[5670795.446434663,6430093.379520768]]}},{"type":"Feature","properties":{},"geometry":{"type":"LineString","coordinates":[[5671388.070296357,6430871.565036564],[5671637.710578583,6430966.096011625]]}},{"type":"Feature","properties":{},"geometry":{"type":"LineString","coordinates":[[5671380.987703641,6430890.268963435],[5671630.886212097,6430984.897720701]]}},{"type":"Feature","properties":{},"geometry":{"type":"LineString","coordinates":[[5671554.51195874,6431253.9343580995],[5671649.591921418,6430991.980988376]]}},{"type":"Feature","properties":{},"geometry":{"type":"LineString","coordinates":[[5671535.71204126,6431247.1106419],[5671630.886212097,6430984.897720702]]}},{"type":"Feature","properties":{},"geometry":{"type":"LineString","coordinates":[[5671010.348938963,6431037.525282208],[5671104.664485439,6430788.326911848]]}},{"type":"Feature","properties":{},"geometry":{"type":"LineString","coordinates":[[5671029.0540610375,6431044.604717791],[5671123.387954021,6430795.357872707]]}},{"type":"Feature","properties":{},"geometry":{"type":"LineString","coordinates":[[5670861.684202241,6430697.083942988],[5671104.664485439,6430788.326911848]]}},{"type":"Feature","properties":{},"geometry":{"type":"LineString","coordinates":[[5670868.7151394915,6430678.3605372785],[5671373.447696574,6430867.895656682]]}},{"type":"Feature","properties":{},"geometry":{"type":"LineString","coordinates":[[5671919.499988488,6431072.203759105],[5672167.481338902,6431164.676325122]]}},{"type":"Feature","properties":{},"geometry":{"type":"LineString","coordinates":[[5671912.512011512,6431090.943240895],[5672160.492636861,6431183.415536535]]}},{"type":"Feature","properties":{},"geometry":{"type":"LineString","coordinates":[[5672059.330851871,6431454.666487621],[5672160.492636861,6431183.415536534]]}},{"type":"Feature","properties":{},"geometry":{"type":"LineString","coordinates":[[5672078.07006327,6431461.655189658],[5672179.232118667,6431190.403513515]]}},{"type":"Feature","properties":{},"geometry":{"type":"LineString","coordinates":[[5673094.497361561,6431864.680135202],[5673205.474262312,6431576.402449124]]}},{"type":"Feature","properties":{},"geometry":{"type":"LineString","coordinates":[[5673075.832638439,6431857.494864799],[5673186.713142059,6431569.467583462]]}},{"type":"Feature","properties":{},"geometry":{"type":"LineString","coordinates":[[5672952.115620826,6431461.42828395],[5673193.899059061,6431550.801180708]]}},{"type":"Feature","properties":{},"geometry":{"type":"LineString","coordinates":[[5672945.181379174,6431480.18771605],[5673186.713142059,6431569.467583462]]}},{"type":"Feature","properties":{},"geometry":{"type":"LineString","coordinates":[[5672570.601971682,6431659.072092252],[5672677.57152944,6431378.860166625]]}},{"type":"Feature","properties":{},"geometry":{"type":"LineString","coordinates":[[5672589.286793783,6431666.204933412],[5672696.272409186,6431385.950944009]]}},{"type":"Feature","properties":{},"geometry":{"type":"LineString","coordinates":[[5672441.1256202925,6431289.20741618],[5672677.57152944,6431378.860166626]]}},{"type":"Feature","properties":{},"geometry":{"type":"LineString","coordinates":[[5672448.216379708,6431270.50658382],[5672684.704388675,6431360.1752971755]]}},{"type":"Feature","properties":{},"geometry":{"type":"LineString","coordinates":[[5672565.10341663,6431671.762162275],[5672477.56860149,6431890.235272817]]}},{"type":"Feature","properties":{},"geometry":{"type":"LineString","coordinates":[[5672583.668681788,6431679.200638569],[5672496.243877803,6431897.399178597]]}},{"type":"Feature","properties":{},"geometry":{"type":"LineString","coordinates":[[5672240.758863026,6431799.394172224],[5672477.56860149,6431890.235272817]]}},{"type":"Feature","properties":{},"geometry":{"type":"LineString","coordinates":[[5672233.595740592,6431818.067406465],[5672470.129311737,6431908.802568243]]}},{"type":"Feature","properties":{},"geometry":{"type":"LineString","coordinates":[[5672203.679176702,6432606.5487829],[5672273.4269033205,6432423.79638405]]}},{"type":"Feature","properties":{},"geometry":{"type":"LineString","coordinates":[[5672222.364582119,6432613.680095851],[5672292.152549603,6432430.822258226]]}},{"type":"Feature","properties":{},"geometry":{"type":"LineString","coordinates":[[5672036.94638116,6432313.7073259195],[5672280.558329807,6432405.110681149]]}},{"type":"Feature","properties":{},"geometry":{"type":"LineString","coordinates":[[5672029.920618839,6432332.432674081],[5672273.4269033205,6432423.79638405]]}},{"type":"Feature","properties":{},"geometry":{"type":"LineString","coordinates":[[5672199.874520088,6432621.990595963],[5672115.785107881,6432854.199492446]]}},{"type":"Feature","properties":{},"geometry":{"type":"LineString","coordinates":[[5672218.679479912,6432628.800404036],[5672134.4654599065,6432861.353399004]]}},{"type":"Feature","properties":{},"geometry":{"type":"LineString","coordinates":[[5671873.322354598,6432761.344931762],[5672115.785107881,6432854.199492446]]}},{"type":"Feature","properties":{},"geometry":{"type":"LineString","coordinates":[[5671866.169645401,6432780.022157229],[5672108.974159848,6432873.0076002125]]}},{"type":"Feature","properties":{},"geometry":{"type":"LineString","coordinates":[[5671370.617299939,6432581.743797531],[5671604.139600205,6432667.488688296]]}},{"type":"Feature","properties":{},"geometry":{"type":"LineString","coordinates":[[5671363.723700061,6432600.518202469],[5671597.318355433,6432686.289660634]]}},{"type":"Feature","properties":{},"geometry":{"type":"LineString","coordinates":[[5671510.288583642,6432926.164402942],[5671597.318355433,6432686.289660634]]}},{"type":"Feature","properties":{},"geometry":{"type":"LineString","coordinates":[[5671529.089416359,6432932.985597058],[5671616.092899796,6432693.1833117055]]}},{"type":"Feature","properties":{},"geometry":{"type":"LineString","coordinates":[[5671360.527792837,6433381.962698047],[5671437.504815595,6433175.8475002125]]}},{"type":"Feature","properties":{},"geometry":{"type":"LineString","coordinates":[[5671341.791777254,6433374.965432863],[5671418.759414635,6433168.875365503]]}},{"type":"Feature","properties":{},"geometry":{"type":"LineString","coordinates":[[5671190.373564219,6433062.59130795],[5671425.756686114,6433150.1393330665]]}},{"type":"Feature","properties":{},"geometry":{"type":"LineString","coordinates":[[5671183.401435781,6433081.336692049],[5671418.759414635,6433168.875365503]]}},{"type":"Feature","properties":{},"geometry":{"type":"LineString","coordinates":[[5670655.085442078,6432879.16492319],[5670906.619848406,6432965.351771899]]}},{"type":"Feature","properties":{},"geometry":{"type":"LineString","coordinates":[[5670648.602557921,6432898.08507681],[5670899.765348828,6432984.144593585]]}},{"type":"Feature","properties":{},"geometry":{"type":"LineString","coordinates":[[5670820.089901099,6433202.588911099],[5670899.765348829,6432984.144593585]]}},{"type":"Feature","properties":{},"geometry":{"type":"LineString","coordinates":[[5670838.8790989015,6433209.4420889],[5670918.6891515935,6432990.6287281]]}},{"type":"Feature","properties":{},"geometry":{"type":"LineString","coordinates":[[5670290.239551789,6433021.514178834],[5670369.289884265,6432797.849673319]]}},{"type":"Feature","properties":{},"geometry":{"type":"LineString","coordinates":[[5670309.09644821,6433028.178821166],[5670388.134962925,6432804.547752747]]}},{"type":"Feature","properties":{},"geometry":{"type":"LineString","coordinates":[[5670128.445534449,6432691.020975484],[5670375.954537074,6432778.992747253]]}},{"type":"Feature","properties":{},"geometry":{"type":"LineString","coordinates":[[5670121.747465551,6432709.8660245165],[5670369.289884265,6432797.849673318]]}},{"type":"Feature","properties":{},"geometry":{"type":"LineString","coordinates":[[5669145.6118346555,6432347.15673868],[5669369.457516519,6432426.942483362]]}},{"type":"Feature","properties":{},"geometry":{"type":"LineString","coordinates":[[5669138.896986474,6432365.99581546],[5669362.576080742,6432445.722183006]]}},{"type":"Feature","properties":{},"geometry":{"type":"LineString","coordinates":[[5668937.327274496,6432856.395709695],[5669172.3598132385,6432943.1757882945]]}},{"type":"Feature","properties":{},"geometry":{"type":"LineString","coordinates":[[5668944.254674206,6432837.633749956],[5669179.278642982,6432924.410664303]]}},{"type":"Feature","properties":{},"geometry":{"type":"LineString","coordinates":[[5669087.668423608,6433172.874232444],[5669172.3598132385,6432943.1757882945]]}},{"type":"Feature","properties":{},"geometry":{"type":"LineString","coordinates":[[5669106.433545642,6433179.793061466],[5669191.121774933,6432950.103188727]]}},{"type":"Feature","properties":{},"geometry":{"type":"LineString","coordinates":[[5669277.58497604,6432677.666136343],[5669362.576080742,6432445.722183006]]}},{"type":"Feature","properties":{},"geometry":{"type":"LineString","coordinates":[[5669296.363941509,6432684.547303097],[5669381.4158940455,6432452.437293708]]}},{"type":"Feature","properties":{},"geometry":{"type":"LineString","coordinates":[[5669770.389141105,6432855.770325955],[5669851.29712734,6432624.373389404]]}},{"type":"Feature","properties":{},"geometry":{"type":"LineString","coordinates":[[5669789.268366426,6432862.371450953],[5669870.1419501165,6432631.07290572]]}},{"type":"Feature","properties":{},"geometry":{"type":"LineString","coordinates":[[5669624.074175516,6432522.3671605205],[5669857.898341985,6432605.493907695]]}},{"type":"Feature","properties":{},"geometry":{"type":"LineString","coordinates":[[5669617.37475018,6432541.211727382],[5669851.297127341,6432624.373389404]]}},{"type":"Feature","properties":{},"geometry":{"type":"LineString","coordinates":[[5669446.356737595,6433022.822421006],[5669680.327485185,6433108.634591637]]}},{"type":"Feature","properties":{},"geometry":{"type":"LineString","coordinates":[[5669439.470024884,6433041.599353344],[5669673.616610931,6433127.476015285]]}},{"type":"Feature","properties":{},"geometry":{"type":"LineString","coordinates":[[5669588.223201227,6433367.226209992],[5669673.61661093,6433127.476015285]]}},{"type":"Feature","properties":{},"geometry":{"type":"LineString","coordinates":[[5669607.063798773,6433373.936790007],[5669692.39436658,6433134.363029958]]}},{"type":"Feature","properties":{},"geometry":{"type":"LineString","coordinates":[[5669584.227996073,6433380.084361921],[5669503.755204399,6433607.320573732]]}},{"type":"Feature","properties":{},"geometry":{"type":"LineString","coordinates":[[5669603.080715497,6433386.760810849],[5669522.504342831,6433614.289510988]]}},{"type":"Feature","properties":{},"geometry":{"type":"LineString","coordinates":[[5669264.223587065,6433539.625053739],[5669497.077952021,6433626.175561909]]}},{"type":"Feature","properties":{},"geometry":{"type":"LineString","coordinates":[[5669271.191685774,6433520.878171321],[5669503.755204398,6433607.320573731]]}},{"type":"Feature","properties":{},"geometry":{"type":"LineString","coordinates":[[5669761.813875531,6433728.041432449],[5670005.090224272,6433817.068742284]]}},{"type":"Feature","properties":{},"geometry":{"type":"LineString","coordinates":[[5669768.687124469,6433709.25956755],[5670011.793643026,6433798.224727799]]}},{"type":"Feature","properties":{},"geometry":{"type":"LineString","coordinates":[[5670089.878877916,6433578.718927636],[5670011.793643026,6433798.224727799]]}},{"type":"Feature","properties":{},"geometry":{"type":"LineString","coordinates":[[5670108.722122083,6433585.422072363],[5670030.576275729,6433805.098257716]]}},{"type":"Feature","properties":{},"geometry":{"type":"LineString","coordinates":[[5670095.620589149,6433565.461024677],[5670186.807540984,6433309.4178446205]]}},{"type":"Feature","properties":{},"geometry":{"type":"LineString","coordinates":[[5670114.461410849,6433572.170975322],[5670205.573171026,6433316.338925374]]}},{"type":"Feature","properties":{},"geometry":{"type":"LineString","coordinates":[[5669948.299823119,6433200.135274043],[5670193.517912913,6433290.575839996]]}},{"type":"Feature","properties":{},"geometry":{"type":"LineString","coordinates":[[5669941.37917688,6433218.899725957],[5670186.807540984,6433309.417844621]]}},{"type":"Feature","properties":{},"geometry":{"type":"LineString","coordinates":[[5670614.675092054,6433773.702405435],[5670714.356123255,6433504.536446423]]}},{"type":"Feature","properties":{},"geometry":{"type":"LineString","coordinates":[[5670633.430295668,6433780.648075844],[5670733.187977265,6433511.275139866]]}},{"type":"Feature","properties":{},"geometry":{"type":"LineString","coordinates":[[5670467.978632279,6433395.132096825],[5670721.302216595,6433485.780100774]]}},{"type":"Feature","properties":{},"geometry":{"type":"LineString","coordinates":[[5670461.24034914,6433413.962804204],[5670714.356123254,6433504.536446422]]}},{"type":"Feature","properties":{},"geometry":{"type":"LineString","coordinates":[[5671002.766615844,6433606.988189517],[5671232.550539627,6433687.474396834]]}},{"type":"Feature","properties":{},"geometry":{"type":"LineString","coordinates":[[5671009.378149181,6433588.112606693],[5671239.741356896,6433668.80171927]]}},{"type":"Feature","properties":{},"geometry":{"type":"LineString","coordinates":[[5671125.674605978,6433965.003330476],[5671232.550539627,6433687.474396834]]}},{"type":"Feature","properties":{},"geometry":{"type":"LineString","coordinates":[[5671144.338496308,6433972.190763795],[5671251.435009352,6433694.089042978]]}}]}