source_row_number,legajo_canonico,row_kind,raw_ubicacion,raw_concesion,raw_manzana,raw_parcela,source_component_profile,source_component_count,source_ncp_derived,source_ncp_derivation_status,match_method,match_count,confidence,reason,parcela_id,ncp,ncp_formatted,ncp_format_status,sec,gru,nmanz,nparc,lon,lat,auto_lon,auto_lat,geolocation_source,admin_override_reason,admin_override_updated_at,postal_address_available,cadastral_reference_available,dual_verification_ready,address_query,address_geocode_status,address_match_name,address_lon,address_lat,address_vs_auto_cadastral_distance_m,address_vs_cadastral_distance_m,auto_location_verification_status,location_verification_status
2,1,detail,Avda. Urquiza Nº 321,,143,9,manz+parc,2,0100010000000143--009--,derived_from_source_manz_parc,manz_parc,1,medium,unique_match_by_manz_parc,29153,0100010000000143--009--,0100010000000143--009--,matches_source_ncp,0,0,143,9,-58.13887103,-32.22227148,-58.13887103,-32.22227148,automatic,,,yes,yes,yes,"Urquiza 321, Colón",matched_ign,"GRL URQUIZA 321, Colón, Entre Ríos",-58.13864305,-32.22242533,27.43,27.43,verified_close,verified_close
3,2,detail,Mitre N° 972,,447,20,manz+parc,2,0100010000000447--020--,derived_from_source_manz_parc,manz_parc,1,medium,unique_match_by_manz_parc,36959,0100010000000447--020--,0100010000000447--020--,matches_source_ncp,0,0,447,20,-58.14569865,-32.23366590,-58.14569865,-32.23366590,automatic,,,yes,yes,yes,"Mitre 972, Colón",matched_ign,"GRL MITRE 972, Colón, Entre Ríos",-58.14589437,-32.23346382,29.05,29.05,verified_close,verified_close
4,3,detail,Avda. Paysandu Nº 1098 y Conte Grand N° 441,101,408,10,gru+manz+parc,3,0100011010480408--010--,derived_from_source_manz_parc,manz_parc,1,medium,unique_match_by_manz_parc,33915,0100011010480408--010--,0100011010480408--010--,matches_source_ncp,101,48,408,10,-58.15821918,-32.22465777,-58.15821918,-32.22465777,automatic,,,yes,yes,no,"Avenida Paysandu 1098 y Conte Grand 441, Colón",no_ign_match,,,,,,missing_address_point,missing_address_point
5,4,detail,Frondizi N° 269,4,241,2,gru+manz+parc,3,0100011020040241--002--,derived_from_source_gru_manz_parc,gru_manz_parc,1,high,unique_match_by_gru_manz_parc,25143,0100011020040241--002--,0100011020040241--002--,matches_source_ncp,102,4,241,2,-58.15477737,-32.23913064,-58.15477737,-32.23913064,automatic,,,yes,yes,no,"Frondizi 269, Colón",no_ign_match,,,,,,missing_address_point,missing_address_point
6,5,detail,Alberdi N° 231,,177,8,manz+parc,2,0100010000000177--008--,derived_from_source_manz_parc,manz_parc,1,medium,unique_match_by_manz_parc,31007,0100010000000177--008--,0100010000000177--008--,matches_source_ncp,0,0,177,8,-58.14139856,-32.21695631,-58.14139856,-32.21695631,automatic,,,yes,yes,yes,"Alberdi 231, Colón",matched_ign,"ALBERDI 231, Colón, Entre Ríos",-58.14120173,-32.21722724,35.36,35.36,verified_close,verified_close
7,8,detail,Sourigues Nº 38,,101,3,manz+parc,2,0100010000000101--003--,derived_from_source_manz_parc,manz_parc,1,medium,unique_match_by_manz_parc,28842,0100010000000101--003--,0100010000000101--003--,matches_source_ncp,0,0,101,3,-58.14203836,-32.22304631,-58.14203836,-32.22304631,automatic,,,yes,yes,yes,"Sourigues 38, Colón",matched_ign,"SOURIGUES 38, Colón, Entre Ríos",-58.14188421,-32.22296721,16.96,16.96,verified_close,verified_close
8,7,detail,M. M. Lima Nº,63,436,15,gru+manz+parc,3,0100011010630436--015--,derived_from_source_gru_manz_parc,gru_manz_parc,1,high,unique_match_by_gru_manz_parc,34513,0100011010630436--015--,0100011010630436--015--,matches_source_ncp,101,63,436,15,-58.15764172,-32.22295990,-58.15764172,-32.22295990,automatic,,,yes,yes,no,"M. M. Lima, Colón",no_ign_match,,,,,,missing_address_point,missing_address_point
9,6,detail,Faustino Dominchin s/N°,327,11,9,gru+manz+parc,3,0100010123270011--009--,derived_from_source_gru_manz_parc,gru_manz_parc,1,high,unique_match_by_gru_manz_parc,36224,0100010123270011--009--,0100010123270011--009--,matches_source_ncp,12,327,11,9,-58.16179063,-32.22739336,-58.16179063,-32.22739336,automatic,,,yes,yes,no,"Faustino Dominchin °, Colón",no_ign_match,,,,,,missing_address_point,missing_address_point
10,9,detail,Esteva Berga Nº 526,,726,15,manz+parc,2,0100010000000726--015--,derived_from_source_manz_parc,manz_parc,1,medium,unique_match_by_manz_parc,26754,0100010000000726--015--,0100010000000726--015--,matches_source_ncp,0,0,726,15,-58.13138086,-32.22873569,-58.13138086,-32.22873569,automatic,,,yes,yes,yes,"Berga 526, Colón",matched_ign,"DR E BERGA 526, Colón, Entre Ríos",-58.13156654,-32.22891342,26.37,26.37,verified_close,verified_close
11,10,detail,Madres y Abuelas de Plaza de Mayo s/N°,341,1,1,gru+manz+parc,3,0100010063410001--001--,derived_from_source_gru_manz_parc,gru_manz_parc,1,high,unique_match_by_gru_manz_parc,36426,0100010063410001--001--,0100010063410001--001--,matches_source_ncp,6,341,1,1,-58.16021766,-32.21592930,-58.16021766,-32.21592930,automatic,,,yes,yes,no,"Madres y Abuelas de Plaza de Mayo °, Colón",no_ign_match,,,,,,missing_address_point,missing_address_point
12,52,detail,Alberdi N° 779,,16,22,manz+parc,2,,no_unique_parcel_inference,none,0,low,no_cadastral_match,,,,missing_components,,,,,,,,,automatic,,,yes,yes,no,"Alberdi 779, Colón",matched_ign,"ALBERDI 779, Colón, Entre Ríos",-58.15004103,-32.22360286,,,missing_cadastral_point,missing_cadastral_point
13,47,detail,Araujo Penòn N° 220,,322,15,manz+parc,2,0100010000000322--015--,derived_from_source_manz_parc,manz_parc,1,medium,unique_match_by_manz_parc,35836,0100010000000322--015--,0100010000000322--015--,matches_source_ncp,0,0,322,15,-58.15709089,-32.22936700,-58.15709089,-32.22936700,automatic,,,yes,yes,yes,"Araujo Penòn 220, Colón",matched_ign,"ARAUJO PENON 220, Colón, Entre Ríos",-58.15684636,-32.22923899,27.05,27.05,verified_close,verified_close
14,16,detail,Callixta Benegas esq Avda Juan Antonio Fernandez,111,6,5,gru+manz+parc,3,0100010151110006--005--,derived_from_source_gru_manz_parc,gru_manz_parc,1,high,unique_match_by_gru_manz_parc,36793,0100010151110006--005--,0100010151110006--005--,matches_source_ncp,15,111,6,5,-58.20821758,-32.26858847,-58.20821758,-32.26858847,automatic,,,yes,yes,no,"Callixta Benegas esq Avenida Juan Antonio Fernandez, Colón",no_ign_match,,,,,,missing_address_point,missing_address_point
15,12,detail,J. G. Artigas N° 128,,113,9,manz+parc,2,0100010000000113--009--,derived_from_source_manz_parc,manz_parc,1,medium,unique_match_by_manz_parc,28304,0100010000000113--009--,0100010000000113--009--,matches_source_ncp,0,0,113,9,-58.13968914,-32.22474725,-58.13968914,-32.22474725,automatic,,,yes,yes,yes,"Artigas 128, Colón",matched_ign,"JOSE G ARTIGAS 128, Colón, Entre Ríos",-58.13992854,-32.22494944,31.82,31.82,verified_close,verified_close
16,11,detail,San Martín Esq Sourigues N° 64,,100,6,manz+parc,2,0100010000000100--006--,derived_from_source_manz_parc,manz_parc,1,medium,unique_match_by_manz_parc,29011,0100010000000100--006--,0100010000000100--006--,matches_source_ncp,0,0,100,6,-58.14237610,-32.22271636,-58.14237610,-32.22271636,automatic,,,yes,yes,yes,"San Martín 64, Colón",matched_ign,"AV SAN MARTIN 64, Colón, Entre Ríos",-58.13547867,-32.21809279,827.84,827.84,review_large_gap,review_large_gap
17,13,detail,Calle Pública s/Nº,227,6,2,gru+manz+parc,3,0100010112270006--002--,derived_from_source_gru_manz_parc,gru_manz_parc,1,high,unique_match_by_gru_manz_parc,37107,0100010112270006--002--,0100010112270006--002--,matches_source_ncp,11,227,6,2,-58.19153194,-32.23978847,-58.19153194,-32.23978847,automatic,,,yes,yes,no,"Calle Pública º, Colón",no_ign_match,,,,,,missing_address_point,missing_address_point
18,14,detail,Noailles N° 1369,,262,6,manz+parc,2,0100010000000262--006--,derived_from_source_manz_parc,manz_parc,1,medium,unique_match_by_manz_parc,32117,0100010000000262--006--,0100010000000262--006--,matches_source_ncp,0,0,262,6,-58.15511583,-32.23611631,-58.15511583,-32.23611631,automatic,,,yes,yes,yes,"Noailles 1369, Colón",matched_ign,"GRL NOAILLES 1369, Colón, Entre Ríos",-58.15491800,-32.23625379,24.08,24.08,verified_close,verified_close
19,18,detail,Cabo Pereyra N° 324,327,1,3,gru+manz+parc,3,0100010123270001--003--,derived_from_source_gru_manz_parc,gru_manz_parc,1,high,unique_match_by_gru_manz_parc,33272,0100010123270001--003--,0100010123270001--003--,matches_source_ncp,12,327,1,3,-58.16032537,-32.22901705,-58.16032537,-32.22901705,automatic,,,yes,yes,yes,"Cabo Pereyra 324, Colón",matched_ign,"CABO 1RO C PEREYRA 324, Colón, Entre Ríos",-58.15997632,-32.22884762,37.85,37.85,verified_close,verified_close
20,24,detail,Bvard Güemes N° 10,,83,10,manz+parc,2,0100010000000083--010--,derived_from_source_manz_parc,manz_parc,1,medium,unique_match_by_manz_parc,26951,0100010000000083--010--,0100010000000083--010--,matches_source_ncp,0,0,83,10,-58.13864493,-32.22843952,-58.13864493,-32.22843952,automatic,,,yes,yes,no,"Boulevard Güemes 10, Colón",no_ign_match,,,,,,missing_address_point,missing_address_point
21,24,detail_continuation,Mitre N° 542,,,11,parc,1,,no_unique_parcel_inference,none,0,low,no_cadastral_match,,,,missing_components,,,,,,,,,automatic,,,yes,yes,no,"Mitre 542, Colón",matched_ign,"GRL MITRE 542, Colón, Entre Ríos",-58.13875928,-32.22833259,,,missing_cadastral_point,missing_cadastral_point
22,15,detail,Padre Duce N° 84,,298,3,manz+parc,2,0100010000000298--003--,derived_from_source_manz_parc,manz_parc,1,medium,unique_match_by_manz_parc,25752,0100010000000298--003--,0100010000000298--003--,matches_source_ncp,0,0,298,3,-58.15595207,-32.23195499,-58.15595207,-32.23195499,automatic,,,yes,yes,no,"Padre Duce 84, Colón",no_ign_match,,,,,,missing_address_point,missing_address_point
23,17,detail,Algarrobo s/N° entre Avda. Paysadnú y Los Ceibos,310,1,18,gru+manz+parc,3,0100010113100001--018--,derived_from_source_gru_manz_parc,gru_manz_parc,1,high,unique_match_by_gru_manz_parc,36724,0100010113100001--018--,0100010113100001--018--,matches_source_ncp,11,310,1,18,-58.17142662,-32.23076314,-58.17142662,-32.23076314,automatic,,,yes,yes,no,"Algarrobo ° entre Avenida Paysadnú y Los Ceibos, Colón",no_ign_match,,,,,,missing_address_point,missing_address_point
24,21,detail,Timbo s/N°,310,4,7,gru+manz+parc,3,0100010113100004--007--,derived_from_source_gru_manz_parc,gru_manz_parc,1,high,unique_match_by_gru_manz_parc,33324,0100010113100004--007--,0100010113100004--007--,matches_source_ncp,11,310,4,7,-58.16919167,-32.23226805,-58.16919167,-32.23226805,automatic,,,yes,yes,no,"Timbo °, Colón",no_ign_match,,,,,,missing_address_point,missing_address_point
25,19,detail,Lavalle N° 318,,176,2,manz+parc,2,0100010000000176--002--,derived_from_source_manz_parc,manz_parc,1,medium,unique_match_by_manz_parc,30917,0100010000000176--002--,0100010000000176--002--,matches_source_ncp,0,0,176,2,-58.14057919,-32.21729791,-58.14057919,-32.21729791,automatic,,,yes,yes,yes,"Lavalle 318, Colón",matched_ign,"LAVALLE 318, Colón, Entre Ríos",-58.14162624,-32.21587735,186.15,186.15,review_medium_gap,review_medium_gap
26,20,detail,Calle Pública s/N° (prolongación Calle Alberdi),327,2,17,gru+manz+parc,3,0100010123270002--017--,derived_from_source_gru_manz_parc,gru_manz_parc,1,high,unique_match_by_gru_manz_parc,34224,0100010123270002--017--,0100010123270002--017--,matches_source_ncp,12,327,2,17,-58.16019520,-32.23007342,-58.16019520,-32.23007342,automatic,,,yes,yes,no,"Calle Pública ° prolongación Calle Alberdi, Colón",no_ign_match,,,,,,missing_address_point,missing_address_point
27,31,detail,M. Lima N° 851 esq Bvard Sanguinetti N°,,517,12,manz+parc,2,0100010000000517--012--,derived_from_source_manz_parc,manz_parc,1,medium,unique_match_by_manz_parc,35035,0100010000000517--012--,0100010000000517--012--,matches_source_ncp,0,0,517,12,-58.15521743,-32.22071090,-58.15521743,-32.22071090,automatic,,,yes,yes,yes,"Lima 851, Colón",matched_ign,"MARINO LIMA 851, Colón, Entre Ríos",-58.15487677,-32.22077196,32.76,32.76,verified_close,verified_close
28,30,detail,Bvard Sanguinetti N° 512,,517,16,manz+parc,2,0100010000000517--016--,derived_from_source_manz_parc,manz_parc,1,medium,unique_match_by_manz_parc,35045,0100010000000517--016--,0100010000000517--016--,matches_source_ncp,0,0,517,16,-58.15537857,-32.22066971,-58.15537857,-32.22066971,automatic,,,yes,yes,yes,"Sanguinetti 512, Colón",matched_ign,"INT SANGUINETTI 512, Colón, Entre Ríos",-58.15505782,-32.22059279,31.36,31.36,verified_close,verified_close
29,23,detail,Los Jacarandaes s/N° - Los Bretes,3,4,30,gru+manz+parc,3,0100010170030004--030--,derived_from_source_gru_manz_parc,gru_manz_parc,1,high,unique_match_by_gru_manz_parc,36187,0100010170030004--030--,0100010170030004--030--,matches_source_ncp,17,3,4,30,-58.13255361,-32.24444272,-58.13255361,-32.24444272,automatic,,,yes,yes,no,"Los Jacarandaes °, Colón",no_ign_match,,,,,,missing_address_point,missing_address_point
30,22,detail,Leguizamón N° 254 Esq Tucumán,,30,17,manz+parc,2,0100010000000030--017--,derived_from_source_manz_parc,manz_parc,1,medium,unique_match_by_manz_parc,26415,0100010000000030--017--,0100010000000030--017--,matches_source_ncp,0,0,30,17,-58.14248486,-32.23000661,-58.14248486,-32.23000661,automatic,,,yes,yes,yes,"Leguizamón 254, Colón",matched_ign,"MARTINIANO LEGUIZAMON 254, Colón, Entre Ríos",-58.14272291,-32.23006871,23.43,23.43,verified_close,verified_close
31,25,detail,Alejo Peyret Nº 546 y Combatientes de Malvinas,,818,10,manz+parc,2,0100010000000818--010--,derived_from_source_manz_parc,manz_parc,1,medium,unique_match_by_manz_parc,32699,0100010000000818--010--,0100010000000818--010--,matches_source_ncp,0,0,818,10,-58.14260875,-32.21079633,-58.14260875,-32.21079633,automatic,,,yes,yes,yes,"Malvinas 546, Colón",matched_ign,"COMBATIENTES DE MALVINAS 546, Colón, Entre Ríos",-58.15065149,-32.21644288,983.23,983.23,review_large_gap,review_large_gap
32,26,detail,Bvard Gaillard esq F. Dominchin,127,10,18,gru+manz+parc,3,,ambiguous_source_components,manz_parc,2,low,ambiguous_match_by_manz_parc,35767,0100010123270010--018--,0100010123270010--018--,matches_source_ncp,12,327,10,18,-58.16154292,-32.22911626,-58.16154292,-32.22911626,automatic,,,yes,yes,no,"Boulevard Gaillard esq F. Dominchin, Colón",no_ign_match,,,,,,missing_address_point,missing_address_point
33,35,detail,Avda. Pte. Perón N° 52 esq San Martín,,76,15,manz+parc,2,0100010000000076--015--,derived_from_source_manz_parc,manz_parc,1,medium,unique_match_by_manz_parc,36406,0100010000000076--015--,0100010000000076--015--,matches_source_ncp,0,0,76,15,-58.14383059,-32.22377114,-58.14383059,-32.22377114,automatic,,,yes,yes,yes,"Avenida Presidente Perón 52, Colón",matched_ign,"AV PRES PERON 52, Colón, Entre Ríos",-58.14355017,-32.22387882,28.97,28.97,verified_close,verified_close
34,28,detail,Hornero s/N°,307,,3,gru+parc,2,0100010163070000--003--,derived_from_source_gru_parc,gru_parc,1,medium,unique_match_by_gru_parc,25087,0100010163070000--003--,0100010163070000--003--,matches_source_ncp,16,307,0,3,-58.16415032,-32.24313138,-58.16415032,-32.24313138,automatic,,,yes,yes,no,"Hornero °, Colón",no_ign_match,,,,,,missing_address_point,missing_address_point
35,37,detail,Emilio Gouchón N° 513,,91,7,manz+parc,2,0100010000000091--007--,derived_from_source_manz_parc,manz_parc,1,medium,unique_match_by_manz_parc,29308,0100010000000091--007--,0100010000000091--007--,matches_source_ncp,0,0,91,7,-58.14484393,-32.22198949,-58.14484393,-32.22198949,automatic,,,yes,yes,no,"Emilio Gouchón 513, Colón",no_ign_match,,,,,,missing_address_point,missing_address_point
36,37,detail_unassigned,Calle Pública s/N°,227,4,3,gru+manz+parc,3,0100010112270004--003--,derived_from_source_gru_manz_parc,gru_manz_parc,1,high,unique_match_by_gru_manz_parc,33592,0100010112270004--003--,0100010112270004--003--,matches_source_ncp,11,227,4,3,-58.18930072,-32.23947285,-58.18930072,-32.23947285,automatic,,,yes,yes,no,"Calle Pública °, Colón",no_ign_match,,,,,,missing_address_point,missing_address_point
37,29,detail,Rocamora s/N°,34,352,16,gru+manz+parc,3,0100011010340352--016--,derived_from_source_gru_manz_parc,gru_manz_parc,1,high,unique_match_by_gru_manz_parc,37055,0100011010340352--016--,0100011010340352--016--,matches_source_ncp,101,34,352,16,-58.15928892,-32.22610565,-58.15928892,-32.22610565,automatic,,,yes,yes,no,"Rocamora °, Colón",no_ign_match,,,,,,missing_address_point,missing_address_point
38,36,detail,Tucumàn Nº 1190,27,338,17,gru+manz+parc,3,0100011020270338--017--,derived_from_source_gru_manz_parc,gru_manz_parc,1,high,unique_match_by_gru_manz_parc,36850,0100011020270338--017--,0100011020270338--017--,matches_source_ncp,102,27,338,17,-58.15023932,-32.23553354,-58.15023932,-32.23553354,automatic,,,yes,yes,yes,"Tucumàn 1190, Colón",matched_ign,"TUCUMAN 1190, Colón, Entre Ríos",-58.15039097,-32.23548842,15.12,15.12,verified_close,verified_close
39,33,detail,Salsipuedes N° 191,,11,1,manz+parc,2,,ambiguous_source_components,manz_parc,6,low,ambiguous_match_by_manz_parc,28322,0100010000000011--001--,0100010000000011--001--,matches_source_ncp,0,0,11,1,-58.14976602,-32.22480161,-58.14976602,-32.22480161,automatic,,,yes,yes,no,"Salsipuedes 191, Colón",no_ign_match,,,,,,missing_address_point,missing_address_point
40,32,detail,Bernardino Horne s/Nº,331,,5,gru+parc,2,,ambiguous_source_components,gru_parc,5,low,ambiguous_match_by_gru_parc,31820,0100010063310000--005--,0100010063310000--005--,matches_source_ncp,6,331,0,5,-58.17275040,-32.21231981,-58.17275040,-32.21231981,automatic,,,yes,yes,no,"Bernardino Horne º, Colón",no_ign_match,,,,,,missing_address_point,missing_address_point
41,34,detail,Combatientes de Malvinas N° 269,,734,7,manz+parc,2,0100010000000734--007--,derived_from_source_manz_parc,manz_parc,1,medium,unique_match_by_manz_parc,31635,0100010000000734--007--,0100010000000734--007--,matches_source_ncp,0,0,734,7,-58.14646770,-32.21310319,-58.14646770,-32.21310319,automatic,,,yes,yes,yes,"Combatientes de Malvinas 269, Colón",matched_ign,"COMBATIENTES DE MALVINAS 269, Colón, Entre Ríos",-58.14623352,-32.21326713,28.59,28.59,verified_close,verified_close
42,38,detail,Calle Privada s/Nº - Los Bretes,3,4,5,gru+manz+parc,3,0100010170030004--005--,derived_from_source_gru_manz_parc,gru_manz_parc,1,high,unique_match_by_gru_manz_parc,33205,0100010170030004--005--,0100010170030004--005--,matches_source_ncp,17,3,4,5,-58.13237762,-32.24396092,-58.13237762,-32.24396092,automatic,,,yes,yes,no,"Calle Privada º, Colón",no_ign_match,,,,,,missing_address_point,missing_address_point
43,40,detail,Combatientes de Malvinas N° 983,64,0,1,gru+manz+parc,3,0100011010640000--001--,derived_from_source_gru_manz_parc,gru_manz_parc,1,high,unique_match_by_gru_manz_parc,30188,0100011010640000--001--,0100011010640000--001--,matches_source_ncp,101,64,0,1,-58.15807681,-32.22109466,-58.15807681,-32.22109466,automatic,,,yes,yes,yes,"Combatientes de Malvinas 983, Colón",matched_ign,"COMBATIENTES DE MALVINAS 983, Colón, Entre Ríos",-58.15787931,-32.22168280,67.99,67.99,verified_nearby,verified_nearby
44,41,detail,Sauce s/N° - Loteo Urugua-I,367,1,13,gru+manz+parc,3,0100010063670001--013--,derived_from_source_gru_manz_parc,gru_manz_parc,1,high,unique_match_by_gru_manz_parc,37254,0100010063670001--013--,0100010063670001--013--,matches_source_ncp,6,367,1,13,-58.15718023,-32.20507037,-58.15718023,-32.20507037,automatic,,,yes,yes,no,"Sauce °, Colón",no_ign_match,,,,,,missing_address_point,missing_address_point
45,45,detail,Reibel s/N°,,59,17,manz+parc,2,0100010000000059--017--,derived_from_source_manz_parc,manz_parc,1,medium,unique_match_by_manz_parc,27202,0100010000000059--017--,0100010000000059--017--,matches_source_ncp,0,0,59,17,-58.14142030,-32.22797780,-58.14142030,-32.22797780,automatic,,,yes,yes,no,"Reibel °, Colón",no_ign_match,,,,,,missing_address_point,missing_address_point
46,43,detail,Calle Privada s/Nº - Los Bretes,3,2,2,gru+manz+parc,3,0100010170030002--002--,derived_from_source_gru_manz_parc,gru_manz_parc,1,high,unique_match_by_gru_manz_parc,33188,0100010170030002--002--,0100010170030002--002--,matches_source_ncp,17,3,2,2,-58.13483185,-32.24398946,-58.13483185,-32.24398946,automatic,,,yes,yes,no,"Calle Privada º, Colón",no_ign_match,,,,,,missing_address_point,missing_address_point
47,44,detail,Calle Juan Carlos Pozzi s/Nª,111,2,1,gru+manz+parc,3,0100010151110002--001--,derived_from_source_gru_manz_parc,gru_manz_parc,1,high,unique_match_by_gru_manz_parc,35064,0100010151110002--001--,0100010151110002--001--,matches_source_ncp,15,111,2,1,-58.20897780,-32.26825048,-58.20897780,-32.26825048,automatic,,,yes,yes,no,"Calle Juan Carlos Pozzi ª, Colón",no_ign_match,,,,,,missing_address_point,missing_address_point
48,56,detail,Tratado del Pilar N° 122,156,802,3,gru+manz+parc,3,0100010000000802--003--,derived_from_source_manz_parc,manz_parc,1,medium,unique_match_by_manz_parc,31780,0100010000000802--003--,0100010000000802--003--,matches_source_ncp,0,0,802,3,-58.14424663,-32.21156458,-58.14424663,-32.21156458,automatic,,,yes,yes,yes,"Tratado del Pilar 122, Colón",matched_ign,"TRATADO DEL PILAR 122, Colón, Entre Ríos",-58.14446202,-32.21074487,93.37,93.37,verified_nearby,verified_nearby
49,46,detail,Madre Isabel Fernandez N° esq. Noailles N°,,294,19,manz+parc,2,0100010000000294--019--,derived_from_source_manz_parc,manz_parc,1,medium,unique_match_by_manz_parc,36653,0100010000000294--019--,0100010000000294--019--,matches_source_ncp,0,0,294,19,-58.15375835,-32.23516700,-58.15375835,-32.23516700,automatic,,,yes,yes,no,"Madre Isabel Fernandez esq. Noailles, Colón",no_ign_match,,,,,,missing_address_point,missing_address_point
50,42,detail,Bvard. González N° 584,81,523,9,gru+manz+parc,3,0100011020810523--009--,derived_from_source_gru_manz_parc,gru_manz_parc,1,high,unique_match_by_gru_manz_parc,37083,0100011020810523--009--,0100011020810523--009--,matches_source_ncp,102,81,523,9,-58.13947159,-32.23575948,-58.13947159,-32.23575948,automatic,,,yes,yes,no,"Boulevard González 584, Colón",no_ign_match,,,,,,missing_address_point,missing_address_point
51,48,detail,Karai Yamandú s/Nº,310,1,8,gru+manz+parc,3,0100010113100001--008--,derived_from_source_gru_manz_parc,gru_manz_parc,1,high,unique_match_by_gru_manz_parc,34748,0100010113100001--008--,0100010113100001--008--,matches_source_ncp,11,310,1,8,-58.17034007,-32.22900824,-58.17034007,-32.22900824,automatic,,,yes,yes,no,"Karai Yamandú º, Colón",no_ign_match,,,,,,missing_address_point,missing_address_point
52,49,detail,9 de Mayo N° 328,8,258,8,gru+manz+parc,3,0100011020080258--008--,derived_from_source_gru_manz_parc,gru_manz_parc,1,high,unique_match_by_gru_manz_parc,34137,0100011020080258--008--,0100011020080258--008--,matches_source_ncp,102,8,258,8,-58.15273795,-32.23895671,-58.15273795,-32.23895671,automatic,,,yes,yes,yes,"Mayo 328, Colón",matched_ign,"25 DE MAYO 328, Colón, Entre Ríos",-58.13622787,-32.22719309,2030.40,2030.40,review_large_gap,review_large_gap
53,49,detail_continuation,9 de Mayo N° 332,16,,16,gru+parc,2,,ambiguous_source_components,gru_parc,2,low,ambiguous_match_by_gru_parc,32870,0100011020160272--016--,0100011020160272--016--,matches_source_ncp,102,16,272,16,-58.15171520,-32.23852878,-58.15171520,-32.23852878,automatic,,,yes,yes,no,"Mayo 332, Colón",matched_ign,"25 DE MAYO 332, Colón, Entre Ríos",-58.13617008,-32.22725310,1926.11,1926.11,review_large_gap,review_large_gap
54,54,detail,Calle Privada s/Nº - Los Bretes,3,2,2,gru+manz+parc,3,0100010170030002--002--,derived_from_source_gru_manz_parc,gru_manz_parc,1,high,unique_match_by_gru_manz_parc,33188,0100010170030002--002--,0100010170030002--002--,matches_source_ncp,17,3,2,2,-58.13483185,-32.24398946,-58.13483185,-32.24398946,automatic,,,yes,yes,no,"Calle Privada º, Colón",no_ign_match,,,,,,missing_address_point,missing_address_point
55,55,detail,"Avda. Urquiza N°170, 172 y 174",,187,11,manz+parc,2,0100010000000187--011--,derived_from_source_manz_parc,manz_parc,1,medium,unique_match_by_manz_parc,29734,0100010000000187--011--,0100010000000187--011--,matches_source_ncp,0,0,187,11,-58.13603380,-32.22072157,-58.13603380,-32.22072157,automatic,,,yes,yes,yes,"Urquiza 170, Colón",matched_ign,"GRL URQUIZA 170, Colón, Entre Ríos",-58.13608673,-32.22058214,16.28,16.28,verified_close,verified_close
56,51,detail,Calle Pública s/N°,111,2,5,gru+manz+parc,3,0100010151110002--005--,derived_from_source_gru_manz_parc,gru_manz_parc,1,high,unique_match_by_gru_manz_parc,35424,0100010151110002--005--,0100010151110002--005--,matches_source_ncp,15,111,2,5,-58.20927275,-32.26757452,-58.20927275,-32.26757452,automatic,,,yes,yes,no,"Calle Pública °, Colón",no_ign_match,,,,,,missing_address_point,missing_address_point
57,50,detail,Emilio Gouchón N° 1173,,347,9,manz+parc,2,0100010000000347--009--,derived_from_source_manz_parc,manz_parc,1,medium,unique_match_by_manz_parc,34056,0100010000000347--009--,0100010000000347--009--,matches_source_ncp,0,0,347,9,-58.15567276,-32.22967756,-58.15567276,-32.22967756,automatic,,,yes,yes,yes,"Emilio Gouchón 1173, Colón",matched_ign,"EMILIO GOUCHON 1173, Colón, Entre Ríos",-58.15538254,-32.22989325,36.34,36.34,verified_close,verified_close
58,53,detail,Alberdi N° 881,,512,13,manz+parc,2,0100010000000512--013--,derived_from_source_manz_parc,manz_parc,1,medium,unique_match_by_manz_parc,32347,0100010000000512--013--,0100010000000512--013--,matches_source_ncp,0,0,512,13,-58.15194788,-32.22468005,-58.15194788,-32.22468005,automatic,,,yes,yes,yes,"Alberdi 881, Colón",matched_ign,"ALBERDI 881, Colón, Entre Ríos",-58.15180722,-32.22485637,23.65,23.65,verified_close,verified_close
59,72,detail,Bvard Ferrari N°,,364,14,manz+parc,2,0100011020400364--014--,derived_from_source_manz_parc,manz_parc,1,medium,unique_match_by_manz_parc,32965,0100011020400364--014--,0100011020400364--014--,matches_source_ncp,102,40,364,14,-58.14769258,-32.23624149,-58.14769258,-32.23624149,automatic,,,yes,yes,no,"Boulevard Ferrari, Colón",no_ign_match,,,,,,missing_address_point,missing_address_point
60,72,detail_continuation,,,,12,parc,1,,no_unique_parcel_inference,none,0,low,no_cadastral_match,,,,missing_components,,,,,,,,,automatic,,,no,yes,no,", Colón",missing_address,,,,,,missing_both_points,missing_both_points
61,72,detail_continuation,,,,13,parc,1,,no_unique_parcel_inference,none,0,low,no_cadastral_match,,,,missing_components,,,,,,,,,automatic,,,no,yes,no,", Colón",missing_address,,,,,,missing_both_points,missing_both_points
62,58,detail,Avda. Gral. Urquiza N° 1174 / 1180,,342,5,manz+parc,2,0100010000000342--005--,derived_from_source_manz_parc,manz_parc,1,medium,unique_match_by_manz_parc,36857,0100010000000342--005--,0100010000000342--005--,matches_source_ncp,0,0,342,5,-58.15256815,-32.23283689,-58.15256815,-32.23283689,automatic,,,yes,yes,yes,"General Urquiza / 1174, Colón",matched_ign,"GRL URQUIZA 1174, Colón, Entre Ríos",-58.15273716,-32.23259297,31.44,31.44,verified_close,verified_close
63,57,detail,"Madre Isabel Fernandez N° 251, 257",16,273,14,gru+manz+parc,3,0100011020160273--014--,derived_from_source_gru_manz_parc,gru_manz_parc,1,high,unique_match_by_gru_manz_parc,34373,0100011020160273--014--,0100011020160273--014--,matches_source_ncp,102,16,273,14,-58.15238499,-32.23697346,-58.15238499,-32.23697346,automatic,,,yes,yes,no,"Madre Isabel Fernandez 251, 257, Colón",no_ign_match,,,,,,missing_address_point,missing_address_point
64,59,detail,Gómez Miranda N° 148 esq Noailles,,341,2,manz+parc,2,0100010000000341--002--,derived_from_source_manz_parc,manz_parc,1,medium,unique_match_by_manz_parc,32590,0100010000000341--002--,0100010000000341--002--,matches_source_ncp,0,0,341,2,-58.15201014,-32.23381269,-58.15201014,-32.23381269,automatic,,,yes,yes,no,"Gómez Miranda 148 esq Noailles, Colón",no_ign_match,,,,,,missing_address_point,missing_address_point
65,60,detail,Los Zorzales s/N°,2,,14,gru+parc,2,,ambiguous_source_components,gru_parc,5,low,ambiguous_match_by_gru_parc,24418,0100010190020000--014--,0100010190020000--014--,matches_source_ncp,19,2,0,14,-58.23718566,-32.31878032,-58.23718566,-32.31878032,automatic,,,yes,yes,no,"Los Zorzales °, Colón",no_ign_match,,,,,,missing_address_point,missing_address_point
66,61,detail,Alberdi Nº 531,,93,10,manz+parc,2,0100010000000093--010--,derived_from_source_manz_parc,manz_parc,1,medium,unique_match_by_manz_parc,29835,0100010000000093--010--,0100010000000093--010--,matches_source_ncp,0,0,93,10,-58.14626760,-32.22062747,-58.14626760,-32.22062747,automatic,,,yes,yes,no,"Alberdi 531, Colón",no_ign_match,,,,,,missing_address_point,missing_address_point
67,63,detail,Calle Algarrobo s/Nº,310,1,15,gru+manz+parc,3,0100010113100001--015--,derived_from_source_gru_manz_parc,gru_manz_parc,1,high,unique_match_by_gru_manz_parc,36112,0100010113100001--015--,0100010113100001--015--,matches_source_ncp,11,310,1,15,-58.17178250,-32.22977138,-58.17178250,-32.22977138,automatic,,,yes,yes,no,"Calle Algarrobo º, Colón",no_ign_match,,,,,,missing_address_point,missing_address_point
68,64,detail,Balcarce Nº 617,,735,10,manz+parc,2,0100010000000735--010--,derived_from_source_manz_parc,manz_parc,1,medium,unique_match_by_manz_parc,32438,0100010000000735--010--,0100010000000735--010--,matches_source_ncp,0,0,735,10,-58.14760988,-32.21246549,-58.14760988,-32.21246549,automatic,,,yes,yes,yes,"Balcarce 617, Colón",matched_ign,"BALCARCE 617, Colón, Entre Ríos",-58.14774024,-32.21269304,28.12,28.12,verified_close,verified_close
69,62,detail,Sourigues N° 512,,,652,parc,1,,no_unique_parcel_inference,none,0,low,no_cadastral_match,,,,missing_components,,,,,,,,,automatic,,,yes,yes,no,"Sourigues 512, Colón",matched_ign,"SOURIGUES 512, Colón, Entre Ríos",-58.14877474,-32.21604698,,,missing_cadastral_point,missing_cadastral_point
70,67,detail,Lopez Jordan s/N°,324,,26,gru+parc,2,0100010123240000--026--,derived_from_source_gru_parc,gru_parc,1,medium,unique_match_by_gru_parc,33289,0100010123240000--026--,0100010123240000--026--,matches_source_ncp,12,324,0,26,-58.15473320,-32.24150512,-58.15473320,-32.24150512,automatic,,,yes,yes,no,"Lopez Jordan °, Colón",no_ign_match,,,,,,missing_address_point,missing_address_point
71,65,detail,Pasaje Maneno Sosan Nº 185,,403,13,manz+parc,2,0100010000000403--013--,derived_from_source_manz_parc,manz_parc,1,medium,unique_match_by_manz_parc,27220,0100010000000403--013--,0100010000000403--013--,matches_source_ncp,0,0,403,13,-58.15408799,-32.22810958,-58.15408799,-32.22810958,automatic,,,yes,yes,no,"Pasaje Maneno Sosan 185, Colón",no_ign_match,,,,,,missing_address_point,missing_address_point
72,66,detail,Avda Paysandú N° 1110,48,380,7,gru+manz+parc,3,0100011010480380--007--,derived_from_source_gru_manz_parc,gru_manz_parc,1,high,unique_match_by_gru_manz_parc,35660,0100011010480380--007--,0100011010480380--007--,matches_source_ncp,101,48,380,7,-58.15856618,-32.22495939,-58.15856618,-32.22495939,automatic,,,yes,yes,yes,"Avenida Paysandú 1110, Colón",matched_ign,"AV PAYSANDU 1110, Colón, Entre Ríos",-58.15863569,-32.22471010,28.48,28.48,verified_close,verified_close
73,69,detail,Sarmiento s/N°,,754,12,manz+parc,2,0100010000000754--012--,derived_from_source_manz_parc,manz_parc,1,medium,unique_match_by_manz_parc,31583,0100010000000754--012--,0100010000000754--012--,matches_source_ncp,0,0,754,12,-58.14519133,-32.21345060,-58.14519133,-32.21345060,automatic,,,yes,yes,no,"Sarmiento °, Colón",no_ign_match,,,,,,missing_address_point,missing_address_point
74,68,detail,Colibrí N°,289,,16,gru+parc,2,0100010112890000--016--,derived_from_source_gru_parc,gru_parc,1,medium,unique_match_by_gru_parc,36418,0100010112890000--016--,0100010112890000--016--,matches_source_ncp,11,289,0,16,-58.17253551,-32.24161663,-58.17253551,-32.24161663,automatic,,,yes,yes,no,"Colibrí, Colón",no_ign_match,,,,,,missing_address_point,missing_address_point
75,71,detail,Echagûe s/Nº,,7,6,manz+parc,2,,ambiguous_source_components,manz_parc,4,low,ambiguous_match_by_manz_parc,27262,0100010000000007--006--,0100010000000007--006--,matches_source_ncp,0,0,7,6,-58.14688838,-32.22800740,-58.14688838,-32.22800740,automatic,,,yes,yes,no,"Echagüe º, Colón",no_ign_match,,,,,,missing_address_point,missing_address_point
76,74,detail,Calle Pública s/Nº,325,1,4,gru+manz+parc,3,0100010123250001--004--,derived_from_source_gru_manz_parc,gru_manz_parc,1,high,unique_match_by_gru_manz_parc,37260,0100010123250001--004--,0100010123250001--004--,matches_source_ncp,12,325,1,4,-58.16131472,-32.23899351,-58.16131472,-32.23899351,automatic,,,yes,yes,no,"Calle Pública º, Colón",no_ign_match,,,,,,missing_address_point,missing_address_point
77,73,detail,Salsipuedes s/N°,327,6,1,gru+manz+parc,3,0100010123270006--001--,derived_from_source_gru_manz_parc,gru_manz_parc,1,high,unique_match_by_gru_manz_parc,33750,0100010123270006--001--,0100010123270006--001--,matches_source_ncp,12,327,6,1,-58.16428446,-32.23148964,-58.16428446,-32.23148964,automatic,,,yes,yes,no,"Salsipuedes °, Colón",no_ign_match,,,,,,missing_address_point,missing_address_point
78,70,detail,Dr. José Miguel Díaz Vélez N°,327,,9,gru+parc,2,,ambiguous_source_components,gru_parc,10,low,ambiguous_match_by_gru_parc,33287,0100010123270002--009--,0100010123270002--009--,matches_source_ncp,12,327,2,9,-58.16056356,-32.23001545,-58.16056356,-32.23001545,automatic,,,yes,yes,no,"Dr. José Miguel Díaz Vélez, Colón",no_ign_match,,,,,,missing_address_point,missing_address_point
79,167,detail,Avda Quirós N° 128,,228,3,manz+parc,2,0100010000000228--003--,derived_from_source_manz_parc,manz_parc,1,medium,unique_match_by_manz_parc,31123,0100010000000228--003--,0100010000000228--003--,matches_source_ncp,0,0,228,3,-58.13568952,-32.21630679,-58.13568952,-32.21630679,automatic,,,yes,yes,no,"Avenida Quirós 128, Colón",no_ign_match,,,,,,missing_address_point,missing_address_point
80,76,detail,Girard N° 136,,276,2,manz+parc,2,0100010000000276--002--,derived_from_source_manz_parc,manz_parc,1,medium,unique_match_by_manz_parc,25227,0100010000000276--002--,0100010000000276--002--,matches_source_ncp,0,0,276,2,-58.15466436,-32.23562110,-58.15466436,-32.23562110,automatic,,,yes,yes,no,"Girard 136, Colón",no_ign_match,,,,,,missing_address_point,missing_address_point
81,75,detail,Paso de Los Andes esq 9 de Julio,,123,9,manz+parc,2,0100010000000123--009--,derived_from_source_manz_parc,manz_parc,1,medium,unique_match_by_manz_parc,30677,0100010000000123--009--,0100010000000123--009--,matches_source_ncp,0,0,123,9,-58.14475222,-32.21831061,-58.14475222,-32.21831061,automatic,,,yes,yes,yes,"de Julio 9, Colón",matched_ign,"9 DE JULIO 9, Colón, Entre Ríos",-58.14059862,-32.22276855,631.18,631.18,review_large_gap,review_large_gap
82,75,detail_continuation,9 de Julio Nº,,,22,parc,1,,no_unique_parcel_inference,none,0,low,no_cadastral_match,,,,missing_components,,,,,,,,,automatic,,,yes,yes,no,"9 de Julio, Colón",no_ign_match,,,,,,missing_both_points,missing_both_points
83,75,detail_continuation,9 de Julio Nº,,,21,parc,1,,no_unique_parcel_inference,none,0,low,no_cadastral_match,,,,missing_components,,,,,,,,,automatic,,,yes,yes,no,"9 de Julio, Colón",no_ign_match,,,,,,missing_both_points,missing_both_points
84,77,detail,Noailles N° 1118,247,3,1,gru+manz+parc,3,0100010112470003--001--,derived_from_source_gru_manz_parc,gru_manz_parc,1,high,unique_match_by_gru_manz_parc,36485,0100010112470003--001--,0100010112470003--001--,matches_source_ncp,11,247,3,1,-58.18346510,-32.24504298,-58.18346510,-32.24504298,automatic,,,yes,yes,yes,"Noailles 1118, Colón",matched_ign,"GRL NOAILLES 1118, Colón, Entre Ríos",-58.15051331,-32.23310984,3371.29,3371.29,review_large_gap,review_large_gap
85,79,detail,Calle Pública s/N°,288,,5,gru+parc,2,0100010162880000--005--,derived_from_source_gru_parc,gru_parc,1,medium,unique_match_by_gru_parc,36358,0100010162880000--005--,0100010162880000--005--,matches_source_ncp,16,288,0,5,-58.16616945,-32.24311860,-58.16616945,-32.24311860,automatic,,,yes,yes,no,"Calle Pública °, Colón",no_ign_match,,,,,,missing_address_point,missing_address_point
86,89,detail,"Ruta Nac. Nº 14, km 145,5",1,,90,gru+parc,2,,ambiguous_source_components,gru_parc,2,low,ambiguous_match_by_gru_parc,35259,0100010190010000--090--,0100010190010000--090--,matches_source_ncp,19,1,0,90,-58.24383187,-32.29671654,-58.24383187,-32.29671654,automatic,,,yes,yes,no,"Ruta Nac. 14, km 145,5, Colón",no_ign_match,,,,,,missing_address_point,missing_address_point
87,78,detail,Cipriano Berín Nº,,502,19,manz+parc,2,0100010000000502--019--,derived_from_source_manz_parc,manz_parc,1,medium,unique_match_by_manz_parc,32416,0100010000000502--019--,0100010000000502--019--,matches_source_ncp,0,0,502,19,-58.14553019,-32.23136732,-58.14553019,-32.23136732,automatic,,,yes,yes,no,"Cipriano Berín, Colón",no_ign_match,,,,,,missing_address_point,missing_address_point
88,82,detail,Alberdi N° 630,,68,17,manz+parc,2,0100010000000068--017--,derived_from_source_manz_parc,manz_parc,1,medium,unique_match_by_manz_parc,29362,0100010000000068--017--,0100010000000068--017--,matches_source_ncp,0,0,68,17,-58.14730125,-32.22188354,-58.14730125,-32.22188354,automatic,,,yes,yes,yes,"Alberdi 630, Colón",matched_ign,"ALBERDI 630, Colón, Entre Ríos",-58.14749833,-32.22177719,21.99,21.99,verified_close,verified_close
89,88,detail,Alberdi Nº 883,,512,5,manz+parc,2,0100010000000512--005--,derived_from_source_manz_parc,manz_parc,1,medium,unique_match_by_manz_parc,28414,0100010000000512--005--,0100010000000512--005--,matches_source_ncp,0,0,512,5,-58.15209627,-32.22460040,-58.15209627,-32.22460040,automatic,,,yes,yes,yes,"Alberdi 883, Colón",matched_ign,"ALBERDI 883, Colón, Entre Ríos",-58.15184164,-32.22488091,39.33,39.33,verified_close,verified_close
90,80,detail,Juan A Fernandez esq C Benegas,111,3,1,gru+manz+parc,3,0100010151110003--001--,derived_from_source_gru_manz_parc,gru_manz_parc,1,high,unique_match_by_gru_manz_parc,35116,0100010151110003--001--,0100010151110003--001--,matches_source_ncp,15,111,3,1,-58.20780103,-32.26711216,-58.20780103,-32.26711216,automatic,,,yes,yes,no,"Juan A Fernandez esq C Benegas, Colón",no_ign_match,,,,,,missing_address_point,missing_address_point
91,81,detail,"San Martín N° 193, esq Lavalle",,184,13,manz+parc,2,0100010000000184--013--,derived_from_source_manz_parc,manz_parc,1,medium,unique_match_by_manz_parc,30223,0100010000000184--013--,0100010000000184--013--,matches_source_ncp,0,0,184,13,-58.13785153,-32.21946074,-58.13785153,-32.21946074,automatic,,,yes,yes,yes,"San Martín 193, Colón",matched_ign,"AV SAN MARTIN 193, Colón, Entre Ríos",-58.13766658,-32.21967596,29.59,29.59,verified_close,verified_close
92,145,detail,Reibel esq. Hernández,,106,16,manz+parc,2,0100010000000106--016--,derived_from_source_manz_parc,manz_parc,1,medium,unique_match_by_manz_parc,27748,0100010000000106--016--,0100010000000106--016--,matches_source_ncp,0,0,106,16,-58.13949877,-32.22653960,-58.13949877,-32.22653960,automatic,,,yes,yes,no,"Reibel esq. Hernández, Colón",no_ign_match,,,,,,missing_address_point,missing_address_point
93,83,detail,Espinillo s/Nº,367,2,4,gru+manz+parc,3,0100010063670002--004--,derived_from_source_gru_manz_parc,gru_manz_parc,1,high,unique_match_by_gru_manz_parc,34626,0100010063670002--004--,0100010063670002--004--,matches_source_ncp,6,367,2,4,-58.15728260,-32.20616810,-58.15728260,-32.20616810,automatic,,,yes,yes,no,"Espinillo º, Colón",no_ign_match,,,,,,missing_address_point,missing_address_point
94,85,detail,Tala s/Nº,355,13,,gru+manz,2,,no_unique_parcel_inference,none,0,low,no_cadastral_match,,,,missing_components,,,,,,,,,automatic,,,yes,yes,no,"Tala º, Colón",no_ign_match,,,,,,missing_both_points,missing_both_points
95,84,detail,Calle Artalaz S/N°,341,,11,gru+parc,2,,ambiguous_source_components,gru_parc,2,low,ambiguous_match_by_gru_parc,36802,0100010063410000--011--,0100010063410000--011--,matches_source_ncp,6,341,0,11,-58.16345092,-32.21600369,-58.16345092,-32.21600369,automatic,,,yes,yes,no,"Calle Artalaz °, Colón",no_ign_match,,,,,,missing_address_point,missing_address_point
96,87,detail,Salsipuedes s/N°,327,6,6,gru+manz+parc,3,0100010123270006--006--,derived_from_source_gru_manz_parc,gru_manz_parc,1,high,unique_match_by_gru_manz_parc,37253,0100010123270006--006--,0100010123270006--006--,matches_source_ncp,12,327,6,6,-58.16426346,-32.23135699,-58.16426346,-32.23135699,automatic,,,yes,yes,no,"Salsipuedes °, Colón",no_ign_match,,,,,,missing_address_point,missing_address_point
97,86,detail,Noailles N° 1118,42,368,10,gru+manz+parc,3,0100011020420368--010--,derived_from_source_gru_manz_parc,gru_manz_parc,1,high,unique_match_by_gru_manz_parc,25478,0100011020420368--010--,0100011020420368--010--,matches_source_ncp,102,42,368,10,-58.15045606,-32.23327894,-58.15045606,-32.23327894,automatic,,,yes,yes,yes,"Noailles 1118, Colón",matched_ign,"GRL NOAILLES 1118, Colón, Entre Ríos",-58.15051331,-32.23310984,19.56,19.56,verified_close,verified_close
98,90,detail,Sarmiento Nº 144,,155,2,manz+parc,2,0100010000000155--002--,derived_from_source_manz_parc,manz_parc,1,medium,unique_match_by_manz_parc,30363,0100010000000155--002--,0100010000000155--002--,matches_source_ncp,0,0,155,2,-58.14013869,-32.21909151,-58.14013869,-32.21909151,automatic,,,yes,yes,yes,"Sarmiento 144, Colón",matched_ign,"SARMIENTO 144, Colón, Entre Ríos",-58.14004671,-32.21894795,18.16,18.16,verified_close,verified_close
99,93,detail,Calle Privada s/Nº - Los Bretes,3,6,10,gru+manz+parc,3,0100010170030006--010--,derived_from_source_gru_manz_parc,gru_manz_parc,1,high,unique_match_by_gru_manz_parc,33766,0100010170030006--010--,0100010170030006--010--,matches_source_ncp,17,3,6,10,-58.13174467,-32.24508130,-58.13174467,-32.24508130,automatic,,,yes,yes,no,"Calle Privada º, Colón",no_ign_match,,,,,,missing_address_point,missing_address_point
100,92,detail,Calle Pública s/N°,2,,60,gru+parc,2,,ambiguous_source_components,gru_parc,3,low,ambiguous_match_by_gru_parc,33162,0100010170020000--060--,0100010170020000--060--,matches_source_ncp,17,2,0,60,-58.14684876,-32.25042099,-58.14684876,-32.25042099,automatic,,,yes,yes,no,"Calle Pública °, Colón",no_ign_match,,,,,,missing_address_point,missing_address_point
101,105,detail,Alberdi Nº 856,,511,1,manz+parc,2,0100010000000511--001--,derived_from_source_manz_parc,manz_parc,1,medium,unique_match_by_manz_parc,28351,0100010000000511--001--,0100010000000511--001--,matches_source_ncp,0,0,511,1,-58.15138010,-32.22490357,-58.15138010,-32.22490357,automatic,,,yes,yes,yes,"Alberdi 856, Colón",matched_ign,"ALBERDI 856, Colón, Entre Ríos",-58.15137702,-32.22454955,39.37,39.37,verified_close,verified_close
102,95,detail,E. Gouchón N° 648,,66,16,manz+parc,2,0100010000000066--016--,derived_from_source_manz_parc,manz_parc,1,medium,unique_match_by_manz_parc,28795,0100010000000066--016--,0100010000000066--016--,matches_source_ncp,0,0,66,16,-58.14596692,-32.22344789,-58.14596692,-32.22344789,automatic,,,yes,yes,yes,"E. Gouchón 648, Colón",matched_ign,"EMILIO GOUCHON 648, Colón, Entre Ríos",-58.14639465,-32.22342584,40.31,40.31,verified_close,verified_close
103,97,detail,Calle Privada s/Nº - Los Bretes,3,6,3,gru+manz+parc,3,0100010170030006--003--,derived_from_source_gru_manz_parc,gru_manz_parc,1,high,unique_match_by_gru_manz_parc,33214,0100010170030006--003--,0100010170030006--003--,matches_source_ncp,17,3,6,3,-58.13237559,-32.24493623,-58.13237559,-32.24493623,automatic,,,yes,yes,no,"Calle Privada º, Colón",no_ign_match,,,,,,missing_address_point,missing_address_point
104,91,detail,Calle Timbó s/N°,310,2,11,gru+manz+parc,3,0100010113100002--011--,derived_from_source_gru_manz_parc,gru_manz_parc,1,high,unique_match_by_gru_manz_parc,33319,0100010113100002--011--,0100010113100002--011--,matches_source_ncp,11,310,2,11,-58.16890507,-32.22993956,-58.16890507,-32.22993956,automatic,,,yes,yes,no,"Calle Timbó °, Colón",no_ign_match,,,,,,missing_address_point,missing_address_point
105,108,detail,Calle Jacarandaes s/N° - Los Bretes,3,4,24,gru+manz+parc,3,0100010170030004--024--,derived_from_source_gru_manz_parc,gru_manz_parc,1,high,unique_match_by_gru_manz_parc,35638,0100010170030004--024--,0100010170030004--024--,matches_source_ncp,17,3,4,24,-58.13428382,-32.24493035,-58.13428382,-32.24493035,automatic,,,yes,yes,no,"Calle Jacarandaes °, Colón",no_ign_match,,,,,,missing_address_point,missing_address_point
106,94,detail,"Ruta Nº 135, km ..",308,,1,gru+parc,2,0100010113080000--001--,derived_from_source_gru_parc,gru_parc,1,medium,unique_match_by_gru_parc,25166,0100010113080000--001--,0100010113080000--001--,matches_source_ncp,11,308,0,1,-58.16782987,-32.23854470,-58.16782987,-32.23854470,automatic,,,yes,yes,no,"Ruta 135, km ., Colón",no_ign_match,,,,,,missing_address_point,missing_address_point
107,96,detail,Calle Privada s/Nº - Los Bretes,3,8,4,gru+manz+parc,3,0100010170030008--004--,derived_from_source_gru_manz_parc,gru_manz_parc,1,high,unique_match_by_gru_manz_parc,33226,0100010170030008--004--,0100010170030008--004--,matches_source_ncp,17,3,8,4,-58.12946833,-32.24378047,-58.12946833,-32.24378047,automatic,,,yes,yes,no,"Calle Privada º, Colón",no_ign_match,,,,,,missing_address_point,missing_address_point
108,100,detail,Bernardino Horne s/Nº,331,,5,gru+parc,2,,ambiguous_source_components,gru_parc,5,low,ambiguous_match_by_gru_parc,31820,0100010063310000--005--,0100010063310000--005--,matches_source_ncp,6,331,0,5,-58.17275040,-32.21231981,-58.17275040,-32.21231981,automatic,,,yes,yes,no,"Bernardino Horne º, Colón",no_ign_match,,,,,,missing_address_point,missing_address_point
109,98,detail,"Ruta Nac N° 135, km",3,,34,gru+parc,2,,ambiguous_source_components,gru_parc,3,low,ambiguous_match_by_gru_parc,24456,0100010180030000--034--,0100010180030000--034--,matches_source_ncp,18,3,0,34,-58.21338265,-32.30211817,-58.21338265,-32.30211817,automatic,,,yes,yes,no,"Ruta Nac 135, km, Colón",no_ign_match,,,,,,missing_address_point,missing_address_point
110,99,detail,CalleIsabel Fernandez esq Mitre N° 1404,16,272,1,gru+manz+parc,3,0100011020160272--001--,derived_from_source_gru_manz_parc,gru_manz_parc,1,high,unique_match_by_gru_manz_parc,32856,0100011020160272--001--,0100011020160272--001--,matches_source_ncp,102,16,272,1,-58.15172346,-32.23770088,-58.15172346,-32.23770088,automatic,,,yes,yes,yes,"Mitre 1404, Colón",matched_ign,"GRL MITRE 1404, Colón, Entre Ríos",-58.15332044,-32.23882431,195.36,195.36,review_medium_gap,review_medium_gap
111,104,detail,Benteveo N°,247,5,3,gru+manz+parc,3,0100010112470005--003--,derived_from_source_gru_manz_parc,gru_manz_parc,1,high,unique_match_by_gru_manz_parc,37164,0100010112470005--003--,0100010112470005--003--,matches_source_ncp,11,247,5,3,-58.18255993,-32.24559441,-58.18255993,-32.24559441,automatic,,,yes,yes,no,"Benteveo, Colón",no_ign_match,,,,,,missing_address_point,missing_address_point
112,101,detail,Canton de Valais Nº 162,,478,5,manz+parc,2,0100010000000478--005--,derived_from_source_manz_parc,manz_parc,1,medium,unique_match_by_manz_parc,34742,0100010000000478--005--,0100010000000478--005--,matches_source_ncp,0,0,478,5,-58.14775793,-32.23045565,-58.14775793,-32.23045565,automatic,,,yes,yes,yes,"Valais 162, Colón",matched_ign,"DE VALAIS 162, Colón, Entre Ríos",-58.14751430,-32.23122132,88.17,88.17,verified_nearby,verified_nearby
113,102,detail,Rebord Nº 171,42,368,2,gru+manz+parc,3,0100011020420368--002--,derived_from_source_gru_manz_parc,gru_manz_parc,1,high,unique_match_by_gru_manz_parc,25470,0100011020420368--002--,0100011020420368--002--,matches_source_ncp,102,42,368,2,-58.15020258,-32.23337431,-58.15020258,-32.23337431,automatic,,,yes,yes,yes,"Rebord 171, Colón",matched_ign,"M REBORD 171, Colón, Entre Ríos",-58.14995937,-32.23321518,28.92,28.92,verified_close,verified_close
114,103,detail,Calle Sauce s/Nº,331,6,1,gru+manz+parc,3,0100010063310006--001--,derived_from_source_gru_manz_parc,gru_manz_parc,1,high,unique_match_by_gru_manz_parc,36094,0100010063310006--001--,0100010063310006--001--,matches_source_ncp,6,331,6,1,-58.17219280,-32.21112946,-58.17219280,-32.21112946,automatic,,,yes,yes,no,"Calle Sauce º, Colón",no_ign_match,,,,,,missing_address_point,missing_address_point
115,109,detail,"Sourigues N° 355, esq Bvard Gaillard N° 447",,668,13,manz+parc,2,0100010000000668--013--,derived_from_source_manz_parc,manz_parc,1,medium,unique_match_by_manz_parc,32510,0100010000000668--013--,0100010000000668--013--,matches_source_ncp,0,0,668,13,-58.14642804,-32.21818643,-58.14642804,-32.21818643,automatic,,,yes,yes,yes,"Sourigues 355, Colón",matched_ign,"SOURIGUES 355, Colón, Entre Ríos",-58.14648642,-32.21834450,18.42,18.42,verified_close,verified_close
116,107,detail,25 de Mayo N° 187,,112,5,manz+parc,2,0100010000000112--005--,derived_from_source_manz_parc,manz_parc,1,medium,unique_match_by_manz_parc,28143,0100010000000112--005--,0100010000000112--005--,matches_source_ncp,0,0,112,5,-58.13846457,-32.22523815,-58.13846457,-32.22523815,automatic,,,yes,yes,yes,"25 de Mayo 187, Colón",matched_ign,"25 DE MAYO 187, Colón, Entre Ríos",-58.13820831,-32.22519430,24.59,24.59,verified_close,verified_close
117,110,detail,"Vergniaud N° 3, 37, 41",,454,8,manz+parc,2,0100010000000454--008--,derived_from_source_manz_parc,manz_parc,1,medium,unique_match_by_manz_parc,26651,0100010000000454--008--,0100010000000454--008--,matches_source_ncp,0,0,454,8,-58.15066806,-32.22932018,-58.15066806,-32.22932018,automatic,,,yes,yes,no,"Vergniaud 3, 37, 41, Colón",no_ign_match,,,,,,missing_address_point,missing_address_point
118,106,detail,"Ruta Nac Nº 135, km 6,5",290,,1,gru+parc,2,0100010112900000--001--,derived_from_source_gru_parc,gru_parc,1,medium,unique_match_by_gru_parc,25254,0100010112900000--001--,0100010112900000--001--,matches_source_ncp,11,290,0,1,-58.17433232,-32.23717643,-58.17433232,-32.23717643,automatic,,,yes,yes,no,"Ruta Nac 135, km 6,5, Colón",no_ign_match,,,,,,missing_address_point,missing_address_point
119,111,detail,Calle Pública s/Nº - Loteo Ayres 1842,247,3,4,gru+manz+parc,3,0100010112470003--004--,derived_from_source_gru_manz_parc,gru_manz_parc,1,high,unique_match_by_gru_manz_parc,36662,0100010112470003--004--,0100010112470003--004--,matches_source_ncp,11,247,3,4,-58.18305620,-32.24449536,-58.18305620,-32.24449536,automatic,,,yes,yes,no,"Calle Pública º, Colón",no_ign_match,,,,,,missing_address_point,missing_address_point
120,125,detail,Castelli N.º 318,,56,11,manz+parc,2,0100010000000056--011--,derived_from_source_manz_parc,manz_parc,1,medium,unique_match_by_manz_parc,26277,0100010000000056--011--,0100010000000056--011--,matches_source_ncp,0,0,56,11,-58.14073393,-32.23025033,-58.14073393,-32.23025033,automatic,,,yes,yes,yes,"Castelli 318, Colón",matched_ign,"JUAN JOSE CASTELLI 318, Colón, Entre Ríos",-58.14094367,-32.23034203,22.21,22.21,verified_close,verified_close
121,117,detail,Rocamora Nº 1235,,326,1,manz+parc,2,0100011010340326--001--,derived_from_source_manz_parc,manz_parc,1,medium,unique_match_by_manz_parc,28177,0100011010340326--001--,0100011010340326--001--,matches_source_ncp,101,34,326,1,-58.16028019,-32.22675081,-58.16028019,-32.22675081,automatic,,,yes,yes,no,"Rocamora 1235, Colón",no_ign_match,,,,,,missing_address_point,missing_address_point
122,142,detail,Luís Federico Leloir N.º e/J. M. de Rosas y Artalaz (Loteo Heis de Bogado),354,,89,gru+parc,2,0100010063540000--089--,derived_from_source_gru_parc,gru_parc,1,medium,unique_match_by_gru_parc,36754,0100010063540000--089--,0100010063540000--089--,matches_source_ncp,6,354,0,89,-58.16012735,-32.21089409,-58.16012735,-32.21089409,automatic,,,yes,yes,no,"Luís Federico Leloir N.º esq J. M. de Rosas y Artalaz Loteo Heis de Bogado, Colón",no_ign_match,,,,,,missing_address_point,missing_address_point
123,124,detail,Pozzi y Benegas s/Nº,111,2,1,gru+manz+parc,3,0100010151110002--001--,derived_from_source_gru_manz_parc,gru_manz_parc,1,high,unique_match_by_gru_manz_parc,35064,0100010151110002--001--,0100010151110002--001--,matches_source_ncp,15,111,2,1,-58.20897780,-32.26825048,-58.20897780,-32.26825048,automatic,,,yes,yes,no,"Pozzi y Benegas º, Colón",no_ign_match,,,,,,missing_address_point,missing_address_point
124,212,detail,Ibirá Pitá s/Nº - Los Bretes,,2,10,manz+parc,2,,ambiguous_source_components,manz_parc,14,low,ambiguous_match_by_manz_parc,25844,0100010000000002--010--,0100010000000002--010--,matches_source_ncp,0,0,2,10,-58.14382817,-32.23149825,-58.14382817,-32.23149825,automatic,,,yes,yes,no,"Ibirá Pitá º, Colón",no_ign_match,,,,,,missing_address_point,missing_address_point
125,123,detail,Avda. Quirós esq Pasaje Velazco,,137,17,manz+parc,2,0100010000000137--017--,derived_from_source_manz_parc,manz_parc,1,medium,unique_match_by_manz_parc,27732,0100010000000137--017--,0100010000000137--017--,matches_source_ncp,0,0,137,17,-58.13490729,-32.22653642,-58.13490729,-32.22653642,automatic,,,yes,yes,no,"Avenida Quirós esq Pasaje Velazco, Colón",no_ign_match,,,,,,missing_address_point,missing_address_point
126,116,detail,Ñandubay s/Nº,355,6,2,gru+manz+parc,3,0100010063550006--002--,derived_from_source_gru_manz_parc,gru_manz_parc,1,high,unique_match_by_gru_manz_parc,33056,0100010063550006--002--,0100010063550006--002--,matches_source_ncp,6,355,6,2,-58.16219345,-32.20946617,-58.16219345,-32.20946617,automatic,,,yes,yes,no,"Ñandubay º, Colón",no_ign_match,,,,,,missing_address_point,missing_address_point
127,115,detail,Paso de los Andes N°,327,5,1,gru+manz+parc,3,0100010123270005--001--,derived_from_source_gru_manz_parc,gru_manz_parc,1,high,unique_match_by_gru_manz_parc,33748,0100010123270005--001--,0100010123270005--001--,matches_source_ncp,12,327,5,1,-58.16326041,-32.23081805,-58.16326041,-32.23081805,automatic,,,yes,yes,no,"Paso de los Andes, Colón",no_ign_match,,,,,,missing_address_point,missing_address_point
128,114,detail,Avda. Pte. Peròn N° 156,,74,7,manz+parc,2,0100010000000074--007--,derived_from_source_manz_parc,manz_parc,1,medium,unique_match_by_manz_parc,29159,0100010000000074--007--,0100010000000074--007--,matches_source_ncp,0,0,74,7,-58.14530901,-32.22233976,-58.14530901,-32.22233976,automatic,,,yes,yes,yes,"Avenida Presidente Peròn 156, Colón",matched_ign,"AV PRES PERON 156, Colón, Entre Ríos",-58.14507101,-32.22236959,22.63,22.63,verified_close,verified_close
129,113,detail,Bvard Gaillard Nº 781,,543,10,manz+parc,2,0100010000000543--010--,derived_from_source_manz_parc,manz_parc,1,medium,unique_match_by_manz_parc,29389,0100010000000543--010--,0100010000000543--010--,matches_source_ncp,0,0,543,10,-58.15170477,-32.22188264,-58.15170477,-32.22188264,automatic,,,yes,yes,yes,"Gaillard 781, Colón",matched_ign,"AMILCAR GAILLARD 781, Colón, Entre Ríos",-58.15159102,-32.22211070,27.52,27.52,verified_close,verified_close
130,112,detail,Calle Privada s/Nº - Los Bretes,3,4,27,gru+manz+parc,3,0100010170030004--027--,derived_from_source_gru_manz_parc,gru_manz_parc,1,high,unique_match_by_gru_manz_parc,36088,0100010170030004--027--,0100010170030004--027--,matches_source_ncp,17,3,4,27,-58.13371635,-32.24481805,-58.13371635,-32.24481805,automatic,,,yes,yes,no,"Calle Privada º, Colón",no_ign_match,,,,,,missing_address_point,missing_address_point
131,121,detail,Salsipuedes s/Nº,327,,,gru,1,,no_unique_parcel_inference,none,0,low,no_cadastral_match,,,,missing_components,,,,,,,,,automatic,,,yes,yes,no,"Salsipuedes º, Colón",no_ign_match,,,,,,missing_both_points,missing_both_points
132,118,detail,,62,461,1,gru+manz+parc,3,0100011010620461--001--,derived_from_source_gru_manz_parc,gru_manz_parc,1,high,unique_match_by_gru_manz_parc,34025,0100011010620461--001--,0100011010620461--001--,matches_source_ncp,101,62,461,1,-58.15526645,-32.22373178,-58.15526645,-32.22373178,automatic,,,no,yes,no,", Colón",missing_address,,,,,,missing_address_point,missing_address_point
133,120,detail,Bvard Ferrari N° esq. Herández,,648,16,manz+parc,2,0100010000000648--016--,derived_from_source_manz_parc,manz_parc,1,medium,unique_match_by_manz_parc,26746,0100010000000648--016--,0100010000000648--016--,matches_source_ncp,0,0,648,16,-58.13728817,-32.22881665,-58.13728817,-32.22881665,automatic,,,yes,yes,no,"Boulevard Ferrari esq. Herández, Colón",no_ign_match,,,,,,missing_address_point,missing_address_point
134,127,detail,Calle Tala s/Nº,367,,2,gru+parc,2,,ambiguous_source_components,gru_parc,3,low,ambiguous_match_by_gru_parc,31942,0100010063670000--002--,0100010063670000--002--,matches_source_ncp,6,367,0,2,-58.15700618,-32.20703555,-58.15700618,-32.20703555,automatic,,,yes,yes,no,"Calle Tala º, Colón",no_ign_match,,,,,,missing_address_point,missing_address_point
135,119,detail,Salsipuedes s/Nº,327,8,9,gru+manz+parc,3,0100010123270008--009--,derived_from_source_gru_manz_parc,gru_manz_parc,1,high,unique_match_by_gru_manz_parc,37303,0100010123270008--009--,0100010123270008--009--,matches_source_ncp,12,327,8,9,-58.16422137,-32.23021862,-58.16422137,-32.23021862,automatic,,,yes,yes,no,"Salsipuedes º, Colón",no_ign_match,,,,,,missing_address_point,missing_address_point
136,122,detail,3 de Febrero N° 469,,777,15,manz+parc,2,0100010000000777--015--,derived_from_source_manz_parc,manz_parc,1,medium,unique_match_by_manz_parc,35449,0100010000000777--015--,0100010000000777--015--,matches_source_ncp,0,0,777,15,-58.14329203,-32.21311600,-58.14329203,-32.21311600,automatic,,,yes,yes,yes,"3 de Febrero 469, Colón",matched_ign,"3 DE FEBRERO 469, Colón, Entre Ríos",-58.14300908,-32.21299946,29.61,29.61,verified_close,verified_close
137,129,detail,,,,,none,0,,no_unique_parcel_inference,none,0,low,no_cadastral_match,,,,missing_components,,,,,,,,,automatic,,,no,no,no,", Colón",missing_address,,,,,,missing_both_points,missing_both_points
138,129,detail_continuation,,,,,none,0,,no_unique_parcel_inference,none,0,low,no_cadastral_match,,,,missing_components,,,,,,,,,automatic,,,no,no,no,", Colón",missing_address,,,,,,missing_both_points,missing_both_points
139,126,detail,Dominchin s/Nº,327,,15,gru+parc,2,,ambiguous_source_components,gru_parc,7,low,ambiguous_match_by_gru_parc,33729,0100010123270002--015--,0100010123270002--015--,matches_source_ncp,12,327,2,15,-58.16060486,-32.22992562,-58.16060486,-32.22992562,automatic,,,yes,yes,no,"Dominchin º, Colón",no_ign_match,,,,,,missing_address_point,missing_address_point
140,128,detail,Río Iguazú N°,40,391,11,gru+manz+parc,3,0100011020400391--011--,derived_from_source_gru_manz_parc,gru_manz_parc,1,high,unique_match_by_gru_manz_parc,34734,0100011020400391--011--,0100011020400391--011--,matches_source_ncp,102,40,391,11,-58.14549506,-32.23667081,-58.14549506,-32.23667081,automatic,,,yes,yes,no,"Río Iguazú, Colón",no_ign_match,,,,,,missing_address_point,missing_address_point
141,130,detail,Balcarce N° 413,,731,11,manz+parc,2,0100010000000731--011--,derived_from_source_manz_parc,manz_parc,1,medium,unique_match_by_manz_parc,31329,0100010000000731--011--,0100010000000731--011--,matches_source_ncp,0,0,731,11,-58.14458757,-32.21549399,-58.14458757,-32.21549399,automatic,,,yes,yes,yes,"Balcarce 413, Colón",matched_ign,"BALCARCE 413, Colón, Entre Ríos",-58.14474309,-32.21567052,24.48,24.48,verified_close,verified_close
142,131,detail,Rocamora N° 1077,101,408,6,gru+manz+parc,3,0100011010480408--006--,derived_from_source_manz_parc,manz_parc,1,medium,unique_match_by_manz_parc,32766,0100011010480408--006--,0100011010480408--006--,matches_source_ncp,101,48,408,6,-58.15788128,-32.22487987,-58.15788128,-32.22487987,automatic,,,yes,yes,yes,"Rocamora 1077, Colón",matched_ign,"TOMAS DE ROCAMORA 1077, Colón, Entre Ríos",-58.16050095,-32.22728847,363.94,363.94,review_medium_gap,review_medium_gap
143,132,detail,Noailles Nº 469,,104,8,manz+parc,2,0100010000000104--008--,derived_from_source_manz_parc,manz_parc,1,medium,unique_match_by_manz_parc,28163,0100010000000104--008--,0100010000000104--008--,matches_source_ncp,0,0,104,8,-58.14019781,-32.22527744,-58.14019781,-32.22527744,automatic,,,yes,yes,yes,"Noailles 469, Colón",matched_ign,"GRL NOAILLES 469, Colón, Entre Ríos",-58.13992131,-32.22548380,34.69,34.69,verified_close,verified_close
144,133,detail,Las Piedras s/Nº,41,366,2,gru+manz+parc,3,0100011020410366--002--,derived_from_source_gru_manz_parc,gru_manz_parc,1,high,unique_match_by_gru_manz_parc,36180,0100011020410366--002--,0100011020410366--002--,matches_source_ncp,102,41,366,2,-58.14897623,-32.23533950,-58.14897623,-32.23533950,automatic,,,yes,yes,no,"Las Piedras º, Colón",no_ign_match,,,,,,missing_address_point,missing_address_point
145,135,detail,J.M. de Rosas s/N° y L. F. Leloir S/N°,354,,52,gru+parc,2,0100010063540000--052--,derived_from_source_gru_parc,gru_parc,1,medium,unique_match_by_gru_parc,33734,0100010063540000--052--,0100010063540000--052--,matches_source_ncp,6,354,0,52,-58.15931331,-32.21043826,-58.15931331,-32.21043826,automatic,,,yes,yes,no,"J.M. de Rosas ° y L. F. Leloir °, Colón",no_ign_match,,,,,,missing_address_point,missing_address_point
146,134,detail,Los Lapachos s/Nº - Los Bretes,3,4,4,gru+manz+parc,3,0100010170030004--004--,derived_from_source_gru_manz_parc,gru_manz_parc,1,high,unique_match_by_gru_manz_parc,33204,0100010170030004--004--,0100010170030004--004--,matches_source_ncp,17,3,4,4,-58.13276931,-32.24409950,-58.13276931,-32.24409950,automatic,,,yes,yes,no,"Los Lapachos º, Colón",no_ign_match,,,,,,missing_address_point,missing_address_point
147,136,detail,L. N. Alem N° 93,,159,4,manz+parc,2,0100010000000159--004--,derived_from_source_manz_parc,manz_parc,1,medium,unique_match_by_manz_parc,29225,0100010000000159--004--,0100010000000159--004--,matches_source_ncp,0,0,159,4,-58.13723268,-32.22206222,-58.13723268,-32.22206222,automatic,,,yes,yes,yes,"Alem 93, Colón",matched_ign,"ALEM 93, Colón, Entre Ríos",-58.13700903,-32.22204757,21.10,21.10,verified_close,verified_close
148,137,detail,Chacabuco Nº 1173,,348,7,manz+parc,2,0100010000000348--007--,derived_from_source_manz_parc,manz_parc,1,medium,unique_match_by_manz_parc,26867,0100010000000348--007--,0100010000000348--007--,matches_source_ncp,0,0,348,7,-58.15625594,-32.22890689,-58.15625594,-32.22890689,automatic,,,yes,yes,yes,"Chacabuco 1173, Colón",matched_ign,"CHACABUCO 1173, Colón, Entre Ríos",-58.15609682,-32.22918936,34.79,34.79,verified_close,verified_close
149,138,detail,Reibel N° 883,,503,19,manz+parc,2,0100010000000503--019--,derived_from_source_manz_parc,manz_parc,1,medium,unique_match_by_manz_parc,34471,0100010000000503--019--,0100010000000503--019--,matches_source_ncp,0,0,503,19,-58.14599550,-32.23066262,-58.14599550,-32.23066262,automatic,,,yes,yes,yes,"Reibel 883, Colón",matched_ign,"MARTIN REIBEL 883, Colón, Entre Ríos",-58.14579104,-32.23095759,38.02,38.02,verified_close,verified_close
150,141,detail,Moreno Nº 780,,24,17,manz+parc,2,0100010000000024--017--,derived_from_source_manz_parc,manz_parc,1,medium,unique_match_by_manz_parc,27046,0100010000000024--017--,0100010000000024--017--,matches_source_ncp,0,0,24,17,-58.14517380,-32.22847783,-58.14517380,-32.22847783,automatic,,,yes,yes,yes,"Moreno 780, Colón",matched_ign,"MARIANO MORENO 780, Colón, Entre Ríos",-58.14545172,-32.22824411,36.86,36.86,verified_close,verified_close
151,144,detail,Gral. Artigas N° 121,,104,3,manz+parc,2,0100010000000104--003--,derived_from_source_manz_parc,manz_parc,1,medium,unique_match_by_manz_parc,28236,0100010000000104--003--,0100010000000104--003--,matches_source_ncp,0,0,104,3,-58.14017171,-32.22490702,-58.14017171,-32.22490702,automatic,,,yes,yes,yes,"Artigas 121, Colón",matched_ign,"JOSE G ARTIGAS 121, Colón, Entre Ríos",-58.14003348,-32.22484777,14.58,14.58,verified_close,verified_close
152,148,detail,Calle Privada s/Nº - Los Bretes,3,1,1,gru+manz+parc,3,0100010170030001--001--,derived_from_source_gru_manz_parc,gru_manz_parc,1,high,unique_match_by_gru_manz_parc,25093,0100010170030001--001--,0100010170030001--001--,matches_source_ncp,17,3,1,1,-58.13559285,-32.24402229,-58.13559285,-32.24402229,automatic,,,yes,yes,no,"Calle Privada º, Colón",no_ign_match,,,,,,missing_address_point,missing_address_point
153,139,detail,Alberdi s/N°,327,4,1,gru+manz+parc,3,0100010123270004--001--,derived_from_source_gru_manz_parc,gru_manz_parc,1,high,unique_match_by_gru_manz_parc,33746,0100010123270004--001--,0100010123270004--001--,matches_source_ncp,12,327,4,1,-58.16251383,-32.23062640,-58.16251383,-32.23062640,automatic,,,yes,yes,no,"Alberdi °, Colón",no_ign_match,,,,,,missing_address_point,missing_address_point
154,140,detail,Calle Privada s/Nº - Los Bretes,3,2,21,gru+manz+parc,3,0100010170030002--021--,derived_from_source_gru_manz_parc,gru_manz_parc,1,high,unique_match_by_gru_manz_parc,36912,0100010170030002--021--,0100010170030002--021--,matches_source_ncp,17,3,2,21,-58.13515686,-32.24460348,-58.13515686,-32.24460348,automatic,,,yes,yes,no,"Calle Privada º, Colón",no_ign_match,,,,,,missing_address_point,missing_address_point
155,151,detail,Calle Pública s/N°,331,,10,gru+parc,2,,ambiguous_source_components,gru_parc,3,low,ambiguous_match_by_gru_parc,34433,0100010063310001--010--,0100010063310001--010--,matches_source_ncp,6,331,1,10,-58.17012017,-32.20931552,-58.17012017,-32.20931552,automatic,,,yes,yes,no,"Calle Pública °, Colón",no_ign_match,,,,,,missing_address_point,missing_address_point
156,150,detail,"Bvard Gaillard N° 732, 734",,42,6,manz+parc,2,0100010000000042--006--,derived_from_source_manz_parc,manz_parc,1,medium,unique_match_by_manz_parc,29453,0100010000000042--006--,0100010000000042--006--,matches_source_ncp,0,0,42,6,-58.15055162,-32.22166330,-58.15055162,-32.22166330,automatic,,,yes,yes,yes,"Gaillard 732, Colón",matched_ign,"AMILCAR GAILLARD 732, Colón, Entre Ríos",-58.15072909,-32.22149816,24.82,24.82,verified_close,verified_close
157,149,detail,Pte. Perón esq- Combatientes de Malvinas,,634,12,manz+parc,2,0100010000000634--012--,derived_from_source_manz_parc,manz_parc,1,medium,unique_match_by_manz_parc,31121,0100010000000634--012--,0100010000000634--012--,matches_source_ncp,0,0,634,12,-58.15042819,-32.21648401,-58.15042819,-32.21648401,automatic,,,yes,yes,no,"Presidente Perón esq- Combatientes de Malvinas, Colón",no_ign_match,,,,,,missing_address_point,missing_address_point
158,143,detail,Calle Pública s/Nº,2,,142,gru+parc,2,0100010170020000--142--,derived_from_source_gru_parc,gru_parc,1,medium,unique_match_by_gru_parc,36229,0100010170020000--142--,0100010170020000--142--,matches_source_ncp,17,2,0,142,-58.14436538,-32.25105314,-58.14436538,-32.25105314,automatic,,,yes,yes,no,"Calle Pública º, Colón",no_ign_match,,,,,,missing_address_point,missing_address_point
159,152,detail,"Sourigues N° 389, 395, 397 esq. Rocamora",,668,1,manz+parc,2,0100010000000668--001--,derived_from_source_manz_parc,manz_parc,1,medium,unique_match_by_manz_parc,30914,0100010000000668--001--,0100010000000668--001--,matches_source_ncp,0,0,668,1,-58.14630605,-32.21728698,-58.14630605,-32.21728698,automatic,,,yes,yes,yes,"Sourigues 389, Colón",matched_ign,"SOURIGUES 389, Colón, Entre Ríos",-58.14696985,-32.21784389,87.94,87.94,verified_nearby,verified_nearby
160,147,detail,Presbitero Cot N° 410,,611,19,manz+parc,2,,no_unique_parcel_inference,none,0,low,no_cadastral_match,,,,missing_components,,,,,,,,,automatic,,,yes,yes,no,"Presbitero Cot 410, Colón",no_ign_match,,,,,,missing_both_points,missing_both_points
161,146,detail,Bvard Gonzalez N° 220,,3,17,manz+parc,2,,ambiguous_source_components,manz_parc,5,low,ambiguous_match_by_manz_parc,26166,0100010000000003--017--,0100010000000003--017--,matches_source_ncp,0,0,3,17,-58.14477539,-32.23057838,-58.14477539,-32.23057838,automatic,,,yes,yes,no,"Gonzalez 220, Colón",matched_ign,"GONZALEZ 220, Colón, Entre Ríos",-58.14497989,-32.23086154,36.90,36.90,verified_close,verified_close
162,153,detail,Avda Urquiza N° 156,,187,1,manz+parc,2,0100010000000187--001--,derived_from_source_manz_parc,manz_parc,1,medium,unique_match_by_manz_parc,29809,0100010000000187--001--,0100010000000187--001--,matches_source_ncp,0,0,187,1,-58.13576229,-32.22060582,-58.13576229,-32.22060582,automatic,,,yes,yes,yes,"Urquiza 156, Colón",matched_ign,"GRL URQUIZA 156, Colón, Entre Ríos",-58.13584434,-32.22040896,23.21,23.21,verified_close,verified_close
163,155,detail,Calle Pública s/N°,,1,8,manz+parc,2,,ambiguous_source_components,manz_parc,16,low,ambiguous_match_by_manz_parc,25675,0100010000000001--008--,0100010000000001--008--,matches_source_ncp,0,0,1,8,-58.14291271,-32.23214563,-58.14291271,-32.23214563,automatic,,,yes,yes,no,"Calle Pública °, Colón",no_ign_match,,,,,,missing_address_point,missing_address_point
164,154,detail,Creppy N° 89 esq San Martín,,37,13,manz+parc,2,0100010000000037--013--,derived_from_source_manz_parc,manz_parc,1,medium,unique_match_by_manz_parc,28115,0100010000000037--013--,0100010000000037--013--,matches_source_ncp,0,0,37,13,-58.14700864,-32.22545362,-58.14700864,-32.22545362,automatic,,,yes,yes,yes,"Creppy 89, Colón",matched_ign,"FRANCISCO CREPPY 89, Colón, Entre Ríos",-58.14726398,-32.22554059,25.89,25.89,verified_close,verified_close
165,154,detail_continuation,,,,,none,0,,no_unique_parcel_inference,none,0,low,no_cadastral_match,,,,missing_components,,,,,,,,,automatic,,,no,no,no,", Colón",missing_address,,,,,,missing_both_points,missing_both_points
166,158,detail,Calle Privada s/Nº - Los Bretes,3,2,21,gru+manz+parc,3,0100010170030002--021--,derived_from_source_gru_manz_parc,gru_manz_parc,1,high,unique_match_by_gru_manz_parc,36912,0100010170030002--021--,0100010170030002--021--,matches_source_ncp,17,3,2,21,-58.13515686,-32.24460348,-58.13515686,-32.24460348,automatic,,,yes,yes,no,"Calle Privada º, Colón",no_ign_match,,,,,,missing_address_point,missing_address_point
167,156,detail,12 de Abril N° 300,,158,13,manz+parc,2,0100010000000158--013--,derived_from_source_manz_parc,manz_parc,1,medium,unique_match_by_manz_parc,33528,0100010000000158--013--,0100010000000158--013--,matches_source_ncp,0,0,158,13,-58.13857591,-32.22169413,-58.13857591,-32.22169413,automatic,,,yes,yes,yes,"12 de Abril 300, Colón",matched_ign,"12 DE ABRIL 300, Colón, Entre Ríos",-58.13875316,-32.22168503,16.70,16.70,verified_close,verified_close
168,157,detail,Presbitero Berin N° 229,,475,21,manz+parc,2,0100010000000475--021--,derived_from_source_manz_parc,manz_parc,1,medium,unique_match_by_manz_parc,37134,0100010000000475--021--,0100010000000475--021--,matches_source_ncp,0,0,475,21,-58.14587988,-32.23168224,-58.14587988,-32.23168224,automatic,,,yes,yes,yes,"Berin 229, Colón",matched_ign,"C BERIN 229, Colón, Entre Ríos",-58.14564956,-32.23156897,25.06,25.06,verified_close,verified_close
169,160,detail,Mitre Nº 775,,27,6,manz+parc,2,0100010000000027--006--,derived_from_source_manz_parc,manz_parc,1,medium,unique_match_by_manz_parc,26126,0100010000000027--006--,0100010000000027--006--,matches_source_ncp,0,0,27,6,-58.14284319,-32.23077818,-58.14284319,-32.23077818,automatic,,,yes,yes,yes,"Mitre 775, Colón",matched_ign,"GRL MITRE 775, Colón, Entre Ríos",-58.14249248,-32.23103311,43.49,43.49,verified_close,verified_close
170,161,detail,Calle Pùblica s/Nº,271,2,10,gru+manz+parc,3,0100010112710002--010--,derived_from_source_gru_manz_parc,gru_manz_parc,1,high,unique_match_by_gru_manz_parc,37354,0100010112710002--010--,0100010112710002--010--,matches_source_ncp,11,271,2,10,-58.18112552,-32.22833784,-58.18112552,-32.22833784,automatic,,,yes,yes,no,"Calle Pùblica º, Colón",no_ign_match,,,,,,missing_address_point,missing_address_point
171,159,detail,"Piamonte N° 227, 229",,376,,manz,1,,no_unique_parcel_inference,none,0,low,no_cadastral_match,,,,missing_components,,,,,,,,,automatic,,,yes,yes,no,"Piamonte 227, Colón",matched_ign,"PIAMONTE 227, Colón, Entre Ríos",-58.15610879,-32.22853081,,,missing_cadastral_point,missing_cadastral_point
172,162,detail,J. Artalaz s/N°,341,0,2,gru+manz+parc,3,0100010063410000--002--,derived_from_source_gru_manz_parc,gru_manz_parc,1,high,unique_match_by_gru_manz_parc,36208,0100010063410000--002--,0100010063410000--002--,matches_source_ncp,6,341,0,2,-58.16365690,-32.21604662,-58.16365690,-32.21604662,automatic,,,yes,yes,no,"J. Artalaz °, Colón",no_ign_match,,,,,,missing_address_point,missing_address_point
173,164,detail,Batalla de Cepeda N° 319,,715,16,manz+parc,2,,no_unique_parcel_inference,none,0,low,no_cadastral_match,,,,missing_components,,,,,,,,,automatic,,,yes,yes,no,"Batalla de Cepeda 319, Colón",matched_ign,"BATALLA DE CEPEDA 319, Colón, Entre Ríos",-58.14855246,-32.21242883,,,missing_cadastral_point,missing_cadastral_point
174,165,detail,Piamonte N° esq Tratado del Pilar,36,355,1,gru+manz+parc,3,0100011010360355--001--,derived_from_source_gru_manz_parc,gru_manz_parc,1,high,unique_match_by_gru_manz_parc,29186,0100011010360355--001--,0100011010360355--001--,matches_source_ncp,101,36,355,1,-58.16173634,-32.22327542,-58.16173634,-32.22327542,automatic,,,yes,yes,no,"Piamonte esq Tratado del Pilar, Colón",no_ign_match,,,,,,missing_address_point,missing_address_point
175,163,detail,Primera Junta y Bolívar,,,,none,0,,no_unique_parcel_inference,none,0,low,no_cadastral_match,,,,missing_components,,,,,,,,,automatic,,,yes,no,no,"Primera Junta y Bolívar, Colón",no_ign_match,,,,,,missing_both_points,missing_both_points
176,166,detail,Combatientes de Malvinas N° 181,,779,9,manz+parc,2,0100010000000779--009--,derived_from_source_manz_parc,manz_parc,1,medium,unique_match_by_manz_parc,31750,0100010000000779--009--,0100010000000779--009--,matches_source_ncp,0,0,779,9,-58.14494887,-32.21194319,-58.14494887,-32.21194319,automatic,,,yes,yes,yes,"Combatientes de Malvinas 181, Colón",matched_ign,"COMBATIENTES DE MALVINAS 181, Colón, Entre Ríos",-58.14473794,-32.21220385,35.13,35.13,verified_close,verified_close
177,167,detail,Avda Quirós N° 128,,228,3,manz+parc,2,0100010000000228--003--,derived_from_source_manz_parc,manz_parc,1,medium,unique_match_by_manz_parc,31123,0100010000000228--003--,0100010000000228--003--,matches_source_ncp,0,0,228,3,-58.13568952,-32.21630679,-58.13568952,-32.21630679,automatic,,,yes,yes,no,"Avenida Quirós 128, Colón",no_ign_match,,,,,,missing_address_point,missing_address_point
178,172,detail,A. Peyret N°,,227,5,manz+parc,2,0100010000000227--005--,derived_from_source_manz_parc,manz_parc,1,medium,unique_match_by_manz_parc,30891,0100010000000227--005--,0100010000000227--005--,matches_source_ncp,0,0,227,5,-58.13555039,-32.21729154,-58.13555039,-32.21729154,automatic,,,yes,yes,no,"A. Peyret, Colón",no_ign_match,,,,,,missing_address_point,missing_address_point
179,169,detail,Craviotto N°,,336,16,manz+parc,2,0100011020260336--016--,derived_from_source_manz_parc,manz_parc,1,medium,unique_match_by_manz_parc,36692,0100011020260336--016--,0100011020260336--016--,matches_source_ncp,102,26,336,16,-58.14848047,-32.23753425,-58.14848047,-32.23753425,automatic,,,yes,yes,no,"Craviotto, Colón",no_ign_match,,,,,,missing_address_point,missing_address_point
180,173,detail,E. Gouchón N° 777,,18,9,manz+parc,2,,ambiguous_source_components,manz_parc,2,low,ambiguous_match_by_manz_parc,28323,0100010000000018--009--,0100010000000018--009--,matches_source_ncp,0,0,18,9,-58.14880810,-32.22480266,-58.14880810,-32.22480266,automatic,,,yes,yes,no,"E. Gouchón 777, Colón",matched_ign,"EMILIO GOUCHON 777, Colón, Entre Ríos",-58.14859427,-32.22500373,30.07,30.07,verified_close,verified_close
181,168,detail,Angel Elias esq Calle Pública s/N°,111,4,6,gru+manz+parc,3,0100010151110004--006--,derived_from_source_gru_manz_parc,gru_manz_parc,1,high,unique_match_by_gru_manz_parc,37284,0100010151110004--006--,0100010151110004--006--,matches_source_ncp,15,111,4,6,-58.20650646,-32.26670743,-58.20650646,-32.26670743,automatic,,,yes,yes,no,"Angel Elias esq Calle Pública °, Colón",no_ign_match,,,,,,missing_address_point,missing_address_point
182,171,detail,Paso de los Andes N°,327,5,18,gru+manz+parc,3,0100010123270005--018--,derived_from_source_gru_manz_parc,gru_manz_parc,1,high,unique_match_by_gru_manz_parc,37766,0100010123270005--018--,0100010123270005--018--,matches_source_ncp,12,327,5,18,-58.16362727,-32.23100428,-58.16362727,-32.23100428,automatic,,,yes,yes,no,"Paso de los Andes, Colón",no_ign_match,,,,,,missing_address_point,missing_address_point
183,170,detail,Avda. Pte. Perón N° 77,5554 y 5555,89,,gru+manz,2,,no_unique_parcel_inference,none,0,low,no_cadastral_match,,,,missing_components,,,,,,,,,automatic,,,yes,yes,no,"Avenida Presidente Perón 77, Colón",matched_ign,"AV PRES PERON 77, Colón, Entre Ríos",-58.14393628,-32.22349944,,,missing_cadastral_point,missing_cadastral_point
184,175,detail,Sarmiento N° 688,,736,10,manz+parc,2,0100010000000736--010--,derived_from_source_manz_parc,manz_parc,1,medium,unique_match_by_manz_parc,31786,0100010000000736--010--,0100010000000736--010--,matches_source_ncp,0,0,736,10,-58.14810109,-32.21166504,-58.14810109,-32.21166504,automatic,,,yes,yes,yes,"Sarmiento 688, Colón",matched_ign,"SARMIENTO 688, Colón, Entre Ríos",-58.14793106,-32.21101842,73.66,73.66,verified_nearby,verified_nearby
185,174,detail,Combatientes de Malvinas N° 612,,598,20,manz+parc,2,0100010000000598--020--,derived_from_source_manz_parc,manz_parc,1,medium,unique_match_by_manz_parc,36620,0100010000000598--020--,0100010000000598--020--,matches_source_ncp,0,0,598,20,-58.15154126,-32.21722969,-58.15154126,-32.21722969,automatic,,,yes,yes,yes,"Combatientes de Malvinas 612, Colón",matched_ign,"COMBATIENTES DE MALVINAS 612, Colón, Entre Ríos",-58.15154540,-32.21708848,15.71,15.71,verified_close,verified_close
186,177,detail,Calle Azurduy N°,331,1,1,gru+manz+parc,3,0100010063310001--001--,derived_from_source_gru_manz_parc,gru_manz_parc,1,high,unique_match_by_gru_manz_parc,33792,0100010063310001--001--,0100010063310001--001--,matches_source_ncp,6,331,1,1,-58.16953929,-32.20882788,-58.16953929,-32.20882788,automatic,,,yes,yes,no,"Calle Azurduy, Colón",no_ign_match,,,,,,missing_address_point,missing_address_point
187,178,detail,Rocamora N° 1050,62,435,23,gru+manz+parc,3,0100011010620435--023--,derived_from_source_gru_manz_parc,gru_manz_parc,1,high,unique_match_by_gru_manz_parc,37209,0100011010620435--023--,0100011010620435--023--,matches_source_ncp,101,62,435,23,-58.15688251,-32.22455888,-58.15688251,-32.22455888,automatic,,,yes,yes,yes,"Rocamora 1050, Colón",matched_ign,"TOMAS DE ROCAMORA 1050, Colón, Entre Ríos",-58.15686408,-32.22477696,24.31,24.31,verified_close,verified_close
188,176,detail,Paso de los Andes N°,327,8,8,gru+manz+parc,3,0100010123270008--008--,derived_from_source_gru_manz_parc,gru_manz_parc,1,high,unique_match_by_gru_manz_parc,37302,0100010123270008--008--,0100010123270008--008--,matches_source_ncp,12,327,8,8,-58.16380920,-32.23037002,-58.16380920,-32.23037002,automatic,,,yes,yes,no,"Paso de los Andes, Colón",no_ign_match,,,,,,missing_address_point,missing_address_point
189,179,detail,Calle Privada s/Nº - Los Bretes,3,4,3,gru+manz+parc,3,0100010170030004--003--,derived_from_source_gru_manz_parc,gru_manz_parc,1,high,unique_match_by_gru_manz_parc,33203,0100010170030004--003--,0100010170030004--003--,matches_source_ncp,17,3,4,3,-58.13275103,-32.24450863,-58.13275103,-32.24450863,automatic,,,yes,yes,no,"Calle Privada º, Colón",no_ign_match,,,,,,missing_address_point,missing_address_point
190,180,detail,Lugones N° 226,341,,2,gru+parc,2,,ambiguous_source_components,gru_parc,6,low,ambiguous_match_by_gru_parc,36069,0100010063410002--002--,0100010063410002--002--,matches_source_ncp,6,341,2,2,-58.16135609,-32.21564867,-58.16135609,-32.21564867,automatic,,,yes,yes,no,"Lugones 226, Colón",matched_ign,"LEOPOLDO LUGONES 226, Colón, Entre Ríos",-58.13340655,-32.22270093,2743.73,2743.73,review_large_gap,review_large_gap
191,181,detail,Calle pública s/N°,271,1,13,gru+manz+parc,3,0100010112710001--013--,derived_from_source_gru_manz_parc,gru_manz_parc,1,high,unique_match_by_gru_manz_parc,37337,0100010112710001--013--,0100010112710001--013--,matches_source_ncp,11,271,1,13,-58.18157948,-32.22871667,-58.18157948,-32.22871667,automatic,,,yes,yes,no,"Calle pública °, Colón",no_ign_match,,,,,,missing_address_point,missing_address_point
192,182,detail,Calle Pùblica s/Nº,310,2,4,gru+manz+parc,3,0100010113100002--004--,derived_from_source_gru_manz_parc,gru_manz_parc,1,high,unique_match_by_gru_manz_parc,33312,0100010113100002--004--,0100010113100002--004--,matches_source_ncp,11,310,2,4,-58.16691190,-32.22968587,-58.16691190,-32.22968587,automatic,,,yes,yes,no,"Calle Pùblica º, Colón",no_ign_match,,,,,,missing_address_point,missing_address_point
193,184,detail,"12 de Abril N° 268, 270",,158,16 - UF 01,manz+parc,2,,no_unique_parcel_inference,none,0,low,no_cadastral_match,,,,missing_components,,,,,,,,,automatic,,,yes,yes,no,"12 de Abril 268, Colón",matched_ign,"12 DE ABRIL 268, Colón, Entre Ríos",-58.13823337,-32.22131054,,,missing_cadastral_point,missing_cadastral_point
194,184,detail_continuation,,,,16 - UF 02,parc,1,,no_unique_parcel_inference,none,0,low,no_cadastral_match,,,,missing_components,,,,,,,,,automatic,,,no,yes,no,", Colón",missing_address,,,,,,missing_both_points,missing_both_points
195,188,detail,Calle Privada s/Nº - Los Bretes,3,4,26,gru+manz+parc,3,0100010170030004--026--,derived_from_source_gru_manz_parc,gru_manz_parc,1,high,unique_match_by_gru_manz_parc,36087,0100010170030004--026--,0100010170030004--026--,matches_source_ncp,17,3,4,26,-58.13374853,-32.24444597,-58.13374853,-32.24444597,automatic,,,yes,yes,no,"Calle Privada º, Colón",no_ign_match,,,,,,missing_address_point,missing_address_point
196,186,detail,San Martìn Nº 1210,,318,1,manz+parc,2,0100010000000318--001--,derived_from_source_manz_parc,manz_parc,1,medium,unique_match_by_manz_parc,25766,0100010000000318--001--,0100010000000318--001--,matches_source_ncp,0,0,318,1,-58.15433080,-32.23205586,-58.15433080,-32.23205586,automatic,,,yes,yes,yes,"San Martìn 1210, Colón",matched_ign,"AV SAN MARTIN 1210, Colón, Entre Ríos",-58.15459472,-32.23182438,35.76,35.76,verified_close,verified_close
197,185,detail,Calle Privada s/Nº - Los Bretes,3,4,31,gru+manz+parc,3,0100010170030004--031--,derived_from_source_gru_manz_parc,gru_manz_parc,1,high,unique_match_by_gru_manz_parc,36236,0100010170030004--031--,0100010170030004--031--,matches_source_ncp,17,3,4,31,-58.13304652,-32.24460581,-58.13304652,-32.24460581,automatic,,,yes,yes,no,"Calle Privada º, Colón",no_ign_match,,,,,,missing_address_point,missing_address_point
198,185,detail_continuation,,,,32,parc,1,,no_unique_parcel_inference,none,0,low,no_cadastral_match,,,,missing_components,,,,,,,,,automatic,,,no,yes,no,", Colón",missing_address,,,,,,missing_both_points,missing_both_points
199,183,detail,Calle Privada s/Nº - Los Bretes,3,6,12,gru+manz+parc,3,0100010170030006--012--,derived_from_source_gru_manz_parc,gru_manz_parc,1,high,unique_match_by_gru_manz_parc,37394,0100010170030006--012--,0100010170030006--012--,matches_source_ncp,17,3,6,12,-58.13217729,-32.24486505,-58.13217729,-32.24486505,automatic,,,yes,yes,no,"Calle Privada º, Colón",no_ign_match,,,,,,missing_address_point,missing_address_point
200,187,detail,"Ruta Nac N° 135, km 11",3,,38,gru+parc,2,,ambiguous_source_components,gru_parc,2,low,ambiguous_match_by_gru_parc,24549,0100010180030000--038--,0100010180030000--038--,matches_source_ncp,18,3,0,38,-58.20587861,-32.29300128,-58.20587861,-32.29300128,automatic,,,yes,yes,no,"Ruta Nac 135, km 11, Colón",no_ign_match,,,,,,missing_address_point,missing_address_point
201,189,detail,Avda Urquiza N° 199,,186,8,manz+parc,2,0100010000000186--008--,derived_from_source_manz_parc,manz_parc,1,medium,unique_match_by_manz_parc,29815,0100010000000186--008--,0100010000000186--008--,matches_source_ncp,0,0,186,8,-58.13663881,-32.22067221,-58.13663881,-32.22067221,automatic,,,yes,yes,yes,"Urquiza 199, Colón",matched_ign,"GRL URQUIZA 199, Colón, Entre Ríos",-58.13658882,-32.22094088,30.24,30.24,verified_close,verified_close
202,190,detail,Dr. Raúl Alfonsín Nº,,662,8,manz+parc,2,0100010000000662--008--,derived_from_source_manz_parc,manz_parc,1,medium,unique_match_by_manz_parc,32681,0100010000000662--008--,0100010000000662--008--,matches_source_ncp,0,0,662,8,-58.13222129,-32.23218844,-58.13222129,-32.23218844,automatic,,,yes,yes,no,"Dr. Raúl Alfonsín, Colón",no_ign_match,,,,,,missing_address_point,missing_address_point
203,191,detail,Avda. Urquiza N°,,343,6,manz+parc,2,0100010000000343--006--,derived_from_source_manz_parc,manz_parc,1,medium,unique_match_by_manz_parc,25647,0100010000000343--006--,0100010000000343--006--,matches_source_ncp,0,0,343,6,-58.15322688,-32.23256468,-58.15322688,-32.23256468,automatic,,,yes,yes,no,"Avenida Urquiza, Colón",no_ign_match,,,,,,missing_address_point,missing_address_point
204,192,detail,Salta N° 391,,577,23,manz+parc,2,,no_unique_parcel_inference,none,0,low,no_cadastral_match,,,,missing_components,,,,,,,,,automatic,,,yes,yes,no,"Salta 391, Colón",matched_ign,"SALTA 391, Colón, Entre Ríos",-58.15075937,-32.22053747,,,missing_cadastral_point,missing_cadastral_point
205,193,detail,Pte Perón N°,,833,11,manz+parc,2,,no_unique_parcel_inference,none,0,low,no_cadastral_match,,,,missing_components,,,,,,,,,automatic,,,yes,yes,no,"Presidente Perón, Colón",no_ign_match,,,,,,missing_both_points,missing_both_points
206,194,detail,Los Cardos esq Calle Pública,271,2,4,gru+manz+parc,3,0100010112710002--004--,derived_from_source_gru_manz_parc,gru_manz_parc,1,high,unique_match_by_gru_manz_parc,37348,0100010112710002--004--,0100010112710002--004--,matches_source_ncp,11,271,2,4,-58.18105699,-32.22778474,-58.18105699,-32.22778474,automatic,,,yes,yes,no,"Los Cardos esq Calle Pública, Colón",no_ign_match,,,,,,missing_address_point,missing_address_point
207,196,detail,San Martín N° 286,,157,23,manz+parc,2,0100010000000157--023--,derived_from_source_manz_parc,manz_parc,1,medium,unique_match_by_manz_parc,29708,0100010000000157--023--,0100010000000157--023--,matches_source_ncp,0,0,157,23,-58.13908522,-32.22088468,-58.13908522,-32.22088468,automatic,,,yes,yes,yes,"San Martín 286, Colón",matched_ign,"AV SAN MARTIN 286, Colón, Entre Ríos",-58.13923727,-32.22081218,16.42,16.42,verified_close,verified_close
208,195,detail,San Martín N° 373,,128,10,manz+parc,2,0100010000000128--010--,derived_from_source_manz_parc,manz_parc,1,medium,unique_match_by_manz_parc,29404,0100010000000128--010--,0100010000000128--010--,matches_source_ncp,0,0,128,10,-58.14091801,-32.22167015,-58.14091801,-32.22167015,automatic,,,yes,yes,yes,"San Martín 373, Colón",matched_ign,"AV SAN MARTIN 373, Colón, Entre Ríos",-58.14069580,-32.22185938,29.66,29.66,verified_close,verified_close
209,198,detail,Lavalle N° 122,,,,none,0,,no_unique_parcel_inference,none,0,low,no_cadastral_match,,,,missing_components,,,,,,,,,automatic,,,yes,no,no,"Lavalle 122, Colón",matched_ign,"LAVALLE 122, Colón, Entre Ríos",-58.13884178,-32.21866998,,,missing_cadastral_point,missing_cadastral_point
210,199,detail,H. Vieytes N° 504,,591,5,manz+parc,2,0100010000000591--005--,derived_from_source_manz_parc,manz_parc,1,medium,unique_match_by_manz_parc,34453,0100010000000591--005--,0100010000000591--005--,matches_source_ncp,0,0,591,5,-58.13716319,-32.23243273,-58.13716319,-32.23243273,automatic,,,yes,yes,yes,"Vieytes 504, Colón",matched_ign,"HIPOLITO VIEYTES 504, Colón, Entre Ríos",-58.13735784,-32.23250345,19.93,19.93,verified_close,verified_close
211,544293,detail,Calle Pública s/N°,326,6,2,gru+manz+parc,3,0100010123260006--002--,derived_from_source_gru_manz_parc,gru_manz_parc,1,high,unique_match_by_gru_manz_parc,37020,0100010123260006--002--,0100010123260006--002--,matches_source_ncp,12,326,6,2,-58.15940613,-32.23313525,-58.15940613,-32.23313525,automatic,,,yes,yes,no,"Calle Pública °, Colón",no_ign_match,,,,,,missing_address_point,missing_address_point
212,545021,detail,Calle Pública s/N°,326,6,2,gru+manz+parc,3,0100010123260006--002--,derived_from_source_gru_manz_parc,gru_manz_parc,1,high,unique_match_by_gru_manz_parc,37020,0100010123260006--002--,0100010123260006--002--,matches_source_ncp,12,326,6,2,-58.15940613,-32.23313525,-58.15940613,-32.23313525,automatic,,,yes,yes,no,"Calle Pública °, Colón",no_ign_match,,,,,,missing_address_point,missing_address_point
213,545022,detail,Calle Pública s/N°,326,6,2,gru+manz+parc,3,0100010123260006--002--,derived_from_source_gru_manz_parc,gru_manz_parc,1,high,unique_match_by_gru_manz_parc,37020,0100010123260006--002--,0100010123260006--002--,matches_source_ncp,12,326,6,2,-58.15940613,-32.23313525,-58.15940613,-32.23313525,automatic,,,yes,yes,no,"Calle Pública °, Colón",no_ign_match,,,,,,missing_address_point,missing_address_point
214,545023,detail,Calle Pública s/N°,326,6,2,gru+manz+parc,3,0100010123260006--002--,derived_from_source_gru_manz_parc,gru_manz_parc,1,high,unique_match_by_gru_manz_parc,37020,0100010123260006--002--,0100010123260006--002--,matches_source_ncp,12,326,6,2,-58.15940613,-32.23313525,-58.15940613,-32.23313525,automatic,,,yes,yes,no,"Calle Pública °, Colón",no_ign_match,,,,,,missing_address_point,missing_address_point
215,267,detail,Hernández s/N°,111,644,8,gru+manz+parc,3,0100011021110644--008--,derived_from_source_gru_manz_parc,gru_manz_parc,1,high,unique_match_by_gru_manz_parc,36206,0100011021110644--008--,0100011021110644--008--,matches_source_ncp,102,111,644,8,-58.13414639,-32.23194584,-58.13414639,-32.23194584,automatic,,,yes,yes,no,"Hernández °, Colón",no_ign_match,,,,,,missing_address_point,missing_address_point
216,258,detail,Reybel N° 248,,167,11,manz+parc,2,0100010000000167--011--,derived_from_source_manz_parc,manz_parc,1,medium,unique_match_by_manz_parc,28635,0100010000000167--011--,0100010000000167--011--,matches_source_ncp,0,0,167,11,-58.13524297,-32.22356188,-58.13524297,-32.22356188,automatic,,,yes,yes,no,"Reybel 248, Colón",no_ign_match,,,,,,missing_address_point,missing_address_point
217,197,detail,Alberdi N° ..,327,6,3,gru+manz+parc,3,0100010123270006--003--,derived_from_source_gru_manz_parc,gru_manz_parc,1,high,unique_match_by_gru_manz_parc,33754,0100010123270006--003--,0100010123270006--003--,matches_source_ncp,12,327,6,3,-58.16452906,-32.23152360,-58.16452906,-32.23152360,automatic,,,yes,yes,no,"Alberdi ., Colón",no_ign_match,,,,,,missing_address_point,missing_address_point
218,200,detail,Lugones N° 13 esq 12 de Abril,,185,1,manz+parc,2,0100010000000185--001--,derived_from_source_manz_parc,manz_parc,1,medium,unique_match_by_manz_parc,30250,0100010000000185--001--,0100010000000185--001--,matches_source_ncp,0,0,185,1,-58.13704220,-32.21931175,-58.13704220,-32.21931175,automatic,,,yes,yes,yes,"Lugones 13, Colón",matched_ign,"LEOPOLDO LUGONES 13, Colón, Entre Ríos",-58.13612327,-32.21997721,113.79,113.79,verified_nearby,verified_nearby
219,201,detail,"Rocamora N° 1121, 1125",,380,12,manz+parc,2,0100011010480380--012--,derived_from_source_manz_parc,manz_parc,1,medium,unique_match_by_manz_parc,36265,0100011010480380--012--,0100011010480380--012--,matches_source_ncp,101,48,380,12,-58.15838429,-32.22543494,-58.15838429,-32.22543494,automatic,,,yes,yes,no,"Rocamora 1121, 1125, Colón",no_ign_match,,,,,,missing_address_point,missing_address_point
220,202,detail,Juan Manuel de Rosas N°,314,,10,gru+parc,2,0100010053140000--010--,derived_from_source_gru_parc,gru_parc,1,medium,unique_match_by_gru_parc,37376,0100010053140000--010--,0100010053140000--010--,matches_source_ncp,5,314,0,10,-58.17406661,-32.21440935,-58.17406661,-32.21440935,automatic,,,yes,yes,no,"Juan Manuel de Rosas, Colón",no_ign_match,,,,,,missing_address_point,missing_address_point
221,206,detail,Alberdi N° 720,,41,16,manz+parc,2,0100010000000041--016--,derived_from_source_manz_parc,manz_parc,1,medium,unique_match_by_manz_parc,29218,0100010000000041--016--,0100010000000041--016--,matches_source_ncp,0,0,41,16,-58.14962409,-32.22229413,-58.14962409,-32.22229413,automatic,,,yes,yes,yes,"Alberdi 720, Colón",matched_ign,"ALBERDI 720, Colón, Entre Ríos",-58.14901137,-32.22286558,85.79,85.79,verified_nearby,verified_nearby
222,205,detail,Rocamora N° 188,,775,12,manz+parc,2,0100010000000775--012--,derived_from_source_manz_parc,manz_parc,1,medium,unique_match_by_manz_parc,31460,0100010000000775--012--,0100010000000775--012--,matches_source_ncp,0,0,775,12,-58.14251269,-32.21459808,-58.14251269,-32.21459808,automatic,,,yes,yes,yes,"Rocamora 188, Colón",matched_ign,"TOMAS DE ROCAMORA 188, Colón, Entre Ríos",-58.14266315,-32.21450688,17.41,17.41,verified_close,verified_close
223,203,detail,Calle Tala s/Nº,365,12,1,gru+manz+parc,3,,ambiguous_source_components,manz_parc,6,low,ambiguous_match_by_manz_parc,24520,0100011030000012--001--,0100011030000012--001--,matches_source_ncp,103,0,12,1,-58.23766079,-32.29592863,-58.23766079,-32.29592863,automatic,,,yes,yes,no,"Calle Tala º, Colón",no_ign_match,,,,,,missing_address_point,missing_address_point
224,204,detail,"12 de Abril esq Lavalle N° 2, 8, 10, 12",,172,5,manz+parc,2,0100010000000172--005--,derived_from_source_manz_parc,manz_parc,1,medium,unique_match_by_manz_parc,29909,0100010000000172--005--,0100010000000172--005--,matches_source_ncp,0,0,172,5,-58.13740316,-32.22034108,-58.13740316,-32.22034108,automatic,,,yes,yes,yes,"de Abril 2, Colón",matched_ign,"12 DE ABRIL 2, Colón, Entre Ríos",-58.13367102,-32.21802582,435.37,435.37,review_large_gap,review_large_gap
225,207,detail,"12 de Abril N° 158, 162 (160)",,186,2,manz+parc,2,0100010000000186--002--,derived_from_source_manz_parc,manz_parc,1,medium,unique_match_by_manz_parc,29983,0100010000000186--002--,0100010000000186--002--,matches_source_ncp,0,0,186,2,-58.13635136,-32.22008951,-58.13635136,-32.22008951,automatic,,,yes,yes,yes,"12 de Abril 158, Colón",matched_ign,"12 DE ABRIL 158, Colón, Entre Ríos",-58.13636472,-32.21994180,16.47,16.47,verified_close,verified_close
226,209,detail,Cabo Pereyra N°,,283,9,manz+parc,2,0100010000000283--009--,derived_from_source_manz_parc,manz_parc,1,medium,unique_match_by_manz_parc,34718,0100010000000283--009--,0100010000000283--009--,matches_source_ncp,0,0,283,9,-58.15895658,-32.23049870,-58.15895658,-32.23049870,automatic,,,yes,yes,no,"Cabo Pereyra, Colón",no_ign_match,,,,,,missing_address_point,missing_address_point
227,208,detail,Santa Cruz N° 1015,62,435,10,gru+manz+parc,3,0100011010620435--010--,derived_from_source_gru_manz_parc,gru_manz_parc,1,high,unique_match_by_gru_manz_parc,34444,0100011010620435--010--,0100011010620435--010--,matches_source_ncp,101,62,435,10,-58.15696110,-32.22435159,-58.15696110,-32.22435159,automatic,,,yes,yes,no,"Santa Cruz 1015, Colón",no_ign_match,,,,,,missing_address_point,missing_address_point
228,210,detail,Colón N° entre Nogoyá y ]Hugues (Colonia Hugues),1,,74,gru+parc,2,,ambiguous_source_components,gru_parc,3,low,ambiguous_match_by_gru_parc,33686,0100010190010000--074--,0100010190010000--074--,matches_source_ncp,19,1,0,74,-58.23856144,-32.29428413,-58.23856144,-32.29428413,automatic,,,yes,yes,no,"Colón entre Nogoyá y ]Hugues Colonia Hugues, Colón",no_ign_match,,,,,,missing_address_point,missing_address_point
229,211,detail,Sourigues N° 60,,100,6,manz+parc,2,0100010000000100--006--,derived_from_source_manz_parc,manz_parc,1,medium,unique_match_by_manz_parc,29011,0100010000000100--006--,0100010000000100--006--,matches_source_ncp,0,0,100,6,-58.14237610,-32.22271636,-58.14237610,-32.22271636,automatic,,,yes,yes,yes,"Sourigues 60, Colón",matched_ign,"SOURIGUES 60, Colón, Entre Ríos",-58.14217550,-32.22266543,19.70,19.70,verified_close,verified_close
230,214,detail,Calle Privada s/Nº - Los Bretes,3,3,1,gru+manz+parc,3,0100010170030003--001--,derived_from_source_gru_manz_parc,gru_manz_parc,1,high,unique_match_by_gru_manz_parc,33195,0100010170030003--001--,0100010170030003--001--,matches_source_ncp,17,3,3,1,-58.13227817,-32.24339118,-58.13227817,-32.24339118,automatic,,,yes,yes,no,"Calle Privada º, Colón",no_ign_match,,,,,,missing_address_point,missing_address_point
231,213,detail,Calle Privada s/Nº - Los Bretes,3,8,6,gru+manz+parc,3,0100010170030008--006--,derived_from_source_gru_manz_parc,gru_manz_parc,1,high,unique_match_by_gru_manz_parc,33763,0100010170030008--006--,0100010170030008--006--,matches_source_ncp,17,3,8,6,-58.12957956,-32.24324954,-58.12957956,-32.24324954,automatic,,,yes,yes,no,"Calle Privada º, Colón",no_ign_match,,,,,,missing_address_point,missing_address_point
232,217,detail,3 de Febrero N° 449,,799,13,manz+parc,2,0100010000000799--013--,derived_from_source_manz_parc,manz_parc,1,medium,unique_match_by_manz_parc,31603,0100010000000799--013--,0100010000000799--013--,matches_source_ncp,0,0,799,13,-58.14246400,-32.21328527,-58.14246400,-32.21328527,automatic,,,yes,yes,yes,"3 de Febrero 449, Colón",matched_ign,"3 DE FEBRERO 449, Colón, Entre Ríos",-58.14277371,-32.21329635,29.16,29.16,verified_close,verified_close
233,220,detail,"San Martín N° 231, 235",,173,8,manz+parc,2,0100010000000173--008--,derived_from_source_manz_parc,manz_parc,1,medium,unique_match_by_manz_parc,30096,0100010000000173--008--,0100010000000173--008--,matches_source_ncp,0,0,173,8,-58.13851181,-32.21985787,-58.13851181,-32.21985787,automatic,,,yes,yes,yes,"San Martín 231, Colón",matched_ign,"AV SAN MARTIN 231, Colón, Entre Ríos",-58.13830802,-32.22014127,36.89,36.89,verified_close,verified_close
234,224,detail,"Ruta Nac N° 14, km 147",1,,31,gru+parc,2,,ambiguous_source_components,gru_parc,3,low,ambiguous_match_by_gru_parc,24561,0100010190010000--031--,0100010190010000--031--,matches_source_ncp,19,1,0,31,-58.25333257,-32.29312238,-58.25333257,-32.29312238,automatic,,,yes,yes,no,"Ruta Nac 14, km 147, Colón",no_ign_match,,,,,,missing_address_point,missing_address_point
235,223,detail,"Avda Urquiza N° 351 y 355, esq. Calle Andrade",,130,5,manz+parc,2,0100010000000130--005--,derived_from_source_manz_parc,manz_parc,1,medium,unique_match_by_manz_parc,28980,0100010000000130--005--,0100010000000130--005--,matches_source_ncp,0,0,130,5,-58.13942000,-32.22272135,-58.13942000,-32.22272135,automatic,,,yes,yes,yes,"Urquiza 351, Colón",matched_ign,"GRL URQUIZA 351, Colón, Entre Ríos",-58.13913393,-32.22277704,27.61,27.61,verified_close,verified_close
236,215,detail,Calle Privada s/Nº - Los Bretes,3,4,5,gru+manz+parc,3,0100010170030004--005--,derived_from_source_gru_manz_parc,gru_manz_parc,1,high,unique_match_by_gru_manz_parc,33205,0100010170030004--005--,0100010170030004--005--,matches_source_ncp,17,3,4,5,-58.13237762,-32.24396092,-58.13237762,-32.24396092,automatic,,,yes,yes,no,"Calle Privada º, Colón",no_ign_match,,,,,,missing_address_point,missing_address_point
237,225,detail,M. M. Lima N° 272,,732,17,manz+parc,2,0100010000000732--017--,derived_from_source_manz_parc,manz_parc,1,medium,unique_match_by_manz_parc,31509,0100010000000732--017--,0100010000000732--017--,matches_source_ncp,0,0,732,17,-58.14539210,-32.21417905,-58.14539210,-32.21417905,automatic,,,yes,yes,yes,"Lima 272, Colón",matched_ign,"MARINO LIMA 272, Colón, Entre Ríos",-58.14553505,-32.21402801,21.52,21.52,verified_close,verified_close
238,227,detail,Calle Privada s/Nº - Los Bretes,3,3,14,gru+manz+parc,3,0100010170030003--014--,derived_from_source_gru_manz_parc,gru_manz_parc,1,high,unique_match_by_gru_manz_parc,33759,0100010170030003--014--,0100010170030003--014--,matches_source_ncp,17,3,3,14,-58.13193509,-32.24291264,-58.13193509,-32.24291264,automatic,,,yes,yes,no,"Calle Privada º, Colón",no_ign_match,,,,,,missing_address_point,missing_address_point
239,216,detail,Chacabuco Nº 172,,182,19,manz+parc,2,0100010000000182--019--,derived_from_source_manz_parc,manz_parc,1,medium,unique_match_by_manz_parc,30883,0100010000000182--019--,0100010000000182--019--,matches_source_ncp,0,0,182,19,-58.13932087,-32.21739972,-58.13932087,-32.21739972,automatic,,,yes,yes,yes,"Chacabuco 172, Colón",matched_ign,"CHACABUCO 172, Colón, Entre Ríos",-58.13944806,-32.21724990,20.51,20.51,verified_close,verified_close
240,226,detail,,,428,6,manz+parc,2,0100010000000428--006--,derived_from_source_manz_parc,manz_parc,1,medium,unique_match_by_manz_parc,26749,0100010000000428--006--,0100010000000428--006--,matches_source_ncp,0,0,428,6,-58.15149103,-32.22901358,-58.15149103,-32.22901358,automatic,,,no,yes,no,", Colón",missing_address,,,,,,missing_address_point,missing_address_point
241,222,detail,Juan Carlos Pozzi N°,,18,4,manz+parc,2,,ambiguous_source_components,manz_parc,4,low,ambiguous_match_by_manz_parc,28406,0100010000000018--004--,0100010000000018--004--,matches_source_ncp,0,0,18,4,-58.14871655,-32.22449822,-58.14871655,-32.22449822,automatic,,,yes,yes,no,"Juan Carlos Pozzi, Colón",no_ign_match,,,,,,missing_address_point,missing_address_point
242,221,detail,San Martín N° 1318,,279,18,manz+parc,2,0100010000000279--018--,derived_from_source_manz_parc,manz_parc,1,medium,unique_match_by_manz_parc,25480,0100010000000279--018--,0100010000000279--018--,matches_source_ncp,0,0,279,18,-58.15636510,-32.23335419,-58.15636510,-32.23335419,automatic,,,yes,yes,yes,"San Martín 1318, Colón",matched_ign,"AV SAN MARTIN 1318, Colón, Entre Ríos",-58.15647136,-32.23315644,24.15,24.15,verified_close,verified_close
243,221,detail_continuation,,,,21,parc,1,,no_unique_parcel_inference,none,0,low,no_cadastral_match,,,,missing_components,,,,,,,,,automatic,,,no,yes,no,", Colón",missing_address,,,,,,missing_both_points,missing_both_points
244,218,detail,Salsipuedes s/Nª,327,6,11,gru+manz+parc,3,0100010123270006--011--,derived_from_source_gru_manz_parc,gru_manz_parc,1,high,unique_match_by_gru_manz_parc,37385,0100010123270006--011--,0100010123270006--011--,matches_source_ncp,12,327,6,11,-58.16434659,-32.23117749,-58.16434659,-32.23117749,automatic,,,yes,yes,no,"Salsipuedes ª, Colón",no_ign_match,,,,,,missing_address_point,missing_address_point
245,219,detail,Calle Padre Mujica s/N° - Artalaz,341,2,1,gru+manz+parc,3,0100010063410002--001--,derived_from_source_gru_manz_parc,gru_manz_parc,1,high,unique_match_by_gru_manz_parc,36034,0100010063410002--001--,0100010063410002--001--,matches_source_ncp,6,341,2,1,-58.16208768,-32.21602414,-58.16208768,-32.21602414,automatic,,,yes,yes,no,"Calle Padre Mujica °, Colón",no_ign_match,,,,,,missing_address_point,missing_address_point
246,220,detail,"San Martín N° 231, 235",,173,8,manz+parc,2,0100010000000173--008--,derived_from_source_manz_parc,manz_parc,1,medium,unique_match_by_manz_parc,30096,0100010000000173--008--,0100010000000173--008--,matches_source_ncp,0,0,173,8,-58.13851181,-32.21985787,-58.13851181,-32.21985787,automatic,,,yes,yes,yes,"San Martín 231, Colón",matched_ign,"AV SAN MARTIN 231, Colón, Entre Ríos",-58.13830802,-32.22014127,36.89,36.89,verified_close,verified_close
247,228,detail,Paso de los Andes s/N° 1235,,327,3,manz+parc,2,0100011010350327--003--,derived_from_source_manz_parc,manz_parc,1,medium,unique_match_by_manz_parc,33102,0100011010350327--003--,0100011010350327--003--,matches_source_ncp,101,35,327,3,-58.16094462,-32.22598599,-58.16094462,-32.22598599,automatic,,,yes,yes,yes,"Paso de los Andes ° 1235, Colón",matched_ign,"PASO DE LOS ANDES 1235, Colón, Entre Ríos",-58.15863580,-32.22851188,355.04,355.04,review_medium_gap,review_medium_gap
248,229,detail,Florentina Gomez Miranda N° 128,,341,11,manz+parc,2,0100010000000341--011--,derived_from_source_manz_parc,manz_parc,1,medium,unique_match_by_manz_parc,37299,0100010000000341--011--,0100010000000341--011--,matches_source_ncp,0,0,341,11,-58.15211287,-32.23361155,-58.15211287,-32.23361155,automatic,,,yes,yes,no,"Florentina Gomez Miranda 128, Colón",no_ign_match,,,,,,missing_address_point,missing_address_point
249,233,detail,Calle Artalaz sN°,50,,2,gru+parc,2,,ambiguous_source_components,gru_parc,2,low,ambiguous_match_by_gru_parc,25147,0100010030500000--002--,0100010030500000--002--,matches_source_ncp,3,50,0,2,-58.23728331,-32.24147538,-58.23728331,-32.24147538,automatic,,,yes,yes,no,"Calle Artalaz °, Colón",no_ign_match,,,,,,missing_address_point,missing_address_point
250,230,detail,"Reybel Nº 138, 140 y 142",,195,17,manz+parc,2,0100010000000195--017--,derived_from_source_manz_parc,manz_parc,1,medium,unique_match_by_manz_parc,33614,0100010000000195--017--,0100010000000195--017--,matches_source_ncp,0,0,195,17,-58.13346284,-32.22227743,-58.13346284,-32.22227743,automatic,,,yes,yes,no,"Reybel 138, 140 y 142, Colón",no_ign_match,,,,,,missing_address_point,missing_address_point
251,231,detail,Calle Colibrí s/N°,289,,14,gru+parc,2,0100010112890000--014--,derived_from_source_gru_parc,gru_parc,1,medium,unique_match_by_gru_parc,35582,0100010112890000--014--,0100010112890000--014--,matches_source_ncp,11,289,0,14,-58.17280848,-32.24105196,-58.17280848,-32.24105196,automatic,,,yes,yes,no,"Calle Colibrí °, Colón",no_ign_match,,,,,,missing_address_point,missing_address_point
252,27,detail,Bvard. Ferrari N°,,56,19,manz+parc,2,,no_unique_parcel_inference,none,0,low,no_cadastral_match,,,,missing_components,,,,,,,,,automatic,,,yes,yes,no,"Boulevard Ferrari, Colón",no_ign_match,,,,,,missing_both_points,missing_both_points
253,232,detail,Calle Pública s/N°,223,5,3,gru+manz+parc,3,0100010162230005--003--,derived_from_source_gru_manz_parc,gru_manz_parc,1,high,unique_match_by_gru_manz_parc,34083,0100010162230005--003--,0100010162230005--003--,matches_source_ncp,16,223,5,3,-58.18185035,-32.25726821,-58.18185035,-32.25726821,automatic,,,yes,yes,no,"Calle Pública °, Colón",no_ign_match,,,,,,missing_address_point,missing_address_point
254,234,detail,Juana Azurduy N°,331,2,11,gru+manz+parc,3,0100010063310002--011--,derived_from_source_gru_manz_parc,gru_manz_parc,1,high,unique_match_by_gru_manz_parc,34572,0100010063310002--011--,0100010063310002--011--,matches_source_ncp,6,331,2,11,-58.16897955,-32.21013862,-58.16897955,-32.21013862,automatic,,,yes,yes,no,"Juana Azurduy, Colón",no_ign_match,,,,,,missing_address_point,missing_address_point
255,236,detail,Benteveo esq Calle Fresno,247,6,3,gru+manz+parc,3,0100010112470006--003--,derived_from_source_gru_manz_parc,gru_manz_parc,1,high,unique_match_by_gru_manz_parc,37291,0100010112470006--003--,0100010112470006--003--,matches_source_ncp,11,247,6,3,-58.18201287,-32.24542181,-58.18201287,-32.24542181,automatic,,,yes,yes,no,"Benteveo esq Calle Fresno, Colón",no_ign_match,,,,,,missing_address_point,missing_address_point
256,235,detail,Calle Privada s/Nº - Los Bretes,3,3,23,gru+manz+parc,3,0100010170030003--023--,derived_from_source_gru_manz_parc,gru_manz_parc,1,high,unique_match_by_gru_manz_parc,37379,0100010170030003--023--,0100010170030003--023--,matches_source_ncp,17,3,3,23,-58.13164533,-32.24312310,-58.13164533,-32.24312310,automatic,,,yes,yes,no,"Calle Privada º, Colón",no_ign_match,,,,,,missing_address_point,missing_address_point
257,237,detail,Ruta Nac. N° 135,160,,,gru,1,,no_unique_parcel_inference,none,0,low,no_cadastral_match,,,,missing_components,,,,,,,,,automatic,,,yes,yes,no,"Ruta Nac. 135, Colón",no_ign_match,,,,,,missing_both_points,missing_both_points
258,238,detail,Gouchón N° 468,,98,25,manz+parc,2,0100010000000098--025--,derived_from_source_manz_parc,manz_parc,1,medium,unique_match_by_manz_parc,33953,0100010000000098--025--,0100010000000098--025--,matches_source_ncp,0,0,98,25,-58.14398736,-32.22143842,-58.14398736,-32.22143842,automatic,,,yes,yes,no,"Gouchón 468, Colón",no_ign_match,,,,,,missing_address_point,missing_address_point
259,242,detail,Paso de los Andes N° 522,,93,18,manz+parc,2,0100010000000093--018--,derived_from_source_manz_parc,manz_parc,1,medium,unique_match_by_manz_parc,30024,0100010000000093--018--,0100010000000093--018--,matches_source_ncp,0,0,93,18,-58.14662046,-32.22015031,-58.14662046,-32.22015031,automatic,,,yes,yes,no,"Paso de los Andes 522, Colón",no_ign_match,,,,,,missing_address_point,missing_address_point
260,240,detail,Salsipuedes N°,327,8,9,gru+manz+parc,3,0100010123270008--009--,derived_from_source_gru_manz_parc,gru_manz_parc,1,high,unique_match_by_gru_manz_parc,37303,0100010123270008--009--,0100010123270008--009--,matches_source_ncp,12,327,8,9,-58.16422137,-32.23021862,-58.16422137,-32.23021862,automatic,,,yes,yes,no,"Salsipuedes, Colón",no_ign_match,,,,,,missing_address_point,missing_address_point
261,247,detail,Elías s/N°,111,16,3,gru+manz+parc,3,0100010151110016--003--,derived_from_source_gru_manz_parc,gru_manz_parc,1,high,unique_match_by_gru_manz_parc,36330,0100010151110016--003--,0100010151110016--003--,matches_source_ncp,15,111,16,3,-58.20480959,-32.27059427,-58.20480959,-32.27059427,automatic,,,yes,yes,no,"Elías °, Colón",no_ign_match,,,,,,missing_address_point,missing_address_point
262,239,detail,"Sourigues N° 126, 130, 132, 136",,99,2,manz+parc,2,0100010000000099--002--,derived_from_source_manz_parc,manz_parc,1,medium,unique_match_by_manz_parc,29408,0100010000000099--002--,0100010000000099--002--,matches_source_ncp,0,0,99,2,-58.14339307,-32.22170018,-58.14339307,-32.22170018,automatic,,,yes,yes,yes,"Sourigues 126, Colón",matched_ign,"SOURIGUES 126, Colón, Entre Ríos",-58.14314568,-32.22168504,23.33,23.33,verified_close,verified_close
263,241,detail,Belgrano N° 75,,212,15,manz+parc,2,0100010000000212--015--,derived_from_source_manz_parc,manz_parc,1,medium,unique_match_by_manz_parc,30712,0100010000000212--015--,0100010000000212--015--,matches_source_ncp,0,0,212,15,-58.13632543,-32.21797488,-58.13632543,-32.21797488,automatic,,,yes,yes,yes,"Belgrano 75, Colón",matched_ign,"GRL BELGRANO 75, Colón, Entre Ríos",-58.13648062,-32.21818721,27.76,27.76,verified_close,verified_close
264,243,detail,Avda. Fresno s/N°,247,3,7,gru+manz+parc,3,0100010112470003--007--,derived_from_source_gru_manz_parc,gru_manz_parc,1,high,unique_match_by_gru_manz_parc,37054,0100010112470003--007--,0100010112470003--007--,matches_source_ncp,11,247,3,7,-58.18290728,-32.24509364,-58.18290728,-32.24509364,automatic,,,yes,yes,no,"Avenida Fresno °, Colón",no_ign_match,,,,,,missing_address_point,missing_address_point
265,244,detail,Calle Pública s/N°,73,0,5,gru+manz+parc,3,0100010030730000--005--,derived_from_source_gru_manz_parc,gru_manz_parc,1,high,unique_match_by_gru_manz_parc,34584,0100010030730000--005--,0100010030730000--005--,matches_source_ncp,3,73,0,5,-58.23421660,-32.24090376,-58.23421660,-32.24090376,automatic,,,yes,yes,no,"Calle Pública °, Colón",no_ign_match,,,,,,missing_address_point,missing_address_point
266,246,detail,Calle Privada s/Nº - Los Bretes,3,6,7,gru+manz+parc,3,0100010170030006--007--,derived_from_source_gru_manz_parc,gru_manz_parc,1,high,unique_match_by_gru_manz_parc,33398,0100010170030006--007--,0100010170030006--007--,matches_source_ncp,17,3,6,7,-58.13269339,-32.24502884,-58.13269339,-32.24502884,automatic,,,yes,yes,no,"Calle Privada º, Colón",no_ign_match,,,,,,missing_address_point,missing_address_point
267,245,detail,Calle Privada s/Nº - Los Bretes,3,6,9,gru+manz+parc,3,0100010170030006--009--,derived_from_source_gru_manz_parc,gru_manz_parc,1,high,unique_match_by_gru_manz_parc,33757,0100010170030006--009--,0100010170030006--009--,matches_source_ncp,17,3,6,9,-58.13289348,-32.24508894,-58.13289348,-32.24508894,automatic,,,yes,yes,no,"Calle Privada º, Colón",no_ign_match,,,,,,missing_address_point,missing_address_point
268,248,detail,Calle Pública s/N°,268,1,9,gru+manz+parc,3,0100010112680001--009--,derived_from_source_gru_manz_parc,gru_manz_parc,1,high,unique_match_by_gru_manz_parc,35719,0100010112680001--009--,0100010112680001--009--,matches_source_ncp,11,268,1,9,-58.17485880,-32.24088998,-58.17485880,-32.24088998,automatic,,,yes,yes,no,"Calle Pública °, Colón",no_ign_match,,,,,,missing_address_point,missing_address_point
269,249,detail,Calle Pública s/N°,266,,7,gru+parc,2,0100010162660000--007--,derived_from_source_gru_parc,gru_parc,1,medium,unique_match_by_gru_parc,33245,0100010162660000--007--,0100010162660000--007--,matches_source_ncp,16,266,0,7,-58.17373591,-32.25171804,-58.17373591,-32.25171804,automatic,,,yes,yes,no,"Calle Pública °, Colón",no_ign_match,,,,,,missing_address_point,missing_address_point
270,250,detail,Primera Junta y Bolívar,,48,1,manz+parc,2,,ambiguous_source_components,manz_parc,2,low,ambiguous_match_by_manz_parc,24541,0100011030000048--001--,0100011030000048--001--,matches_source_ncp,103,0,48,1,-58.23016946,-32.29444414,-58.23016946,-32.29444414,automatic,,,yes,yes,no,"Primera Junta y Bolívar, Colón",no_ign_match,,,,,,missing_address_point,missing_address_point
271,251,detail,Tucumán N° 779,,26,24,manz+parc,2,0100010000000026--024--,derived_from_source_manz_parc,manz_parc,1,medium,unique_match_by_manz_parc,37417,0100010000000026--024--,0100010000000026--024--,matches_source_ncp,0,0,26,24,-58.14345594,-32.23017916,-58.14345594,-32.23017916,automatic,,,yes,yes,yes,"Tucumán 779, Colón",matched_ign,"TUCUMAN 779, Colón, Entre Ríos",-58.14328296,-32.23039033,28.57,28.57,verified_close,verified_close
272,253,detail,Ptro. Lantelme N° 181,17,293,8,gru+manz+parc,3,0100011020170293--008--,derived_from_source_gru_manz_parc,gru_manz_parc,1,high,unique_match_by_gru_manz_parc,33539,0100011020170293--008--,0100011020170293--008--,matches_source_ncp,102,17,293,8,-58.15268602,-32.23525511,-58.15268602,-32.23525511,automatic,,,yes,yes,yes,"Lantelme 181, Colón",matched_ign,"LANTELME 181, Colón, Entre Ríos",-58.15238227,-32.23522341,28.79,28.79,verified_close,verified_close
273,252,detail,"L. N. Alem N° 234, 238 y 244 (antes 240)",,167,8,manz+parc,2,0100010000000167--008--,derived_from_source_manz_parc,manz_parc,1,medium,unique_match_by_manz_parc,28538,0100010000000167--008--,0100010000000167--008--,matches_source_ncp,0,0,167,8,-58.13477569,-32.22385405,-58.13477569,-32.22385405,automatic,,,yes,yes,yes,"Alem 234, Colón",matched_ign,"ALEM 234, Colón, Entre Ríos",-58.13501707,-32.22404505,31.09,31.09,verified_close,verified_close
274,254,detail,Salta N° 228,,40,2,manz+parc,2,0100010000000040--002--,derived_from_source_manz_parc,manz_parc,1,medium,unique_match_by_manz_parc,28933,0100010000000040--002--,0100010000000040--002--,matches_source_ncp,0,0,40,2,-58.14876698,-32.22310194,-58.14876698,-32.22310194,automatic,,,yes,yes,yes,"Salta 228, Colón",matched_ign,"SALTA 228, Colón, Entre Ríos",-58.14836510,-32.22294561,41.61,41.61,verified_close,verified_close
275,255,detail,M. M. Lima N° 1097,,410,13,manz+parc,2,0100011010490410--013--,derived_from_source_manz_parc,manz_parc,1,medium,unique_match_by_manz_parc,35234,0100011010490410--013--,0100011010490410--013--,matches_source_ncp,101,49,410,13,-58.15915666,-32.22365111,-58.15915666,-32.22365111,automatic,,,yes,yes,yes,"Lima 1097, Colón",matched_ign,"MARINO LIMA 1097, Colón, Entre Ríos",-58.15912175,-32.22387504,25.12,25.12,verified_close,verified_close
276,256,detail,Paso de los Andes s/Nº,327,6,1,gru+manz+parc,3,0100010123270006--001--,derived_from_source_gru_manz_parc,gru_manz_parc,1,high,unique_match_by_gru_manz_parc,33750,0100010123270006--001--,0100010123270006--001--,matches_source_ncp,12,327,6,1,-58.16428446,-32.23148964,-58.16428446,-32.23148964,automatic,,,yes,yes,no,"Paso de los Andes º, Colón",no_ign_match,,,,,,missing_address_point,missing_address_point
277,257,detail,Avda Gral Urquiza N° 708,,34,2,manz+parc,2,,ambiguous_source_components,manz_parc,2,low,ambiguous_match_by_manz_parc,24501,0100011030000034--002--,0100011030000034--002--,matches_source_ncp,103,0,34,2,-58.23268236,-32.29667640,-58.23268236,-32.29667640,automatic,,,yes,yes,no,"General Urquiza 708, Colón",matched_ign,"GRL URQUIZA 708, Colón, Entre Ríos",-58.14472056,-32.22680671,11347.59,11347.59,review_large_gap,review_large_gap
278,259,detail,Sourigues N°  637,,573,8,manz+parc,2,0100010000000573--008--,derived_from_source_manz_parc,manz_parc,1,medium,unique_match_by_manz_parc,25466,0100010000000573--008--,0100010000000573--008--,matches_source_ncp,0,0,573,8,-58.13753067,-32.23350238,-58.13753067,-32.23350238,automatic,,,yes,yes,yes,"Sourigues 637, Colón",matched_ign,"SOURIGUES 637, Colón, Entre Ríos",-58.15061334,-32.21417039,2476.97,2476.97,review_large_gap,review_large_gap
279,258,detail,Reibel N° 248,,167,11,manz+parc,2,0100010000000167--011--,derived_from_source_manz_parc,manz_parc,1,medium,unique_match_by_manz_parc,28635,0100010000000167--011--,0100010000000167--011--,matches_source_ncp,0,0,167,11,-58.13524297,-32.22356188,-58.13524297,-32.22356188,automatic,,,yes,yes,yes,"Reibel 248, Colón",matched_ign,"MARTIN REIBEL 248, Colón, Entre Ríos",-58.13549379,-32.22353133,23.84,23.84,verified_close,verified_close
280,261,detail,Juventud Unida Nº 642,86,548,3,gru+manz+parc,3,0100011010860548--003--,derived_from_source_gru_manz_parc,gru_manz_parc,1,high,unique_match_by_gru_manz_parc,34864,0100011010860548--003--,0100011010860548--003--,matches_source_ncp,101,86,548,3,-58.15582910,-32.21792043,-58.15582910,-32.21792043,automatic,,,yes,yes,no,"Juventud Unida 642, Colón",no_ign_match,,,,,,missing_address_point,missing_address_point
281,260,detail,Los Cardos esq Calle Pública,271,2,1,gru+manz+parc,3,0100010112710002--001--,derived_from_source_gru_manz_parc,gru_manz_parc,1,high,unique_match_by_gru_manz_parc,37345,0100010112710002--001--,0100010112710002--001--,matches_source_ncp,11,271,2,1,-58.18140084,-32.22789543,-58.18140084,-32.22789543,automatic,,,yes,yes,no,"Los Cardos esq Calle Pública, Colón",no_ign_match,,,,,,missing_address_point,missing_address_point
282,262,detail,F. Creppy N° 199,,39,14,manz+parc,2,0100010000000039--014--,derived_from_source_manz_parc,manz_parc,1,medium,unique_match_by_manz_parc,28546,0100010000000039--014--,0100010000000039--014--,matches_source_ncp,0,0,39,14,-58.14861508,-32.22396301,-58.14861508,-32.22396301,automatic,,,yes,yes,yes,"Creppy 199, Colón",matched_ign,"FRANCISCO CREPPY 199, Colón, Entre Ríos",-58.14880399,-32.22395590,17.79,17.79,verified_close,verified_close
283,265,detail,"Gouchón Nº 894, Celia Pellenc N° 114",,509,8,manz+parc,2,0100010000000509--008--,derived_from_source_manz_parc,manz_parc,1,medium,unique_match_by_manz_parc,27814,0100010000000509--008--,0100010000000509--008--,matches_source_ncp,0,0,509,8,-58.15043692,-32.22649445,-58.15043692,-32.22649445,automatic,,,yes,yes,yes,"Gouchón 894, Colón",matched_ign,"EMILIO GOUCHON 894, Colón, Entre Ríos",-58.15061197,-32.22644576,17.33,17.33,verified_close,verified_close
284,263,detail,Calle Privada s/N° - Los Bretes,3,3,3,gru+manz+parc,3,,ambiguous_source_components,manz_parc,20,low,ambiguous_match_by_manz_parc,33265,0100010162230003--003--,0100010162230003--003--,matches_source_ncp,16,223,3,3,-58.18338800,-32.25673391,-58.18338800,-32.25673391,automatic,,,yes,yes,no,"Calle Privada °, Colón",no_ign_match,,,,,,missing_address_point,missing_address_point
285,269,detail,Calle Pública s/N°,247,5,4,gru+manz+parc,3,0100010112470005--004--,derived_from_source_gru_manz_parc,gru_manz_parc,1,high,unique_match_by_gru_manz_parc,37410,0100010112470005--004--,0100010112470005--004--,matches_source_ncp,11,247,5,4,-58.18297464,-32.24633793,-58.18297464,-32.24633793,automatic,,,yes,yes,no,"Calle Pública °, Colón",no_ign_match,,,,,,missing_address_point,missing_address_point
286,264,detail,"Ruta Prov 135, esq Calle Pública",137,1,2,gru+manz+parc,3,0100010101370001--002--,derived_from_source_gru_manz_parc,gru_manz_parc,1,high,unique_match_by_gru_manz_parc,34631,0100010101370001--002--,0100010101370001--002--,matches_source_ncp,10,137,1,2,-58.21065052,-32.25254065,-58.21065052,-32.25254065,automatic,,,yes,yes,no,"Ruta Prov 135, esq Calle Pública, Colón",no_ign_match,,,,,,missing_address_point,missing_address_point
287,266,detail,Calle Público esq Calle Pùiblica,227,4,1,gru+manz+parc,3,0100010112270004--001--,derived_from_source_gru_manz_parc,gru_manz_parc,1,high,unique_match_by_gru_manz_parc,33477,0100010112270004--001--,0100010112270004--001--,matches_source_ncp,11,227,4,1,-58.18944209,-32.23915446,-58.18944209,-32.23915446,automatic,,,yes,yes,no,"Calle Público esq Calle Pùiblica, Colón",no_ign_match,,,,,,missing_address_point,missing_address_point
288,268,detail,Bvard. González N° 286,,2,10,manz+parc,2,,ambiguous_source_components,manz_parc,14,low,ambiguous_match_by_manz_parc,25844,0100010000000002--010--,0100010000000002--010--,matches_source_ncp,0,0,2,10,-58.14382817,-32.23149825,-58.14382817,-32.23149825,automatic,,,yes,yes,no,"González 286, Colón",matched_ign,"GONZALEZ 286, Colón, Entre Ríos",-58.14403167,-32.23181259,39.85,39.85,verified_close,verified_close
289,272,detail,Rocamora N° 217,,752,5,manz+parc,2,0100010000000752--005--,derived_from_source_manz_parc,manz_parc,1,medium,unique_match_by_manz_parc,31477,0100010000000752--005--,0100010000000752--005--,matches_source_ncp,0,0,752,5,-58.14348280,-32.21458316,-58.14348280,-32.21458316,automatic,,,yes,yes,yes,"Rocamora 217, Colón",matched_ign,"TOMAS DE ROCAMORA 217, Colón, Entre Ríos",-58.14314175,-32.21484196,43.10,43.10,verified_close,verified_close
290,267,detail,Hernández N° 573,,644,8,manz+parc,2,0100011021110644--008--,derived_from_source_manz_parc,manz_parc,1,medium,unique_match_by_manz_parc,36206,0100011021110644--008--,0100011021110644--008--,matches_source_ncp,102,111,644,8,-58.13414639,-32.23194584,-58.13414639,-32.23194584,automatic,,,yes,yes,yes,"Hernández 573, Colón",matched_ign,"JOSE HERNANDEZ 573, Colón, Entre Ríos",-58.13441866,-32.23190270,26.05,26.05,verified_close,verified_close
291,277,detail,Hernandez N° 303 esq Mitre N° 504,,83,1,manz+parc,2,0100010000000083--001--,derived_from_source_manz_parc,manz_parc,1,medium,unique_match_by_manz_parc,27054,0100010000000083--001--,0100010000000083--001--,matches_source_ncp,0,0,83,1,-58.13839145,-32.22820316,-58.13839145,-32.22820316,automatic,,,yes,yes,yes,"Hernandez 303, Colón",matched_ign,"JOSE HERNANDEZ 303, Colón, Entre Ríos",-58.13829184,-32.22805467,18.98,18.98,verified_close,verified_close
292,270,detail,Chacabuco N° 1115,,376,8,manz+parc,2,0100010000000376--008--,derived_from_source_manz_parc,manz_parc,1,medium,unique_match_by_manz_parc,27129,0100010000000376--008--,0100010000000376--008--,matches_source_ncp,0,0,376,8,-58.15529895,-32.22831530,-58.15529895,-32.22831530,automatic,,,yes,yes,yes,"Chacabuco 1115, Colón",matched_ign,"CHACABUCO 1115, Colón, Entre Ríos",-58.15509994,-32.22847063,25.47,25.47,verified_close,verified_close
293,273,detail,Sarmiento Nº 561,,755,10,manz+parc,2,0100010000000755--010--,derived_from_source_manz_parc,manz_parc,1,medium,unique_match_by_manz_parc,31688,0100010000000755--010--,0100010000000755--010--,matches_source_ncp,0,0,755,10,-58.14594880,-32.21266449,-58.14594880,-32.21266449,automatic,,,yes,yes,yes,"Sarmiento 561, Colón",matched_ign,"SARMIENTO 561, Colón, Entre Ríos",-58.14607131,-32.21288796,27.39,27.39,verified_close,verified_close
294,271,detail,Avda Urquiza N° 319,,143,8,manz+parc,2,0100010000000143--008--,derived_from_source_manz_parc,manz_parc,1,medium,unique_match_by_manz_parc,29165,0100010000000143--008--,0100010000000143--008--,matches_source_ncp,0,0,143,8,-58.13883955,-32.22222719,-58.13883955,-32.22222719,automatic,,,yes,yes,yes,"Urquiza 319, Colón",matched_ign,"GRL URQUIZA 319, Colón, Entre Ríos",-58.13860799,-32.22240021,29.06,29.06,verified_close,verified_close
295,278,detail,"Alte Brown N° 107, 111, 115 esq Moreno Nº 54",,215,1,manz+parc,2,0100010000000215--001--,derived_from_source_manz_parc,manz_parc,1,medium,unique_match_by_manz_parc,30055,0100010000000215--001--,0100010000000215--001--,matches_source_ncp,0,0,215,1,-58.13354187,-32.21987703,-58.13354187,-32.21987703,automatic,,,yes,yes,yes,"Alte Brown 107, Colón",matched_ign,"ALMTE BROWN 107, Colón, Entre Ríos",-58.13347639,-32.21975445,14.96,14.96,verified_close,verified_close
296,275,detail,Hornero s/N°,308,,12,gru+parc,2,0100010113080000--012--,derived_from_source_gru_parc,gru_parc,1,medium,unique_match_by_gru_parc,35359,0100010113080000--012--,0100010113080000--012--,matches_source_ncp,11,308,0,12,-58.16323740,-32.24060270,-58.16323740,-32.24060270,automatic,,,yes,yes,no,"Hornero °, Colón",no_ign_match,,,,,,missing_address_point,missing_address_point
297,546001,detail,Calle Privada s/N° - Los Bretes,3,4,18,gru+manz+parc,3,0100010170030004--018--,derived_from_source_gru_manz_parc,gru_manz_parc,1,high,unique_match_by_gru_manz_parc,34272,0100010170030004--018--,0100010170030004--018--,matches_source_ncp,17,3,4,18,-58.13138402,-32.24392003,-58.13138402,-32.24392003,automatic,,,yes,yes,no,"Calle Privada °, Colón",no_ign_match,,,,,,missing_address_point,missing_address_point
298,274,detail,Bvard Güemes N° 142 esq Noailles,,87,17,manz+parc,2,0100010000000087--017--,derived_from_source_manz_parc,manz_parc,1,medium,unique_match_by_manz_parc,35621,0100010000000087--017--,0100010000000087--017--,matches_source_ncp,0,0,87,17,-58.14100955,-32.22599058,-58.14100955,-32.22599058,automatic,,,yes,yes,yes,"Güemes 142, Colón",matched_ign,"AV MARTIN M DE GUEMES 142, Colón, Entre Ríos",-58.14120272,-32.22623651,32.83,32.83,verified_close,verified_close
299,281,detail,Paso de los Andes N°,327,5,15,gru+manz+parc,3,0100010123270005--015--,derived_from_source_gru_manz_parc,gru_manz_parc,1,high,unique_match_by_gru_manz_parc,37362,0100010123270005--015--,0100010123270005--015--,matches_source_ncp,12,327,5,15,-58.16369878,-32.23085113,-58.16369878,-32.23085113,automatic,,,yes,yes,no,"Paso de los Andes, Colón",no_ign_match,,,,,,missing_address_point,missing_address_point
300,279,detail,Avda Paysandú N° 799,,545,11,manz+parc,2,0100010000000545--011--,derived_from_source_manz_parc,manz_parc,1,medium,unique_match_by_manz_parc,29899,0100010000000545--011--,0100010000000545--011--,matches_source_ncp,0,0,545,11,-58.15341321,-32.22065344,-58.15341321,-32.22065344,automatic,,,yes,yes,yes,"Avenida Paysandú 799, Colón",matched_ign,"AV PAYSANDU 799, Colón, Entre Ríos",-58.15333088,-32.22090716,29.26,29.26,verified_close,verified_close
301,280,detail,Bernard N° 679,,574,6,manz+parc,2,0100010000000574--006--,derived_from_source_manz_parc,manz_parc,1,medium,unique_match_by_manz_parc,25580,0100010000000574--006--,0100010000000574--006--,matches_source_ncp,0,0,574,6,-58.13814734,-32.23257475,-58.13814734,-32.23257475,automatic,,,yes,yes,yes,"Bernard 679, Colón",matched_ign,"J BERNARD 679, Colón, Entre Ríos",-58.14063458,-32.23478153,339.03,339.03,review_medium_gap,review_medium_gap
302,280,detail_unassigned,Domingo Antonini s/N°,,280,1,manz+parc,2,0100010000000280--001--,derived_from_source_manz_parc,manz_parc,1,medium,unique_match_by_manz_parc,25653,0100010000000280--001--,0100010000000280--001--,matches_source_ncp,0,0,280,1,-58.15748173,-32.23280659,-58.15748173,-32.23280659,automatic,,,yes,yes,no,"Domingo Antonini °, Colón",no_ign_match,,,,,,missing_address_point,missing_address_point
303,288,detail,San Martín N°,,345,6,manz+parc,2,0100010000000345--006--,derived_from_source_manz_parc,manz_parc,1,medium,unique_match_by_manz_parc,25975,0100010000000345--006--,0100010000000345--006--,matches_source_ncp,0,0,345,6,-58.15432629,-32.23125378,-58.15432629,-32.23125378,automatic,,,yes,yes,no,"San Martín, Colón",no_ign_match,,,,,,missing_address_point,missing_address_point
304,287,detail,Ruta N° 130 ex 26 s/N°,354,2,5,gru+manz+parc,3,0100010063540002--005--,derived_from_source_gru_manz_parc,gru_manz_parc,1,high,unique_match_by_gru_manz_parc,34771,0100010063540002--005--,0100010063540002--005--,matches_source_ncp,6,354,2,5,-58.15731930,-32.20941854,-58.15731930,-32.20941854,automatic,,,yes,yes,no,"Ruta 130 ex 26 °, Colón",no_ign_match,,,,,,missing_address_point,missing_address_point
305,282,detail,Noailles N° 332,,,140,parc,1,,no_unique_parcel_inference,none,0,low,no_cadastral_match,,,,missing_components,,,,,,,,,automatic,,,yes,yes,no,"Noailles 332, Colón",matched_ign,"GRL NOAILLES 332, Colón, Entre Ríos",-58.13761427,-32.22382284,,,missing_cadastral_point,missing_cadastral_point
306,283,detail,Bolívar N° 396 esq 9 de Julio,,128,18,manz+parc,2,0100010000000128--018--,derived_from_source_manz_parc,manz_parc,1,medium,unique_match_by_manz_parc,29496,0100010000000128--018--,0100010000000128--018--,matches_source_ncp,0,0,128,18,-58.14164613,-32.22149059,-58.14164613,-32.22149059,automatic,,,yes,yes,yes,"Bolívar 396, Colón",matched_ign,"BOLIVAR 396, Colón, Entre Ríos",-58.14187973,-32.22141774,23.42,23.42,verified_close,verified_close
307,284,detail,9 de Julio Nº 398,,668,1,manz+parc,2,0100010000000668--001--,derived_from_source_manz_parc,manz_parc,1,medium,unique_match_by_manz_parc,30914,0100010000000668--001--,0100010000000668--001--,matches_source_ncp,0,0,668,1,-58.14630605,-32.21728698,-58.14630605,-32.21728698,automatic,,,yes,yes,yes,"9 de Julio 398, Colón",matched_ign,"9 DE JULIO 398, Colón, Entre Ríos",-58.14627698,-32.21711312,19.53,19.53,verified_close,verified_close
308,285,detail,Batalla de Cepeda N° 327,,715,1,manz+parc,2,0100010000000715--001--,derived_from_source_manz_parc,manz_parc,1,medium,unique_match_by_manz_parc,31775,0100010000000715--001--,0100010000000715--001--,matches_source_ncp,0,0,715,1,-58.14915568,-32.21174628,-58.14915568,-32.21174628,automatic,,,yes,yes,yes,"Batalla de Cepeda 327, Colón",matched_ign,"BATALLA DE CEPEDA 327, Colón, Entre Ríos",-58.14869537,-32.21252860,97.17,97.17,verified_nearby,verified_nearby
309,286,detail,Bvard Sanguinetti N° 512,,507,5,manz+parc,2,0100010000000507--005--,derived_from_source_manz_parc,manz_parc,1,medium,unique_match_by_manz_parc,27217,0100010000000507--005--,0100010000000507--005--,matches_source_ncp,0,0,507,5,-58.14798426,-32.22804086,-58.14798426,-32.22804086,automatic,,,yes,yes,yes,"Sanguinetti 512, Colón",matched_ign,"INT SANGUINETTI 512, Colón, Entre Ríos",-58.15505782,-32.22059279,1062.37,1062.37,review_large_gap,review_large_gap
